# family=random seed=2
500 24748
0 3
0 4
0 12
0 21
0 22
0 30
0 32
0 36
0 46
0 66
0 82
0 86
0 88
0 93
0 101
0 103
0 105
0 107
0 109
0 112
0 113
0 116
0 118
0 119
0 123
0 125
0 137
0 140
0 144
0 149
0 151
0 152
0 153
0 154
0 155
0 171
0 172
0 174
0 177
0 178
0 192
0 195
0 196
0 205
0 207
0 211
0 217
0 221
0 223
0 229
0 230
0 231
0 236
0 260
0 263
0 265
0 266
0 270
0 277
0 281
0 292
0 294
0 297
0 317
0 323
0 329
0 332
0 335
0 337
0 345
0 346
0 356
0 357
0 359
0 366
0 367
0 371
0 384
0 392
0 405
0 410
0 412
0 421
0 423
0 450
0 455
0 457
0 458
0 471
0 474
0 475
0 487
0 488
0 492
1 16
1 17
1 19
1 23
1 26
1 27
1 29
1 30
1 32
1 35
1 40
1 42
1 43
1 49
1 51
1 52
1 53
1 55
1 64
1 65
1 85
1 88
1 95
1 100
1 101
1 102
1 105
1 122
1 141
1 143
1 147
1 159
1 161
1 170
1 172
1 173
1 176
1 183
1 195
1 197
1 209
1 212
1 216
1 224
1 226
1 227
1 233
1 235
1 238
1 247
1 256
1 259
1 264
1 270
1 271
1 278
1 284
1 286
1 288
1 289
1 294
1 299
1 311
1 313
1 315
1 330
1 354
1 367
1 384
1 386
1 391
1 394
1 399
1 400
1 401
1 404
1 414
1 426
1 436
1 440
1 441
1 447
1 450
1 451
1 453
1 454
1 457
1 462
1 464
1 469
1 470
1 472
1 477
1 481
1 484
1 485
1 488
1 495
1 497
1 498
1 499
2 12
2 14
2 15
2 20
2 26
2 29
2 34
2 39
2 45
2 46
2 55
2 58
2 67
2 70
2 80
2 90
2 94
2 95
2 96
2 99
2 103
2 104
2 108
2 121
2 128
2 129
2 133
2 138
2 148
2 149
2 151
2 157
2 173
2 177
2 179
2 185
2 186
2 192
2 198
2 202
2 208
2 218
2 219
2 225
2 226
2 228
2 232
2 242
2 249
2 251
2 259
2 262
2 264
2 267
2 275
2 277
2 287
2 292
2 296
2 297
2 304
2 308
2 310
2 311
2 318
2 319
2 320
2 327
2 331
2 341
2 343
2 344
2 345
2 355
2 360
2 361
2 388
2 392
2 400
2 410
2 412
2 418
2 421
2 425
2 427
2 438
2 444
2 447
2 448
2 450
2 452
2 453
2 463
2 468
2 472
2 473
2 491
3 8
3 9
3 13
3 18
3 37
3 41
3 48
3 55
3 58
3 72
3 73
3 74
3 81
3 82
3 84
3 92
3 94
3 116
3 117
3 118
3 123
3 125
3 140
3 143
3 148
3 153
3 170
3 177
3 191
3 193
3 194
3 198
3 199
3 201
3 210
3 218
3 223
3 231
3 233
3 240
3 241
3 245
3 251
3 271
3 275
3 279
3 282
3 284
3 287
3 288
3 291
3 292
3 294
3 299
3 311
3 318
3 327
3 339
3 340
3 343
3 344
3 352
3 354
3 355
3 358
3 361
3 362
3 364
3 367
3 375
3 378
3 383
3 391
3 395
3 399
3 403
3 412
3 417
3 427
3 428
3 429
3 432
3 445
3 452
3 453
3 467
3 483
3 494
4 5
4 10
4 16
4 37
4 42
4 51
4 53
4 60
4 61
4 65
4 66
4 83
4 86
4 92
4 97
4 101
4 110
4 115
4 129
4 139
4 141
4 153
4 162
4 175
4 180
4 184
4 187
4 191
4 192
4 195
4 197
4 205
4 211
4 216
4 221
4 223
4 224
4 228
4 230
4 232
4 235
4 237
4 238
4 243
4 245
4 246
4 249
4 256
4 261
4 263
4 267
4 272
4 279
4 283
4 306
4 310
4 338
4 341
4 345
4 351
4 361
4 363
4 372
4 375
4 401
4 403
4 408
4 410
4 413
4 420
4 422
4 430
4 438
4 453
4 454
4 458
4 459
4 460
4 462
4 464
4 483
4 485
4 487
4 489
4 494
5 8
5 32
5 35
5 40
5 51
5 55
5 56
5 62
5 64
5 71
5 75
5 77
5 85
5 90
5 95
5 99
5 113
5 117
5 123
5 124
5 129
5 134
5 136
5 142
5 147
5 148
5 149
5 162
5 165
5 169
5 171
5 175
5 187
5 188
5 193
5 199
5 201
5 211
5 213
5 216
5 217
5 218
5 223
5 236
5 243
5 245
5 247
5 261
5 269
5 271
5 273
5 293
5 294
5 297
5 299
5 300
5 302
5 313
5 320
5 322
5 325
5 331
5 332
5 333
5 335
5 341
5 343
5 345
5 346
5 349
5 350
5 355
5 362
5 369
5 370
5 372
5 384
5 394
5 405
5 414
5 415
5 417
5 422
5 426
5 430
5 432
5 433
5 439
5 440
5 453
5 458
5 461
5 462
5 463
5 464
5 480
5 485
5 490
5 495
6 8
6 22
6 42
6 45
6 46
6 67
6 70
6 75
6 77
6 82
6 90
6 96
6 104
6 108
6 122
6 127
6 137
6 139
6 140
6 141
6 153
6 154
6 169
6 173
6 177
6 181
6 183
6 186
6 187
6 209
6 214
6 217
6 219
6 222
6 228
6 230
6 232
6 238
6 242
6 243
6 245
6 254
6 259
6 261
6 265
6 268
6 272
6 276
6 277
6 278
6 279
6 284
6 290
6 293
6 297
6 300
6 304
6 307
6 308
6 316
6 317
6 323
6 325
6 339
6 348
6 349
6 351
6 352
6 354
6 356
6 357
6 362
6 364
6 367
6 368
6 374
6 375
6 377
6 382
6 386
6 390
6 395
6 401
6 420
6 422
6 424
6 428
6 429
6 430
6 438
6 445
6 447
6 450
6 451
6 462
6 463
6 472
6 475
6 478
6 483
6 487
6 493
6 495
7 13
7 15
7 16
7 24
7 27
7 38
7 44
7 53
7 61
7 69
7 80
7 88
7 93
7 97
7 99
7 102
7 132
7 139
7 145
7 151
7 152
7 153
7 155
7 157
7 163
7 171
7 175
7 179
7 193
7 196
7 198
7 201
7 205
7 208
7 215
7 216
7 219
7 221
7 224
7 231
7 239
7 244
7 250
7 254
7 259
7 267
7 274
7 280
7 282
7 285
7 287
7 288
7 292
7 296
7 303
7 324
7 328
7 330
7 331
7 332
7 334
7 338
7 344
7 345
7 346
7 348
7 355
7 360
7 361
7 362
7 365
7 371
7 372
7 377
7 381
7 389
7 398
7 406
7 407
7 413
7 418
7 421
7 432
7 436
7 444
7 450
7 454
7 456
7 459
7 460
7 475
7 487
7 489
7 494
7 499
8 11
8 21
8 26
8 28
8 33
8 40
8 47
8 56
8 58
8 61
8 62
8 66
8 70
8 72
8 76
8 80
8 85
8 88
8 92
8 93
8 104
8 109
8 111
8 119
8 121
8 128
8 130
8 132
8 139
8 149
8 154
8 163
8 164
8 169
8 172
8 183
8 188
8 196
8 198
8 203
8 208
8 212
8 220
8 238
8 240
8 250
8 254
8 255
8 268
8 272
8 274
8 276
8 283
8 284
8 286
8 292
8 294
8 295
8 299
8 305
8 310
8 322
8 323
8 327
8 332
8 333
8 339
8 341
8 342
8 348
8 352
8 355
8 356
8 358
8 360
8 368
8 370
8 375
8 376
8 385
8 395
8 397
8 401
8 403
8 407
8 414
8 415
8 417
8 421
8 443
8 444
8 447
8 448
8 454
8 459
8 464
8 473
8 479
8 481
8 486
8 487
8 489
9 11
9 12
9 13
9 19
9 20
9 27
9 29
9 38
9 40
9 41
9 45
9 48
9 53
9 57
9 60
9 63
9 73
9 77
9 83
9 88
9 91
9 94
9 99
9 112
9 114
9 121
9 130
9 131
9 133
9 137
9 139
9 143
9 146
9 147
9 150
9 151
9 152
9 155
9 157
9 159
9 164
9 172
9 176
9 180
9 185
9 191
9 200
9 204
9 208
9 211
9 218
9 220
9 222
9 234
9 253
9 260
9 262
9 267
9 268
9 273
9 297
9 304
9 305
9 325
9 329
9 334
9 337
9 344
9 349
9 351
9 352
9 373
9 376
9 377
9 380
9 381
9 384
9 386
9 397
9 399
9 400
9 403
9 409
9 417
9 419
9 428
9 429
9 436
9 446
9 447
9 465
9 467
9 472
9 480
9 488
9 496
10 20
10 23
10 28
10 37
10 39
10 44
10 46
10 48
10 53
10 55
10 57
10 66
10 67
10 69
10 70
10 71
10 73
10 75
10 76
10 95
10 100
10 101
10 107
10 111
10 119
10 131
10 141
10 145
10 146
10 148
10 150
10 155
10 162
10 163
10 164
10 169
10 181
10 188
10 189
10 192
10 201
10 202
10 206
10 208
10 210
10 211
10 215
10 218
10 224
10 225
10 228
10 235
10 236
10 244
10 248
10 251
10 260
10 261
10 262
10 263
10 271
10 273
10 286
10 287
10 291
10 292
10 295
10 300
10 301
10 303
10 306
10 307
10 310
10 313
10 321
10 330
10 334
10 335
10 339
10 354
10 356
10 360
10 366
10 379
10 384
10 388
10 390
10 400
10 407
10 410
10 416
10 419
10 439
10 447
10 448
10 449
10 468
10 479
10 481
10 494
10 498
10 499
11 14
11 19
11 36
11 42
11 47
11 66
11 67
11 79
11 85
11 89
11 93
11 94
11 98
11 101
11 102
11 105
11 108
11 112
11 117
11 123
11 125
11 129
11 158
11 161
11 163
11 179
11 183
11 185
11 189
11 190
11 192
11 194
11 196
11 197
11 204
11 207
11 208
11 209
11 211
11 213
11 217
11 219
11 228
11 230
11 232
11 235
11 247
11 249
11 252
11 257
11 269
11 272
11 275
11 279
11 293
11 302
11 307
11 308
11 309
11 312
11 314
11 322
11 323
11 325
11 331
11 332
11 333
11 338
11 340
11 344
11 368
11 397
11 398
11 407
11 408
11 412
11 418
11 421
11 426
11 427
11 434
11 443
11 451
11 455
11 463
11 464
11 465
11 468
11 469
11 474
11 478
11 484
11 485
11 487
11 494
11 495
12 15
12 17
12 28
12 38
12 59
12 75
12 88
12 90
12 96
12 98
12 108
12 111
12 115
12 118
12 121
12 122
12 127
12 136
12 137
12 142
12 147
12 157
12 160
12 163
12 166
12 169
12 171
12 175
12 185
12 188
12 191
12 195
12 200
12 205
12 207
12 208
12 213
12 222
12 223
12 226
12 228
12 233
12 234
12 237
12 241
12 246
12 252
12 265
12 273
12 276
12 279
12 283
12 284
12 287
12 296
12 306
12 307
12 311
12 313
12 325
12 329
12 337
12 345
12 347
12 350
12 356
12 366
12 369
12 377
12 382
12 383
12 390
12 394
12 395
12 400
12 404
12 405
12 406
12 411
12 412
12 413
12 418
12 423
12 427
12 430
12 434
12 450
12 451
12 461
12 467
12 473
12 474
12 478
12 483
12 487
12 491
12 499
13 16
13 21
13 36
13 41
13 49
13 50
13 51
13 56
13 59
13 62
13 65
13 67
13 69
13 70
13 71
13 74
13 76
13 77
13 91
13 92
13 94
13 95
13 97
13 107
13 124
13 130
13 134
13 142
13 145
13 152
13 154
13 157
13 167
13 168
13 185
13 191
13 207
13 215
13 221
13 226
13 234
13 244
13 250
13 251
13 262
13 267
13 275
13 279
13 286
13 287
13 298
13 306
13 316
13 318
13 321
13 328
13 332
13 335
13 346
13 349
13 359
13 368
13 375
13 382
13 387
13 390
13 407
13 410
13 414
13 419
13 424
13 440
13 444
13 445
13 449
13 452
13 453
13 455
13 462
13 471
13 485
13 488
13 489
13 492
13 496
13 499
14 22
14 32
14 37
14 39
14 47
14 48
14 50
14 53
14 57
14 59
14 62
14 65
14 66
14 77
14 78
14 84
14 86
14 90
14 94
14 95
14 98
14 101
14 103
14 108
14 109
14 124
14 127
14 131
14 137
14 138
14 142
14 144
14 155
14 160
14 161
14 162
14 163
14 166
14 169
14 172
14 182
14 187
14 191
14 197
14 209
14 215
14 216
14 219
14 229
14 233
14 234
14 235
14 237
14 239
14 254
14 257
14 259
14 263
14 266
14 272
14 283
14 291
14 292
14 297
14 306
14 310
14 313
14 318
14 320
14 328
14 330
14 331
14 334
14 338
14 339
14 347
14 348
14 357
14 363
14 364
14 365
14 370
14 371
14 379
14 385
14 390
14 392
14 415
14 418
14 419
14 424
14 426
14 448
14 455
14 465
14 467
14 471
14 478
14 481
14 482
14 483
14 489
14 490
14 491
14 494
14 495
14 496
15 19
15 35
15 42
15 43
15 44
15 50
15 61
15 62
15 69
15 70
15 76
15 79
15 85
15 104
15 105
15 107
15 109
15 113
15 124
15 137
15 140
15 148
15 159
15 160
15 167
15 176
15 186
15 189
15 194
15 203
15 206
15 208
15 211
15 213
15 220
15 223
15 233
15 234
15 238
15 241
15 243
15 244
15 245
15 250
15 264
15 272
15 275
15 276
15 277
15 283
15 287
15 292
15 293
15 309
15 310
15 313
15 323
15 329
15 331
15 333
15 335
15 337
15 338
15 343
15 346
15 351
15 358
15 359
15 363
15 365
15 369
15 370
15 385
15 387
15 388
15 394
15 395
15 400
15 402
15 416
15 422
15 423
15 425
15 428
15 433
15 438
15 440
15 441
15 443
15 453
15 455
15 456
15 460
15 462
15 465
15 479
15 481
15 495
15 499
16 20
16 27
16 28
16 29
16 35
16 36
16 37
16 41
16 43
16 46
16 51
16 53
16 63
16 75
16 77
16 80
16 84
16 91
16 97
16 105
16 107
16 109
16 113
16 117
16 118
16 125
16 127
16 138
16 142
16 146
16 147
16 159
16 162
16 171
16 174
16 179
16 182
16 184
16 193
16 195
16 217
16 224
16 227
16 246
16 248
16 249
16 256
16 265
16 267
16 270
16 274
16 275
16 289
16 292
16 302
16 304
16 313
16 319
16 320
16 325
16 326
16 331
16 349
16 350
16 356
16 369
16 372
16 373
16 374
16 386
16 391
16 397
16 401
16 414
16 420
16 422
16 434
16 437
16 449
16 467
16 472
16 479
16 489
16 491
16 499
17 22
17 30
17 40
17 44
17 55
17 65
17 66
17 68
17 71
17 74
17 77
17 78
17 81
17 85
17 86
17 88
17 95
17 114
17 117
17 118
17 122
17 134
17 136
17 138
17 139
17 142
17 146
17 149
17 151
17 153
17 155
17 160
17 172
17 173
17 177
17 178
17 181
17 185
17 186
17 189
17 195
17 199
17 205
17 207
17 216
17 217
17 218
17 219
17 222
17 223
17 234
17 248
17 252
17 254
17 266
17 277
17 281
17 282
17 293
17 307
17 309
17 310
17 311
17 315
17 321
17 329
17 331
17 332
17 340
17 341
17 352
17 356
17 357
17 359
17 360
17 361
17 365
17 373
17 374
17 376
17 383
17 387
17 394
17 395
17 397
17 403
17 417
17 419
17 426
17 430
17 441
17 442
17 450
17 455
17 457
17 466
17 470
17 478
17 480
17 481
17 482
17 483
17 484
17 489
18 32
18 33
18 38
18 40
18 41
18 42
18 46
18 50
18 56
18 57
18 63
18 69
18 74
18 78
18 81
18 88
18 89
18 97
18 100
18 107
18 108
18 110
18 111
18 112
18 116
18 121
18 123
18 127
18 128
18 133
18 134
18 135
18 138
18 144
18 147
18 158
18 159
18 163
18 167
18 180
18 181
18 192
18 197
18 199
18 208
18 211
18 220
18 227
18 230
18 231
18 235
18 236
18 240
18 248
18 257
18 258
18 264
18 270
18 279
18 283
18 285
18 286
18 289
18 290
18 294
18 301
18 302
18 315
18 318
18 319
18 335
18 336
18 344
18 345
18 348
18 356
18 363
18 364
18 369
18 378
18 380
18 392
18 399
18 415
18 423
18 432
18 435
18 437
18 444
18 445
18 451
18 453
18 457
18 459
18 474
18 488
18 489
18 494
18 499
19 20
19 26
19 27
19 28
19 33
19 38
19 40
19 57
19 62
19 67
19 70
19 71
19 74
19 81
19 101
19 102
19 103
19 105
19 107
19 116
19 119
19 121
19 122
19 125
19 130
19 146
19 152
19 154
19 157
19 160
19 161
19 166
19 167
19 182
19 191
19 194
19 203
19 208
19 214
19 218
19 224
19 229
19 233
19 239
19 249
19 251
19 254
19 266
19 270
19 273
19 285
19 286
19 292
19 297
19 305
19 313
19 314
19 324
19 327
19 331
19 334
19 349
19 351
19 353
19 355
19 362
19 375
19 376
19 380
19 385
19 387
19 388
19 389
19 393
19 397
19 403
19 404
19 405
19 411
19 415
19 425
19 426
19 429
19 462
19 465
19 470
19 473
19 474
19 482
19 485
19 486
19 490
19 495
19 496
19 499
20 22
20 23
20 25
20 36
20 40
20 42
20 52
20 58
20 64
20 65
20 83
20 87
20 91
20 95
20 115
20 116
20 117
20 124
20 133
20 135
20 136
20 149
20 150
20 151
20 152
20 153
20 157
20 159
20 162
20 163
20 164
20 165
20 168
20 169
20 175
20 178
20 179
20 188
20 190
20 192
20 198
20 204
20 207
20 214
20 219
20 225
20 231
20 234
20 238
20 239
20 245
20 248
20 252
20 261
20 262
20 270
20 275
20 290
20 292
20 297
20 306
20 316
20 319
20 324
20 338
20 340
20 341
20 342
20 345
20 349
20 352
20 354
20 360
20 365
20 370
20 372
20 376
20 380
20 383
20 385
20 391
20 393
20 395
20 404
20 411
20 415
20 426
20 430
20 435
20 442
20 443
20 444
20 445
20 450
20 452
20 454
20 456
20 457
20 459
20 462
20 463
20 466
20 468
20 472
20 478
20 483
20 485
20 488
20 489
21 23
21 26
21 29
21 30
21 38
21 42
21 46
21 48
21 60
21 62
21 63
21 64
21 66
21 68
21 71
21 74
21 97
21 103
21 113
21 114
21 117
21 122
21 128
21 131
21 154
21 157
21 165
21 167
21 170
21 172
21 177
21 179
21 193
21 201
21 204
21 211
21 212
21 214
21 221
21 225
21 242
21 244
21 245
21 254
21 257
21 276
21 279
21 307
21 308
21 309
21 310
21 311
21 314
21 315
21 318
21 321
21 322
21 325
21 337
21 339
21 345
21 350
21 359
21 363
21 366
21 375
21 383
21 386
21 389
21 398
21 406
21 407
21 411
21 412
21 415
21 425
21 427
21 433
21 436
21 443
21 447
21 450
21 462
21 466
21 472
21 474
21 477
21 483
21 484
21 486
21 491
21 496
22 32
22 33
22 48
22 72
22 74
22 81
22 83
22 85
22 87
22 92
22 96
22 98
22 105
22 116
22 119
22 121
22 124
22 126
22 134
22 137
22 140
22 142
22 146
22 154
22 179
22 182
22 187
22 190
22 198
22 202
22 204
22 205
22 206
22 209
22 211
22 222
22 232
22 238
22 241
22 250
22 253
22 263
22 265
22 266
22 268
22 269
22 271
22 275
22 278
22 279
22 283
22 284
22 288
22 289
22 316
22 320
22 322
22 328
22 330
22 334
22 340
22 341
22 343
22 351
22 352
22 355
22 357
22 369
22 370
22 382
22 385
22 393
22 394
22 399
22 402
22 407
22 409
22 410
22 419
22 423
22 424
22 428
22 431
22 434
22 438
22 439
22 443
22 450
22 451
22 463
22 469
22 473
22 486
22 488
22 492
22 498
22 499
23 25
23 26
23 28
23 32
23 33
23 58
23 60
23 67
23 71
23 88
23 89
23 102
23 116
23 118
23 132
23 139
23 145
23 149
23 156
23 168
23 170
23 172
23 176
23 178
23 183
23 197
23 225
23 228
23 229
23 234
23 237
23 239
23 248
23 254
23 257
23 261
23 265
23 269
23 271
23 273
23 274
23 276
23 278
23 286
23 295
23 301
23 302
23 304
23 310
23 317
23 322
23 330
23 334
23 339
23 340
23 344
23 350
23 352
23 354
23 356
23 357
23 360
23 385
23 390
23 392
23 401
23 409
23 410
23 418
23 419
23 421
23 425
23 427
23 432
23 434
23 435
23 436
23 437
23 438
23 439
23 441
23 443
23 444
23 447
23 459
23 465
23 468
23 470
23 473
23 475
23 476
23 479
23 480
23 485
23 490
23 497
23 498
24 26
24 30
24 33
24 36
24 38
24 41
24 49
24 55
24 58
24 59
24 64
24 65
24 69
24 71
24 72
24 73
24 83
24 96
24 102
24 103
24 120
24 125
24 128
24 129
24 133
24 134
24 137
24 147
24 151
24 167
24 171
24 188
24 189
24 193
24 198
24 204
24 208
24 212
24 214
24 220
24 227
24 235
24 245
24 248
24 255
24 256
24 257
24 266
24 269
24 273
24 281
24 289
24 297
24 301
24 319
24 321
24 322
24 326
24 338
24 350
24 357
24 358
24 364
24 367
24 370
24 374
24 377
24 388
24 389
24 395
24 401
24 405
24 417
24 418
24 425
24 438
24 439
24 446
24 456
24 459
24 463
24 471
24 472
24 474
24 482
24 486
24 488
24 492
24 497
25 29
25 33
25 41
25 46
25 51
25 57
25 59
25 61
25 75
25 84
25 85
25 87
25 89
25 90
25 91
25 105
25 106
25 107
25 114
25 115
25 116
25 131
25 138
25 143
25 162
25 166
25 167
25 178
25 182
25 192
25 197
25 205
25 206
25 209
25 210
25 217
25 219
25 229
25 241
25 257
25 262
25 264
25 274
25 284
25 287
25 292
25 293
25 296
25 301
25 319
25 320
25 321
25 323
25 324
25 330
25 335
25 338
25 350
25 355
25 368
25 372
25 376
25 377
25 385
25 394
25 400
25 413
25 421
25 436
25 438
25 439
25 440
25 446
25 456
25 460
25 463
25 466
25 468
25 469
25 474
25 477
25 480
25 486
25 487
25 489
25 493
26 36
26 38
26 46
26 52
26 69
26 72
26 74
26 79
26 88
26 92
26 95
26 110
26 112
26 120
26 122
26 125
26 129
26 136
26 139
26 148
26 150
26 159
26 162
26 163
26 164
26 170
26 171
26 172
26 175
26 179
26 185
26 186
26 191
26 198
26 200
26 201
26 206
26 207
26 208
26 224
26 227
26 229
26 235
26 239
26 240
26 250
26 259
26 265
26 267
26 277
26 282
26 287
26 288
26 289
26 311
26 316
26 324
26 330
26 332
26 339
26 340
26 341
26 342
26 343
26 351
26 354
26 362
26 376
26 386
26 389
26 393
26 394
26 395
26 400
26 402
26 403
26 411
26 414
26 424
26 434
26 447
26 452
26 455
26 468
26 482
26 485
26 490
27 35
27 43
27 51
27 54
27 55
27 57
27 64
27 68
27 72
27 75
27 90
27 94
27 98
27 101
27 102
27 103
27 104
27 110
27 119
27 124
27 128
27 131
27 132
27 135
27 150
27 152
27 153
27 158
27 162
27 172
27 174
27 176
27 178
27 179
27 182
27 183
27 185
27 199
27 200
27 201
27 203
27 205
27 218
27 237
27 238
27 239
27 240
27 244
27 246
27 247
27 253
27 260
27 266
27 273
27 279
27 283
27 285
27 286
27 287
27 288
27 291
27 295
27 302
27 303
27 315
27 325
27 326
27 330
27 333
27 335
27 339
27 353
27 357
27 359
27 362
27 366
27 369
27 370
27 374
27 381
27 387
27 396
27 403
27 405
27 419
27 422
27 427
27 430
27 433
27 436
27 438
27 458
27 467
27 469
27 472
27 476
27 487
27 491
27 494
28 29
28 36
28 37
28 38
28 43
28 48
28 53
28 54
28 58
28 70
28 81
28 83
28 86
28 87
28 90
28 92
28 95
28 98
28 107
28 112
28 115
28 116
28 118
28 120
28 122
28 127
28 133
28 136
28 139
28 142
28 144
28 148
28 158
28 164
28 168
28 173
28 177
28 181
28 185
28 186
28 188
28 197
28 206
28 213
28 217
28 235
28 241
28 246
28 252
28 255
28 260
28 262
28 266
28 268
28 271
28 278
28 285
28 291
28 295
28 297
28 306
28 308
28 315
28 324
28 325
28 331
28 334
28 336
28 337
28 338
28 345
28 346
28 353
28 356
28 357
28 364
28 378
28 379
28 380
28 385
28 389
28 394
28 396
28 399
28 403
28 404
28 407
28 409
28 417
28 420
28 424
28 427
28 437
28 439
28 441
28 443
28 448
28 452
28 456
28 461
28 463
28 466
28 472
28 473
28 476
28 484
28 487
28 497
29 35
29 50
29 53
29 54
29 67
29 68
29 72
29 84
29 89
29 94
29 97
29 102
29 104
29 105
29 107
29 110
29 118
29 120
29 121
29 126
29 142
29 147
29 154
29 158
29 162
29 167
29 173
29 178
29 192
29 193
29 194
29 195
29 206
29 217
29 220
29 221
29 222
29 231
29 236
29 238
29 240
29 252
29 254
29 265
29 266
29 270
29 275
29 276
29 284
29 291
29 304
29 306
29 311
29 315
29 321
29 328
29 329
29 331
29 335
29 336
29 341
29 342
29 346
29 347
29 359
29 365
29 369
29 371
29 381
29 390
29 395
29 399
29 404
29 409
29 410
29 412
29 423
29 427
29 428
29 430
29 443
29 446
29 452
29 455
29 457
29 460
29 461
29 471
29 476
29 492
29 494
29 499
30 51
30 62
30 63
30 66
30 77
30 78
30 82
30 84
30 86
30 92
30 94
30 96
30 100
30 101
30 102
30 118
30 120
30 133
30 138
30 144
30 145
30 147
30 153
30 158
30 164
30 168
30 175
30 178
30 191
30 193
30 194
30 200
30 201
30 203
30 209
30 210
30 216
30 218
30 220
30 224
30 226
30 234
30 237
30 242
30 244
30 252
30 254
30 257
30 261
30 266
30 269
30 271
30 281
30 283
30 284
30 289
30 293
30 299
30 301
30 302
30 313
30 314
30 320
30 321
30 322
30 326
30 329
30 332
30 346
30 357
30 377
30 378
30 380
30 381
30 383
30 387
30 393
30 397
30 404
30 411
30 421
30 424
30 432
30 442
30 448
30 457
30 469
30 479
30 481
30 483
30 491
30 493
30 496
30 497
30 498
31 35
31 40
31 41
31 48
31 49
31 54
31 58
31 60
31 72
31 73
31 75
31 90
31 91
31 102
31 104
31 115
31 118
31 120
31 121
31 127
31 131
31 137
31 140
31 146
31 151
31 157
31 160
31 168
31 172
31 175
31 178
31 198
31 203
31 204
31 217
31 226
31 228
31 250
31 272
31 279
31 285
31 286
31 287
31 288
31 291
31 297
31 299
31 302
31 315
31 329
31 332
31 333
31 337
31 344
31 346
31 352
31 355
31 366
31 370
31 384
31 385
31 393
31 401
31 403
31 405
31 412
31 416
31 419
31 424
31 427
31 429
31 432
31 442
31 446
31 448
31 449
31 457
31 458
31 462
31 475
31 479
31 480
31 486
31 496
32 33
32 34
32 40
32 41
32 43
32 48
32 52
32 55
32 57
32 61
32 65
32 68
32 74
32 76
32 84
32 86
32 94
32 95
32 96
32 100
32 101
32 104
32 120
32 121
32 126
32 131
32 132
32 135
32 140
32 142
32 143
32 146
32 152
32 158
32 160
32 162
32 165
32 172
32 184
32 196
32 201
32 202
32 204
32 207
32 208
32 210
32 214
32 215
32 218
32 219
32 222
32 225
32 229
32 231
32 239
32 260
32 261
32 265
32 267
32 271
32 283
32 292
32 299
32 305
32 311
32 327
32 331
32 332
32 333
32 335
32 339
32 346
32 351
32 354
32 363
32 365
32 384
32 393
32 395
32 398
32 404
32 409
32 413
32 416
32 417
32 418
32 431
32 438
32 441
32 450
32 464
32 470
32 476
32 479
32 490
32 494
32 496
33 34
33 41
33 42
33 48
33 65
33 66
33 79
33 83
33 90
33 91
33 93
33 96
33 97
33 98
33 102
33 111
33 114
33 116
33 122
33 124
33 131
33 141
33 156
33 159
33 160
33 161
33 162
33 165
33 172
33 174
33 194
33 206
33 208
33 217
33 232
33 234
33 239
33 249
33 254
33 258
33 260
33 279
33 280
33 281
33 287
33 295
33 308
33 309
33 311
33 313
33 318
33 327
33 329
33 332
33 333
33 334
33 335
33 339
33 345
33 346
33 350
33 355
33 359
33 364
33 367
33 377
33 379
33 383
33 386
33 389
33 391
33 402
33 406
33 407
33 422
33 428
33 430
33 431
33 434
33 437
33 444
33 449
33 456
33 460
33 463
33 469
33 470
33 476
33 478
33 479
33 481
33 486
33 499
34 35
34 37
34 46
34 59
34 60
34 62
34 65
34 66
34 71
34 72
34 87
34 88
34 90
34 104
34 106
34 116
34 126
34 128
34 132
34 134
34 135
34 139
34 141
34 155
34 162
34 174
34 182
34 190
34 191
34 193
34 194
34 196
34 210
34 212
34 214
34 221
34 244
34 261
34 262
34 263
34 264
34 266
34 272
34 274
34 275
34 285
34 288
34 292
34 294
34 299
34 303
34 315
34 323
34 325
34 336
34 340
34 343
34 355
34 359
34 362
34 373
34 377
34 379
34 385
34 389
34 391
34 395
34 398
34 401
34 402
34 404
34 411
34 417
34 419
34 442
34 447
34 458
34 460
34 468
34 471
34 480
34 489
34 491
35 43
35 45
35 46
35 54
35 59
35 60
35 62
35 73
35 75
35 79
35 82
35 97
35 98
35 116
35 119
35 122
35 126
35 134
35 136
35 137
35 138
35 145
35 146
35 150
35 164
35 173
35 198
35 210
35 216
35 222
35 223
35 225
35 226
35 228
35 233
35 242
35 243
35 247
35 259
35 265
35 273
35 276
35 280
35 283
35 289
35 295
35 296
35 299
35 303
35 309
35 313
35 314
35 316
35 319
35 337
35 342
35 346
35 353
35 359
35 371
35 373
35 374
35 381
35 384
35 389
35 391
35 397
35 411
35 413
35 415
35 416
35 433
35 435
35 437
35 445
35 452
35 458
35 465
35 469
35 477
35 478
35 479
35 483
35 490
35 491
35 493
35 498
35 499
36 37
36 38
36 44
36 60
36 62
36 63
36 69
36 70
36 74
36 82
36 96
36 114
36 120
36 123
36 124
36 128
36 132
36 144
36 152
36 162
36 164
36 189
36 192
36 197
36 198
36 200
36 201
36 213
36 220
36 221
36 223
36 227
36 228
36 230
36 234
36 237
36 242
36 251
36 256
36 270
36 277
36 285
36 286
36 307
36 309
36 313
36 315
36 318
36 323
36 324
36 328
36 340
36 341
36 343
36 352
36 353
36 354
36 358
36 364
36 366
36 374
36 383
36 385
36 387
36 397
36 398
36 400
36 402
36 411
36 418
36 422
36 423
36 427
36 430
36 450
36 451
36 468
36 471
36 474
36 478
36 479
36 481
36 482
36 486
36 491
37 38
37 44
37 47
37 51
37 53
37 60
37 76
37 85
37 86
37 88
37 91
37 95
37 101
37 104
37 108
37 114
37 117
37 118
37 132
37 137
37 138
37 142
37 146
37 147
37 148
37 162
37 164
37 166
37 170
37 181
37 183
37 186
37 189
37 193
37 197
37 206
37 207
37 211
37 212
37 229
37 236
37 240
37 242
37 243
37 250
37 251
37 264
37 265
37 268
37 273
37 276
37 279
37 295
37 303
37 306
37 309
37 313
37 323
37 326
37 327
37 332
37 333
37 334
37 342
37 346
37 350
37 354
37 358
37 361
37 367
37 378
37 386
37 387
37 391
37 392
37 395
37 401
37 411
37 413
37 419
37 421
37 423
37 428
37 429
37 432
37 434
37 437
37 440
37 451
37 455
37 458
37 463
37 480
37 481
37 484
37 485
37 490
37 494
37 497
38 42
38 45
38 47
38 52
38 60
38 72
38 80
38 88
38 91
38 97
38 101
38 104
38 106
38 108
38 110
38 113
38 119
38 133
38 135
38 141
38 142
38 145
38 149
38 156
38 166
38 168
38 177
38 178
38 182
38 186
38 189
38 190
38 192
38 193
38 194
38 206
38 222
38 224
38 232
38 241
38 258
38 260
38 262
38 263
38 265
38 268
38 269
38 278
38 281
38 284
38 285
38 287
38 288
38 295
38 306
38 309
38 314
38 318
38 322
38 325
38 334
38 348
38 351
38 357
38 358
38 359
38 362
38 363
38 366
38 369
38 376
38 391
38 392
38 397
38 399
38 408
38 409
38 410
38 413
38 418
38 422
38 436
38 451
38 455
38 456
38 463
38 464
38 467
38 471
38 475
38 479
38 489
38 492
38 497
38 498
39 43
39 44
39 46
39 47
39 54
39 61
39 65
39 70
39 80
39 83
39 85
39 94
39 98
39 101
39 104
39 110
39 111
39 113
39 117
39 120
39 135
39 136
39 138
39 154
39 158
39 162
39 164
39 168
39 169
39 170
39 171
39 175
39 176
39 182
39 183
39 184
39 195
39 200
39 201
39 202
39 205
39 210
39 214
39 220
39 235
39 239
39 240
39 241
39 242
39 254
39 256
39 258
39 261
39 262
39 266
39 271
39 272
39 282
39 288
39 290
39 301
39 322
39 327
39 330
39 334
39 336
39 339
39 342
39 344
39 351
39 355
39 372
39 375
39 379
39 382
39 384
39 385
39 394
39 398
39 399
39 400
39 401
39 406
39 407
39 420
39 421
39 430
39 435
39 439
39 451
39 454
39 460
39 465
39 474
39 487
39 491
39 497
40 41
40 48
40 49
40 70
40 85
40 88
40 89
40 100
40 106
40 110
40 118
40 120
40 128
40 134
40 140
40 145
40 148
40 154
40 156
40 160
40 171
40 180
40 190
40 191
40 193
40 198
40 200
40 215
40 217
40 223
40 227
40 232
40 234
40 241
40 243
40 253
40 259
40 261
40 265
40 274
40 277
40 294
40 299
40 310
40 312
40 313
40 315
40 319
40 321
40 323
40 330
40 341
40 348
40 358
40 368
40 378
40 383
40 385
40 387
40 388
40 392
40 393
40 394
40 400
40 404
40 409
40 410
40 413
40 418
40 421
40 426
40 427
40 432
40 442
40 448
40 453
40 462
40 467
40 475
40 479
40 492
41 44
41 50
41 54
41 56
41 61
41 63
41 68
41 76
41 83
41 88
41 90
41 96
41 118
41 141
41 143
41 154
41 159
41 183
41 185
41 190
41 197
41 199
41 201
41 203
41 208
41 210
41 216
41 221
41 226
41 229
41 235
41 243
41 259
41 272
41 274
41 277
41 281
41 294
41 295
41 299
41 305
41 307
41 310
41 317
41 318
41 321
41 329
41 338
41 339
41 343
41 345
41 346
41 348
41 350
41 351
41 357
41 358
41 359
41 360
41 368
41 369
41 371
41 373
41 374
41 376
41 378
41 380
41 386
41 390
41 395
41 396
41 407
41 409
41 416
41 422
41 423
41 426
41 432
41 437
41 468
41 473
41 482
41 486
41 493
42 43
42 45
42 50
42 52
42 53
42 54
42 62
42 63
42 64
42 69
42 72
42 78
42 82
42 83
42 88
42 110
42 111
42 118
42 122
42 142
42 150
42 157
42 160
42 168
42 171
42 181
42 183
42 185
42 193
42 197
42 199
42 203
42 205
42 209
42 213
42 214
42 219
42 240
42 241
42 245
42 249
42 251
42 258
42 267
42 276
42 279
42 295
42 298
42 299
42 300
42 303
42 315
42 319
42 333
42 335
42 337
42 338
42 339
42 348
42 349
42 355
42 356
42 362
42 363
42 364
42 370
42 379
42 386
42 391
42 401
42 406
42 407
42 413
42 414
42 418
42 427
42 431
42 433
42 438
42 445
42 446
42 461
42 466
42 470
42 476
42 479
42 481
42 482
42 491
43 48
43 52
43 55
43 67
43 72
43 74
43 75
43 76
43 78
43 80
43 83
43 87
43 89
43 90
43 101
43 106
43 107
43 108
43 110
43 114
43 119
43 122
43 129
43 135
43 137
43 144
43 145
43 152
43 153
43 159
43 164
43 175
43 180
43 184
43 188
43 196
43 200
43 206
43 216
43 217
43 222
43 225
43 229
43 232
43 234
43 239
43 240
43 242
43 248
43 249
43 251
43 255
43 264
43 275
43 279
43 288
43 293
43 300
43 304
43 308
43 314
43 321
43 329
43 333
43 356
43 363
43 368
43 376
43 379
43 382
43 386
43 393
43 396
43 405
43 408
43 413
43 414
43 417
43 420
43 429
43 434
43 436
43 443
43 448
43 450
43 451
43 460
43 463
43 467
43 468
43 471
43 473
43 476
43 484
43 486
43 488
43 489
43 491
43 495
43 498
43 499
44 50
44 54
44 55
44 65
44 67
44 70
44 73
44 74
44 75
44 77
44 81
44 87
44 96
44 115
44 126
44 129
44 132
44 135
44 148
44 149
44 150
44 155
44 162
44 167
44 170
44 175
44 178
44 180
44 183
44 187
44 189
44 191
44 195
44 196
44 204
44 207
44 215
44 221
44 222
44 226
44 240
44 242
44 243
44 247
44 248
44 252
44 257
44 263
44 267
44 268
44 273
44 275
44 276
44 277
44 279
44 282
44 285
44 288
44 297
44 320
44 326
44 327
44 330
44 336
44 346
44 347
44 353
44 356
44 362
44 364
44 368
44 371
44 374
44 379
44 381
44 385
44 386
44 391
44 393
44 395
44 397
44 398
44 405
44 409
44 420
44 427
44 432
44 433
44 437
44 439
44 442
44 453
44 461
44 463
44 466
44 471
44 473
44 475
44 479
44 489
44 494
44 499
45 57
45 65
45 69
45 71
45 74
45 75
45 77
45 84
45 86
45 91
45 94
45 97
45 102
45 103
45 106
45 113
45 120
45 132
45 134
45 135
45 139
45 145
45 146
45 152
45 153
45 161
45 169
45 172
45 190
45 191
45 194
45 195
45 198
45 216
45 218
45 219
45 220
45 221
45 223
45 227
45 229
45 230
45 238
45 243
45 244
45 245
45 254
45 255
45 261
45 275
45 276
45 280
45 293
45 296
45 298
45 301
45 303
45 306
45 308
45 325
45 332
45 335
45 347
45 348
45 350
45 365
45 367
45 369
45 372
45 375
45 380
45 382
45 384
45 387
45 388
45 390
45 397
45 398
45 402
45 407
45 408
45 409
45 418
45 421
45 423
45 430
45 431
45 435
45 445
45 452
45 453
45 470
45 477
45 488
45 489
45 491
45 494
45 495
46 47
46 61
46 63
46 66
46 67
46 74
46 84
46 92
46 95
46 98
46 104
46 115
46 123
46 134
46 137
46 140
46 145
46 157
46 165
46 182
46 199
46 203
46 204
46 213
46 215
46 216
46 223
46 224
46 227
46 228
46 232
46 236
46 239
46 240
46 245
46 248
46 256
46 278
46 281
46 286
46 290
46 292
46 293
46 298
46 299
46 312
46 318
46 319
46 321
46 323
46 325
46 326
46 330
46 331
46 335
46 338
46 343
46 344
46 345
46 349
46 352
46 364
46 365
46 373
46 386
46 387
46 391
46 393
46 396
46 398
46 400
46 401
46 402
46 405
46 413
46 418
46 428
46 433
46 434
46 436
46 445
46 446
46 447
46 448
46 451
46 452
46 458
46 460
46 461
46 469
46 470
46 473
46 479
46 480
46 481
46 489
46 493
46 494
46 495
46 497
47 62
47 64
47 66
47 67
47 68
47 77
47 84
47 86
47 91
47 93
47 96
47 98
47 110
47 114
47 115
47 119
47 125
47 126
47 127
47 133
47 143
47 144
47 146
47 152
47 157
47 158
47 163
47 166
47 172
47 179
47 180
47 181
47 195
47 201
47 204
47 207
47 211
47 217
47 221
47 229
47 233
47 243
47 246
47 254
47 255
47 257
47 266
47 268
47 271
47 274
47 275
47 280
47 285
47 290
47 295
47 296
47 305
47 307
47 309
47 311
47 314
47 315
47 329
47 337
47 338
47 353
47 359
47 360
47 367
47 368
47 369
47 373
47 375
47 377
47 378
47 380
47 384
47 385
47 404
47 405
47 406
47 409
47 415
47 420
47 421
47 422
47 427
47 436
47 446
47 447
47 452
47 458
47 469
47 471
47 473
47 475
47 477
47 479
47 484
47 488
47 490
47 492
48 50
48 55
48 64
48 65
48 66
48 74
48 75
48 81
48 83
48 84
48 85
48 88
48 99
48 112
48 118
48 119
48 120
48 122
48 127
48 128
48 134
48 142
48 146
48 147
48 148
48 153
48 155
48 160
48 170
48 171
48 174
48 177
48 180
48 182
48 186
48 187
48 188
48 190
48 191
48 192
48 194
48 201
48 202
48 208
48 211
48 214
48 216
48 220
48 222
48 225
48 226
48 235
48 238
48 244
48 255
48 262
48 269
48 270
48 279
48 281
48 283
48 285
48 290
48 291
48 297
48 321
48 331
48 335
48 340
48 341
48 342
48 344
48 346
48 347
48 352
48 353
48 357
48 358
48 360
48 363
48 367
48 369
48 370
48 371
48 377
48 384
48 385
48 410
48 418
48 423
48 429
48 430
48 431
48 433
48 439
48 441
48 442
48 447
48 462
48 468
48 469
48 473
48 478
48 479
48 482
48 483
48 489
48 492
48 497
48 499
49 57
49 59
49 61
49 62
49 68
49 75
49 76
49 77
49 81
49 82
49 93
49 94
49 96
49 102
49 107
49 112
49 115
49 117
49 121
49 125
49 126
49 128
49 134
49 136
49 150
49 158
49 168
49 169
49 174
49 176
49 182
49 184
49 198
49 207
49 208
49 209
49 218
49 220
49 225
49 229
49 234
49 235
49 239
49 240
49 241
49 255
49 264
49 265
49 278
49 283
49 293
49 294
49 296
49 298
49 299
49 306
49 308
49 341
49 344
49 345
49 348
49 353
49 357
49 358
49 359
49 361
49 375
49 379
49 381
49 396
49 398
49 402
49 419
49 424
49 425
49 433
49 441
49 443
49 446
49 450
49 460
49 466
49 474
49 488
49 489
49 492
49 495
49 499
50 52
50 55
50 56
50 62
50 71
50 75
50 78
50 82
50 85
50 90
50 95
50 97
50 98
50 104
50 107
50 109
50 110
50 113
50 118
50 121
50 123
50 125
50 127
50 129
50 131
50 137
50 140
50 144
50 149
50 160
50 164
50 171
50 173
50 175
50 176
50 183
50 188
50 196
50 205
50 209
50 210
50 211
50 239
50 241
50 253
50 260
50 262
50 264
50 265
50 267
50 280
50 282
50 288
50 291
50 292
50 301
50 309
50 310
50 326
50 328
50 329
50 335
50 336
50 338
50 342
50 351
50 353
50 356
50 359
50 365
50 368
50 377
50 379
50 382
50 397
50 401
50 413
50 415
50 422
50 425
50 426
50 427
50 443
50 447
50 448
50 465
50 467
50 468
50 482
50 485
50 487
50 488
51 52
51 53
51 57
51 64
51 75
51 76
51 83
51 96
51 105
51 113
51 115
51 117
51 129
51 131
51 132
51 140
51 143
51 144
51 147
51 150
51 154
51 155
51 156
51 162
51 168
51 176
51 177
51 179
51 180
51 183
51 186
51 187
51 197
51 198
51 200
51 201
51 205
51 210
51 211
51 217
51 221
51 226
51 227
51 236
51 241
51 245
51 255
51 262
51 266
51 267
51 268
51 276
51 281
51 283
51 288
51 289
51 300
51 317
51 318
51 319
51 356
51 359
51 376
51 378
51 388
51 392
51 402
51 404
51 413
51 419
51 436
51 437
51 447
51 449
51 456
51 458
51 475
51 490
52 63
52 64
52 65
52 78
52 82
52 84
52 90
52 93
52 98
52 103
52 104
52 105
52 110
52 114
52 116
52 121
52 123
52 129
52 150
52 157
52 160
52 168
52 174
52 177
52 182
52 183
52 188
52 199
52 207
52 222
52 225
52 231
52 232
52 238
52 240
52 254
52 257
52 259
52 272
52 278
52 282
52 284
52 285
52 289
52 290
52 292
52 299
52 311
52 328
52 331
52 337
52 340
52 348
52 349
52 359
52 364
52 367
52 374
52 378
52 385
52 389
52 392
52 402
52 408
52 409
52 415
52 418
52 422
52 432
52 433
52 436
52 440
52 442
52 444
52 445
52 446
52 450
52 454
52 462
52 468
52 476
52 484
52 488
52 489
52 493
52 494
53 61
53 62
53 63
53 72
53 73
53 76
53 83
53 85
53 86
53 92
53 96
53 98
53 99
53 101
53 107
53 110
53 114
53 131
53 135
53 137
53 138
53 139
53 144
53 150
53 161
53 170
53 174
53 176
53 179
53 192
53 199
53 207
53 208
53 216
53 220
53 223
53 245
53 246
53 261
53 270
53 272
53 280
53 281
53 288
53 290
53 314
53 323
53 325
53 333
53 345
53 347
53 352
53 354
53 355
53 358
53 359
53 360
53 361
53 366
53 371
53 376
53 380
53 382
53 389
53 390
53 391
53 392
53 397
53 404
53 406
53 412
53 414
53 415
53 417
53 419
53 420
53 428
53 435
53 438
53 440
53 442
53 446
53 450
53 452
53 457
53 460
53 463
53 468
53 469
53 470
53 476
53 479
53 485
53 494
53 497
54 55
54 56
54 58
54 59
54 85
54 89
54 100
54 103
54 108
54 127
54 131
54 132
54 135
54 145
54 148
54 158
54 163
54 171
54 179
54 185
54 187
54 190
54 196
54 198
54 201
54 211
54 225
54 238
54 239
54 252
54 253
54 262
54 264
54 270
54 272
54 273
54 276
54 277
54 278
54 285
54 296
54 306
54 310
54 311
54 316
54 320
54 331
54 337
54 339
54 340
54 344
54 346
54 349
54 353
54 357
54 358
54 361
54 375
54 376
54 381
54 383
54 384
54 385
54 389
54 395
54 406
54 419
54 421
54 427
54 428
54 429
54 431
54 445
54 448
54 449
54 453
54 456
54 458
54 461
54 462
54 466
54 468
54 479
54 487
54 497
55 56
55 72
55 76
55 86
55 88
55 90
55 98
55 99
55 106
55 115
55 117
55 121
55 128
55 136
55 137
55 140
55 142
55 146
55 151
55 157
55 159
55 162
55 164
55 167
55 174
55 177
55 184
55 189
55 195
55 199
55 200
55 208
55 212
55 226
55 228
55 231
55 235
55 244
55 252
55 253
55 259
55 261
55 269
55 271
55 275
55 281
55 285
55 286
55 295
55 303
55 311
55 319
55 330
55 335
55 346
55 350
55 363
55 364
55 366
55 379
55 418
55 419
55 420
55 423
55 426
55 428
55 429
55 434
55 435
55 439
55 440
55 450
55 454
55 456
55 461
55 464
55 466
55 471
55 484
55 499
56 61
56 64
56 78
56 79
56 80
56 86
56 96
56 97
56 102
56 103
56 106
56 109
56 114
56 116
56 122
56 132
56 148
56 152
56 153
56 155
56 156
56 159
56 161
56 163
56 170
56 171
56 174
56 182
56 186
56 189
56 192
56 193
56 201
56 218
56 228
56 234
56 236
56 241
56 247
56 256
56 260
56 262
56 263
56 267
56 282
56 291
56 292
56 294
56 297
56 305
56 309
56 312
56 313
56 316
56 318
56 321
56 329
56 330
56 332
56 343
56 344
56 346
56 355
56 357
56 362
56 365
56 367
56 369
56 370
56 377
56 384
56 395
56 402
56 403
56 409
56 415
56 420
56 422
56 432
56 436
56 441
56 442
56 443
56 444
56 451
56 454
56 460
56 463
56 465
56 467
56 472
56 473
56 474
56 477
56 485
56 486
56 493
57 61
57 63
57 71
57 73
57 76
57 87
57 88
57 97
57 103
57 105
57 119
57 123
57 128
57 138
57 142
57 147
57 150
57 154
57 155
57 163
57 171
57 176
57 180
57 193
57 199
57 201
57 202
57 210
57 213
57 221
57 227
57 229
57 243
57 246
57 249
57 258
57 264
57 267
57 270
57 272
57 284
57 292
57 294
57 295
57 309
57 313
57 315
57 318
57 320
57 324
57 333
57 346
57 349
57 350
57 353
57 358
57 377
57 378
57 380
57 386
57 387
57 391
57 392
57 393
57 394
57 395
57 397
57 399
57 408
57 428
57 432
57 443
57 451
57 461
57 465
57 467
57 470
57 472
57 473
57 479
58 67
58 73
58 74
58 77
58 85
58 87
58 88
58 89
58 92
58 96
58 98
58 110
58 113
58 119
58 121
58 127
58 128
58 133
58 145
58 147
58 148
58 158
58 163
58 166
58 177
58 178
58 179
58 185
58 188
58 189
58 199
58 202
58 207
58 215
58 220
58 224
58 235
58 239
58 242
58 246
58 252
58 261
58 267
58 278
58 285
58 289
58 309
58 317
58 324
58 327
58 335
58 340
58 342
58 351
58 354
58 355
58 364
58 367
58 372
58 380
58 393
58 411
58 412
58 418
58 420
58 421
58 425
58 428
58 432
58 436
58 437
58 438
58 439
58 442
58 449
58 453
58 462
58 465
58 466
58 472
58 479
58 489
58 491
58 499
59 62
59 67
59 72
59 75
59 79
59 80
59 89
59 102
59 105
59 113
59 114
59 127
59 133
59 137
59 138
59 141
59 142
59 145
59 156
59 158
59 161
59 165
59 174
59 175
59 180
59 191
59 194
59 195
59 196
59 204
59 205
59 208
59 209
59 211
59 226
59 231
59 237
59 246
59 247
59 252
59 254
59 260
59 264
59 270
59 271
59 280
59 281
59 287
59 288
59 291
59 296
59 304
59 308
59 309
59 316
59 322
59 333
59 337
59 338
59 347
59 351
59 354
59 355
59 357
59 358
59 360
59 384
59 385
59 397
59 400
59 408
59 414
59 416
59 418
59 437
59 442
59 457
59 460
59 463
59 465
59 468
59 470
59 479
59 487
59 489
59 493
59 495
59 496
60 62
60 67
60 69
60 71
60 77
60 78
60 80
60 81
60 86
60 88
60 92
60 99
60 100
60 102
60 111
60 117
60 118
60 125
60 127
60 130
60 136
60 137
60 152
60 155
60 157
60 158
60 168
60 169
60 171
60 173
60 183
60 186
60 189
60 190
60 196
60 201
60 203
60 205
60 214
60 219
60 224
60 227
60 230
60 235
60 244
60 257
60 267
60 271
60 274
60 285
60 287
60 288
60 289
60 303
60 304
60 308
60 312
60 316
60 318
60 323
60 331
60 332
60 335
60 337
60 350
60 352
60 361
60 373
60 378
60 382
60 385
60 390
60 396
60 400
60 404
60 405
60 410
60 429
60 432
60 434
60 438
60 454
60 456
60 457
60 459
60 469
60 473
60 479
60 481
60 484
60 493
61 75
61 79
61 81
61 89
61 96
61 98
61 99
61 116
61 119
61 120
61 122
61 125
61 126
61 133
61 139
61 144
61 155
61 156
61 160
61 164
61 170
61 173
61 174
61 175
61 180
61 187
61 191
61 194
61 195
61 203
61 210
61 239
61 254
61 260
61 262
61 264
61 269
61 274
61 277
61 281
61 286
61 287
61 297
61 299
61 304
61 312
61 324
61 331
61 334
61 342
61 343
61 346
61 349
61 358
61 366
61 374
61 376
61 387
61 388
61 392
61 393
61 399
61 403
61 404
61 408
61 415
61 417
61 421
61 424
61 425
61 429
61 433
61 437
61 440
61 443
61 444
61 450
61 452
61 459
61 465
61 470
61 471
61 474
61 476
61 485
61 486
61 488
61 491
61 497
61 499
62 67
62 71
62 74
62 86
62 92
62 95
62 101
62 102
62 109
62 110
62 117
62 119
62 126
62 134
62 137
62 144
62 159
62 167
62 168
62 170
62 176
62 177
62 182
62 187
62 188
62 190
62 191
62 200
62 203
62 217
62 219
62 223
62 225
62 226
62 232
62 234
62 240
62 246
62 247
62 248
62 257
62 263
62 264
62 267
62 269
62 270
62 273
62 275
62 286
62 287
62 291
62 317
62 332
62 339
62 346
62 347
62 351
62 352
62 362
62 368
62 377
62 382
62 387
62 390
62 396
62 400
62 402
62 404
62 419
62 421
62 424
62 427
62 432
62 434
62 438
62 441
62 442
62 449
62 453
62 454
62 459
62 461
62 463
62 464
62 468
62 470
62 472
62 483
63 69
63 73
63 74
63 78
63 79
63 80
63 81
63 85
63 89
63 97
63 108
63 113
63 114
63 115
63 120
63 122
63 126
63 132
63 136
63 137
63 138
63 147
63 152
63 166
63 174
63 177
63 187
63 189
63 199
63 208
63 209
63 211
63 221
63 239
63 240
63 244
63 246
63 247
63 253
63 260
63 262
63 268
63 272
63 273
63 275
63 295
63 299
63 304
63 306
63 311
63 315
63 316
63 317
63 322
63 324
63 326
63 327
63 331
63 335
63 341
63 349
63 352
63 354
63 357
63 359
63 379
63 386
63 389
63 391
63 403
63 404
63 406
63 413
63 422
63 426
63 430
63 431
63 435
63 441
63 445
63 455
63 475
63 483
63 486
63 487
63 488
63 491
63 498
64 72
64 77
64 83
64 91
64 96
64 109
64 116
64 123
64 127
64 128
64 144
64 151
64 152
64 159
64 161
64 170
64 175
64 180
64 181
64 183
64 193
64 199
64 201
64 202
64 239
64 247
64 248
64 250
64 251
64 256
64 262
64 265
64 269
64 276
64 287
64 288
64 292
64 303
64 310
64 312
64 318
64 322
64 323
64 333
64 336
64 340
64 341
64 348
64 364
64 366
64 371
64 374
64 380
64 385
64 391
64 401
64 402
64 403
64 410
64 416
64 424
64 427
64 428
64 439
64 445
64 449
64 453
64 455
64 465
64 466
64 470
64 472
64 488
64 489
64 493
64 498
65 67
65 71
65 73
65 75
65 79
65 89
65 94
65 98
65 103
65 106
65 109
65 115
65 119
65 121
65 122
65 125
65 127
65 129
65 140
65 143
65 150
65 157
65 169
65 176
65 187
65 194
65 197
65 199
65 200
65 203
65 205
65 208
65 209
65 214
65 217
65 219
65 223
65 235
65 236
65 237
65 239
65 240
65 241
65 242
65 247
65 250
65 252
65 256
65 259
65 263
65 269
65 277
65 282
65 283
65 285
65 287
65 299
65 300
65 303
65 306
65 307
65 310
65 312
65 315
65 316
65 317
65 318
65 331
65 334
65 338
65 339
65 343
65 348
65 350
65 351
65 353
65 359
65 360
65 374
65 378
65 382
65 390
65 395
65 402
65 420
65 421
65 422
65 426
65 428
65 433
65 448
65 450
65 455
65 470
65 473
65 478
65 479
65 481
65 483
65 485
65 497
65 498
66 67
66 71
66 77
66 82
66 83
66 99
66 101
66 108
66 111
66 112
66 117
66 119
66 139
66 146
66 149
66 153
66 158
66 165
66 173
66 174
66 185
66 190
66 191
66 192
66 196
66 214
66 222
66 227
66 228
66 236
66 237
66 241
66 246
66 253
66 261
66 270
66 278
66 284
66 287
66 297
66 300
66 301
66 311
66 316
66 323
66 336
66 337
66 338
66 342
66 344
66 345
66 355
66 363
66 372
66 375
66 384
66 386
66 391
66 395
66 403
66 410
66 413
66 429
66 430
66 432
66 434
66 435
66 441
66 444
66 445
66 448
66 452
66 453
66 455
66 458
66 467
66 468
66 471
66 473
66 478
66 479
66 480
66 481
66 496
66 498
67 73
67 77
67 80
67 83
67 86
67 92
67 97
67 100
67 104
67 111
67 112
67 115
67 117
67 133
67 135
67 136
67 137
67 140
67 155
67 161
67 164
67 168
67 170
67 173
67 186
67 194
67 199
67 205
67 206
67 211
67 212
67 214
67 221
67 229
67 231
67 232
67 238
67 241
67 242
67 259
67 267
67 269
67 270
67 271
67 273
67 275
67 279
67 280
67 282
67 285
67 286
67 296
67 302
67 306
67 307
67 309
67 318
67 320
67 326
67 333
67 339
67 344
67 369
67 376
67 382
67 393
67 394
67 398
67 401
67 402
67 414
67 416
67 418
67 425
67 427
67 428
67 429
67 446
67 448
67 452
67 458
67 459
67 461
67 467
67 470
67 484
67 497
68 77
68 94
68 99
68 105
68 126
68 130
68 149
68 165
68 168
68 174
68 182
68 187
68 188
68 190
68 197
68 202
68 203
68 204
68 206
68 207
68 208
68 221
68 225
68 226
68 228
68 229
68 230
68 231
68 237
68 238
68 242
68 247
68 255
68 261
68 262
68 264
68 275
68 284
68 285
68 286
68 289
68 291
68 293
68 299
68 301
68 306
68 307
68 308
68 309
68 321
68 328
68 336
68 337
68 344
68 345
68 353
68 360
68 369
68 374
68 384
68 401
68 405
68 407
68 408
68 409
68 412
68 420
68 425
68 429
68 432
68 436
68 441
68 444
68 446
68 447
68 449
68 451
68 453
68 456
68 460
68 461
68 462
68 463
68 465
68 468
68 473
68 482
68 489
69 71
69 74
69 78
69 90
69 92
69 94
69 106
69 107
69 115
69 116
69 125
69 127
69 131
69 137
69 156
69 158
69 166
69 168
69 169
69 170
69 174
69 176
69 185
69 196
69 197
69 201
69 205
69 207
69 214
69 216
69 221
69 227
69 243
69 248
69 254
69 257
69 259
69 263
69 265
69 268
69 270
69 273
69 281
69 286
69 288
69 290
69 298
69 301
69 306
69 308
69 309
69 316
69 324
69 328
69 343
69 366
69 369
69 372
69 373
69 381
69 383
69 384
69 389
69 392
69 395
69 398
69 404
69 405
69 407
69 414
69 423
69 429
69 433
69 434
69 444
69 455
69 471
69 474
69 478
69 479
69 481
69 494
70 71
70 77
70 84
70 85
70 92
70 106
70 124
70 127
70 131
70 135
70 144
70 150
70 159
70 160
70 164
70 165
70 170
70 183
70 192
70 195
70 197
70 205
70 209
70 211
70 218
70 219
70 221
70 226
70 229
70 231
70 239
70 241
70 261
70 262
70 271
70 272
70 274
70 279
70 283
70 293
70 296
70 302
70 309
70 311
70 315
70 316
70 327
70 328
70 331
70 336
70 338
70 342
70 354
70 356
70 361
70 373
70 380
70 383
70 386
70 389
70 392
70 396
70 400
70 409
70 412
70 416
70 417
70 429
70 440
70 449
70 453
70 455
70 456
70 458
70 465
70 473
70 477
70 485
70 486
70 487
70 489
70 497
71 81
71 82
71 85
71 87
71 88
71 89
71 93
71 97
71 98
71 100
71 102
71 103
71 108
71 127
71 129
71 130
71 140
71 141
71 142
71 146
71 151
71 155
71 169
71 170
71 176
71 178
71 186
71 187
71 196
71 207
71 208
71 212
71 215
71 226
71 235
71 237
71 241
71 258
71 281
71 283
71 285
71 288
71 290
71 291
71 293
71 295
71 298
71 299
71 300
71 303
71 316
71 319
71 321
71 323
71 327
71 333
71 335
71 337
71 338
71 341
71 345
71 346
71 353
71 361
71 362
71 365
71 369
71 371
71 375
71 378
71 379
71 384
71 404
71 414
71 421
71 426
71 430
71 437
71 439
71 440
71 443
71 447
71 453
71 461
71 462
71 465
71 468
71 473
71 482
71 495
71 497
71 499
72 73
72 77
72 78
72 83
72 85
72 87
72 88
72 92
72 94
72 100
72 102
72 104
72 106
72 110
72 115
72 116
72 117
72 121
72 124
72 130
72 132
72 133
72 134
72 137
72 146
72 158
72 165
72 167
72 168
72 178
72 193
72 197
72 217
72 219
72 221
72 224
72 228
72 236
72 237
72 242
72 243
72 244
72 247
72 248
72 255
72 257
72 259
72 274
72 276
72 284
72 297
72 298
72 301
72 307
72 308
72 309
72 310
72 311
72 321
72 328
72 330
72 340
72 349
72 370
72 376
72 380
72 381
72 386
72 392
72 394
72 403
72 406
72 413
72 423
72 427
72 428
72 430
72 433
72 435
72 442
72 447
72 450
72 458
72 463
72 477
72 484
72 492
72 494
72 496
73 76
73 83
73 85
73 93
73 102
73 104
73 112
73 113
73 114
73 115
73 118
73 121
73 127
73 133
73 137
73 146
73 150
73 152
73 160
73 162
73 164
73 168
73 182
73 184
73 201
73 205
73 217
73 218
73 219
73 225
73 230
73 236
73 239
73 246
73 247
73 248
73 250
73 257
73 263
73 264
73 276
73 281
73 283
73 292
73 298
73 302
73 304
73 305
73 312
73 321
73 331
73 333
73 342
73 351
73 353
73 366
73 368
73 370
73 375
73 377
73 381
73 384
73 385
73 387
73 393
73 395
73 401
73 402
73 405
73 414
73 422
73 423
73 444
73 451
73 454
73 458
73 460
73 462
73 464
73 484
73 491
73 492
73 495
73 498
74 79
74 81
74 87
74 88
74 92
74 95
74 103
74 107
74 119
74 126
74 128
74 130
74 136
74 139
74 141
74 151
74 154
74 155
74 156
74 161
74 173
74 175
74 177
74 187
74 189
74 192
74 199
74 214
74 216
74 217
74 220
74 223
74 229
74 242
74 244
74 250
74 251
74 259
74 263
74 264
74 268
74 269
74 279
74 286
74 292
74 293
74 297
74 299
74 300
74 301
74 306
74 307
74 309
74 313
74 314
74 317
74 318
74 329
74 333
74 338
74 339
74 345
74 348
74 350
74 353
74 356
74 365
74 366
74 370
74 373
74 377
74 378
74 381
74 384
74 387
74 391
74 392
74 393
74 396
74 406
74 410
74 416
74 419
74 427
74 431
74 437
74 445
74 451
74 452
74 459
74 467
74 470
74 471
74 472
74 474
74 490
74 496
74 497
75 84
75 85
75 87
75 89
75 99
75 102
75 125
75 133
75 141
75 144
75 157
75 168
75 177
75 182
75 186
75 188
75 204
75 205
75 220
75 222
75 223
75 225
75 226
75 227
75 229
75 236
75 240
75 243
75 249
75 252
75 260
75 266
75 268
75 269
75 278
75 280
75 282
75 293
75 298
75 299
75 300
75 304
75 308
75 318
75 322
75 330
75 332
75 333
75 334
75 340
75 341
75 342
75 344
75 355
75 356
75 357
75 365
75 368
75 369
75 377
75 385
75 390
75 394
75 396
75 400
75 402
75 412
75 417
75 421
75 439
75 442
75 447
75 448
75 455
75 456
75 464
75 465
75 466
75 470
75 479
75 482
75 494
76 81
76 89
76 90
76 91
76 95
76 96
76 99
76 107
76 108
76 110
76 129
76 140
76 144
76 149
76 151
76 162
76 165
76 167
76 170
76 173
76 174
76 177
76 179
76 193
76 199
76 200
76 201
76 203
76 212
76 224
76 225
76 228
76 229
76 230
76 237
76 249
76 253
76 262
76 265
76 266
76 271
76 279
76 282
76 299
76 302
76 307
76 309
76 317
76 318
76 325
76 327
76 330
76 342
76 343
76 345
76 349
76 357
76 364
76 372
76 374
76 376
76 384
76 386
76 388
76 390
76 391
76 392
76 393
76 394
76 402
76 403
76 415
76 420
76 423
76 424
76 425
76 426
76 427
76 429
76 433
76 434
76 441
76 446
76 447
76 452
76 465
76 468
76 470
76 473
76 488
77 80
77 83
77 86
77 91
77 95
77 104
77 106
77 109
77 110
77 116
77 119
77 121
77 124
77 133
77 134
77 137
77 139
77 142
77 150
77 157
77 161
77 164
77 165
77 167
77 177
77 194
77 197
77 198
77 207
77 209
77 210
77 212
77 213
77 214
77 219
77 220
77 232
77 241
77 258
77 263
77 265
77 268
77 273
77 278
77 285
77 289
77 300
77 316
77 318
77 325
77 327
77 332
77 338
77 344
77 351
77 352
77 353
77 357
77 358
77 359
77 366
77 373
77 380
77 384
77 387
77 388
77 389
77 390
77 394
77 397
77 407
77 408
77 409
77 410
77 412
77 419
77 426
77 429
77 430
77 437
77 444
77 446
77 451
77 457
77 458
77 464
77 465
77 466
77 473
77 478
77 479
77 480
77 487
77 494
77 499
78 84
78 87
78 92
78 96
78 100
78 101
78 102
78 105
78 109
78 123
78 125
78 149
78 150
78 151
78 152
78 155
78 157
78 160
78 167
78 169
78 171
78 173
78 175
78 176
78 177
78 191
78 194
78 206
78 207
78 214
78 215
78 227
78 247
78 248
78 251
78 255
78 256
78 261
78 263
78 268
78 269
78 278
78 279
78 280
78 283
78 284
78 285
78 286
78 287
78 293
78 305
78 310
78 314
78 319
78 321
78 323
78 343
78 346
78 349
78 352
78 360
78 366
78 373
78 405
78 412
78 415
78 429
78 430
78 434
78 435
78 437
78 439
78 441
78 443
78 446
78 449
78 451
78 453
78 457
78 460
78 471
78 481
78 482
78 497
79 82
79 88
79 89
79 110
79 117
79 125
79 127
79 142
79 143
79 148
79 150
79 155
79 156
79 160
79 163
79 168
79 176
79 180
79 191
79 208
79 212
79 215
79 217
79 224
79 232
79 234
79 244
79 245
79 258
79 261
79 262
79 267
79 281
79 285
79 292
79 296
79 299
79 300
79 304
79 308
79 314
79 324
79 330
79 341
79 350
79 354
79 367
79 370
79 373
79 378
79 389
79 390
79 394
79 397
79 400
79 402
79 405
79 410
79 416
79 417
79 426
79 432
79 436
79 438
79 446
79 452
79 453
79 454
79 456
79 457
79 462
79 466
79 467
79 471
79 492
79 497
79 499
80 81
80 85
80 86
80 88
80 90
80 100
80 108
80 109
80 111
80 113
80 122
80 123
80 124
80 126
80 128
80 132
80 136
80 143
80 149
80 155
80 162
80 171
80 174
80 177
80 185
80 187
80 189
80 193
80 194
80 202
80 203
80 206
80 209
80 213
80 219
80 220
80 227
80 229
80 238
80 245
80 247
80 250
80 253
80 256
80 259
80 260
80 276
80 280
80 282
80 293
80 295
80 296
80 298
80 302
80 308
80 314
80 317
80 323
80 324
80 328
80 329
80 339
80 345
80 346
80 353
80 360
80 366
80 373
80 380
80 382
80 384
80 386
80 392
80 416
80 425
80 432
80 434
80 435
80 436
80 437
80 439
80 440
80 445
80 447
80 451
80 452
80 484
80 489
81 90
81 91
81 96
81 97
81 98
81 111
81 115
81 118
81 150
81 161
81 162
81 172
81 176
81 184
81 191
81 194
81 206
81 212
81 225
81 229
81 231
81 233
81 239
81 240
81 242
81 244
81 246
81 248
81 265
81 283
81 286
81 292
81 315
81 333
81 334
81 338
81 340
81 341
81 343
81 344
81 362
81 367
81 372
81 379
81 391
81 393
81 410
81 411
81 414
81 417
81 420
81 421
81 423
81 428
81 437
81 445
81 454
81 465
81 467
81 497
81 498
81 499
82 105
82 107
82 108
82 111
82 115
82 123
82 128
82 132
82 135
82 137
82 140
82 153
82 156
82 162
82 164
82 168
82 173
82 178
82 179
82 180
82 199
82 201
82 213
82 217
82 223
82 225
82 238
82 240
82 242
82 253
82 254
82 256
82 269
82 277
82 284
82 286
82 289
82 294
82 296
82 308
82 313
82 325
82 332
82 333
82 334
82 339
82 345
82 349
82 353
82 361
82 362
82 368
82 380
82 385
82 387
82 388
82 390
82 396
82 399
82 402
82 403
82 404
82 405
82 429
82 436
82 440
82 445
82 446
82 449
82 459
82 461
82 464
82 466
82 471
82 472
82 475
82 477
82 481
82 482
82 484
82 485
83 85
83 89
83 108
83 110
83 111
83 126
83 129
83 142
83 147
83 153
83 160
83 167
83 177
83 179
83 182
83 190
83 193
83 196
83 204
83 207
83 217
83 231
83 233
83 239
83 241
83 247
83 250
83 260
83 261
83 266
83 274
83 281
83 282
83 291
83 297
83 299
83 304
83 313
83 315
83 326
83 330
83 336
83 337
83 346
83 350
83 352
83 364
83 371
83 379
83 381
83 382
83 383
83 385
83 386
83 387
83 399
83 404
83 421
83 424
83 425
83 426
83 427
83 428
83 431
83 433
83 436
83 438
83 440
83 441
83 451
83 470
83 476
83 483
83 486
83 490
84 87
84 91
84 94
84 97
84 105
84 112
84 116
84 128
84 131
84 144
84 148
84 149
84 151
84 154
84 161
84 169
84 177
84 180
84 191
84 196
84 209
84 211
84 216
84 217
84 221
84 224
84 233
84 234
84 241
84 248
84 256
84 257
84 259
84 262
84 263
84 267
84 270
84 272
84 277
84 278
84 280
84 281
84 288
84 299
84 301
84 303
84 309
84 322
84 328
84 331
84 341
84 342
84 357
84 364
84 368
84 371
84 372
84 391
84 393
84 402
84 406
84 408
84 413
84 416
84 417
84 418
84 425
84 429
84 433
84 435
84 437
84 440
84 441
84 445
84 446
84 450
84 462
84 468
84 475
84 479
84 480
84 481
84 485
85 89
85 92
85 96
85 97
85 98
85 101
85 102
85 104
85 106
85 107
85 112
85 114
85 115
85 116
85 119
85 124
85 135
85 140
85 150
85 151
85 158
85 159
85 172
85 184
85 192
85 193
85 195
85 218
85 222
85 223
85 229
85 233
85 241
85 243
85 247
85 248
85 256
85 257
85 262
85 263
85 264
85 269
85 287
85 288
85 293
85 295
85 296
85 299
85 302
85 305
85 308
85 311
85 313
85 319
85 320
85 326
85 328
85 334
85 339
85 340
85 341
85 342
85 365
85 373
85 378
85 384
85 386
85 397
85 411
85 412
85 417
85 418
85 424
85 430
85 433
85 436
85 439
85 443
85 448
85 451
85 454
85 471
85 477
85 483
85 484
85 487
85 493
85 496
85 499
86 89
86 104
86 105
86 111
86 118
86 122
86 137
86 139
86 141
86 143
86 144
86 146
86 148
86 156
86 157
86 158
86 159
86 161
86 167
86 175
86 178
86 182
86 186
86 190
86 196
86 201
86 206
86 211
86 228
86 232
86 246
86 251
86 252
86 254
86 258
86 262
86 264
86 269
86 271
86 277
86 281
86 290
86 291
86 293
86 297
86 316
86 332
86 336
86 347
86 359
86 360
86 368
86 373
86 375
86 377
86 382
86 383
86 386
86 390
86 392
86 394
86 416
86 417
86 420
86 435
86 440
86 443
86 444
86 447
86 456
86 457
86 458
86 460
86 461
86 468
86 474
86 475
86 477
86 480
86 493
87 89
87 93
87 95
87 108
87 119
87 130
87 137
87 139
87 141
87 149
87 152
87 160
87 164
87 168
87 170
87 172
87 173
87 176
87 178
87 185
87 188
87 190
87 196
87 197
87 208
87 220
87 223
87 227
87 229
87 236
87 239
87 247
87 256
87 261
87 262
87 272
87 274
87 279
87 285
87 294
87 296
87 299
87 300
87 304
87 307
87 309
87 319
87 328
87 333
87 338
87 340
87 344
87 351
87 354
87 355
87 359
87 379
87 390
87 391
87 401
87 414
87 417
87 426
87 427
87 428
87 430
87 435
87 437
87 456
87 462
87 469
87 471
87 473
87 475
87 479
87 488
88 97
88 98
88 105
88 114
88 116
88 121
88 132
88 134
88 139
88 143
88 146
88 148
88 149
88 150
88 152
88 161
88 169
88 174
88 175
88 182
88 191
88 193
88 197
88 199
88 200
88 205
88 207
88 208
88 213
88 231
88 253
88 258
88 264
88 274
88 279
88 287
88 292
88 294
88 302
88 305
88 310
88 315
88 319
88 320
88 324
88 328
88 337
88 340
88 342
88 344
88 345
88 347
88 358
88 360
88 365
88 367
88 368
88 372
88 374
88 377
88 379
88 390
88 403
88 417
88 420
88 422
88 423
88 426
88 433
88 435
88 439
88 443
88 446
88 455
88 469
88 473
88 474
88 479
88 484
88 490
88 497
89 103
89 108
89 124
89 127
89 134
89 140
89 143
89 147
89 148
89 152
89 153
89 161
89 166
89 167
89 178
89 185
89 186
89 187
89 209
89 213
89 217
89 219
89 224
89 228
89 234
89 238
89 251
89 252
89 257
89 262
89 270
89 284
89 285
89 291
89 296
89 301
89 302
89 303
89 305
89 310
89 313
89 320
89 323
89 329
89 330
89 332
89 338
89 339
89 343
89 350
89 357
89 377
89 381
89 392
89 396
89 397
89 398
89 399
89 401
89 404
89 406
89 408
89 414
89 419
89 423
89 424
89 432
89 438
89 449
89 455
89 457
89 458
89 460
89 472
89 482
89 494
89 496
90 100
90 105
90 106
90 114
90 119
90 130
90 132
90 137
90 142
90 145
90 147
90 153
90 156
90 160
90 162
90 165
90 173
90 178
90 179
90 182
90 185
90 196
90 197
90 203
90 204
90 205
90 217
90 218
90 219
90 230
90 232
90 240
90 260
90 262
90 270
90 277
90 284
90 286
90 297
90 302
90 306
90 308
90 309
90 320
90 321
90 324
90 327
90 328
90 335
90 337
90 338
90 348
90 351
90 352
90 364
90 373
90 386
90 388
90 391
90 393
90 395
90 404
90 405
90 407
90 409
90 413
90 414
90 426
90 431
90 434
90 441
90 444
90 446
90 453
90 460
90 485
90 496
90 499
91 95
91 101
91 106
91 109
91 113
91 116
91 117
91 120
91 123
91 125
91 128
91 132
91 148
91 155
91 165
91 166
91 185
91 192
91 200
91 204
91 206
91 208
91 221
91 222
91 237
91 238
91 241
91 245
91 248
91 257
91 263
91 264
91 268
91 269
91 278
91 279
91 281
91 285
91 296
91 298
91 299
91 309
91 312
91 314
91 324
91 325
91 326
91 330
91 336
91 346
91 347
91 348
91 358
91 368
91 371
91 376
91 377
91 378
91 389
91 390
91 394
91 398
91 399
91 404
91 408
91 411
91 414
91 417
91 425
91 426
91 431
91 438
91 439
91 442
91 444
91 447
91 454
91 455
91 466
91 468
91 472
91 482
91 485
91 486
91 489
91 495
92 105
92 111
92 122
92 124
92 127
92 129
92 131
92 140
92 145
92 146
92 148
92 149
92 166
92 169
92 170
92 176
92 181
92 182
92 186
92 196
92 198
92 199
92 201
92 205
92 207
92 209
92 214
92 223
92 229
92 230
92 232
92 235
92 244
92 251
92 253
92 255
92 256
92 264
92 268
92 277
92 280
92 288
92 289
92 290
92 304
92 306
92 319
92 338
92 352
92 357
92 369
92 371
92 373
92 374
92 376
92 377
92 381
92 382
92 383
92 386
92 392
92 395
92 403
92 404
92 408
92 413
92 416
92 421
92 424
92 434
92 441
92 444
92 447
92 449
92 453
92 460
92 464
92 465
92 466
92 484
92 491
92 495
92 498
93 95
93 100
93 105
93 110
93 113
93 116
93 118
93 119
93 124
93 130
93 137
93 140
93 141
93 143
93 148
93 156
93 158
93 163
93 166
93 170
93 171
93 172
93 204
93 210
93 212
93 215
93 219
93 222
93 225
93 230
93 234
93 235
93 241
93 245
93 248
93 251
93 262
93 275
93 277
93 279
93 287
93 294
93 314
93 319
93 335
93 337
93 338
93 342
93 347
93 359
93 369
93 372
93 379
93 384
93 388
93 389
93 408
93 417
93 418
93 430
93 440
93 447
93 453
93 462
93 472
93 475
93 479
93 483
93 492
93 493
93 497
93 498
94 101
94 123
94 127
94 135
94 136
94 148
94 157
94 160
94 161
94 164
94 168
94 172
94 173
94 183
94 189
94 201
94 209
94 221
94 229
94 233
94 234
94 238
94 251
94 263
94 265
94 268
94 271
94 275
94 277
94 278
94 284
94 290
94 300
94 301
94 309
94 314
94 317
94 318
94 322
94 325
94 331
94 333
94 334
94 336
94 338
94 342
94 352
94 354
94 360
94 365
94 369
94 370
94 371
94 376
94 377
94 387
94 391
94 397
94 401
94 423
94 427
94 431
94 441
94 443
94 444
94 446
94 450
94 452
94 454
94 471
94 479
94 480
94 484
94 486
94 487
94 494
94 495
94 498
94 499
95 96
95 98
95 100
95 117
95 129
95 148
95 153
95 154
95 158
95 178
95 179
95 184
95 186
95 193
95 199
95 201
95 203
95 205
95 208
95 217
95 223
95 233
95 241
95 250
95 254
95 259
95 268
95 274
95 280
95 291
95 292
95 296
95 297
95 305
95 306
95 309
95 315
95 328
95 332
95 340
95 345
95 356
95 362
95 364
95 369
95 375
95 378
95 387
95 398
95 402
95 403
95 408
95 409
95 411
95 417
95 423
95 424
95 425
95 439
95 446
95 456
95 457
95 464
95 466
95 467
95 470
95 471
95 486
95 488
95 490
95 491
95 493
95 499
96 108
96 111
96 116
96 118
96 124
96 134
96 135
96 140
96 142
96 144
96 146
96 152
96 155
96 157
96 160
96 162
96 166
96 177
96 178
96 179
96 180
96 193
96 201
96 216
96 220
96 223
96 227
96 234
96 244
96 245
96 254
96 255
96 263
96 267
96 274
96 279
96 287
96 288
96 295
96 297
96 299
96 302
96 321
96 329
96 332
96 338
96 340
96 341
96 347
96 354
96 357
96 361
96 367
96 370
96 371
96 372
96 384
96 386
96 388
96 391
96 394
96 411
96 419
96 421
96 426
96 431
96 434
96 437
96 443
96 444
96 445
96 448
96 454
96 476
96 480
96 491
97 105
97 112
97 119
97 123
97 124
97 129
97 131
97 135
97 142
97 144
97 151
97 158
97 161
97 162
97 174
97 179
97 181
97 182
97 189
97 194
97 195
97 198
97 199
97 216
97 230
97 234
97 238
97 240
97 253
97 258
97 268
97 269
97 276
97 281
97 284
97 285
97 286
97 295
97 297
97 299
97 306
97 313
97 325
97 329
97 331
97 332
97 338
97 341
97 343
97 344
97 348
97 351
97 355
97 373
97 392
97 393
97 395
97 403
97 412
97 417
97 429
97 436
97 440
97 446
97 447
97 463
97 465
97 475
97 477
97 482
97 485
97 493
97 494
97 498
97 499
98 102
98 104
98 105
98 110
98 129
98 135
98 148
98 150
98 151
98 163
98 166
98 173
98 175
98 176
98 184
98 185
98 195
98 200
98 213
98 217
98 219
98 229
98 232
98 236
98 246
98 249
98 250
98 252
98 255
98 257
98 258
98 261
98 265
98 286
98 297
98 309
98 313
98 321
98 331
98 335
98 336
98 338
98 343
98 344
98 354
98 358
98 366
98 367
98 370
98 371
98 372
98 374
98 377
98 378
98 389
98 399
98 403
98 409
98 410
98 413
98 416
98 428
98 433
98 442
98 443
98 451
98 453
98 456
98 459
98 460
98 466
98 470
98 475
98 487
98 493
98 496
98 497
98 498
99 101
99 103
99 105
99 109
99 113
99 114
99 115
99 123
99 124
99 129
99 132
99 135
99 138
99 139
99 143
99 145
99 147
99 148
99 161
99 168
99 172
99 178
99 184
99 201
99 204
99 206
99 208
99 212
99 217
99 227
99 232
99 235
99 240
99 241
99 251
99 258
99 266
99 271
99 272
99 273
99 278
99 281
99 284
99 297
99 299
99 312
99 314
99 317
99 319
99 320
99 324
99 328
99 335
99 339
99 341
99 342
99 345
99 355
99 356
99 359
99 361
99 367
99 370
99 372
99 380
99 381
99 386
99 410
99 412
99 425
99 441
99 451
99 459
99 462
99 464
99 466
99 467
99 488
99 494
100 105
100 111
100 112
100 113
100 119
100 123
100 141
100 146
100 150
100 151
100 154
100 159
100 166
100 176
100 178
100 180
100 182
100 190
100 217
100 228
100 229
100 237
100 241
100 251
100 256
100 264
100 267
100 269
100 273
100 277
100 279
100 280
100 284
100 286
100 288
100 289
100 292
100 294
100 301
100 303
100 304
100 314
100 318
100 326
100 331
100 334
100 340
100 348
100 360
100 376
100 377
100 378
100 381
100 385
100 387
100 402
100 405
100 409
100 418
100 419
100 436
100 440
100 444
100 449
100 450
100 455
100 456
100 459
100 460
100 468
100 470
100 478
100 479
100 495
100 496
101 104
101 114
101 116
101 139
101 143
101 146
101 149
101 150
101 155
101 162
101 170
101 171
101 179
101 182
101 184
101 198
101 199
101 220
101 223
101 228
101 233
101 236
101 241
101 242
101 243
101 244
101 255
101 261
101 262
101 282
101 284
101 288
101 289
101 295
101 300
101 304
101 315
101 320
101 324
101 329
101 334
101 337
101 345
101 354
101 358
101 362
101 363
101 365
101 368
101 370
101 372
101 397
101 398
101 399
101 400
101 406
101 407
101 413
101 422
101 426
101 433
101 434
101 443
101 446
101 452
101 453
101 463
101 464
101 469
101 474
101 476
101 482
101 486
102 113
102 117
102 118
102 129
102 140
102 142
102 145
102 146
102 153
102 155
102 158
102 161
102 165
102 174
102 175
102 179
102 180
102 182
102 186
102 190
102 206
102 210
102 211
102 213
102 221
102 222
102 227
102 237
102 241
102 247
102 250
102 262
102 267
102 268
102 274
102 276
102 283
102 290
102 293
102 312
102 313
102 314
102 316
102 325
102 329
102 336
102 341
102 342
102 347
102 353
102 363
102 368
102 386
102 395
102 418
102 423
102 428
102 435
102 436
102 438
102 439
102 457
102 459
102 462
102 464
102 465
102 468
102 470
102 477
102 480
102 482
102 487
103 110
103 114
103 121
103 127
103 128
103 134
103 140
103 147
103 152
103 155
103 163
103 166
103 167
103 172
103 175
103 177
103 183
103 196
103 202
103 203
103 208
103 209
103 212
103 213
103 218
103 219
103 241
103 244
103 255
103 257
103 268
103 271
103 280
103 282
103 292
103 300
103 307
103 309
103 310
103 314
103 321
103 323
103 324
103 327
103 333
103 337
103 338
103 344
103 346
103 347
103 350
103 354
103 366
103 367
103 368
103 374
103 379
103 381
103 385
103 387
103 389
103 390
103 399
103 402
103 405
103 410
103 420
103 422
103 431
103 432
103 433
103 438
103 439
103 442
103 444
103 450
103 454
103 466
103 469
103 473
103 475
103 482
103 488
104 121
104 123
104 127
104 128
104 132
104 136
104 142
104 147
104 150
104 151
104 160
104 162
104 165
104 166
104 168
104 181
104 182
104 186
104 187
104 188
104 197
104 200
104 201
104 202
104 205
104 209
104 210
104 211
104 213
104 220
104 223
104 226
104 228
104 229
104 233
104 235
104 237
104 252
104 255
104 256
104 268
104 270
104 273
104 281
104 283
104 286
104 287
104 288
104 291
104 294
104 295
104 296
104 299
104 304
104 322
104 334
104 335
104 340
104 341
104 343
104 346
104 357
104 358
104 366
104 369
104 374
104 376
104 377
104 380
104 384
104 385
104 394
104 396
104 400
104 401
104 404
104 420
104 432
104 433
104 438
104 444
104 446
104 451
104 460
104 477
104 484
104 485
104 488
104 493
104 497
105 108
105 109
105 110
105 120
105 121
105 124
105 158
105 161
105 165
105 168
105 185
105 187
105 189
105 198
105 200
105 203
105 205
105 208
105 209
105 216
105 221
105 222
105 229
105 233
105 235
105 239
105 240
105 243
105 244
105 245
105 246
105 248
105 259
105 260
105 267
105 268
105 276
105 279
105 291
105 295
105 300
105 307
105 313
105 315
105 316
105 330
105 333
105 338
105 342
105 345
105 354
105 362
105 364
105 367
105 370
105 372
105 373
105 375
105 379
105 381
105 382
105 383
105 387
105 400
105 403
105 409
105 413
105 420
105 424
105 429
105 436
105 438
105 440
105 441
105 446
105 451
105 457
105 458
105 462
105 489
105 490
106 108
106 122
106 128
106 131
106 145
106 149
106 152
106 153
106 154
106 164
106 165
106 171
106 173
106 178
106 180
106 182
106 186
106 191
106 192
106 198
106 200
106 205
106 206
106 214
106 218
106 220
106 227
106 228
106 231
106 240
106 243
106 250
106 267
106 272
106 282
106 283
106 290
106 295
106 301
106 309
106 311
106 313
106 321
106 322
106 323
106 329
106 330
106 333
106 342
106 345
106 346
106 350
106 351
106 355
106 356
106 358
106 362
106 365
106 367
106 375
106 408
106 415
106 418
106 423
106 424
106 426
106 432
106 438
106 440
106 446
106 452
106 454
106 456
106 468
106 477
106 484
106 490
106 496
107 123
107 127
107 133
107 137
107 140
107 144
107 146
107 148
107 151
107 153
107 156
107 159
107 162
107 166
107 175
107 176
107 185
107 202
107 211
107 215
107 222
107 227
107 228
107 230
107 232
107 235
107 236
107 242
107 244
107 245
107 248
107 249
107 255
107 257
107 259
107 266
107 281
107 297
107 298
107 302
107 315
107 320
107 325
107 326
107 330
107 335
107 343
107 346
107 348
107 359
107 368
107 374
107 376
107 383
107 386
107 394
107 396
107 398
107 403
107 406
107 409
107 420
107 421
107 424
107 444
107 448
107 456
107 457
107 459
107 461
107 464
107 467
107 468
107 470
107 473
107 477
107 478
107 481
107 488
107 495
108 111
108 132
108 136
108 141
108 152
108 153
108 166
108 173
108 175
108 186
108 196
108 209
108 213
108 214
108 230
108 231
108 234
108 236
108 243
108 252
108 256
108 257
108 269
108 275
108 280
108 288
108 292
108 299
108 304
108 307
108 309
108 323
108 334
108 344
108 357
108 360
108 361
108 362
108 367
108 374
108 386
108 398
108 407
108 412
108 415
108 430
108 433
108 436
108 437
108 441
108 447
108 448
108 451
108 455
108 478
108 490
108 493
109 112
109 117
109 119
109 120
109 121
109 123
109 127
109 130
109 138
109 140
109 142
109 144
109 147
109 152
109 159
109 161
109 178
109 179
109 181
109 184
109 193
109 202
109 205
109 212
109 217
109 224
109 229
109 230
109 244
109 248
109 257
109 266
109 269
109 270
109 273
109 276
109 280
109 281
109 287
109 290
109 301
109 304
109 309
109 315
109 330
109 334
109 335
109 343
109 344
109 346
109 348
109 351
109 358
109 360
109 364
109 372
109 378
109 382
109 389
109 395
109 396
109 407
109 419
109 421
109 423
109 426
109 437
109 439
109 441
109 444
109 452
109 453
109 455
109 457
109 462
109 465
109 471
109 477
109 481
109 482
110 118
110 119
110 126
110 132
110 145
110 155
110 156
110 157
110 159
110 161
110 166
110 170
110 172
110 173
110 174
110 181
110 190
110 191
110 192
110 197
110 199
110 200
110 203
110 219
110 223
110 225
110 229
110 234
110 237
110 238
110 240
110 242
110 248
110 253
110 254
110 256
110 260
110 271
110 274
110 278
110 287
110 289
110 291
110 306
110 311
110 316
110 319
110 322
110 325
110 345
110 351
110 359
110 365
110 370
110 372
110 373
110 377
110 383
110 385
110 387
110 403
110 423
110 432
110 437
110 442
110 448
110 453
110 454
110 455
110 459
110 465
110 468
110 470
110 472
110 480
110 484
110 488
110 489
110 490
110 491
110 496
111 119
111 132
111 149
111 150
111 154
111 162
111 163
111 170
111 177
111 183
111 185
111 187
111 191
111 194
111 196
111 198
111 199
111 200
111 212
111 213
111 216
111 227
111 229
111 234
111 237
111 240
111 251
111 259
111 262
111 268
111 269
111 273
111 278
111 294
111 295
111 300
111 303
111 305
111 306
111 312
111 324
111 328
111 331
111 332
111 336
111 339
111 340
111 344
111 350
111 351
111 355
111 356
111 357
111 363
111 364
111 370
111 372
111 378
111 387
111 391
111 392
111 393
111 401
111 405
111 407
111 410
111 414
111 424
111 425
111 427
111 428
111 433
111 435
111 440
111 452
111 458
111 459
111 469
111 470
111 479
111 481
111 483
111 484
111 490
112 121
112 130
112 133
112 135
112 152
112 156
112 157
112 158
112 164
112 170
112 172
112 183
112 184
112 186
112 190
112 196
112 210
112 211
112 224
112 230
112 231
112 233
112 235
112 242
112 249
112 250
112 253
112 255
112 270
112 271
112 274
112 275
112 276
112 283
112 286
112 294
112 299
112 304
112 316
112 321
112 323
112 325
112 346
112 347
112 351
112 358
112 359
112 382
112 385
112 392
112 393
112 403
112 406
112 414
112 415
112 416
112 418
112 421
112 424
112 430
112 432
112 434
112 450
112 455
112 457
112 459
112 464
112 469
112 474
112 476
112 479
112 494
113 115
113 118
113 134
113 145
113 149
113 161
113 164
113 176
113 179
113 182
113 200
113 208
113 209
113 211
113 213
113 222
113 245
113 246
113 248
113 252
113 264
113 269
113 272
113 274
113 284
113 290
113 296
113 303
113 315
113 328
113 329
113 334
113 335
113 338
113 349
113 359
113 361
113 365
113 369
113 376
113 378
113 380
113 381
113 387
113 396
113 400
113 403
113 411
113 414
113 417
113 422
113 441
113 443
113 444
113 446
113 452
113 454
113 467
113 472
113 475
113 478
113 482
113 485
113 491
113 499
114 116
114 125
114 131
114 140
114 148
114 151
114 154
114 156
114 159
114 167
114 169
114 174
114 175
114 180
114 186
114 189
114 190
114 197
114 234
114 246
114 252
114 263
114 269
114 271
114 277
114 278
114 283
114 292
114 296
114 314
114 316
114 319
114 323
114 328
114 333
114 335
114 343
114 349
114 353
114 360
114 363
114 366
114 367
114 378
114 379
114 380
114 392
114 397
114 402
114 404
114 409
114 412
114 414
114 420
114 425
114 426
114 429
114 435
114 439
114 441
114 445
114 449
114 456
114 458
114 459
114 466
114 471
114 472
114 473
114 477
114 478
114 484
114 490
114 492
114 499
115 131
115 134
115 140
115 155
115 157
115 159
115 164
115 165
115 167
115 169
115 178
115 189
115 190
115 195
115 204
115 209
115 210
115 215
115 220
115 221
115 227
115 230
115 232
115 235
115 236
115 239
115 240
115 242
115 243
115 244
115 252
115 255
115 256
115 264
115 269
115 282
115 285
115 289
115 291
115 301
115 308
115 319
115 321
115 323
115 325
115 331
115 350
115 351
115 352
115 353
115 360
115 364
115 367
115 372
115 375
115 378
115 379
115 386
115 401
115 408
115 426
115 437
115 438
115 441
115 444
115 445
115 452
115 453
115 455
115 481
115 487
115 489
115 495
115 498
116 125
116 128
116 135
116 136
116 138
116 140
116 141
116 144
116 145
116 162
116 163
116 171
116 174
116 175
116 179
116 180
116 185
116 188
116 200
116 203
116 214
116 216
116 217
116 218
116 220
116 229
116 230
116 231
116 232
116 233
116 235
116 237
116 244
116 254
116 255
116 257
116 264
116 267
116 268
116 272
116 286
116 297
116 302
116 310
116 311
116 321
116 323
116 325
116 328
116 346
116 362
116 363
116 365
116 366
116 368
116 373
116 378
116 382
116 383
116 385
116 400
116 405
116 406
116 420
116 423
116 429
116 442
116 447
116 450
116 456
116 459
116 461
116 470
116 474
116 480
116 484
116 485
116 489
116 492
117 118
117 119
117 125
117 129
117 133
117 134
117 142
117 146
117 148
117 162
117 163
117 170
117 186
117 187
117 192
117 198
117 204
117 207
117 208
117 213
117 216
117 221
117 223
117 227
117 229
117 232
117 241
117 242
117 247
117 249
117 251
117 256
117 258
117 263
117 269
117 271
117 274
117 286
117 289
117 298
117 307
117 308
117 309
117 311
117 315
117 320
117 323
117 327
117 333
117 339
117 343
117 346
117 349
117 352
117 358
117 362
117 366
117 368
117 371
117 372
117 375
117 383
117 385
117 386
117 391
117 397
117 407
117 411
117 420
117 427
117 436
117 438
117 444
117 456
117 462
117 481
117 483
117 489
118 128
118 131
118 142
118 146
118 147
118 154
118 155
118 168
118 177
118 180
118 183
118 186
118 196
118 202
118 204
118 207
118 210
118 213
118 219
118 230
118 242
118 244
118 246
118 251
118 272
118 279
118 284
118 287
118 288
118 290
118 291
118 296
118 298
118 304
118 307
118 309
118 312
118 313
118 314
118 317
118 318
118 321
118 345
118 351
118 352
118 356
118 361
118 364
118 368
118 369
118 371
118 375
118 385
118 386
118 394
118 395
118 397
118 401
118 404
118 407
118 409
118 411
118 416
118 419
118 423
118 424
118 436
118 440
118 443
118 445
118 448
118 449
118 451
118 454
118 455
118 456
118 462
118 471
118 480
118 484
118 486
118 489
118 490
118 493
118 495
118 497
119 124
119 143
119 156
119 157
119 159
119 165
119 166
119 171
119 185
119 188
119 190
119 191
119 195
119 199
119 201
119 204
119 209
119 212
119 220
119 223
119 226
119 229
119 239
119 240
119 242
119 244
119 247
119 248
119 250
119 266
119 271
119 272
119 285
119 294
119 296
119 298
119 301
119 307
119 309
119 311
119 316
119 321
119 322
119 327
119 329
119 335
119 341
119 343
119 358
119 364
119 367
119 379
119 386
119 391
119 394
119 395
119 399
119 400
119 402
119 403
119 409
119 421
119 428
119 432
119 440
119 447
119 449
119 460
119 462
119 468
119 480
119 485
119 487
119 489
119 494
119 499
120 122
120 124
120 130
120 136
120 141
120 154
120 166
120 173
120 182
120 188
120 190
120 197
120 208
120 223
120 231
120 234
120 237
120 240
120 253
120 257
120 264
120 269
120 270
120 276
120 283
120 285
120 287
120 293
120 294
120 304
120 309
120 310
120 314
120 315
120 317
120 322
120 323
120 324
120 327
120 339
120 342
120 343
120 348
120 349
120 355
120 357
120 360
120 361
120 363
120 364
120 380
120 391
120 396
120 399
120 405
120 423
120 425
120 426
120 430
120 433
120 437
120 445
120 452
120 462
120 466
120 468
120 472
120 487
121 124
121 127
121 130
121 131
121 134
121 136
121 140
121 146
121 148
121 150
121 151
121 158
121 161
121 174
121 184
121 202
121 208
121 213
121 216
121 218
121 220
121 222
121 224
121 230
121 251
121 256
121 266
121 267
121 270
121 277
121 283
121 288
121 294
121 298
121 308
121 309
121 316
121 321
121 326
121 328
121 329
121 330
121 333
121 334
121 336
121 339
121 344
121 351
121 352
121 353
121 366
121 373
121 380
121 385
121 387
121 389
121 392
121 396
121 401
121 409
121 414
121 415
121 419
121 424
121 427
121 429
121 431
121 444
121 446
121 454
121 458
121 463
121 464
121 465
121 470
121 473
121 478
121 497
122 123
122 126
122 132
122 138
122 152
122 154
122 158
122 159
122 167
122 173
122 174
122 176
122 177
122 182
122 186
122 190
122 192
122 196
122 199
122 207
122 210
122 211
122 217
122 221
122 225
122 228
122 239
122 251
122 257
122 279
122 286
122 298
122 299
122 302
122 308
122 318
122 322
122 325
122 326
122 339
122 343
122 347
122 351
122 355
122 357
122 363
122 366
122 367
122 371
122 373
122 377
122 378
122 382
122 386
122 390
122 395
122 399
122 411
122 428
122 432
122 434
122 437
122 454
122 461
122 465
122 467
122 469
122 470
122 475
122 481
122 488
122 499
123 126
123 138
123 139
123 140
123 141
123 145
123 148
123 164
123 165
123 168
123 171
123 172
123 176
123 178
123 179
123 182
123 186
123 189
123 200
123 208
123 211
123 213
123 214
123 227
123 239
123 250
123 261
123 263
123 264
123 269
123 270
123 271
123 277
123 279
123 283
123 286
123 291
123 299
123 300
123 321
123 339
123 342
123 354
123 358
123 359
123 366
123 372
123 377
123 381
123 385
123 388
123 390
123 396
123 398
123 403
123 406
123 409
123 411
123 413
123 416
123 417
123 418
123 422
123 423
123 424
123 429
123 433
123 434
123 436
123 437
123 440
123 444
123 456
123 463
123 467
123 474
123 475
123 486
124 125
124 127
124 128
124 136
124 152
124 159
124 165
124 170
124 190
124 192
124 198
124 199
124 206
124 209
124 214
124 220
124 224
124 225
124 235
124 241
124 246
124 253
124 261
124 265
124 266
124 273
124 278
124 281
124 284
124 286
124 291
124 297
124 299
124 303
124 305
124 312
124 319
124 328
124 331
124 332
124 334
124 347
124 370
124 371
124 383
124 393
124 406
124 410
124 414
124 422
124 427
124 432
124 434
124 435
124 438
124 441
124 443
124 444
124 454
124 456
124 471
124 473
124 481
124 482
124 484
124 489
124 491
124 496
125 126
125 131
125 132
125 138
125 146
125 155
125 167
125 175
125 176
125 181
125 193
125 199
125 200
125 205
125 210
125 221
125 231
125 232
125 236
125 239
125 248
125 249
125 251
125 254
125 256
125 268
125 270
125 274
125 275
125 283
125 287
125 301
125 303
125 309
125 312
125 313
125 314
125 315
125 317
125 323
125 329
125 335
125 337
125 339
125 342
125 344
125 347
125 352
125 353
125 358
125 361
125 365
125 386
125 392
125 395
125 400
125 403
125 404
125 405
125 406
125 417
125 430
125 439
125 460
125 468
125 470
125 471
125 486
125 488
125 489
125 490
125 494
126 130
126 142
126 143
126 148
126 151
126 153
126 156
126 160
126 175
126 178
126 181
126 182
126 198
126 206
126 217
126 219
126 233
126 256
126 257
126 259
126 269
126 276
126 280
126 295
126 296
126 301
126 310
126 313
126 321
126 327
126 332
126 333
126 338
126 341
126 343
126 349
126 358
126 364
126 368
126 404
126 414
126 426
126 433
126 436
126 442
126 463
126 464
126 472
126 486
126 488
126 493
127 130
127 135
127 139
127 141
127 145
127 159
127 169
127 174
127 182
127 184
127 186
127 208
127 212
127 218
127 234
127 251
127 252
127 253
127 256
127 258
127 259
127 264
127 269
127 271
127 273
127 275
127 277
127 280
127 285
127 287
127 288
127 291
127 294
127 296
127 297
127 298
127 306
127 312
127 319
127 323
127 330
127 331
127 338
127 340
127 342
127 346
127 357
127 358
127 363
127 373
127 377
127 381
127 383
127 384
127 388
127 389
127 391
127 393
127 398
127 402
127 406
127 413
127 417
127 418
127 426
127 428
127 432
127 433
127 443
127 444
127 454
127 461
127 462
127 466
127 468
127 481
127 483
127 487
127 490
127 496
128 129
128 136
128 137
128 147
128 154
128 156
128 157
128 158
128 162
128 167
128 171
128 184
128 188
128 193
128 200
128 202
128 203
128 207
128 209
128 210
128 215
128 221
128 223
128 225
128 226
128 227
128 230
128 232
128 236
128 238
128 242
128 246
128 248
128 254
128 257
128 260
128 261
128 265
128 274
128 276
128 280
128 282
128 284
128 286
128 288
128 298
128 300
128 304
128 305
128 309
128 314
128 317
128 318
128 331
128 332
128 335
128 343
128 345
128 346
128 350
128 351
128 355
128 361
128 364
128 373
128 375
128 377
128 379
128 381
128 383
128 395
128 398
128 406
128 413
128 418
128 423
128 433
128 435
128 452
128 454
128 456
128 457
128 468
128 469
128 475
128 476
128 481
128 482
128 484
128 486
128 496
128 497
128 498
129 130
129 133
129 135
129 143
129 149
129 153
129 156
129 161
129 163
129 190
129 192
129 194
129 196
129 204
129 205
129 228
129 232
129 236
129 243
129 245
129 257
129 261
129 264
129 270
129 272
129 274
129 277
129 280
129 284
129 287
129 288
129 300
129 301
129 302
129 303
129 316
129 317
129 319
129 331
129 334
129 339
129 342
129 343
129 344
129 347
129 351
129 356
129 362
129 363
129 371
129 379
129 383
129 386
129 390
129 393
129 395
129 400
129 401
129 413
129 414
129 422
129 428
129 435
129 438
129 450
129 456
129 459
129 463
129 464
129 465
129 469
129 474
129 481
129 483
129 486
129 499
130 132
130 145
130 150
130 158
130 177
130 178
130 182
130 186
130 189
130 194
130 198
130 201
130 203
130 211
130 216
130 218
130 226
130 227
130 228
130 229
130 238
130 239
130 241
130 247
130 250
130 254
130 258
130 269
130 275
130 278
130 284
130 289
130 291
130 300
130 302
130 307
130 311
130 315
130 316
130 320
130 322
130 323
130 324
130 325
130 327
130 336
130 338
130 339
130 340
130 346
130 347
130 350
130 355
130 359
130 370
130 374
130 375
130 378
130 379
130 390
130 393
130 397
130 403
130 407
130 413
130 421
130 422
130 426
130 427
130 428
130 439
130 440
130 441
130 443
130 444
130 451
130 456
130 465
130 466
130 469
130 480
130 489
130 492
130 494
130 496
131 150
131 159
131 160
131 161
131 169
131 171
131 173
131 174
131 176
131 185
131 194
131 196
131 197
131 201
131 203
131 206
131 210
131 215
131 217
131 222
131 224
131 226
131 235
131 237
131 246
131 247
131 252
131 253
131 258
131 260
131 263
131 265
131 266
131 269
131 271
131 273
131 274
131 288
131 294
131 302
131 303
131 317
131 329
131 333
131 334
131 337
131 342
131 367
131 374
131 376
131 385
131 388
131 389
131 390
131 391
131 394
131 401
131 402
131 405
131 413
131 417
131 419
131 436
131 438
131 456
131 458
131 461
131 467
131 474
131 477
131 494
131 497
132 139
132 153
132 155
132 156
132 170
132 178
132 188
132 190
132 213
132 214
132 215
132 230
132 231
132 237
132 239
132 240
132 243
132 245
132 249
132 254
132 256
132 257
132 265
132 288
132 289
132 293
132 306
132 308
132 311
132 319
132 323
132 324
132 328
132 329
132 333
132 338
132 339
132 347
132 349
132 352
132 361
132 372
132 374
132 375
132 377
132 383
132 391
132 394
132 403
132 407
132 411
132 412
132 415
132 416
132 424
132 441
132 458
132 459
132 460
132 463
132 464
132 475
132 480
132 482
132 486
132 489
132 493
132 494
132 496
133 137
133 141
133 143
133 145
133 156
133 163
133 165
133 182
133 183
133 185
133 195
133 197
133 201
133 204
133 207
133 214
133 221
133 227
133 230
133 237
133 243
133 245
133 246
133 249
133 254
133 262
133 264
133 265
133 273
133 289
133 291
133 294
133 295
133 296
133 298
133 306
133 308
133 311
133 318
133 329
133 335
133 337
133 342
133 343
133 348
133 356
133 359
133 365
133 368
133 377
133 378
133 381
133 384
133 398
133 403
133 446
133 458
133 465
133 475
133 479
133 487
134 138
134 154
134 158
134 163
134 165
134 168
134 172
134 175
134 184
134 188
134 190
134 191
134 194
134 201
134 204
134 206
134 214
134 220
134 224
134 229
134 243
134 245
134 248
134 249
134 250
134 251
134 252
134 259
134 260
134 264
134 266
134 275
134 290
134 298
134 300
134 308
134 312
134 313
134 314
134 316
134 320
134 323
134 329
134 341
134 345
134 347
134 365
134 366
134 376
134 379
134 381
134 387
134 391
134 399
134 406
134 415
134 416
134 418
134 428
134 435
134 445
134 453
134 459
134 479
134 482
134 484
134 495
134 497
135 137
135 141
135 146
135 148
135 149
135 158
135 160
135 164
135 175
135 179
135 182
135 184
135 189
135 192
135 203
135 211
135 214
135 218
135 221
135 223
135 230
135 236
135 251
135 252
135 261
135 276
135 296
135 298
135 308
135 310
135 333
135 334
135 341
135 347
135 348
135 349
135 354
135 361
135 364
135 371
135 375
135 382
135 384
135 388
135 394
135 405
135 406
135 421
135 427
135 448
135 465
135 466
135 471
135 473
135 474
135 475
135 479
135 480
135 494
135 495
135 496
135 498
136 155
136 158
136 164
136 165
136 169
136 175
136 178
136 190
136 192
136 195
136 196
136 197
136 198
136 199
136 205
136 207
136 210
136 219
136 226
136 230
136 233
136 234
136 235
136 238
136 243
136 247
136 249
136 253
136 258
136 262
136 263
136 269
136 272
136 288
136 289
136 295
136 296
136 302
136 307
136 311
136 324
136 331
136 334
136 339
136 342
136 344
136 346
136 348
136 349
136 350
136 361
136 368
136 378
136 382
136 384
136 390
136 393
136 395
136 396
136 400
136 415
136 416
136 417
136 419
136 421
136 427
136 432
136 438
136 440
136 441
136 443
136 444
136 453
136 457
136 459
136 467
136 473
136 478
136 486
136 498
137 138
137 141
137 145
137 148
137 157
137 163
137 166
137 167
137 168
137 180
137 182
137 183
137 186
137 188
137 218
137 219
137 222
137 235
137 236
137 238
137 247
137 252
137 262
137 264
137 270
137 271
137 278
137 285
137 286
137 292
137 295
137 298
137 305
137 306
137 320
137 321
137 324
137 325
137 329
137 341
137 343
137 346
137 352
137 356
137 360
137 367
137 371
137 372
137 376
137 378
137 384
137 385
137 386
137 391
137 395
137 411
137 419
137 421
137 432
137 440
137 442
137 444
137 446
137 447
137 448
137 451
137 456
137 459
137 462
137 464
137 465
137 467
137 472
137 484
137 485
137 489
137 498
138 152
138 154
138 159
138 164
138 167
138 168
138 169
138 170
138 184
138 185
138 189
138 191
138 199
138 200
138 204
138 206
138 208
138 209
138 210
138 211
138 212
138 218
138 220
138 223
138 230
138 245
138 246
138 247
138 249
138 251
138 252
138 253
138 262
138 265
138 266
138 275
138 276
138 289
138 295
138 296
138 297
138 300
138 303
138 314
138 335
138 337
138 338
138 340
138 343
138 349
138 355
138 356
138 359
138 366
138 371
138 375
138 380
138 400
138 404
138 421
138 429
138 435
138 436
138 439
138 440
138 441
138 442
138 445
138 454
138 457
138 459
138 473
138 474
138 484
138 487
138 488
138 491
138 498
139 144
139 157
139 158
139 163
139 164
139 168
139 170
139 174
139 175
139 176
139 184
139 191
139 199
139 210
139 214
139 217
139 230
139 237
139 242
139 243
139 254
139 265
139 266
139 270
139 276
139 287
139 289
139 291
139 293
139 295
139 297
139 298
139 307
139 317
139 322
139 323
139 351
139 352
139 353
139 355
139 370
139 373
139 375
139 376
139 383
139 390
139 398
139 400
139 417
139 419
139 427
139 439
139 445
139 449
139 451
139 454
139 464
139 465
139 468
139 474
139 476
139 477
139 479
139 484
139 489
139 492
140 143
140 150
140 151
140 152
140 155
140 156
140 157
140 158
140 164
140 166
140 183
140 193
140 212
140 220
140 224
140 225
140 226
140 227
140 228
140 229
140 237
140 241
140 248
140 250
140 251
140 252
140 254
140 258
140 265
140 267
140 272
140 287
140 312
140 317
140 329
140 332
140 333
140 338
140 343
140 344
140 346
140 356
140 358
140 359
140 360
140 384
140 395
140 409
140 410
140 412
140 416
140 421
140 422
140 427
140 428
140 440
140 446
140 460
140 464
140 468
140 481
140 484
140 490
140 495
140 499
141 146
141 153
141 158
141 161
141 162
141 166
141 167
141 184
141 186
141 189
141 190
141 191
141 192
141 194
141 197
141 200
141 201
141 202
141 203
141 217
141 227
141 234
141 235
141 237
141 240
141 242
141 252
141 254
141 260
141 261
141 266
141 273
141 274
141 285
141 288
141 292
141 294
141 297
141 305
141 309
141 317
141 320
141 321
141 323
141 325
141 331
141 341
141 344
141 351
141 352
141 355
141 356
141 360
141 363
141 364
141 367
141 386
141 403
141 416
141 420
141 422
141 436
141 439
141 447
141 453
141 455
141 456
141 460
141 465
141 468
141 484
141 489
141 491
142 147
142 149
142 158
142 160
142 166
142 168
142 169
142 171
142 193
142 196
142 197
142 198
142 203
142 206
142 210
142 211
142 216
142 223
142 224
142 230
142 250
142 253
142 261
142 263
142 274
142 275
142 284
142 286
142 289
142 294
142 296
142 302
142 304
142 305
142 309
142 312
142 319
142 328
142 329
142 338
142 339
142 342
142 346
142 349
142 350
142 356
142 360
142 361
142 364
142 369
142 373
142 375
142 382
142 389
142 391
142 393
142 408
142 410
142 415
142 416
142 419
142 422
142 423
142 430
142 432
142 436
142 443
142 450
142 452
142 455
142 465
142 477
142 483
142 484
142 493
142 496
143 150
143 154
143 156
143 158
143 165
143 168
143 169
143 172
143 179
143 180
143 187
143 194
143 196
143 199
143 200
143 202
143 205
143 210
143 214
143 215
143 216
143 222
143 225
143 226
143 227
143 229
143 230
143 233
143 237
143 239
143 246
143 248
143 268
143 269
143 275
143 280
143 285
143 286
143 290
143 297
143 308
143 311
143 314
143 319
143 329
143 330
143 337
143 344
143 345
143 352
143 359
143 361
143 364
143 380
143 383
143 395
143 402
143 404
143 407
143 415
143 433
143 439
143 441
143 444
143 445
143 446
143 451
143 458
143 461
143 463
143 472
143 473
143 474
143 477
143 480
143 486
143 498
144 146
144 149
144 155
144 161
144 165
144 172
144 174
144 177
144 182
144 188
144 199
144 202
144 204
144 214
144 220
144 231
144 232
144 235
144 236
144 247
144 250
144 252
144 254
144 255
144 270
144 271
144 273
144 274
144 282
144 290
144 291
144 296
144 298
144 299
144 301
144 309
144 317
144 321
144 323
144 324
144 326
144 335
144 344
144 345
144 353
144 361
144 372
144 383
144 384
144 389
144 394
144 399
144 416
144 417
144 424
144 426
144 435
144 439
144 440
144 446
144 447
144 454
144 455
144 457
144 458
144 460
144 464
144 467
144 469
144 471
144 478
144 481
144 482
144 494
145 151
145 153
145 154
145 156
145 158
145 163
145 165
145 170
145 174
145 175
145 183
145 191
145 192
145 196
145 208
145 212
145 236
145 237
145 242
145 245
145 249
145 267
145 272
145 281
145 284
145 293
145 295
145 311
145 317
145 320
145 329
145 335
145 336
145 338
145 344
145 345
145 361
145 372
145 384
145 389
145 400
145 403
145 404
145 407
145 409
145 412
145 413
145 430
145 433
145 442
145 443
145 452
145 453
145 454
145 467
145 468
145 470
145 471
145 480
145 481
145 485
146 152
146 153
146 154
146 159
146 161
146 170
146 171
146 172
146 173
146 188
146 189
146 196
146 203
146 204
146 207
146 208
146 210
146 222
146 224
146 229
146 235
146 238
146 249
146 254
146 261
146 267
146 275
146 284
146 288
146 304
146 311
146 314
146 329
146 332
146 334
146 338
146 345
146 348
146 352
146 360
146 366
146 367
146 368
146 374
146 375
146 376
146 378
146 380
146 387
146 392
146 400
146 404
146 410
146 421
146 422
146 427
146 428
146 436
146 447
146 452
146 454
146 464
146 466
146 470
146 480
146 482
146 484
146 488
146 497
146 499
147 152
147 159
147 161
147 167
147 173
147 179
147 182
147 183
147 188
147 193
147 194
147 202
147 206
147 211
147 216
147 224
147 227
147 228
147 238
147 240
147 241
147 248
147 249
147 252
147 253
147 263
147 269
147 270
147 275
147 278
147 285
147 293
147 296
147 297
147 300
147 307
147 313
147 315
147 331
147 335
147 338
147 339
147 344
147 346
147 347
147 355
147 361
147 363
147 368
147 381
147 384
147 387
147 388
147 396
147 397
147 403
147 406
147 408
147 410
147 415
147 416
147 421
147 423
147 424
147 429
147 433
147 440
147 449
147 453
147 454
147 466
147 467
147 471
147 474
147 485
147 487
147 489
147 491
147 492
147 496
148 149
148 155
148 157
148 172
148 173
148 174
148 184
148 188
148 192
148 195
148 196
148 197
148 198
148 213
148 221
148 222
148 235
148 237
148 239
148 269
148 270
148 272
148 283
148 287
148 292
148 301
148 309
148 313
148 328
148 333
148 339
148 340
148 347
148 355
148 367
148 374
148 380
148 383
148 384
148 394
148 396
148 399
148 400
148 403
148 411
148 413
148 428
148 433
148 435
148 438
148 442
148 454
148 458
148 462
148 463
148 465
148 467
148 470
148 477
148 481
148 482
148 483
148 499
149 156
149 161
149 166
149 168
149 169
149 174
149 180
149 182
149 186
149 192
149 193
149 196
149 197
149 199
149 200
149 201
149 224
149 239
149 246
149 250
149 264
149 281
149 288
149 293
149 303
149 309
149 311
149 314
149 318
149 321
149 327
149 333
149 337
149 347
149 352
149 355
149 357
149 360
149 363
149 374
149 375
149 383
149 387
149 390
149 401
149 402
149 410
149 417
149 419
149 420
149 421
149 422
149 424
149 429
149 438
149 441
149 446
149 451
149 453
149 454
149 461
149 470
149 477
149 481
149 484
149 495
149 499
150 155
150 160
150 163
150 168
150 174
150 179
150 180
150 191
150 201
150 204
150 207
150 208
150 217
150 221
150 224
150 227
150 229
150 231
150 232
150 239
150 251
150 252
150 253
150 255
150 268
150 269
150 270
150 273
150 274
150 284
150 287
150 289
150 292
150 296
150 298
150 301
150 302
150 313
150 315
150 316
150 321
150 324
150 328
150 330
150 335
150 336
150 340
150 346
150 347
150 351
150 353
150 354
150 364
150 368
150 369
150 370
150 372
150 375
150 389
150 390
150 392
150 393
150 395
150 408
150 412
150 415
150 418
150 426
150 434
150 439
150 443
150 445
150 451
150 454
150 459
150 466
150 470
150 480
150 483
150 487
150 489
150 493
150 494
150 498
151 152
151 154
151 156
151 158
151 161
151 165
151 170
151 172
151 181
151 188
151 190
151 198
151 207
151 221
151 228
151 236
151 244
151 246
151 255
151 257
151 263
151 268
151 277
151 279
151 290
151 294
151 297
151 298
151 302
151 311
151 321
151 322
151 324
151 332
151 333
151 337
151 339
151 346
151 352
151 353
151 366
151 374
151 375
151 376
151 379
151 384
151 385
151 390
151 400
151 402
151 403
151 418
151 419
151 420
151 421
151 430
151 431
151 434
151 439
151 440
151 443
151 444
151 447
151 449
151 455
151 456
151 457
151 460
151 461
151 464
151 467
151 468
151 475
151 481
151 483
151 486
151 487
151 492
151 494
151 495
152 153
152 155
152 158
152 164
152 170
152 173
152 177
152 181
152 186
152 189
152 206
152 221
152 222
152 240
152 242
152 246
152 248
152 250
152 253
152 254
152 262
152 266
152 269
152 274
152 294
152 297
152 298
152 299
152 301
152 305
152 310
152 313
152 314
152 323
152 326
152 329
152 331
152 336
152 351
152 353
152 355
152 358
152 362
152 372
152 381
152 395
152 400
152 405
152 416
152 418
152 426
152 432
152 433
152 435
152 439
152 441
152 442
152 444
152 451
152 452
152 465
152 468
152 473
152 485
152 486
152 490
152 491
152 496
152 498
153 154
153 159
153 160
153 163
153 173
153 176
153 177
153 181
153 187
153 188
153 189
153 191
153 195
153 196
153 197
153 200
153 204
153 206
153 208
153 211
153 213
153 221
153 222
153 223
153 231
153 236
153 249
153 254
153 255
153 262
153 267
153 270
153 274
153 275
153 284
153 312
153 326
153 330
153 332
153 334
153 336
153 337
153 342
153 352
153 355
153 357
153 361
153 362
153 371
153 378
153 379
153 381
153 388
153 389
153 391
153 397
153 398
153 400
153 405
153 406
153 408
153 410
153 413
153 425
153 428
153 433
153 436
153 447
153 450
153 455
153 457
153 458
153 461
153 462
153 476
153 480
153 484
153 490
153 494
153 496
154 155
154 161
154 162
154 166
154 171
154 186
154 187
154 190
154 192
154 196
154 209
154 213
154 231
154 237
154 243
154 247
154 250
154 253
154 258
154 261
154 264
154 269
154 274
154 277
154 284
154 289
154 290
154 294
154 295
154 299
154 303
154 305
154 307
154 313
154 314
154 316
154 318
154 325
154 327
154 334
154 335
154 338
154 344
154 345
154 346
154 349
154 352
154 354
154 355
154 361
154 363
154 364
154 367
154 370
154 374
154 390
154 401
154 407
154 409
154 417
154 420
154 424
154 425
154 428
154 433
154 436
154 437
154 444
154 456
154 458
154 460
154 476
154 477
154 479
154 485
154 486
154 497
154 498
154 499
155 162
155 164
155 174
155 184
155 187
155 190
155 191
155 194
155 202
155 214
155 217
155 226
155 227
155 235
155 241
155 242
155 247
155 253
155 254
155 257
155 259
155 262
155 263
155 265
155 275
155 277
155 279
155 288
155 290
155 295
155 299
155 304
155 305
155 306
155 322
155 323
155 325
155 330
155 332
155 337
155 341
155 342
155 343
155 350
155 351
155 355
155 358
155 359
155 367
155 371
155 374
155 375
155 380
155 388
155 390
155 400
155 403
155 411
155 414
155 420
155 432
155 433
155 447
155 451
155 453
155 455
155 456
155 457
155 462
155 470
155 476
155 482
155 484
155 493
155 497
155 498
156 165
156 179
156 180
156 184
156 190
156 194
156 195
156 196
156 203
156 205
156 215
156 223
156 230
156 238
156 241
156 243
156 245
156 249
156 257
156 262
156 266
156 271
156 278
156 279
156 280
156 282
156 285
156 292
156 295
156 298
156 300
156 302
156 315
156 335
156 338
156 342
156 345
156 346
156 348
156 352
156 354
156 356
156 357
156 360
156 365
156 372
156 383
156 388
156 389
156 402
156 405
156 407
156 408
156 409
156 411
156 417
156 424
156 429
156 432
156 438
156 447
156 449
156 452
156 454
156 459
156 463
156 466
156 469
156 478
156 479
156 489
156 493
156 494
156 495
157 164
157 179
157 180
157 183
157 184
157 186
157 190
157 191
157 194
157 198
157 199
157 216
157 223
157 225
157 232
157 249
157 253
157 255
157 278
157 279
157 284
157 288
157 294
157 302
157 306
157 308
157 313
157 315
157 323
157 331
157 338
157 343
157 345
157 363
157 371
157 376
157 380
157 381
157 382
157 384
157 388
157 390
157 394
157 395
157 398
157 404
157 409
157 425
157 426
157 429
157 438
157 444
157 448
157 451
157 453
157 454
157 457
157 461
157 467
157 472
157 473
157 477
157 478
157 479
157 480
157 499
158 160
158 165
158 169
158 170
158 176
158 178
158 181
158 182
158 185
158 192
158 193
158 194
158 195
158 205
158 209
158 213
158 214
158 220
158 224
158 240
158 242
158 244
158 249
158 268
158 269
158 280
158 281
158 291
158 294
158 303
158 311
158 322
158 325
158 329
158 333
158 341
158 351
158 353
158 355
158 366
158 371
158 382
158 388
158 394
158 396
158 401
158 404
158 414
158 421
158 422
158 434
158 438
158 447
158 453
158 463
158 467
158 482
158 484
158 485
158 494
158 498
159 172
159 173
159 185
159 189
159 190
159 200
159 202
159 207
159 210
159 215
159 217
159 219
159 229
159 233
159 239
159 240
159 249
159 255
159 257
159 267
159 270
159 271
159 277
159 278
159 281
159 285
159 289
159 295
159 301
159 306
159 323
159 324
159 327
159 333
159 337
159 343
159 345
159 346
159 353
159 359
159 360
159 363
159 371
159 376
159 392
159 393
159 401
159 416
159 432
159 434
159 440
159 448
159 450
159 457
159 459
159 467
159 468
159 472
159 473
159 474
159 476
159 479
159 492
159 493
160 163
160 167
160 177
160 179
160 187
160 192
160 195
160 197
160 204
160 215
160 216
160 220
160 224
160 235
160 238
160 241
160 247
160 251
160 259
160 260
160 262
160 264
160 272
160 275
160 280
160 284
160 288
160 294
160 310
160 318
160 321
160 332
160 339
160 344
160 346
160 347
160 354
160 356
160 360
160 361
160 363
160 372
160 374
160 375
160 378
160 379
160 386
160 392
160 393
160 394
160 401
160 412
160 414
160 421
160 437
160 440
160 441
160 443
160 448
160 449
160 451
160 452
160 455
160 457
160 465
160 466
160 469
160 484
160 487
160 488
160 495
160 496
161 164
161 166
161 178
161 185
161 187
161 192
161 194
161 197
161 200
161 212
161 213
161 224
161 230
161 231
161 232
161 235
161 236
161 237
161 239
161 240
161 244
161 251
161 253
161 256
161 267
161 270
161 279
161 290
161 293
161 295
161 297
161 311
161 319
161 320
161 323
161 339
161 343
161 347
161 351
161 354
161 356
161 361
161 362
161 368
161 371
161 373
161 376
161 379
161 389
161 406
161 408
161 411
161 419
161 422
161 424
161 426
161 427
161 429
161 434
161 435
161 436
161 437
161 446
161 456
161 457
161 458
161 472
161 477
161 486
161 495
161 498
162 171
162 184
162 190
162 216
162 218
162 220
162 230
162 231
162 238
162 240
162 242
162 247
162 259
162 264
162 265
162 267
162 269
162 274
162 276
162 278
162 281
162 286
162 287
162 291
162 292
162 299
162 303
162 305
162 311
162 313
162 322
162 334
162 339
162 346
162 358
162 361
162 362
162 363
162 366
162 371
162 373
162 378
162 384
162 391
162 399
162 400
162 403
162 417
162 419
162 430
162 434
162 436
162 441
162 442
162 445
162 449
162 458
162 468
162 486
162 490
162 498
163 166
163 167
163 173
163 187
163 195
163 197
163 213
163 217
163 219
163 223
163 233
163 242
163 244
163 245
163 246
163 257
163 270
163 276
163 278
163 279
163 293
163 300
163 315
163 317
163 325
163 327
163 332
163 335
163 341
163 345
163 366
163 367
163 369
163 372
163 378
163 379
163 383
163 389
163 393
163 394
163 395
163 401
163 402
163 406
163 409
163 410
163 411
163 413
163 428
163 429
163 432
163 445
163 449
163 452
163 458
163 461
163 469
163 480
163 483
163 498
164 168
164 170
164 174
164 175
164 180
164 190
164 191
164 192
164 197
164 199
164 206
164 211
164 213
164 219
164 222
164 225
164 232
164 241
164 242
164 249
164 255
164 263
164 265
164 271
164 275
164 276
164 280
164 288
164 293
164 294
164 298
164 308
164 310
164 311
164 312
164 313
164 323
164 324
164 325
164 335
164 337
164 338
164 339
164 345
164 355
164 356
164 357
164 359
164 360
164 361
164 362
164 365
164 367
164 369
164 376
164 385
164 389
164 396
164 402
164 409
164 411
164 416
164 423
164 425
164 427
164 431
164 436
164 446
164 448
164 456
164 460
164 467
164 469
164 481
164 486
164 494
164 496
164 499
165 166
165 169
165 182
165 185
165 191
165 193
165 198
165 205
165 207
165 208
165 213
165 219
165 220
165 228
165 237
165 242
165 243
165 245
165 246
165 247
165 251
165 253
165 263
165 269
165 284
165 294
165 296
165 299
165 300
165 321
165 325
165 329
165 334
165 344
165 347
165 349
165 351
165 352
165 356
165 359
165 369
165 370
165 373
165 379
165 382
165 385
165 387
165 389
165 390
165 391
165 394
165 399
165 400
165 406
165 407
165 411
165 421
165 431
165 432
165 435
165 455
165 464
165 472
165 482
165 486
165 499
166 167
166 173
166 178
166 191
166 199
166 202
166 210
166 217
166 218
166 232
166 239
166 240
166 245
166 246
166 247
166 249
166 253
166 254
166 263
166 283
166 286
166 297
166 306
166 309
166 314
166 317
166 321
166 325
166 351
166 356
166 367
166 368
166 374
166 378
166 382
166 383
166 390
166 394
166 399
166 401
166 404
166 405
166 410
166 413
166 423
166 429
166 437
166 440
166 449
166 450
166 454
166 456
166 463
166 468
166 471
166 472
166 478
166 480
166 485
166 489
166 493
166 495
166 498
167 175
167 209
167 212
167 215
167 216
167 224
167 225
167 228
167 234
167 235
167 236
167 242
167 243
167 244
167 245
167 248
167 252
167 253
167 255
167 260
167 262
167 263
167 267
167 268
167 273
167 274
167 283
167 285
167 288
167 296
167 312
167 314
167 323
167 326
167 332
167 334
167 335
167 341
167 345
167 350
167 354
167 366
167 375
167 391
167 400
167 401
167 403
167 409
167 413
167 421
167 427
167 428
167 431
167 432
167 433
167 438
167 441
167 449
167 462
167 469
167 470
167 474
167 477
167 478
167 480
167 482
167 486
167 489
167 490
167 492
167 493
168 173
168 176
168 178
168 179
168 190
168 209
168 210
168 213
168 215
168 218
168 222
168 227
168 248
168 252
168 258
168 278
168 281
168 287
168 291
168 295
168 300
168 304
168 306
168 318
168 321
168 322
168 323
168 325
168 329
168 333
168 337
168 339
168 355
168 356
168 367
168 370
168 378
168 382
168 387
168 390
168 392
168 396
168 407
168 409
168 411
168 414
168 424
168 433
168 435
168 448
168 450
168 474
168 477
168 482
168 490
168 491
168 495
168 496
168 498
169 173
169 194
169 196
169 202
169 203
169 220
169 221
169 222
169 225
169 228
169 230
169 234
169 241
169 256
169 257
169 261
169 263
169 274
169 277
169 283
169 288
169 293
169 303
169 311
169 314
169 319
169 327
169 332
169 337
169 350
169 355
169 365
169 367
169 369
169 371
169 372
169 375
169 378
169 379
169 380
169 382
169 385
169 386
169 388
169 394
169 407
169 410
169 418
169 420
169 427
169 428
169 429
169 433
169 444
169 445
169 446
169 447
169 452
169 470
169 471
169 476
169 489
169 490
169 497
169 498
169 499
170 180
170 186
170 196
170 198
170 201
170 202
170 203
170 204
170 206
170 212
170 217
170 222
170 223
170 230
170 231
170 234
170 236
170 250
170 251
170 253
170 255
170 259
170 264
170 265
170 270
170 271
170 273
170 275
170 278
170 283
170 288
170 289
170 290
170 294
170 298
170 304
170 311
170 319
170 322
170 323
170 329
170 330
170 333
170 334
170 340
170 341
170 348
170 356
170 362
170 366
170 368
170 374
170 376
170 377
170 378
170 403
170 404
170 405
170 406
170 411
170 412
170 413
170 415
170 423
170 425
170 434
170 442
170 452
170 458
170 461
170 464
170 474
170 475
170 479
170 480
170 483
170 484
170 485
170 490
171 173
171 174
171 180
171 184
171 186
171 188
171 193
171 194
171 196
171 200
171 203
171 209
171 212
171 216
171 218
171 220
171 232
171 233
171 235
171 237
171 238
171 242
171 248
171 272
171 283
171 286
171 290
171 292
171 293
171 302
171 303
171 305
171 310
171 314
171 318
171 324
171 325
171 326
171 330
171 332
171 339
171 341
171 344
171 352
171 353
171 358
171 362
171 365
171 366
171 367
171 371
171 372
171 373
171 375
171 381
171 382
171 389
171 400
171 405
171 417
171 419
171 433
171 434
171 437
171 438
171 439
171 446
171 449
171 454
171 455
171 456
171 459
171 464
171 467
171 470
171 476
171 478
171 481
171 484
171 491
171 496
171 498
172 183
172 184
172 188
172 189
172 203
172 216
172 229
172 230
172 233
172 241
172 248
172 257
172 263
172 266
172 269
172 272
172 273
172 280
172 282
172 300
172 302
172 310
172 315
172 316
172 320
172 322
172 335
172 340
172 346
172 356
172 360
172 369
172 371
172 373
172 377
172 388
172 391
172 392
172 396
172 401
172 408
172 410
172 417
172 419
172 422
172 428
172 438
172 447
172 448
172 455
172 456
172 459
172 470
172 474
172 481
172 487
172 488
172 492
172 495
173 174
173 183
173 195
173 197
173 208
173 209
173 213
173 215
173 221
173 227
173 234
173 235
173 241
173 261
173 265
173 279
173 281
173 284
173 285
173 297
173 304
173 308
173 316
173 319
173 320
173 322
173 325
173 336
173 340
173 341
173 343
173 344
173 346
173 349
173 354
173 363
173 367
173 373
173 385
173 390
173 399
173 402
173 412
173 420
173 443
173 447
173 451
173 459
173 466
173 467
173 469
173 474
173 478
173 479
173 480
173 483
173 491
173 492
174 179
174 187
174 193
174 200
174 203
174 210
174 212
174 219
174 221
174 224
174 227
174 228
174 232
174 234
174 237
174 238
174 240
174 242
174 244
174 247
174 253
174 254
174 258
174 264
174 265
174 276
174 280
174 292
174 293
174 306
174 308
174 310
174 311
174 313
174 316
174 320
174 328
174 329
174 331
174 336
174 340
174 341
174 345
174 352
174 358
174 359
174 365
174 367
174 372
174 378
174 386
174 390
174 393
174 401
174 402
174 407
174 410
174 411
174 416
174 422
174 423
174 426
174 427
174 432
174 439
174 441
174 463
174 464
174 466
174 468
174 469
174 471
174 473
174 475
174 482
174 488
174 493
175 183
175 191
175 192
175 198
175 199
175 204
175 207
175 215
175 223
175 230
175 233
175 249
175 251
175 264
175 269
175 272
175 274
175 280
175 291
175 294
175 298
175 314
175 317
175 319
175 330
175 332
175 336
175 344
175 351
175 367
175 368
175 379
175 390
175 391
175 396
175 408
175 410
175 432
175 435
175 443
175 445
175 448
175 450
175 451
175 471
175 489
176 181
176 182
176 187
176 189
176 193
176 199
176 207
176 208
176 216
176 219
176 226
176 227
176 229
176 248
176 250
176 251
176 253
176 254
176 256
176 260
176 261
176 264
176 266
176 267
176 269
176 274
176 283
176 290
176 291
176 293
176 297
176 307
176 312
176 324
176 334
176 336
176 339
176 342
176 343
176 353
176 357
176 359
176 361
176 367
176 370
176 374
176 376
176 377
176 382
176 387
176 389
176 393
176 400
176 403
176 408
176 412
176 418
176 419
176 424
176 429
176 435
176 443
176 448
176 451
176 453
176 461
176 462
176 477
176 481
176 484
176 495
177 189
177 194
177 196
177 197
177 198
177 207
177 211
177 215
177 217
177 221
177 222
177 226
177 240
177 241
177 243
177 244
177 246
177 257
177 260
177 263
177 265
177 269
177 272
177 285
177 290
177 292
177 294
177 296
177 306
177 307
177 308
177 312
177 314
177 332
177 334
177 335
177 336
177 340
177 341
177 353
177 360
177 365
177 376
177 379
177 387
177 392
177 396
177 399
177 402
177 403
177 409
177 421
177 423
177 431
177 433
177 436
177 440
177 448
177 450
177 454
177 458
177 462
177 469
177 482
177 487
177 492
178 180
178 189
178 192
178 193
178 209
178 215
178 216
178 227
178 234
178 235
178 240
178 241
178 243
178 244
178 247
178 254
178 256
178 257
178 258
178 263
178 272
178 277
178 283
178 291
178 292
178 298
178 306
178 307
178 308
178 313
178 323
178 327
178 331
178 333
178 336
178 343
178 346
178 354
178 360
178 361
178 362
178 364
178 378
178 382
178 395
178 418
178 420
178 427
178 428
178 433
178 434
178 446
178 456
178 458
178 468
178 471
178 476
178 478
178 480
178 485
178 487
178 489
178 491
178 493
178 498
179 183
179 188
179 196
179 206
179 213
179 216
179 218
179 219
179 228
179 243
179 266
179 268
179 282
179 296
179 314
179 323
179 325
179 330
179 332
179 335
179 336
179 340
179 352
179 356
179 362
179 364
179 370
179 392
179 394
179 398
179 401
179 404
179 405
179 410
179 411
179 424
179 435
179 436
179 439
179 442
179 443
179 448
179 451
179 455
179 456
179 457
179 459
179 462
179 464
179 467
179 468
179 470
179 482
179 487
179 492
179 494
179 495
179 498
180 185
180 188
180 190
180 202
180 206
180 208
180 209
180 212
180 219
180 223
180 224
180 234
180 242
180 243
180 247
180 251
180 252
180 253
180 257
180 265
180 280
180 282
180 284
180 290
180 292
180 294
180 295
180 313
180 316
180 318
180 319
180 323
180 333
180 340
180 345
180 350
180 351
180 359
180 370
180 373
180 377
180 379
180 389
180 395
180 396
180 404
180 405
180 407
180 408
180 409
180 420
180 424
180 438
180 451
180 455
180 456
180 458
180 459
180 467
180 469
180 471
180 474
180 476
180 480
180 482
180 499
181 182
181 198
181 200
181 205
181 206
181 218
181 221
181 222
181 226
181 228
181 229
181 230
181 232
181 234
181 237
181 239
181 243
181 249
181 252
181 263
181 267
181 269
181 271
181 280
181 286
181 288
181 293
181 295
181 300
181 301
181 305
181 311
181 312
181 313
181 321
181 337
181 352
181 358
181 360
181 368
181 375
181 377
181 383
181 397
181 399
181 407
181 411
181 416
181 423
181 427
181 432
181 436
181 438
181 446
181 448
181 450
181 454
181 462
181 494
181 497
181 498
181 499
182 184
182 189
182 199
182 214
182 219
182 220
182 223
182 226
182 227
182 228
182 232
182 243
182 245
182 246
182 248
182 251
182 258
182 260
182 268
182 271
182 272
182 276
182 279
182 282
182 284
182 286
182 291
182 293
182 297
182 300
182 301
182 305
182 311
182 313
182 327
182 329
182 334
182 335
182 339
182 342
182 345
182 352
182 364
182 366
182 390
182 393
182 394
182 399
182 402
182 406
182 409
182 420
182 433
182 448
182 452
182 458
182 462
182 464
182 468
182 470
182 475
182 483
182 494
182 495
183 189
183 195
183 201
183 203
183 205
183 209
183 210
183 217
183 218
183 224
183 230
183 238
183 240
183 245
183 248
183 258
183 259
183 263
183 264
183 270
183 271
183 281
183 283
183 284
183 290
183 292
183 301
183 307
183 310
183 318
183 322
183 326
183 333
183 335
183 336
183 338
183 341
183 343
183 350
183 351
183 353
183 361
183 379
183 381
183 390
183 393
183 394
183 409
183 416
183 420
183 421
183 424
183 427
183 441
183 443
183 463
183 475
183 478
183 482
183 498
183 499
184 186
184 192
184 194
184 201
184 205
184 206
184 216
184 232
184 236
184 242
184 245
184 247
184 248
184 250
184 256
184 257
184 260
184 263
184 264
184 265
184 274
184 283
184 285
184 287
184 288
184 291
184 298
184 300
184 304
184 306
184 316
184 321
184 333
184 335
184 344
184 348
184 349
184 353
184 362
184 366
184 374
184 377
184 380
184 381
184 384
184 402
184 411
184 414
184 416
184 426
184 438
184 440
184 445
184 446
184 448
184 475
184 476
184 482
184 488
184 491
184 497
184 498
185 189
185 190
185 192
185 200
185 201
185 203
185 207
185 228
185 236
185 247
185 255
185 256
185 259
185 263
185 265
185 266
185 277
185 278
185 284
185 289
185 295
185 298
185 305
185 316
185 335
185 338
185 342
185 345
185 346
185 352
185 361
185 362
185 363
185 373
185 382
185 389
185 390
185 397
185 398
185 405
185 412
185 415
185 416
185 417
185 423
185 433
185 440
185 442
185 444
185 464
185 471
185 472
185 474
185 475
185 480
185 482
185 484
185 488
185 498
186 188
186 192
186 193
186 196
186 200
186 201
186 208
186 210
186 212
186 218
186 224
186 237
186 238
186 240
186 241
186 244
186 255
186 257
186 269
186 270
186 273
186 278
186 280
186 281
186 285
186 303
186 308
186 321
186 334
186 336
186 338
186 340
186 342
186 343
186 349
186 359
186 360
186 364
186 365
186 366
186 374
186 382
186 392
186 396
186 397
186 400
186 415
186 417
186 418
186 419
186 421
186 426
186 430
186 434
186 448
186 455
186 456
186 468
186 471
186 488
186 493
187 188
187 194
187 197
187 198
187 203
187 212
187 219
187 220
187 221
187 224
187 227
187 235
187 237
187 241
187 249
187 250
187 257
187 258
187 267
187 274
187 275
187 284
187 305
187 320
187 343
187 348
187 349
187 356
187 359
187 362
187 367
187 368
187 369
187 371
187 378
187 380
187 381
187 383
187 387
187 394
187 398
187 401
187 403
187 414
187 415
187 419
187 421
187 422
187 428
187 429
187 439
187 447
187 450
187 453
187 456
187 460
187 463
187 468
187 472
187 481
187 482
187 483
187 489
187 494
188 193
188 197
188 210
188 215
188 217
188 221
188 224
188 233
188 238
188 239
188 248
188 253
188 258
188 259
188 264
188 267
188 273
188 277
188 284
188 317
188 327
188 331
188 338
188 343
188 352
188 353
188 354
188 361
188 362
188 364
188 368
188 377
188 380
188 391
188 393
188 398
188 405
188 411
188 416
188 419
188 421
188 422
188 433
188 439
188 459
188 462
188 465
188 472
188 479
188 490
188 494
188 495
189 191
189 198
189 208
189 209
189 227
189 235
189 244
189 251
189 252
189 259
189 268
189 270
189 271
189 274
189 288
189 290
189 294
189 302
189 304
189 305
189 306
189 328
189 335
189 336
189 345
189 350
189 359
189 362
189 389
189 394
189 397
189 399
189 409
189 414
189 416
189 419
189 422
189 435
189 438
189 450
189 451
189 454
189 460
189 463
189 465
189 470
189 474
189 479
189 486
189 488
189 490
189 494
190 191
190 194
190 203
190 204
190 207
190 225
190 227
190 228
190 235
190 258
190 268
190 270
190 271
190 275
190 278
190 286
190 288
190 293
190 314
190 317
190 325
190 330
190 332
190 336
190 337
190 350
190 351
190 359
190 366
190 368
190 372
190 373
190 382
190 404
190 413
190 426
190 433
190 436
190 439
190 441
190 450
190 458
190 466
190 468
190 478
190 479
190 499
191 195
191 199
191 200
191 205
191 210
191 213
191 217
191 219
191 221
191 227
191 229
191 242
191 251
191 254
191 260
191 264
191 266
191 273
191 275
191 281
191 286
191 287
191 290
191 292
191 296
191 304
191 312
191 313
191 317
191 320
191 322
191 329
191 332
191 334
191 340
191 341
191 347
191 349
191 350
191 357
191 366
191 371
191 373
191 374
191 376
191 379
191 382
191 384
191 393
191 395
191 396
191 404
191 414
191 415
191 425
191 428
191 439
191 441
191 447
191 453
191 460
191 463
191 468
191 476
191 480
191 485
191 488
191 491
191 493
191 495
191 497
192 196
192 198
192 204
192 209
192 210
192 212
192 217
192 228
192 233
192 238
192 241
192 246
192 252
192 255
192 256
192 257
192 261
192 266
192 275
192 278
192 281
192 283
192 284
192 286
192 290
192 293
192 296
192 301
192 310
192 313
192 317
192 320
192 322
192 323
192 325
192 336
192 338
192 340
192 342
192 345
192 346
192 351
192 352
192 366
192 367
192 370
192 378
192 379
192 380
192 390
192 393
192 395
192 415
192 418
192 419
192 420
192 425
192 427
192 436
192 444
192 451
192 453
192 455
192 457
192 458
192 466
192 476
192 484
192 486
192 488
192 492
192 496
193 194
193 201
193 202
193 205
193 208
193 209
193 213
193 214
193 219
193 222
193 223
193 224
193 229
193 240
193 258
193 262
193 263
193 271
193 279
193 280
193 282
193 286
193 289
193 290
193 291
193 292
193 302
193 307
193 314
193 324
193 329
193 332
193 333
193 339
193 344
193 350
193 355
193 356
193 359
193 362
193 364
193 365
193 367
193 378
193 387
193 392
193 393
193 395
193 399
193 405
193 411
193 413
193 415
193 418
193 420
193 430
193 437
193 454
193 456
193 457
193 458
193 459
193 473
193 478
193 483
193 491
193 493
194 196
194 200
194 202
194 214
194 224
194 230
194 234
194 239
194 247
194 249
194 264
194 266
194 272
194 273
194 288
194 290
194 297
194 299
194 300
194 302
194 304
194 311
194 326
194 329
194 334
194 337
194 341
194 351
194 354
194 358
194 361
194 362
194 366
194 367
194 368
194 373
194 376
194 381
194 389
194 399
194 405
194 410
194 419
194 425
194 428
194 431
194 434
194 437
194 442
194 444
194 445
194 449
194 452
194 457
194 458
194 460
194 465
194 480
194 489
195 198
195 201
195 202
195 208
195 218
195 220
195 223
195 235
195 245
195 250
195 252
195 259
195 269
195 272
195 280
195 297
195 299
195 307
195 308
195 309
195 311
195 316
195 318
195 319
195 320
195 323
195 335
195 341
195 346
195 355
195 364
195 374
195 376
195 377
195 379
195 380
195 382
195 384
195 388
195 389
195 390
195 393
195 394
195 398
195 402
195 405
195 406
195 408
195 414
195 419
195 421
195 425
195 426
195 428
195 445
195 448
195 461
195 462
195 467
195 469
195 472
195 476
195 478
195 479
196 208
196 211
196 212
196 220
196 223
196 224
196 230
196 233
196 236
196 240
196 241
196 242
196 264
196 269
196 275
196 276
196 280
196 296
196 316
196 325
196 330
196 332
196 334
196 341
196 342
196 351
196 355
196 358
196 359
196 363
196 370
196 378
196 379
196 382
196 393
196 394
196 401
196 410
196 413
196 418
196 426
196 433
196 434
196 447
196 452
196 453
196 459
196 467
196 469
196 474
196 481
196 482
196 484
196 493
196 494
196 499
197 206
197 208
197 210
197 212
197 216
197 219
197 222
197 226
197 227
197 230
197 233
197 234
197 250
197 253
197 262
197 273
197 283
197 284
197 303
197 306
197 318
197 321
197 329
197 340
197 342
197 344
197 345
197 350
197 351
197 354
197 359
197 366
197 375
197 376
197 383
197 387
197 389
197 392
197 397
197 410
197 420
197 434
197 442
197 458
197 463
197 468
197 472
197 475
197 476
197 480
197 483
197 487
197 490
197 498
198 199
198 204
198 205
198 208
198 209
198 211
198 221
198 226
198 232
198 241
198 242
198 246
198 254
198 259
198 262
198 263
198 272
198 273
198 279
198 284
198 295
198 301
198 309
198 313
198 316
198 325
198 326
198 329
198 334
198 335
198 339
198 346
198 347
198 359
198 365
198 375
198 389
198 392
198 393
198 400
198 408
198 411
198 415
198 418
198 421
198 429
198 436
198 438
198 445
198 447
198 448
198 449
198 451
198 454
198 455
198 456
198 462
198 469
198 472
198 477
198 480
198 489
198 491
198 494
199 200
199 203
199 208
199 216
199 218
199 219
199 228
199 230
199 240
199 266
199 273
199 277
199 283
199 286
199 291
199 292
199 298
199 303
199 304
199 311
199 316
199 322
199 323
199 326
199 334
199 338
199 348
199 354
199 359
199 365
199 366
199 372
199 375
199 383
199 384
199 385
199 399
199 400
199 402
199 404
199 406
199 416
199 421
199 427
199 438
199 439
199 441
199 448
199 452
199 456
199 457
199 458
199 459
199 460
199 464
199 475
199 478
199 479
199 489
199 495
200 201
200 204
200 205
200 206
200 211
200 218
200 228
200 239
200 244
200 246
200 247
200 258
200 261
200 273
200 275
200 288
200 303
200 310
200 313
200 316
200 319
200 322
200 323
200 324
200 327
200 328
200 344
200 350
200 351
200 356
200 358
200 360
200 364
200 369
200 372
200 389
200 409
200 416
200 419
200 430
200 436
200 443
200 448
200 453
200 454
200 466
200 485
200 492
200 497
201 202
201 212
201 219
201 224
201 245
201 246
201 248
201 254
201 261
201 267
201 278
201 281
201 283
201 284
201 307
201 309
201 316
201 334
201 335
201 341
201 342
201 353
201 364
201 365
201 368
201 379
201 404
201 411
201 418
201 421
201 424
201 438
201 443
201 451
201 453
201 457
201 460
201 464
201 465
201 467
201 474
201 479
201 480
201 481
202 204
202 206
202 209
202 211
202 214
202 222
202 232
202 234
202 256
202 260
202 266
202 272
202 273
202 278
202 282
202 285
202 287
202 294
202 300
202 302
202 305
202 310
202 321
202 324
202 330
202 332
202 338
202 343
202 349
202 351
202 353
202 356
202 361
202 363
202 368
202 371
202 380
202 390
202 397
202 401
202 410
202 412
202 422
202 424
202 426
202 427
202 432
202 435
202 438
202 440
202 463
202 469
202 482
202 485
202 486
202 489
202 491
202 492
203 209
203 212
203 225
203 228
203 235
203 237
203 239
203 243
203 257
203 264
203 265
203 270
203 273
203 277
203 279
203 280
203 287
203 291
203 295
203 306
203 309
203 313
203 319
203 325
203 327
203 329
203 343
203 344
203 345
203 346
203 348
203 350
203 351
203 357
203 366
203 368
203 371
203 375
203 383
203 395
203 397
203 398
203 401
203 408
203 413
203 415
203 423
203 424
203 428
203 434
203 435
203 436
203 439
203 444
203 445
203 452
203 456
203 457
203 474
203 475
203 480
203 483
203 489
203 491
203 496
204 206
204 210
204 212
204 230
204 233
204 239
204 247
204 250
204 269
204 271
204 273
204 275
204 277
204 281
204 283
204 284
204 303
204 315
204 326
204 331
204 355
204 369
204 372
204 373
204 383
204 385
204 392
204 394
204 401
204 407
204 408
204 410
204 411
204 420
204 425
204 429
204 439
204 441
204 444
204 456
204 457
204 463
204 471
204 473
204 497
205 219
205 223
205 228
205 231
205 232
205 234
205 239
205 247
205 248
205 251
205 257
205 258
205 259
205 263
205 264
205 269
205 270
205 271
205 273
205 279
205 291
205 296
205 309
205 311
205 314
205 318
205 319
205 322
205 326
205 329
205 335
205 336
205 339
205 340
205 344
205 348
205 349
205 350
205 353
205 362
205 364
205 368
205 371
205 373
205 381
205 390
205 395
205 402
205 408
205 413
205 419
205 426
205 427
205 435
205 437
205 439
205 443
205 446
205 447
205 454
205 456
205 462
205 470
205 485
205 498
206 210
206 213
206 228
206 258
206 271
206 272
206 277
206 278
206 287
206 289
206 298
206 305
206 310
206 311
206 321
206 344
206 346
206 348
206 350
206 354
206 359
206 366
206 379
206 389
206 394
206 397
206 400
206 402
206 407
206 408
206 411
206 419
206 428
206 430
206 437
206 442
206 444
206 447
206 455
206 466
206 473
206 475
206 476
206 478
206 487
206 490
206 495
207 208
207 210
207 214
207 220
207 222
207 228
207 235
207 236
207 264
207 269
207 278
207 283
207 284
207 299
207 313
207 316
207 320
207 321
207 323
207 327
207 331
207 336
207 342
207 347
207 349
207 353
207 354
207 366
207 367
207 371
207 379
207 387
207 392
207 395
207 399
207 405
207 426
207 429
207 433
207 435
207 443
207 445
207 455
207 472
207 474
207 481
207 486
207 491
208 211
208 217
208 224
208 225
208 233
208 234
208 246
208 254
208 263
208 277
208 278
208 295
208 297
208 305
208 308
208 311
208 312
208 314
208 317
208 318
208 341
208 342
208 343
208 345
208 356
208 380
208 382
208 391
208 392
208 399
208 406
208 414
208 415
208 426
208 430
208 434
208 437
208 439
208 444
208 450
208 458
208 460
208 464
208 465
208 472
208 479
208 482
208 495
208 498
209 211
209 214
209 216
209 219
209 242
209 247
209 251
209 266
209 267
209 269
209 278
209 282
209 283
209 286
209 290
209 296
209 301
209 306
209 312
209 313
209 320
209 325
209 326
209 329
209 333
209 337
209 338
209 340
209 342
209 348
209 351
209 358
209 359
209 362
209 363
209 365
209 375
209 390
209 391
209 396
209 413
209 424
209 428
209 439
209 443
209 447
209 450
209 465
209 467
209 474
209 476
209 482
209 483
209 494
209 499
210 220
210 223
210 224
210 230
210 233
210 240
210 247
210 248
210 256
210 259
210 267
210 283
210 284
210 286
210 287
210 293
210 295
210 298
210 310
210 312
210 313
210 319
210 321
210 326
210 335
210 336
210 338
210 341
210 351
210 354
210 362
210 363
210 364
210 368
210 370
210 384
210 385
210 386
210 388
210 394
210 404
210 405
210 408
210 411
210 427
210 429
210 432
210 438
210 458
210 468
210 479
210 480
210 482
210 483
210 485
210 490
210 496
210 498
211 213
211 214
211 220
211 222
211 224
211 242
211 243
211 253
211 261
211 264
211 271
211 274
211 276
211 286
211 297
211 298
211 308
211 311
211 312
211 337
211 339
211 342
211 343
211 344
211 347
211 349
211 352
211 355
211 357
211 359
211 382
211 387
211 397
211 399
211 403
211 404
211 405
211 411
211 413
211 428
211 430
211 438
211 439
211 441
211 448
211 461
211 463
211 474
211 475
211 487
211 490
211 493
212 213
212 223
212 227
212 230
212 237
212 239
212 245
212 250
212 252
212 256
212 257
212 260
212 266
212 275
212 281
212 283
212 286
212 287
212 288
212 303
212 306
212 308
212 316
212 320
212 335
212 339
212 341
212 344
212 345
212 347
212 349
212 351
212 352
212 353
212 355
212 358
212 361
212 369
212 371
212 372
212 374
212 377
212 378
212 383
212 384
212 387
212 395
212 403
212 415
212 416
212 417
212 427
212 444
212 446
212 447
212 452
212 454
212 455
212 475
212 476
212 477
212 482
213 219
213 226
213 231
213 241
213 242
213 246
213 249
213 254
213 257
213 264
213 276
213 278
213 290
213 297
213 298
213 301
213 309
213 311
213 327
213 333
213 334
213 339
213 342
213 347
213 353
213 362
213 368
213 374
213 375
213 381
213 385
213 401
213 407
213 410
213 412
213 423
213 427
213 428
213 442
213 443
213 451
213 457
213 466
213 469
213 475
213 479
213 482
213 492
213 494
213 496
214 216
214 223
214 230
214 233
214 243
214 250
214 253
214 254
214 265
214 266
214 268
214 271
214 273
214 277
214 278
214 286
214 287
214 288
214 297
214 299
214 302
214 304
214 307
214 308
214 313
214 325
214 332
214 339
214 347
214 349
214 356
214 368
214 383
214 394
214 407
214 408
214 412
214 413
214 414
214 431
214 432
214 433
214 441
214 459
214 461
214 462
214 470
214 477
214 484
214 494
214 496
215 225
215 229
215 245
215 246
215 255
215 261
215 262
215 264
215 266
215 267
215 274
215 280
215 285
215 290
215 291
215 293
215 299
215 303
215 306
215 308
215 312
215 317
215 325
215 336
215 338
215 342
215 348
215 349
215 350
215 351
215 357
215 358
215 360
215 367
215 368
215 374
215 375
215 376
215 377
215 378
215 386
215 387
215 389
215 390
215 401
215 408
215 412
215 414
215 415
215 418
215 420
215 423
215 424
215 426
215 427
215 428
215 432
215 436
215 438
215 439
215 444
215 449
215 459
215 460
215 475
215 480
215 483
216 217
216 218
216 219
216 220
216 224
216 228
216 231
216 232
216 251
216 252
216 256
216 264
216 274
216 276
216 277
216 279
216 285
216 305
216 306
216 307
216 308
216 314
216 318
216 319
216 326
216 328
216 338
216 342
216 348
216 359
216 367
216 369
216 380
216 386
216 388
216 392
216 393
216 400
216 404
216 414
216 420
216 455
216 460
216 464
216 465
216 466
216 467
216 470
216 471
216 477
216 480
216 486
216 488
216 495
217 223
217 230
217 244
217 252
217 254
217 257
217 259
217 270
217 279
217 280
217 283
217 288
217 293
217 294
217 295
217 313
217 321
217 340
217 342
217 343
217 344
217 356
217 357
217 358
217 374
217 386
217 390
217 397
217 406
217 413
217 417
217 421
217 422
217 424
217 435
217 444
217 452
217 454
217 457
217 474
217 476
217 480
217 490
217 494
217 497
218 231
218 233
218 234
218 240
218 242
218 256
218 260
218 268
218 269
218 275
218 276
218 277
218 295
218 298
218 299
218 300
218 302
218 312
218 313
218 320
218 326
218 332
218 335
218 343
218 344
218 348
218 349
218 357
218 361
218 366
218 368
218 370
218 372
218 374
218 375
218 378
218 380
218 387
218 393
218 394
218 404
218 414
218 415
218 416
218 423
218 436
218 440
218 447
218 450
218 451
218 454
218 458
218 470
218 472
218 475
218 477
218 479
218 483
218 487
218 490
218 492
218 495
219 226
219 228
219 232
219 235
219 244
219 250
219 253
219 259
219 271
219 278
219 279
219 283
219 286
219 287
219 290
219 300
219 302
219 303
219 304
219 311
219 336
219 337
219 339
219 349
219 354
219 359
219 364
219 367
219 378
219 382
219 384
219 388
219 392
219 394
219 395
219 397
219 409
219 411
219 412
219 418
219 421
219 425
219 427
219 429
219 431
219 437
219 445
219 449
219 453
219 454
219 465
219 466
219 475
219 481
219 487
219 495
219 498
220 225
220 226
220 231
220 243
220 251
220 258
220 262
220 263
220 269
220 275
220 277
220 282
220 290
220 294
220 297
220 302
220 303
220 306
220 307
220 309
220 319
220 323
220 334
220 335
220 340
220 342
220 354
220 362
220 363
220 366
220 369
220 372
220 373
220 374
220 378
220 391
220 394
220 397
220 402
220 414
220 416
220 418
220 419
220 430
220 449
220 453
220 460
220 473
220 475
220 476
220 478
220 486
220 488
220 490
220 494
221 227
221 229
221 230
221 231
221 235
221 237
221 239
221 240
221 244
221 246
221 247
221 251
221 266
221 276
221 284
221 285
221 286
221 296
221 303
221 314
221 317
221 322
221 328
221 331
221 334
221 335
221 338
221 342
221 352
221 358
221 360
221 362
221 376
221 387
221 398
221 406
221 408
221 412
221 416
221 421
221 439
221 440
221 442
221 447
221 461
221 463
221 467
221 468
221 470
221 477
221 478
221 485
221 487
221 490
221 491
222 226
222 230
222 235
222 239
222 242
222 247
222 256
222 263
222 273
222 274
222 279
222 280
222 282
222 286
222 292
222 293
222 295
222 301
222 306
222 319
222 320
222 330
222 331
222 341
222 349
222 362
222 367
222 375
222 382
222 384
222 386
222 393
222 399
222 406
222 408
222 410
222 418
222 423
222 430
222 433
222 441
222 445
222 451
222 458
222 461
222 467
222 474
222 478
222 479
222 480
222 482
222 485
222 486
222 491
223 226
223 227
223 229
223 234
223 240
223 243
223 244
223 247
223 250
223 253
223 254
223 256
223 266
223 268
223 272
223 275
223 276
223 284
223 285
223 290
223 291
223 292
223 300
223 302
223 305
223 316
223 317
223 322
223 334
223 336
223 337
223 339
223 344
223 348
223 350
223 353
223 356
223 367
223 374
223 375
223 382
223 384
223 385
223 396
223 398
223 399
223 404
223 412
223 413
223 415
223 422
223 426
223 427
223 431
223 436
223 438
223 442
223 445
223 454
223 459
223 461
223 465
223 467
223 469
223 475
223 479
223 480
223 484
223 486
223 490
223 492
223 496
224 225
224 229
224 238
224 242
224 243
224 248
224 249
224 250
224 255
224 257
224 258
224 259
224 263
224 272
224 276
224 278
224 279
224 283
224 296
224 298
224 299
224 301
224 305
224 306
224 308
224 310
224 317
224 321
224 327
224 331
224 338
224 347
224 357
224 359
224 368
224 370
224 381
224 385
224 386
224 387
224 393
224 395
224 397
224 398
224 404
224 413
224 421
224 424
224 427
224 437
224 440
224 444
224 452
224 460
224 468
224 472
224 487
225 240
225 247
225 257
225 285
225 288
225 292
225 293
225 294
225 297
225 298
225 302
225 305
225 311
225 329
225 331
225 336
225 342
225 343
225 351
225 352
225 354
225 357
225 365
225 368
225 369
225 372
225 379
225 385
225 386
225 389
225 392
225 403
225 406
225 408
225 411
225 413
225 435
225 439
225 443
225 448
225 452
225 487
226 229
226 233
226 248
226 249
226 250
226 260
226 265
226 269
226 271
226 280
226 281
226 285
226 290
226 297
226 300
226 305
226 308
226 312
226 314
226 316
226 323
226 328
226 337
226 339
226 340
226 343
226 344
226 345
226 356
226 357
226 362
226 366
226 370
226 371
226 376
226 377
226 379
226 384
226 387
226 401
226 402
226 405
226 409
226 412
226 414
226 415
226 416
226 432
226 436
226 439
226 441
226 457
226 459
226 463
226 466
226 472
226 476
226 477
226 480
226 481
226 482
226 486
226 491
226 496
227 229
227 232
227 233
227 243
227 245
227 246
227 253
227 257
227 263
227 264
227 267
227 268
227 274
227 277
227 283
227 285
227 288
227 289
227 290
227 292
227 293
227 296
227 303
227 304
227 307
227 309
227 313
227 317
227 318
227 319
227 322
227 324
227 330
227 331
227 332
227 334
227 338
227 342
227 349
227 355
227 356
227 357
227 365
227 371
227 375
227 379
227 382
227 386
227 387
227 389
227 394
227 402
227 403
227 404
227 412
227 417
227 421
227 423
227 427
227 429
227 435
227 436
227 438
227 441
227 444
227 445
227 448
227 452
227 463
227 469
227 477
227 480
227 481
227 483
227 485
227 486
227 493
227 499
228 230
228 234
228 237
228 249
228 252
228 253
228 270
228 274
228 280
228 282
228 300
228 303
228 304
228 308
228 310
228 332
228 337
228 343
228 344
228 351
228 352
228 357
228 358
228 362
228 364
228 366
228 368
228 370
228 371
228 374
228 375
228 377
228 378
228 384
228 386
228 394
228 403
228 410
228 413
228 417
228 426
228 431
228 436
228 443
228 447
228 450
228 458
228 464
228 469
228 472
228 482
228 497
229 232
229 238
229 240
229 241
229 245
229 258
229 262
229 268
229 273
229 276
229 277
229 283
229 284
229 285
229 289
229 290
229 292
229 300
229 308
229 309
229 313
229 318
229 323
229 324
229 326
229 331
229 337
229 341
229 342
229 345
229 351
229 353
229 355
229 358
229 362
229 365
229 366
229 374
229 378
229 386
229 387
229 389
229 390
229 400
229 401
229 405
229 408
229 416
229 420
229 421
229 423
229 427
229 430
229 435
229 443
229 449
229 453
229 456
229 461
229 462
229 463
229 475
229 485
229 498
230 233
230 242
230 246
230 249
230 250
230 253
230 276
230 278
230 280
230 282
230 290
230 292
230 299
230 301
230 304
230 309
230 310
230 311
230 314
230 321
230 326
230 327
230 337
230 343
230 348
230 352
230 354
230 355
230 360
230 374
230 380
230 384
230 387
230 390
230 395
230 396
230 400
230 404
230 407
230 408
230 418
230 427
230 432
230 433
230 452
230 458
230 464
230 469
230 473
230 475
230 476
230 485
230 488
231 233
231 243
231 246
231 268
231 274
231 278
231 279
231 281
231 282
231 283
231 285
231 287
231 296
231 301
231 312
231 313
231 318
231 320
231 325
231 338
231 343
231 346
231 348
231 349
231 351
231 352
231 354
231 358
231 366
231 370
231 373
231 381
231 382
231 383
231 404
231 410
231 411
231 420
231 423
231 424
231 427
231 429
231 445
231 446
231 452
231 454
231 458
231 461
231 462
231 463
231 470
231 475
231 481
231 482
231 485
231 490
231 492
231 497
231 498
231 499
232 235
232 244
232 246
232 247
232 250
232 253
232 254
232 259
232 263
232 269
232 288
232 295
232 300
232 302
232 306
232 316
232 320
232 330
232 332
232 337
232 339
232 345
232 347
232 356
232 359
232 371
232 374
232 384
232 387
232 395
232 403
232 411
232 417
232 420
232 426
232 428
232 430
232 438
232 443
232 455
232 458
232 459
232 467
232 475
232 477
232 485
232 488
233 239
233 248
233 251
233 254
233 262
233 266
233 275
233 290
233 294
233 295
233 297
233 300
233 304
233 308
233 321
233 328
233 334
233 339
233 342
233 355
233 362
233 366
233 368
233 383
233 390
233 392
233 393
233 400
233 404
233 422
233 423
233 424
233 425
233 431
233 434
233 437
233 441
233 457
233 458
233 461
233 462
233 464
233 470
233 472
233 483
233 484
233 486
233 493
233 498
233 499
234 235
234 247
234 249
234 259
234 260
234 265
234 266
234 268
234 273
234 281
234 282
234 285
234 289
234 291
234 293
234 299
234 301
234 302
234 310
234 311
234 313
234 315
234 322
234 332
234 338
234 344
234 350
234 362
234 365
234 381
234 396
234 397
234 399
234 405
234 414
234 416
234 422
234 426
234 427
234 435
234 439
234 440
234 448
234 452
234 472
234 479
234 485
234 489
234 491
234 492
234 493
234 494
235 236
235 252
235 254
235 260
235 264
235 287
235 293
235 298
235 305
235 311
235 317
235 322
235 333
235 346
235 347
235 350
235 356
235 358
235 360
235 362
235 364
235 374
235 376
235 379
235 385
235 398
235 402
235 407
235 410
235 411
235 421
235 432
235 436
235 441
235 449
235 452
235 473
235 474
235 476
235 485
235 488
235 489
235 490
235 491
235 496
236 242
236 244
236 253
236 267
236 268
236 269
236 272
236 275
236 283
236 284
236 289
236 290
236 301
236 315
236 320
236 322
236 324
236 329
236 337
236 349
236 350
236 370
236 372
236 382
236 384
236 389
236 390
236 391
236 394
236 399
236 400
236 403
236 404
236 418
236 421
236 429
236 433
236 439
236 440
236 454
236 457
236 471
236 491
237 249
237 257
237 262
237 272
237 276
237 280
237 283
237 284
237 294
237 298
237 306
237 321
237 324
237 333
237 334
237 336
237 338
237 341
237 348
237 350
237 357
237 358
237 360
237 369
237 373
237 377
237 379
237 383
237 385
237 394
237 396
237 398
237 399
237 406
237 413
237 415
237 418
237 420
237 428
237 432
237 433
237 443
237 447
237 451
237 463
237 469
237 472
237 473
237 475
237 478
237 481
237 485
237 489
237 490
237 492
237 495
237 498
238 241
238 249
238 255
238 264
238 266
238 269
238 270
238 272
238 282
238 283
238 294
238 298
238 301
238 303
238 312
238 313
238 322
238 330
238 332
238 338
238 339
238 346
238 349
238 351
238 354
238 356
238 358
238 361
238 370
238 376
238 378
238 383
238 387
238 390
238 392
238 411
238 414
238 416
238 420
238 421
238 426
238 428
238 429
238 443
238 444
238 456
238 458
238 460
238 463
238 468
238 473
238 482
238 484
238 488
238 489
238 491
238 494
238 498
239 252
239 259
239 268
239 272
239 273
239 279
239 280
239 281
239 288
239 294
239 297
239 299
239 301
239 303
239 304
239 316
239 321
239 323
239 326
239 327
239 334
239 341
239 343
239 346
239 356
239 361
239 375
239 376
239 378
239 381
239 387
239 389
239 390
239 392
239 395
239 399
239 407
239 408
239 409
239 410
239 411
239 419
239 420
239 423
239 428
239 434
239 435
239 439
239 441
239 443
239 444
239 458
239 461
239 464
239 470
239 471
239 487
239 491
239 492
239 494
239 496
239 498
240 248
240 254
240 257
240 259
240 263
240 272
240 274
240 275
240 277
240 282
240 286
240 291
240 307
240 309
240 315
240 316
240 323
240 324
240 336
240 342
240 343
240 345
240 346
240 347
240 358
240 367
240 369
240 380
240 382
240 386
240 395
240 403
240 404
240 413
240 416
240 418
240 426
240 430
240 435
240 444
240 449
240 451
240 454
240 461
240 463
240 464
240 471
240 474
240 483
240 484
240 486
240 491
240 495
240 498
241 248
241 252
241 253
241 256
241 261
241 263
241 264
241 270
241 271
241 274
241 287
241 289
241 300
241 306
241 311
241 316
241 320
241 323
241 337
241 343
241 346
241 347
241 357
241 362
241 373
241 375
241 376
241 378
241 382
241 387
241 389
241 396
241 397
241 398
241 399
241 404
241 410
241 424
241 428
241 433
241 446
241 448
241 449
241 470
241 473
241 475
241 482
241 488
241 491
241 492
241 498
242 245
242 251
242 255
242 260
242 263
242 265
242 271
242 280
242 286
242 297
242 298
242 310
242 313
242 315
242 324
242 326
242 327
242 328
242 330
242 334
242 338
242 340
242 343
242 347
242 348
242 377
242 378
242 381
242 390
242 396
242 397
242 407
242 409
242 416
242 417
242 423
242 430
242 435
242 437
242 441
242 444
242 448
242 450
242 451
242 456
242 457
242 466
242 467
242 470
242 471
242 472
242 473
242 478
242 479
242 481
242 487
242 498
243 247
243 254
243 258
243 259
243 265
243 267
243 269
243 271
243 281
243 290
243 293
243 295
243 297
243 300
243 302
243 311
243 312
243 315
243 318
243 321
243 333
243 339
243 346
243 347
243 353
243 359
243 360
243 363
243 364
243 369
243 383
243 398
243 399
243 401
243 405
243 407
243 411
243 412
243 416
243 421
243 424
243 427
243 428
243 433
243 437
243 440
243 443
243 449
243 450
243 452
243 458
243 460
243 462
243 468
243 471
243 477
243 479
243 480
243 482
243 486
243 493
244 245
244 256
244 259
244 271
244 276
244 289
244 291
244 300
244 307
244 315
244 316
244 321
244 324
244 327
244 328
244 342
244 344
244 346
244 355
244 357
244 367
244 368
244 374
244 381
244 389
244 390
244 396
244 408
244 414
244 415
244 419
244 421
244 425
244 429
244 434
244 447
244 450
244 460
244 470
244 481
244 482
244 490
244 497
244 498
245 247
245 251
245 257
245 259
245 262
245 265
245 271
245 275
245 285
245 291
245 293
245 295
245 296
245 297
245 309
245 311
245 321
245 322
245 323
245 325
245 330
245 332
245 339
245 352
245 356
245 357
245 362
245 374
245 384
245 387
245 392
245 399
245 401
245 409
245 410
245 411
245 413
245 416
245 417
245 422
245 429
245 431
245 432
245 436
245 444
245 447
245 448
245 453
245 460
245 461
245 467
245 469
245 473
245 474
245 475
245 478
245 481
245 482
245 485
245 491
245 493
245 495
245 497
246 247
246 252
246 258
246 259
246 260
246 263
246 274
246 275
246 282
246 288
246 292
246 296
246 309
246 313
246 320
246 324
246 332
246 340
246 342
246 361
246 363
246 374
246 383
246 386
246 390
246 395
246 408
246 409
246 422
246 430
246 431
246 433
246 434
246 438
246 447
246 452
246 457
246 464
246 465
246 471
246 473
246 481
246 482
246 495
247 248
247 251
247 265
247 269
247 270
247 295
247 297
247 308
247 316
247 317
247 324
247 327
247 339
247 341
247 346
247 348
247 357
247 363
247 366
247 367
247 368
247 369
247 372
247 384
247 388
247 396
247 400
247 403
247 404
247 406
247 407
247 426
247 439
247 447
247 450
247 453
247 462
247 468
247 470
247 471
247 474
247 483
247 493
248 253
248 254
248 260
248 262
248 268
248 269
248 276
248 289
248 298
248 305
248 313
248 315
248 321
248 324
248 325
248 335
248 340
248 345
248 349
248 351
248 355
248 358
248 360
248 380
248 386
248 390
248 397
248 399
248 403
248 409
248 415
248 418
248 420
248 431
248 441
248 444
248 449
248 453
248 459
248 461
248 462
248 469
248 472
248 475
248 476
248 487
248 491
249 261
249 266
249 267
249 271
249 276
249 278
249 283
249 284
249 295
249 298
249 299
249 302
249 303
249 304
249 312
249 315
249 324
249 327
249 333
249 341
249 347
249 348
249 360
249 364
249 375
249 381
249 383
249 392
249 393
249 399
249 400
249 419
249 427
249 428
249 431
249 432
249 445
249 448
249 450
249 451
249 463
249 470
249 473
249 480
249 489
249 495
249 497
249 498
250 254
250 259
250 260
250 264
250 268
250 277
250 278
250 282
250 288
250 292
250 299
250 309
250 318
250 325
250 336
250 337
250 347
250 351
250 354
250 359
250 363
250 366
250 370
250 372
250 373
250 375
250 377
250 403
250 410
250 411
250 419
250 421
250 429
250 436
250 440
250 446
250 448
250 453
250 455
250 456
250 458
250 460
250 463
250 466
250 475
250 479
250 480
250 482
250 483
250 487
250 489
251 257
251 259
251 260
251 270
251 271
251 276
251 277
251 279
251 289
251 291
251 292
251 293
251 311
251 315
251 319
251 327
251 329
251 332
251 333
251 335
251 341
251 351
251 359
251 378
251 379
251 384
251 387
251 389
251 391
251 396
251 397
251 400
251 401
251 409
251 411
251 416
251 417
251 428
251 432
251 440
251 457
251 459
251 462
251 465
251 466
251 473
251 482
251 486
251 489
251 492
252 255
252 262
252 266
252 268
252 269
252 285
252 293
252 299
252 300
252 302
252 306
252 320
252 321
252 324
252 326
252 336
252 339
252 346
252 351
252 356
252 366
252 386
252 387
252 391
252 398
252 400
252 401
252 409
252 411
252 416
252 434
252 436
252 444
252 451
252 468
252 469
252 472
252 480
252 481
252 482
252 486
252 487
252 488
252 489
252 493
253 257
253 260
253 262
253 263
253 264
253 267
253 269
253 277
253 280
253 281
253 284
253 288
253 289
253 294
253 298
253 311
253 314
253 315
253 321
253 322
253 325
253 329
253 330
253 338
253 341
253 343
253 347
253 348
253 350
253 360
253 361
253 363
253 364
253 368
253 369
253 377
253 380
253 383
253 385
253 389
253 392
253 395
253 409
253 411
253 412
253 416
253 420
253 426
253 435
253 442
253 445
253 446
253 451
253 454
253 456
253 459
253 460
253 463
253 470
253 471
253 473
253 481
253 482
253 483
253 499
254 269
254 273
254 275
254 276
254 282
254 287
254 289
254 293
254 307
254 313
254 317
254 319
254 328
254 335
254 336
254 345
254 348
254 349
254 350
254 355
254 358
254 360
254 361
254 364
254 371
254 372
254 381
254 395
254 400
254 403
254 404
254 413
254 414
254 425
254 427
254 438
254 439
254 441
254 442
254 443
254 445
254 446
254 460
254 461
254 462
254 464
254 466
254 472
254 474
254 476
254 478
254 482
254 487
254 489
254 492
254 494
255 258
255 259
255 264
255 266
255 272
255 275
255 279
255 281
255 287
255 291
255 297
255 300
255 307
255 310
255 312
255 316
255 317
255 323
255 335
255 336
255 347
255 354
255 369
255 375
255 387
255 388
255 399
255 401
255 405
255 411
255 425
255 438
255 439
255 441
255 447
255 449
255 452
255 460
255 463
255 464
255 466
255 467
255 468
255 469
255 473
255 480
255 482
255 487
255 488
255 493
255 495
255 498
256 263
256 271
256 279
256 282
256 294
256 298
256 300
256 302
256 303
256 305
256 308
256 311
256 313
256 314
256 319
256 321
256 322
256 323
256 329
256 333
256 347
256 351
256 353
256 356
256 360
256 373
256 379
256 390
256 405
256 407
256 410
256 413
256 415
256 420
256 428
256 435
256 436
256 442
256 443
256 445
256 448
256 450
256 454
256 455
256 475
256 480
256 481
256 498
257 260
257 263
257 264
257 265
257 270
257 279
257 283
257 286
257 287
257 289
257 291
257 300
257 302
257 303
257 313
257 318
257 324
257 325
257 326
257 328
257 330
257 333
257 334
257 336
257 352
257 357
257 359
257 360
257 386
257 390
257 391
257 394
257 398
257 399
257 425
257 426
257 435
257 438
257 439
257 443
257 444
257 445
257 446
257 454
257 455
257 461
257 466
257 484
257 486
258 259
258 262
258 265
258 270
258 271
258 272
258 273
258 274
258 292
258 296
258 297
258 298
258 301
258 309
258 311
258 326
258 339
258 350
258 353
258 354
258 360
258 368
258 372
258 376
258 381
258 384
258 395
258 397
258 398
258 400
258 402
258 405
258 407
258 409
258 410
258 419
258 422
258 426
258 431
258 439
258 443
258 449
258 452
258 453
258 457
258 458
258 462
258 465
258 469
258 472
258 474
258 481
258 483
258 487
258 488
258 492
258 493
259 260
259 265
259 271
259 272
259 281
259 283
259 293
259 308
259 315
259 324
259 327
259 338
259 339
259 341
259 343
259 350
259 356
259 359
259 362
259 365
259 367
259 369
259 370
259 377
259 386
259 390
259 396
259 404
259 420
259 422
259 423
259 424
259 428
259 437
259 446
259 452
259 454
259 455
259 460
259 466
259 476
260 262
260 268
260 269
260 280
260 292
260 293
260 296
260 305
260 307
260 311
260 315
260 316
260 319
260 321
260 322
260 327
260 333
260 337
260 344
260 345
260 346
260 350
260 363
260 364
260 371
260 372
260 373
260 374
260 381
260 399
260 404
260 413
260 416
260 417
260 420
260 422
260 423
260 425
260 453
260 459
260 466
260 475
260 476
260 481
260 482
260 483
260 494
260 497
261 266
261 292
261 298
261 300
261 302
261 303
261 305
261 317
261 319
261 325
261 329
261 330
261 331
261 336
261 338
261 346
261 355
261 361
261 366
261 370
261 379
261 385
261 388
261 395
261 406
261 407
261 414
261 437
261 445
261 450
261 458
261 474
261 477
261 480
261 491
261 494
261 496
262 265
262 266
262 270
262 277
262 278
262 289
262 292
262 299
262 300
262 311
262 312
262 316
262 321
262 328
262 331
262 339
262 340
262 341
262 345
262 351
262 353
262 360
262 362
262 363
262 364
262 369
262 379
262 383
262 387
262 393
262 399
262 406
262 408
262 418
262 420
262 437
262 445
262 450
262 451
262 458
262 461
262 463
262 480
262 492
262 496
263 270
263 272
263 276
263 278
263 286
263 295
263 296
263 297
263 298
263 306
263 317
263 326
263 332
263 342
263 347
263 349
263 351
263 357
263 359
263 365
263 367
263 368
263 373
263 374
263 381
263 387
263 391
263 406
263 407
263 409
263 414
263 415
263 419
263 424
263 432
263 433
263 442
263 450
263 451
263 464
263 467
263 470
263 472
263 479
263 480
263 487
263 488
263 490
263 498
264 267
264 274
264 277
264 280
264 286
264 294
264 295
264 300
264 306
264 308
264 310
264 312
264 321
264 325
264 328
264 331
264 333
264 338
264 344
264 345
264 347
264 348
264 356
264 358
264 365
264 371
264 382
264 386
264 390
264 393
264 401
264 403
264 408
264 410
264 415
264 416
264 419
264 426
264 428
264 431
264 435
264 436
264 441
264 464
264 465
264 471
264 478
264 480
264 486
264 488
264 497
265 268
265 271
265 272
265 277
265 280
265 288
265 290
265 297
265 303
265 307
265 308
265 309
265 315
265 318
265 330
265 334
265 338
265 349
265 353
265 357
265 360
265 362
265 369
265 371
265 372
265 375
265 383
265 389
265 395
265 398
265 402
265 403
265 414
265 417
265 419
265 425
265 427
265 430
265 443
265 444
265 445
265 448
265 449
265 456
265 458
265 463
265 470
265 478
265 479
265 480
265 485
265 491
265 493
265 496
265 498
266 273
266 276
266 278
266 279
266 281
266 316
266 322
266 329
266 330
266 332
266 334
266 338
266 351
266 356
266 358
266 360
266 361
266 364
266 365
266 367
266 373
266 384
266 391
266 412
266 414
266 415
266 417
266 422
266 424
266 427
266 431
266 439
266 440
266 443
266 451
266 458
266 459
266 462
266 464
266 478
266 485
266 487
266 497
266 499
267 269
267 270
267 274
267 279
267 286
267 289
267 296
267 297
267 300
267 302
267 316
267 318
267 322
267 324
267 326
267 359
267 368
267 378
267 381
267 383
267 387
267 408
267 421
267 423
267 424
267 429
267 434
267 436
267 440
267 442
267 447
267 448
267 455
267 456
267 459
267 471
267 474
267 479
267 486
267 493
268 271
268 274
268 283
268 288
268 289
268 293
268 296
268 298
268 305
268 309
268 318
268 319
268 322
268 333
268 339
268 342
268 343
268 357
268 358
268 369
268 375
268 376
268 402
268 406
268 411
268 418
268 422
268 435
268 438
268 439
268 441
268 444
268 447
268 457
268 458
268 460
268 467
268 476
268 478
268 492
268 494
268 499
269 272
269 277
269 278
269 280
269 284
269 285
269 291
269 294
269 313
269 315
269 316
269 317
269 322
269 327
269 329
269 332
269 338
269 341
269 344
269 345
269 348
269 352
269 359
269 366
269 376
269 379
269 386
269 390
269 391
269 394
269 398
269 404
269 406
269 410
269 417
269 418
269 427
269 428
269 433
269 434
269 441
269 448
269 449
269 450
269 457
269 465
269 485
269 493
270 272
270 278
270 279
270 280
270 286
270 295
270 296
270 303
270 309
270 316
270 320
270 331
270 335
270 338
270 342
270 347
270 352
270 353
270 354
270 366
270 369
270 372
270 373
270 398
270 407
270 422
270 423
270 424
270 425
270 437
270 448
270 449
270 457
270 461
270 470
270 476
270 485
270 486
270 491
271 275
271 279
271 281
271 286
271 289
271 305
271 311
271 314
271 318
271 331
271 333
271 338
271 344
271 348
271 351
271 353
271 355
271 358
271 368
271 372
271 378
271 382
271 387
271 388
271 389
271 394
271 397
271 411
271 414
271 415
271 424
271 436
271 454
271 458
271 459
271 460
271 465
271 468
271 475
271 478
271 488
271 491
272 277
272 279
272 282
272 284
272 285
272 288
272 294
272 299
272 304
272 306
272 317
272 319
272 322
272 328
272 329
272 333
272 340
272 344
272 355
272 356
272 358
272 359
272 367
272 371
272 376
272 387
272 390
272 395
272 401
272 405
272 411
272 419
272 424
272 427
272 429
272 437
272 442
272 445
272 451
272 454
272 465
272 471
272 473
272 476
272 487
272 495
272 498
273 278
273 291
273 296
273 309
273 315
273 318
273 323
273 324
273 327
273 328
273 332
273 336
273 341
273 346
273 349
273 360
273 366
273 382
273 386
273 392
273 393
273 402
273 414
273 422
273 423
273 427
273 436
273 442
273 445
273 465
273 475
273 476
273 477
273 485
273 486
273 487
273 488
273 493
273 498
274 278
274 293
274 295
274 302
274 309
274 316
274 324
274 329
274 330
274 335
274 338
274 339
274 341
274 345
274 354
274 359
274 362
274 365
274 366
274 370
274 372
274 373
274 375
274 389
274 395
274 397
274 411
274 421
274 430
274 435
274 455
274 461
274 473
274 475
274 479
274 480
274 481
275 284
275 287
275 292
275 297
275 300
275 303
275 309
275 310
275 312
275 318
275 320
275 332
275 338
275 349
275 352
275 355
275 357
275 360
275 361
275 366
275 372
275 376
275 377
275 381
275 382
275 392
275 399
275 410
275 413
275 414
275 436
275 438
275 452
275 458
275 468
275 469
275 472
275 478
275 479
275 481
275 488
275 492
275 494
276 277
276 279
276 280
276 290
276 304
276 306
276 315
276 316
276 324
276 330
276 334
276 335
276 340
276 341
276 345
276 357
276 359
276 367
276 374
276 377
276 395
276 402
276 406
276 416
276 417
276 427
276 432
276 434
276 437
276 441
276 453
276 454
276 471
276 474
276 477
276 488
277 281
277 282
277 283
277 286
277 288
277 307
277 309
277 315
277 317
277 318
277 325
277 343
277 357
277 367
277 377
277 379
277 381
277 382
277 385
277 395
277 397
277 401
277 402
277 404
277 406
277 420
277 423
277 430
277 431
277 436
277 445
277 455
277 466
277 477
277 479
277 490
277 495
278 283
278 285
278 290
278 291
278 292
278 304
278 310
278 313
278 314
278 317
278 321
278 328
278 336
278 340
278 343
278 344
278 347
278 354
278 356
278 359
278 368
278 378
278 387
278 389
278 393
278 394
278 400
278 405
278 408
278 413
278 420
278 429
278 433
278 452
278 457
278 467
278 470
278 479
278 483
278 498
279 280
279 281
279 288
279 290
279 291
279 293
279 296
279 301
279 311
279 320
279 330
279 335
279 336
279 338
279 340
279 343
279 351
279 353
279 358
279 359
279 363
279 371
279 376
279 377
279 381
279 383
279 387
279 392
279 401
279 406
279 414
279 416
279 421
279 424
279 427
279 434
279 438
279 439
279 443
279 444
279 445
279 449
279 450
279 454
279 459
279 475
279 480
279 488
279 489
279 493
279 497
280 282
280 283
280 285
280 287
280 291
280 293
280 294
280 297
280 301
280 303
280 309
280 313
280 320
280 321
280 326
280 330
280 336
280 342
280 343
280 345
280 352
280 360
280 363
280 368
280 369
280 373
280 376
280 377
280 383
280 384
280 391
280 393
280 396
280 397
280 400
280 401
280 409
280 421
280 422
280 423
280 426
280 436
280 444
280 447
280 450
280 451
280 461
280 462
280 466
280 468
280 471
280 476
280 481
280 485
280 493
280 498
281 286
281 287
281 300
281 306
281 311
281 320
281 324
281 327
281 329
281 341
281 348
281 349
281 354
281 355
281 363
281 365
281 366
281 369
281 381
281 384
281 390
281 394
281 409
281 410
281 418
281 419
281 425
281 430
281 431
281 439
281 440
281 444
281 445
281 449
281 451
281 457
281 470
281 473
281 477
281 488
281 490
281 498
281 499
282 284
282 292
282 293
282 298
282 312
282 318
282 325
282 326
282 328
282 341
282 344
282 347
282 355
282 357
282 358
282 359
282 362
282 367
282 368
282 381
282 382
282 384
282 410
282 412
282 415
282 418
282 422
282 428
282 438
282 450
282 452
282 463
282 466
282 470
282 471
282 480
282 486
282 488
282 499
283 284
283 288
283 291
283 292
283 295
283 296
283 301
283 310
283 323
283 325
283 328
283 329
283 334
283 339
283 344
283 349
283 352
283 362
283 370
283 390
283 395
283 401
283 405
283 408
283 414
283 419
283 421
283 425
283 426
283 436
283 437
283 440
283 442
283 444
283 456
283 459
283 461
283 466
283 467
283 472
283 476
283 477
283 486
283 491
284 289
284 297
284 304
284 305
284 313
284 319
284 326
284 335
284 338
284 343
284 352
284 354
284 355
284 366
284 369
284 373
284 379
284 388
284 389
284 399
284 402
284 404
284 407
284 411
284 416
284 419
284 427
284 429
284 430
284 443
284 454
284 458
284 467
284 470
284 472
284 473
284 479
284 480
284 483
284 484
284 486
284 490
284 496
284 498
285 287
285 292
285 306
285 314
285 315
285 316
285 317
285 318
285 330
285 332
285 333
285 351
285 354
285 361
285 364
285 373
285 378
285 383
285 387
285 391
285 392
285 396
285 403
285 407
285 408
285 420
285 424
285 429
285 438
285 439
285 442
285 464
285 473
285 474
285 482
285 484
285 491
285 497
285 499
286 289
286 292
286 299
286 300
286 308
286 309
286 318
286 319
286 327
286 332
286 338
286 351
286 353
286 362
286 365
286 396
286 400
286 403
286 426
286 435
286 436
286 440
286 452
286 458
286 460
286 467
286 468
286 471
286 479
286 480
286 488
286 495
286 497
287 289
287 296
287 301
287 304
287 308
287 309
287 318
287 323
287 324
287 325
287 330
287 332
287 337
287 339
287 343
287 360
287 362
287 363
287 366
287 369
287 371
287 372
287 373
287 374
287 377
287 378
287 380
287 384
287 395
287 396
287 417
287 421
287 425
287 428
287 440
287 445
287 447
287 449
287 451
287 453
287 457
287 461
287 468
287 481
287 482
287 483
287 489
288 293
288 298
288 302
288 303
288 304
288 307
288 312
288 324
288 329
288 332
288 338
288 340
288 341
288 353
288 356
288 361
288 363
288 366
288 370
288 375
288 383
288 387
288 389
288 390
288 396
288 398
288 408
288 412
288 417
288 426
288 432
288 434
288 435
288 436
288 445
288 446
288 449
288 453
288 468
288 472
288 477
288 481
288 487
288 499
289 290
289 291
289 295
289 300
289 301
289 303
289 316
289 318
289 319
289 329
289 340
289 342
289 362
289 376
289 378
289 384
289 391
289 393
289 416
289 418
289 424
289 429
289 432
289 440
289 445
289 451
289 452
289 454
289 461
289 462
289 466
289 473
289 475
289 477
289 480
289 481
289 491
289 492
289 497
289 499
290 294
290 299
290 305
290 306
290 309
290 313
290 326
290 331
290 333
290 336
290 337
290 340
290 341
290 342
290 347
290 348
290 351
290 358
290 367
290 372
290 373
290 376
290 377
290 390
290 392
290 413
290 418
290 420
290 436
290 442
290 445
290 451
290 455
290 461
290 465
290 469
290 470
290 477
290 486
290 494
291 294
291 297
291 306
291 313
291 322
291 324
291 330
291 343
291 356
291 357
291 363
291 374
291 384
291 386
291 388
291 391
291 401
291 403
291 410
291 419
291 425
291 428
291 430
291 434
291 438
291 442
291 443
291 447
291 460
291 464
291 473
291 478
291 484
291 485
291 486
291 487
291 489
291 492
291 495
292 300
292 318
292 321
292 322
292 333
292 334
292 338
292 347
292 350
292 351
292 363
292 366
292 371
292 372
292 383
292 394
292 414
292 417
292 428
292 432
292 444
292 448
292 458
292 469
292 476
292 479
292 483
292 484
292 490
292 491
292 494
292 497
293 300
293 306
293 310
293 318
293 319
293 326
293 329
293 331
293 333
293 336
293 340
293 345
293 353
293 354
293 364
293 370
293 373
293 377
293 379
293 399
293 400
293 413
293 423
293 431
293 442
293 443
293 452
293 455
293 457
293 467
293 482
293 484
293 495
293 498
294 299
294 304
294 306
294 312
294 314
294 317
294 327
294 330
294 335
294 342
294 344
294 346
294 347
294 353
294 361
294 369
294 370
294 372
294 373
294 377
294 379
294 382
294 383
294 384
294 388
294 392
294 403
294 406
294 409
294 423
294 426
294 427
294 438
294 441
294 443
294 449
294 450
294 454
294 456
294 457
294 462
294 471
294 477
294 481
294 488
294 497
294 498
295 301
295 303
295 305
295 323
295 325
295 328
295 335
295 341
295 345
295 353
295 358
295 367
295 381
295 384
295 392
295 396
295 399
295 400
295 401
295 402
295 404
295 409
295 412
295 418
295 438
295 451
295 454
295 455
295 460
295 469
295 471
295 477
295 484
295 486
295 489
295 493
296 304
296 311
296 313
296 325
296 337
296 339
296 344
296 347
296 363
296 367
296 369
296 371
296 379
296 382
296 399
296 402
296 408
296 418
296 423
296 430
296 436
296 463
296 468
296 476
296 489
296 492
296 496
297 309
297 318
297 320
297 325
297 330
297 331
297 335
297 336
297 343
297 344
297 356
297 358
297 366
297 372
297 382
297 383
297 386
297 391
297 398
297 399
297 402
297 412
297 414
297 421
297 429
297 436
297 437
297 441
297 442
297 450
297 452
297 460
297 482
297 489
297 490
297 494
297 498
298 299
298 303
298 304
298 305
298 306
298 314
298 319
298 327
298 329
298 337
298 340
298 343
298 352
298 363
298 365
298 366
298 372
298 375
298 376
298 381
298 382
298 394
298 396
298 410
298 441
298 443
298 446
298 462
298 465
298 473
298 478
298 481
298 483
298 488
298 491
299 303
299 304
299 307
299 308
299 325
299 330
299 338
299 345
299 361
299 364
299 388
299 406
299 407
299 410
299 420
299 421
299 424
299 425
299 440
299 457
299 460
299 465
299 469
299 487
299 488
300 301
300 305
300 311
300 313
300 317
300 320
300 328
300 329
300 332
300 347
300 355
300 356
300 358
300 359
300 373
300 379
300 384
300 386
300 403
300 405
300 406
300 407
300 409
300 410
300 414
300 420
300 421
300 425
300 430
300 431
300 433
300 435
300 438
300 439
300 440
300 443
300 444
300 447
300 448
300 449
300 454
300 460
300 467
300 476
300 479
300 485
300 487
300 492
300 493
300 494
300 497
300 498
301 306
301 318
301 326
301 327
301 329
301 333
301 334
301 337
301 338
301 350
301 365
301 368
301 372
301 373
301 382
301 383
301 386
301 393
301 397
301 400
301 403
301 410
301 424
301 428
301 430
301 431
301 438
301 443
301 445
301 446
301 458
301 467
301 482
301 484
301 491
301 493
302 308
302 313
302 321
302 325
302 329
302 334
302 337
302 339
302 341
302 344
302 347
302 350
302 355
302 356
302 376
302 379
302 383
302 384
302 385
302 394
302 397
302 403
302 406
302 410
302 419
302 421
302 422
302 426
302 428
302 435
302 440
302 443
302 445
302 446
302 449
302 454
302 464
302 465
302 471
302 472
302 474
302 475
302 480
302 481
302 485
302 487
302 492
302 494
303 306
303 316
303 320
303 323
303 326
303 332
303 334
303 343
303 344
303 347
303 363
303 366
303 368
303 370
303 377
303 382
303 386
303 393
303 397
303 400
303 423
303 426
303 428
303 438
303 439
303 446
303 455
303 457
303 459
303 462
303 465
303 468
303 475
303 481
303 483
303 490
303 498
304 312
304 315
304 319
304 334
304 341
304 342
304 345
304 346
304 366
304 367
304 373
304 375
304 380
304 383
304 384
304 389
304 399
304 403
304 407
304 410
304 413
304 422
304 430
304 440
304 441
304 444
304 445
304 447
304 448
304 456
304 459
304 468
304 469
304 470
304 474
304 477
304 488
304 490
304 491
305 316
305 317
305 323
305 335
305 355
305 368
305 371
305 380
305 393
305 395
305 401
305 402
305 403
305 406
305 407
305 412
305 419
305 421
305 423
305 426
305 436
305 442
305 443
305 449
305 454
305 458
305 459
305 461
305 463
305 467
305 473
305 483
305 484
305 490
305 496
305 497
306 307
306 312
306 316
306 322
306 323
306 331
306 342
306 343
306 348
306 352
306 354
306 355
306 358
306 361
306 364
306 372
306 375
306 381
306 384
306 402
306 406
306 408
306 414
306 415
306 421
306 423
306 425
306 429
306 434
306 439
306 441
306 445
306 450
306 456
306 463
306 464
306 465
306 471
306 472
306 476
306 479
306 492
306 493
306 496
306 497
307 310
307 313
307 314
307 319
307 320
307 321
307 324
307 329
307 332
307 338
307 342
307 349
307 355
307 358
307 364
307 365
307 366
307 373
307 377
307 382
307 392
307 395
307 396
307 397
307 399
307 403
307 413
307 415
307 417
307 425
307 429
307 433
307 436
307 442
307 443
307 454
307 458
307 462
307 466
307 472
307 474
307 477
307 478
307 483
307 493
307 494
308 315
308 316
308 318
308 322
308 325
308 327
308 332
308 336
308 342
308 344
308 348
308 349
308 351
308 352
308 354
308 362
308 370
308 373
308 375
308 383
308 390
308 414
308 415
308 417
308 418
308 420
308 421
308 437
308 441
308 442
308 444
308 447
308 449
308 452
308 453
308 461
308 466
308 475
308 476
308 477
308 479
308 484
308 490
308 491
308 493
308 494
308 496
309 315
309 322
309 334
309 339
309 346
309 354
309 366
309 370
309 376
309 387
309 390
309 398
309 404
309 408
309 412
309 413
309 415
309 416
309 429
309 431
309 433
309 438
309 443
309 444
309 445
309 446
309 449
309 453
309 458
309 467
309 470
309 474
309 490
309 498
309 499
310 316
310 324
310 338
310 346
310 359
310 360
310 364
310 365
310 371
310 374
310 375
310 379
310 381
310 383
310 388
310 389
310 395
310 400
310 401
310 417
310 429
310 430
310 434
310 440
310 446
310 457
310 476
310 482
310 488
310 491
310 492
310 499
311 314
311 333
311 334
311 336
311 346
311 347
311 348
311 359
311 374
311 376
311 378
311 379
311 383
311 384
311 393
311 410
311 415
311 419
311 420
311 424
311 427
311 435
311 437
311 458
311 459
311 462
311 464
311 470
311 474
311 477
311 488
311 494
311 495
311 499
312 326
312 334
312 335
312 346
312 350
312 354
312 355
312 361
312 369
312 371
312 381
312 389
312 390
312 392
312 393
312 397
312 400
312 407
312 410
312 412
312 415
312 419
312 429
312 439
312 443
312 457
312 466
312 468
312 473
312 476
312 480
312 488
312 493
313 334
313 361
313 367
313 368
313 371
313 387
313 398
313 400
313 402
313 422
313 423
313 427
313 429
313 435
313 441
313 446
313 461
313 464
313 472
313 474
313 477
313 481
313 482
313 483
313 485
313 487
313 489
313 499
314 315
314 324
314 325
314 332
314 335
314 342
314 348
314 364
314 366
314 372
314 376
314 379
314 385
314 389
314 392
314 394
314 397
314 399
314 403
314 409
314 423
314 430
314 431
314 432
314 434
314 439
314 442
314 445
314 448
314 449
314 459
314 462
314 467
314 468
314 470
314 482
314 483
314 493
314 496
315 319
315 323
315 330
315 331
315 333
315 334
315 339
315 342
315 343
315 348
315 350
315 351
315 359
315 367
315 374
315 375
315 380
315 382
315 388
315 399
315 411
315 415
315 416
315 417
315 422
315 426
315 432
315 438
315 441
315 443
315 452
315 454
315 455
315 459
315 462
315 475
315 476
315 479
315 483
315 484
315 490
315 491
315 495
316 320
316 342
316 348
316 349
316 353
316 356
316 357
316 360
316 364
316 366
316 372
316 385
316 389
316 391
316 392
316 404
316 416
316 417
316 430
316 434
316 439
316 440
316 445
316 457
316 467
316 469
316 475
316 485
316 487
316 499
317 320
317 333
317 337
317 339
317 343
317 344
317 347
317 356
317 357
317 360
317 365
317 374
317 375
317 384
317 389
317 404
317 408
317 410
317 416
317 420
317 422
317 432
317 433
317 434
317 436
317 447
317 454
317 455
317 461
317 466
317 472
317 475
317 480
317 484
317 485
317 489
317 492
318 319
318 320
318 322
318 326
318 328
318 332
318 333
318 340
318 348
318 351
318 354
318 356
318 358
318 366
318 371
318 374
318 384
318 386
318 387
318 388
318 390
318 394
318 395
318 401
318 404
318 405
318 414
318 419
318 422
318 434
318 437
318 438
318 440
318 450
318 455
318 456
318 468
318 473
318 477
318 482
318 485
318 489
318 494
318 497
319 320
319 342
319 347
319 351
319 354
319 358
319 361
319 363
319 371
319 378
319 390
319 391
319 392
319 393
319 399
319 400
319 404
319 406
319 412
319 418
319 427
319 435
319 445
319 455
319 464
319 480
319 482
319 483
320 335
320 336
320 338
320 349
320 362
320 373
320 390
320 391
320 393
320 398
320 403
320 408
320 410
320 416
320 419
320 429
320 434
320 441
320 443
320 444
320 446
320 450
320 466
320 467
320 468
320 474
320 486
320 492
321 326
321 327
321 328
321 331
321 333
321 340
321 341
321 347
321 353
321 355
321 358
321 364
321 369
321 373
321 376
321 384
321 386
321 397
321 398
321 415
321 420
321 425
321 434
321 439
321 441
321 446
321 447
321 451
321 452
321 456
321 460
321 463
321 469
321 470
321 476
321 495
321 498
322 333
322 354
322 360
322 362
322 366
322 367
322 378
322 384
322 398
322 400
322 401
322 409
322 421
322 425
322 429
322 446
322 451
322 453
322 465
322 469
322 481
322 482
323 325
323 341
323 348
323 351
323 359
323 363
323 377
323 382
323 399
323 402
323 406
323 407
323 410
323 412
323 414
323 416
323 421
323 425
323 426
323 432
323 435
323 437
323 438
323 443
323 445
323 448
323 456
323 461
323 464
323 466
323 468
323 481
323 482
323 489
323 494
324 327
324 329
324 332
324 337
324 340
324 358
324 365
324 376
324 383
324 384
324 387
324 392
324 396
324 399
324 405
324 408
324 416
324 423
324 426
324 429
324 436
324 440
324 442
324 443
324 445
324 447
324 454
324 459
324 463
324 466
324 487
325 339
325 340
325 350
325 351
325 354
325 358
325 363
325 365
325 367
325 368
325 372
325 377
325 384
325 386
325 390
325 393
325 398
325 401
325 403
325 405
325 407
325 409
325 411
325 414
325 428
325 432
325 435
325 436
325 441
325 443
325 448
325 458
325 461
325 466
325 469
325 473
325 476
325 478
325 484
325 488
325 490
325 497
325 499
326 329
326 344
326 345
326 359
326 363
326 379
326 383
326 391
326 395
326 405
326 407
326 415
326 417
326 418
326 425
326 426
326 428
326 435
326 441
326 455
326 460
326 463
326 465
326 468
326 472
326 475
326 480
326 483
326 487
326 488
326 490
326 495
326 497
327 331
327 334
327 336
327 337
327 339
327 346
327 349
327 351
327 354
327 358
327 361
327 362
327 364
327 372
327 373
327 385
327 403
327 410
327 414
327 415
327 418
327 419
327 428
327 430
327 433
327 443
327 445
327 457
327 470
327 474
327 476
327 478
327 481
327 482
327 484
327 490
328 330
328 348
328 362
328 375
328 380
328 384
328 390
328 393
328 395
328 396
328 397
328 398
328 399
328 406
328 412
328 415
328 422
328 423
328 429
328 435
328 436
328 438
328 458
328 469
328 473
328 479
328 481
328 483
328 484
328 486
328 490
328 491
328 498
329 340
329 355
329 368
329 371
329 387
329 393
329 395
329 399
329 400
329 402
329 417
329 420
329 423
329 428
329 429
329 438
329 439
329 445
329 447
329 453
329 475
329 476
329 479
329 484
329 495
329 498
330 335
330 336
330 339
330 340
330 343
330 344
330 345
330 368
330 376
330 379
330 389
330 391
330 397
330 403
330 406
330 414
330 422
330 424
330 439
330 450
330 457
330 462
330 467
330 470
330 475
330 477
330 478
330 480
330 489
330 490
330 493
330 496
330 497
331 333
331 338
331 340
331 347
331 351
331 353
331 363
331 365
331 367
331 373
331 377
331 382
331 387
331 394
331 409
331 410
331 413
331 419
331 421
331 424
331 434
331 448
331 457
331 460
331 463
331 470
331 476
331 477
331 482
331 491
332 334
332 337
332 341
332 350
332 362
332 368
332 373
332 375
332 377
332 379
332 380
332 388
332 405
332 414
332 421
332 427
332 428
332 430
332 432
332 437
332 439
332 445
332 446
332 447
332 449
332 452
332 453
332 454
332 456
332 471
332 474
332 478
332 485
332 490
333 334
333 336
333 340
333 348
333 359
333 360
333 364
333 372
333 376
333 379
333 380
333 389
333 400
333 404
333 411
333 413
333 422
333 440
333 449
333 464
333 465
333 466
333 467
333 489
333 491
334 335
334 366
334 372
334 375
334 378
334 387
334 392
334 393
334 399
334 409
334 414
334 418
334 421
334 436
334 439
334 440
334 444
334 449
334 459
334 487
334 489
334 492
334 495
335 342
335 345
335 346
335 351
335 352
335 356
335 361
335 368
335 373
335 374
335 379
335 390
335 391
335 400
335 410
335 413
335 414
335 431
335 433
335 444
335 455
335 460
335 473
335 486
335 488
335 490
335 495
335 496
336 337
336 339
336 340
336 342
336 344
336 352
336 356
336 357
336 359
336 363
336 367
336 369
336 373
336 374
336 376
336 387
336 388
336 394
336 399
336 400
336 401
336 407
336 411
336 413
336 418
336 420
336 428
336 430
336 432
336 436
336 443
336 446
336 447
336 451
336 454
336 457
336 462
336 468
336 471
336 477
336 480
336 481
336 490
336 496
337 341
337 343
337 347
337 348
337 351
337 354
337 356
337 383
337 384
337 396
337 398
337 407
337 410
337 411
337 416
337 420
337 433
337 437
337 440
337 447
337 456
337 469
337 475
337 476
337 484
337 492
337 493
338 343
338 345
338 347
338 362
338 375
338 381
338 384
338 391
338 400
338 404
338 406
338 410
338 411
338 420
338 426
338 433
338 438
338 439
338 450
338 451
338 452
338 454
338 455
338 464
338 469
338 473
338 480
338 483
338 495
338 498
339 343
339 349
339 353
339 355
339 363
339 367
339 375
339 385
339 395
339 401
339 404
339 423
339 440
339 451
339 454
339 456
339 469
339 472
339 474
339 480
339 481
339 483
339 492
339 496
340 346
340 355
340 369
340 381
340 385
340 387
340 392
340 394
340 399
340 414
340 422
340 428
340 448
340 460
340 467
340 473
340 474
340 484
340 486
340 493
340 499
341 344
341 346
341 348
341 355
341 356
341 361
341 369
341 370
341 379
341 385
341 391
341 394
341 404
341 408
341 418
341 421
341 428
341 429
341 459
341 464
341 467
341 476
341 477
341 485
342 343
342 349
342 350
342 362
342 366
342 369
342 373
342 388
342 391
342 392
342 401
342 409
342 413
342 418
342 424
342 426
342 430
342 444
342 453
342 457
342 459
342 464
342 466
342 478
342 482
342 487
342 488
342 491
342 499
343 346
343 353
343 357
343 358
343 359
343 362
343 364
343 365
343 366
343 381
343 384
343 386
343 387
343 389
343 390
343 392
343 394
343 403
343 411
343 418
343 431
343 432
343 433
343 435
343 442
343 457
343 459
343 460
343 461
343 463
343 468
343 473
343 479
343 484
343 488
344 357
344 362
344 364
344 368
344 375
344 377
344 395
344 406
344 408
344 412
344 419
344 423
344 432
344 433
344 435
344 440
344 447
344 454
344 457
344 459
344 461
344 464
344 472
344 487
344 488
344 496
344 499
345 355
345 358
345 364
345 373
345 375
345 385
345 394
345 395
345 402
345 411
345 412
345 418
345 422
345 423
345 425
345 440
345 445
345 447
345 452
345 459
345 467
345 473
345 475
345 479
345 481
345 484
345 489
345 498
346 361
346 364
346 370
346 371
346 380
346 386
346 393
346 408
346 410
346 411
346 413
346 416
346 422
346 424
346 425
346 426
346 430
346 434
346 438
346 439
346 444
346 445
346 446
346 454
346 455
346 458
346 461
346 462
346 463
346 465
346 468
346 475
346 482
346 487
347 352
347 354
347 356
347 362
347 363
347 365
347 366
347 371
347 372
347 374
347 375
347 378
347 379
347 381
347 391
347 395
347 397
347 398
347 400
347 404
347 405
347 410
347 417
347 419
347 447
347 449
347 455
347 461
347 462
347 466
347 471
347 474
347 476
347 479
347 482
347 486
347 489
347 496
348 357
348 361
348 362
348 370
348 372
348 379
348 385
348 388
348 390
348 394
348 398
348 400
348 413
348 417
348 422
348 423
348 425
348 427
348 433
348 434
348 440
348 445
348 451
348 453
348 466
348 467
348 470
348 476
348 477
348 482
348 485
348 486
348 487
348 488
348 489
348 498
349 356
349 358
349 361
349 362
349 370
349 378
349 382
349 384
349 385
349 406
349 412
349 414
349 427
349 437
349 445
349 460
349 474
349 481
349 482
349 483
349 486
349 488
349 497
349 498
350 351
350 353
350 355
350 361
350 363
350 367
350 368
350 369
350 370
350 372
350 382
350 385
350 396
350 402
350 414
350 417
350 423
350 425
350 427
350 429
350 433
350 437
350 449
350 452
350 464
350 474
350 481
350 487
350 488
350 490
350 496
350 497
351 352
351 355
351 364
351 369
351 370
351 372
351 376
351 377
351 381
351 383
351 385
351 389
351 390
351 397
351 399
351 401
351 402
351 406
351 408
351 418
351 431
351 432
351 445
351 459
351 460
351 461
351 476
351 477
351 478
351 479
351 486
351 496
351 498
351 499
352 354
352 357
352 361
352 372
352 373
352 385
352 386
352 388
352 391
352 395
352 414
352 432
352 439
352 442
352 458
352 480
353 358
353 363
353 365
353 377
353 388
353 390
353 392
353 394
353 395
353 401
353 403
353 411
353 413
353 423
353 432
353 441
353 442
353 466
353 470
353 488
353 495
353 499
354 358
354 370
354 376
354 377
354 399
354 403
354 404
354 410
354 413
354 428
354 429
354 439
354 443
354 446
354 453
354 455
354 462
354 479
354 496
355 356
355 362
355 367
355 368
355 382
355 383
355 391
355 403
355 405
355 414
355 415
355 418
355 423
355 425
355 435
355 436
355 439
355 448
355 450
355 452
355 453
355 463
355 465
355 467
355 474
355 476
355 484
356 359
356 362
356 365
356 369
356 383
356 384
356 389
356 391
356 396
356 397
356 400
356 407
356 408
356 414
356 423
356 427
356 429
356 437
356 442
356 447
356 448
356 452
356 455
356 457
356 459
356 495
356 497
356 498
357 365
357 369
357 370
357 371
357 382
357 386
357 397
357 401
357 404
357 407
357 410
357 422
357 423
357 431
357 438
357 439
357 441
357 443
357 447
357 451
357 457
357 464
357 465
357 479
357 481
357 483
357 484
357 485
357 487
357 490
357 492
358 359
358 368
358 379
358 383
358 385
358 388
358 399
358 402
358 405
358 422
358 425
358 431
358 443
358 444
358 447
358 452
358 453
358 459
358 462
358 473
358 477
358 484
358 488
358 492
359 364
359 366
359 369
359 370
359 371
359 388
359 390
359 402
359 411
359 425
359 428
359 435
359 438
359 441
359 442
359 447
359 449
359 485
359 490
359 491
359 496
360 361
360 363
360 366
360 371
360 380
360 396
360 406
360 408
360 411
360 416
360 421
360 425
360 436
360 447
360 452
360 455
360 466
360 471
360 479
360 484
360 490
360 497
361 370
361 374
361 378
361 387
361 390
361 391
361 392
361 394
361 400
361 426
361 440
361 443
361 445
361 450
361 463
361 464
361 469
361 479
361 481
361 484
361 485
361 495
361 497
362 363
362 372
362 376
362 384
362 387
362 392
362 394
362 404
362 406
362 410
362 411
362 416
362 424
362 428
362 432
362 437
362 439
362 445
362 448
362 449
362 453
362 454
362 457
362 458
362 460
362 467
362 476
362 478
362 486
362 493
362 498
363 372
363 380
363 384
363 386
363 391
363 393
363 394
363 399
363 404
363 408
363 409
363 410
363 418
363 420
363 422
363 423
363 427
363 432
363 436
363 448
363 461
363 464
363 472
363 473
363 475
363 482
363 499
364 367
364 369
364 373
364 377
364 380
364 382
364 387
364 399
364 403
364 412
364 415
364 417
364 421
364 428
364 429
364 430
364 437
364 439
364 443
364 447
364 461
364 462
364 466
364 474
364 476
364 479
364 493
364 499
365 366
365 376
365 377
365 383
365 389
365 405
365 407
365 410
365 415
365 416
365 417
365 427
365 432
365 433
365 439
365 442
365 446
365 452
365 456
365 462
365 468
365 469
365 472
365 488
365 492
365 493
365 494
365 499
366 371
366 372
366 378
366 382
366 388
366 392
366 393
366 400
366 402
366 409
366 418
366 433
366 437
366 448
366 452
366 454
366 456
366 457
366 463
366 476
366 482
366 483
366 484
367 369
367 372
367 377
367 381
367 386
367 389
367 395
367 409
367 413
367 414
367 415
367 418
367 420
367 424
367 433
367 435
367 447
367 449
367 452
367 456
367 461
367 466
367 472
367 475
367 482
367 490
367 493
368 381
368 392
368 398
368 402
368 407
368 412
368 413
368 424
368 429
368 432
368 433
368 435
368 443
368 444
368 447
368 451
368 460
368 465
368 469
368 473
368 476
368 478
368 484
368 487
368 490
368 492
368 494
368 496
368 498
369 370
369 375
369 378
369 390
369 393
369 400
369 413
369 416
369 417
369 418
369 419
369 423
369 425
369 428
369 431
369 439
369 444
369 447
369 451
369 452
369 453
369 463
369 465
369 473
369 476
369 477
369 478
369 479
369 480
369 486
369 487
369 490
369 493
370 374
370 380
370 394
370 398
370 400
370 411
370 415
370 417
370 434
370 440
370 442
370 447
370 453
370 463
370 471
370 475
370 476
370 478
370 481
370 489
370 494
370 496
370 499
371 393
371 414
371 416
371 420
371 421
371 423
371 428
371 430
371 432
371 433
371 439
371 440
371 448
371 456
371 462
371 469
371 481
371 482
371 484
371 498
372 382
372 386
372 388
372 390
372 393
372 395
372 397
372 406
372 407
372 410
372 414
372 415
372 417
372 418
372 419
372 426
372 428
372 445
372 454
372 456
372 457
372 461
372 463
372 468
372 471
372 480
372 482
372 486
372 488
372 491
372 497
372 498
373 376
373 377
373 379
373 381
373 382
373 397
373 401
373 402
373 403
373 404
373 407
373 410
373 411
373 415
373 420
373 424
373 428
373 429
373 436
373 443
373 451
373 454
373 458
373 460
373 463
373 464
373 478
373 482
373 485
374 378
374 403
374 405
374 407
374 438
374 439
374 446
374 448
374 450
374 452
374 454
374 455
374 456
374 457
374 458
374 461
374 463
374 468
374 470
374 473
374 476
374 478
374 479
374 481
374 490
374 491
374 497
374 499
375 379
375 380
375 381
375 391
375 393
375 394
375 401
375 403
375 406
375 414
375 417
375 418
375 428
375 434
375 438
375 439
375 443
375 453
375 456
375 460
375 461
375 472
375 473
375 475
375 481
375 484
375 489
375 492
375 493
376 379
376 380
376 382
376 383
376 387
376 389
376 390
376 391
376 392
376 399
376 405
376 417
376 419
376 424
376 425
376 427
376 433
376 438
376 439
376 441
376 442
376 447
376 455
376 459
376 464
376 467
376 470
376 471
376 472
376 473
376 477
376 479
376 480
376 484
376 490
377 378
377 379
377 383
377 386
377 391
377 392
377 394
377 397
377 402
377 403
377 417
377 418
377 425
377 431
377 435
377 442
377 449
377 451
377 452
377 455
377 459
377 460
377 479
377 481
377 488
378 391
378 400
378 406
378 410
378 413
378 416
378 419
378 424
378 434
378 438
378 439
378 447
378 448
378 461
378 462
378 463
378 465
378 469
378 471
378 477
378 487
378 498
378 499
379 384
379 393
379 396
379 408
379 409
379 417
379 420
379 421
379 425
379 437
379 440
379 445
379 465
379 467
379 471
379 476
379 478
379 487
379 495
379 498
380 391
380 406
380 410
380 416
380 423
380 424
380 429
380 441
380 443
380 450
380 459
380 464
380 466
380 471
380 473
380 486
380 494
380 495
380 498
381 384
381 390
381 401
381 405
381 407
381 431
381 433
381 435
381 438
381 441
381 459
381 461
381 463
381 466
381 467
381 471
381 475
381 478
381 481
381 482
381 491
381 495
381 497
382 391
382 392
382 395
382 399
382 400
382 403
382 404
382 405
382 411
382 418
382 419
382 421
382 422
382 431
382 446
382 448
382 450
382 452
382 454
382 462
382 465
382 473
382 478
382 482
382 486
383 385
383 388
383 389
383 391
383 392
383 395
383 404
383 407
383 408
383 414
383 415
383 419
383 422
383 430
383 434
383 439
383 443
383 450
383 456
383 459
383 462
383 466
383 471
383 473
383 475
383 479
383 487
383 490
383 493
383 495
383 498
384 386
384 404
384 413
384 424
384 428
384 430
384 435
384 437
384 440
384 445
384 459
384 461
384 463
384 466
384 469
385 387
385 388
385 389
385 392
385 403
385 405
385 408
385 409
385 412
385 413
385 423
385 429
385 431
385 432
385 439
385 445
385 449
385 456
385 458
385 462
385 466
385 470
385 471
385 476
385 482
385 485
386 399
386 404
386 409
386 416
386 417
386 425
386 430
386 438
386 440
386 451
386 452
386 455
386 461
386 463
386 464
386 468
386 470
386 472
386 483
386 485
386 488
386 489
386 499
387 394
387 406
387 407
387 408
387 413
387 417
387 423
387 432
387 441
387 447
387 449
387 450
387 458
387 461
387 462
387 463
387 473
387 484
387 494
388 396
388 399
388 401
388 402
388 407
388 416
388 418
388 422
388 444
388 445
388 454
388 457
388 465
388 472
388 473
388 475
388 484
388 487
388 495
389 399
389 401
389 407
389 410
389 415
389 416
389 417
389 424
389 430
389 435
389 437
389 440
389 441
389 452
389 463
389 469
389 472
389 473
389 477
389 483
389 486
389 496
389 497
390 391
390 392
390 396
390 398
390 403
390 412
390 416
390 428
390 429
390 430
390 433
390 434
390 435
390 436
390 437
390 438
390 446
390 450
390 454
390 459
390 470
390 472
390 473
390 475
390 478
390 493
390 495
390 497
391 395
391 397
391 404
391 413
391 414
391 416
391 428
391 429
391 432
391 439
391 445
391 459
391 464
391 475
391 478
391 484
391 485
391 490
391 498
392 393
392 395
392 396
392 404
392 411
392 413
392 424
392 425
392 429
392 430
392 431
392 433
392 446
392 447
392 460
392 461
392 471
392 477
392 488
392 491
392 493
392 495
393 394
393 395
393 397
393 403
393 411
393 413
393 414
393 416
393 418
393 425
393 432
393 437
393 453
393 460
393 479
393 481
393 486
393 491
393 494
393 497
393 499
394 400
394 407
394 415
394 418
394 419
394 420
394 423
394 424
394 426
394 435
394 436
394 438
394 439
394 445
394 450
394 451
394 452
394 460
394 466
394 467
394 470
394 477
394 485
394 493
394 497
394 498
395 396
395 398
395 408
395 413
395 420
395 427
395 430
395 436
395 440
395 445
395 448
395 457
395 458
395 467
395 469
395 475
395 477
395 479
395 488
396 406
396 410
396 419
396 421
396 428
396 429
396 435
396 437
396 439
396 452
396 453
396 457
396 460
396 477
396 481
396 490
397 398
397 404
397 408
397 415
397 420
397 425
397 427
397 432
397 435
397 452
397 457
397 466
397 468
397 469
397 476
397 484
397 486
397 490
397 498
397 499
398 400
398 401
398 404
398 407
398 410
398 411
398 419
398 420
398 426
398 428
398 431
398 432
398 433
398 434
398 437
398 440
398 443
398 445
398 456
398 460
398 462
398 466
398 467
398 475
398 483
398 490
398 496
399 402
399 404
399 406
399 409
399 413
399 423
399 424
399 428
399 432
399 433
399 437
399 442
399 451
399 460
399 462
399 463
399 467
399 468
399 475
399 483
399 487
399 490
399 493
400 405
400 409
400 413
400 415
400 418
400 429
400 443
400 447
400 449
400 458
400 460
400 461
400 462
400 472
400 474
400 475
400 489
400 492
400 495
401 404
401 409
401 413
401 415
401 439
401 444
401 449
401 460
401 461
401 462
401 478
401 484
401 489
402 407
402 408
402 410
402 416
402 424
402 428
402 430
402 433
402 434
402 441
402 447
402 450
402 451
402 453
402 454
402 461
402 471
402 473
402 478
402 484
402 486
402 487
402 488
403 404
403 405
403 408
403 414
403 419
403 421
403 423
403 424
403 426
403 427
403 430
403 431
403 432
403 435
403 444
403 447
403 448
403 459
403 463
403 472
403 477
403 484
403 496
403 498
404 408
404 410
404 414
404 418
404 419
404 424
404 427
404 434
404 438
404 446
404 448
404 454
404 458
404 462
404 473
404 476
404 490
405 406
405 422
405 423
405 429
405 430
405 431
405 438
405 440
405 443
405 450
405 452
405 463
405 464
405 467
405 469
405 478
405 487
405 491
405 492
405 493
405 497
405 499
406 407
406 411
406 413
406 417
406 421
406 425
406 443
406 444
406 451
406 455
406 458
406 468
406 471
406 478
406 479
406 498
406 499
407 419
407 420
407 422
407 424
407 425
407 426
407 434
407 435
407 436
407 441
407 442
407 444
407 445
407 450
407 458
407 459
407 462
407 467
407 469
407 471
407 476
407 477
407 483
407 485
407 489
407 498
408 414
408 418
408 419
408 420
408 421
408 422
408 428
408 431
408 432
408 438
408 441
408 442
408 447
408 450
408 465
408 469
408 473
408 476
408 483
408 485
408 488
408 489
408 494
409 419
409 426
409 432
409 448
409 450
409 452
409 453
409 454
409 455
409 456
409 457
409 465
409 474
409 475
409 476
409 479
409 487
409 493
409 494
409 499
410 413
410 417
410 424
410 425
410 431
410 442
410 444
410 445
410 446
410 451
410 456
410 459
410 460
410 468
410 469
410 470
410 471
410 473
410 476
410 487
410 499
411 415
411 419
411 432
411 439
411 442
411 446
411 448
411 451
411 452
411 454
411 456
411 480
411 483
411 485
411 486
411 487
411 490
411 496
411 498
412 422
412 423
412 430
412 432
412 436
412 437
412 443
412 446
412 453
412 459
412 461
412 463
412 469
412 472
412 479
412 480
412 485
412 487
412 491
412 492
412 493
413 419
413 420
413 430
413 437
413 446
413 451
413 460
413 466
413 471
413 476
413 478
413 482
413 493
413 496
413 497
414 418
414 419
414 421
414 425
414 432
414 434
414 436
414 437
414 442
414 450
414 452
414 471
414 478
414 481
414 485
414 487
414 488
414 494
414 495
414 498
414 499
415 421
415 422
415 423
415 426
415 428
415 432
415 437
415 446
415 458
415 459
415 461
415 462
415 463
415 466
415 475
415 477
415 482
415 487
415 488
415 490
415 498
416 418
416 427
416 428
416 429
416 436
416 449
416 459
416 465
416 471
416 478
416 484
417 426
417 427
417 432
417 434
417 435
417 446
417 450
417 452
417 453
417 460
417 463
417 469
417 484
417 485
417 490
417 491
418 426
418 427
418 430
418 435
418 439
418 444
418 446
418 447
418 453
418 456
418 464
418 466
418 467
418 474
418 481
418 497
418 498
419 426
419 431
419 432
419 445
419 453
419 454
419 456
419 458
419 461
419 465
419 467
419 469
419 473
419 474
419 483
419 484
419 490
419 495
420 423
420 428
420 450
420 453
420 456
420 459
420 462
420 465
420 472
420 479
420 487
420 493
421 430
421 434
421 442
421 444
421 445
421 447
421 457
421 459
421 470
421 473
421 476
421 478
421 479
421 484
421 489
421 492
421 499
422 434
422 439
422 448
422 454
422 463
422 464
422 472
422 479
422 483
422 485
422 492
422 497
423 426
423 427
423 430
423 433
423 434
423 437
423 439
423 442
423 443
423 457
423 459
423 460
423 461
423 468
423 471
423 475
423 476
423 479
423 480
423 481
423 482
423 485
423 487
423 495
424 426
424 432
424 439
424 444
424 455
424 460
424 461
424 466
424 472
424 476
424 489
424 493
424 497
425 428
425 434
425 441
425 444
425 445
425 456
425 458
425 460
425 461
425 469
425 472
425 478
425 482
425 490
425 492
425 494
426 429
426 431
426 432
426 436
426 442
426 443
426 450
426 454
426 455
426 457
426 459
426 462
426 469
426 470
426 472
426 481
426 485
426 490
426 492
426 496
427 435
427 437
427 440
427 452
427 456
427 457
427 464
427 469
427 471
427 473
427 477
427 478
427 481
427 484
427 489
427 490
427 494
428 429
428 431
428 438
428 440
428 442
428 445
428 462
428 463
428 467
428 468
428 473
428 475
428 482
428 487
428 488
429 430
429 431
429 437
429 442
429 467
429 468
429 470
429 477
429 478
430 431
430 433
430 439
430 441
430 444
430 446
430 453
430 456
430 465
430 469
430 472
430 474
430 487
430 488
430 492
430 497
430 499
431 433
431 434
431 443
431 446
431 454
431 468
431 474
431 475
431 479
431 497
432 434
432 441
432 450
432 458
432 459
432 465
432 497
433 437
433 440
433 444
433 450
433 457
433 458
433 464
433 469
433 470
433 474
433 475
433 477
433 491
433 495
433 499
434 438
434 444
434 457
434 458
434 460
434 461
434 468
434 469
434 470
434 472
434 481
434 484
434 495
435 442
435 444
435 446
435 449
435 454
435 455
435 457
435 470
435 476
435 477
435 481
435 483
435 493
435 494
435 498
435 499
436 443
436 444
436 451
436 458
436 467
436 468
436 471
436 474
436 481
436 486
436 490
436 498
437 438
437 444
437 445
437 452
437 453
437 454
437 455
437 456
437 458
437 461
437 463
437 466
437 467
437 470
437 473
437 478
437 485
437 486
437 499
438 457
438 460
438 477
438 481
438 483
438 494
439 443
439 451
439 452
439 453
439 454
439 457
439 460
439 466
439 473
439 491
439 494
439 495
440 447
440 460
440 462
440 467
440 470
440 471
440 473
440 482
440 483
440 486
440 492
440 493
440 495
440 498
441 444
441 466
441 475
441 476
441 480
441 482
441 495
442 444
442 445
442 449
442 450
442 451
442 452
442 457
442 459
442 464
442 472
442 478
442 483
442 484
442 485
442 487
442 488
443 445
443 447
443 454
443 462
443 463
443 466
443 478
443 487
443 489
443 491
443 497
443 499
444 452
444 455
444 457
444 461
444 462
444 463
444 470
444 479
444 486
444 487
445 452
445 456
445 466
445 468
445 479
445 480
445 485
445 487
445 490
445 494
446 447
446 450
446 452
446 454
446 455
446 460
446 461
446 476
446 479
446 481
446 492
447 455
447 460
447 465
447 467
447 479
447 484
447 489
447 492
447 493
447 496
447 497
448 452
448 453
448 463
448 466
448 474
448 479
448 499
449 464
449 475
449 482
449 484
450 452
450 458
450 459
450 460
450 465
450 467
450 470
450 477
450 482
450 483
450 489
450 493
450 497
451 454
451 460
451 471
451 477
451 485
451 489
451 497
451 498
451 499
452 453
452 460
452 462
452 465
452 479
452 486
452 488
452 497
453 460
453 466
453 475
453 482
453 485
453 487
453 488
453 489
453 493
454 456
454 459
454 471
454 480
454 482
454 486
454 491
454 494
454 495
454 498
455 456
455 469
455 470
455 473
455 489
455 496
455 497
456 460
456 470
456 474
456 476
456 478
456 479
456 487
456 489
456 490
456 491
456 496
457 461
457 463
457 474
457 475
457 479
457 483
457 485
457 487
457 497
457 498
458 459
458 463
458 470
458 476
458 477
458 480
458 481
458 482
458 484
458 489
458 492
458 493
458 496
458 497
458 499
459 463
459 465
459 470
459 485
459 488
459 494
459 496
460 462
460 466
460 475
460 476
460 477
460 478
460 479
460 482
460 485
460 488
460 492
460 494
461 466
461 469
461 480
462 468
462 473
462 478
462 486
462 492
462 497
462 498
463 464
463 465
463 469
463 485
463 488
463 498
463 499
464 465
464 470
464 490
464 491
465 471
465 480
465 483
465 484
465 487
466 468
466 469
466 476
466 483
466 488
466 491
466 493
467 471
467 475
467 477
467 479
467 485
467 489
467 495
468 470
468 473
468 478
468 481
468 482
468 484
468 485
468 487
468 489
468 490
468 492
468 493
468 495
469 473
469 476
469 481
469 486
469 491
469 496
469 497
470 471
470 478
470 482
470 483
470 484
470 496
471 473
471 474
471 484
471 486
471 494
471 499
472 487
472 493
472 498
473 478
473 479
473 480
473 483
473 484
473 494
473 497
474 476
474 478
474 490
475 477
475 479
475 482
475 483
475 484
475 485
475 487
475 489
475 492
476 480
476 482
476 483
476 484
476 487
476 495
477 486
477 488
477 489
478 489
479 480
479 484
479 487
479 494
479 496
479 497
480 485
480 488
480 490
480 492
481 486
481 487
481 490
481 491
481 492
481 496
482 485
482 490
482 492
483 489
483 493
483 499
484 486
484 488
484 496
485 486
485 490
486 489
486 497
487 489
487 493
487 494
487 496
487 498
487 499
488 489
489 496
490 497
491 492
491 495
491 497
492 496
495 498
497 498
497 499
