# family=random seed=1
500 62440
0 1
0 4
0 5
0 6
0 9
0 10
0 12
0 14
0 15
0 17
0 20
0 21
0 24
0 25
0 26
0 27
0 28
0 29
0 30
0 31
0 32
0 33
0 34
0 35
0 36
0 40
0 43
0 44
0 48
0 51
0 57
0 58
0 60
0 61
0 65
0 66
0 70
0 71
0 72
0 73
0 77
0 78
0 84
0 88
0 89
0 92
0 100
0 101
0 104
0 106
0 107
0 108
0 112
0 113
0 114
0 115
0 121
0 124
0 125
0 126
0 128
0 129
0 131
0 132
0 133
0 135
0 136
0 138
0 139
0 140
0 141
0 142
0 143
0 144
0 145
0 148
0 151
0 152
0 153
0 155
0 159
0 163
0 165
0 167
0 169
0 170
0 173
0 175
0 178
0 179
0 180
0 182
0 186
0 191
0 192
0 193
0 195
0 196
0 197
0 199
0 200
0 201
0 204
0 205
0 206
0 209
0 210
0 214
0 217
0 219
0 221
0 222
0 224
0 228
0 229
0 230
0 235
0 237
0 238
0 239
0 243
0 246
0 248
0 249
0 250
0 254
0 255
0 258
0 260
0 261
0 263
0 264
0 266
0 267
0 268
0 269
0 271
0 273
0 276
0 277
0 278
0 279
0 281
0 282
0 284
0 286
0 287
0 288
0 292
0 293
0 299
0 301
0 302
0 303
0 304
0 306
0 310
0 311
0 312
0 313
0 316
0 317
0 321
0 322
0 323
0 324
0 326
0 327
0 329
0 331
0 333
0 336
0 338
0 342
0 343
0 346
0 348
0 350
0 351
0 358
0 359
0 360
0 363
0 364
0 370
0 371
0 372
0 373
0 374
0 376
0 378
0 379
0 380
0 381
0 382
0 384
0 385
0 387
0 388
0 392
0 395
0 396
0 397
0 398
0 399
0 403
0 405
0 406
0 409
0 412
0 415
0 423
0 424
0 425
0 428
0 431
0 433
0 435
0 439
0 442
0 447
0 450
0 452
0 453
0 454
0 455
0 458
0 460
0 461
0 462
0 463
0 465
0 466
0 467
0 468
0 472
0 473
0 475
0 477
0 483
0 487
0 488
0 489
0 491
0 497
1 2
1 4
1 6
1 7
1 8
1 9
1 10
1 13
1 15
1 16
1 17
1 18
1 24
1 26
1 29
1 30
1 33
1 34
1 35
1 36
1 37
1 43
1 48
1 57
1 58
1 62
1 64
1 65
1 66
1 69
1 70
1 72
1 76
1 79
1 80
1 82
1 83
1 86
1 89
1 93
1 95
1 97
1 100
1 101
1 105
1 108
1 109
1 112
1 114
1 116
1 120
1 122
1 123
1 125
1 127
1 130
1 131
1 132
1 133
1 134
1 135
1 136
1 139
1 140
1 145
1 147
1 149
1 150
1 151
1 152
1 153
1 154
1 156
1 158
1 160
1 164
1 167
1 168
1 171
1 174
1 176
1 177
1 179
1 180
1 181
1 182
1 185
1 186
1 188
1 189
1 190
1 191
1 192
1 198
1 202
1 203
1 206
1 210
1 211
1 212
1 213
1 215
1 221
1 223
1 227
1 228
1 230
1 231
1 233
1 235
1 236
1 237
1 240
1 242
1 244
1 245
1 246
1 248
1 249
1 253
1 254
1 255
1 257
1 258
1 262
1 264
1 272
1 273
1 274
1 276
1 277
1 279
1 282
1 283
1 284
1 285
1 289
1 291
1 292
1 293
1 295
1 303
1 310
1 313
1 314
1 317
1 318
1 322
1 323
1 325
1 326
1 328
1 329
1 330
1 333
1 334
1 337
1 339
1 340
1 343
1 348
1 356
1 357
1 361
1 362
1 366
1 368
1 369
1 370
1 372
1 373
1 374
1 385
1 387
1 388
1 393
1 398
1 399
1 406
1 407
1 409
1 411
1 412
1 413
1 414
1 415
1 416
1 417
1 418
1 419
1 422
1 424
1 428
1 430
1 432
1 435
1 436
1 438
1 439
1 440
1 441
1 443
1 446
1 451
1 454
1 456
1 458
1 459
1 460
1 461
1 466
1 467
1 469
1 472
1 474
1 475
1 477
1 479
1 482
1 483
1 486
1 488
1 489
1 490
1 495
1 497
2 3
2 4
2 6
2 7
2 8
2 14
2 15
2 16
2 18
2 19
2 20
2 21
2 22
2 24
2 28
2 29
2 34
2 35
2 36
2 37
2 38
2 39
2 40
2 45
2 46
2 49
2 50
2 51
2 52
2 54
2 55
2 58
2 61
2 62
2 63
2 64
2 67
2 68
2 70
2 71
2 72
2 73
2 74
2 75
2 76
2 79
2 81
2 83
2 85
2 91
2 97
2 101
2 103
2 104
2 105
2 107
2 108
2 110
2 111
2 112
2 113
2 120
2 121
2 123
2 125
2 127
2 130
2 132
2 134
2 135
2 136
2 138
2 142
2 146
2 149
2 152
2 154
2 156
2 157
2 158
2 160
2 161
2 162
2 163
2 165
2 166
2 172
2 174
2 176
2 177
2 180
2 182
2 186
2 187
2 188
2 189
2 191
2 195
2 198
2 200
2 201
2 204
2 206
2 208
2 210
2 211
2 215
2 216
2 217
2 220
2 221
2 226
2 227
2 228
2 229
2 230
2 231
2 235
2 236
2 240
2 241
2 246
2 247
2 252
2 253
2 257
2 260
2 268
2 270
2 272
2 275
2 277
2 278
2 280
2 281
2 282
2 286
2 288
2 290
2 291
2 292
2 293
2 294
2 296
2 297
2 303
2 304
2 305
2 306
2 307
2 308
2 309
2 310
2 311
2 312
2 315
2 316
2 320
2 321
2 323
2 325
2 327
2 330
2 332
2 333
2 334
2 335
2 338
2 340
2 342
2 344
2 346
2 347
2 348
2 353
2 354
2 356
2 360
2 363
2 364
2 366
2 370
2 372
2 374
2 375
2 376
2 377
2 379
2 380
2 382
2 390
2 391
2 392
2 394
2 396
2 397
2 398
2 403
2 405
2 406
2 407
2 410
2 413
2 414
2 418
2 420
2 422
2 423
2 425
2 426
2 430
2 435
2 437
2 441
2 442
2 444
2 445
2 448
2 452
2 456
2 458
2 460
2 461
2 465
2 468
2 471
2 472
2 473
2 474
2 476
2 477
2 478
2 484
2 485
2 488
2 493
2 494
2 496
2 497
2 498
3 4
3 5
3 6
3 7
3 9
3 13
3 14
3 17
3 18
3 19
3 21
3 22
3 25
3 29
3 31
3 32
3 33
3 35
3 36
3 37
3 38
3 40
3 43
3 45
3 47
3 48
3 50
3 52
3 54
3 56
3 57
3 58
3 59
3 60
3 62
3 63
3 65
3 67
3 68
3 69
3 70
3 71
3 75
3 77
3 78
3 79
3 87
3 91
3 92
3 99
3 100
3 102
3 103
3 105
3 106
3 111
3 112
3 114
3 116
3 119
3 120
3 121
3 125
3 126
3 127
3 130
3 134
3 137
3 141
3 142
3 143
3 145
3 147
3 148
3 153
3 154
3 155
3 156
3 160
3 162
3 163
3 165
3 166
3 170
3 173
3 175
3 176
3 177
3 178
3 179
3 185
3 186
3 187
3 188
3 191
3 194
3 195
3 196
3 199
3 200
3 202
3 203
3 204
3 205
3 206
3 207
3 209
3 210
3 211
3 213
3 215
3 216
3 217
3 218
3 219
3 222
3 223
3 225
3 228
3 230
3 231
3 232
3 233
3 235
3 238
3 239
3 241
3 244
3 245
3 246
3 247
3 248
3 249
3 250
3 251
3 252
3 253
3 258
3 259
3 260
3 265
3 266
3 273
3 274
3 275
3 276
3 277
3 278
3 279
3 280
3 284
3 285
3 287
3 288
3 290
3 292
3 294
3 295
3 301
3 302
3 306
3 307
3 315
3 316
3 318
3 319
3 322
3 323
3 325
3 326
3 327
3 328
3 331
3 332
3 333
3 334
3 336
3 337
3 338
3 344
3 347
3 349
3 350
3 351
3 352
3 354
3 355
3 356
3 357
3 358
3 359
3 363
3 365
3 366
3 371
3 372
3 373
3 374
3 375
3 376
3 378
3 379
3 380
3 387
3 388
3 389
3 390
3 393
3 394
3 395
3 396
3 398
3 399
3 400
3 402
3 404
3 405
3 407
3 408
3 414
3 415
3 416
3 420
3 421
3 424
3 426
3 428
3 435
3 436
3 440
3 442
3 445
3 448
3 449
3 451
3 452
3 453
3 458
3 459
3 460
3 461
3 463
3 468
3 469
3 471
3 472
3 475
3 477
3 478
3 480
3 485
3 486
3 487
3 489
3 490
3 494
3 496
3 498
4 5
4 6
4 7
4 8
4 9
4 11
4 12
4 14
4 15
4 18
4 20
4 24
4 26
4 28
4 30
4 31
4 32
4 34
4 36
4 38
4 41
4 42
4 43
4 46
4 48
4 49
4 51
4 52
4 53
4 54
4 55
4 56
4 57
4 58
4 59
4 60
4 62
4 64
4 66
4 67
4 68
4 69
4 72
4 78
4 80
4 81
4 82
4 84
4 85
4 86
4 88
4 92
4 94
4 95
4 98
4 101
4 102
4 103
4 106
4 107
4 113
4 114
4 116
4 118
4 119
4 121
4 122
4 123
4 128
4 129
4 135
4 136
4 138
4 140
4 142
4 143
4 144
4 147
4 148
4 149
4 150
4 151
4 152
4 153
4 155
4 158
4 159
4 160
4 162
4 163
4 164
4 168
4 170
4 172
4 174
4 178
4 179
4 180
4 186
4 187
4 188
4 190
4 191
4 193
4 194
4 195
4 196
4 198
4 201
4 204
4 205
4 207
4 214
4 215
4 219
4 221
4 223
4 224
4 225
4 226
4 227
4 228
4 229
4 230
4 233
4 234
4 236
4 242
4 245
4 247
4 248
4 251
4 252
4 253
4 255
4 257
4 260
4 261
4 265
4 266
4 268
4 270
4 271
4 273
4 275
4 277
4 278
4 280
4 282
4 287
4 290
4 292
4 293
4 294
4 298
4 302
4 303
4 307
4 311
4 316
4 317
4 318
4 319
4 323
4 329
4 334
4 335
4 336
4 337
4 339
4 341
4 342
4 344
4 345
4 348
4 349
4 351
4 353
4 355
4 357
4 358
4 359
4 361
4 363
4 366
4 368
4 369
4 373
4 375
4 377
4 378
4 379
4 383
4 387
4 388
4 395
4 396
4 398
4 400
4 405
4 407
4 408
4 410
4 411
4 415
4 417
4 421
4 422
4 423
4 426
4 427
4 429
4 431
4 433
4 438
4 442
4 444
4 446
4 448
4 450
4 453
4 455
4 456
4 458
4 459
4 462
4 464
4 465
4 466
4 467
4 468
4 469
4 474
4 477
4 482
4 485
4 486
4 487
4 488
4 491
4 492
4 493
4 494
4 495
4 496
5 7
5 9
5 10
5 11
5 14
5 15
5 19
5 20
5 21
5 22
5 26
5 28
5 30
5 31
5 32
5 35
5 36
5 37
5 38
5 39
5 42
5 43
5 44
5 45
5 46
5 48
5 49
5 54
5 56
5 57
5 58
5 61
5 62
5 63
5 64
5 66
5 68
5 69
5 70
5 71
5 76
5 77
5 78
5 79
5 81
5 82
5 83
5 84
5 85
5 86
5 92
5 94
5 95
5 96
5 97
5 98
5 99
5 103
5 105
5 108
5 109
5 110
5 111
5 114
5 117
5 119
5 120
5 128
5 129
5 130
5 132
5 136
5 138
5 141
5 143
5 147
5 148
5 150
5 156
5 160
5 164
5 165
5 169
5 170
5 172
5 173
5 174
5 175
5 178
5 180
5 181
5 184
5 186
5 192
5 193
5 194
5 195
5 199
5 201
5 203
5 206
5 208
5 210
5 211
5 212
5 213
5 216
5 218
5 222
5 226
5 228
5 229
5 231
5 234
5 235
5 240
5 243
5 244
5 248
5 249
5 253
5 254
5 256
5 258
5 261
5 262
5 264
5 265
5 266
5 267
5 268
5 272
5 273
5 274
5 276
5 278
5 282
5 283
5 285
5 286
5 287
5 290
5 291
5 292
5 293
5 296
5 301
5 304
5 305
5 307
5 312
5 314
5 315
5 316
5 318
5 319
5 320
5 321
5 323
5 325
5 329
5 334
5 335
5 336
5 337
5 338
5 340
5 342
5 345
5 346
5 347
5 348
5 349
5 351
5 353
5 356
5 361
5 364
5 369
5 371
5 374
5 378
5 383
5 384
5 385
5 391
5 396
5 399
5 401
5 402
5 403
5 404
5 413
5 414
5 418
5 420
5 421
5 422
5 423
5 424
5 427
5 429
5 431
5 432
5 434
5 435
5 437
5 438
5 440
5 446
5 450
5 452
5 456
5 460
5 461
5 463
5 464
5 466
5 467
5 468
5 472
5 473
5 475
5 481
5 483
5 484
5 486
5 487
5 489
5 491
5 492
5 494
5 496
5 497
5 499
6 8
6 9
6 10
6 12
6 13
6 15
6 16
6 20
6 22
6 24
6 25
6 26
6 27
6 32
6 33
6 35
6 38
6 39
6 43
6 44
6 48
6 50
6 53
6 55
6 58
6 59
6 61
6 66
6 67
6 68
6 71
6 72
6 73
6 74
6 75
6 78
6 83
6 85
6 86
6 89
6 91
6 92
6 97
6 98
6 100
6 101
6 103
6 105
6 106
6 107
6 108
6 109
6 110
6 113
6 114
6 115
6 117
6 118
6 119
6 123
6 124
6 126
6 129
6 131
6 132
6 133
6 136
6 137
6 138
6 139
6 140
6 143
6 144
6 145
6 146
6 151
6 153
6 154
6 155
6 156
6 160
6 161
6 164
6 166
6 167
6 169
6 171
6 174
6 177
6 178
6 181
6 183
6 184
6 185
6 189
6 190
6 191
6 192
6 193
6 194
6 195
6 196
6 197
6 199
6 200
6 201
6 202
6 204
6 210
6 211
6 212
6 213
6 214
6 218
6 220
6 221
6 222
6 223
6 224
6 228
6 231
6 232
6 233
6 235
6 237
6 240
6 243
6 244
6 245
6 246
6 247
6 250
6 251
6 253
6 258
6 260
6 263
6 264
6 266
6 267
6 269
6 270
6 271
6 273
6 275
6 276
6 277
6 283
6 284
6 286
6 287
6 288
6 289
6 291
6 297
6 299
6 301
6 302
6 304
6 306
6 307
6 308
6 312
6 315
6 319
6 322
6 323
6 325
6 326
6 328
6 331
6 333
6 334
6 337
6 338
6 340
6 341
6 342
6 343
6 345
6 346
6 354
6 355
6 357
6 359
6 365
6 368
6 369
6 371
6 374
6 378
6 380
6 381
6 382
6 383
6 384
6 385
6 386
6 388
6 390
6 391
6 392
6 393
6 395
6 396
6 397
6 399
6 400
6 401
6 402
6 404
6 405
6 406
6 411
6 412
6 413
6 415
6 418
6 421
6 425
6 427
6 429
6 431
6 432
6 433
6 437
6 440
6 441
6 442
6 445
6 446
6 448
6 455
6 457
6 458
6 463
6 465
6 467
6 468
6 472
6 475
6 477
6 478
6 480
6 481
6 482
6 483
6 484
6 487
6 490
6 491
6 494
6 495
6 496
6 498
6 499
7 8
7 9
7 11
7 17
7 19
7 21
7 22
7 24
7 25
7 26
7 27
7 28
7 30
7 31
7 32
7 33
7 37
7 40
7 46
7 47
7 48
7 51
7 52
7 55
7 56
7 57
7 58
7 59
7 60
7 62
7 63
7 66
7 67
7 68
7 69
7 70
7 71
7 72
7 74
7 75
7 77
7 79
7 81
7 83
7 88
7 91
7 92
7 93
7 95
7 96
7 97
7 100
7 105
7 106
7 108
7 109
7 115
7 116
7 118
7 119
7 120
7 121
7 124
7 126
7 128
7 129
7 130
7 131
7 132
7 135
7 138
7 140
7 142
7 148
7 149
7 150
7 151
7 157
7 160
7 161
7 165
7 167
7 168
7 169
7 173
7 174
7 175
7 180
7 181
7 183
7 184
7 186
7 188
7 190
7 191
7 193
7 195
7 196
7 199
7 200
7 201
7 202
7 206
7 207
7 209
7 213
7 214
7 216
7 219
7 220
7 221
7 222
7 226
7 227
7 232
7 235
7 237
7 238
7 239
7 241
7 242
7 245
7 247
7 248
7 253
7 254
7 255
7 256
7 258
7 260
7 263
7 265
7 266
7 268
7 271
7 272
7 273
7 275
7 276
7 281
7 283
7 285
7 293
7 294
7 297
7 298
7 299
7 300
7 301
7 302
7 304
7 306
7 308
7 309
7 310
7 312
7 318
7 322
7 323
7 325
7 327
7 328
7 329
7 331
7 333
7 336
7 339
7 341
7 342
7 344
7 345
7 347
7 350
7 353
7 356
7 357
7 359
7 360
7 361
7 362
7 365
7 367
7 368
7 369
7 370
7 372
7 373
7 376
7 378
7 383
7 384
7 386
7 389
7 390
7 392
7 393
7 395
7 397
7 400
7 401
7 404
7 405
7 408
7 409
7 411
7 413
7 414
7 415
7 416
7 419
7 425
7 426
7 427
7 429
7 431
7 433
7 434
7 435
7 438
7 439
7 440
7 444
7 445
7 449
7 451
7 453
7 454
7 455
7 456
7 457
7 460
7 462
7 465
7 468
7 469
7 470
7 473
7 474
7 476
7 479
7 480
7 482
7 485
7 490
7 491
7 492
7 495
7 496
7 497
7 498
8 11
8 13
8 16
8 18
8 20
8 21
8 23
8 24
8 26
8 27
8 28
8 29
8 33
8 37
8 38
8 40
8 42
8 44
8 46
8 47
8 48
8 49
8 50
8 57
8 61
8 62
8 65
8 66
8 67
8 69
8 75
8 76
8 78
8 85
8 89
8 92
8 93
8 96
8 102
8 106
8 111
8 116
8 117
8 118
8 119
8 120
8 123
8 128
8 131
8 134
8 136
8 138
8 141
8 142
8 144
8 145
8 148
8 150
8 151
8 152
8 153
8 154
8 155
8 156
8 158
8 159
8 162
8 164
8 165
8 166
8 167
8 168
8 170
8 173
8 174
8 176
8 177
8 179
8 181
8 182
8 183
8 184
8 186
8 188
8 190
8 194
8 198
8 202
8 203
8 204
8 206
8 207
8 213
8 216
8 218
8 219
8 220
8 225
8 226
8 227
8 228
8 229
8 232
8 233
8 234
8 237
8 240
8 242
8 243
8 244
8 246
8 249
8 254
8 255
8 256
8 257
8 260
8 261
8 262
8 264
8 265
8 266
8 268
8 269
8 270
8 271
8 273
8 274
8 276
8 278
8 279
8 280
8 281
8 283
8 285
8 286
8 287
8 288
8 290
8 291
8 292
8 293
8 298
8 299
8 301
8 303
8 305
8 306
8 308
8 310
8 311
8 312
8 313
8 314
8 315
8 316
8 317
8 321
8 322
8 323
8 324
8 325
8 326
8 329
8 334
8 335
8 336
8 337
8 339
8 340
8 341
8 342
8 344
8 345
8 347
8 348
8 350
8 351
8 352
8 356
8 360
8 361
8 363
8 364
8 366
8 367
8 371
8 373
8 376
8 377
8 378
8 381
8 383
8 384
8 387
8 388
8 390
8 392
8 394
8 396
8 398
8 399
8 400
8 401
8 403
8 405
8 407
8 408
8 409
8 411
8 412
8 413
8 414
8 415
8 417
8 418
8 419
8 420
8 422
8 423
8 425
8 428
8 429
8 430
8 431
8 432
8 433
8 439
8 444
8 445
8 449
8 455
8 456
8 457
8 458
8 460
8 461
8 462
8 463
8 464
8 465
8 466
8 467
8 468
8 469
8 470
8 471
8 472
8 474
8 479
8 480
8 486
8 487
8 488
8 489
8 490
8 492
8 496
8 498
9 13
9 14
9 15
9 18
9 23
9 24
9 25
9 26
9 27
9 29
9 33
9 36
9 37
9 38
9 39
9 40
9 41
9 42
9 43
9 44
9 45
9 53
9 54
9 55
9 60
9 62
9 63
9 64
9 65
9 66
9 67
9 68
9 69
9 70
9 72
9 75
9 77
9 78
9 81
9 82
9 83
9 84
9 87
9 88
9 89
9 90
9 91
9 92
9 94
9 95
9 96
9 100
9 101
9 102
9 103
9 104
9 105
9 106
9 107
9 108
9 109
9 110
9 114
9 115
9 116
9 118
9 120
9 121
9 122
9 123
9 124
9 126
9 129
9 130
9 131
9 132
9 134
9 135
9 136
9 138
9 139
9 143
9 144
9 145
9 146
9 147
9 148
9 149
9 150
9 151
9 152
9 154
9 155
9 156
9 157
9 162
9 166
9 167
9 169
9 176
9 179
9 180
9 181
9 182
9 184
9 185
9 186
9 188
9 198
9 199
9 202
9 204
9 205
9 206
9 207
9 211
9 213
9 216
9 219
9 221
9 223
9 224
9 226
9 229
9 230
9 231
9 233
9 238
9 239
9 240
9 241
9 242
9 244
9 248
9 249
9 250
9 253
9 255
9 257
9 258
9 262
9 264
9 265
9 269
9 272
9 273
9 274
9 277
9 282
9 284
9 286
9 290
9 291
9 293
9 295
9 296
9 297
9 299
9 300
9 302
9 303
9 306
9 312
9 315
9 316
9 318
9 319
9 324
9 325
9 328
9 331
9 336
9 339
9 341
9 344
9 348
9 350
9 351
9 352
9 354
9 356
9 359
9 360
9 361
9 366
9 371
9 372
9 373
9 375
9 376
9 378
9 379
9 380
9 382
9 387
9 391
9 393
9 395
9 398
9 399
9 400
9 401
9 403
9 406
9 409
9 410
9 411
9 414
9 415
9 416
9 417
9 418
9 421
9 425
9 428
9 430
9 431
9 432
9 435
9 436
9 439
9 442
9 445
9 447
9 449
9 450
9 451
9 454
9 455
9 457
9 463
9 464
9 465
9 467
9 475
9 478
9 480
9 483
9 485
9 486
9 488
9 491
9 492
9 493
9 494
9 495
9 496
9 497
9 498
9 499
10 11
10 12
10 19
10 21
10 22
10 23
10 24
10 26
10 31
10 32
10 33
10 35
10 36
10 38
10 40
10 41
10 42
10 43
10 45
10 48
10 50
10 51
10 58
10 59
10 60
10 65
10 67
10 69
10 70
10 71
10 72
10 73
10 74
10 78
10 79
10 80
10 82
10 83
10 84
10 86
10 87
10 88
10 93
10 94
10 95
10 96
10 98
10 99
10 100
10 101
10 102
10 103
10 104
10 106
10 108
10 109
10 113
10 115
10 117
10 118
10 121
10 122
10 125
10 126
10 127
10 128
10 129
10 131
10 136
10 137
10 138
10 139
10 140
10 144
10 145
10 146
10 150
10 151
10 153
10 154
10 155
10 156
10 157
10 158
10 159
10 160
10 161
10 162
10 167
10 169
10 170
10 171
10 174
10 175
10 176
10 179
10 180
10 182
10 183
10 184
10 185
10 188
10 189
10 192
10 194
10 195
10 196
10 199
10 206
10 209
10 211
10 213
10 214
10 216
10 221
10 222
10 223
10 224
10 225
10 226
10 227
10 229
10 230
10 233
10 234
10 235
10 237
10 245
10 248
10 250
10 252
10 264
10 265
10 268
10 270
10 271
10 272
10 274
10 275
10 280
10 281
10 283
10 286
10 288
10 289
10 290
10 291
10 293
10 295
10 296
10 299
10 300
10 302
10 305
10 306
10 307
10 309
10 311
10 312
10 314
10 315
10 316
10 317
10 319
10 320
10 321
10 322
10 323
10 325
10 329
10 330
10 333
10 343
10 347
10 348
10 350
10 351
10 352
10 358
10 360
10 363
10 366
10 367
10 373
10 375
10 377
10 379
10 383
10 387
10 388
10 391
10 394
10 395
10 398
10 402
10 405
10 406
10 407
10 408
10 409
10 412
10 415
10 416
10 419
10 420
10 423
10 425
10 426
10 433
10 435
10 439
10 440
10 444
10 447
10 455
10 456
10 458
10 460
10 463
10 465
10 466
10 468
10 469
10 470
10 473
10 474
10 479
10 482
10 484
10 485
10 486
10 488
10 494
10 495
10 496
10 499
11 12
11 16
11 20
11 21
11 22
11 24
11 26
11 28
11 29
11 30
11 31
11 32
11 35
11 37
11 38
11 41
11 42
11 44
11 45
11 46
11 50
11 51
11 52
11 53
11 54
11 56
11 57
11 58
11 64
11 65
11 67
11 68
11 71
11 72
11 73
11 77
11 78
11 79
11 80
11 81
11 83
11 84
11 86
11 87
11 88
11 89
11 93
11 94
11 96
11 99
11 101
11 102
11 107
11 109
11 112
11 113
11 115
11 116
11 117
11 120
11 121
11 122
11 125
11 126
11 128
11 132
11 133
11 135
11 139
11 144
11 145
11 146
11 149
11 151
11 157
11 158
11 160
11 163
11 165
11 167
11 168
11 171
11 172
11 173
11 176
11 180
11 182
11 183
11 189
11 190
11 192
11 194
11 196
11 200
11 204
11 205
11 206
11 207
11 208
11 209
11 210
11 212
11 213
11 216
11 217
11 218
11 222
11 224
11 225
11 226
11 229
11 231
11 233
11 235
11 236
11 237
11 238
11 239
11 241
11 244
11 245
11 247
11 249
11 251
11 252
11 254
11 255
11 256
11 258
11 261
11 262
11 263
11 264
11 268
11 269
11 270
11 273
11 275
11 280
11 281
11 283
11 286
11 292
11 293
11 294
11 295
11 296
11 299
11 302
11 304
11 310
11 313
11 316
11 320
11 321
11 322
11 323
11 324
11 325
11 327
11 328
11 329
11 331
11 332
11 334
11 337
11 339
11 344
11 345
11 347
11 348
11 350
11 351
11 354
11 355
11 356
11 359
11 363
11 368
11 369
11 371
11 372
11 375
11 376
11 377
11 379
11 380
11 383
11 384
11 385
11 389
11 391
11 396
11 398
11 401
11 404
11 405
11 409
11 411
11 412
11 413
11 416
11 417
11 418
11 419
11 420
11 421
11 422
11 427
11 428
11 436
11 437
11 441
11 446
11 451
11 453
11 455
11 456
11 458
11 459
11 460
11 463
11 469
11 472
11 474
11 475
11 476
11 477
11 480
11 481
11 483
11 484
11 485
11 487
11 488
11 490
11 492
11 493
11 494
11 497
11 498
11 499
12 14
12 15
12 18
12 19
12 21
12 23
12 28
12 29
12 30
12 31
12 33
12 39
12 40
12 42
12 43
12 49
12 52
12 53
12 56
12 61
12 65
12 67
12 68
12 69
12 71
12 73
12 75
12 76
12 77
12 79
12 80
12 82
12 85
12 86
12 88
12 89
12 91
12 93
12 100
12 101
12 103
12 104
12 105
12 106
12 107
12 108
12 110
12 112
12 113
12 117
12 118
12 119
12 120
12 121
12 123
12 126
12 131
12 133
12 134
12 136
12 137
12 138
12 142
12 145
12 146
12 153
12 155
12 156
12 158
12 159
12 160
12 161
12 163
12 165
12 167
12 168
12 171
12 173
12 174
12 175
12 177
12 178
12 179
12 181
12 183
12 184
12 186
12 187
12 189
12 194
12 196
12 198
12 200
12 201
12 202
12 204
12 206
12 207
12 212
12 215
12 217
12 222
12 224
12 225
12 227
12 229
12 236
12 237
12 238
12 240
12 241
12 242
12 243
12 244
12 245
12 247
12 248
12 250
12 252
12 257
12 258
12 259
12 264
12 266
12 267
12 268
12 270
12 271
12 272
12 273
12 275
12 281
12 282
12 284
12 286
12 289
12 290
12 291
12 293
12 298
12 301
12 302
12 303
12 304
12 306
12 307
12 309
12 310
12 315
12 318
12 321
12 324
12 325
12 328
12 329
12 332
12 335
12 337
12 339
12 340
12 342
12 344
12 346
12 351
12 352
12 353
12 354
12 355
12 358
12 363
12 367
12 378
12 379
12 380
12 381
12 383
12 386
12 390
12 392
12 396
12 397
12 398
12 403
12 407
12 409
12 410
12 412
12 416
12 421
12 422
12 426
12 427
12 429
12 430
12 431
12 432
12 435
12 436
12 437
12 438
12 439
12 441
12 442
12 443
12 444
12 446
12 451
12 452
12 453
12 454
12 456
12 457
12 460
12 463
12 467
12 468
12 469
12 472
12 473
12 474
12 477
12 478
12 479
12 480
12 481
12 484
12 486
12 489
12 492
12 494
12 495
12 496
12 498
13 14
13 16
13 17
13 18
13 19
13 22
13 25
13 26
13 29
13 30
13 31
13 32
13 33
13 34
13 36
13 37
13 39
13 41
13 43
13 46
13 48
13 50
13 52
13 54
13 56
13 58
13 59
13 61
13 63
13 64
13 67
13 70
13 72
13 73
13 74
13 77
13 78
13 79
13 80
13 81
13 84
13 85
13 87
13 90
13 93
13 95
13 97
13 99
13 101
13 105
13 106
13 109
13 112
13 114
13 115
13 116
13 121
13 122
13 125
13 126
13 129
13 138
13 139
13 141
13 142
13 145
13 146
13 147
13 148
13 150
13 153
13 154
13 155
13 157
13 158
13 160
13 161
13 163
13 167
13 168
13 170
13 177
13 179
13 181
13 185
13 186
13 188
13 191
13 200
13 202
13 203
13 205
13 206
13 208
13 212
13 213
13 214
13 216
13 218
13 221
13 223
13 224
13 225
13 226
13 227
13 229
13 231
13 234
13 238
13 242
13 245
13 248
13 250
13 251
13 252
13 254
13 255
13 256
13 260
13 261
13 266
13 268
13 270
13 271
13 272
13 273
13 274
13 277
13 280
13 281
13 282
13 283
13 284
13 286
13 287
13 292
13 295
13 296
13 298
13 300
13 302
13 303
13 305
13 307
13 309
13 314
13 319
13 320
13 321
13 322
13 324
13 325
13 328
13 334
13 335
13 336
13 338
13 340
13 342
13 343
13 344
13 345
13 346
13 348
13 349
13 350
13 354
13 355
13 356
13 360
13 361
13 363
13 365
13 368
13 369
13 375
13 377
13 379
13 381
13 382
13 384
13 388
13 389
13 390
13 393
13 395
13 396
13 397
13 398
13 400
13 401
13 403
13 405
13 407
13 408
13 409
13 411
13 412
13 414
13 416
13 417
13 418
13 419
13 420
13 422
13 423
13 425
13 426
13 430
13 432
13 434
13 437
13 439
13 442
13 443
13 444
13 445
13 450
13 453
13 455
13 457
13 460
13 463
13 465
13 467
13 468
13 469
13 471
13 472
13 473
13 475
13 478
13 479
13 480
13 481
13 492
13 494
13 495
13 497
13 498
14 17
14 18
14 26
14 28
14 31
14 32
14 38
14 45
14 46
14 47
14 49
14 50
14 53
14 54
14 55
14 56
14 57
14 58
14 60
14 62
14 66
14 68
14 71
14 73
14 75
14 76
14 77
14 80
14 82
14 83
14 85
14 86
14 88
14 89
14 93
14 95
14 97
14 99
14 100
14 102
14 110
14 114
14 115
14 116
14 120
14 121
14 122
14 124
14 126
14 127
14 128
14 129
14 130
14 131
14 135
14 138
14 139
14 143
14 145
14 146
14 147
14 150
14 151
14 152
14 153
14 154
14 156
14 158
14 161
14 163
14 165
14 168
14 169
14 170
14 172
14 173
14 174
14 177
14 178
14 179
14 183
14 184
14 185
14 187
14 188
14 189
14 190
14 191
14 192
14 193
14 194
14 196
14 199
14 204
14 206
14 207
14 211
14 212
14 213
14 214
14 215
14 217
14 223
14 224
14 226
14 228
14 231
14 232
14 236
14 237
14 241
14 243
14 248
14 249
14 250
14 254
14 255
14 256
14 257
14 258
14 260
14 261
14 262
14 263
14 264
14 265
14 267
14 269
14 272
14 273
14 275
14 277
14 278
14 279
14 280
14 281
14 282
14 283
14 284
14 286
14 291
14 292
14 294
14 295
14 296
14 297
14 298
14 300
14 303
14 307
14 309
14 310
14 311
14 313
14 316
14 317
14 318
14 325
14 328
14 329
14 331
14 332
14 334
14 335
14 336
14 340
14 341
14 343
14 344
14 345
14 347
14 348
14 349
14 350
14 351
14 352
14 353
14 354
14 355
14 358
14 359
14 361
14 362
14 364
14 366
14 368
14 372
14 373
14 374
14 375
14 376
14 377
14 379
14 383
14 385
14 387
14 389
14 390
14 391
14 393
14 396
14 397
14 400
14 402
14 403
14 404
14 405
14 406
14 407
14 409
14 412
14 415
14 417
14 421
14 422
14 424
14 427
14 428
14 429
14 430
14 432
14 433
14 436
14 437
14 441
14 446
14 447
14 448
14 449
14 450
14 453
14 454
14 455
14 457
14 460
14 461
14 462
14 463
14 466
14 468
14 469
14 471
14 472
14 474
14 477
14 478
14 480
14 485
14 490
14 491
14 496
15 17
15 19
15 21
15 22
15 25
15 28
15 29
15 30
15 31
15 32
15 33
15 37
15 38
15 40
15 41
15 44
15 45
15 46
15 47
15 49
15 50
15 51
15 61
15 62
15 65
15 66
15 67
15 70
15 71
15 72
15 73
15 82
15 87
15 88
15 89
15 90
15 92
15 95
15 96
15 99
15 100
15 101
15 107
15 109
15 110
15 114
15 117
15 118
15 120
15 126
15 127
15 129
15 131
15 132
15 134
15 138
15 139
15 140
15 142
15 143
15 144
15 146
15 148
15 150
15 151
15 152
15 155
15 156
15 157
15 159
15 162
15 165
15 167
15 168
15 170
15 171
15 173
15 175
15 177
15 179
15 180
15 181
15 182
15 184
15 185
15 188
15 189
15 191
15 193
15 197
15 198
15 201
15 203
15 204
15 207
15 209
15 210
15 211
15 213
15 214
15 219
15 220
15 224
15 225
15 226
15 227
15 229
15 230
15 231
15 232
15 235
15 236
15 238
15 239
15 241
15 244
15 245
15 248
15 249
15 250
15 254
15 255
15 257
15 261
15 262
15 264
15 265
15 270
15 272
15 275
15 278
15 279
15 280
15 281
15 284
15 286
15 291
15 293
15 295
15 296
15 297
15 299
15 302
15 304
15 305
15 308
15 310
15 312
15 313
15 314
15 315
15 316
15 317
15 318
15 319
15 320
15 321
15 322
15 325
15 326
15 328
15 330
15 331
15 332
15 338
15 339
15 341
15 342
15 344
15 346
15 348
15 349
15 350
15 351
15 352
15 355
15 357
15 358
15 360
15 363
15 366
15 368
15 372
15 374
15 377
15 378
15 380
15 382
15 384
15 386
15 388
15 389
15 390
15 392
15 394
15 395
15 396
15 397
15 398
15 401
15 403
15 406
15 410
15 414
15 417
15 419
15 424
15 426
15 431
15 434
15 435
15 436
15 438
15 439
15 442
15 444
15 445
15 446
15 447
15 448
15 449
15 450
15 451
15 452
15 454
15 456
15 462
15 466
15 467
15 468
15 469
15 470
15 471
15 472
15 475
15 477
15 479
15 482
15 484
15 485
15 488
15 489
15 490
15 492
15 493
15 495
15 496
15 499
16 18
16 19
16 23
16 29
16 31
16 34
16 37
16 40
16 45
16 46
16 48
16 49
16 50
16 52
16 53
16 54
16 55
16 56
16 58
16 60
16 61
16 64
16 65
16 66
16 68
16 69
16 71
16 73
16 74
16 75
16 78
16 79
16 80
16 82
16 83
16 84
16 85
16 87
16 88
16 92
16 94
16 96
16 97
16 99
16 100
16 101
16 103
16 105
16 106
16 108
16 109
16 112
16 113
16 114
16 115
16 116
16 117
16 118
16 119
16 122
16 123
16 125
16 126
16 127
16 128
16 130
16 131
16 132
16 133
16 134
16 137
16 141
16 142
16 144
16 145
16 147
16 151
16 155
16 157
16 162
16 165
16 170
16 171
16 172
16 174
16 178
16 179
16 180
16 181
16 182
16 183
16 184
16 187
16 188
16 192
16 193
16 195
16 196
16 197
16 198
16 200
16 204
16 206
16 208
16 210
16 211
16 212
16 213
16 215
16 216
16 219
16 220
16 222
16 223
16 224
16 225
16 226
16 230
16 231
16 233
16 234
16 237
16 239
16 242
16 243
16 245
16 246
16 248
16 250
16 253
16 255
16 256
16 257
16 259
16 261
16 262
16 263
16 264
16 265
16 271
16 272
16 273
16 275
16 276
16 277
16 280
16 281
16 282
16 283
16 284
16 285
16 288
16 289
16 290
16 291
16 293
16 297
16 303
16 304
16 305
16 306
16 307
16 309
16 310
16 311
16 316
16 318
16 319
16 321
16 323
16 324
16 325
16 326
16 327
16 328
16 329
16 331
16 332
16 335
16 339
16 341
16 342
16 343
16 346
16 351
16 353
16 355
16 357
16 363
16 367
16 368
16 371
16 372
16 374
16 375
16 376
16 378
16 379
16 382
16 383
16 384
16 387
16 388
16 389
16 390
16 391
16 392
16 394
16 395
16 396
16 402
16 404
16 405
16 408
16 410
16 411
16 412
16 413
16 414
16 415
16 417
16 420
16 422
16 425
16 427
16 430
16 431
16 432
16 433
16 434
16 436
16 439
16 440
16 442
16 444
16 445
16 447
16 448
16 450
16 455
16 456
16 457
16 458
16 459
16 469
16 471
16 472
16 473
16 474
16 476
16 477
16 478
16 480
16 488
16 490
16 491
16 493
16 494
16 495
16 498
16 499
17 18
17 20
17 22
17 24
17 26
17 29
17 30
17 31
17 34
17 35
17 36
17 37
17 38
17 40
17 43
17 45
17 46
17 47
17 54
17 56
17 58
17 60
17 63
17 67
17 68
17 69
17 70
17 71
17 73
17 74
17 79
17 80
17 81
17 84
17 85
17 86
17 87
17 88
17 89
17 91
17 92
17 93
17 95
17 102
17 106
17 111
17 112
17 113
17 114
17 115
17 116
17 119
17 121
17 122
17 125
17 126
17 127
17 128
17 129
17 130
17 131
17 132
17 133
17 134
17 136
17 140
17 141
17 144
17 145
17 147
17 148
17 151
17 152
17 154
17 155
17 157
17 158
17 159
17 160
17 161
17 162
17 164
17 165
17 167
17 169
17 170
17 172
17 173
17 176
17 177
17 180
17 181
17 183
17 184
17 185
17 193
17 195
17 198
17 199
17 203
17 204
17 206
17 210
17 211
17 214
17 215
17 223
17 224
17 225
17 226
17 228
17 229
17 232
17 233
17 238
17 241
17 243
17 244
17 245
17 246
17 249
17 250
17 253
17 254
17 260
17 262
17 264
17 265
17 266
17 267
17 268
17 269
17 270
17 271
17 272
17 274
17 276
17 278
17 279
17 285
17 287
17 288
17 289
17 291
17 294
17 295
17 296
17 297
17 299
17 302
17 304
17 306
17 307
17 308
17 311
17 314
17 315
17 320
17 323
17 324
17 326
17 327
17 328
17 329
17 330
17 332
17 333
17 334
17 336
17 339
17 340
17 343
17 347
17 349
17 351
17 354
17 358
17 359
17 361
17 362
17 363
17 364
17 365
17 369
17 370
17 372
17 373
17 374
17 376
17 378
17 381
17 384
17 386
17 389
17 390
17 391
17 392
17 393
17 395
17 396
17 397
17 398
17 400
17 401
17 402
17 408
17 409
17 411
17 413
17 414
17 415
17 417
17 421
17 422
17 423
17 426
17 429
17 431
17 432
17 433
17 434
17 439
17 445
17 447
17 449
17 450
17 452
17 458
17 460
17 463
17 464
17 465
17 471
17 472
17 473
17 477
17 478
17 481
17 483
17 484
17 486
17 494
17 496
17 497
17 498
18 19
18 20
18 23
18 26
18 28
18 29
18 31
18 32
18 34
18 36
18 39
18 41
18 44
18 45
18 47
18 51
18 53
18 54
18 55
18 56
18 59
18 61
18 62
18 65
18 67
18 71
18 74
18 75
18 76
18 78
18 82
18 85
18 86
18 88
18 92
18 93
18 94
18 96
18 97
18 98
18 100
18 103
18 104
18 106
18 108
18 109
18 111
18 112
18 114
18 115
18 117
18 118
18 119
18 121
18 122
18 123
18 124
18 125
18 126
18 127
18 129
18 130
18 132
18 134
18 136
18 139
18 141
18 142
18 143
18 145
18 147
18 148
18 150
18 153
18 159
18 166
18 167
18 168
18 169
18 172
18 177
18 178
18 179
18 180
18 182
18 184
18 185
18 189
18 191
18 192
18 194
18 197
18 199
18 201
18 203
18 205
18 206
18 208
18 209
18 210
18 213
18 214
18 215
18 216
18 217
18 218
18 219
18 220
18 222
18 225
18 230
18 233
18 236
18 237
18 238
18 239
18 241
18 242
18 243
18 245
18 246
18 249
18 251
18 253
18 254
18 256
18 258
18 259
18 262
18 263
18 266
18 267
18 268
18 272
18 273
18 274
18 275
18 278
18 281
18 282
18 288
18 289
18 291
18 292
18 294
18 296
18 297
18 299
18 300
18 302
18 306
18 308
18 309
18 313
18 316
18 318
18 319
18 320
18 321
18 324
18 326
18 329
18 330
18 331
18 332
18 334
18 336
18 337
18 338
18 339
18 343
18 344
18 345
18 346
18 351
18 353
18 354
18 355
18 356
18 357
18 361
18 364
18 365
18 369
18 370
18 372
18 373
18 378
18 379
18 382
18 383
18 385
18 387
18 388
18 389
18 390
18 393
18 394
18 395
18 396
18 398
18 400
18 404
18 406
18 408
18 409
18 412
18 415
18 418
18 422
18 423
18 425
18 426
18 427
18 431
18 433
18 434
18 440
18 442
18 444
18 447
18 448
18 449
18 450
18 452
18 453
18 455
18 457
18 460
18 461
18 463
18 465
18 466
18 467
18 469
18 473
18 474
18 475
18 476
18 478
18 479
18 481
18 484
18 485
18 486
18 487
18 489
18 491
18 492
18 495
18 497
18 499
19 21
19 22
19 23
19 29
19 34
19 35
19 36
19 40
19 43
19 44
19 47
19 49
19 50
19 53
19 54
19 55
19 56
19 58
19 60
19 62
19 64
19 65
19 68
19 70
19 71
19 73
19 75
19 76
19 77
19 82
19 83
19 87
19 89
19 91
19 94
19 98
19 100
19 101
19 102
19 105
19 106
19 107
19 108
19 113
19 116
19 117
19 118
19 119
19 122
19 126
19 129
19 132
19 135
19 136
19 140
19 143
19 145
19 147
19 148
19 149
19 150
19 152
19 153
19 155
19 156
19 158
19 160
19 161
19 164
19 165
19 167
19 168
19 169
19 170
19 173
19 179
19 180
19 181
19 182
19 183
19 185
19 188
19 191
19 193
19 196
19 198
19 199
19 207
19 208
19 212
19 213
19 214
19 218
19 222
19 224
19 225
19 227
19 230
19 231
19 232
19 233
19 237
19 238
19 239
19 241
19 243
19 244
19 245
19 246
19 247
19 248
19 252
19 253
19 259
19 260
19 262
19 266
19 267
19 268
19 269
19 270
19 272
19 274
19 279
19 280
19 283
19 284
19 287
19 290
19 291
19 294
19 296
19 298
19 299
19 300
19 304
19 305
19 306
19 309
19 312
19 314
19 315
19 317
19 319
19 323
19 324
19 325
19 327
19 331
19 332
19 333
19 334
19 335
19 339
19 340
19 341
19 342
19 344
19 345
19 348
19 352
19 356
19 358
19 359
19 360
19 361
19 362
19 363
19 365
19 367
19 372
19 373
19 374
19 375
19 376
19 378
19 379
19 381
19 383
19 384
19 386
19 388
19 389
19 391
19 392
19 393
19 395
19 396
19 397
19 398
19 400
19 403
19 407
19 408
19 414
19 416
19 417
19 419
19 422
19 426
19 428
19 429
19 430
19 433
19 437
19 438
19 440
19 441
19 442
19 444
19 446
19 451
19 452
19 453
19 456
19 457
19 459
19 461
19 462
19 465
19 466
19 468
19 470
19 471
19 472
19 473
19 475
19 481
19 482
19 483
19 484
19 485
19 487
19 490
19 492
19 498
20 29
20 30
20 32
20 33
20 34
20 36
20 37
20 39
20 41
20 42
20 43
20 44
20 48
20 53
20 54
20 56
20 59
20 60
20 61
20 63
20 64
20 65
20 66
20 68
20 72
20 74
20 75
20 76
20 77
20 80
20 82
20 83
20 84
20 85
20 86
20 87
20 88
20 90
20 91
20 94
20 97
20 98
20 99
20 100
20 101
20 105
20 106
20 108
20 110
20 112
20 113
20 116
20 117
20 118
20 124
20 131
20 132
20 133
20 135
20 137
20 138
20 139
20 140
20 141
20 142
20 144
20 145
20 147
20 149
20 150
20 152
20 155
20 157
20 159
20 161
20 162
20 163
20 164
20 165
20 166
20 167
20 168
20 170
20 175
20 176
20 177
20 178
20 179
20 180
20 181
20 182
20 183
20 184
20 185
20 187
20 188
20 191
20 192
20 193
20 194
20 195
20 197
20 198
20 201
20 209
20 210
20 212
20 218
20 219
20 220
20 221
20 222
20 224
20 226
20 228
20 231
20 232
20 233
20 234
20 235
20 236
20 239
20 240
20 241
20 243
20 245
20 246
20 248
20 252
20 255
20 256
20 257
20 258
20 263
20 270
20 273
20 274
20 275
20 276
20 277
20 278
20 281
20 282
20 283
20 286
20 288
20 289
20 290
20 291
20 295
20 298
20 299
20 300
20 305
20 306
20 307
20 310
20 313
20 314
20 316
20 317
20 318
20 320
20 322
20 324
20 327
20 328
20 329
20 331
20 332
20 333
20 338
20 340
20 341
20 342
20 343
20 347
20 348
20 349
20 352
20 353
20 355
20 357
20 360
20 362
20 363
20 365
20 368
20 369
20 370
20 371
20 374
20 375
20 379
20 382
20 383
20 384
20 385
20 386
20 388
20 389
20 392
20 395
20 400
20 401
20 406
20 407
20 409
20 413
20 415
20 420
20 423
20 424
20 427
20 428
20 434
20 435
20 437
20 440
20 443
20 444
20 447
20 448
20 450
20 451
20 452
20 456
20 458
20 459
20 462
20 465
20 466
20 467
20 469
20 471
20 479
20 481
20 482
20 484
20 487
20 489
20 490
20 491
20 492
20 493
20 495
20 496
20 499
21 22
21 24
21 26
21 27
21 29
21 30
21 32
21 35
21 39
21 40
21 41
21 42
21 45
21 49
21 50
21 51
21 52
21 53
21 54
21 55
21 57
21 58
21 59
21 60
21 65
21 67
21 70
21 71
21 72
21 73
21 76
21 77
21 79
21 80
21 82
21 84
21 86
21 91
21 92
21 96
21 97
21 98
21 99
21 100
21 101
21 102
21 103
21 104
21 105
21 107
21 108
21 111
21 113
21 114
21 115
21 117
21 120
21 121
21 123
21 125
21 126
21 128
21 130
21 131
21 134
21 135
21 136
21 138
21 142
21 146
21 147
21 148
21 149
21 151
21 152
21 154
21 155
21 156
21 157
21 160
21 168
21 173
21 174
21 176
21 177
21 178
21 182
21 184
21 188
21 192
21 193
21 195
21 200
21 202
21 203
21 208
21 210
21 211
21 213
21 218
21 219
21 220
21 222
21 223
21 225
21 229
21 230
21 231
21 232
21 234
21 236
21 238
21 239
21 240
21 241
21 242
21 243
21 253
21 256
21 258
21 259
21 260
21 261
21 262
21 264
21 267
21 268
21 272
21 275
21 276
21 279
21 281
21 282
21 285
21 286
21 289
21 290
21 292
21 294
21 295
21 298
21 300
21 301
21 304
21 305
21 308
21 310
21 311
21 313
21 314
21 316
21 321
21 324
21 325
21 326
21 327
21 330
21 331
21 333
21 335
21 337
21 338
21 341
21 345
21 347
21 350
21 351
21 352
21 354
21 355
21 356
21 357
21 359
21 362
21 363
21 372
21 374
21 376
21 377
21 379
21 380
21 385
21 386
21 390
21 391
21 392
21 395
21 397
21 398
21 400
21 406
21 408
21 410
21 411
21 412
21 413
21 414
21 415
21 416
21 417
21 418
21 419
21 420
21 429
21 431
21 432
21 435
21 436
21 437
21 438
21 441
21 443
21 444
21 446
21 447
21 449
21 450
21 452
21 454
21 456
21 457
21 458
21 460
21 462
21 464
21 467
21 468
21 469
21 470
21 473
21 474
21 479
21 480
21 483
21 484
21 485
21 486
21 488
21 490
21 495
21 496
21 497
21 498
21 499
22 24
22 25
22 26
22 27
22 29
22 30
22 32
22 33
22 36
22 39
22 41
22 42
22 43
22 44
22 49
22 50
22 51
22 55
22 56
22 57
22 58
22 59
22 64
22 66
22 69
22 70
22 72
22 75
22 76
22 78
22 79
22 83
22 85
22 87
22 88
22 90
22 92
22 94
22 96
22 98
22 99
22 100
22 101
22 102
22 103
22 104
22 106
22 108
22 110
22 111
22 114
22 115
22 116
22 117
22 119
22 120
22 121
22 123
22 125
22 126
22 127
22 130
22 132
22 140
22 141
22 143
22 144
22 150
22 152
22 158
22 160
22 164
22 165
22 168
22 172
22 177
22 178
22 179
22 180
22 181
22 185
22 186
22 188
22 189
22 191
22 192
22 193
22 195
22 197
22 203
22 212
22 213
22 219
22 221
22 225
22 227
22 231
22 232
22 236
22 238
22 240
22 242
22 244
22 245
22 247
22 251
22 256
22 259
22 260
22 261
22 263
22 266
22 267
22 268
22 269
22 270
22 272
22 273
22 275
22 276
22 279
22 281
22 283
22 285
22 287
22 288
22 292
22 296
22 297
22 298
22 302
22 305
22 308
22 313
22 314
22 315
22 316
22 319
22 322
22 323
22 324
22 326
22 330
22 336
22 339
22 344
22 345
22 346
22 347
22 349
22 352
22 353
22 354
22 355
22 356
22 363
22 366
22 368
22 369
22 373
22 374
22 375
22 376
22 377
22 378
22 379
22 381
22 382
22 384
22 387
22 390
22 391
22 395
22 396
22 397
22 401
22 404
22 408
22 410
22 411
22 413
22 414
22 415
22 417
22 420
22 423
22 424
22 425
22 426
22 427
22 430
22 432
22 434
22 435
22 437
22 438
22 439
22 441
22 442
22 444
22 445
22 451
22 452
22 453
22 454
22 456
22 459
22 461
22 463
22 465
22 467
22 477
22 480
22 481
22 483
22 484
22 485
22 486
22 487
22 488
22 490
22 491
22 493
22 495
22 498
23 26
23 27
23 29
23 33
23 34
23 42
23 44
23 45
23 47
23 52
23 53
23 54
23 56
23 57
23 58
23 59
23 60
23 61
23 62
23 63
23 64
23 66
23 67
23 71
23 73
23 74
23 77
23 79
23 81
23 85
23 88
23 91
23 92
23 94
23 96
23 99
23 100
23 106
23 107
23 108
23 109
23 111
23 112
23 113
23 114
23 115
23 116
23 117
23 118
23 119
23 121
23 122
23 123
23 124
23 127
23 129
23 130
23 134
23 136
23 139
23 141
23 143
23 144
23 145
23 146
23 147
23 149
23 150
23 153
23 154
23 155
23 162
23 163
23 164
23 166
23 167
23 168
23 169
23 170
23 173
23 176
23 178
23 182
23 183
23 186
23 187
23 188
23 189
23 191
23 193
23 196
23 198
23 200
23 202
23 204
23 205
23 207
23 209
23 214
23 217
23 218
23 219
23 221
23 222
23 223
23 224
23 225
23 226
23 230
23 231
23 233
23 236
23 239
23 242
23 246
23 248
23 254
23 260
23 261
23 263
23 266
23 275
23 276
23 280
23 282
23 284
23 285
23 286
23 287
23 288
23 290
23 291
23 294
23 295
23 296
23 297
23 299
23 304
23 305
23 307
23 311
23 312
23 314
23 316
23 319
23 320
23 321
23 324
23 328
23 330
23 331
23 333
23 334
23 336
23 337
23 338
23 341
23 342
23 344
23 349
23 351
23 355
23 359
23 360
23 361
23 363
23 365
23 366
23 368
23 369
23 370
23 372
23 374
23 377
23 381
23 383
23 385
23 386
23 387
23 388
23 390
23 392
23 393
23 394
23 395
23 398
23 403
23 406
23 410
23 411
23 414
23 417
23 418
23 421
23 424
23 426
23 427
23 428
23 429
23 430
23 431
23 432
23 433
23 434
23 438
23 443
23 444
23 445
23 447
23 448
23 449
23 451
23 453
23 456
23 457
23 459
23 460
23 461
23 466
23 467
23 474
23 475
23 476
23 478
23 479
23 481
23 488
23 490
23 492
23 496
23 497
23 498
24 26
24 27
24 30
24 31
24 36
24 37
24 40
24 42
24 43
24 45
24 47
24 49
24 50
24 53
24 55
24 56
24 57
24 58
24 60
24 61
24 62
24 64
24 67
24 69
24 70
24 71
24 73
24 77
24 78
24 84
24 85
24 89
24 90
24 91
24 93
24 96
24 99
24 103
24 104
24 105
24 106
24 107
24 108
24 110
24 112
24 114
24 118
24 121
24 123
24 124
24 128
24 129
24 130
24 131
24 132
24 135
24 136
24 137
24 138
24 141
24 143
24 144
24 147
24 150
24 152
24 155
24 157
24 160
24 161
24 162
24 163
24 164
24 166
24 170
24 171
24 172
24 173
24 180
24 185
24 187
24 190
24 193
24 197
24 201
24 204
24 205
24 206
24 207
24 208
24 209
24 216
24 217
24 218
24 219
24 220
24 221
24 224
24 225
24 227
24 228
24 231
24 234
24 237
24 238
24 242
24 243
24 245
24 247
24 250
24 251
24 252
24 255
24 257
24 259
24 260
24 262
24 267
24 269
24 270
24 272
24 273
24 274
24 275
24 277
24 278
24 281
24 284
24 285
24 286
24 287
24 288
24 290
24 293
24 296
24 297
24 298
24 301
24 303
24 305
24 307
24 310
24 311
24 312
24 313
24 314
24 315
24 317
24 323
24 324
24 325
24 328
24 329
24 333
24 334
24 335
24 336
24 337
24 340
24 344
24 346
24 348
24 349
24 358
24 359
24 360
24 363
24 368
24 369
24 371
24 374
24 376
24 377
24 379
24 381
24 382
24 383
24 385
24 386
24 387
24 389
24 390
24 391
24 392
24 395
24 396
24 397
24 399
24 400
24 401
24 402
24 406
24 407
24 409
24 410
24 412
24 413
24 414
24 424
24 427
24 428
24 429
24 430
24 431
24 432
24 434
24 436
24 439
24 440
24 443
24 444
24 445
24 446
24 448
24 451
24 453
24 457
24 459
24 463
24 464
24 467
24 475
24 477
24 479
24 480
24 483
24 485
24 486
24 487
24 492
24 493
24 495
24 498
25 26
25 28
25 29
25 30
25 32
25 33
25 36
25 42
25 45
25 46
25 47
25 48
25 50
25 52
25 53
25 56
25 59
25 62
25 69
25 70
25 71
25 74
25 78
25 80
25 81
25 82
25 83
25 86
25 87
25 88
25 90
25 91
25 92
25 97
25 98
25 102
25 103
25 104
25 110
25 112
25 113
25 114
25 115
25 117
25 119
25 120
25 121
25 122
25 123
25 127
25 128
25 129
25 132
25 137
25 138
25 139
25 142
25 143
25 145
25 146
25 147
25 149
25 150
25 152
25 153
25 154
25 155
25 156
25 159
25 162
25 164
25 165
25 167
25 172
25 173
25 174
25 175
25 176
25 179
25 180
25 181
25 185
25 186
25 196
25 197
25 199
25 200
25 202
25 204
25 207
25 210
25 212
25 213
25 214
25 215
25 217
25 219
25 220
25 225
25 226
25 227
25 229
25 230
25 232
25 233
25 234
25 235
25 236
25 238
25 239
25 240
25 241
25 246
25 247
25 249
25 251
25 252
25 253
25 254
25 255
25 256
25 258
25 259
25 261
25 262
25 264
25 272
25 273
25 274
25 282
25 285
25 286
25 287
25 288
25 289
25 290
25 291
25 297
25 299
25 301
25 304
25 306
25 311
25 312
25 315
25 317
25 319
25 320
25 321
25 326
25 327
25 330
25 331
25 333
25 335
25 337
25 339
25 340
25 341
25 343
25 344
25 347
25 349
25 351
25 355
25 357
25 360
25 361
25 362
25 368
25 371
25 375
25 376
25 379
25 383
25 384
25 385
25 386
25 387
25 388
25 390
25 392
25 394
25 395
25 397
25 399
25 400
25 403
25 404
25 405
25 406
25 408
25 409
25 410
25 411
25 412
25 413
25 416
25 419
25 420
25 421
25 424
25 425
25 427
25 429
25 430
25 431
25 435
25 436
25 438
25 439
25 442
25 444
25 445
25 446
25 449
25 450
25 451
25 456
25 457
25 459
25 460
25 466
25 469
25 470
25 471
25 475
25 476
25 479
25 482
25 483
25 484
25 485
25 487
25 490
25 492
25 494
25 499
26 27
26 28
26 29
26 30
26 32
26 33
26 34
26 35
26 36
26 38
26 39
26 43
26 46
26 47
26 48
26 50
26 52
26 53
26 54
26 56
26 57
26 64
26 65
26 68
26 71
26 72
26 73
26 74
26 77
26 79
26 81
26 82
26 84
26 86
26 90
26 92
26 94
26 95
26 96
26 100
26 103
26 104
26 106
26 107
26 109
26 112
26 115
26 116
26 120
26 122
26 124
26 126
26 128
26 129
26 131
26 139
26 141
26 142
26 145
26 146
26 148
26 150
26 152
26 154
26 156
26 157
26 158
26 159
26 161
26 164
26 165
26 166
26 167
26 169
26 171
26 172
26 173
26 176
26 177
26 178
26 179
26 181
26 182
26 183
26 185
26 188
26 189
26 190
26 193
26 197
26 199
26 200
26 202
26 204
26 205
26 206
26 207
26 211
26 212
26 214
26 218
26 219
26 220
26 221
26 223
26 224
26 225
26 228
26 230
26 232
26 234
26 236
26 237
26 240
26 241
26 243
26 248
26 249
26 250
26 251
26 252
26 254
26 255
26 256
26 257
26 259
26 261
26 262
26 264
26 265
26 267
26 268
26 269
26 270
26 273
26 274
26 275
26 276
26 278
26 280
26 281
26 285
26 286
26 290
26 292
26 293
26 297
26 298
26 299
26 300
26 301
26 304
26 311
26 312
26 314
26 319
26 320
26 321
26 323
26 324
26 326
26 327
26 328
26 329
26 332
26 333
26 336
26 337
26 339
26 340
26 341
26 342
26 343
26 346
26 347
26 348
26 350
26 351
26 352
26 358
26 359
26 361
26 362
26 363
26 364
26 365
26 370
26 371
26 372
26 374
26 376
26 378
26 380
26 383
26 385
26 386
26 390
26 393
26 394
26 396
26 398
26 400
26 406
26 407
26 409
26 411
26 413
26 414
26 415
26 416
26 420
26 421
26 422
26 427
26 429
26 430
26 431
26 435
26 437
26 438
26 440
26 442
26 445
26 446
26 449
26 450
26 452
26 454
26 455
26 457
26 459
26 462
26 463
26 465
26 466
26 469
26 472
26 475
26 477
26 478
26 479
26 481
26 482
26 483
26 486
26 488
26 489
26 490
26 492
26 494
26 495
26 498
26 499
27 28
27 29
27 32
27 35
27 38
27 40
27 41
27 42
27 45
27 46
27 47
27 49
27 50
27 52
27 55
27 56
27 58
27 62
27 63
27 64
27 65
27 70
27 73
27 74
27 75
27 78
27 80
27 83
27 84
27 85
27 86
27 87
27 88
27 91
27 92
27 94
27 95
27 96
27 97
27 99
27 102
27 103
27 104
27 105
27 107
27 108
27 110
27 114
27 116
27 117
27 118
27 119
27 120
27 121
27 122
27 124
27 125
27 127
27 130
27 131
27 132
27 134
27 135
27 136
27 138
27 139
27 140
27 141
27 143
27 145
27 146
27 150
27 151
27 153
27 154
27 155
27 156
27 157
27 158
27 160
27 161
27 162
27 165
27 170
27 173
27 174
27 175
27 178
27 179
27 180
27 186
27 188
27 193
27 195
27 197
27 200
27 201
27 203
27 206
27 211
27 212
27 213
27 214
27 216
27 217
27 219
27 221
27 222
27 223
27 224
27 225
27 228
27 230
27 232
27 233
27 235
27 237
27 243
27 245
27 246
27 248
27 250
27 252
27 253
27 255
27 258
27 259
27 264
27 268
27 275
27 276
27 277
27 281
27 282
27 283
27 285
27 286
27 289
27 291
27 293
27 297
27 302
27 303
27 305
27 306
27 307
27 311
27 312
27 313
27 315
27 316
27 318
27 321
27 322
27 323
27 325
27 326
27 330
27 332
27 338
27 339
27 341
27 342
27 343
27 344
27 347
27 348
27 349
27 350
27 352
27 353
27 354
27 355
27 356
27 361
27 362
27 364
27 365
27 367
27 370
27 371
27 372
27 373
27 374
27 375
27 376
27 380
27 381
27 382
27 383
27 384
27 385
27 389
27 390
27 392
27 394
27 395
27 398
27 401
27 410
27 411
27 412
27 415
27 417
27 420
27 421
27 422
27 425
27 427
27 428
27 430
27 431
27 432
27 433
27 434
27 438
27 440
27 443
27 444
27 446
27 447
27 449
27 452
27 454
27 455
27 456
27 460
27 461
27 464
27 467
27 469
27 471
27 475
27 479
27 480
27 484
27 485
27 486
27 487
27 488
27 489
27 490
27 496
27 498
27 499
28 29
28 30
28 31
28 32
28 34
28 38
28 42
28 43
28 44
28 46
28 48
28 49
28 51
28 52
28 54
28 55
28 58
28 59
28 61
28 63
28 64
28 71
28 73
28 74
28 76
28 77
28 78
28 83
28 84
28 85
28 88
28 89
28 91
28 92
28 93
28 98
28 99
28 100
28 102
28 106
28 109
28 110
28 112
28 114
28 116
28 122
28 124
28 125
28 126
28 128
28 129
28 130
28 133
28 134
28 135
28 137
28 138
28 139
28 140
28 142
28 143
28 146
28 149
28 151
28 153
28 154
28 156
28 157
28 159
28 160
28 161
28 162
28 164
28 167
28 168
28 169
28 170
28 172
28 175
28 179
28 181
28 182
28 183
28 185
28 186
28 192
28 196
28 198
28 200
28 206
28 211
28 213
28 216
28 217
28 218
28 219
28 221
28 227
28 231
28 236
28 237
28 238
28 239
28 242
28 243
28 244
28 246
28 250
28 251
28 253
28 254
28 256
28 257
28 260
28 262
28 264
28 266
28 268
28 270
28 271
28 272
28 274
28 276
28 277
28 283
28 284
28 288
28 290
28 291
28 296
28 300
28 301
28 302
28 305
28 306
28 307
28 308
28 309
28 310
28 311
28 312
28 316
28 317
28 320
28 321
28 323
28 326
28 327
28 328
28 332
28 335
28 336
28 339
28 340
28 345
28 346
28 347
28 348
28 352
28 355
28 356
28 357
28 359
28 360
28 362
28 363
28 364
28 366
28 368
28 374
28 375
28 376
28 378
28 383
28 384
28 385
28 386
28 387
28 388
28 393
28 394
28 399
28 402
28 408
28 410
28 414
28 417
28 418
28 423
28 427
28 428
28 430
28 434
28 437
28 438
28 439
28 442
28 444
28 446
28 448
28 451
28 452
28 453
28 454
28 455
28 458
28 460
28 461
28 463
28 467
28 468
28 469
28 470
28 471
28 472
28 476
28 478
28 479
28 481
28 485
28 486
28 487
28 490
28 493
28 494
28 495
28 498
29 34
29 35
29 36
29 37
29 38
29 39
29 41
29 43
29 44
29 45
29 46
29 54
29 56
29 58
29 61
29 65
29 66
29 67
29 69
29 72
29 75
29 77
29 78
29 79
29 84
29 86
29 87
29 89
29 90
29 91
29 94
29 95
29 98
29 99
29 103
29 104
29 105
29 109
29 110
29 112
29 113
29 115
29 117
29 118
29 120
29 123
29 124
29 125
29 129
29 130
29 134
29 136
29 137
29 138
29 141
29 142
29 143
29 144
29 150
29 151
29 152
29 154
29 156
29 159
29 161
29 163
29 164
29 166
29 169
29 170
29 172
29 174
29 175
29 177
29 178
29 179
29 181
29 182
29 183
29 186
29 187
29 188
29 189
29 191
29 192
29 193
29 194
29 195
29 197
29 198
29 199
29 201
29 202
29 203
29 210
29 211
29 212
29 214
29 215
29 217
29 218
29 219
29 221
29 225
29 226
29 228
29 229
29 233
29 234
29 235
29 236
29 239
29 240
29 241
29 242
29 244
29 245
29 247
29 248
29 249
29 251
29 252
29 253
29 255
29 256
29 257
29 258
29 260
29 261
29 263
29 264
29 267
29 269
29 270
29 273
29 274
29 278
29 280
29 281
29 282
29 284
29 287
29 294
29 296
29 298
29 300
29 301
29 302
29 303
29 310
29 311
29 312
29 313
29 314
29 315
29 318
29 322
29 324
29 325
29 326
29 328
29 329
29 331
29 333
29 334
29 335
29 336
29 337
29 339
29 340
29 343
29 344
29 346
29 347
29 348
29 349
29 355
29 356
29 357
29 358
29 362
29 363
29 365
29 368
29 370
29 373
29 375
29 376
29 377
29 378
29 383
29 386
29 387
29 388
29 391
29 393
29 394
29 401
29 402
29 404
29 405
29 406
29 407
29 410
29 411
29 412
29 414
29 415
29 416
29 418
29 419
29 422
29 428
29 434
29 440
29 442
29 444
29 446
29 449
29 450
29 451
29 452
29 453
29 464
29 466
29 467
29 468
29 472
29 474
29 476
29 477
29 478
29 479
29 481
29 482
29 487
29 489
29 490
29 492
29 495
29 496
29 497
30 31
30 32
30 36
30 43
30 45
30 46
30 47
30 49
30 51
30 52
30 53
30 54
30 55
30 56
30 57
30 60
30 61
30 62
30 64
30 66
30 68
30 71
30 72
30 75
30 76
30 77
30 78
30 79
30 80
30 86
30 88
30 92
30 95
30 97
30 100
30 101
30 102
30 103
30 104
30 105
30 106
30 108
30 110
30 111
30 112
30 115
30 116
30 117
30 118
30 120
30 125
30 126
30 127
30 128
30 131
30 132
30 133
30 134
30 135
30 139
30 140
30 142
30 148
30 149
30 150
30 152
30 153
30 154
30 156
30 159
30 160
30 161
30 162
30 163
30 164
30 165
30 166
30 167
30 173
30 174
30 179
30 182
30 189
30 190
30 192
30 193
30 195
30 197
30 198
30 201
30 204
30 211
30 214
30 216
30 218
30 219
30 222
30 224
30 226
30 230
30 231
30 238
30 240
30 242
30 244
30 245
30 246
30 247
30 249
30 250
30 252
30 254
30 255
30 256
30 257
30 258
30 261
30 264
30 265
30 269
30 270
30 274
30 277
30 280
30 282
30 283
30 285
30 287
30 288
30 289
30 291
30 292
30 295
30 296
30 297
30 302
30 303
30 306
30 307
30 310
30 312
30 313
30 314
30 316
30 317
30 318
30 319
30 320
30 321
30 326
30 328
30 330
30 333
30 335
30 340
30 341
30 342
30 343
30 344
30 347
30 348
30 349
30 351
30 355
30 356
30 357
30 360
30 361
30 363
30 364
30 367
30 369
30 370
30 371
30 373
30 377
30 378
30 379
30 381
30 383
30 384
30 386
30 389
30 391
30 394
30 395
30 396
30 398
30 399
30 403
30 406
30 407
30 408
30 409
30 410
30 413
30 414
30 416
30 417
30 418
30 421
30 422
30 423
30 425
30 427
30 432
30 436
30 439
30 441
30 446
30 447
30 452
30 453
30 454
30 456
30 459
30 460
30 461
30 462
30 463
30 464
30 465
30 466
30 467
30 468
30 469
30 470
30 471
30 472
30 478
30 479
30 482
30 483
30 484
30 486
30 487
30 489
30 491
30 494
30 495
30 496
30 497
31 33
31 34
31 35
31 37
31 39
31 40
31 42
31 43
31 44
31 45
31 47
31 48
31 49
31 50
31 51
31 55
31 56
31 59
31 61
31 62
31 65
31 67
31 68
31 73
31 74
31 79
31 80
31 81
31 82
31 85
31 88
31 90
31 91
31 92
31 95
31 96
31 97
31 98
31 99
31 100
31 102
31 104
31 105
31 106
31 107
31 108
31 109
31 112
31 113
31 114
31 117
31 120
31 121
31 125
31 126
31 127
31 129
31 134
31 137
31 138
31 141
31 142
31 145
31 146
31 150
31 154
31 155
31 157
31 158
31 160
31 161
31 163
31 167
31 168
31 173
31 174
31 176
31 178
31 179
31 180
31 181
31 182
31 188
31 189
31 193
31 196
31 198
31 203
31 206
31 212
31 214
31 216
31 217
31 220
31 225
31 226
31 228
31 229
31 230
31 236
31 238
31 241
31 242
31 243
31 244
31 245
31 246
31 249
31 251
31 255
31 256
31 257
31 263
31 265
31 266
31 267
31 269
31 270
31 273
31 275
31 285
31 289
31 291
31 293
31 294
31 297
31 298
31 299
31 300
31 301
31 307
31 311
31 312
31 313
31 315
31 319
31 320
31 321
31 324
31 325
31 326
31 327
31 328
31 329
31 334
31 336
31 338
31 339
31 340
31 341
31 342
31 346
31 349
31 351
31 352
31 353
31 354
31 358
31 360
31 361
31 362
31 367
31 368
31 371
31 372
31 374
31 375
31 377
31 379
31 380
31 381
31 382
31 383
31 386
31 388
31 389
31 390
31 396
31 398
31 400
31 401
31 404
31 406
31 412
31 415
31 416
31 418
31 419
31 420
31 421
31 422
31 423
31 427
31 429
31 431
31 434
31 435
31 438
31 441
31 443
31 445
31 447
31 451
31 452
31 453
31 454
31 455
31 457
31 460
31 461
31 462
31 463
31 464
31 467
31 468
31 469
31 473
31 475
31 476
31 477
31 479
31 480
31 481
31 482
31 485
31 486
31 488
31 489
31 490
31 492
31 493
31 494
32 36
32 38
32 41
32 43
32 44
32 45
32 48
32 49
32 50
32 52
32 53
32 55
32 56
32 58
32 59
32 61
32 62
32 64
32 66
32 67
32 68
32 69
32 74
32 78
32 79
32 80
32 82
32 88
32 89
32 90
32 93
32 97
32 99
32 103
32 104
32 106
32 107
32 110
32 111
32 112
32 113
32 116
32 120
32 122
32 123
32 126
32 127
32 128
32 131
32 132
32 135
32 139
32 141
32 142
32 143
32 144
32 145
32 150
32 151
32 158
32 159
32 161
32 163
32 164
32 165
32 167
32 168
32 169
32 171
32 173
32 174
32 182
32 185
32 186
32 188
32 192
32 194
32 196
32 202
32 205
32 206
32 207
32 210
32 211
32 212
32 217
32 219
32 221
32 222
32 224
32 225
32 228
32 230
32 233
32 235
32 237
32 238
32 243
32 244
32 245
32 247
32 248
32 250
32 253
32 257
32 258
32 260
32 261
32 264
32 267
32 270
32 272
32 273
32 274
32 279
32 282
32 283
32 284
32 287
32 289
32 292
32 294
32 295
32 296
32 298
32 304
32 305
32 306
32 309
32 310
32 311
32 313
32 314
32 316
32 317
32 319
32 320
32 321
32 325
32 326
32 328
32 329
32 330
32 334
32 335
32 338
32 342
32 343
32 345
32 346
32 348
32 350
32 352
32 357
32 358
32 359
32 360
32 363
32 366
32 367
32 368
32 371
32 372
32 373
32 375
32 377
32 378
32 379
32 382
32 383
32 384
32 388
32 390
32 391
32 393
32 394
32 396
32 398
32 399
32 402
32 404
32 405
32 406
32 411
32 412
32 414
32 416
32 418
32 420
32 421
32 423
32 427
32 431
32 434
32 435
32 436
32 439
32 440
32 446
32 452
32 453
32 458
32 460
32 463
32 464
32 465
32 466
32 467
32 468
32 472
32 473
32 474
32 477
32 478
32 479
32 484
32 487
32 489
32 490
32 492
32 493
32 494
32 496
32 498
32 499
33 34
33 37
33 40
33 43
33 44
33 45
33 46
33 47
33 48
33 49
33 51
33 52
33 53
33 54
33 55
33 56
33 58
33 59
33 61
33 63
33 64
33 66
33 67
33 71
33 73
33 74
33 77
33 84
33 85
33 86
33 88
33 89
33 95
33 97
33 99
33 101
33 103
33 104
33 106
33 107
33 108
33 111
33 114
33 115
33 116
33 121
33 122
33 124
33 125
33 126
33 127
33 129
33 130
33 132
33 133
33 134
33 135
33 136
33 137
33 139
33 141
33 143
33 145
33 146
33 148
33 151
33 152
33 153
33 161
33 162
33 164
33 166
33 169
33 171
33 173
33 176
33 181
33 184
33 187
33 189
33 190
33 191
33 192
33 195
33 196
33 197
33 198
33 199
33 200
33 201
33 202
33 203
33 210
33 211
33 215
33 218
33 219
33 221
33 223
33 224
33 225
33 228
33 230
33 233
33 236
33 237
33 238
33 239
33 242
33 247
33 252
33 253
33 254
33 255
33 257
33 258
33 261
33 264
33 268
33 270
33 271
33 276
33 279
33 280
33 281
33 286
33 292
33 294
33 295
33 296
33 300
33 303
33 305
33 306
33 307
33 309
33 311
33 316
33 317
33 319
33 320
33 321
33 322
33 323
33 324
33 325
33 326
33 327
33 329
33 330
33 333
33 334
33 337
33 341
33 342
33 343
33 347
33 348
33 349
33 350
33 352
33 354
33 355
33 357
33 363
33 364
33 368
33 369
33 371
33 372
33 374
33 375
33 376
33 381
33 384
33 386
33 389
33 390
33 391
33 392
33 395
33 397
33 398
33 400
33 402
33 404
33 405
33 407
33 408
33 410
33 411
33 413
33 414
33 415
33 417
33 418
33 420
33 423
33 425
33 428
33 429
33 432
33 433
33 435
33 437
33 438
33 440
33 443
33 444
33 452
33 454
33 455
33 456
33 457
33 462
33 466
33 467
33 468
33 469
33 472
33 478
33 481
33 484
33 486
33 487
33 488
33 497
33 499
34 38
34 40
34 41
34 42
34 43
34 44
34 47
34 49
34 51
34 52
34 53
34 54
34 57
34 58
34 59
34 60
34 61
34 63
34 66
34 68
34 69
34 70
34 71
34 79
34 88
34 89
34 90
34 93
34 94
34 95
34 97
34 101
34 106
34 107
34 108
34 110
34 111
34 115
34 117
34 118
34 119
34 120
34 122
34 123
34 124
34 125
34 126
34 129
34 130
34 131
34 132
34 133
34 135
34 136
34 137
34 138
34 139
34 144
34 146
34 148
34 149
34 150
34 151
34 153
34 154
34 156
34 157
34 158
34 159
34 160
34 161
34 164
34 165
34 166
34 167
34 169
34 171
34 176
34 177
34 178
34 179
34 180
34 182
34 184
34 186
34 187
34 188
34 191
34 192
34 193
34 196
34 198
34 200
34 201
34 202
34 203
34 207
34 208
34 209
34 210
34 212
34 215
34 216
34 217
34 222
34 223
34 225
34 227
34 228
34 230
34 238
34 241
34 243
34 244
34 248
34 249
34 250
34 251
34 252
34 258
34 261
34 269
34 272
34 273
34 274
34 275
34 279
34 280
34 282
34 283
34 285
34 286
34 287
34 288
34 289
34 295
34 296
34 298
34 299
34 300
34 301
34 307
34 308
34 309
34 310
34 312
34 314
34 319
34 320
34 323
34 324
34 325
34 327
34 328
34 330
34 333
34 337
34 339
34 340
34 342
34 343
34 344
34 345
34 346
34 348
34 349
34 351
34 352
34 353
34 354
34 355
34 356
34 359
34 362
34 363
34 367
34 368
34 370
34 371
34 376
34 377
34 380
34 382
34 384
34 385
34 387
34 388
34 391
34 394
34 398
34 404
34 405
34 417
34 418
34 419
34 423
34 425
34 426
34 428
34 429
34 432
34 436
34 437
34 438
34 440
34 441
34 443
34 444
34 445
34 446
34 450
34 451
34 455
34 460
34 461
34 467
34 468
34 469
34 470
34 472
34 473
34 475
34 478
34 479
34 480
34 481
34 482
34 484
34 485
34 486
34 487
34 489
34 490
34 491
34 493
34 494
34 498
34 499
35 36
35 37
35 38
35 39
35 44
35 46
35 47
35 50
35 51
35 53
35 55
35 60
35 62
35 63
35 65
35 66
35 70
35 71
35 72
35 74
35 76
35 78
35 79
35 80
35 81
35 84
35 85
35 86
35 89
35 90
35 92
35 94
35 96
35 97
35 101
35 104
35 106
35 108
35 113
35 115
35 119
35 120
35 122
35 128
35 130
35 131
35 133
35 135
35 138
35 141
35 144
35 150
35 153
35 159
35 160
35 162
35 164
35 166
35 169
35 171
35 173
35 178
35 180
35 182
35 185
35 186
35 187
35 191
35 198
35 202
35 204
35 205
35 207
35 209
35 210
35 212
35 216
35 217
35 218
35 228
35 229
35 230
35 233
35 234
35 237
35 240
35 245
35 247
35 250
35 253
35 257
35 258
35 259
35 260
35 261
35 262
35 263
35 264
35 270
35 271
35 272
35 273
35 275
35 276
35 277
35 278
35 280
35 281
35 283
35 285
35 286
35 288
35 289
35 291
35 293
35 298
35 299
35 302
35 303
35 305
35 309
35 311
35 318
35 319
35 321
35 324
35 325
35 328
35 330
35 332
35 333
35 334
35 335
35 339
35 340
35 342
35 344
35 346
35 348
35 351
35 352
35 358
35 359
35 360
35 365
35 367
35 369
35 370
35 372
35 373
35 375
35 377
35 382
35 383
35 384
35 385
35 386
35 387
35 389
35 390
35 391
35 393
35 394
35 395
35 396
35 399
35 400
35 402
35 404
35 406
35 408
35 409
35 410
35 412
35 413
35 414
35 415
35 416
35 418
35 425
35 427
35 428
35 429
35 430
35 431
35 432
35 439
35 442
35 443
35 444
35 445
35 449
35 451
35 452
35 454
35 455
35 457
35 458
35 459
35 462
35 465
35 466
35 467
35 470
35 476
35 479
35 481
35 483
35 485
35 486
35 487
35 488
35 489
35 491
35 493
35 495
35 498
35 499
36 37
36 38
36 43
36 44
36 48
36 49
36 50
36 53
36 54
36 56
36 59
36 60
36 61
36 62
36 63
36 65
36 66
36 68
36 69
36 74
36 76
36 77
36 79
36 82
36 86
36 88
36 89
36 93
36 94
36 95
36 97
36 98
36 100
36 110
36 111
36 112
36 116
36 117
36 118
36 122
36 124
36 125
36 126
36 127
36 130
36 131
36 134
36 135
36 136
36 137
36 138
36 140
36 141
36 143
36 144
36 145
36 147
36 148
36 151
36 158
36 159
36 161
36 163
36 164
36 166
36 167
36 168
36 171
36 173
36 178
36 180
36 181
36 184
36 187
36 188
36 190
36 191
36 193
36 194
36 196
36 197
36 198
36 199
36 203
36 205
36 206
36 207
36 209
36 213
36 214
36 215
36 218
36 220
36 222
36 224
36 225
36 229
36 235
36 236
36 237
36 240
36 242
36 243
36 244
36 249
36 252
36 253
36 256
36 257
36 259
36 260
36 261
36 264
36 265
36 267
36 269
36 271
36 272
36 275
36 276
36 278
36 282
36 283
36 285
36 288
36 296
36 299
36 303
36 304
36 305
36 307
36 315
36 320
36 321
36 322
36 325
36 326
36 327
36 331
36 333
36 334
36 337
36 339
36 340
36 343
36 349
36 350
36 351
36 353
36 355
36 364
36 368
36 369
36 370
36 371
36 372
36 373
36 375
36 376
36 377
36 378
36 381
36 382
36 383
36 385
36 386
36 389
36 391
36 392
36 393
36 395
36 396
36 397
36 399
36 400
36 401
36 403
36 404
36 406
36 407
36 409
36 410
36 413
36 414
36 415
36 416
36 417
36 424
36 427
36 429
36 431
36 432
36 433
36 434
36 435
36 437
36 440
36 441
36 444
36 447
36 448
36 449
36 450
36 452
36 454
36 456
36 457
36 458
36 460
36 464
36 474
36 475
36 477
36 482
36 483
36 487
36 488
36 490
36 491
36 494
36 498
36 499
37 39
37 41
37 42
37 43
37 45
37 48
37 49
37 50
37 51
37 52
37 53
37 55
37 57
37 58
37 59
37 62
37 64
37 69
37 72
37 73
37 75
37 76
37 77
37 78
37 80
37 81
37 82
37 84
37 87
37 88
37 89
37 91
37 93
37 94
37 95
37 96
37 98
37 101
37 106
37 108
37 113
37 114
37 115
37 116
37 117
37 119
37 120
37 122
37 124
37 126
37 127
37 130
37 131
37 132
37 137
37 139
37 141
37 143
37 145
37 146
37 147
37 148
37 150
37 151
37 153
37 154
37 155
37 157
37 159
37 162
37 164
37 166
37 167
37 168
37 170
37 171
37 172
37 173
37 174
37 176
37 182
37 183
37 185
37 187
37 189
37 192
37 193
37 197
37 198
37 199
37 200
37 201
37 204
37 206
37 207
37 208
37 211
37 213
37 214
37 215
37 218
37 219
37 220
37 221
37 223
37 224
37 225
37 229
37 230
37 231
37 233
37 234
37 235
37 238
37 241
37 243
37 244
37 246
37 251
37 252
37 257
37 259
37 260
37 263
37 264
37 267
37 271
37 272
37 275
37 276
37 278
37 279
37 280
37 286
37 287
37 290
37 291
37 294
37 298
37 299
37 301
37 303
37 304
37 309
37 313
37 315
37 316
37 317
37 320
37 322
37 325
37 326
37 327
37 328
37 334
37 337
37 339
37 340
37 341
37 345
37 346
37 347
37 353
37 354
37 355
37 356
37 357
37 358
37 359
37 363
37 369
37 371
37 373
37 374
37 375
37 377
37 378
37 381
37 388
37 389
37 393
37 396
37 397
37 398
37 399
37 400
37 401
37 402
37 403
37 405
37 408
37 410
37 411
37 412
37 413
37 414
37 415
37 416
37 419
37 420
37 421
37 422
37 428
37 429
37 430
37 431
37 432
37 435
37 438
37 440
37 442
37 447
37 448
37 451
37 452
37 454
37 456
37 458
37 459
37 461
37 463
37 464
37 471
37 473
37 474
37 475
37 477
37 478
37 479
37 480
37 482
37 483
37 484
37 485
37 486
37 487
37 488
37 489
37 493
37 494
37 497
37 498
38 41
38 43
38 44
38 45
38 46
38 52
38 53
38 55
38 56
38 57
38 61
38 64
38 65
38 66
38 67
38 69
38 70
38 71
38 72
38 73
38 75
38 76
38 78
38 79
38 80
38 82
38 87
38 89
38 91
38 94
38 95
38 96
38 98
38 99
38 103
38 104
38 106
38 108
38 109
38 113
38 114
38 115
38 118
38 119
38 120
38 123
38 126
38 130
38 131
38 133
38 135
38 143
38 144
38 148
38 149
38 152
38 153
38 154
38 156
38 157
38 164
38 165
38 166
38 169
38 170
38 172
38 174
38 175
38 177
38 178
38 185
38 187
38 188
38 190
38 191
38 192
38 195
38 198
38 202
38 203
38 204
38 205
38 206
38 208
38 209
38 213
38 215
38 217
38 219
38 221
38 222
38 223
38 225
38 227
38 229
38 232
38 234
38 236
38 237
38 240
38 243
38 247
38 249
38 252
38 253
38 260
38 261
38 262
38 264
38 270
38 271
38 274
38 275
38 277
38 278
38 279
38 280
38 281
38 282
38 283
38 284
38 287
38 288
38 294
38 296
38 297
38 304
38 305
38 308
38 312
38 314
38 315
38 320
38 322
38 324
38 329
38 330
38 331
38 334
38 335
38 336
38 337
38 340
38 343
38 344
38 346
38 348
38 349
38 352
38 353
38 355
38 356
38 358
38 359
38 361
38 362
38 366
38 367
38 368
38 372
38 373
38 375
38 378
38 380
38 382
38 383
38 384
38 385
38 388
38 390
38 391
38 394
38 396
38 398
38 399
38 401
38 403
38 404
38 405
38 407
38 409
38 411
38 416
38 418
38 419
38 421
38 422
38 423
38 424
38 426
38 427
38 431
38 432
38 433
38 435
38 444
38 445
38 447
38 450
38 453
38 455
38 458
38 459
38 461
38 463
38 464
38 466
38 468
38 474
38 475
38 476
38 478
38 479
38 480
38 481
38 484
38 485
38 486
38 487
38 489
38 490
38 491
38 492
38 494
38 496
38 499
39 45
39 48
39 50
39 52
39 53
39 54
39 57
39 58
39 59
39 61
39 64
39 65
39 66
39 68
39 70
39 73
39 74
39 75
39 76
39 77
39 78
39 81
39 82
39 83
39 85
39 88
39 89
39 95
39 97
39 100
39 106
39 109
39 111
39 112
39 114
39 115
39 116
39 117
39 120
39 122
39 123
39 124
39 125
39 127
39 128
39 132
39 135
39 136
39 142
39 143
39 144
39 145
39 148
39 149
39 151
39 153
39 156
39 157
39 159
39 162
39 163
39 164
39 165
39 167
39 168
39 169
39 171
39 172
39 175
39 176
39 186
39 187
39 190
39 191
39 195
39 197
39 200
39 202
39 204
39 205
39 209
39 210
39 211
39 214
39 215
39 217
39 218
39 219
39 221
39 222
39 224
39 231
39 232
39 235
39 237
39 240
39 242
39 243
39 244
39 251
39 254
39 258
39 259
39 265
39 268
39 269
39 270
39 274
39 275
39 276
39 278
39 279
39 281
39 283
39 289
39 290
39 292
39 302
39 304
39 305
39 311
39 312
39 314
39 325
39 328
39 329
39 331
39 342
39 344
39 349
39 352
39 353
39 354
39 359
39 361
39 363
39 364
39 365
39 367
39 369
39 371
39 373
39 376
39 377
39 378
39 379
39 380
39 382
39 384
39 387
39 390
39 392
39 397
39 398
39 399
39 406
39 408
39 410
39 411
39 415
39 416
39 419
39 420
39 422
39 424
39 425
39 427
39 428
39 431
39 433
39 434
39 439
39 441
39 445
39 448
39 449
39 451
39 453
39 459
39 462
39 463
39 465
39 467
39 468
39 469
39 471
39 473
39 474
39 476
39 477
39 478
39 480
39 481
39 483
39 484
39 486
39 488
39 489
39 491
39 492
39 493
39 494
39 496
40 41
40 43
40 45
40 46
40 54
40 55
40 56
40 57
40 58
40 59
40 62
40 65
40 66
40 69
40 70
40 72
40 75
40 77
40 78
40 82
40 83
40 84
40 85
40 88
40 89
40 90
40 91
40 93
40 95
40 97
40 101
40 104
40 105
40 113
40 114
40 115
40 117
40 118
40 121
40 122
40 123
40 124
40 129
40 130
40 132
40 133
40 139
40 141
40 142
40 143
40 144
40 146
40 148
40 149
40 150
40 153
40 155
40 157
40 158
40 159
40 160
40 162
40 163
40 165
40 168
40 169
40 175
40 176
40 181
40 183
40 185
40 189
40 191
40 193
40 196
40 198
40 199
40 201
40 202
40 204
40 207
40 213
40 215
40 218
40 223
40 228
40 232
40 233
40 238
40 239
40 240
40 241
40 245
40 248
40 251
40 252
40 253
40 259
40 260
40 263
40 265
40 267
40 269
40 270
40 272
40 273
40 274
40 276
40 277
40 282
40 283
40 287
40 288
40 290
40 292
40 296
40 297
40 300
40 301
40 305
40 306
40 307
40 310
40 312
40 313
40 318
40 319
40 321
40 322
40 323
40 326
40 327
40 328
40 329
40 333
40 338
40 339
40 340
40 342
40 347
40 348
40 351
40 354
40 359
40 360
40 365
40 367
40 368
40 369
40 373
40 377
40 378
40 381
40 386
40 388
40 390
40 392
40 393
40 395
40 396
40 398
40 400
40 409
40 411
40 413
40 417
40 418
40 419
40 423
40 425
40 426
40 427
40 428
40 429
40 432
40 434
40 435
40 437
40 439
40 440
40 442
40 443
40 446
40 447
40 448
40 452
40 453
40 455
40 456
40 457
40 459
40 461
40 462
40 464
40 469
40 470
40 471
40 472
40 473
40 475
40 476
40 477
40 478
40 481
40 483
40 485
40 488
40 491
40 492
40 495
40 496
40 497
40 499
41 49
41 50
41 51
41 52
41 53
41 55
41 56
41 57
41 59
41 60
41 61
41 63
41 67
41 69
41 70
41 72
41 74
41 76
41 77
41 78
41 79
41 82
41 83
41 88
41 92
41 93
41 95
41 97
41 98
41 100
41 101
41 105
41 106
41 108
41 109
41 110
41 112
41 114
41 115
41 116
41 118
41 119
41 121
41 122
41 123
41 124
41 126
41 131
41 133
41 135
41 142
41 143
41 145
41 146
41 148
41 151
41 152
41 154
41 156
41 161
41 163
41 164
41 169
41 171
41 172
41 173
41 175
41 181
41 182
41 185
41 189
41 191
41 192
41 195
41 200
41 203
41 204
41 205
41 207
41 208
41 209
41 210
41 215
41 216
41 217
41 218
41 219
41 221
41 222
41 225
41 228
41 230
41 233
41 234
41 236
41 237
41 241
41 242
41 243
41 245
41 247
41 248
41 249
41 250
41 253
41 254
41 255
41 257
41 259
41 260
41 261
41 263
41 265
41 267
41 269
41 271
41 272
41 273
41 275
41 278
41 279
41 280
41 282
41 284
41 286
41 287
41 288
41 290
41 292
41 295
41 298
41 302
41 304
41 306
41 308
41 312
41 316
41 317
41 318
41 319
41 320
41 323
41 325
41 326
41 328
41 330
41 333
41 334
41 337
41 343
41 344
41 347
41 348
41 350
41 352
41 353
41 355
41 359
41 362
41 364
41 366
41 372
41 373
41 375
41 376
41 377
41 378
41 380
41 381
41 382
41 383
41 386
41 387
41 389
41 393
41 394
41 400
41 405
41 406
41 408
41 409
41 410
41 411
41 413
41 416
41 417
41 418
41 420
41 423
41 424
41 426
41 427
41 429
41 430
41 433
41 436
41 437
41 438
41 440
41 441
41 442
41 448
41 452
41 453
41 454
41 455
41 456
41 457
41 461
41 462
41 464
41 467
41 468
41 474
41 478
41 480
41 482
41 483
41 487
41 488
41 490
41 491
41 493
41 494
41 496
41 499
42 43
42 45
42 50
42 53
42 56
42 59
42 62
42 63
42 65
42 66
42 67
42 68
42 70
42 71
42 72
42 73
42 74
42 76
42 82
42 83
42 84
42 85
42 86
42 91
42 93
42 97
42 101
42 103
42 108
42 110
42 111
42 115
42 117
42 121
42 122
42 124
42 125
42 126
42 127
42 130
42 133
42 137
42 142
42 143
42 145
42 146
42 151
42 153
42 156
42 157
42 158
42 160
42 161
42 163
42 166
42 171
42 172
42 176
42 177
42 179
42 181
42 182
42 183
42 185
42 186
42 189
42 190
42 191
42 196
42 197
42 200
42 202
42 203
42 207
42 208
42 212
42 213
42 215
42 216
42 217
42 218
42 219
42 221
42 223
42 224
42 226
42 227
42 230
42 232
42 233
42 234
42 241
42 243
42 244
42 246
42 249
42 250
42 251
42 252
42 253
42 255
42 257
42 258
42 259
42 260
42 261
42 262
42 263
42 266
42 268
42 270
42 271
42 272
42 275
42 276
42 279
42 280
42 283
42 285
42 291
42 293
42 295
42 296
42 298
42 299
42 301
42 305
42 306
42 307
42 312
42 313
42 314
42 315
42 317
42 319
42 320
42 322
42 323
42 325
42 326
42 334
42 335
42 338
42 344
42 346
42 348
42 352
42 354
42 355
42 356
42 357
42 358
42 360
42 365
42 371
42 373
42 374
42 376
42 378
42 380
42 381
42 384
42 385
42 388
42 392
42 394
42 396
42 397
42 398
42 399
42 400
42 401
42 402
42 403
42 407
42 408
42 409
42 414
42 415
42 416
42 417
42 420
42 423
42 426
42 427
42 428
42 430
42 432
42 433
42 434
42 435
42 436
42 437
42 438
42 439
42 440
42 441
42 442
42 443
42 445
42 446
42 447
42 448
42 449
42 450
42 451
42 454
42 456
42 457
42 459
42 462
42 463
42 464
42 466
42 467
42 468
42 469
42 470
42 474
42 476
42 479
42 480
42 481
42 485
42 486
42 487
42 489
42 492
42 495
42 498
42 499
43 45
43 47
43 49
43 51
43 52
43 53
43 58
43 59
43 65
43 66
43 67
43 69
43 72
43 74
43 75
43 78
43 79
43 80
43 83
43 85
43 86
43 88
43 89
43 90
43 91
43 93
43 95
43 96
43 98
43 100
43 102
43 106
43 107
43 109
43 110
43 113
43 115
43 117
43 118
43 120
43 121
43 125
43 128
43 130
43 132
43 133
43 134
43 135
43 136
43 138
43 142
43 143
43 147
43 149
43 152
43 156
43 158
43 160
43 161
43 164
43 166
43 167
43 168
43 171
43 172
43 174
43 175
43 176
43 177
43 179
43 182
43 183
43 184
43 185
43 186
43 188
43 189
43 190
43 191
43 192
43 194
43 195
43 196
43 197
43 198
43 201
43 202
43 204
43 205
43 206
43 207
43 208
43 209
43 212
43 215
43 217
43 218
43 221
43 222
43 225
43 228
43 231
43 232
43 233
43 234
43 237
43 238
43 242
43 243
43 244
43 245
43 249
43 257
43 258
43 263
43 265
43 266
43 272
43 275
43 276
43 277
43 278
43 279
43 281
43 282
43 283
43 284
43 287
43 288
43 289
43 291
43 292
43 294
43 296
43 297
43 298
43 302
43 303
43 305
43 307
43 308
43 309
43 311
43 313
43 315
43 317
43 319
43 326
43 327
43 329
43 331
43 333
43 339
43 340
43 342
43 343
43 349
43 353
43 354
43 357
43 359
43 360
43 364
43 365
43 371
43 373
43 379
43 380
43 381
43 382
43 383
43 384
43 385
43 386
43 388
43 389
43 391
43 392
43 395
43 396
43 397
43 398
43 400
43 401
43 403
43 407
43 409
43 413
43 416
43 417
43 418
43 421
43 425
43 426
43 429
43 431
43 434
43 435
43 437
43 439
43 440
43 445
43 446
43 447
43 449
43 451
43 455
43 459
43 463
43 464
43 465
43 467
43 469
43 471
43 472
43 473
43 475
43 476
43 477
43 478
43 480
43 481
43 484
43 487
43 489
43 492
43 495
43 497
43 498
43 499
44 45
44 46
44 47
44 48
44 50
44 52
44 54
44 56
44 57
44 59
44 60
44 62
44 63
44 66
44 69
44 73
44 74
44 75
44 77
44 79
44 81
44 82
44 84
44 86
44 87
44 88
44 90
44 91
44 94
44 95
44 96
44 97
44 98
44 100
44 101
44 102
44 104
44 105
44 107
44 109
44 111
44 112
44 113
44 114
44 119
44 121
44 122
44 123
44 124
44 128
44 129
44 130
44 131
44 132
44 133
44 135
44 136
44 138
44 146
44 147
44 148
44 149
44 150
44 151
44 152
44 153
44 155
44 156
44 158
44 160
44 165
44 166
44 168
44 169
44 170
44 173
44 174
44 177
44 178
44 180
44 182
44 186
44 187
44 191
44 193
44 194
44 196
44 197
44 198
44 201
44 204
44 206
44 207
44 208
44 211
44 213
44 214
44 215
44 216
44 217
44 218
44 223
44 225
44 226
44 229
44 230
44 231
44 235
44 236
44 239
44 241
44 244
44 245
44 247
44 250
44 254
44 258
44 259
44 260
44 261
44 262
44 263
44 267
44 268
44 271
44 274
44 275
44 277
44 280
44 282
44 285
44 287
44 288
44 290
44 291
44 294
44 295
44 299
44 301
44 306
44 307
44 309
44 310
44 311
44 312
44 313
44 314
44 315
44 317
44 319
44 320
44 324
44 328
44 329
44 339
44 345
44 350
44 351
44 352
44 353
44 357
44 358
44 361
44 363
44 364
44 365
44 366
44 367
44 369
44 370
44 371
44 372
44 373
44 375
44 377
44 379
44 380
44 382
44 384
44 386
44 387
44 388
44 389
44 390
44 391
44 393
44 394
44 395
44 397
44 399
44 400
44 401
44 405
44 408
44 410
44 411
44 414
44 418
44 419
44 420
44 421
44 431
44 436
44 437
44 438
44 440
44 441
44 442
44 443
44 446
44 450
44 451
44 454
44 455
44 456
44 457
44 461
44 462
44 465
44 466
44 469
44 473
44 475
44 476
44 478
44 487
44 488
44 489
44 491
44 495
44 496
44 499
45 47
45 49
45 50
45 52
45 55
45 58
45 59
45 62
45 63
45 68
45 69
45 70
45 73
45 74
45 75
45 76
45 77
45 78
45 80
45 83
45 84
45 90
45 94
45 96
45 97
45 99
45 100
45 101
45 106
45 109
45 111
45 113
45 116
45 119
45 120
45 121
45 125
45 126
45 128
45 129
45 130
45 131
45 133
45 138
45 139
45 140
45 142
45 143
45 144
45 149
45 151
45 152
45 156
45 159
45 162
45 165
45 166
45 167
45 170
45 171
45 172
45 173
45 176
45 178
45 181
45 182
45 184
45 187
45 188
45 191
45 193
45 194
45 195
45 196
45 197
45 199
45 200
45 204
45 206
45 207
45 208
45 209
45 210
45 211
45 212
45 213
45 214
45 215
45 219
45 220
45 221
45 226
45 227
45 228
45 229
45 231
45 234
45 237
45 241
45 242
45 243
45 244
45 245
45 247
45 249
45 252
45 253
45 254
45 257
45 259
45 260
45 261
45 262
45 267
45 269
45 270
45 271
45 275
45 278
45 279
45 281
45 282
45 283
45 285
45 286
45 289
45 290
45 291
45 292
45 293
45 296
45 298
45 300
45 301
45 303
45 305
45 307
45 308
45 309
45 311
45 315
45 316
45 318
45 319
45 320
45 322
45 324
45 328
45 332
45 337
45 338
45 339
45 340
45 341
45 345
45 346
45 350
45 355
45 359
45 360
45 361
45 363
45 365
45 366
45 369
45 375
45 376
45 378
45 383
45 384
45 387
45 388
45 391
45 392
45 394
45 397
45 399
45 400
45 402
45 403
45 404
45 405
45 407
45 408
45 410
45 411
45 413
45 414
45 415
45 416
45 420
45 421
45 422
45 427
45 430
45 432
45 435
45 436
45 440
45 441
45 442
45 443
45 445
45 446
45 450
45 451
45 452
45 453
45 455
45 457
45 458
45 459
45 460
45 462
45 464
45 466
45 467
45 468
45 469
45 470
45 471
45 472
45 475
45 476
45 477
45 481
45 483
45 485
45 486
45 488
45 491
45 494
45 498
46 47
46 48
46 49
46 52
46 53
46 55
46 56
46 58
46 60
46 61
46 62
46 68
46 70
46 72
46 74
46 78
46 79
46 81
46 82
46 83
46 84
46 85
46 87
46 88
46 89
46 91
46 96
46 97
46 98
46 99
46 100
46 103
46 105
46 106
46 107
46 114
46 115
46 116
46 117
46 118
46 119
46 121
46 122
46 124
46 125
46 126
46 127
46 130
46 135
46 136
46 137
46 138
46 140
46 142
46 143
46 144
46 151
46 154
46 155
46 158
46 161
46 163
46 164
46 167
46 173
46 174
46 179
46 180
46 181
46 182
46 183
46 184
46 185
46 190
46 192
46 195
46 198
46 199
46 200
46 202
46 203
46 205
46 206
46 207
46 209
46 210
46 212
46 214
46 216
46 217
46 218
46 219
46 224
46 226
46 227
46 231
46 237
46 238
46 239
46 240
46 241
46 243
46 244
46 247
46 249
46 250
46 251
46 255
46 257
46 258
46 259
46 261
46 262
46 264
46 265
46 266
46 267
46 268
46 269
46 270
46 272
46 276
46 278
46 280
46 287
46 288
46 289
46 292
46 294
46 296
46 301
46 306
46 307
46 310
46 312
46 313
46 315
46 316
46 317
46 319
46 320
46 321
46 326
46 328
46 330
46 332
46 335
46 336
46 337
46 341
46 342
46 344
46 345
46 349
46 354
46 355
46 356
46 357
46 358
46 359
46 361
46 363
46 364
46 365
46 368
46 370
46 371
46 372
46 374
46 375
46 377
46 380
46 384
46 386
46 387
46 393
46 394
46 395
46 397
46 399
46 401
46 403
46 404
46 405
46 406
46 408
46 409
46 413
46 415
46 416
46 417
46 422
46 424
46 429
46 431
46 432
46 433
46 435
46 436
46 439
46 440
46 441
46 442
46 443
46 444
46 445
46 448
46 451
46 452
46 453
46 455
46 456
46 458
46 464
46 465
46 466
46 467
46 468
46 470
46 471
46 472
46 474
46 477
46 483
46 484
46 486
46 487
46 488
46 490
46 493
46 497
46 498
47 49
47 50
47 52
47 54
47 55
47 57
47 58
47 60
47 66
47 68
47 71
47 73
47 75
47 77
47 78
47 83
47 84
47 85
47 87
47 90
47 91
47 92
47 95
47 97
47 100
47 101
47 102
47 103
47 108
47 110
47 111
47 112
47 117
47 118
47 119
47 120
47 121
47 125
47 128
47 132
47 133
47 134
47 138
47 140
47 141
47 142
47 144
47 145
47 146
47 147
47 155
47 159
47 163
47 168
47 170
47 174
47 175
47 176
47 178
47 179
47 182
47 184
47 186
47 189
47 191
47 194
47 197
47 198
47 201
47 203
47 204
47 207
47 208
47 211
47 212
47 213
47 214
47 222
47 223
47 224
47 225
47 227
47 228
47 229
47 231
47 232
47 236
47 237
47 238
47 242
47 244
47 246
47 247
47 250
47 251
47 254
47 256
47 257
47 260
47 262
47 265
47 268
47 271
47 273
47 274
47 275
47 277
47 279
47 283
47 284
47 286
47 287
47 288
47 290
47 291
47 292
47 294
47 295
47 297
47 299
47 301
47 302
47 306
47 308
47 309
47 310
47 312
47 315
47 316
47 317
47 320
47 321
47 324
47 326
47 328
47 329
47 331
47 332
47 334
47 336
47 337
47 338
47 339
47 340
47 346
47 347
47 348
47 349
47 352
47 355
47 357
47 358
47 359
47 361
47 362
47 366
47 368
47 369
47 370
47 372
47 373
47 374
47 375
47 378
47 380
47 381
47 384
47 385
47 386
47 387
47 388
47 389
47 392
47 393
47 395
47 397
47 399
47 400
47 402
47 403
47 406
47 407
47 409
47 410
47 414
47 416
47 418
47 419
47 420
47 424
47 426
47 428
47 430
47 431
47 433
47 436
47 439
47 440
47 441
47 445
47 446
47 449
47 452
47 454
47 455
47 456
47 457
47 459
47 461
47 464
47 466
47 467
47 468
47 469
47 472
47 474
47 475
47 476
47 478
47 479
47 480
47 481
47 483
47 484
47 485
47 487
47 488
47 491
47 492
47 497
48 49
48 50
48 52
48 53
48 56
48 59
48 60
48 61
48 63
48 66
48 72
48 73
48 75
48 76
48 81
48 82
48 83
48 85
48 86
48 87
48 88
48 89
48 92
48 93
48 96
48 97
48 98
48 99
48 100
48 103
48 105
48 106
48 110
48 111
48 112
48 114
48 117
48 121
48 122
48 123
48 127
48 130
48 133
48 135
48 142
48 145
48 149
48 152
48 155
48 156
48 157
48 158
48 160
48 164
48 167
48 168
48 170
48 175
48 176
48 179
48 180
48 181
48 182
48 183
48 184
48 185
48 187
48 188
48 190
48 191
48 193
48 195
48 199
48 202
48 203
48 204
48 207
48 208
48 214
48 215
48 216
48 217
48 219
48 222
48 223
48 229
48 231
48 232
48 234
48 236
48 238
48 240
48 244
48 245
48 249
48 254
48 255
48 256
48 258
48 260
48 261
48 262
48 264
48 267
48 268
48 270
48 274
48 275
48 277
48 279
48 281
48 283
48 284
48 285
48 286
48 287
48 288
48 290
48 291
48 293
48 295
48 297
48 298
48 301
48 303
48 305
48 306
48 309
48 310
48 311
48 313
48 314
48 315
48 317
48 318
48 319
48 320
48 322
48 327
48 329
48 330
48 331
48 333
48 337
48 339
48 341
48 342
48 344
48 346
48 348
48 354
48 357
48 358
48 362
48 364
48 367
48 370
48 372
48 373
48 376
48 377
48 378
48 379
48 381
48 384
48 385
48 386
48 387
48 388
48 391
48 392
48 393
48 395
48 396
48 398
48 403
48 405
48 406
48 407
48 408
48 409
48 411
48 413
48 414
48 415
48 416
48 417
48 418
48 419
48 422
48 423
48 424
48 427
48 429
48 431
48 432
48 433
48 435
48 436
48 438
48 439
48 440
48 443
48 444
48 445
48 447
48 448
48 449
48 450
48 451
48 453
48 455
48 456
48 461
48 462
48 463
48 464
48 465
48 467
48 474
48 475
48 476
48 480
48 485
48 487
48 491
48 494
48 495
48 498
48 499
49 51
49 52
49 54
49 62
49 63
49 64
49 66
49 67
49 68
49 74
49 75
49 76
49 78
49 82
49 86
49 88
49 89
49 92
49 93
49 94
49 96
49 98
49 99
49 101
49 102
49 103
49 104
49 108
49 109
49 112
49 113
49 114
49 117
49 118
49 119
49 120
49 123
49 125
49 128
49 129
49 130
49 134
49 137
49 140
49 141
49 144
49 151
49 152
49 153
49 154
49 157
49 158
49 160
49 163
49 164
49 165
49 166
49 168
49 171
49 173
49 175
49 176
49 177
49 178
49 179
49 180
49 181
49 182
49 186
49 187
49 188
49 191
49 195
49 196
49 197
49 202
49 203
49 204
49 211
49 212
49 214
49 218
49 221
49 223
49 224
49 225
49 227
49 231
49 233
49 234
49 235
49 237
49 238
49 239
49 240
49 243
49 244
49 245
49 246
49 248
49 249
49 251
49 253
49 254
49 255
49 256
49 260
49 264
49 269
49 270
49 271
49 273
49 274
49 275
49 277
49 278
49 280
49 281
49 282
49 288
49 290
49 295
49 297
49 298
49 299
49 300
49 301
49 303
49 304
49 305
49 306
49 307
49 308
49 311
49 312
49 313
49 315
49 316
49 318
49 319
49 322
49 323
49 325
49 326
49 328
49 330
49 333
49 334
49 335
49 337
49 339
49 342
49 345
49 347
49 349
49 351
49 354
49 355
49 356
49 360
49 361
49 366
49 369
49 371
49 372
49 374
49 377
49 378
49 379
49 380
49 381
49 382
49 383
49 389
49 391
49 394
49 396
49 398
49 399
49 401
49 407
49 409
49 410
49 411
49 412
49 414
49 415
49 416
49 418
49 422
49 431
49 434
49 436
49 437
49 442
49 443
49 445
49 446
49 448
49 450
49 451
49 452
49 456
49 458
49 460
49 461
49 462
49 463
49 464
49 465
49 466
49 467
49 468
49 470
49 474
49 482
49 485
49 487
49 488
49 489
49 490
49 491
49 492
49 494
49 495
49 496
49 499
50 52
50 53
50 55
50 58
50 63
50 67
50 68
50 69
50 71
50 72
50 73
50 75
50 77
50 78
50 79
50 80
50 81
50 84
50 85
50 86
50 87
50 88
50 90
50 92
50 95
50 102
50 104
50 105
50 106
50 110
50 113
50 116
50 117
50 120
50 122
50 124
50 128
50 129
50 135
50 137
50 138
50 141
50 144
50 145
50 147
50 148
50 154
50 155
50 156
50 157
50 159
50 160
50 161
50 163
50 166
50 168
50 171
50 172
50 174
50 176
50 178
50 180
50 185
50 186
50 187
50 188
50 189
50 191
50 192
50 195
50 196
50 197
50 202
50 203
50 204
50 205
50 206
50 209
50 213
50 215
50 217
50 218
50 222
50 224
50 228
50 230
50 231
50 232
50 234
50 235
50 241
50 242
50 245
50 247
50 248
50 249
50 252
50 253
50 254
50 256
50 261
50 262
50 263
50 268
50 269
50 270
50 275
50 277
50 280
50 281
50 283
50 284
50 285
50 289
50 292
50 293
50 294
50 295
50 296
50 298
50 299
50 305
50 306
50 308
50 310
50 311
50 312
50 313
50 314
50 315
50 316
50 317
50 319
50 321
50 322
50 323
50 325
50 326
50 327
50 328
50 329
50 330
50 331
50 332
50 335
50 336
50 338
50 339
50 345
50 346
50 347
50 349
50 354
50 357
50 360
50 361
50 362
50 364
50 365
50 368
50 371
50 372
50 373
50 374
50 378
50 383
50 385
50 386
50 388
50 390
50 392
50 396
50 399
50 400
50 402
50 403
50 404
50 405
50 408
50 415
50 416
50 418
50 419
50 420
50 421
50 426
50 427
50 428
50 430
50 431
50 432
50 437
50 438
50 439
50 440
50 443
50 444
50 446
50 448
50 449
50 450
50 451
50 452
50 455
50 456
50 458
50 459
50 460
50 462
50 464
50 466
50 467
50 468
50 469
50 476
50 477
50 479
50 480
50 482
50 484
50 486
50 487
50 488
50 490
50 491
50 493
50 495
50 496
50 498
51 52
51 53
51 54
51 59
51 60
51 62
51 66
51 68
51 69
51 73
51 76
51 79
51 80
51 81
51 83
51 88
51 90
51 92
51 93
51 96
51 100
51 102
51 103
51 107
51 108
51 109
51 111
51 115
51 122
51 124
51 125
51 126
51 127
51 131
51 132
51 133
51 134
51 137
51 138
51 139
51 141
51 142
51 146
51 148
51 149
51 150
51 151
51 152
51 160
51 161
51 162
51 163
51 165
51 167
51 168
51 170
51 171
51 172
51 174
51 175
51 177
51 180
51 181
51 184
51 185
51 186
51 187
51 190
51 191
51 195
51 198
51 200
51 202
51 204
51 207
51 210
51 212
51 213
51 214
51 215
51 216
51 218
51 220
51 221
51 223
51 224
51 225
51 226
51 228
51 229
51 230
51 232
51 233
51 235
51 237
51 242
51 243
51 244
51 249
51 252
51 253
51 254
51 255
51 257
51 258
51 262
51 263
51 265
51 269
51 272
51 273
51 276
51 277
51 279
51 280
51 281
51 283
51 285
51 289
51 291
51 293
51 295
51 297
51 299
51 300
51 302
51 305
51 308
51 309
51 311
51 312
51 314
51 315
51 316
51 317
51 318
51 319
51 320
51 322
51 328
51 330
51 332
51 333
51 334
51 335
51 337
51 340
51 342
51 348
51 351
51 352
51 355
51 356
51 362
51 363
51 364
51 365
51 370
51 371
51 372
51 375
51 376
51 377
51 379
51 380
51 381
51 382
51 383
51 385
51 389
51 396
51 399
51 400
51 403
51 407
51 408
51 410
51 412
51 413
51 416
51 417
51 420
51 422
51 423
51 425
51 426
51 428
51 429
51 430
51 432
51 434
51 435
51 440
51 441
51 442
51 443
51 445
51 449
51 450
51 452
51 454
51 457
51 458
51 460
51 463
51 469
51 470
51 471
51 472
51 476
51 479
51 481
51 482
51 485
51 487
51 489
51 494
52 57
52 58
52 59
52 60
52 61
52 64
52 69
52 74
52 78
52 80
52 81
52 83
52 85
52 87
52 89
52 93
52 97
52 100
52 101
52 102
52 103
52 105
52 106
52 108
52 109
52 110
52 111
52 114
52 118
52 119
52 120
52 122
52 125
52 130
52 133
52 135
52 138
52 139
52 143
52 144
52 145
52 147
52 150
52 151
52 153
52 154
52 155
52 156
52 157
52 158
52 160
52 162
52 164
52 165
52 168
52 170
52 171
52 172
52 176
52 177
52 189
52 191
52 192
52 195
52 196
52 199
52 200
52 202
52 203
52 204
52 206
52 210
52 211
52 212
52 215
52 216
52 217
52 218
52 220
52 221
52 223
52 224
52 225
52 230
52 233
52 234
52 235
52 236
52 238
52 239
52 241
52 243
52 244
52 245
52 247
52 249
52 253
52 258
52 261
52 262
52 265
52 267
52 268
52 270
52 273
52 274
52 278
52 279
52 280
52 281
52 282
52 284
52 285
52 289
52 290
52 291
52 292
52 293
52 295
52 297
52 298
52 299
52 301
52 303
52 307
52 309
52 310
52 311
52 314
52 317
52 319
52 320
52 322
52 323
52 324
52 325
52 327
52 328
52 329
52 330
52 331
52 335
52 337
52 338
52 342
52 343
52 344
52 348
52 350
52 351
52 352
52 355
52 356
52 357
52 358
52 359
52 360
52 364
52 368
52 369
52 370
52 371
52 373
52 374
52 378
52 381
52 385
52 387
52 389
52 390
52 391
52 393
52 394
52 396
52 403
52 404
52 407
52 412
52 418
52 419
52 421
52 423
52 424
52 426
52 427
52 428
52 429
52 430
52 434
52 438
52 441
52 444
52 445
52 446
52 447
52 448
52 450
52 451
52 452
52 454
52 455
52 458
52 460
52 461
52 467
52 468
52 469
52 472
52 473
52 475
52 477
52 478
52 479
52 482
52 484
52 487
52 490
52 492
52 493
52 495
52 499
53 54
53 56
53 58
53 59
53 60
53 68
53 69
53 71
53 72
53 74
53 77
53 82
53 83
53 84
53 85
53 87
53 88
53 90
53 94
53 95
53 96
53 98
53 102
53 103
53 106
53 110
53 114
53 115
53 119
53 120
53 124
53 126
53 128
53 129
53 130
53 131
53 133
53 135
53 136
53 140
53 142
53 143
53 144
53 145
53 147
53 149
53 151
53 152
53 153
53 155
53 157
53 158
53 161
53 164
53 165
53 166
53 167
53 170
53 173
53 174
53 176
53 177
53 182
53 185
53 188
53 190
53 194
53 195
53 198
53 199
53 202
53 209
53 213
53 215
53 216
53 218
53 220
53 222
53 223
53 228
53 230
53 232
53 233
53 236
53 237
53 238
53 239
53 243
53 245
53 246
53 248
53 249
53 250
53 252
53 253
53 256
53 257
53 258
53 259
53 261
53 263
53 264
53 266
53 267
53 268
53 272
53 273
53 277
53 278
53 279
53 280
53 281
53 283
53 284
53 288
53 292
53 293
53 296
53 301
53 303
53 305
53 307
53 308
53 311
53 312
53 315
53 317
53 319
53 321
53 323
53 324
53 327
53 328
53 329
53 333
53 335
53 337
53 338
53 341
53 342
53 345
53 346
53 347
53 348
53 353
53 355
53 356
53 357
53 361
53 364
53 366
53 369
53 374
53 375
53 377
53 378
53 381
53 383
53 384
53 385
53 386
53 387
53 391
53 392
53 394
53 395
53 396
53 397
53 399
53 400
53 401
53 402
53 405
53 408
53 410
53 413
53 417
53 418
53 421
53 422
53 424
53 426
53 427
53 429
53 430
53 431
53 436
53 437
53 440
53 442
53 443
53 446
53 447
53 452
53 453
53 454
53 457
53 458
53 459
53 462
53 464
53 466
53 467
53 469
53 472
53 477
53 479
53 482
53 483
53 484
53 485
53 487
53 488
53 491
53 494
53 495
53 496
54 59
54 62
54 63
54 66
54 69
54 70
54 71
54 73
54 74
54 77
54 79
54 80
54 81
54 89
54 90
54 94
54 95
54 98
54 99
54 100
54 102
54 110
54 112
54 113
54 114
54 117
54 124
54 125
54 126
54 133
54 134
54 136
54 137
54 139
54 140
54 146
54 148
54 149
54 153
54 155
54 156
54 157
54 158
54 159
54 160
54 161
54 162
54 163
54 164
54 165
54 168
54 169
54 171
54 174
54 178
54 182
54 184
54 185
54 192
54 196
54 205
54 206
54 207
54 213
54 216
54 217
54 218
54 221
54 226
54 228
54 233
54 236
54 237
54 242
54 243
54 244
54 246
54 247
54 250
54 252
54 253
54 254
54 256
54 258
54 261
54 263
54 266
54 267
54 269
54 275
54 280
54 281
54 283
54 284
54 285
54 286
54 290
54 291
54 293
54 294
54 295
54 299
54 302
54 303
54 304
54 306
54 311
54 312
54 318
54 319
54 324
54 325
54 326
54 328
54 330
54 334
54 338
54 343
54 345
54 346
54 347
54 349
54 351
54 353
54 354
54 355
54 356
54 361
54 362
54 363
54 364
54 368
54 369
54 370
54 371
54 372
54 379
54 380
54 381
54 382
54 384
54 388
54 390
54 391
54 393
54 396
54 397
54 399
54 402
54 408
54 409
54 410
54 411
54 412
54 414
54 418
54 421
54 423
54 425
54 426
54 427
54 429
54 431
54 433
54 434
54 435
54 436
54 440
54 442
54 443
54 444
54 446
54 447
54 450
54 451
54 454
54 456
54 457
54 458
54 460
54 463
54 468
54 470
54 472
54 473
54 477
54 478
54 479
54 481
54 482
54 483
54 484
54 485
54 486
54 490
54 492
54 493
54 497
54 499
55 56
55 58
55 62
55 63
55 64
55 65
55 67
55 68
55 69
55 70
55 72
55 74
55 75
55 76
55 77
55 79
55 81
55 84
55 86
55 87
55 90
55 91
55 92
55 94
55 95
55 100
55 102
55 103
55 104
55 105
55 107
55 109
55 110
55 115
55 117
55 118
55 119
55 120
55 123
55 124
55 127
55 129
55 131
55 132
55 136
55 139
55 144
55 145
55 147
55 148
55 150
55 152
55 155
55 156
55 158
55 159
55 160
55 162
55 163
55 165
55 167
55 169
55 173
55 177
55 179
55 180
55 181
55 183
55 184
55 185
55 187
55 188
55 189
55 190
55 194
55 196
55 198
55 200
55 201
55 204
55 206
55 209
55 210
55 212
55 215
55 222
55 223
55 224
55 231
55 232
55 238
55 243
55 244
55 245
55 249
55 253
55 254
55 258
55 260
55 261
55 263
55 265
55 266
55 269
55 270
55 273
55 274
55 276
55 277
55 278
55 280
55 282
55 286
55 287
55 291
55 292
55 293
55 297
55 298
55 302
55 304
55 309
55 312
55 315
55 319
55 321
55 322
55 323
55 324
55 325
55 326
55 327
55 328
55 330
55 340
55 343
55 344
55 349
55 350
55 351
55 356
55 359
55 362
55 363
55 366
55 367
55 369
55 370
55 374
55 375
55 376
55 384
55 385
55 389
55 390
55 394
55 395
55 396
55 398
55 400
55 406
55 407
55 408
55 413
55 414
55 419
55 421
55 422
55 425
55 427
55 428
55 429
55 432
55 434
55 437
55 438
55 440
55 443
55 444
55 446
55 447
55 449
55 451
55 452
55 454
55 455
55 457
55 459
55 460
55 461
55 462
55 463
55 464
55 466
55 468
55 470
55 471
55 473
55 474
55 476
55 478
55 481
55 483
55 485
55 490
55 492
55 495
55 497
55 498
56 57
56 58
56 59
56 60
56 62
56 63
56 65
56 67
56 71
56 73
56 74
56 75
56 76
56 78
56 79
56 80
56 81
56 83
56 84
56 87
56 88
56 90
56 91
56 92
56 95
56 98
56 99
56 100
56 104
56 106
56 107
56 108
56 112
56 114
56 116
56 117
56 118
56 120
56 123
56 124
56 125
56 127
56 128
56 134
56 135
56 136
56 137
56 139
56 140
56 141
56 142
56 147
56 148
56 150
56 152
56 157
56 158
56 159
56 160
56 162
56 166
56 168
56 169
56 173
56 174
56 175
56 177
56 179
56 180
56 182
56 188
56 189
56 190
56 192
56 193
56 194
56 195
56 196
56 197
56 198
56 202
56 204
56 208
56 210
56 211
56 212
56 213
56 215
56 216
56 217
56 218
56 219
56 221
56 223
56 224
56 226
56 227
56 229
56 231
56 233
56 234
56 238
56 241
56 243
56 244
56 245
56 247
56 248
56 249
56 250
56 252
56 253
56 254
56 255
56 257
56 259
56 261
56 262
56 263
56 266
56 268
56 270
56 271
56 272
56 274
56 277
56 279
56 281
56 286
56 290
56 291
56 292
56 295
56 296
56 297
56 298
56 299
56 300
56 301
56 303
56 304
56 305
56 306
56 307
56 308
56 311
56 312
56 313
56 314
56 315
56 316
56 317
56 319
56 320
56 321
56 322
56 323
56 324
56 327
56 329
56 330
56 331
56 332
56 334
56 335
56 338
56 339
56 340
56 341
56 342
56 343
56 345
56 346
56 347
56 348
56 351
56 354
56 357
56 358
56 360
56 361
56 364
56 367
56 370
56 371
56 373
56 374
56 375
56 378
56 379
56 382
56 383
56 385
56 386
56 387
56 391
56 394
56 397
56 399
56 404
56 405
56 407
56 409
56 410
56 411
56 414
56 416
56 418
56 419
56 420
56 422
56 426
56 427
56 428
56 429
56 433
56 435
56 438
56 439
56 440
56 441
56 442
56 445
56 446
56 447
56 448
56 449
56 451
56 452
56 455
56 456
56 458
56 459
56 463
56 464
56 468
56 470
56 474
56 477
56 478
56 479
56 480
56 482
56 485
56 487
56 489
56 492
56 494
56 496
56 498
56 499
57 58
57 59
57 61
57 64
57 65
57 66
57 68
57 70
57 73
57 76
57 78
57 80
57 83
57 85
57 87
57 88
57 90
57 92
57 94
57 96
57 97
57 98
57 99
57 102
57 104
57 108
57 110
57 111
57 112
57 115
57 117
57 121
57 123
57 131
57 133
57 134
57 135
57 136
57 138
57 143
57 144
57 147
57 149
57 150
57 151
57 155
57 156
57 158
57 160
57 161
57 162
57 165
57 166
57 168
57 169
57 171
57 173
57 176
57 177
57 179
57 182
57 183
57 185
57 186
57 187
57 189
57 191
57 192
57 194
57 195
57 200
57 202
57 207
57 208
57 210
57 211
57 212
57 214
57 215
57 216
57 217
57 218
57 220
57 221
57 222
57 223
57 227
57 235
57 237
57 238
57 240
57 243
57 244
57 246
57 250
57 251
57 254
57 256
57 257
57 260
57 261
57 262
57 263
57 271
57 274
57 276
57 277
57 278
57 279
57 285
57 286
57 288
57 290
57 292
57 297
57 298
57 301
57 303
57 304
57 307
57 308
57 311
57 312
57 315
57 323
57 327
57 328
57 330
57 331
57 333
57 336
57 338
57 342
57 346
57 348
57 349
57 350
57 351
57 352
57 355
57 356
57 359
57 362
57 365
57 367
57 368
57 370
57 371
57 372
57 374
57 375
57 377
57 378
57 381
57 384
57 386
57 389
57 390
57 391
57 393
57 394
57 396
57 397
57 398
57 399
57 405
57 406
57 407
57 408
57 409
57 410
57 411
57 412
57 413
57 414
57 416
57 418
57 423
57 424
57 427
57 430
57 431
57 432
57 434
57 435
57 437
57 439
57 442
57 443
57 444
57 447
57 448
57 450
57 451
57 455
57 456
57 457
57 462
57 463
57 464
57 465
57 471
57 472
57 473
57 474
57 478
57 481
57 482
57 483
57 484
57 486
57 487
57 489
57 490
57 491
57 492
57 495
57 496
57 497
57 498
57 499
58 59
58 60
58 63
58 64
58 69
58 72
58 74
58 75
58 78
58 79
58 81
58 82
58 83
58 84
58 86
58 87
58 88
58 89
58 92
58 94
58 97
58 98
58 100
58 102
58 103
58 109
58 110
58 111
58 112
58 113
58 114
58 115
58 116
58 119
58 120
58 123
58 124
58 127
58 128
58 130
58 131
58 134
58 135
58 139
58 141
58 145
58 146
58 147
58 148
58 150
58 151
58 152
58 154
58 155
58 157
58 159
58 165
58 167
58 168
58 170
58 171
58 172
58 173
58 176
58 177
58 178
58 182
58 184
58 187
58 188
58 189
58 192
58 193
58 196
58 199
58 202
58 206
58 209
58 211
58 212
58 217
58 218
58 219
58 220
58 221
58 223
58 224
58 232
58 233
58 234
58 236
58 237
58 238
58 239
58 240
58 241
58 242
58 245
58 247
58 250
58 251
58 254
58 257
58 259
58 260
58 262
58 263
58 265
58 268
58 270
58 272
58 273
58 274
58 277
58 278
58 279
58 281
58 282
58 283
58 285
58 286
58 287
58 288
58 291
58 293
58 295
58 296
58 297
58 299
58 301
58 303
58 304
58 305
58 309
58 310
58 311
58 313
58 315
58 316
58 321
58 323
58 325
58 328
58 330
58 331
58 332
58 333
58 334
58 335
58 337
58 342
58 344
58 345
58 349
58 350
58 351
58 352
58 368
58 369
58 371
58 372
58 374
58 375
58 379
58 380
58 383
58 385
58 387
58 388
58 389
58 390
58 393
58 394
58 395
58 397
58 398
58 400
58 401
58 403
58 405
58 408
58 409
58 412
58 414
58 421
58 422
58 423
58 426
58 428
58 431
58 432
58 433
58 434
58 440
58 442
58 444
58 445
58 449
58 451
58 454
58 456
58 457
58 460
58 463
58 464
58 465
58 467
58 470
58 471
58 473
58 474
58 475
58 478
58 479
58 480
58 481
58 485
58 486
58 487
58 490
58 492
58 496
59 64
59 65
59 67
59 68
59 70
59 71
59 77
59 78
59 81
59 83
59 86
59 90
59 91
59 95
59 96
59 97
59 98
59 99
59 100
59 102
59 105
59 108
59 109
59 111
59 113
59 116
59 120
59 123
59 127
59 128
59 130
59 133
59 134
59 136
59 139
59 142
59 144
59 147
59 155
59 156
59 167
59 168
59 169
59 172
59 173
59 174
59 175
59 179
59 180
59 181
59 183
59 185
59 186
59 189
59 190
59 192
59 193
59 194
59 195
59 197
59 199
59 200
59 204
59 210
59 212
59 213
59 215
59 216
59 218
59 219
59 223
59 225
59 228
59 229
59 230
59 231
59 233
59 235
59 236
59 239
59 240
59 241
59 244
59 245
59 246
59 251
59 254
59 255
59 258
59 260
59 261
59 263
59 265
59 268
59 269
59 271
59 272
59 273
59 274
59 276
59 277
59 278
59 279
59 280
59 281
59 283
59 284
59 285
59 287
59 288
59 290
59 291
59 296
59 300
59 302
59 303
59 306
59 307
59 309
59 310
59 312
59 315
59 319
59 320
59 322
59 323
59 329
59 331
59 333
59 334
59 335
59 337
59 338
59 339
59 344
59 346
59 348
59 351
59 354
59 361
59 363
59 364
59 365
59 367
59 370
59 371
59 372
59 375
59 376
59 378
59 382
59 383
59 384
59 385
59 387
59 388
59 389
59 391
59 392
59 394
59 395
59 396
59 398
59 399
59 400
59 402
59 405
59 407
59 409
59 411
59 414
59 415
59 417
59 421
59 422
59 428
59 431
59 435
59 437
59 438
59 439
59 441
59 443
59 444
59 446
59 447
59 450
59 451
59 452
59 453
59 454
59 456
59 458
59 459
59 460
59 461
59 462
59 463
59 464
59 465
59 466
59 468
59 469
59 470
59 474
59 476
59 478
59 481
59 484
59 486
59 487
59 489
59 491
59 492
59 493
59 494
59 495
60 61
60 62
60 63
60 64
60 67
60 68
60 71
60 75
60 77
60 83
60 85
60 86
60 88
60 90
60 91
60 92
60 95
60 100
60 101
60 102
60 104
60 107
60 111
60 112
60 113
60 114
60 115
60 117
60 119
60 120
60 122
60 123
60 125
60 126
60 129
60 131
60 132
60 137
60 139
60 140
60 142
60 144
60 145
60 148
60 149
60 154
60 162
60 163
60 164
60 167
60 171
60 175
60 178
60 179
60 180
60 182
60 184
60 185
60 186
60 187
60 190
60 191
60 193
60 196
60 198
60 199
60 200
60 201
60 202
60 204
60 205
60 208
60 210
60 211
60 212
60 213
60 214
60 217
60 218
60 220
60 223
60 226
60 227
60 228
60 229
60 232
60 235
60 236
60 237
60 240
60 242
60 247
60 248
60 251
60 254
60 255
60 256
60 260
60 261
60 262
60 263
60 264
60 265
60 268
60 269
60 272
60 274
60 278
60 282
60 285
60 286
60 288
60 289
60 290
60 293
60 294
60 295
60 296
60 300
60 301
60 302
60 303
60 304
60 306
60 307
60 308
60 309
60 313
60 318
60 321
60 323
60 325
60 327
60 330
60 334
60 335
60 336
60 337
60 340
60 342
60 344
60 348
60 349
60 350
60 351
60 356
60 359
60 363
60 372
60 375
60 376
60 380
60 382
60 383
60 384
60 385
60 387
60 388
60 389
60 394
60 396
60 402
60 404
60 405
60 407
60 409
60 413
60 414
60 420
60 422
60 423
60 424
60 425
60 428
60 429
60 430
60 431
60 432
60 433
60 434
60 436
60 442
60 445
60 446
60 447
60 448
60 449
60 452
60 453
60 455
60 457
60 458
60 459
60 461
60 464
60 466
60 468
60 470
60 471
60 472
60 476
60 479
60 482
60 484
60 486
60 488
60 490
60 491
60 492
60 493
60 494
60 497
60 499
61 62
61 63
61 66
61 67
61 68
61 70
61 71
61 73
61 74
61 75
61 77
61 78
61 81
61 83
61 85
61 87
61 90
61 98
61 101
61 102
61 103
61 104
61 106
61 107
61 110
61 111
61 116
61 117
61 118
61 120
61 121
61 125
61 127
61 128
61 132
61 135
61 136
61 137
61 138
61 139
61 143
61 144
61 146
61 147
61 148
61 149
61 153
61 155
61 157
61 158
61 160
61 161
61 162
61 164
61 165
61 168
61 173
61 178
61 180
61 182
61 186
61 187
61 191
61 192
61 197
61 198
61 200
61 201
61 202
61 203
61 206
61 207
61 208
61 209
61 211
61 213
61 214
61 220
61 221
61 222
61 226
61 228
61 230
61 231
61 232
61 235
61 236
61 245
61 246
61 248
61 249
61 250
61 253
61 255
61 256
61 257
61 259
61 261
61 262
61 263
61 266
61 267
61 268
61 269
61 271
61 272
61 274
61 278
61 279
61 280
61 281
61 282
61 284
61 285
61 286
61 287
61 288
61 289
61 290
61 300
61 303
61 304
61 306
61 307
61 308
61 309
61 312
61 317
61 318
61 321
61 327
61 329
61 330
61 331
61 335
61 336
61 338
61 340
61 341
61 346
61 347
61 348
61 350
61 352
61 353
61 355
61 359
61 362
61 364
61 365
61 368
61 370
61 372
61 373
61 374
61 375
61 377
61 379
61 380
61 381
61 383
61 384
61 385
61 388
61 389
61 391
61 394
61 395
61 398
61 399
61 401
61 406
61 407
61 409
61 410
61 411
61 418
61 420
61 423
61 425
61 428
61 429
61 432
61 433
61 435
61 437
61 439
61 443
61 444
61 445
61 447
61 450
61 451
61 454
61 457
61 458
61 459
61 463
61 464
61 465
61 466
61 467
61 468
61 470
61 471
61 472
61 474
61 477
61 479
61 480
61 486
61 488
61 490
61 491
61 494
61 499
62 63
62 64
62 66
62 67
62 68
62 72
62 73
62 75
62 77
62 78
62 79
62 83
62 90
62 91
62 97
62 101
62 102
62 103
62 107
62 112
62 113
62 114
62 116
62 118
62 122
62 123
62 127
62 129
62 130
62 132
62 133
62 134
62 136
62 139
62 141
62 142
62 147
62 148
62 150
62 153
62 155
62 156
62 160
62 162
62 164
62 168
62 169
62 171
62 175
62 179
62 180
62 182
62 185
62 186
62 187
62 190
62 191
62 197
62 200
62 201
62 202
62 203
62 205
62 206
62 213
62 215
62 217
62 221
62 222
62 223
62 226
62 228
62 231
62 235
62 241
62 242
62 245
62 246
62 248
62 249
62 250
62 252
62 253
62 254
62 255
62 257
62 262
62 266
62 267
62 269
62 273
62 274
62 275
62 277
62 279
62 282
62 285
62 288
62 291
62 292
62 293
62 294
62 296
62 298
62 301
62 305
62 306
62 308
62 309
62 310
62 311
62 313
62 314
62 317
62 318
62 319
62 322
62 323
62 325
62 326
62 327
62 331
62 333
62 334
62 335
62 336
62 338
62 339
62 340
62 343
62 345
62 346
62 347
62 348
62 349
62 350
62 354
62 355
62 356
62 357
62 359
62 361
62 365
62 367
62 368
62 370
62 371
62 374
62 376
62 379
62 380
62 384
62 385
62 386
62 388
62 389
62 390
62 392
62 393
62 394
62 395
62 396
62 399
62 400
62 403
62 407
62 408
62 409
62 410
62 414
62 415
62 416
62 420
62 421
62 425
62 426
62 427
62 428
62 429
62 433
62 435
62 436
62 437
62 439
62 441
62 442
62 444
62 447
62 449
62 450
62 451
62 453
62 454
62 457
62 458
62 459
62 461
62 462
62 465
62 468
62 470
62 471
62 474
62 475
62 477
62 478
62 480
62 481
62 484
62 487
62 491
62 493
62 494
62 496
62 497
63 65
63 66
63 67
63 68
63 69
63 71
63 76
63 78
63 80
63 81
63 82
63 87
63 93
63 96
63 97
63 99
63 103
63 104
63 105
63 112
63 113
63 114
63 116
63 117
63 118
63 119
63 122
63 124
63 128
63 135
63 138
63 139
63 140
63 142
63 144
63 145
63 146
63 147
63 148
63 150
63 151
63 153
63 155
63 156
63 157
63 158
63 159
63 165
63 167
63 168
63 172
63 173
63 174
63 175
63 177
63 178
63 179
63 183
63 185
63 189
63 190
63 193
63 195
63 196
63 198
63 199
63 200
63 201
63 202
63 204
63 207
63 210
63 211
63 212
63 213
63 216
63 217
63 219
63 221
63 223
63 224
63 225
63 227
63 229
63 230
63 233
63 235
63 240
63 241
63 242
63 244
63 245
63 246
63 248
63 249
63 254
63 255
63 256
63 259
63 260
63 262
63 265
63 266
63 271
63 272
63 273
63 276
63 277
63 278
63 281
63 282
63 284
63 287
63 288
63 289
63 292
63 295
63 298
63 299
63 300
63 301
63 306
63 310
63 311
63 312
63 315
63 317
63 319
63 320
63 324
63 325
63 329
63 330
63 331
63 332
63 336
63 337
63 338
63 340
63 342
63 344
63 349
63 351
63 352
63 355
63 357
63 360
63 362
63 369
63 374
63 375
63 376
63 378
63 379
63 382
63 383
63 387
63 390
63 391
63 392
63 394
63 395
63 401
63 404
63 405
63 406
63 407
63 409
63 412
63 414
63 418
63 421
63 424
63 425
63 427
63 429
63 430
63 433
63 435
63 436
63 437
63 438
63 440
63 441
63 442
63 444
63 446
63 447
63 448
63 450
63 451
63 453
63 454
63 457
63 458
63 459
63 460
63 462
63 463
63 464
63 471
63 472
63 474
63 478
63 483
63 486
63 496
63 497
64 66
64 68
64 69
64 72
64 73
64 75
64 77
64 78
64 83
64 86
64 87
64 88
64 93
64 94
64 95
64 97
64 99
64 103
64 104
64 105
64 108
64 110
64 111
64 114
64 116
64 118
64 119
64 120
64 121
64 123
64 125
64 128
64 130
64 132
64 135
64 137
64 139
64 143
64 146
64 149
64 151
64 154
64 155
64 156
64 157
64 158
64 160
64 162
64 163
64 168
64 169
64 170
64 173
64 175
64 178
64 179
64 182
64 184
64 185
64 190
64 194
64 200
64 204
64 210
64 213
64 214
64 215
64 216
64 217
64 220
64 221
64 222
64 224
64 225
64 229
64 233
64 235
64 236
64 242
64 250
64 251
64 252
64 253
64 258
64 262
64 263
64 264
64 267
64 272
64 276
64 278
64 280
64 281
64 283
64 284
64 285
64 287
64 288
64 289
64 290
64 292
64 295
64 296
64 297
64 300
64 301
64 304
64 306
64 308
64 310
64 311
64 313
64 314
64 316
64 318
64 319
64 320
64 321
64 323
64 324
64 327
64 328
64 329
64 331
64 333
64 334
64 335
64 340
64 342
64 343
64 348
64 349
64 350
64 352
64 353
64 356
64 359
64 360
64 367
64 368
64 369
64 370
64 371
64 372
64 373
64 374
64 375
64 376
64 378
64 379
64 382
64 383
64 384
64 386
64 387
64 388
64 390
64 391
64 397
64 401
64 404
64 407
64 408
64 409
64 410
64 411
64 413
64 414
64 415
64 418
64 420
64 423
64 424
64 425
64 427
64 428
64 429
64 430
64 431
64 432
64 436
64 442
64 443
64 444
64 445
64 447
64 449
64 451
64 456
64 457
64 460
64 462
64 463
64 464
64 465
64 469
64 470
64 476
64 477
64 478
64 479
64 480
64 481
64 486
64 489
64 491
64 493
64 495
64 498
64 499
65 73
65 75
65 78
65 81
65 82
65 83
65 87
65 88
65 89
65 92
65 95
65 98
65 103
65 104
65 105
65 110
65 111
65 113
65 118
65 122
65 124
65 125
65 126
65 127
65 129
65 130
65 131
65 133
65 134
65 136
65 137
65 138
65 141
65 142
65 143
65 145
65 146
65 147
65 148
65 151
65 154
65 156
65 159
65 164
65 165
65 166
65 167
65 168
65 169
65 171
65 172
65 176
65 177
65 178
65 179
65 180
65 185
65 188
65 189
65 192
65 194
65 196
65 197
65 200
65 201
65 205
65 207
65 213
65 214
65 217
65 221
65 223
65 224
65 226
65 228
65 229
65 230
65 232
65 234
65 235
65 236
65 238
65 240
65 246
65 252
65 253
65 255
65 257
65 258
65 261
65 263
65 266
65 270
65 272
65 273
65 274
65 275
65 277
65 281
65 282
65 283
65 284
65 285
65 290
65 291
65 293
65 294
65 296
65 297
65 298
65 299
65 300
65 301
65 303
65 304
65 307
65 308
65 309
65 310
65 311
65 314
65 315
65 316
65 320
65 321
65 322
65 323
65 326
65 328
65 329
65 331
65 332
65 335
65 336
65 338
65 339
65 345
65 347
65 351
65 352
65 353
65 358
65 360
65 363
65 364
65 366
65 369
65 370
65 371
65 373
65 376
65 377
65 378
65 379
65 381
65 383
65 386
65 391
65 392
65 395
65 406
65 409
65 410
65 412
65 414
65 416
65 418
65 419
65 420
65 421
65 422
65 423
65 424
65 425
65 426
65 428
65 429
65 431
65 434
65 436
65 437
65 439
65 440
65 443
65 444
65 445
65 446
65 447
65 450
65 451
65 453
65 454
65 456
65 457
65 458
65 462
65 463
65 465
65 469
65 470
65 471
65 473
65 480
65 481
65 482
65 483
65 485
65 486
65 487
65 488
65 489
65 491
65 493
65 494
65 495
65 496
65 497
65 498
65 499
66 67
66 68
66 69
66 77
66 79
66 80
66 81
66 83
66 85
66 87
66 89
66 90
66 95
66 98
66 99
66 101
66 102
66 103
66 104
66 107
66 109
66 110
66 111
66 113
66 118
66 119
66 123
66 124
66 127
66 128
66 132
66 134
66 136
66 137
66 138
66 139
66 140
66 142
66 143
66 145
66 146
66 152
66 153
66 154
66 155
66 156
66 157
66 158
66 159
66 161
66 163
66 164
66 165
66 168
66 169
66 170
66 171
66 172
66 174
66 175
66 177
66 179
66 180
66 182
66 184
66 186
66 187
66 189
66 190
66 191
66 192
66 193
66 194
66 195
66 197
66 198
66 200
66 202
66 203
66 205
66 206
66 207
66 213
66 214
66 217
66 220
66 223
66 224
66 226
66 227
66 228
66 231
66 232
66 237
66 239
66 240
66 241
66 242
66 245
66 246
66 247
66 248
66 249
66 250
66 251
66 253
66 254
66 255
66 257
66 259
66 262
66 264
66 266
66 267
66 268
66 269
66 270
66 271
66 272
66 273
66 276
66 277
66 278
66 279
66 281
66 284
66 285
66 286
66 289
66 291
66 292
66 293
66 295
66 296
66 297
66 298
66 299
66 300
66 308
66 309
66 311
66 313
66 314
66 316
66 319
66 320
66 321
66 322
66 323
66 325
66 327
66 328
66 329
66 331
66 332
66 334
66 338
66 340
66 343
66 344
66 345
66 346
66 352
66 357
66 360
66 363
66 365
66 366
66 368
66 370
66 373
66 374
66 376
66 378
66 380
66 381
66 383
66 384
66 385
66 387
66 388
66 391
66 393
66 394
66 396
66 398
66 399
66 401
66 402
66 403
66 404
66 405
66 408
66 410
66 411
66 412
66 414
66 416
66 417
66 418
66 419
66 427
66 428
66 433
66 436
66 438
66 439
66 441
66 442
66 443
66 444
66 447
66 448
66 451
66 452
66 453
66 454
66 456
66 464
66 467
66 469
66 470
66 473
66 474
66 477
66 478
66 481
66 482
66 483
66 485
66 487
66 488
66 489
66 490
66 491
66 493
66 494
66 495
66 497
66 498
67 68
67 69
67 73
67 77
67 80
67 81
67 82
67 83
67 88
67 93
67 98
67 99
67 100
67 104
67 106
67 110
67 111
67 115
67 117
67 118
67 119
67 122
67 123
67 124
67 125
67 126
67 128
67 129
67 131
67 132
67 134
67 135
67 140
67 141
67 142
67 143
67 144
67 147
67 148
67 150
67 151
67 153
67 155
67 156
67 158
67 159
67 161
67 162
67 164
67 166
67 169
67 171
67 172
67 174
67 175
67 180
67 181
67 182
67 185
67 186
67 187
67 188
67 190
67 196
67 197
67 201
67 202
67 203
67 204
67 205
67 206
67 208
67 212
67 214
67 217
67 220
67 222
67 223
67 227
67 229
67 231
67 232
67 235
67 236
67 237
67 239
67 240
67 244
67 250
67 252
67 253
67 254
67 258
67 259
67 260
67 262
67 272
67 273
67 275
67 278
67 279
67 281
67 282
67 283
67 284
67 285
67 286
67 287
67 289
67 291
67 292
67 294
67 295
67 299
67 300
67 301
67 303
67 304
67 305
67 306
67 308
67 310
67 311
67 312
67 313
67 314
67 315
67 318
67 320
67 327
67 328
67 330
67 334
67 335
67 337
67 338
67 339
67 342
67 343
67 344
67 345
67 347
67 353
67 354
67 356
67 357
67 361
67 363
67 367
67 368
67 370
67 371
67 372
67 375
67 378
67 383
67 384
67 386
67 387
67 391
67 394
67 395
67 396
67 397
67 400
67 402
67 403
67 405
67 406
67 409
67 410
67 412
67 413
67 414
67 416
67 417
67 418
67 422
67 423
67 424
67 426
67 428
67 429
67 430
67 431
67 433
67 436
67 437
67 441
67 443
67 444
67 448
67 451
67 452
67 453
67 454
67 457
67 458
67 460
67 463
67 464
67 465
67 466
67 467
67 470
67 472
67 473
67 475
67 478
67 479
67 481
67 482
67 485
67 487
67 489
67 492
67 496
67 497
67 498
68 70
68 71
68 76
68 77
68 79
68 84
68 87
68 91
68 92
68 99
68 100
68 103
68 104
68 105
68 108
68 109
68 110
68 111
68 113
68 116
68 119
68 121
68 122
68 123
68 124
68 125
68 127
68 129
68 132
68 135
68 136
68 140
68 141
68 144
68 146
68 147
68 150
68 151
68 153
68 155
68 157
68 158
68 166
68 167
68 168
68 170
68 171
68 173
68 176
68 178
68 180
68 182
68 183
68 185
68 187
68 189
68 190
68 191
68 196
68 197
68 198
68 200
68 203
68 204
68 210
68 213
68 214
68 215
68 217
68 219
68 222
68 228
68 231
68 232
68 236
68 240
68 241
68 243
68 245
68 246
68 247
68 249
68 255
68 258
68 259
68 261
68 262
68 264
68 265
68 266
68 267
68 268
68 269
68 270
68 271
68 272
68 273
68 281
68 284
68 285
68 291
68 292
68 293
68 294
68 296
68 297
68 298
68 299
68 301
68 302
68 303
68 304
68 306
68 309
68 312
68 313
68 317
68 321
68 322
68 323
68 324
68 325
68 326
68 327
68 328
68 330
68 332
68 333
68 334
68 336
68 337
68 339
68 340
68 345
68 347
68 349
68 351
68 353
68 356
68 360
68 361
68 363
68 367
68 368
68 370
68 372
68 375
68 378
68 381
68 382
68 384
68 385
68 386
68 391
68 392
68 394
68 396
68 398
68 399
68 403
68 406
68 407
68 408
68 409
68 411
68 412
68 414
68 415
68 416
68 418
68 420
68 421
68 424
68 425
68 427
68 431
68 432
68 434
68 435
68 436
68 437
68 438
68 439
68 445
68 446
68 448
68 449
68 451
68 454
68 457
68 459
68 460
68 462
68 463
68 465
68 468
68 470
68 472
68 473
68 475
68 476
68 477
68 481
68 483
68 484
68 485
68 486
68 487
68 490
68 492
68 495
68 498
69 70
69 73
69 74
69 75
69 79
69 80
69 82
69 83
69 84
69 87
69 89
69 92
69 94
69 95
69 96
69 97
69 102
69 104
69 106
69 109
69 110
69 116
69 119
69 120
69 121
69 122
69 126
69 127
69 131
69 133
69 137
69 138
69 139
69 140
69 143
69 144
69 145
69 149
69 150
69 152
69 155
69 156
69 157
69 159
69 162
69 163
69 164
69 168
69 171
69 174
69 179
69 180
69 181
69 182
69 183
69 188
69 192
69 194
69 195
69 196
69 198
69 199
69 201
69 202
69 203
69 204
69 206
69 207
69 210
69 211
69 213
69 214
69 215
69 216
69 219
69 220
69 221
69 225
69 226
69 227
69 229
69 233
69 237
69 239
69 241
69 244
69 245
69 248
69 249
69 250
69 251
69 252
69 253
69 254
69 255
69 257
69 258
69 260
69 262
69 263
69 264
69 267
69 272
69 273
69 275
69 276
69 277
69 278
69 279
69 281
69 282
69 283
69 285
69 286
69 287
69 294
69 295
69 297
69 299
69 300
69 301
69 303
69 304
69 306
69 307
69 309
69 310
69 314
69 315
69 316
69 317
69 318
69 322
69 327
69 328
69 329
69 333
69 334
69 337
69 339
69 340
69 344
69 346
69 348
69 350
69 353
69 354
69 358
69 360
69 364
69 366
69 368
69 370
69 374
69 375
69 376
69 377
69 378
69 380
69 382
69 384
69 385
69 391
69 394
69 399
69 401
69 403
69 404
69 405
69 406
69 408
69 411
69 413
69 415
69 416
69 417
69 421
69 422
69 425
69 427
69 431
69 434
69 436
69 437
69 438
69 441
69 442
69 444
69 448
69 449
69 451
69 452
69 453
69 457
69 458
69 460
69 462
69 463
69 464
69 465
69 475
69 477
69 478
69 479
69 480
69 483
69 484
69 488
69 489
69 490
69 491
69 493
69 494
69 497
69 498
69 499
70 71
70 72
70 73
70 76
70 77
70 78
70 79
70 80
70 81
70 82
70 83
70 84
70 85
70 86
70 87
70 89
70 92
70 94
70 95
70 96
70 100
70 102
70 106
70 107
70 109
70 114
70 115
70 116
70 118
70 119
70 120
70 122
70 123
70 125
70 126
70 127
70 131
70 133
70 134
70 136
70 137
70 138
70 140
70 143
70 147
70 149
70 152
70 153
70 158
70 159
70 162
70 163
70 164
70 165
70 166
70 168
70 171
70 172
70 179
70 182
70 184
70 190
70 193
70 195
70 198
70 199
70 202
70 206
70 210
70 212
70 216
70 218
70 221
70 222
70 223
70 225
70 226
70 227
70 228
70 229
70 230
70 231
70 236
70 240
70 243
70 247
70 248
70 249
70 253
70 255
70 256
70 257
70 260
70 262
70 263
70 266
70 267
70 268
70 276
70 278
70 279
70 281
70 282
70 283
70 286
70 287
70 289
70 291
70 292
70 294
70 295
70 296
70 297
70 298
70 299
70 305
70 307
70 310
70 312
70 313
70 315
70 318
70 319
70 320
70 321
70 322
70 325
70 326
70 327
70 329
70 330
70 331
70 333
70 335
70 336
70 337
70 339
70 342
70 343
70 344
70 345
70 346
70 349
70 350
70 351
70 352
70 353
70 356
70 357
70 358
70 359
70 362
70 369
70 370
70 372
70 374
70 376
70 380
70 384
70 389
70 391
70 394
70 395
70 396
70 401
70 402
70 405
70 406
70 407
70 410
70 414
70 415
70 418
70 419
70 420
70 422
70 423
70 424
70 427
70 428
70 429
70 430
70 431
70 432
70 434
70 435
70 438
70 439
70 440
70 442
70 444
70 447
70 448
70 450
70 452
70 453
70 455
70 457
70 459
70 460
70 462
70 465
70 466
70 467
70 468
70 470
70 471
70 473
70 477
70 478
70 479
70 480
70 481
70 484
70 487
70 488
70 490
70 492
70 493
70 494
70 496
70 497
70 498
70 499
71 72
71 75
71 81
71 82
71 83
71 85
71 87
71 91
71 95
71 96
71 97
71 98
71 99
71 102
71 103
71 105
71 106
71 109
71 112
71 113
71 114
71 116
71 118
71 123
71 130
71 131
71 133
71 134
71 143
71 144
71 145
71 152
71 153
71 154
71 155
71 157
71 160
71 161
71 162
71 164
71 165
71 166
71 169
71 170
71 171
71 172
71 174
71 176
71 179
71 180
71 184
71 189
71 191
71 195
71 196
71 198
71 199
71 201
71 202
71 207
71 208
71 209
71 211
71 212
71 218
71 220
71 223
71 227
71 228
71 229
71 233
71 236
71 238
71 239
71 240
71 241
71 247
71 249
71 250
71 254
71 255
71 256
71 263
71 264
71 265
71 266
71 267
71 268
71 271
71 272
71 273
71 275
71 277
71 278
71 279
71 282
71 288
71 292
71 293
71 295
71 296
71 298
71 299
71 302
71 303
71 304
71 305
71 307
71 308
71 309
71 314
71 316
71 325
71 326
71 328
71 329
71 331
71 332
71 333
71 334
71 336
71 341
71 342
71 343
71 346
71 349
71 350
71 355
71 356
71 357
71 359
71 361
71 364
71 366
71 367
71 368
71 370
71 371
71 373
71 374
71 375
71 376
71 379
71 380
71 382
71 384
71 385
71 387
71 390
71 392
71 394
71 396
71 397
71 400
71 402
71 403
71 404
71 405
71 406
71 409
71 410
71 413
71 418
71 419
71 421
71 422
71 423
71 426
71 428
71 431
71 433
71 435
71 440
71 442
71 443
71 444
71 447
71 452
71 453
71 459
71 463
71 466
71 474
71 478
71 479
71 480
71 483
71 486
71 487
71 489
71 494
71 495
71 496
71 498
72 76
72 78
72 80
72 83
72 84
72 85
72 88
72 90
72 91
72 94
72 95
72 96
72 98
72 101
72 102
72 104
72 106
72 108
72 109
72 110
72 112
72 113
72 117
72 120
72 121
72 122
72 123
72 129
72 133
72 134
72 135
72 138
72 139
72 141
72 142
72 144
72 145
72 149
72 152
72 154
72 157
72 161
72 165
72 167
72 169
72 170
72 173
72 174
72 175
72 179
72 181
72 185
72 186
72 188
72 189
72 190
72 191
72 194
72 195
72 197
72 198
72 199
72 201
72 202
72 209
72 210
72 211
72 212
72 213
72 214
72 216
72 218
72 222
72 224
72 226
72 228
72 232
72 234
72 235
72 239
72 240
72 241
72 244
72 245
72 249
72 251
72 253
72 255
72 256
72 257
72 262
72 263
72 265
72 266
72 269
72 270
72 271
72 272
72 274
72 275
72 276
72 279
72 282
72 284
72 286
72 288
72 292
72 293
72 294
72 296
72 297
72 298
72 299
72 300
72 301
72 302
72 305
72 310
72 312
72 313
72 314
72 315
72 316
72 317
72 318
72 320
72 322
72 323
72 327
72 328
72 329
72 334
72 337
72 339
72 340
72 342
72 343
72 344
72 345
72 346
72 347
72 349
72 350
72 352
72 353
72 354
72 356
72 357
72 359
72 360
72 361
72 363
72 366
72 370
72 371
72 372
72 374
72 376
72 379
72 381
72 382
72 383
72 385
72 386
72 388
72 390
72 392
72 396
72 397
72 398
72 400
72 401
72 402
72 403
72 405
72 406
72 407
72 408
72 410
72 411
72 412
72 413
72 415
72 418
72 419
72 420
72 422
72 424
72 426
72 433
72 434
72 435
72 437
72 440
72 441
72 444
72 445
72 449
72 451
72 452
72 457
72 458
72 459
72 461
72 463
72 464
72 466
72 467
72 468
72 470
72 471
72 474
72 478
72 483
72 485
72 486
72 499
73 75
73 76
73 77
73 78
73 80
73 81
73 84
73 89
73 93
73 94
73 95
73 96
73 100
73 104
73 105
73 107
73 108
73 109
73 110
73 113
73 114
73 115
73 116
73 117
73 119
73 120
73 123
73 124
73 125
73 129
73 133
73 134
73 135
73 136
73 137
73 138
73 145
73 146
73 147
73 149
73 150
73 153
73 154
73 157
73 160
73 161
73 163
73 165
73 166
73 167
73 169
73 170
73 171
73 175
73 176
73 178
73 179
73 180
73 182
73 184
73 189
73 190
73 191
73 193
73 194
73 198
73 199
73 200
73 202
73 203
73 206
73 208
73 209
73 210
73 213
73 215
73 216
73 217
73 218
73 222
73 223
73 226
73 227
73 230
73 231
73 232
73 234
73 235
73 237
73 238
73 239
73 240
73 243
73 244
73 246
73 247
73 251
73 252
73 255
73 259
73 261
73 263
73 264
73 265
73 268
73 269
73 270
73 271
73 272
73 275
73 277
73 279
73 281
73 285
73 287
73 289
73 292
73 297
73 299
73 301
73 304
73 305
73 306
73 310
73 312
73 313
73 314
73 315
73 317
73 319
73 321
73 326
73 331
73 332
73 333
73 334
73 336
73 337
73 338
73 342
73 343
73 347
73 352
73 353
73 354
73 355
73 358
73 361
73 362
73 363
73 365
73 366
73 367
73 370
73 371
73 372
73 375
73 376
73 378
73 381
73 382
73 383
73 384
73 386
73 387
73 391
73 393
73 396
73 397
73 398
73 401
73 405
73 406
73 408
73 409
73 410
73 411
73 413
73 414
73 416
73 420
73 421
73 422
73 424
73 425
73 431
73 433
73 436
73 438
73 441
73 442
73 443
73 445
73 446
73 447
73 450
73 451
73 453
73 454
73 456
73 460
73 462
73 463
73 464
73 466
73 467
73 472
73 473
73 474
73 475
73 476
73 478
73 479
73 482
73 483
73 485
73 486
73 487
73 488
73 489
73 490
73 492
73 493
73 498
73 499
74 76
74 77
74 79
74 80
74 81
74 82
74 85
74 89
74 91
74 92
74 93
74 97
74 101
74 102
74 104
74 105
74 107
74 109
74 110
74 111
74 112
74 113
74 115
74 116
74 124
74 125
74 126
74 127
74 128
74 131
74 133
74 134
74 135
74 137
74 138
74 139
74 140
74 141
74 142
74 143
74 145
74 146
74 147
74 148
74 149
74 150
74 151
74 154
74 157
74 159
74 167
74 168
74 169
74 171
74 172
74 173
74 174
74 175
74 177
74 178
74 179
74 182
74 186
74 187
74 189
74 190
74 197
74 198
74 199
74 200
74 201
74 203
74 204
74 206
74 207
74 208
74 211
74 212
74 221
74 224
74 230
74 233
74 235
74 236
74 238
74 239
74 240
74 243
74 244
74 246
74 248
74 252
74 255
74 257
74 258
74 259
74 260
74 263
74 264
74 265
74 267
74 269
74 270
74 271
74 274
74 275
74 276
74 280
74 281
74 284
74 286
74 287
74 292
74 294
74 297
74 300
74 303
74 305
74 306
74 307
74 308
74 309
74 311
74 313
74 314
74 317
74 318
74 319
74 321
74 322
74 323
74 326
74 327
74 329
74 332
74 335
74 337
74 338
74 339
74 340
74 341
74 342
74 344
74 345
74 346
74 347
74 348
74 351
74 352
74 353
74 354
74 355
74 361
74 363
74 364
74 365
74 368
74 369
74 373
74 374
74 375
74 377
74 378
74 383
74 386
74 389
74 392
74 393
74 394
74 396
74 397
74 399
74 400
74 401
74 402
74 404
74 405
74 406
74 407
74 409
74 410
74 412
74 414
74 417
74 419
74 422
74 425
74 428
74 429
74 431
74 434
74 437
74 439
74 440
74 441
74 442
74 444
74 448
74 449
74 451
74 452
74 456
74 457
74 458
74 462
74 463
74 465
74 468
74 471
74 472
74 475
74 478
74 480
74 481
74 482
74 486
74 487
74 488
74 491
74 498
75 76
75 78
75 79
75 81
75 83
75 84
75 86
75 89
75 90
75 91
75 92
75 93
75 94
75 95
75 98
75 101
75 102
75 105
75 106
75 110
75 116
75 121
75 122
75 124
75 126
75 128
75 130
75 131
75 132
75 133
75 134
75 140
75 142
75 144
75 145
75 147
75 149
75 150
75 152
75 154
75 156
75 158
75 159
75 160
75 161
75 163
75 164
75 165
75 167
75 169
75 172
75 176
75 179
75 180
75 184
75 187
75 190
75 191
75 192
75 193
75 197
75 198
75 199
75 200
75 201
75 203
75 204
75 207
75 209
75 210
75 212
75 213
75 215
75 216
75 217
75 218
75 220
75 221
75 223
75 225
75 226
75 228
75 230
75 231
75 233
75 237
75 241
75 242
75 244
75 246
75 249
75 252
75 259
75 261
75 265
75 266
75 269
75 271
75 272
75 278
75 279
75 282
75 285
75 286
75 290
75 292
75 297
75 299
75 300
75 303
75 304
75 306
75 311
75 314
75 318
75 319
75 320
75 321
75 323
75 324
75 325
75 326
75 327
75 329
75 330
75 333
75 334
75 343
75 344
75 346
75 348
75 349
75 350
75 352
75 353
75 354
75 355
75 357
75 361
75 364
75 365
75 367
75 369
75 370
75 378
75 381
75 383
75 386
75 387
75 389
75 391
75 393
75 399
75 400
75 402
75 406
75 407
75 409
75 411
75 415
75 417
75 418
75 420
75 422
75 424
75 425
75 429
75 430
75 432
75 438
75 439
75 444
75 448
75 449
75 450
75 451
75 455
75 458
75 464
75 465
75 467
75 468
75 474
75 476
75 477
75 480
75 481
75 483
75 485
75 486
75 488
75 489
75 496
75 497
75 498
76 79
76 80
76 81
76 82
76 88
76 89
76 91
76 95
76 96
76 97
76 98
76 99
76 100
76 101
76 103
76 105
76 106
76 107
76 109
76 110
76 112
76 113
76 114
76 115
76 118
76 121
76 122
76 123
76 126
76 127
76 129
76 130
76 135
76 137
76 139
76 141
76 143
76 144
76 145
76 146
76 147
76 148
76 150
76 151
76 158
76 164
76 170
76 173
76 177
76 178
76 179
76 180
76 183
76 185
76 186
76 190
76 192
76 194
76 196
76 197
76 198
76 199
76 201
76 202
76 205
76 207
76 208
76 209
76 210
76 214
76 215
76 216
76 217
76 218
76 220
76 221
76 223
76 224
76 226
76 227
76 229
76 232
76 233
76 234
76 235
76 238
76 241
76 243
76 244
76 245
76 246
76 247
76 251
76 252
76 253
76 255
76 256
76 260
76 262
76 263
76 267
76 268
76 269
76 271
76 273
76 276
76 277
76 283
76 285
76 286
76 287
76 288
76 289
76 293
76 296
76 297
76 298
76 301
76 304
76 307
76 308
76 309
76 310
76 311
76 313
76 315
76 316
76 318
76 319
76 321
76 322
76 323
76 324
76 326
76 327
76 329
76 334
76 336
76 341
76 343
76 344
76 345
76 346
76 347
76 349
76 350
76 351
76 352
76 355
76 357
76 359
76 361
76 362
76 364
76 365
76 366
76 367
76 370
76 375
76 376
76 377
76 378
76 380
76 384
76 388
76 389
76 393
76 397
76 401
76 404
76 405
76 407
76 408
76 409
76 411
76 413
76 414
76 416
76 418
76 419
76 422
76 423
76 424
76 427
76 429
76 430
76 434
76 435
76 437
76 439
76 441
76 442
76 444
76 445
76 446
76 447
76 450
76 458
76 459
76 460
76 463
76 465
76 466
76 467
76 470
76 471
76 472
76 473
76 475
76 477
76 481
76 485
76 488
76 489
76 497
77 78
77 80
77 81
77 83
77 84
77 85
77 86
77 87
77 89
77 90
77 91
77 93
77 94
77 95
77 96
77 100
77 101
77 103
77 104
77 105
77 107
77 108
77 110
77 111
77 113
77 114
77 116
77 117
77 118
77 119
77 120
77 122
77 124
77 125
77 127
77 128
77 129
77 130
77 133
77 134
77 135
77 136
77 138
77 139
77 140
77 143
77 146
77 151
77 154
77 161
77 164
77 169
77 170
77 172
77 174
77 175
77 176
77 177
77 178
77 180
77 184
77 185
77 186
77 189
77 190
77 191
77 193
77 194
77 196
77 198
77 200
77 202
77 204
77 205
77 209
77 211
77 212
77 213
77 214
77 217
77 219
77 221
77 223
77 225
77 226
77 227
77 229
77 230
77 231
77 233
77 234
77 238
77 239
77 242
77 243
77 244
77 245
77 246
77 248
77 254
77 255
77 257
77 258
77 260
77 261
77 262
77 266
77 267
77 268
77 269
77 271
77 272
77 273
77 274
77 276
77 281
77 283
77 286
77 288
77 291
77 293
77 294
77 296
77 299
77 302
77 303
77 305
77 307
77 308
77 309
77 313
77 317
77 322
77 323
77 326
77 327
77 330
77 331
77 334
77 336
77 337
77 339
77 345
77 346
77 348
77 349
77 356
77 359
77 360
77 361
77 362
77 363
77 364
77 365
77 369
77 370
77 371
77 372
77 373
77 375
77 377
77 379
77 381
77 382
77 383
77 384
77 385
77 387
77 388
77 389
77 390
77 393
77 394
77 395
77 397
77 400
77 404
77 405
77 406
77 407
77 409
77 411
77 413
77 414
77 419
77 420
77 421
77 422
77 423
77 425
77 428
77 429
77 432
77 433
77 437
77 439
77 447
77 448
77 450
77 451
77 456
77 457
77 469
77 472
77 473
77 474
77 475
77 477
77 478
77 479
77 482
77 483
77 485
77 486
77 489
77 490
77 495
77 497
77 498
77 499
78 79
78 80
78 81
78 82
78 83
78 84
78 86
78 89
78 91
78 92
78 93
78 94
78 97
78 98
78 99
78 100
78 104
78 106
78 112
78 113
78 114
78 117
78 120
78 121
78 123
78 124
78 127
78 131
78 133
78 135
78 137
78 138
78 139
78 140
78 145
78 146
78 148
78 149
78 150
78 151
78 153
78 154
78 155
78 156
78 157
78 158
78 161
78 162
78 167
78 168
78 169
78 170
78 174
78 175
78 176
78 178
78 179
78 182
78 184
78 187
78 188
78 189
78 190
78 192
78 193
78 194
78 195
78 196
78 198
78 200
78 201
78 205
78 206
78 207
78 210
78 212
78 213
78 215
78 218
78 219
78 221
78 222
78 224
78 228
78 231
78 233
78 234
78 235
78 236
78 237
78 238
78 240
78 242
78 243
78 244
78 245
78 247
78 248
78 250
78 253
78 255
78 256
78 257
78 261
78 263
78 265
78 266
78 267
78 269
78 271
78 273
78 274
78 275
78 276
78 278
78 279
78 282
78 284
78 285
78 286
78 287
78 288
78 293
78 294
78 295
78 296
78 298
78 299
78 300
78 301
78 303
78 304
78 305
78 309
78 310
78 312
78 317
78 319
78 321
78 325
78 329
78 332
78 333
78 334
78 338
78 339
78 346
78 347
78 348
78 349
78 356
78 361
78 366
78 368
78 370
78 371
78 374
78 375
78 377
78 378
78 379
78 380
78 381
78 382
78 384
78 386
78 389
78 391
78 394
78 395
78 396
78 397
78 398
78 399
78 400
78 404
78 405
78 406
78 409
78 410
78 412
78 413
78 414
78 415
78 417
78 418
78 420
78 423
78 424
78 427
78 428
78 429
78 433
78 434
78 436
78 438
78 440
78 442
78 443
78 446
78 448
78 452
78 453
78 455
78 456
78 457
78 458
78 460
78 461
78 463
78 465
78 468
78 469
78 475
78 483
78 485
78 489
78 490
78 493
78 494
78 495
78 497
79 84
79 86
79 87
79 90
79 91
79 95
79 97
79 98
79 99
79 100
79 101
79 103
79 104
79 105
79 108
79 113
79 122
79 123
79 124
79 126
79 127
79 138
79 139
79 140
79 141
79 142
79 143
79 146
79 147
79 148
79 149
79 150
79 151
79 152
79 155
79 156
79 158
79 159
79 161
79 169
79 171
79 175
79 178
79 182
79 183
79 184
79 187
79 188
79 189
79 190
79 193
79 198
79 199
79 201
79 206
79 209
79 210
79 212
79 216
79 223
79 227
79 231
79 233
79 234
79 235
79 236
79 237
79 238
79 239
79 240
79 242
79 243
79 244
79 246
79 247
79 248
79 253
79 255
79 256
79 257
79 258
79 259
79 261
79 265
79 267
79 269
79 271
79 272
79 273
79 274
79 276
79 278
79 279
79 282
79 283
79 284
79 286
79 287
79 288
79 291
79 296
79 298
79 299
79 300
79 302
79 303
79 304
79 305
79 309
79 310
79 313
79 314
79 315
79 321
79 322
79 323
79 326
79 328
79 330
79 332
79 333
79 336
79 337
79 338
79 339
79 341
79 344
79 346
79 349
79 350
79 351
79 355
79 356
79 357
79 358
79 359
79 360
79 362
79 364
79 365
79 366
79 368
79 370
79 371
79 372
79 373
79 374
79 376
79 377
79 378
79 380
79 383
79 385
79 386
79 387
79 388
79 390
79 396
79 399
79 400
79 403
79 404
79 406
79 407
79 409
79 410
79 411
79 412
79 413
79 414
79 415
79 416
79 422
79 423
79 424
79 429
79 432
79 433
79 438
79 440
79 441
79 442
79 447
79 448
79 454
79 460
79 462
79 464
79 466
79 469
79 471
79 473
79 474
79 475
79 476
79 477
79 478
79 481
79 484
79 487
79 488
79 490
79 491
79 492
79 493
79 494
79 496
79 499
80 82
80 83
80 84
80 88
80 90
80 91
80 94
80 97
80 98
80 99
80 101
80 105
80 111
80 116
80 120
80 122
80 123
80 125
80 126
80 129
80 134
80 135
80 136
80 137
80 138
80 139
80 140
80 141
80 144
80 147
80 148
80 152
80 153
80 158
80 159
80 160
80 161
80 162
80 163
80 165
80 166
80 167
80 168
80 169
80 170
80 171
80 172
80 178
80 180
80 189
80 190
80 192
80 193
80 195
80 197
80 198
80 199
80 200
80 201
80 202
80 208
80 209
80 210
80 211
80 217
80 219
80 220
80 222
80 223
80 224
80 228
80 229
80 230
80 232
80 233
80 235
80 238
80 239
80 243
80 245
80 246
80 247
80 250
80 251
80 254
80 255
80 256
80 261
80 262
80 264
80 265
80 267
80 272
80 275
80 276
80 277
80 279
80 280
80 282
80 288
80 289
80 291
80 298
80 300
80 301
80 302
80 304
80 305
80 307
80 309
80 310
80 311
80 312
80 313
80 316
80 319
80 320
80 322
80 325
80 327
80 329
80 330
80 331
80 334
80 335
80 337
80 338
80 341
80 342
80 343
80 344
80 346
80 348
80 349
80 350
80 352
80 359
80 367
80 368
80 369
80 371
80 376
80 379
80 380
80 383
80 384
80 385
80 387
80 392
80 394
80 397
80 398
80 400
80 404
80 405
80 406
80 407
80 409
80 411
80 412
80 413
80 414
80 415
80 417
80 418
80 421
80 422
80 424
80 426
80 428
80 431
80 435
80 437
80 438
80 441
80 443
80 446
80 448
80 450
80 451
80 452
80 453
80 454
80 455
80 456
80 457
80 463
80 469
80 471
80 474
80 479
80 481
80 482
80 486
80 488
80 489
80 492
80 495
80 496
81 84
81 86
81 89
81 92
81 95
81 97
81 98
81 99
81 100
81 104
81 107
81 109
81 111
81 112
81 116
81 117
81 119
81 121
81 122
81 123
81 125
81 128
81 134
81 136
81 137
81 139
81 141
81 143
81 144
81 145
81 146
81 151
81 153
81 155
81 158
81 159
81 161
81 162
81 163
81 166
81 168
81 170
81 171
81 172
81 173
81 174
81 175
81 176
81 178
81 179
81 181
81 184
81 187
81 188
81 189
81 195
81 196
81 202
81 203
81 204
81 205
81 207
81 210
81 211
81 213
81 217
81 218
81 221
81 223
81 225
81 226
81 227
81 235
81 237
81 238
81 240
81 241
81 242
81 243
81 245
81 246
81 247
81 249
81 250
81 251
81 254
81 255
81 258
81 259
81 260
81 261
81 262
81 267
81 268
81 270
81 273
81 276
81 277
81 280
81 281
81 282
81 284
81 286
81 289
81 292
81 293
81 297
81 298
81 301
81 305
81 307
81 308
81 312
81 314
81 315
81 316
81 320
81 321
81 324
81 325
81 328
81 329
81 330
81 331
81 332
81 334
81 336
81 337
81 340
81 341
81 343
81 347
81 349
81 350
81 355
81 356
81 357
81 362
81 363
81 368
81 371
81 372
81 373
81 375
81 376
81 377
81 378
81 379
81 381
81 382
81 386
81 388
81 389
81 392
81 395
81 396
81 397
81 402
81 403
81 407
81 408
81 409
81 410
81 411
81 412
81 414
81 416
81 419
81 420
81 422
81 423
81 425
81 426
81 427
81 429
81 431
81 432
81 433
81 435
81 437
81 438
81 441
81 445
81 447
81 452
81 454
81 456
81 457
81 458
81 461
81 462
81 463
81 464
81 465
81 468
81 469
81 470
81 472
81 473
81 475
81 482
81 484
81 485
81 486
81 488
81 489
81 493
81 494
81 495
81 498
81 499
82 83
82 88
82 93
82 94
82 96
82 99
82 102
82 104
82 105
82 107
82 110
82 111
82 112
82 113
82 114
82 116
82 117
82 118
82 122
82 124
82 125
82 126
82 127
82 129
82 130
82 131
82 132
82 133
82 136
82 137
82 139
82 140
82 141
82 143
82 145
82 151
82 152
82 154
82 155
82 156
82 162
82 165
82 166
82 167
82 168
82 171
82 172
82 173
82 175
82 176
82 177
82 180
82 181
82 183
82 186
82 200
82 208
82 210
82 214
82 216
82 217
82 218
82 220
82 221
82 223
82 230
82 232
82 233
82 235
82 239
82 240
82 241
82 247
82 248
82 249
82 250
82 251
82 253
82 256
82 258
82 261
82 263
82 264
82 265
82 266
82 268
82 271
82 272
82 276
82 281
82 283
82 284
82 286
82 288
82 290
82 292
82 293
82 294
82 295
82 296
82 300
82 302
82 305
82 306
82 307
82 308
82 313
82 316
82 319
82 320
82 321
82 322
82 325
82 329
82 332
82 334
82 338
82 339
82 340
82 341
82 342
82 344
82 345
82 347
82 349
82 353
82 356
82 357
82 358
82 362
82 363
82 364
82 367
82 371
82 372
82 374
82 375
82 380
82 382
82 384
82 386
82 388
82 390
82 391
82 392
82 394
82 398
82 402
82 403
82 405
82 406
82 407
82 408
82 415
82 416
82 417
82 418
82 419
82 422
82 424
82 425
82 427
82 429
82 430
82 431
82 432
82 435
82 436
82 437
82 439
82 441
82 442
82 443
82 444
82 445
82 447
82 449
82 450
82 451
82 454
82 459
82 460
82 461
82 465
82 466
82 468
82 469
82 472
82 475
82 476
82 480
82 482
82 483
82 484
82 486
82 487
82 488
82 489
82 490
82 492
82 493
82 495
82 496
82 497
82 498
83 90
83 92
83 93
83 99
83 101
83 103
83 105
83 107
83 108
83 109
83 110
83 112
83 113
83 115
83 116
83 117
83 120
83 122
83 125
83 126
83 129
83 132
83 133
83 134
83 135
83 138
83 139
83 148
83 149
83 151
83 156
83 158
83 162
83 163
83 164
83 165
83 167
83 169
83 172
83 173
83 174
83 177
83 179
83 180
83 182
83 184
83 185
83 186
83 189
83 191
83 194
83 195
83 198
83 199
83 200
83 201
83 202
83 203
83 204
83 208
83 209
83 210
83 211
83 218
83 220
83 222
83 223
83 224
83 226
83 227
83 228
83 231
83 232
83 234
83 235
83 236
83 238
83 239
83 240
83 243
83 245
83 246
83 248
83 252
83 253
83 254
83 255
83 256
83 260
83 262
83 264
83 265
83 266
83 269
83 271
83 275
83 276
83 279
83 280
83 282
83 283
83 284
83 288
83 289
83 291
83 293
83 295
83 296
83 300
83 302
83 303
83 304
83 305
83 306
83 309
83 312
83 313
83 316
83 319
83 329
83 330
83 331
83 332
83 334
83 335
83 336
83 337
83 339
83 340
83 347
83 348
83 354
83 355
83 357
83 358
83 360
83 361
83 363
83 365
83 367
83 369
83 370
83 372
83 373
83 376
83 377
83 378
83 379
83 380
83 381
83 382
83 383
83 385
83 386
83 388
83 389
83 390
83 391
83 396
83 397
83 399
83 400
83 401
83 402
83 403
83 404
83 405
83 406
83 408
83 409
83 410
83 413
83 414
83 416
83 418
83 420
83 422
83 423
83 424
83 425
83 426
83 427
83 428
83 429
83 431
83 432
83 433
83 434
83 435
83 436
83 439
83 441
83 443
83 444
83 446
83 449
83 450
83 451
83 452
83 453
83 455
83 456
83 458
83 459
83 460
83 461
83 462
83 463
83 467
83 468
83 470
83 473
83 474
83 475
83 476
83 478
83 480
83 482
83 483
83 485
83 487
83 488
83 489
83 491
83 493
83 495
84 86
84 88
84 90
84 91
84 92
84 102
84 103
84 104
84 109
84 111
84 112
84 114
84 115
84 116
84 117
84 118
84 119
84 120
84 121
84 126
84 127
84 128
84 130
84 131
84 132
84 133
84 136
84 138
84 139
84 140
84 141
84 142
84 143
84 144
84 146
84 147
84 148
84 149
84 150
84 151
84 152
84 154
84 155
84 157
84 158
84 159
84 161
84 163
84 164
84 166
84 169
84 171
84 179
84 182
84 184
84 185
84 186
84 187
84 188
84 195
84 196
84 197
84 198
84 201
84 202
84 203
84 208
84 210
84 215
84 217
84 220
84 221
84 222
84 225
84 226
84 227
84 228
84 230
84 231
84 232
84 233
84 234
84 236
84 237
84 239
84 240
84 241
84 243
84 247
84 248
84 249
84 251
84 254
84 255
84 257
84 261
84 264
84 265
84 267
84 268
84 273
84 274
84 276
84 277
84 278
84 279
84 282
84 284
84 286
84 287
84 288
84 292
84 293
84 296
84 298
84 299
84 300
84 309
84 312
84 313
84 315
84 319
84 320
84 322
84 323
84 324
84 326
84 327
84 328
84 330
84 332
84 333
84 338
84 341
84 342
84 343
84 345
84 348
84 355
84 357
84 358
84 361
84 362
84 364
84 365
84 366
84 367
84 368
84 369
84 370
84 375
84 378
84 380
84 382
84 385
84 389
84 390
84 391
84 392
84 393
84 396
84 399
84 400
84 401
84 405
84 406
84 410
84 411
84 415
84 416
84 417
84 418
84 421
84 423
84 424
84 425
84 429
84 433
84 435
84 437
84 438
84 440
84 442
84 445
84 447
84 449
84 450
84 452
84 455
84 458
84 461
84 462
84 463
84 464
84 466
84 467
84 469
84 475
84 477
84 478
84 485
84 486
84 487
84 488
84 489
84 490
84 493
84 494
84 495
84 498
85 86
85 90
85 91
85 94
85 96
85 97
85 99
85 100
85 101
85 103
85 104
85 107
85 110
85 111
85 114
85 118
85 122
85 124
85 127
85 128
85 129
85 130
85 133
85 135
85 138
85 143
85 145
85 146
85 147
85 148
85 150
85 151
85 152
85 156
85 160
85 161
85 162
85 164
85 166
85 170
85 172
85 175
85 177
85 178
85 181
85 182
85 183
85 184
85 185
85 186
85 187
85 192
85 195
85 196
85 197
85 199
85 200
85 201
85 202
85 203
85 205
85 207
85 209
85 210
85 213
85 214
85 219
85 220
85 221
85 223
85 224
85 225
85 226
85 227
85 228
85 235
85 236
85 239
85 241
85 242
85 246
85 248
85 249
85 250
85 253
85 259
85 260
85 261
85 262
85 264
85 265
85 267
85 269
85 270
85 273
85 276
85 277
85 281
85 284
85 286
85 291
85 292
85 295
85 297
85 299
85 301
85 302
85 311
85 312
85 314
85 316
85 317
85 319
85 320
85 323
85 325
85 329
85 330
85 332
85 335
85 336
85 337
85 338
85 340
85 342
85 343
85 344
85 345
85 347
85 351
85 352
85 355
85 356
85 360
85 361
85 362
85 365
85 366
85 367
85 369
85 370
85 373
85 377
85 378
85 383
85 385
85 387
85 388
85 390
85 392
85 393
85 394
85 395
85 397
85 400
85 401
85 404
85 405
85 409
85 412
85 414
85 415
85 416
85 420
85 422
85 424
85 425
85 427
85 428
85 431
85 432
85 438
85 440
85 441
85 442
85 443
85 444
85 445
85 446
85 447
85 448
85 449
85 452
85 453
85 457
85 458
85 459
85 460
85 464
85 465
85 467
85 469
85 470
85 471
85 472
85 473
85 475
85 477
85 484
85 485
85 487
85 492
85 493
85 495
86 87
86 89
86 93
86 94
86 96
86 98
86 100
86 101
86 102
86 103
86 104
86 105
86 107
86 112
86 113
86 114
86 115
86 116
86 117
86 119
86 121
86 122
86 123
86 125
86 126
86 127
86 128
86 129
86 131
86 134
86 138
86 140
86 141
86 142
86 144
86 148
86 149
86 150
86 152
86 155
86 158
86 159
86 163
86 165
86 166
86 170
86 171
86 172
86 173
86 174
86 175
86 179
86 180
86 181
86 182
86 185
86 186
86 187
86 192
86 193
86 195
86 196
86 197
86 198
86 199
86 200
86 204
86 205
86 206
86 207
86 211
86 212
86 214
86 215
86 216
86 217
86 218
86 219
86 224
86 225
86 226
86 227
86 230
86 231
86 232
86 233
86 234
86 235
86 236
86 238
86 239
86 240
86 243
86 245
86 247
86 251
86 252
86 256
86 261
86 263
86 264
86 265
86 273
86 274
86 278
86 280
86 281
86 283
86 284
86 285
86 288
86 294
86 295
86 296
86 302
86 303
86 307
86 313
86 316
86 319
86 320
86 322
86 324
86 326
86 330
86 337
86 338
86 343
86 347
86 348
86 350
86 351
86 352
86 354
86 357
86 358
86 359
86 361
86 362
86 363
86 364
86 367
86 368
86 374
86 376
86 378
86 380
86 382
86 383
86 386
86 391
86 393
86 395
86 397
86 398
86 399
86 400
86 405
86 406
86 407
86 409
86 412
86 413
86 423
86 424
86 427
86 428
86 430
86 431
86 432
86 434
86 439
86 440
86 441
86 444
86 449
86 450
86 452
86 453
86 454
86 456
86 460
86 461
86 462
86 465
86 467
86 468
86 469
86 470
86 472
86 473
86 478
86 482
86 484
86 485
86 487
86 488
86 489
86 490
86 491
86 492
86 493
86 494
86 499
87 90
87 91
87 94
87 95
87 96
87 97
87 99
87 100
87 102
87 105
87 106
87 107
87 108
87 109
87 110
87 111
87 113
87 114
87 115
87 117
87 118
87 120
87 122
87 125
87 129
87 130
87 132
87 133
87 134
87 136
87 139
87 140
87 144
87 151
87 152
87 153
87 154
87 157
87 158
87 160
87 161
87 167
87 168
87 170
87 175
87 176
87 179
87 182
87 184
87 187
87 190
87 191
87 194
87 197
87 201
87 206
87 212
87 215
87 216
87 218
87 219
87 220
87 223
87 224
87 226
87 227
87 229
87 230
87 232
87 233
87 234
87 236
87 240
87 241
87 242
87 243
87 245
87 247
87 250
87 251
87 252
87 253
87 256
87 258
87 259
87 261
87 262
87 263
87 264
87 265
87 269
87 270
87 272
87 277
87 280
87 281
87 282
87 283
87 285
87 288
87 289
87 292
87 294
87 295
87 300
87 302
87 303
87 307
87 308
87 310
87 311
87 313
87 316
87 319
87 320
87 322
87 323
87 324
87 327
87 328
87 329
87 331
87 332
87 333
87 335
87 336
87 337
87 341
87 343
87 347
87 348
87 349
87 350
87 351
87 353
87 354
87 355
87 356
87 357
87 360
87 361
87 363
87 369
87 371
87 373
87 377
87 379
87 381
87 382
87 383
87 384
87 386
87 387
87 388
87 394
87 395
87 399
87 400
87 408
87 409
87 413
87 414
87 415
87 422
87 426
87 430
87 431
87 432
87 433
87 434
87 435
87 436
87 439
87 440
87 441
87 442
87 445
87 449
87 451
87 455
87 456
87 458
87 461
87 463
87 466
87 467
87 468
87 470
87 471
87 472
87 475
87 476
87 477
87 482
87 484
87 485
87 489
87 493
87 497
87 498
88 89
88 93
88 94
88 98
88 100
88 101
88 103
88 106
88 107
88 109
88 110
88 111
88 114
88 115
88 116
88 117
88 120
88 122
88 123
88 127
88 130
88 132
88 133
88 134
88 135
88 137
88 138
88 141
88 142
88 143
88 144
88 145
88 147
88 149
88 151
88 154
88 157
88 158
88 159
88 160
88 161
88 163
88 164
88 166
88 167
88 169
88 174
88 175
88 180
88 181
88 182
88 185
88 187
88 189
88 191
88 194
88 195
88 196
88 197
88 198
88 200
88 202
88 203
88 206
88 207
88 208
88 209
88 210
88 214
88 218
88 219
88 221
88 222
88 224
88 225
88 226
88 228
88 230
88 231
88 232
88 233
88 234
88 235
88 236
88 238
88 239
88 242
88 243
88 244
88 245
88 250
88 251
88 254
88 261
88 263
88 265
88 266
88 268
88 272
88 273
88 276
88 278
88 280
88 284
88 285
88 286
88 287
88 288
88 290
88 294
88 295
88 296
88 298
88 301
88 303
88 305
88 307
88 309
88 310
88 313
88 314
88 316
88 319
88 321
88 323
88 325
88 326
88 329
88 330
88 333
88 334
88 335
88 337
88 340
88 343
88 344
88 345
88 346
88 349
88 350
88 352
88 357
88 359
88 362
88 363
88 364
88 365
88 366
88 369
88 371
88 373
88 374
88 375
88 377
88 380
88 381
88 382
88 384
88 386
88 388
88 391
88 396
88 400
88 401
88 404
88 405
88 407
88 410
88 413
88 414
88 415
88 416
88 418
88 419
88 421
88 422
88 423
88 425
88 429
88 430
88 433
88 435
88 437
88 442
88 443
88 444
88 445
88 446
88 447
88 448
88 450
88 452
88 460
88 462
88 465
88 467
88 468
88 470
88 474
88 477
88 478
88 480
88 481
88 486
88 489
88 490
88 491
88 493
88 496
88 498
89 90
89 91
89 93
89 95
89 97
89 99
89 100
89 103
89 104
89 106
89 107
89 108
89 109
89 110
89 111
89 112
89 113
89 114
89 115
89 118
89 126
89 127
89 128
89 129
89 134
89 135
89 136
89 137
89 139
89 140
89 141
89 150
89 151
89 154
89 156
89 157
89 158
89 160
89 161
89 162
89 163
89 164
89 166
89 168
89 171
89 173
89 174
89 177
89 179
89 180
89 181
89 183
89 187
89 188
89 192
89 193
89 197
89 199
89 200
89 203
89 205
89 206
89 214
89 216
89 222
89 223
89 224
89 229
89 230
89 232
89 234
89 238
89 239
89 241
89 244
89 246
89 248
89 250
89 251
89 254
89 257
89 259
89 261
89 262
89 268
89 269
89 270
89 271
89 272
89 277
89 278
89 281
89 284
89 286
89 288
89 289
89 291
89 293
89 295
89 296
89 301
89 304
89 316
89 318
89 323
89 324
89 325
89 327
89 330
89 331
89 335
89 337
89 339
89 340
89 341
89 344
89 345
89 347
89 349
89 350
89 351
89 352
89 354
89 355
89 356
89 358
89 359
89 362
89 363
89 367
89 368
89 371
89 374
89 375
89 383
89 386
89 387
89 388
89 389
89 391
89 393
89 396
89 398
89 401
89 402
89 404
89 405
89 410
89 413
89 414
89 415
89 418
89 420
89 423
89 424
89 425
89 426
89 427
89 428
89 429
89 430
89 432
89 433
89 434
89 435
89 438
89 440
89 442
89 450
89 452
89 454
89 455
89 456
89 457
89 460
89 461
89 462
89 463
89 464
89 465
89 466
89 467
89 470
89 473
89 480
89 481
89 483
89 484
89 486
89 489
89 490
89 491
89 494
90 92
90 94
90 98
90 100
90 101
90 102
90 106
90 108
90 109
90 110
90 116
90 117
90 119
90 120
90 123
90 126
90 130
90 131
90 132
90 133
90 134
90 136
90 137
90 139
90 140
90 141
90 146
90 147
90 150
90 153
90 154
90 155
90 157
90 161
90 162
90 163
90 166
90 168
90 169
90 172
90 175
90 179
90 183
90 184
90 187
90 189
90 190
90 191
90 192
90 195
90 197
90 202
90 206
90 208
90 209
90 210
90 211
90 215
90 217
90 218
90 220
90 223
90 224
90 225
90 227
90 228
90 231
90 232
90 236
90 237
90 238
90 240
90 242
90 243
90 246
90 247
90 248
90 249
90 252
90 253
90 256
90 259
90 263
90 264
90 265
90 269
90 270
90 272
90 275
90 276
90 279
90 280
90 283
90 285
90 286
90 287
90 288
90 289
90 290
90 297
90 298
90 300
90 302
90 303
90 304
90 307
90 308
90 310
90 311
90 316
90 319
90 320
90 321
90 324
90 325
90 326
90 328
90 329
90 330
90 333
90 334
90 335
90 338
90 339
90 340
90 341
90 342
90 345
90 350
90 355
90 356
90 357
90 360
90 361
90 362
90 363
90 364
90 365
90 367
90 368
90 373
90 374
90 376
90 379
90 381
90 383
90 385
90 386
90 387
90 389
90 390
90 392
90 393
90 394
90 398
90 401
90 402
90 403
90 404
90 408
90 410
90 412
90 414
90 415
90 416
90 417
90 419
90 420
90 423
90 426
90 427
90 428
90 430
90 431
90 432
90 434
90 435
90 436
90 439
90 441
90 444
90 446
90 447
90 455
90 460
90 462
90 463
90 464
90 466
90 467
90 470
90 472
90 475
90 479
90 480
90 481
90 483
90 484
90 486
90 488
90 490
90 491
90 492
90 496
90 498
90 499
91 93
91 94
91 95
91 96
91 97
91 101
91 103
91 105
91 106
91 112
91 113
91 116
91 127
91 130
91 131
91 133
91 134
91 135
91 137
91 139
91 143
91 145
91 146
91 149
91 150
91 151
91 152
91 155
91 157
91 159
91 161
91 163
91 165
91 166
91 168
91 172
91 173
91 175
91 176
91 179
91 183
91 187
91 190
91 192
91 198
91 199
91 200
91 203
91 205
91 206
91 210
91 211
91 213
91 215
91 217
91 218
91 221
91 226
91 227
91 228
91 230
91 232
91 234
91 235
91 236
91 238
91 239
91 242
91 243
91 244
91 245
91 250
91 251
91 253
91 254
91 255
91 256
91 258
91 259
91 261
91 262
91 263
91 264
91 266
91 267
91 268
91 271
91 272
91 273
91 275
91 278
91 280
91 281
91 283
91 286
91 287
91 290
91 292
91 293
91 296
91 297
91 299
91 300
91 301
91 304
91 306
91 307
91 308
91 311
91 320
91 321
91 322
91 323
91 324
91 325
91 328
91 334
91 336
91 337
91 338
91 341
91 343
91 346
91 350
91 352
91 353
91 356
91 360
91 362
91 363
91 364
91 366
91 370
91 371
91 372
91 373
91 375
91 376
91 380
91 381
91 385
91 388
91 391
91 393
91 397
91 398
91 404
91 406
91 407
91 411
91 412
91 413
91 414
91 416
91 419
91 424
91 426
91 427
91 428
91 430
91 433
91 436
91 437
91 440
91 442
91 443
91 444
91 445
91 446
91 448
91 453
91 454
91 456
91 458
91 460
91 462
91 464
91 469
91 470
91 471
91 472
91 473
91 474
91 478
91 479
91 480
91 481
91 482
91 483
91 484
91 486
91 487
91 489
91 490
91 493
91 496
91 497
92 93
92 95
92 97
92 99
92 104
92 105
92 106
92 109
92 110
92 114
92 116
92 120
92 121
92 122
92 124
92 126
92 128
92 129
92 130
92 131
92 132
92 133
92 135
92 136
92 137
92 138
92 140
92 145
92 146
92 148
92 149
92 150
92 154
92 155
92 156
92 159
92 160
92 161
92 162
92 165
92 167
92 168
92 170
92 173
92 174
92 175
92 176
92 177
92 180
92 183
92 187
92 188
92 190
92 191
92 192
92 193
92 194
92 195
92 197
92 199
92 202
92 206
92 208
92 210
92 211
92 212
92 214
92 215
92 216
92 218
92 221
92 224
92 228
92 229
92 231
92 235
92 236
92 237
92 238
92 242
92 244
92 247
92 248
92 251
92 253
92 257
92 259
92 260
92 261
92 262
92 263
92 265
92 266
92 267
92 268
92 269
92 270
92 271
92 272
92 273
92 274
92 275
92 276
92 277
92 281
92 282
92 283
92 285
92 286
92 287
92 291
92 292
92 294
92 295
92 296
92 297
92 298
92 299
92 300
92 301
92 302
92 306
92 307
92 308
92 311
92 313
92 315
92 316
92 317
92 318
92 319
92 325
92 326
92 328
92 329
92 330
92 332
92 334
92 335
92 336
92 339
92 342
92 344
92 347
92 350
92 351
92 352
92 355
92 356
92 357
92 358
92 359
92 361
92 362
92 364
92 366
92 369
92 370
92 371
92 374
92 376
92 377
92 382
92 386
92 388
92 389
92 391
92 393
92 394
92 398
92 401
92 402
92 403
92 404
92 406
92 407
92 408
92 409
92 411
92 412
92 413
92 414
92 415
92 416
92 417
92 418
92 419
92 422
92 423
92 425
92 426
92 427
92 428
92 429
92 430
92 431
92 434
92 437
92 440
92 442
92 443
92 444
92 448
92 451
92 453
92 456
92 458
92 459
92 461
92 466
92 468
92 469
92 472
92 473
92 478
92 479
92 480
92 481
92 483
92 484
92 486
92 487
92 488
92 489
92 493
92 494
92 498
93 94
93 95
93 99
93 102
93 103
93 105
93 107
93 109
93 110
93 112
93 116
93 117
93 118
93 120
93 122
93 124
93 127
93 129
93 130
93 132
93 137
93 141
93 148
93 150
93 151
93 153
93 160
93 161
93 163
93 165
93 166
93 172
93 173
93 175
93 176
93 177
93 178
93 180
93 183
93 184
93 186
93 187
93 189
93 190
93 194
93 196
93 198
93 199
93 202
93 205
93 207
93 209
93 212
93 213
93 215
93 216
93 217
93 218
93 221
93 224
93 226
93 229
93 232
93 234
93 235
93 237
93 238
93 243
93 245
93 246
93 249
93 250
93 251
93 252
93 253
93 257
93 259
93 260
93 261
93 262
93 266
93 267
93 269
93 270
93 272
93 273
93 274
93 275
93 276
93 278
93 279
93 281
93 284
93 286
93 290
93 293
93 294
93 295
93 299
93 300
93 306
93 307
93 311
93 312
93 313
93 314
93 315
93 318
93 319
93 320
93 322
93 323
93 325
93 328
93 332
93 333
93 334
93 335
93 336
93 339
93 342
93 353
93 354
93 355
93 356
93 360
93 361
93 363
93 364
93 365
93 366
93 367
93 369
93 370
93 372
93 375
93 376
93 377
93 379
93 384
93 388
93 392
93 393
93 396
93 398
93 400
93 401
93 402
93 403
93 405
93 408
93 409
93 410
93 411
93 412
93 413
93 414
93 415
93 418
93 419
93 423
93 426
93 429
93 430
93 431
93 433
93 434
93 435
93 436
93 438
93 443
93 444
93 445
93 447
93 450
93 451
93 452
93 454
93 456
93 458
93 460
93 461
93 463
93 465
93 467
93 471
93 475
93 476
93 478
93 479
93 481
93 482
93 484
93 488
93 489
93 491
93 493
93 495
93 499
94 95
94 97
94 99
94 101
94 105
94 106
94 107
94 108
94 110
94 112
94 114
94 115
94 121
94 123
94 124
94 129
94 130
94 132
94 133
94 134
94 135
94 137
94 141
94 142
94 143
94 144
94 148
94 149
94 150
94 152
94 154
94 158
94 161
94 162
94 164
94 165
94 167
94 169
94 170
94 173
94 174
94 177
94 178
94 179
94 180
94 182
94 183
94 184
94 186
94 187
94 191
94 192
94 194
94 201
94 202
94 207
94 210
94 213
94 215
94 216
94 219
94 220
94 221
94 222
94 223
94 225
94 226
94 231
94 237
94 241
94 242
94 243
94 244
94 246
94 247
94 249
94 252
94 253
94 254
94 257
94 259
94 265
94 266
94 267
94 268
94 270
94 272
94 275
94 276
94 277
94 278
94 281
94 284
94 285
94 286
94 287
94 290
94 294
94 298
94 300
94 301
94 302
94 303
94 304
94 307
94 308
94 312
94 313
94 314
94 315
94 316
94 321
94 322
94 323
94 324
94 328
94 329
94 331
94 332
94 335
94 337
94 339
94 341
94 342
94 343
94 345
94 346
94 347
94 349
94 350
94 351
94 354
94 355
94 361
94 362
94 363
94 366
94 367
94 370
94 371
94 372
94 373
94 374
94 375
94 376
94 377
94 383
94 384
94 385
94 387
94 388
94 389
94 392
94 395
94 397
94 401
94 402
94 403
94 405
94 406
94 407
94 408
94 409
94 411
94 412
94 414
94 415
94 417
94 420
94 421
94 422
94 424
94 425
94 426
94 427
94 429
94 432
94 434
94 435
94 438
94 440
94 441
94 442
94 444
94 446
94 449
94 451
94 454
94 455
94 456
94 459
94 462
94 463
94 465
94 467
94 470
94 474
94 476
94 479
94 487
94 488
94 489
94 490
94 492
94 493
94 494
94 495
94 496
95 98
95 99
95 101
95 104
95 110
95 114
95 115
95 116
95 121
95 122
95 123
95 124
95 128
95 129
95 133
95 134
95 135
95 137
95 139
95 143
95 144
95 145
95 147
95 152
95 153
95 154
95 157
95 158
95 160
95 161
95 164
95 165
95 166
95 168
95 172
95 173
95 174
95 176
95 178
95 179
95 180
95 181
95 182
95 183
95 186
95 187
95 189
95 192
95 193
95 197
95 198
95 199
95 200
95 202
95 203
95 206
95 209
95 211
95 213
95 214
95 215
95 217
95 218
95 219
95 221
95 224
95 225
95 226
95 230
95 231
95 232
95 234
95 235
95 236
95 237
95 239
95 248
95 249
95 250
95 252
95 253
95 254
95 255
95 256
95 259
95 261
95 263
95 264
95 267
95 268
95 270
95 272
95 274
95 276
95 277
95 279
95 281
95 282
95 283
95 288
95 291
95 293
95 294
95 295
95 296
95 298
95 299
95 302
95 303
95 305
95 307
95 309
95 311
95 314
95 315
95 317
95 319
95 320
95 321
95 324
95 327
95 328
95 331
95 334
95 337
95 338
95 341
95 343
95 344
95 345
95 347
95 348
95 349
95 351
95 352
95 355
95 358
95 359
95 361
95 364
95 365
95 367
95 374
95 375
95 382
95 383
95 384
95 385
95 386
95 387
95 389
95 390
95 392
95 394
95 396
95 398
95 401
95 403
95 406
95 407
95 409
95 410
95 413
95 414
95 418
95 419
95 420
95 423
95 428
95 429
95 430
95 431
95 432
95 433
95 435
95 436
95 437
95 439
95 441
95 445
95 446
95 447
95 454
95 456
95 462
95 463
95 468
95 470
95 472
95 475
95 477
95 479
95 481
95 482
95 483
95 484
95 485
95 486
95 487
95 488
95 489
95 494
95 497
95 498
96 99
96 100
96 102
96 103
96 108
96 109
96 110
96 112
96 114
96 115
96 120
96 121
96 123
96 124
96 126
96 133
96 136
96 137
96 138
96 139
96 140
96 141
96 143
96 144
96 145
96 146
96 148
96 154
96 157
96 158
96 160
96 163
96 166
96 167
96 168
96 169
96 177
96 179
96 185
96 187
96 188
96 189
96 191
96 192
96 193
96 196
96 200
96 201
96 202
96 204
96 206
96 207
96 208
96 211
96 212
96 213
96 218
96 219
96 221
96 222
96 224
96 225
96 227
96 228
96 229
96 230
96 231
96 233
96 234
96 235
96 236
96 237
96 240
96 244
96 246
96 249
96 250
96 251
96 255
96 256
96 258
96 260
96 263
96 264
96 265
96 266
96 268
96 270
96 271
96 272
96 274
96 275
96 276
96 279
96 281
96 282
96 283
96 285
96 287
96 288
96 289
96 291
96 292
96 293
96 294
96 298
96 306
96 308
96 310
96 313
96 319
96 321
96 324
96 325
96 327
96 329
96 332
96 333
96 336
96 338
96 339
96 340
96 342
96 343
96 348
96 352
96 357
96 359
96 362
96 364
96 365
96 366
96 367
96 368
96 369
96 371
96 372
96 373
96 377
96 378
96 379
96 380
96 381
96 384
96 386
96 387
96 391
96 394
96 396
96 397
96 398
96 402
96 403
96 404
96 407
96 409
96 412
96 414
96 415
96 416
96 418
96 421
96 422
96 423
96 424
96 425
96 427
96 428
96 432
96 438
96 439
96 443
96 445
96 448
96 451
96 453
96 454
96 455
96 457
96 458
96 460
96 461
96 462
96 465
96 467
96 469
96 472
96 475
96 476
96 477
96 479
96 484
96 485
96 488
96 491
96 494
96 495
96 496
96 497
96 498
96 499
97 98
97 99
97 102
97 103
97 107
97 108
97 109
97 112
97 113
97 114
97 115
97 116
97 117
97 118
97 120
97 123
97 124
97 125
97 126
97 128
97 129
97 130
97 132
97 136
97 137
97 141
97 144
97 147
97 149
97 150
97 151
97 152
97 153
97 158
97 161
97 162
97 164
97 166
97 168
97 169
97 171
97 172
97 175
97 176
97 179
97 180
97 181
97 182
97 183
97 185
97 187
97 188
97 190
97 197
97 199
97 203
97 206
97 209
97 210
97 218
97 219
97 222
97 223
97 225
97 226
97 227
97 229
97 236
97 237
97 242
97 244
97 248
97 249
97 250
97 251
97 253
97 255
97 257
97 259
97 261
97 262
97 263
97 264
97 265
97 267
97 270
97 279
97 280
97 283
97 284
97 285
97 287
97 289
97 293
97 294
97 300
97 301
97 306
97 307
97 311
97 313
97 314
97 315
97 317
97 321
97 323
97 325
97 327
97 328
97 330
97 331
97 333
97 334
97 337
97 341
97 342
97 343
97 346
97 347
97 349
97 351
97 360
97 361
97 362
97 363
97 365
97 367
97 368
97 370
97 371
97 374
97 376
97 380
97 381
97 386
97 387
97 388
97 389
97 390
97 391
97 393
97 394
97 395
97 400
97 401
97 403
97 405
97 407
97 408
97 409
97 417
97 418
97 422
97 430
97 434
97 435
97 436
97 438
97 442
97 444
97 445
97 446
97 451
97 452
97 457
97 458
97 459
97 460
97 461
97 462
97 464
97 466
97 468
97 472
97 474
97 475
97 477
97 478
97 479
97 482
97 487
97 488
97 490
97 491
97 493
97 494
97 495
97 497
97 499
98 99
98 100
98 101
98 102
98 104
98 105
98 108
98 109
98 111
98 112
98 113
98 119
98 122
98 123
98 126
98 128
98 129
98 132
98 133
98 134
98 137
98 138
98 141
98 143
98 145
98 148
98 149
98 151
98 155
98 157
98 158
98 159
98 163
98 164
98 165
98 166
98 167
98 169
98 172
98 173
98 174
98 175
98 181
98 182
98 185
98 188
98 189
98 190
98 194
98 197
98 198
98 199
98 200
98 203
98 206
98 207
98 209
98 211
98 212
98 213
98 215
98 216
98 220
98 222
98 223
98 225
98 226
98 227
98 228
98 229
98 231
98 233
98 234
98 235
98 244
98 246
98 248
98 250
98 252
98 253
98 255
98 257
98 258
98 259
98 261
98 263
98 266
98 267
98 269
98 271
98 274
98 275
98 276
98 277
98 278
98 281
98 286
98 287
98 288
98 290
98 292
98 294
98 295
98 297
98 298
98 299
98 300
98 302
98 303
98 304
98 305
98 309
98 311
98 312
98 313
98 316
98 317
98 319
98 320
98 321
98 322
98 323
98 325
98 326
98 329
98 330
98 334
98 335
98 337
98 338
98 339
98 340
98 343
98 344
98 345
98 349
98 357
98 359
98 362
98 364
98 367
98 368
98 369
98 370
98 371
98 372
98 374
98 375
98 378
98 380
98 385
98 386
98 388
98 390
98 392
98 395
98 396
98 397
98 398
98 401
98 406
98 407
98 408
98 411
98 413
98 416
98 418
98 419
98 420
98 421
98 422
98 423
98 425
98 434
98 435
98 438
98 439
98 440
98 442
98 445
98 446
98 451
98 452
98 455
98 462
98 464
98 465
98 466
98 467
98 468
98 470
98 471
98 473
98 475
98 476
98 477
98 483
98 484
98 485
98 488
98 489
98 490
98 492
98 493
98 497
99 100
99 101
99 102
99 103
99 104
99 105
99 106
99 109
99 111
99 112
99 113
99 114
99 117
99 121
99 123
99 125
99 127
99 128
99 131
99 132
99 133
99 134
99 135
99 137
99 138
99 140
99 142
99 147
99 149
99 152
99 153
99 154
99 156
99 157
99 158
99 159
99 160
99 161
99 162
99 163
99 165
99 168
99 170
99 172
99 174
99 178
99 179
99 180
99 186
99 190
99 191
99 192
99 193
99 199
99 200
99 201
99 202
99 203
99 204
99 205
99 206
99 208
99 213
99 214
99 215
99 217
99 218
99 219
99 224
99 225
99 227
99 228
99 237
99 238
99 239
99 243
99 246
99 249
99 251
99 254
99 255
99 257
99 261
99 262
99 263
99 267
99 271
99 273
99 274
99 276
99 277
99 280
99 285
99 289
99 291
99 292
99 296
99 299
99 304
99 305
99 306
99 307
99 310
99 311
99 312
99 313
99 314
99 317
99 318
99 320
99 324
99 326
99 327
99 330
99 332
99 334
99 335
99 338
99 340
99 341
99 342
99 344
99 345
99 347
99 349
99 351
99 353
99 357
99 358
99 360
99 361
99 362
99 365
99 368
99 371
99 372
99 374
99 375
99 377
99 379
99 383
99 384
99 386
99 388
99 389
99 390
99 392
99 393
99 394
99 396
99 398
99 400
99 401
99 402
99 403
99 405
99 409
99 410
99 413
99 415
99 417
99 419
99 420
99 421
99 422
99 427
99 429
99 430
99 431
99 432
99 433
99 436
99 437
99 441
99 443
99 444
99 445
99 446
99 447
99 449
99 452
99 456
99 457
99 460
99 463
99 464
99 465
99 472
99 474
99 476
99 478
99 480
99 481
99 482
99 483
99 486
99 487
99 489
99 492
99 493
99 494
99 495
99 496
99 497
100 101
100 102
100 105
100 107
100 108
100 112
100 113
100 118
100 120
100 121
100 122
100 123
100 124
100 126
100 127
100 128
100 131
100 132
100 137
100 139
100 140
100 141
100 143
100 144
100 145
100 147
100 149
100 150
100 155
100 156
100 157
100 158
100 161
100 165
100 166
100 167
100 168
100 169
100 170
100 171
100 172
100 175
100 176
100 177
100 178
100 182
100 183
100 184
100 185
100 186
100 191
100 193
100 194
100 195
100 196
100 200
100 202
100 204
100 205
100 207
100 209
100 210
100 213
100 215
100 216
100 217
100 219
100 220
100 222
100 223
100 224
100 226
100 227
100 230
100 236
100 237
100 240
100 242
100 244
100 245
100 247
100 248
100 250
100 251
100 254
100 256
100 257
100 260
100 261
100 262
100 263
100 265
100 267
100 273
100 274
100 275
100 276
100 279
100 280
100 281
100 282
100 287
100 289
100 290
100 293
100 295
100 296
100 298
100 299
100 303
100 304
100 305
100 306
100 307
100 309
100 310
100 312
100 313
100 315
100 316
100 324
100 332
100 333
100 334
100 336
100 337
100 338
100 342
100 343
100 345
100 347
100 348
100 350
100 351
100 355
100 356
100 359
100 361
100 363
100 364
100 367
100 368
100 369
100 372
100 373
100 374
100 375
100 378
100 379
100 380
100 383
100 384
100 385
100 386
100 387
100 388
100 391
100 395
100 396
100 398
100 400
100 401
100 403
100 404
100 406
100 407
100 408
100 410
100 411
100 412
100 413
100 415
100 416
100 417
100 418
100 420
100 421
100 422
100 424
100 427
100 428
100 429
100 430
100 433
100 435
100 438
100 439
100 440
100 441
100 443
100 444
100 445
100 446
100 447
100 449
100 451
100 452
100 453
100 455
100 460
100 461
100 462
100 464
100 465
100 466
100 470
100 471
100 472
100 474
100 478
100 482
100 484
100 485
100 486
100 489
100 491
100 496
100 497
100 498
100 499
101 104
101 107
101 108
101 111
101 115
101 118
101 120
101 123
101 124
101 125
101 129
101 132
101 134
101 140
101 142
101 144
101 145
101 146
101 147
101 149
101 150
101 152
101 161
101 164
101 166
101 168
101 171
101 173
101 176
101 178
101 179
101 182
101 183
101 184
101 185
101 186
101 192
101 194
101 195
101 198
101 199
101 200
101 202
101 203
101 204
101 206
101 207
101 208
101 216
101 217
101 219
101 220
101 226
101 227
101 228
101 230
101 231
101 233
101 234
101 236
101 239
101 244
101 245
101 247
101 248
101 250
101 251
101 254
101 255
101 258
101 259
101 262
101 263
101 264
101 265
101 266
101 267
101 270
101 271
101 272
101 273
101 275
101 278
101 280
101 284
101 286
101 287
101 290
101 291
101 293
101 294
101 300
101 302
101 304
101 305
101 307
101 308
101 313
101 314
101 316
101 317
101 318
101 319
101 321
101 324
101 325
101 330
101 331
101 332
101 333
101 334
101 336
101 337
101 339
101 341
101 346
101 347
101 348
101 350
101 351
101 355
101 356
101 357
101 359
101 362
101 368
101 370
101 371
101 374
101 375
101 377
101 379
101 381
101 382
101 383
101 388
101 391
101 392
101 395
101 401
101 404
101 405
101 410
101 411
101 413
101 415
101 418
101 419
101 423
101 424
101 425
101 426
101 431
101 434
101 437
101 438
101 441
101 443
101 444
101 445
101 447
101 450
101 451
101 452
101 453
101 455
101 456
101 457
101 463
101 469
101 470
101 473
101 474
101 475
101 477
101 479
101 480
101 481
101 482
101 483
101 484
101 487
101 488
101 489
101 490
101 491
101 492
101 493
101 494
101 495
101 497
101 499
102 104
102 106
102 109
102 110
102 111
102 112
102 113
102 116
102 121
102 123
102 124
102 126
102 127
102 129
102 133
102 136
102 141
102 143
102 145
102 146
102 147
102 151
102 152
102 154
102 157
102 160
102 163
102 165
102 166
102 167
102 169
102 172
102 174
102 176
102 177
102 178
102 180
102 181
102 183
102 185
102 186
102 191
102 192
102 193
102 195
102 196
102 197
102 199
102 200
102 201
102 202
102 203
102 204
102 206
102 211
102 212
102 213
102 215
102 216
102 217
102 218
102 219
102 220
102 222
102 223
102 224
102 225
102 228
102 230
102 231
102 234
102 237
102 238
102 239
102 240
102 242
102 244
102 245
102 247
102 248
102 251
102 252
102 253
102 254
102 255
102 256
102 257
102 258
102 260
102 269
102 270
102 272
102 274
102 275
102 277
102 278
102 279
102 283
102 286
102 287
102 288
102 293
102 295
102 299
102 300
102 303
102 307
102 312
102 314
102 315
102 319
102 323
102 325
102 328
102 331
102 332
102 333
102 338
102 339
102 341
102 342
102 343
102 344
102 345
102 351
102 353
102 354
102 359
102 362
102 364
102 367
102 368
102 369
102 372
102 373
102 374
102 375
102 377
102 378
102 380
102 381
102 384
102 385
102 386
102 392
102 396
102 397
102 398
102 399
102 402
102 405
102 410
102 411
102 412
102 413
102 414
102 415
102 416
102 418
102 422
102 424
102 425
102 427
102 428
102 430
102 431
102 432
102 433
102 434
102 438
102 441
102 443
102 447
102 448
102 449
102 453
102 454
102 456
102 457
102 459
102 461
102 462
102 463
102 470
102 471
102 473
102 476
102 483
102 484
102 488
102 489
102 491
102 493
102 494
102 495
102 496
102 497
102 498
102 499
103 106
103 111
103 112
103 113
103 117
103 118
103 120
103 121
103 124
103 125
103 126
103 129
103 131
103 132
103 135
103 136
103 137
103 138
103 139
103 142
103 144
103 146
103 150
103 157
103 159
103 162
103 163
103 164
103 165
103 166
103 169
103 170
103 172
103 174
103 175
103 176
103 179
103 181
103 185
103 186
103 187
103 189
103 193
103 194
103 196
103 207
103 212
103 213
103 214
103 215
103 218
103 220
103 222
103 223
103 227
103 229
103 232
103 234
103 238
103 241
103 245
103 246
103 247
103 252
103 253
103 254
103 256
103 257
103 259
103 260
103 262
103 266
103 269
103 270
103 275
103 278
103 284
103 286
103 288
103 290
103 291
103 293
103 294
103 295
103 297
103 298
103 300
103 305
103 306
103 307
103 308
103 309
103 310
103 312
103 313
103 314
103 315
103 316
103 317
103 318
103 323
103 325
103 328
103 330
103 331
103 332
103 334
103 336
103 337
103 338
103 341
103 342
103 343
103 345
103 349
103 350
103 351
103 352
103 356
103 357
103 359
103 360
103 365
103 368
103 369
103 373
103 375
103 376
103 379
103 380
103 382
103 383
103 384
103 385
103 387
103 390
103 392
103 394
103 398
103 399
103 403
103 404
103 405
103 406
103 408
103 409
103 410
103 411
103 413
103 417
103 419
103 425
103 427
103 436
103 437
103 438
103 440
103 441
103 444
103 448
103 450
103 451
103 452
103 456
103 457
103 459
103 461
103 465
103 468
103 469
103 472
103 473
103 474
103 475
103 478
103 479
103 480
103 483
103 487
103 489
103 490
103 494
103 496
103 497
104 107
104 109
104 110
104 111
104 112
104 113
104 114
104 117
104 120
104 121
104 122
104 125
104 126
104 128
104 129
104 131
104 133
104 134
104 136
104 137
104 141
104 143
104 145
104 147
104 149
104 150
104 151
104 153
104 154
104 157
104 161
104 162
104 163
104 164
104 170
104 172
104 173
104 174
104 175
104 177
104 180
104 181
104 183
104 187
104 192
104 193
104 194
104 195
104 197
104 199
104 200
104 201
104 202
104 206
104 207
104 212
104 215
104 216
104 217
104 219
104 223
104 224
104 233
104 235
104 240
104 241
104 242
104 245
104 248
104 249
104 251
104 252
104 254
104 256
104 262
104 265
104 267
104 268
104 273
104 274
104 277
104 279
104 283
104 287
104 288
104 291
104 292
104 295
104 296
104 299
104 300
104 302
104 304
104 306
104 309
104 311
104 312
104 313
104 314
104 316
104 317
104 318
104 319
104 323
104 326
104 329
104 330
104 331
104 332
104 335
104 339
104 340
104 341
104 343
104 347
104 350
104 352
104 354
104 355
104 357
104 359
104 360
104 362
104 363
104 364
104 365
104 369
104 370
104 376
104 377
104 378
104 379
104 381
104 383
104 385
104 386
104 387
104 388
104 390
104 391
104 392
104 393
104 394
104 396
104 397
104 398
104 399
104 400
104 401
104 403
104 406
104 407
104 408
104 409
104 410
104 411
104 415
104 417
104 419
104 420
104 423
104 424
104 425
104 427
104 429
104 430
104 432
104 437
104 438
104 439
104 440
104 441
104 442
104 443
104 444
104 446
104 452
104 455
104 456
104 457
104 458
104 459
104 460
104 461
104 464
104 467
104 470
104 471
104 473
104 475
104 476
104 477
104 479
104 480
104 483
104 484
104 487
104 488
104 490
104 491
104 492
104 493
104 496
104 498
105 107
105 110
105 111
105 114
105 115
105 116
105 120
105 121
105 122
105 123
105 124
105 126
105 127
105 128
105 133
105 135
105 136
105 137
105 138
105 141
105 144
105 148
105 153
105 155
105 156
105 157
105 159
105 160
105 161
105 162
105 163
105 166
105 167
105 169
105 170
105 172
105 173
105 178
105 183
105 184
105 188
105 189
105 190
105 192
105 195
105 199
105 202
105 205
105 208
105 210
105 214
105 215
105 216
105 217
105 226
105 227
105 232
105 233
105 237
105 241
105 245
105 249
105 252
105 253
105 254
105 255
105 257
105 258
105 259
105 262
105 265
105 267
105 269
105 276
105 277
105 278
105 286
105 287
105 289
105 293
105 294
105 295
105 296
105 297
105 300
105 301
105 304
105 305
105 311
105 312
105 313
105 314
105 316
105 317
105 318
105 319
105 320
105 321
105 324
105 325
105 326
105 327
105 328
105 329
105 331
105 332
105 333
105 336
105 337
105 339
105 342
105 345
105 347
105 349
105 350
105 355
105 357
105 359
105 362
105 363
105 364
105 365
105 368
105 369
105 370
105 373
105 374
105 376
105 377
105 378
105 385
105 387
105 388
105 389
105 390
105 393
105 395
105 396
105 402
105 403
105 405
105 406
105 407
105 410
105 412
105 414
105 417
105 418
105 421
105 422
105 425
105 426
105 430
105 432
105 433
105 434
105 439
105 440
105 441
105 444
105 448
105 449
105 451
105 455
105 456
105 458
105 459
105 461
105 464
105 465
105 466
105 470
105 473
105 475
105 479
105 480
105 486
105 487
105 488
105 489
105 492
105 494
105 495
105 498
105 499
106 107
106 108
106 109
106 111
106 116
106 120
106 122
106 123
106 124
106 126
106 127
106 128
106 129
106 131
106 132
106 133
106 135
106 138
106 141
106 143
106 145
106 147
106 149
106 151
106 153
106 155
106 157
106 158
106 159
106 164
106 165
106 166
106 167
106 169
106 170
106 177
106 179
106 181
106 182
106 183
106 184
106 185
106 186
106 189
106 196
106 200
106 205
106 210
106 211
106 212
106 214
106 215
106 216
106 217
106 218
106 219
106 220
106 222
106 225
106 226
106 227
106 229
106 230
106 235
106 236
106 238
106 241
106 242
106 243
106 244
106 250
106 257
106 258
106 261
106 262
106 263
106 264
106 265
106 267
106 270
106 272
106 276
106 282
106 285
106 286
106 287
106 288
106 291
106 293
106 296
106 297
106 299
106 300
106 302
106 303
106 304
106 310
106 312
106 315
106 318
106 321
106 324
106 325
106 326
106 328
106 329
106 330
106 331
106 334
106 335
106 337
106 340
106 341
106 345
106 347
106 348
106 349
106 352
106 354
106 358
106 360
106 362
106 363
106 364
106 369
106 370
106 372
106 374
106 375
106 376
106 377
106 378
106 380
106 381
106 383
106 385
106 388
106 389
106 391
106 392
106 397
106 398
106 399
106 401
106 405
106 406
106 409
106 412
106 414
106 415
106 416
106 417
106 419
106 421
106 423
106 424
106 429
106 430
106 432
106 433
106 434
106 435
106 436
106 437
106 438
106 441
106 442
106 443
106 445
106 447
106 449
106 452
106 454
106 455
106 457
106 461
106 463
106 464
106 465
106 466
106 470
106 471
106 473
106 474
106 477
106 478
106 479
106 482
106 484
106 485
106 492
106 496
106 498
107 110
107 112
107 117
107 118
107 121
107 122
107 124
107 131
107 135
107 137
107 138
107 141
107 142
107 144
107 145
107 146
107 147
107 148
107 150
107 152
107 154
107 157
107 158
107 159
107 160
107 161
107 163
107 165
107 166
107 167
107 168
107 169
107 174
107 175
107 176
107 177
107 185
107 191
107 192
107 194
107 195
107 196
107 199
107 202
107 203
107 204
107 205
107 206
107 207
107 212
107 213
107 215
107 218
107 220
107 222
107 223
107 225
107 228
107 230
107 231
107 232
107 233
107 234
107 235
107 239
107 245
107 246
107 247
107 252
107 254
107 255
107 256
107 257
107 260
107 262
107 263
107 265
107 267
107 268
107 276
107 277
107 280
107 286
107 287
107 288
107 291
107 292
107 295
107 304
107 307
107 308
107 310
107 313
107 314
107 315
107 317
107 318
107 322
107 325
107 326
107 327
107 329
107 330
107 331
107 332
107 335
107 336
107 337
107 341
107 342
107 343
107 348
107 352
107 353
107 356
107 358
107 360
107 363
107 364
107 366
107 367
107 369
107 370
107 371
107 372
107 373
107 374
107 377
107 380
107 381
107 382
107 386
107 387
107 389
107 390
107 391
107 392
107 394
107 396
107 397
107 402
107 404
107 405
107 406
107 411
107 416
107 417
107 421
107 427
107 430
107 431
107 432
107 436
107 437
107 439
107 440
107 442
107 443
107 444
107 446
107 448
107 450
107 451
107 453
107 455
107 457
107 463
107 464
107 465
107 466
107 467
107 469
107 472
107 476
107 477
107 481
107 483
107 484
107 485
107 486
107 492
107 494
107 495
107 496
107 497
107 499
108 111
108 113
108 114
108 115
108 116
108 121
108 123
108 125
108 126
108 130
108 131
108 135
108 140
108 142
108 144
108 145
108 146
108 147
108 148
108 149
108 150
108 151
108 152
108 153
108 154
108 155
108 156
108 157
108 158
108 159
108 160
108 162
108 163
108 164
108 167
108 168
108 172
108 176
108 177
108 182
108 184
108 186
108 188
108 189
108 191
108 192
108 193
108 194
108 196
108 197
108 198
108 199
108 201
108 203
108 205
108 206
108 207
108 208
108 210
108 212
108 214
108 215
108 216
108 219
108 220
108 221
108 222
108 223
108 224
108 225
108 228
108 229
108 232
108 239
108 241
108 243
108 244
108 247
108 253
108 254
108 256
108 259
108 260
108 261
108 263
108 264
108 266
108 268
108 269
108 270
108 272
108 275
108 276
108 282
108 284
108 286
108 287
108 289
108 295
108 296
108 297
108 298
108 300
108 301
108 303
108 307
108 308
108 312
108 313
108 314
108 316
108 317
108 318
108 321
108 322
108 324
108 333
108 334
108 335
108 336
108 337
108 338
108 342
108 346
108 350
108 353
108 354
108 355
108 356
108 360
108 362
108 365
108 366
108 367
108 368
108 369
108 370
108 373
108 374
108 376
108 377
108 383
108 386
108 387
108 389
108 396
108 400
108 401
108 402
108 403
108 404
108 405
108 407
108 409
108 411
108 414
108 417
108 418
108 419
108 420
108 423
108 424
108 428
108 430
108 432
108 440
108 442
108 444
108 445
108 447
108 448
108 449
108 450
108 452
108 455
108 458
108 460
108 462
108 463
108 464
108 467
108 468
108 472
108 473
108 474
108 477
108 478
108 481
108 482
108 488
108 492
108 494
108 497
108 499
109 110
109 111
109 112
109 114
109 115
109 117
109 119
109 121
109 123
109 124
109 126
109 129
109 132
109 134
109 136
109 138
109 139
109 141
109 142
109 145
109 151
109 152
109 153
109 154
109 155
109 156
109 157
109 158
109 160
109 161
109 162
109 163
109 167
109 168
109 169
109 170
109 171
109 172
109 173
109 174
109 176
109 177
109 179
109 180
109 181
109 182
109 183
109 185
109 186
109 190
109 193
109 200
109 203
109 205
109 209
109 211
109 212
109 213
109 214
109 217
109 218
109 220
109 221
109 224
109 225
109 226
109 227
109 230
109 232
109 233
109 235
109 236
109 237
109 239
109 240
109 241
109 242
109 245
109 246
109 248
109 251
109 252
109 254
109 256
109 259
109 260
109 263
109 265
109 266
109 268
109 269
109 270
109 272
109 274
109 276
109 279
109 280
109 281
109 285
109 286
109 288
109 289
109 291
109 293
109 294
109 296
109 298
109 302
109 304
109 308
109 310
109 312
109 313
109 315
109 316
109 318
109 319
109 322
109 324
109 327
109 328
109 329
109 333
109 335
109 336
109 337
109 339
109 340
109 341
109 343
109 345
109 346
109 347
109 348
109 349
109 352
109 356
109 363
109 365
109 366
109 367
109 369
109 371
109 373
109 374
109 375
109 377
109 379
109 381
109 382
109 384
109 385
109 386
109 388
109 390
109 391
109 392
109 393
109 394
109 395
109 398
109 399
109 400
109 401
109 403
109 405
109 406
109 407
109 410
109 411
109 412
109 416
109 417
109 418
109 422
109 423
109 425
109 427
109 428
109 429
109 433
109 434
109 437
109 438
109 439
109 440
109 441
109 444
109 446
109 447
109 448
109 449
109 450
109 451
109 453
109 454
109 456
109 459
109 463
109 466
109 467
109 468
109 469
109 472
109 474
109 477
109 480
109 482
109 486
109 487
109 489
109 491
109 493
109 494
109 495
109 497
110 116
110 118
110 119
110 120
110 122
110 124
110 129
110 131
110 132
110 133
110 134
110 135
110 136
110 137
110 138
110 139
110 140
110 147
110 149
110 151
110 152
110 153
110 154
110 157
110 158
110 160
110 161
110 162
110 164
110 165
110 166
110 167
110 170
110 175
110 177
110 179
110 182
110 188
110 189
110 191
110 192
110 193
110 198
110 200
110 203
110 205
110 208
110 211
110 212
110 214
110 215
110 216
110 217
110 219
110 220
110 222
110 223
110 226
110 228
110 229
110 232
110 235
110 237
110 238
110 239
110 241
110 244
110 248
110 250
110 251
110 256
110 258
110 262
110 264
110 265
110 267
110 268
110 269
110 271
110 272
110 276
110 277
110 279
110 282
110 283
110 284
110 285
110 286
110 287
110 288
110 290
110 294
110 295
110 296
110 297
110 299
110 300
110 301
110 304
110 305
110 306
110 307
110 308
110 309
110 312
110 315
110 316
110 317
110 319
110 322
110 324
110 325
110 326
110 327
110 329
110 331
110 332
110 333
110 334
110 335
110 336
110 338
110 342
110 344
110 345
110 350
110 353
110 357
110 358
110 361
110 364
110 366
110 367
110 368
110 373
110 374
110 375
110 376
110 378
110 379
110 380
110 384
110 388
110 389
110 390
110 396
110 398
110 400
110 401
110 404
110 405
110 406
110 409
110 410
110 415
110 417
110 419
110 420
110 421
110 422
110 423
110 425
110 427
110 428
110 429
110 431
110 433
110 437
110 441
110 442
110 444
110 445
110 446
110 447
110 448
110 449
110 453
110 456
110 458
110 461
110 463
110 465
110 466
110 468
110 469
110 470
110 477
110 478
110 481
110 482
110 484
110 485
110 489
110 490
110 491
110 493
110 496
110 497
111 112
111 113
111 117
111 118
111 119
111 120
111 123
111 125
111 126
111 127
111 128
111 130
111 132
111 134
111 135
111 137
111 138
111 141
111 143
111 146
111 147
111 148
111 149
111 150
111 154
111 155
111 156
111 159
111 160
111 161
111 163
111 164
111 165
111 166
111 167
111 168
111 171
111 172
111 177
111 179
111 182
111 183
111 186
111 188
111 189
111 190
111 191
111 193
111 197
111 198
111 199
111 201
111 203
111 204
111 206
111 208
111 209
111 210
111 215
111 216
111 218
111 219
111 220
111 223
111 226
111 231
111 234
111 235
111 237
111 239
111 241
111 242
111 243
111 244
111 245
111 249
111 252
111 256
111 257
111 259
111 262
111 264
111 265
111 267
111 268
111 270
111 273
111 276
111 277
111 278
111 279
111 283
111 284
111 285
111 287
111 288
111 289
111 290
111 292
111 293
111 294
111 296
111 298
111 299
111 300
111 301
111 302
111 304
111 305
111 307
111 308
111 309
111 310
111 313
111 316
111 317
111 321
111 322
111 324
111 325
111 326
111 327
111 328
111 330
111 331
111 334
111 335
111 337
111 338
111 340
111 341
111 342
111 344
111 345
111 352
111 355
111 357
111 358
111 361
111 363
111 364
111 366
111 368
111 369
111 371
111 372
111 375
111 379
111 383
111 386
111 389
111 391
111 392
111 394
111 396
111 397
111 402
111 406
111 407
111 408
111 409
111 410
111 413
111 415
111 416
111 419
111 420
111 421
111 422
111 423
111 424
111 426
111 427
111 430
111 433
111 434
111 435
111 438
111 442
111 445
111 446
111 447
111 448
111 449
111 453
111 454
111 462
111 464
111 465
111 469
111 470
111 472
111 474
111 475
111 476
111 477
111 478
111 480
111 482
111 486
111 487
111 490
111 491
111 492
111 493
111 494
111 495
111 496
111 497
111 499
112 113
112 116
112 117
112 119
112 120
112 122
112 123
112 124
112 127
112 129
112 132
112 134
112 135
112 138
112 139
112 141
112 142
112 144
112 145
112 146
112 148
112 151
112 152
112 153
112 154
112 157
112 158
112 159
112 160
112 161
112 166
112 168
112 171
112 172
112 175
112 176
112 177
112 179
112 180
112 182
112 184
112 185
112 187
112 188
112 189
112 190
112 191
112 192
112 193
112 195
112 197
112 198
112 200
112 202
112 203
112 205
112 206
112 208
112 209
112 211
112 212
112 215
112 221
112 222
112 224
112 225
112 228
112 231
112 236
112 237
112 238
112 239
112 241
112 242
112 243
112 245
112 246
112 247
112 249
112 252
112 254
112 258
112 263
112 265
112 269
112 270
112 271
112 272
112 273
112 274
112 276
112 277
112 281
112 286
112 290
112 293
112 294
112 295
112 298
112 301
112 302
112 303
112 304
112 306
112 307
112 308
112 309
112 310
112 311
112 312
112 316
112 318
112 321
112 323
112 324
112 327
112 328
112 331
112 334
112 337
112 338
112 340
112 342
112 343
112 344
112 347
112 348
112 350
112 351
112 352
112 354
112 356
112 357
112 362
112 363
112 364
112 365
112 366
112 367
112 370
112 373
112 375
112 376
112 377
112 378
112 380
112 381
112 382
112 385
112 387
112 391
112 397
112 398
112 399
112 405
112 406
112 407
112 408
112 409
112 411
112 412
112 413
112 414
112 416
112 418
112 419
112 421
112 423
112 424
112 425
112 427
112 430
112 432
112 436
112 437
112 438
112 440
112 444
112 445
112 447
112 449
112 452
112 455
112 456
112 457
112 458
112 460
112 461
112 462
112 466
112 467
112 468
112 473
112 478
112 481
112 484
112 485
112 489
112 491
112 492
112 493
112 499
113 115
113 117
113 118
113 119
113 126
113 127
113 129
113 130
113 131
113 132
113 133
113 135
113 136
113 137
113 138
113 139
113 140
113 141
113 143
113 146
113 148
113 149
113 150
113 151
113 155
113 156
113 158
113 160
113 162
113 163
113 165
113 167
113 169
113 172
113 173
113 176
113 178
113 179
113 180
113 182
113 186
113 187
113 195
113 196
113 199
113 200
113 201
113 205
113 206
113 209
113 210
113 217
113 220
113 222
113 223
113 225
113 227
113 232
113 235
113 237
113 242
113 243
113 245
113 247
113 252
113 253
113 254
113 255
113 257
113 260
113 262
113 263
113 265
113 275
113 282
113 283
113 284
113 292
113 293
113 297
113 299
113 305
113 308
113 311
113 312
113 313
113 316
113 318
113 319
113 323
113 324
113 325
113 326
113 327
113 330
113 333
113 337
113 338
113 339
113 341
113 343
113 346
113 347
113 350
113 351
113 353
113 356
113 357
113 358
113 359
113 361
113 365
113 366
113 368
113 369
113 370
113 371
113 374
113 379
113 380
113 381
113 382
113 385
113 386
113 387
113 395
113 397
113 398
113 399
113 400
113 401
113 407
113 411
113 412
113 413
113 414
113 416
113 422
113 426
113 427
113 430
113 431
113 432
113 433
113 434
113 435
113 436
113 437
113 440
113 441
113 442
113 443
113 444
113 445
113 446
113 448
113 449
113 452
113 453
113 454
113 458
113 460
113 461
113 463
113 465
113 466
113 468
113 472
113 474
113 476
113 477
113 482
113 483
113 485
113 486
113 487
113 488
113 489
113 490
113 491
113 492
113 494
113 499
114 115
114 118
114 119
114 121
114 122
114 124
114 126
114 127
114 128
114 129
114 131
114 132
114 133
114 134
114 135
114 136
114 137
114 140
114 141
114 142
114 146
114 147
114 148
114 150
114 151
114 152
114 153
114 154
114 155
114 156
114 157
114 158
114 159
114 160
114 163
114 169
114 171
114 173
114 175
114 177
114 180
114 183
114 184
114 185
114 186
114 188
114 189
114 190
114 192
114 193
114 194
114 195
114 196
114 198
114 199
114 201
114 202
114 205
114 207
114 210
114 213
114 215
114 216
114 217
114 221
114 223
114 225
114 226
114 231
114 234
114 236
114 238
114 239
114 240
114 245
114 246
114 247
114 248
114 254
114 255
114 256
114 257
114 258
114 261
114 262
114 265
114 273
114 274
114 275
114 277
114 278
114 279
114 280
114 285
114 286
114 287
114 292
114 293
114 294
114 296
114 297
114 302
114 304
114 305
114 308
114 310
114 317
114 318
114 321
114 322
114 324
114 327
114 328
114 329
114 332
114 333
114 335
114 336
114 338
114 340
114 341
114 342
114 343
114 344
114 345
114 346
114 347
114 348
114 349
114 350
114 351
114 352
114 356
114 359
114 361
114 362
114 363
114 366
114 367
114 368
114 371
114 372
114 373
114 374
114 375
114 376
114 378
114 379
114 382
114 384
114 385
114 388
114 389
114 391
114 393
114 394
114 400
114 402
114 403
114 405
114 406
114 408
114 411
114 412
114 413
114 417
114 418
114 419
114 423
114 424
114 426
114 427
114 428
114 430
114 431
114 435
114 437
114 438
114 443
114 444
114 446
114 449
114 450
114 451
114 452
114 453
114 455
114 456
114 457
114 460
114 462
114 463
114 464
114 466
114 468
114 469
114 472
114 474
114 476
114 478
114 479
114 481
114 483
114 485
114 487
114 489
114 490
114 491
114 492
114 495
114 499
115 117
115 118
115 119
115 121
115 122
115 123
115 124
115 128
115 131
115 132
115 136
115 137
115 138
115 140
115 144
115 145
115 146
115 147
115 148
115 150
115 152
115 153
115 154
115 155
115 157
115 159
115 160
115 167
115 168
115 169
115 172
115 173
115 174
115 176
115 177
115 178
115 180
115 182
115 188
115 191
115 192
115 194
115 196
115 197
115 199
115 201
115 203
115 204
115 206
115 207
115 208
115 211
115 215
115 216
115 217
115 218
115 220
115 221
115 222
115 226
115 227
115 228
115 229
115 231
115 233
115 234
115 235
115 236
115 237
115 239
115 240
115 243
115 247
115 248
115 249
115 250
115 253
115 255
115 257
115 259
115 260
115 261
115 262
115 266
115 269
115 271
115 274
115 275
115 278
115 280
115 283
115 284
115 288
115 291
115 292
115 294
115 296
115 297
115 298
115 300
115 303
115 305
115 315
115 317
115 320
115 322
115 323
115 325
115 330
115 331
115 333
115 336
115 339
115 341
115 343
115 344
115 348
115 350
115 353
115 354
115 355
115 356
115 359
115 360
115 361
115 366
115 367
115 369
115 370
115 371
115 372
115 376
115 377
115 382
115 383
115 384
115 388
115 389
115 392
115 393
115 394
115 396
115 399
115 400
115 401
115 402
115 403
115 404
115 405
115 407
115 408
115 409
115 410
115 413
115 414
115 415
115 417
115 427
115 428
115 430
115 431
115 432
115 435
115 436
115 437
115 438
115 443
115 445
115 446
115 447
115 448
115 449
115 450
115 453
115 454
115 455
115 457
115 459
115 460
115 464
115 466
115 467
115 471
115 472
115 474
115 475
115 476
115 477
115 478
115 480
115 482
115 483
115 485
115 486
115 487
115 490
115 491
115 496
115 497
116 117
116 119
116 124
116 125
116 126
116 128
116 129
116 132
116 135
116 137
116 143
116 145
116 146
116 148
116 150
116 152
116 156
116 158
116 159
116 160
116 161
116 162
116 163
116 165
116 167
116 168
116 169
116 172
116 177
116 178
116 179
116 180
116 181
116 183
116 186
116 188
116 189
116 192
116 195
116 196
116 200
116 201
116 204
116 210
116 211
116 212
116 213
116 218
116 221
116 223
116 227
116 228
116 229
116 230
116 232
116 236
116 238
116 240
116 241
116 242
116 246
116 249
116 252
116 254
116 256
116 258
116 259
116 263
116 264
116 269
116 270
116 273
116 276
116 277
116 281
116 284
116 285
116 287
116 290
116 291
116 296
116 297
116 300
116 302
116 306
116 308
116 313
116 314
116 315
116 316
116 317
116 320
116 321
116 323
116 325
116 329
116 330
116 331
116 334
116 335
116 336
116 337
116 340
116 341
116 343
116 344
116 346
116 347
116 349
116 352
116 356
116 357
116 361
116 362
116 364
116 366
116 368
116 370
116 373
116 375
116 379
116 380
116 383
116 384
116 387
116 388
116 390
116 391
116 393
116 398
116 401
116 402
116 404
116 406
116 407
116 408
116 412
116 415
116 417
116 418
116 420
116 426
116 431
116 434
116 436
116 442
116 443
116 444
116 446
116 449
116 452
116 455
116 457
116 460
116 461
116 463
116 467
116 468
116 469
116 471
116 473
116 475
116 477
116 478
116 480
116 482
116 483
116 488
116 489
116 493
116 494
116 495
116 496
116 498
117 118
117 119
117 121
117 124
117 125
117 128
117 129
117 130
117 134
117 137
117 142
117 144
117 145
117 146
117 147
117 149
117 150
117 151
117 152
117 154
117 156
117 157
117 160
117 161
117 166
117 167
117 171
117 173
117 174
117 176
117 178
117 179
117 181
117 183
117 184
117 186
117 187
117 189
117 192
117 195
117 196
117 198
117 201
117 205
117 207
117 214
117 216
117 217
117 218
117 220
117 221
117 227
117 234
117 236
117 238
117 239
117 242
117 243
117 248
117 249
117 250
117 251
117 252
117 255
117 256
117 259
117 260
117 262
117 263
117 264
117 267
117 268
117 269
117 270
117 271
117 272
117 275
117 276
117 277
117 279
117 280
117 281
117 283
117 284
117 286
117 289
117 291
117 292
117 294
117 295
117 297
117 301
117 303
117 304
117 306
117 310
117 311
117 315
117 316
117 319
117 321
117 323
117 324
117 326
117 327
117 331
117 334
117 336
117 340
117 341
117 342
117 343
117 345
117 346
117 348
117 353
117 358
117 360
117 362
117 363
117 364
117 371
117 373
117 374
117 375
117 376
117 377
117 378
117 380
117 381
117 384
117 387
117 388
117 393
117 394
117 395
117 404
117 410
117 412
117 414
117 415
117 417
117 421
117 422
117 424
117 427
117 428
117 430
117 433
117 434
117 435
117 441
117 443
117 447
117 449
117 450
117 453
117 454
117 455
117 456
117 457
117 458
117 459
117 464
117 468
117 474
117 477
117 478
117 481
117 485
117 486
117 487
117 490
117 492
117 493
117 496
117 497
117 498
117 499
118 122
118 126
118 127
118 128
118 129
118 130
118 132
118 134
118 136
118 139
118 140
118 142
118 144
118 146
118 147
118 149
118 152
118 153
118 154
118 155
118 156
118 158
118 159
118 160
118 161
118 162
118 164
118 166
118 167
118 169
118 172
118 177
118 178
118 179
118 182
118 184
118 185
118 186
118 187
118 188
118 189
118 197
118 198
118 201
118 202
118 203
118 205
118 206
118 208
118 209
118 210
118 212
118 213
118 214
118 215
118 217
118 220
118 227
118 228
118 231
118 233
118 235
118 238
118 242
118 244
118 247
118 249
118 250
118 251
118 252
118 254
118 255
118 256
118 258
118 259
118 260
118 263
118 264
118 266
118 270
118 272
118 274
118 275
118 276
118 277
118 278
118 283
118 285
118 286
118 289
118 290
118 292
118 293
118 295
118 296
118 297
118 298
118 304
118 305
118 306
118 307
118 308
118 309
118 310
118 313
118 314
118 317
118 318
118 321
118 324
118 325
118 326
118 327
118 328
118 330
118 331
118 336
118 337
118 338
118 341
118 342
118 343
118 344
118 347
118 349
118 350
118 351
118 352
118 355
118 357
118 358
118 359
118 362
118 363
118 364
118 365
118 366
118 367
118 369
118 371
118 374
118 379
118 380
118 383
118 384
118 385
118 386
118 391
118 396
118 399
118 400
118 401
118 403
118 406
118 409
118 412
118 413
118 414
118 417
118 419
118 422
118 423
118 424
118 430
118 435
118 438
118 440
118 441
118 444
118 446
118 449
118 450
118 451
118 455
118 456
118 457
118 461
118 463
118 465
118 466
118 467
118 469
118 470
118 474
118 476
118 477
118 478
118 479
118 481
118 482
118 483
118 485
118 486
118 487
118 488
118 489
118 491
118 493
118 494
118 495
118 496
118 497
119 120
119 123
119 124
119 125
119 126
119 129
119 132
119 134
119 136
119 137
119 139
119 141
119 143
119 144
119 145
119 147
119 148
119 152
119 155
119 156
119 157
119 158
119 160
119 168
119 169
119 174
119 177
119 178
119 179
119 180
119 181
119 182
119 183
119 187
119 190
119 191
119 192
119 193
119 195
119 197
119 199
119 200
119 201
119 206
119 208
119 209
119 212
119 213
119 215
119 219
119 220
119 223
119 224
119 225
119 226
119 227
119 228
119 229
119 230
119 235
119 236
119 241
119 242
119 243
119 244
119 248
119 250
119 252
119 255
119 258
119 259
119 261
119 265
119 268
119 269
119 271
119 273
119 275
119 276
119 277
119 279
119 280
119 281
119 282
119 283
119 284
119 287
119 288
119 290
119 293
119 295
119 296
119 303
119 304
119 305
119 306
119 307
119 308
119 310
119 313
119 315
119 316
119 319
119 322
119 323
119 327
119 328
119 330
119 331
119 332
119 334
119 336
119 338
119 340
119 344
119 346
119 347
119 348
119 349
119 350
119 351
119 353
119 355
119 356
119 358
119 360
119 363
119 364
119 366
119 368
119 371
119 372
119 374
119 375
119 377
119 382
119 384
119 385
119 389
119 392
119 395
119 397
119 399
119 404
119 407
119 408
119 411
119 415
119 419
119 422
119 425
119 426
119 429
119 430
119 433
119 435
119 438
119 440
119 442
119 443
119 446
119 449
119 453
119 455
119 456
119 458
119 459
119 462
119 465
119 468
119 469
119 471
119 472
119 478
119 479
119 481
119 482
119 484
119 485
119 487
119 488
119 490
119 491
119 492
119 493
119 494
119 498
119 499
120 123
120 127
120 128
120 130
120 131
120 137
120 138
120 139
120 140
120 141
120 144
120 146
120 147
120 148
120 149
120 151
120 153
120 155
120 156
120 160
120 163
120 164
120 170
120 173
120 182
120 183
120 185
120 187
120 189
120 195
120 197
120 199
120 204
120 205
120 206
120 207
120 208
120 209
120 210
120 211
120 212
120 218
120 220
120 222
120 226
120 227
120 230
120 231
120 232
120 233
120 234
120 239
120 241
120 242
120 244
120 245
120 249
120 250
120 251
120 254
120 256
120 259
120 260
120 268
120 270
120 273
120 274
120 275
120 278
120 279
120 280
120 281
120 282
120 283
120 284
120 285
120 286
120 288
120 290
120 297
120 298
120 304
120 305
120 307
120 308
120 309
120 310
120 313
120 314
120 315
120 318
120 319
120 320
120 321
120 322
120 323
120 326
120 327
120 329
120 330
120 331
120 333
120 335
120 336
120 337
120 338
120 339
120 340
120 341
120 342
120 343
120 345
120 347
120 349
120 350
120 351
120 353
120 356
120 358
120 361
120 362
120 363
120 365
120 368
120 369
120 371
120 372
120 374
120 380
120 382
120 383
120 384
120 394
120 395
120 397
120 399
120 400
120 401
120 402
120 403
120 405
120 406
120 410
120 411
120 417
120 422
120 423
120 424
120 426
120 428
120 432
120 434
120 438
120 439
120 441
120 444
120 446
120 453
120 455
120 457
120 462
120 466
120 468
120 469
120 478
120 480
120 482
120 484
120 487
120 492
120 496
120 497
121 122
121 124
121 125
121 126
121 127
121 128
121 131
121 132
121 133
121 138
121 147
121 148
121 149
121 151
121 155
121 156
121 158
121 159
121 161
121 165
121 166
121 167
121 169
121 170
121 171
121 175
121 176
121 179
121 180
121 182
121 183
121 184
121 187
121 188
121 189
121 190
121 191
121 192
121 193
121 198
121 200
121 201
121 202
121 203
121 207
121 209
121 211
121 212
121 214
121 216
121 217
121 222
121 223
121 224
121 225
121 228
121 229
121 232
121 233
121 235
121 240
121 241
121 243
121 246
121 248
121 249
121 250
121 252
121 253
121 255
121 257
121 259
121 267
121 268
121 271
121 272
121 274
121 275
121 276
121 281
121 283
121 284
121 287
121 288
121 290
121 292
121 293
121 296
121 297
121 301
121 302
121 304
121 305
121 306
121 307
121 308
121 310
121 311
121 312
121 313
121 315
121 316
121 317
121 320
121 321
121 323
121 324
121 326
121 331
121 334
121 336
121 337
121 340
121 346
121 347
121 348
121 349
121 351
121 352
121 354
121 355
121 356
121 357
121 359
121 368
121 371
121 375
121 376
121 379
121 381
121 386
121 390
121 394
121 396
121 397
121 399
121 400
121 404
121 406
121 407
121 408
121 409
121 411
121 412
121 416
121 420
121 422
121 425
121 429
121 430
121 433
121 436
121 437
121 438
121 439
121 441
121 442
121 444
121 450
121 451
121 453
121 461
121 467
121 468
121 470
121 472
121 475
121 476
121 479
121 481
121 482
121 483
121 486
121 488
121 489
121 493
121 494
122 123
122 125
122 131
122 132
122 134
122 137
122 138
122 139
122 141
122 143
122 144
122 145
122 148
122 149
122 155
122 157
122 159
122 163
122 167
122 168
122 170
122 171
122 173
122 178
122 180
122 181
122 185
122 191
122 192
122 193
122 194
122 197
122 199
122 201
122 202
122 203
122 204
122 205
122 207
122 212
122 213
122 215
122 216
122 219
122 220
122 221
122 222
122 223
122 224
122 225
122 227
122 229
122 232
122 233
122 234
122 237
122 238
122 241
122 244
122 245
122 247
122 251
122 252
122 253
122 254
122 258
122 259
122 261
122 263
122 264
122 268
122 269
122 271
122 272
122 275
122 276
122 277
122 278
122 279
122 281
122 285
122 287
122 288
122 291
122 292
122 293
122 295
122 296
122 297
122 299
122 311
122 312
122 314
122 315
122 317
122 319
122 320
122 321
122 324
122 327
122 329
122 332
122 336
122 341
122 342
122 344
122 345
122 346
122 348
122 349
122 351
122 355
122 356
122 358
122 360
122 362
122 364
122 366
122 367
122 369
122 372
122 376
122 378
122 381
122 382
122 384
122 388
122 389
122 390
122 393
122 394
122 396
122 397
122 399
122 402
122 403
122 404
122 405
122 406
122 407
122 408
122 412
122 414
122 415
122 417
122 418
122 420
122 422
122 425
122 434
122 435
122 436
122 438
122 440
122 442
122 443
122 444
122 446
122 449
122 450
122 451
122 452
122 453
122 455
122 456
122 457
122 458
122 459
122 462
122 463
122 464
122 465
122 466
122 468
122 469
122 473
122 474
122 477
122 478
122 480
122 484
122 485
122 487
122 488
122 489
122 495
122 496
122 497
123 124
123 127
123 130
123 132
123 135
123 136
123 142
123 143
123 145
123 147
123 148
123 155
123 159
123 161
123 162
123 164
123 166
123 167
123 168
123 171
123 175
123 176
123 177
123 180
123 181
123 184
123 186
123 187
123 193
123 198
123 200
123 202
123 204
123 205
123 210
123 211
123 213
123 216
123 218
123 219
123 220
123 225
123 227
123 228
123 231
123 232
123 233
123 235
123 239
123 240
123 243
123 244
123 246
123 248
123 251
123 252
123 253
123 265
123 266
123 268
123 269
123 271
123 272
123 274
123 277
123 278
123 280
123 282
123 283
123 284
123 285
123 286
123 290
123 291
123 292
123 294
123 295
123 296
123 297
123 298
123 306
123 309
123 311
123 312
123 316
123 318
123 321
123 324
123 327
123 329
123 330
123 332
123 333
123 334
123 336
123 337
123 338
123 340
123 342
123 345
123 347
123 348
123 351
123 352
123 354
123 355
123 357
123 358
123 360
123 361
123 362
123 364
123 365
123 368
123 369
123 371
123 372
123 373
123 374
123 375
123 376
123 377
123 378
123 380
123 381
123 382
123 383
123 389
123 390
123 392
123 394
123 395
123 397
123 401
123 403
123 404
123 407
123 409
123 411
123 412
123 413
123 418
123 419
123 420
123 426
123 427
123 428
123 431
123 432
123 434
123 435
123 436
123 438
123 440
123 441
123 442
123 446
123 448
123 449
123 451
123 452
123 453
123 454
123 461
123 462
123 464
123 465
123 466
123 469
123 470
123 471
123 472
123 473
123 474
123 475
123 477
123 479
123 483
123 485
123 487
123 488
123 489
123 491
123 495
123 497
124 126
124 128
124 131
124 136
124 137
124 138
124 140
124 142
124 143
124 144
124 147
124 149
124 150
124 154
124 156
124 158
124 159
124 163
124 164
124 167
124 168
124 169
124 172
124 174
124 176
124 179
124 184
124 188
124 190
124 191
124 196
124 197
124 199
124 200
124 201
124 204
124 205
124 206
124 208
124 209
124 211
124 212
124 215
124 216
124 218
124 225
124 227
124 232
124 234
124 236
124 239
124 240
124 242
124 246
124 247
124 248
124 250
124 251
124 254
124 255
124 256
124 258
124 260
124 261
124 262
124 263
124 264
124 265
124 268
124 269
124 270
124 272
124 273
124 274
124 275
124 277
124 279
124 281
124 284
124 285
124 287
124 291
124 294
124 295
124 297
124 299
124 306
124 307
124 308
124 309
124 314
124 316
124 317
124 318
124 320
124 324
124 325
124 329
124 330
124 331
124 332
124 334
124 337
124 339
124 343
124 346
124 347
124 348
124 350
124 352
124 355
124 359
124 363
124 364
124 365
124 366
124 367
124 368
124 373
124 374
124 375
124 376
124 377
124 379
124 380
124 382
124 383
124 385
124 389
124 390
124 393
124 394
124 396
124 397
124 399
124 402
124 406
124 408
124 410
124 411
124 412
124 415
124 417
124 418
124 420
124 423
124 424
124 427
124 430
124 431
124 434
124 436
124 438
124 444
124 445
124 446
124 447
124 448
124 449
124 450
124 452
124 454
124 458
124 459
124 462
124 464
124 466
124 467
124 469
124 470
124 471
124 475
124 476
124 477
124 479
124 481
124 482
124 483
124 485
124 486
124 487
124 489
124 490
124 491
124 494
124 495
124 499
125 126
125 127
125 128
125 129
125 130
125 134
125 137
125 141
125 144
125 145
125 146
125 147
125 150
125 151
125 153
125 155
125 158
125 159
125 160
125 162
125 163
125 164
125 168
125 169
125 171
125 176
125 177
125 178
125 180
125 181
125 182
125 184
125 188
125 193
125 196
125 197
125 200
125 201
125 202
125 203
125 205
125 208
125 209
125 210
125 211
125 212
125 214
125 216
125 218
125 219
125 220
125 221
125 223
125 224
125 226
125 233
125 234
125 235
125 236
125 237
125 242
125 243
125 244
125 246
125 247
125 249
125 250
125 251
125 252
125 255
125 256
125 259
125 261
125 262
125 266
125 269
125 270
125 271
125 272
125 273
125 274
125 275
125 277
125 278
125 280
125 282
125 283
125 284
125 286
125 287
125 290
125 291
125 292
125 294
125 295
125 298
125 299
125 300
125 303
125 305
125 308
125 309
125 310
125 315
125 317
125 320
125 322
125 323
125 325
125 328
125 329
125 331
125 333
125 336
125 337
125 338
125 339
125 345
125 348
125 349
125 354
125 355
125 356
125 357
125 359
125 360
125 362
125 363
125 364
125 365
125 368
125 370
125 371
125 372
125 373
125 374
125 376
125 378
125 379
125 381
125 382
125 385
125 386
125 388
125 389
125 390
125 391
125 393
125 397
125 401
125 403
125 404
125 407
125 409
125 413
125 415
125 416
125 417
125 419
125 420
125 422
125 424
125 427
125 429
125 430
125 431
125 432
125 433
125 434
125 435
125 437
125 438
125 439
125 441
125 442
125 444
125 445
125 447
125 450
125 452
125 453
125 454
125 455
125 456
125 458
125 460
125 462
125 464
125 465
125 466
125 467
125 471
125 473
125 475
125 476
125 478
125 479
125 481
125 482
125 484
125 488
125 490
125 491
125 493
125 494
125 495
125 499
126 127
126 129
126 132
126 133
126 136
126 137
126 138
126 139
126 140
126 143
126 145
126 148
126 149
126 150
126 153
126 155
126 157
126 158
126 160
126 161
126 167
126 168
126 170
126 173
126 180
126 184
126 187
126 188
126 189
126 190
126 192
126 193
126 195
126 196
126 197
126 198
126 199
126 202
126 204
126 206
126 208
126 213
126 218
126 219
126 221
126 222
126 224
126 225
126 227
126 228
126 229
126 232
126 233
126 235
126 239
126 240
126 244
126 245
126 246
126 247
126 248
126 252
126 255
126 257
126 258
126 260
126 262
126 267
126 268
126 270
126 271
126 272
126 274
126 277
126 278
126 280
126 285
126 286
126 288
126 289
126 291
126 292
126 295
126 297
126 298
126 301
126 302
126 303
126 305
126 306
126 309
126 311
126 312
126 315
126 316
126 317
126 318
126 319
126 323
126 324
126 325
126 326
126 327
126 329
126 330
126 331
126 332
126 335
126 337
126 341
126 342
126 345
126 347
126 349
126 350
126 351
126 352
126 353
126 354
126 356
126 357
126 358
126 360
126 361
126 362
126 363
126 365
126 366
126 368
126 371
126 372
126 374
126 378
126 379
126 380
126 386
126 387
126 389
126 390
126 392
126 393
126 396
126 398
126 399
126 403
126 404
126 405
126 406
126 407
126 409
126 410
126 411
126 415
126 417
126 419
126 422
126 423
126 425
126 428
126 429
126 433
126 434
126 437
126 439
126 440
126 445
126 446
126 447
126 449
126 450
126 452
126 459
126 463
126 472
126 473
126 474
126 476
126 479
126 482
126 486
126 487
126 490
126 493
126 496
126 497
127 131
127 134
127 135
127 136
127 137
127 139
127 141
127 142
127 143
127 144
127 146
127 149
127 152
127 153
127 160
127 166
127 167
127 168
127 169
127 173
127 174
127 176
127 177
127 179
127 181
127 182
127 183
127 185
127 187
127 188
127 189
127 190
127 195
127 199
127 200
127 201
127 202
127 203
127 204
127 206
127 209
127 211
127 213
127 214
127 216
127 217
127 222
127 224
127 227
127 229
127 230
127 232
127 235
127 236
127 238
127 240
127 241
127 248
127 250
127 251
127 252
127 256
127 257
127 261
127 262
127 264
127 267
127 274
127 275
127 276
127 278
127 280
127 281
127 283
127 284
127 286
127 287
127 290
127 291
127 292
127 294
127 295
127 296
127 297
127 299
127 304
127 308
127 309
127 310
127 312
127 313
127 314
127 315
127 317
127 319
127 321
127 327
127 332
127 333
127 338
127 339
127 341
127 342
127 353
127 354
127 355
127 357
127 362
127 363
127 364
127 365
127 366
127 367
127 368
127 369
127 371
127 375
127 376
127 378
127 379
127 380
127 383
127 387
127 389
127 392
127 393
127 395
127 396
127 397
127 402
127 405
127 406
127 412
127 413
127 417
127 418
127 419
127 420
127 423
127 424
127 425
127 426
127 427
127 428
127 432
127 434
127 437
127 438
127 442
127 443
127 444
127 445
127 446
127 448
127 451
127 453
127 455
127 456
127 457
127 458
127 460
127 463
127 464
127 466
127 468
127 471
127 475
127 476
127 478
127 480
127 481
127 484
127 485
127 488
127 494
127 497
127 499
128 129
128 131
128 132
128 138
128 139
128 141
128 142
128 143
128 145
128 146
128 147
128 148
128 152
128 153
128 154
128 156
128 159
128 162
128 163
128 164
128 166
128 168
128 170
128 173
128 181
128 185
128 190
128 191
128 194
128 196
128 197
128 198
128 200
128 202
128 205
128 206
128 211
128 212
128 215
128 218
128 220
128 221
128 223
128 226
128 229
128 230
128 233
128 236
128 240
128 247
128 249
128 252
128 256
128 260
128 261
128 264
128 265
128 266
128 267
128 268
128 274
128 276
128 277
128 279
128 282
128 284
128 285
128 286
128 288
128 289
128 293
128 294
128 296
128 299
128 301
128 302
128 306
128 308
128 310
128 312
128 313
128 315
128 316
128 318
128 319
128 320
128 321
128 323
128 326
128 327
128 328
128 329
128 330
128 331
128 332
128 335
128 339
128 341
128 342
128 343
128 347
128 349
128 351
128 352
128 355
128 356
128 357
128 358
128 360
128 362
128 366
128 367
128 368
128 369
128 370
128 373
128 374
128 375
128 376
128 377
128 379
128 380
128 382
128 384
128 385
128 387
128 388
128 389
128 390
128 391
128 392
128 394
128 395
128 398
128 400
128 403
128 404
128 405
128 408
128 409
128 411
128 412
128 413
128 414
128 418
128 419
128 420
128 421
128 423
128 426
128 427
128 428
128 430
128 431
128 432
128 433
128 441
128 442
128 443
128 444
128 446
128 448
128 449
128 451
128 452
128 454
128 455
128 459
128 460
128 461
128 462
128 463
128 464
128 466
128 468
128 470
128 471
128 472
128 474
128 476
128 477
128 478
128 481
128 484
128 487
128 489
128 492
128 493
128 494
128 496
129 130
129 133
129 139
129 142
129 143
129 145
129 147
129 149
129 152
129 153
129 154
129 156
129 159
129 160
129 161
129 162
129 163
129 166
129 167
129 168
129 169
129 170
129 171
129 173
129 174
129 175
129 176
129 177
129 180
129 181
129 182
129 184
129 185
129 192
129 193
129 195
129 196
129 198
129 199
129 200
129 201
129 202
129 204
129 205
129 208
129 209
129 211
129 212
129 215
129 216
129 218
129 219
129 220
129 222
129 223
129 224
129 225
129 230
129 232
129 234
129 235
129 237
129 239
129 240
129 241
129 243
129 244
129 246
129 248
129 249
129 251
129 252
129 254
129 255
129 260
129 261
129 263
129 265
129 268
129 269
129 272
129 273
129 274
129 275
129 276
129 278
129 283
129 285
129 286
129 287
129 290
129 297
129 298
129 299
129 300
129 302
129 303
129 307
129 310
129 312
129 313
129 317
129 318
129 319
129 321
129 323
129 325
129 326
129 327
129 331
129 335
129 336
129 337
129 341
129 342
129 345
129 346
129 348
129 349
129 351
129 352
129 353
129 355
129 356
129 358
129 359
129 360
129 361
129 362
129 363
129 364
129 371
129 372
129 373
129 383
129 385
129 390
129 393
129 394
129 397
129 398
129 401
129 403
129 404
129 405
129 406
129 408
129 409
129 411
129 412
129 413
129 416
129 419
129 420
129 424
129 425
129 426
129 428
129 430
129 432
129 433
129 435
129 439
129 440
129 442
129 443
129 445
129 447
129 449
129 451
129 452
129 456
129 461
129 464
129 466
129 468
129 471
129 474
129 475
129 476
129 477
129 485
129 486
129 490
129 493
129 494
129 495
129 497
129 499
130 133
130 134
130 135
130 138
130 141
130 143
130 147
130 150
130 151
130 153
130 155
130 156
130 161
130 163
130 164
130 165
130 166
130 169
130 170
130 172
130 174
130 177
130 179
130 185
130 188
130 190
130 191
130 198
130 199
130 201
130 205
130 209
130 211
130 212
130 214
130 215
130 216
130 217
130 218
130 219
130 220
130 221
130 223
130 226
130 229
130 230
130 231
130 233
130 236
130 239
130 243
130 245
130 246
130 248
130 250
130 252
130 254
130 256
130 257
130 260
130 261
130 263
130 266
130 269
130 272
130 274
130 277
130 279
130 280
130 281
130 286
130 289
130 290
130 293
130 295
130 297
130 299
130 300
130 301
130 303
130 305
130 307
130 308
130 309
130 310
130 313
130 314
130 317
130 318
130 326
130 328
130 329
130 330
130 335
130 336
130 338
130 339
130 340
130 345
130 348
130 352
130 355
130 356
130 358
130 359
130 365
130 366
130 368
130 371
130 372
130 373
130 374
130 377
130 378
130 382
130 383
130 387
130 390
130 392
130 401
130 402
130 405
130 406
130 407
130 408
130 413
130 414
130 415
130 417
130 419
130 420
130 422
130 423
130 426
130 428
130 429
130 430
130 432
130 433
130 436
130 437
130 441
130 446
130 448
130 451
130 453
130 454
130 456
130 457
130 458
130 459
130 460
130 461
130 463
130 464
130 472
130 474
130 476
130 478
130 481
130 484
130 486
130 490
130 491
130 492
130 494
130 495
130 498
130 499
131 133
131 136
131 137
131 139
131 140
131 142
131 145
131 146
131 147
131 149
131 152
131 155
131 158
131 160
131 162
131 163
131 164
131 165
131 168
131 169
131 170
131 171
131 173
131 174
131 175
131 177
131 178
131 183
131 184
131 185
131 186
131 187
131 192
131 193
131 196
131 200
131 201
131 203
131 204
131 205
131 209
131 210
131 211
131 215
131 216
131 219
131 221
131 222
131 224
131 225
131 226
131 227
131 229
131 232
131 236
131 237
131 239
131 240
131 241
131 244
131 245
131 246
131 247
131 248
131 251
131 256
131 259
131 263
131 265
131 268
131 270
131 273
131 277
131 278
131 279
131 280
131 282
131 283
131 286
131 287
131 288
131 291
131 295
131 296
131 302
131 305
131 308
131 310
131 320
131 321
131 322
131 324
131 325
131 328
131 330
131 331
131 332
131 334
131 335
131 336
131 339
131 342
131 345
131 348
131 350
131 353
131 354
131 355
131 356
131 357
131 363
131 364
131 365
131 366
131 370
131 372
131 374
131 375
131 376
131 379
131 380
131 382
131 383
131 385
131 386
131 387
131 389
131 390
131 394
131 397
131 398
131 399
131 400
131 401
131 402
131 403
131 407
131 409
131 410
131 414
131 416
131 417
131 419
131 420
131 422
131 423
131 424
131 433
131 435
131 436
131 437
131 438
131 440
131 441
131 443
131 448
131 450
131 451
131 452
131 453
131 456
131 458
131 459
131 461
131 463
131 466
131 468
131 470
131 474
131 475
131 476
131 477
131 482
131 484
131 489
131 490
131 491
131 492
131 495
131 499
132 136
132 137
132 138
132 139
132 140
132 141
132 142
132 143
132 148
132 152
132 153
132 158
132 159
132 160
132 161
132 165
132 171
132 173
132 174
132 178
132 182
132 183
132 185
132 190
132 192
132 194
132 198
132 199
132 200
132 201
132 203
132 205
132 206
132 208
132 210
132 216
132 218
132 219
132 220
132 230
132 234
132 235
132 236
132 237
132 238
132 239
132 240
132 241
132 242
132 245
132 246
132 247
132 248
132 250
132 254
132 256
132 257
132 259
132 260
132 262
132 264
132 266
132 267
132 268
132 269
132 271
132 273
132 274
132 275
132 276
132 277
132 278
132 281
132 282
132 286
132 289
132 291
132 292
132 293
132 294
132 295
132 298
132 299
132 302
132 304
132 306
132 307
132 308
132 309
132 311
132 314
132 319
132 322
132 324
132 325
132 329
132 330
132 336
132 340
132 341
132 344
132 345
132 347
132 348
132 353
132 354
132 355
132 356
132 357
132 359
132 360
132 365
132 367
132 368
132 372
132 375
132 379
132 382
132 385
132 387
132 389
132 390
132 396
132 397
132 399
132 401
132 403
132 404
132 405
132 410
132 411
132 413
132 414
132 416
132 418
132 420
132 422
132 423
132 425
132 426
132 427
132 431
132 432
132 435
132 436
132 437
132 439
132 442
132 443
132 444
132 446
132 447
132 448
132 450
132 451
132 452
132 453
132 455
132 456
132 457
132 459
132 464
132 466
132 467
132 468
132 469
132 471
132 474
132 475
132 478
132 481
132 482
132 483
132 484
132 485
132 488
132 491
132 494
132 497
132 499
133 137
133 139
133 143
133 146
133 148
133 151
133 157
133 158
133 160
133 161
133 162
133 165
133 178
133 179
133 181
133 182
133 185
133 188
133 191
133 195
133 199
133 200
133 201
133 205
133 206
133 207
133 208
133 211
133 213
133 217
133 222
133 224
133 228
133 229
133 236
133 239
133 240
133 241
133 242
133 243
133 244
133 246
133 247
133 248
133 249
133 252
133 253
133 256
133 257
133 259
133 260
133 261
133 262
133 263
133 264
133 265
133 266
133 267
133 270
133 271
133 273
133 274
133 275
133 276
133 278
133 281
133 282
133 283
133 284
133 287
133 290
133 291
133 292
133 294
133 295
133 297
133 298
133 299
133 302
133 308
133 311
133 312
133 315
133 318
133 320
133 323
133 325
133 326
133 327
133 329
133 330
133 331
133 333
133 336
133 338
133 341
133 342
133 343
133 344
133 346
133 348
133 350
133 352
133 353
133 354
133 360
133 361
133 362
133 364
133 366
133 367
133 371
133 372
133 374
133 375
133 377
133 381
133 382
133 383
133 384
133 385
133 386
133 388
133 389
133 391
133 395
133 396
133 397
133 399
133 400
133 402
133 403
133 405
133 406
133 407
133 408
133 409
133 410
133 411
133 415
133 418
133 420
133 422
133 423
133 425
133 426
133 428
133 429
133 431
133 432
133 434
133 435
133 436
133 440
133 447
133 449
133 450
133 451
133 453
133 455
133 457
133 459
133 461
133 462
133 464
133 465
133 466
133 471
133 472
133 473
133 474
133 476
133 478
133 483
133 484
133 485
133 486
133 487
133 491
133 492
133 497
133 498
134 138
134 140
134 142
134 143
134 145
134 146
134 152
134 153
134 154
134 156
134 160
134 161
134 166
134 169
134 171
134 172
134 176
134 179
134 180
134 183
134 184
134 185
134 186
134 187
134 189
134 190
134 193
134 197
134 198
134 201
134 202
134 205
134 206
134 207
134 209
134 212
134 217
134 220
134 223
134 225
134 226
134 228
134 230
134 231
134 233
134 235
134 236
134 241
134 243
134 245
134 247
134 248
134 249
134 252
134 260
134 261
134 266
134 268
134 271
134 273
134 274
134 275
134 277
134 278
134 280
134 281
134 284
134 285
134 286
134 288
134 289
134 291
134 294
134 295
134 297
134 300
134 302
134 303
134 304
134 305
134 317
134 319
134 321
134 322
134 324
134 325
134 329
134 330
134 336
134 338
134 339
134 342
134 346
134 347
134 348
134 352
134 355
134 356
134 357
134 358
134 363
134 367
134 369
134 370
134 371
134 372
134 374
134 376
134 377
134 379
134 385
134 387
134 388
134 390
134 391
134 392
134 394
134 395
134 398
134 400
134 401
134 404
134 405
134 406
134 411
134 415
134 422
134 424
134 425
134 428
134 431
134 434
134 435
134 438
134 439
134 441
134 444
134 445
134 446
134 448
134 449
134 450
134 451
134 452
134 454
134 455
134 457
134 458
134 459
134 460
134 461
134 464
134 466
134 468
134 472
134 473
134 474
134 475
134 481
134 482
134 485
134 489
134 490
134 492
134 493
134 494
134 496
134 497
135 136
135 138
135 143
135 144
135 146
135 147
135 151
135 152
135 156
135 158
135 160
135 161
135 165
135 167
135 169
135 170
135 171
135 174
135 175
135 178
135 179
135 180
135 181
135 182
135 183
135 189
135 190
135 192
135 193
135 195
135 197
135 198
135 199
135 202
135 203
135 205
135 206
135 207
135 211
135 212
135 214
135 216
135 217
135 219
135 220
135 223
135 225
135 226
135 230
135 235
135 236
135 237
135 239
135 242
135 244
135 246
135 247
135 249
135 251
135 254
135 255
135 256
135 257
135 258
135 261
135 264
135 268
135 269
135 271
135 272
135 273
135 274
135 275
135 277
135 279
135 282
135 283
135 284
135 285
135 287
135 288
135 291
135 295
135 296
135 297
135 301
135 304
135 306
135 308
135 310
135 311
135 312
135 315
135 316
135 318
135 319
135 320
135 321
135 322
135 324
135 325
135 326
135 328
135 333
135 334
135 336
135 338
135 339
135 340
135 342
135 344
135 345
135 346
135 347
135 349
135 351
135 352
135 353
135 357
135 359
135 360
135 361
135 362
135 363
135 364
135 365
135 367
135 371
135 373
135 377
135 380
135 382
135 383
135 384
135 388
135 395
135 398
135 399
135 401
135 402
135 404
135 406
135 407
135 411
135 415
135 420
135 421
135 423
135 424
135 426
135 429
135 431
135 432
135 433
135 435
135 437
135 440
135 441
135 442
135 450
135 451
135 452
135 453
135 455
135 458
135 459
135 463
135 464
135 468
135 469
135 470
135 472
135 473
135 475
135 477
135 479
135 480
135 481
135 482
135 486
135 487
135 489
135 491
135 493
135 495
135 496
135 497
135 499
136 137
136 141
136 142
136 143
136 145
136 148
136 149
136 150
136 151
136 152
136 160
136 161
136 162
136 163
136 167
136 169
136 170
136 173
136 174
136 175
136 176
136 179
136 181
136 183
136 184
136 187
136 196
136 197
136 200
136 201
136 202
136 203
136 204
136 205
136 207
136 209
136 210
136 211
136 213
136 214
136 215
136 216
136 217
136 219
136 220
136 221
136 222
136 225
136 226
136 228
136 229
136 230
136 233
136 237
136 238
136 239
136 242
136 245
136 249
136 252
136 253
136 255
136 260
136 263
136 264
136 265
136 268
136 271
136 273
136 276
136 277
136 278
136 282
136 284
136 285
136 286
136 287
136 289
136 290
136 291
136 292
136 294
136 298
136 300
136 301
136 303
136 304
136 311
136 312
136 313
136 314
136 315
136 318
136 319
136 320
136 322
136 323
136 324
136 326
136 327
136 328
136 329
136 330
136 333
136 334
136 337
136 338
136 339
136 340
136 342
136 343
136 344
136 350
136 351
136 354
136 355
136 357
136 358
136 359
136 360
136 361
136 365
136 366
136 370
136 372
136 375
136 377
136 380
136 382
136 383
136 385
136 388
136 390
136 392
136 393
136 395
136 396
136 397
136 398
136 399
136 400
136 401
136 403
136 404
136 405
136 406
136 410
136 412
136 413
136 414
136 415
136 416
136 419
136 422
136 423
136 425
136 426
136 427
136 428
136 430
136 432
136 438
136 440
136 441
136 443
136 444
136 445
136 446
136 450
136 453
136 456
136 460
136 461
136 463
136 464
136 466
136 469
136 470
136 474
136 476
136 478
136 479
136 480
136 481
136 482
136 483
136 487
136 488
136 493
136 495
136 499
137 138
137 141
137 142
137 148
137 149
137 151
137 153
137 155
137 156
137 159
137 160
137 161
137 163
137 165
137 173
137 176
137 178
137 185
137 186
137 187
137 188
137 191
137 192
137 197
137 199
137 200
137 202
137 203
137 204
137 209
137 213
137 214
137 217
137 219
137 220
137 221
137 222
137 226
137 227
137 229
137 230
137 231
137 232
137 234
137 235
137 236
137 237
137 241
137 243
137 246
137 254
137 257
137 262
137 263
137 265
137 266
137 267
137 269
137 270
137 276
137 278
137 285
137 286
137 291
137 294
137 295
137 297
137 298
137 300
137 304
137 307
137 308
137 309
137 311
137 312
137 313
137 315
137 318
137 320
137 321
137 322
137 323
137 324
137 328
137 329
137 330
137 332
137 334
137 337
137 338
137 339
137 341
137 343
137 344
137 345
137 347
137 348
137 349
137 352
137 360
137 361
137 362
137 366
137 367
137 369
137 370
137 371
137 374
137 375
137 376
137 378
137 379
137 381
137 382
137 385
137 387
137 388
137 389
137 391
137 392
137 393
137 395
137 396
137 398
137 399
137 400
137 402
137 403
137 404
137 406
137 407
137 408
137 409
137 411
137 412
137 414
137 415
137 416
137 419
137 420
137 421
137 429
137 430
137 431
137 432
137 434
137 435
137 436
137 440
137 442
137 449
137 450
137 452
137 453
137 454
137 456
137 459
137 461
137 463
137 466
137 468
137 471
137 473
137 474
137 476
137 480
137 484
137 488
137 489
137 492
137 494
137 495
137 497
137 498
137 499
138 139
138 140
138 141
138 143
138 145
138 147
138 148
138 149
138 150
138 151
138 157
138 158
138 161
138 166
138 168
138 170
138 171
138 172
138 175
138 178
138 179
138 181
138 182
138 184
138 185
138 190
138 193
138 195
138 197
138 199
138 200
138 201
138 203
138 204
138 205
138 206
138 207
138 208
138 209
138 210
138 212
138 213
138 214
138 215
138 217
138 221
138 222
138 224
138 225
138 226
138 228
138 230
138 236
138 237
138 240
138 241
138 244
138 245
138 249
138 250
138 251
138 253
138 254
138 255
138 257
138 260
138 264
138 266
138 270
138 272
138 275
138 277
138 280
138 281
138 282
138 284
138 285
138 291
138 297
138 299
138 301
138 309
138 310
138 311
138 312
138 315
138 319
138 321
138 322
138 326
138 327
138 339
138 341
138 342
138 343
138 344
138 347
138 348
138 350
138 351
138 352
138 356
138 357
138 358
138 360
138 363
138 369
138 370
138 374
138 378
138 381
138 382
138 388
138 389
138 395
138 396
138 400
138 401
138 404
138 406
138 407
138 409
138 411
138 413
138 415
138 419
138 420
138 424
138 425
138 428
138 429
138 430
138 433
138 434
138 435
138 437
138 438
138 439
138 441
138 442
138 445
138 447
138 448
138 449
138 451
138 452
138 454
138 455
138 458
138 459
138 460
138 461
138 463
138 470
138 473
138 481
138 482
138 485
138 486
138 488
138 489
138 492
138 493
138 495
138 497
138 499
139 140
139 141
139 142
139 143
139 146
139 148
139 150
139 151
139 155
139 156
139 160
139 161
139 163
139 164
139 165
139 170
139 173
139 174
139 178
139 179
139 180
139 182
139 184
139 185
139 186
139 187
139 188
139 192
139 198
139 199
139 201
139 203
139 204
139 206
139 207
139 209
139 212
139 213
139 215
139 216
139 218
139 219
139 220
139 224
139 226
139 228
139 232
139 234
139 240
139 242
139 243
139 244
139 246
139 247
139 248
139 249
139 252
139 254
139 255
139 257
139 258
139 259
139 261
139 263
139 266
139 268
139 269
139 270
139 273
139 278
139 280
139 281
139 282
139 283
139 284
139 286
139 287
139 291
139 298
139 299
139 303
139 305
139 309
139 312
139 313
139 314
139 316
139 319
139 321
139 325
139 326
139 328
139 332
139 334
139 336
139 337
139 341
139 343
139 347
139 351
139 354
139 358
139 360
139 361
139 364
139 365
139 367
139 375
139 377
139 379
139 382
139 384
139 386
139 387
139 391
139 392
139 393
139 395
139 396
139 397
139 398
139 400
139 403
139 404
139 407
139 410
139 417
139 421
139 422
139 423
139 424
139 425
139 426
139 431
139 432
139 433
139 434
139 437
139 439
139 444
139 447
139 449
139 451
139 454
139 455
139 457
139 458
139 460
139 461
139 462
139 463
139 467
139 470
139 472
139 474
139 475
139 483
139 485
139 487
139 488
139 490
139 493
139 494
139 495
139 497
139 498
139 499
140 141
140 142
140 143
140 146
140 148
140 150
140 151
140 152
140 154
140 155
140 157
140 159
140 161
140 162
140 163
140 165
140 168
140 170
140 171
140 172
140 175
140 177
140 179
140 181
140 182
140 184
140 185
140 186
140 187
140 188
140 189
140 190
140 192
140 194
140 197
140 200
140 204
140 205
140 207
140 208
140 210
140 211
140 215
140 217
140 218
140 219
140 222
140 223
140 224
140 225
140 227
140 228
140 233
140 235
140 237
140 240
140 247
140 248
140 250
140 251
140 253
140 254
140 256
140 257
140 261
140 262
140 263
140 267
140 269
140 271
140 272
140 275
140 278
140 279
140 280
140 281
140 284
140 287
140 288
140 292
140 293
140 294
140 295
140 297
140 302
140 303
140 305
140 307
140 308
140 315
140 320
140 321
140 324
140 330
140 331
140 332
140 333
140 338
140 339
140 343
140 344
140 345
140 347
140 352
140 358
140 359
140 360
140 362
140 364
140 365
140 366
140 367
140 368
140 373
140 374
140 375
140 377
140 380
140 382
140 388
140 392
140 394
140 397
140 399
140 407
140 408
140 409
140 411
140 416
140 418
140 419
140 422
140 423
140 424
140 425
140 426
140 427
140 430
140 431
140 433
140 436
140 437
140 438
140 440
140 441
140 443
140 446
140 447
140 448
140 450
140 452
140 453
140 457
140 460
140 462
140 463
140 464
140 465
140 467
140 471
140 475
140 476
140 478
140 482
140 485
140 488
140 489
140 491
140 493
140 494
140 496
140 497
140 498
140 499
141 142
141 143
141 144
141 146
141 149
141 150
141 155
141 156
141 158
141 160
141 162
141 163
141 165
141 175
141 178
141 180
141 183
141 185
141 186
141 187
141 189
141 192
141 198
141 199
141 203
141 204
141 205
141 206
141 210
141 211
141 216
141 217
141 219
141 220
141 222
141 226
141 227
141 228
141 229
141 231
141 233
141 235
141 236
141 237
141 238
141 239
141 242
141 244
141 246
141 249
141 250
141 252
141 253
141 256
141 257
141 258
141 260
141 268
141 275
141 276
141 281
141 292
141 293
141 294
141 295
141 296
141 297
141 298
141 299
141 301
141 302
141 305
141 315
141 318
141 319
141 322
141 323
141 324
141 326
141 330
141 331
141 332
141 333
141 334
141 336
141 337
141 340
141 341
141 343
141 345
141 346
141 347
141 348
141 349
141 350
141 351
141 353
141 355
141 356
141 359
141 360
141 361
141 362
141 363
141 365
141 368
141 370
141 372
141 375
141 376
141 377
141 380
141 382
141 383
141 384
141 385
141 388
141 389
141 390
141 392
141 393
141 396
141 398
141 401
141 404
141 406
141 407
141 408
141 409
141 410
141 411
141 412
141 413
141 414
141 415
141 416
141 418
141 421
141 424
141 425
141 428
141 430
141 432
141 434
141 436
141 438
141 442
141 443
141 444
141 446
141 450
141 451
141 453
141 454
141 455
141 456
141 458
141 462
141 464
141 465
141 466
141 467
141 470
141 471
141 472
141 473
141 476
141 478
141 479
141 482
141 489
141 495
141 498
141 499
142 143
142 145
142 146
142 147
142 149
142 150
142 154
142 155
142 157
142 158
142 159
142 163
142 164
142 167
142 168
142 169
142 175
142 176
142 177
142 178
142 182
142 184
142 185
142 186
142 188
142 192
142 193
142 194
142 195
142 196
142 198
142 199
142 200
142 201
142 203
142 204
142 205
142 207
142 209
142 210
142 211
142 213
142 215
142 216
142 217
142 219
142 220
142 224
142 225
142 226
142 227
142 232
142 239
142 241
142 242
142 243
142 244
142 245
142 247
142 249
142 250
142 252
142 253
142 256
142 257
142 258
142 259
142 265
142 266
142 267
142 268
142 270
142 272
142 273
142 274
142 275
142 283
142 285
142 286
142 287
142 288
142 291
142 292
142 295
142 299
142 300
142 301
142 302
142 303
142 307
142 309
142 310
142 311
142 312
142 314
142 315
142 319
142 321
142 325
142 326
142 328
142 331
142 333
142 334
142 336
142 337
142 338
142 341
142 342
142 343
142 344
142 349
142 350
142 353
142 354
142 356
142 357
142 359
142 362
142 364
142 365
142 368
142 369
142 370
142 371
142 372
142 375
142 376
142 380
142 381
142 382
142 386
142 388
142 389
142 390
142 392
142 396
142 397
142 399
142 402
142 405
142 407
142 408
142 413
142 414
142 415
142 416
142 417
142 421
142 423
142 426
142 428
142 430
142 431
142 440
142 441
142 443
142 444
142 445
142 446
142 447
142 449
142 450
142 454
142 460
142 462
142 463
142 465
142 467
142 468
142 470
142 471
142 473
142 475
142 476
142 478
142 482
142 484
142 486
142 488
142 489
142 490
142 493
142 494
142 495
142 497
143 147
143 148
143 149
143 152
143 153
143 159
143 160
143 162
143 163
143 164
143 165
143 166
143 168
143 176
143 178
143 179
143 183
143 184
143 191
143 193
143 194
143 195
143 196
143 197
143 198
143 199
143 200
143 201
143 211
143 212
143 215
143 216
143 218
143 219
143 220
143 222
143 225
143 226
143 227
143 228
143 229
143 230
143 231
143 232
143 235
143 238
143 241
143 242
143 243
143 246
143 247
143 251
143 255
143 260
143 261
143 265
143 267
143 269
143 271
143 272
143 273
143 274
143 279
143 280
143 281
143 283
143 284
143 287
143 297
143 299
143 301
143 303
143 304
143 305
143 307
143 311
143 312
143 319
143 320
143 321
143 324
143 328
143 329
143 332
143 333
143 335
143 340
143 346
143 347
143 348
143 349
143 350
143 352
143 354
143 355
143 356
143 357
143 358
143 363
143 367
143 368
143 370
143 371
143 373
143 374
143 375
143 376
143 377
143 378
143 380
143 381
143 383
143 384
143 385
143 388
143 389
143 390
143 394
143 398
143 399
143 402
143 403
143 404
143 405
143 407
143 408
143 409
143 411
143 412
143 413
143 414
143 418
143 421
143 422
143 424
143 427
143 428
143 429
143 433
143 435
143 439
143 441
143 444
143 445
143 447
143 449
143 451
143 452
143 453
143 454
143 455
143 457
143 460
143 462
143 463
143 466
143 467
143 468
143 470
143 473
143 474
143 475
143 483
143 485
143 486
143 487
143 488
143 490
143 491
143 494
143 497
143 498
143 499
144 147
144 148
144 149
144 150
144 153
144 156
144 158
144 160
144 163
144 166
144 167
144 168
144 170
144 172
144 178
144 182
144 183
144 184
144 185
144 188
144 190
144 191
144 193
144 194
144 196
144 197
144 198
144 201
144 202
144 204
144 205
144 206
144 210
144 211
144 213
144 214
144 215
144 219
144 220
144 222
144 223
144 226
144 232
144 235
144 237
144 240
144 243
144 244
144 246
144 249
144 251
144 252
144 253
144 254
144 256
144 260
144 261
144 262
144 264
144 265
144 270
144 272
144 274
144 276
144 280
144 283
144 284
144 285
144 292
144 294
144 295
144 300
144 303
144 307
144 310
144 311
144 315
144 316
144 317
144 319
144 320
144 321
144 322
144 323
144 324
144 326
144 328
144 329
144 332
144 340
144 343
144 347
144 352
144 354
144 355
144 357
144 359
144 361
144 363
144 364
144 366
144 367
144 368
144 370
144 371
144 372
144 373
144 374
144 377
144 379
144 380
144 383
144 384
144 385
144 388
144 390
144 392
144 393
144 395
144 397
144 398
144 399
144 401
144 403
144 404
144 405
144 406
144 408
144 410
144 411
144 413
144 416
144 419
144 422
144 424
144 426
144 427
144 431
144 432
144 434
144 436
144 437
144 438
144 439
144 440
144 443
144 445
144 448
144 450
144 454
144 456
144 459
144 462
144 464
144 465
144 466
144 467
144 469
144 471
144 474
144 479
144 482
144 484
144 485
144 486
144 487
144 489
144 495
144 496
145 147
145 148
145 149
145 153
145 154
145 156
145 158
145 161
145 162
145 164
145 165
145 166
145 167
145 168
145 169
145 170
145 172
145 175
145 176
145 177
145 178
145 179
145 180
145 181
145 183
145 184
145 185
145 187
145 190
145 192
145 194
145 199
145 200
145 205
145 210
145 212
145 214
145 215
145 217
145 218
145 220
145 221
145 225
145 227
145 232
145 235
145 238
145 239
145 240
145 241
145 242
145 243
145 247
145 249
145 251
145 252
145 253
145 255
145 257
145 258
145 259
145 260
145 261
145 265
145 267
145 268
145 269
145 275
145 277
145 279
145 280
145 283
145 285
145 286
145 287
145 288
145 289
145 293
145 294
145 295
145 298
145 301
145 303
145 305
145 306
145 309
145 311
145 316
145 317
145 319
145 324
145 325
145 327
145 329
145 330
145 333
145 336
145 339
145 340
145 345
145 347
145 348
145 349
145 350
145 352
145 353
145 354
145 355
145 356
145 359
145 361
145 363
145 364
145 368
145 370
145 374
145 378
145 382
145 388
145 390
145 392
145 394
145 396
145 397
145 399
145 400
145 405
145 406
145 407
145 408
145 410
145 411
145 413
145 416
145 418
145 419
145 421
145 422
145 424
145 426
145 427
145 429
145 430
145 431
145 432
145 435
145 436
145 438
145 441
145 443
145 444
145 445
145 447
145 448
145 454
145 455
145 456
145 459
145 464
145 466
145 468
145 481
145 482
145 483
145 484
145 488
145 490
145 491
145 492
145 494
145 496
145 498
145 499
146 148
146 149
146 150
146 151
146 155
146 156
146 157
146 158
146 161
146 162
146 163
146 164
146 169
146 171
146 172
146 173
146 174
146 175
146 176
146 177
146 178
146 179
146 182
146 183
146 187
146 190
146 192
146 194
146 195
146 196
146 198
146 201
146 209
146 210
146 211
146 214
146 217
146 219
146 220
146 221
146 222
146 223
146 224
146 225
146 226
146 228
146 229
146 230
146 231
146 232
146 238
146 240
146 242
146 244
146 248
146 249
146 250
146 252
146 255
146 256
146 258
146 259
146 261
146 263
146 265
146 266
146 267
146 269
146 271
146 272
146 273
146 274
146 276
146 277
146 278
146 280
146 281
146 283
146 284
146 285
146 286
146 287
146 288
146 292
146 298
146 302
146 303
146 305
146 307
146 310
146 315
146 316
146 318
146 319
146 321
146 325
146 326
146 328
146 331
146 332
146 335
146 336
146 337
146 338
146 339
146 340
146 341
146 343
146 344
146 345
146 347
146 353
146 356
146 358
146 359
146 360
146 361
146 362
146 366
146 373
146 375
146 376
146 378
146 379
146 380
146 381
146 382
146 383
146 386
146 387
146 388
146 390
146 393
146 397
146 398
146 399
146 400
146 407
146 408
146 409
146 410
146 411
146 414
146 415
146 420
146 421
146 422
146 424
146 425
146 426
146 428
146 429
146 431
146 433
146 435
146 437
146 438
146 440
146 442
146 443
146 444
146 445
146 449
146 452
146 454
146 456
146 459
146 460
146 465
146 468
146 469
146 470
146 474
146 475
146 477
146 478
146 480
146 482
146 485
146 488
146 490
146 492
146 496
146 499
147 148
147 149
147 150
147 152
147 154
147 155
147 156
147 158
147 161
147 164
147 165
147 169
147 171
147 174
147 181
147 182
147 183
147 185
147 188
147 189
147 191
147 192
147 193
147 197
147 199
147 200
147 203
147 204
147 206
147 208
147 209
147 210
147 211
147 213
147 214
147 216
147 219
147 220
147 224
147 225
147 226
147 227
147 229
147 232
147 234
147 235
147 236
147 241
147 243
147 247
147 249
147 252
147 257
147 259
147 261
147 263
147 267
147 268
147 270
147 272
147 274
147 275
147 277
147 280
147 282
147 283
147 285
147 291
147 292
147 294
147 295
147 298
147 299
147 301
147 303
147 304
147 305
147 307
147 308
147 309
147 314
147 319
147 321
147 322
147 323
147 324
147 325
147 326
147 342
147 343
147 344
147 345
147 350
147 352
147 354
147 355
147 357
147 358
147 360
147 367
147 368
147 374
147 375
147 376
147 377
147 378
147 379
147 381
147 382
147 384
147 385
147 386
147 387
147 389
147 391
147 392
147 394
147 395
147 399
147 403
147 404
147 405
147 407
147 408
147 409
147 410
147 411
147 412
147 413
147 415
147 418
147 419
147 421
147 422
147 424
147 425
147 426
147 430
147 431
147 432
147 439
147 440
147 446
147 447
147 451
147 455
147 456
147 458
147 459
147 460
147 461
147 463
147 466
147 469
147 473
147 475
147 477
147 479
147 480
147 481
147 482
147 488
147 490
147 493
147 494
147 495
147 498
148 151
148 155
148 158
148 159
148 160
148 161
148 167
148 168
148 170
148 173
148 176
148 177
148 180
148 181
148 182
148 183
148 184
148 189
148 190
148 191
148 193
148 194
148 195
148 196
148 197
148 198
148 201
148 204
148 205
148 206
148 211
148 214
148 215
148 219
148 221
148 223
148 224
148 225
148 227
148 229
148 231
148 234
148 235
148 236
148 237
148 238
148 239
148 240
148 242
148 243
148 244
148 248
148 251
148 252
148 255
148 257
148 262
148 264
148 266
148 267
148 268
148 269
148 271
148 275
148 277
148 281
148 282
148 286
148 287
148 288
148 289
148 290
148 291
148 293
148 294
148 296
148 297
148 299
148 302
148 305
148 306
148 307
148 308
148 311
148 313
148 322
148 323
148 324
148 326
148 327
148 328
148 329
148 331
148 332
148 334
148 337
148 339
148 341
148 346
148 347
148 349
148 351
148 352
148 355
148 357
148 361
148 362
148 363
148 366
148 368
148 370
148 372
148 376
148 378
148 380
148 381
148 384
148 388
148 393
148 395
148 396
148 397
148 399
148 400
148 401
148 408
148 409
148 410
148 411
148 412
148 419
148 422
148 425
148 426
148 427
148 429
148 432
148 433
148 437
148 440
148 444
148 448
148 450
148 454
148 456
148 462
148 463
148 465
148 467
148 474
148 475
148 476
148 478
148 479
148 480
148 481
148 482
148 483
148 484
148 485
148 487
148 488
148 492
148 493
148 495
148 496
149 150
149 151
149 152
149 153
149 154
149 157
149 158
149 159
149 160
149 162
149 169
149 170
149 172
149 173
149 175
149 176
149 177
149 178
149 180
149 182
149 184
149 186
149 187
149 191
149 192
149 193
149 197
149 202
149 205
149 207
149 209
149 213
149 214
149 215
149 217
149 218
149 221
149 222
149 225
149 228
149 230
149 233
149 235
149 236
149 237
149 238
149 241
149 242
149 244
149 247
149 248
149 249
149 250
149 252
149 254
149 255
149 256
149 258
149 260
149 263
149 265
149 266
149 270
149 273
149 274
149 275
149 277
149 280
149 283
149 285
149 288
149 290
149 291
149 292
149 295
149 296
149 298
149 299
149 301
149 303
149 304
149 309
149 310
149 314
149 317
149 318
149 320
149 321
149 322
149 323
149 325
149 326
149 329
149 330
149 331
149 332
149 333
149 338
149 340
149 342
149 344
149 346
149 347
149 348
149 351
149 352
149 355
149 357
149 361
149 362
149 364
149 365
149 366
149 368
149 369
149 371
149 373
149 374
149 378
149 380
149 381
149 383
149 384
149 386
149 387
149 388
149 397
149 398
149 399
149 400
149 404
149 405
149 408
149 409
149 411
149 412
149 413
149 415
149 417
149 418
149 420
149 421
149 422
149 423
149 427
149 428
149 430
149 431
149 433
149 434
149 437
149 439
149 440
149 441
149 442
149 444
149 446
149 447
149 449
149 452
149 454
149 455
149 457
149 458
149 459
149 460
149 461
149 462
149 463
149 464
149 465
149 466
149 467
149 471
149 473
149 475
149 476
149 478
149 479
149 480
149 481
149 482
149 485
149 488
149 489
149 491
149 493
149 495
149 497
149 498
150 153
150 154
150 157
150 158
150 162
150 163
150 165
150 168
150 169
150 170
150 171
150 173
150 174
150 177
150 178
150 179
150 180
150 181
150 182
150 183
150 186
150 188
150 189
150 192
150 193
150 197
150 198
150 201
150 204
150 207
150 210
150 211
150 213
150 214
150 216
150 217
150 218
150 219
150 222
150 226
150 229
150 230
150 231
150 235
150 237
150 238
150 239
150 241
150 242
150 243
150 246
150 247
150 249
150 253
150 255
150 257
150 259
150 260
150 261
150 262
150 263
150 264
150 265
150 266
150 269
150 270
150 271
150 272
150 273
150 275
150 276
150 278
150 279
150 280
150 281
150 282
150 285
150 289
150 291
150 294
150 295
150 296
150 300
150 301
150 302
150 305
150 307
150 309
150 310
150 312
150 313
150 314
150 315
150 319
150 322
150 324
150 329
150 332
150 333
150 334
150 335
150 345
150 347
150 352
150 353
150 354
150 355
150 359
150 361
150 362
150 363
150 365
150 366
150 367
150 372
150 374
150 375
150 377
150 378
150 380
150 381
150 383
150 385
150 389
150 390
150 391
150 395
150 397
150 404
150 406
150 408
150 409
150 412
150 413
150 420
150 421
150 423
150 425
150 429
150 435
150 437
150 443
150 444
150 446
150 451
150 453
150 456
150 457
150 458
150 459
150 460
150 461
150 462
150 467
150 468
150 469
150 471
150 473
150 474
150 475
150 476
150 477
150 479
150 480
150 484
150 485
150 486
150 487
150 489
150 490
150 491
150 492
150 494
150 496
151 155
151 156
151 158
151 162
151 163
151 164
151 165
151 166
151 172
151 174
151 175
151 176
151 180
151 181
151 183
151 187
151 189
151 190
151 192
151 195
151 196
151 197
151 199
151 200
151 203
151 204
151 206
151 207
151 211
151 212
151 213
151 214
151 215
151 219
151 220
151 222
151 224
151 225
151 228
151 232
151 233
151 237
151 238
151 244
151 246
151 247
151 248
151 252
151 254
151 256
151 257
151 260
151 261
151 262
151 264
151 265
151 268
151 272
151 273
151 277
151 278
151 282
151 283
151 284
151 285
151 287
151 288
151 292
151 298
151 300
151 301
151 302
151 303
151 307
151 308
151 315
151 317
151 318
151 322
151 324
151 326
151 333
151 337
151 338
151 340
151 342
151 344
151 346
151 350
151 351
151 353
151 355
151 357
151 358
151 359
151 361
151 364
151 365
151 366
151 367
151 370
151 372
151 375
151 376
151 379
151 380
151 381
151 384
151 385
151 390
151 391
151 393
151 394
151 397
151 398
151 399
151 401
151 402
151 403
151 404
151 405
151 407
151 408
151 410
151 412
151 413
151 420
151 421
151 422
151 423
151 426
151 428
151 430
151 431
151 432
151 433
151 436
151 437
151 441
151 442
151 443
151 445
151 446
151 447
151 450
151 452
151 454
151 458
151 459
151 461
151 464
151 466
151 469
151 470
151 471
151 473
151 475
151 476
151 477
151 478
151 481
151 482
151 486
151 489
151 490
151 493
152 156
152 157
152 159
152 164
152 166
152 167
152 169
152 173
152 175
152 178
152 181
152 182
152 185
152 187
152 188
152 189
152 191
152 193
152 196
152 198
152 199
152 200
152 201
152 205
152 206
152 208
152 212
152 217
152 219
152 221
152 222
152 223
152 225
152 227
152 228
152 230
152 233
152 234
152 235
152 237
152 238
152 239
152 241
152 245
152 246
152 247
152 251
152 252
152 254
152 258
152 260
152 261
152 262
152 263
152 264
152 265
152 268
152 269
152 271
152 273
152 275
152 276
152 278
152 279
152 284
152 292
152 293
152 295
152 298
152 300
152 303
152 304
152 305
152 306
152 308
152 309
152 312
152 314
152 323
152 324
152 325
152 326
152 328
152 329
152 330
152 332
152 335
152 337
152 338
152 340
152 341
152 346
152 352
152 353
152 355
152 356
152 358
152 359
152 362
152 363
152 364
152 365
152 367
152 369
152 371
152 372
152 375
152 377
152 380
152 381
152 382
152 383
152 384
152 385
152 389
152 390
152 393
152 397
152 400
152 402
152 404
152 405
152 407
152 408
152 409
152 411
152 413
152 414
152 415
152 418
152 420
152 421
152 422
152 423
152 425
152 428
152 429
152 430
152 432
152 436
152 438
152 441
152 443
152 447
152 449
152 450
152 451
152 452
152 454
152 455
152 457
152 458
152 459
152 460
152 461
152 462
152 465
152 467
152 472
152 476
152 480
152 481
152 482
152 485
152 486
152 491
153 155
153 156
153 157
153 162
153 164
153 165
153 166
153 168
153 169
153 170
153 171
153 172
153 173
153 177
153 178
153 180
153 181
153 182
153 188
153 189
153 190
153 191
153 194
153 195
153 196
153 199
153 200
153 202
153 204
153 206
153 209
153 213
153 214
153 216
153 220
153 223
153 224
153 225
153 227
153 228
153 229
153 230
153 236
153 238
153 239
153 241
153 242
153 243
153 244
153 246
153 247
153 249
153 250
153 251
153 253
153 254
153 255
153 257
153 260
153 261
153 265
153 268
153 269
153 271
153 272
153 273
153 275
153 276
153 278
153 280
153 282
153 285
153 286
153 287
153 289
153 290
153 292
153 295
153 297
153 299
153 301
153 304
153 305
153 307
153 308
153 310
153 312
153 315
153 316
153 318
153 320
153 323
153 326
153 337
153 339
153 340
153 345
153 349
153 351
153 352
153 353
153 356
153 358
153 360
153 362
153 364
153 373
153 375
153 377
153 380
153 381
153 382
153 383
153 384
153 386
153 387
153 389
153 390
153 391
153 393
153 395
153 396
153 398
153 400
153 402
153 403
153 405
153 411
153 413
153 414
153 415
153 421
153 422
153 423
153 424
153 425
153 427
153 430
153 431
153 433
153 434
153 436
153 437
153 438
153 439
153 440
153 441
153 442
153 443
153 444
153 446
153 447
153 449
153 454
153 455
153 459
153 460
153 461
153 465
153 466
153 468
153 469
153 470
153 471
153 478
153 481
153 482
153 485
153 487
153 488
153 489
153 490
153 491
153 492
153 493
153 494
153 495
153 499
154 155
154 156
154 158
154 164
154 166
154 167
154 168
154 169
154 170
154 171
154 174
154 176
154 177
154 178
154 179
154 180
154 181
154 182
154 183
154 186
154 187
154 189
154 190
154 193
154 196
154 197
154 198
154 199
154 200
154 203
154 205
154 210
154 211
154 212
154 214
154 215
154 217
154 218
154 219
154 223
154 226
154 228
154 229
154 230
154 231
154 238
154 239
154 241
154 242
154 243
154 244
154 246
154 247
154 249
154 251
154 252
154 255
154 256
154 258
154 259
154 260
154 261
154 262
154 264
154 265
154 266
154 267
154 271
154 272
154 273
154 274
154 275
154 276
154 277
154 279
154 281
154 283
154 290
154 291
154 292
154 293
154 296
154 297
154 298
154 299
154 301
154 303
154 304
154 305
154 306
154 308
154 310
154 313
154 317
154 318
154 321
154 322
154 323
154 324
154 325
154 326
154 331
154 338
154 339
154 340
154 341
154 343
154 344
154 345
154 352
154 354
154 355
154 358
154 359
154 361
154 362
154 365
154 366
154 367
154 369
154 371
154 373
154 379
154 384
154 390
154 393
154 396
154 398
154 399
154 402
154 404
154 405
154 406
154 407
154 409
154 410
154 412
154 413
154 415
154 419
154 420
154 423
154 425
154 427
154 428
154 432
154 433
154 435
154 439
154 440
154 441
154 442
154 443
154 444
154 445
154 448
154 450
154 451
154 452
154 454
154 455
154 457
154 460
154 461
154 463
154 464
154 465
154 467
154 468
154 469
154 470
154 471
154 472
154 473
154 477
154 478
154 480
154 483
154 485
154 487
154 491
154 494
154 495
154 497
154 499
155 157
155 158
155 159
155 160
155 163
155 164
155 165
155 169
155 172
155 173
155 174
155 175
155 177
155 178
155 179
155 180
155 181
155 183
155 186
155 189
155 191
155 192
155 193
155 195
155 196
155 197
155 199
155 200
155 201
155 202
155 203
155 204
155 209
155 210
155 217
155 220
155 223
155 224
155 226
155 227
155 228
155 229
155 230
155 231
155 232
155 233
155 235
155 236
155 237
155 242
155 246
155 247
155 249
155 250
155 251
155 256
155 258
155 262
155 263
155 266
155 267
155 270
155 272
155 273
155 274
155 275
155 279
155 280
155 281
155 283
155 284
155 286
155 287
155 288
155 289
155 290
155 292
155 294
155 300
155 301
155 302
155 304
155 305
155 308
155 310
155 311
155 316
155 319
155 321
155 323
155 324
155 325
155 326
155 328
155 330
155 331
155 335
155 336
155 338
155 340
155 341
155 343
155 344
155 346
155 349
155 354
155 355
155 358
155 359
155 360
155 361
155 362
155 365
155 366
155 367
155 368
155 371
155 372
155 373
155 375
155 377
155 380
155 381
155 385
155 386
155 389
155 391
155 392
155 394
155 397
155 398
155 399
155 401
155 404
155 407
155 409
155 410
155 411
155 414
155 415
155 416
155 417
155 418
155 422
155 423
155 438
155 439
155 440
155 446
155 448
155 451
155 452
155 456
155 457
155 461
155 464
155 465
155 470
155 471
155 472
155 473
155 474
155 475
155 477
155 478
155 479
155 481
155 482
155 484
155 485
155 495
155 498
155 499
156 157
156 158
156 161
156 162
156 163
156 164
156 165
156 170
156 172
156 174
156 175
156 176
156 177
156 178
156 179
156 182
156 183
156 185
156 188
156 190
156 191
156 192
156 193
156 194
156 195
156 196
156 197
156 202
156 206
156 207
156 208
156 214
156 216
156 225
156 226
156 227
156 229
156 230
156 235
156 237
156 238
156 243
156 245
156 247
156 249
156 250
156 251
156 252
156 253
156 255
156 263
156 264
156 265
156 266
156 267
156 268
156 269
156 271
156 274
156 275
156 276
156 278
156 281
156 283
156 284
156 286
156 289
156 291
156 294
156 297
156 298
156 299
156 300
156 301
156 303
156 307
156 309
156 310
156 313
156 315
156 318
156 324
156 325
156 326
156 328
156 331
156 334
156 336
156 343
156 346
156 350
156 353
156 357
156 360
156 363
156 365
156 372
156 378
156 380
156 381
156 385
156 387
156 390
156 391
156 392
156 393
156 394
156 396
156 397
156 398
156 399
156 400
156 403
156 404
156 405
156 406
156 411
156 414
156 418
156 420
156 421
156 422
156 423
156 425
156 428
156 437
156 438
156 439
156 440
156 441
156 442
156 443
156 444
156 445
156 446
156 447
156 449
156 450
156 451
156 455
156 456
156 459
156 460
156 461
156 470
156 472
156 473
156 475
156 477
156 478
156 479
156 480
156 482
156 485
156 487
156 488
156 489
156 490
156 491
156 493
156 495
156 498
157 159
157 161
157 164
157 166
157 169
157 170
157 172
157 175
157 177
157 180
157 181
157 182
157 185
157 187
157 188
157 190
157 191
157 194
157 195
157 196
157 199
157 200
157 203
157 204
157 210
157 212
157 215
157 218
157 222
157 223
157 224
157 226
157 228
157 231
157 234
157 236
157 241
157 244
157 246
157 247
157 248
157 249
157 253
157 256
157 258
157 259
157 261
157 264
157 265
157 266
157 267
157 270
157 271
157 273
157 276
157 280
157 283
157 285
157 286
157 288
157 290
157 294
157 295
157 296
157 297
157 299
157 301
157 303
157 309
157 311
157 313
157 315
157 317
157 318
157 320
157 321
157 322
157 325
157 326
157 327
157 332
157 336
157 337
157 339
157 341
157 345
157 347
157 348
157 350
157 352
157 354
157 355
157 356
157 358
157 359
157 364
157 368
157 369
157 371
157 372
157 375
157 379
157 381
157 385
157 387
157 390
157 391
157 392
157 393
157 397
157 399
157 400
157 402
157 404
157 407
157 408
157 410
157 411
157 413
157 415
157 417
157 418
157 419
157 420
157 422
157 424
157 425
157 426
157 428
157 430
157 433
157 435
157 437
157 438
157 439
157 440
157 441
157 443
157 444
157 446
157 447
157 448
157 449
157 451
157 452
157 454
157 455
157 461
157 462
157 464
157 465
157 469
157 470
157 473
157 474
157 477
157 478
157 479
157 484
157 485
157 487
157 488
157 490
157 492
157 493
157 494
157 495
157 497
157 499
158 159
158 161
158 164
158 165
158 169
158 170
158 171
158 172
158 173
158 175
158 177
158 178
158 180
158 183
158 186
158 187
158 188
158 191
158 196
158 199
158 204
158 205
158 208
158 209
158 211
158 214
158 218
158 219
158 220
158 222
158 223
158 224
158 225
158 227
158 230
158 233
158 234
158 235
158 238
158 241
158 242
158 243
158 244
158 245
158 246
158 247
158 248
158 251
158 253
158 255
158 256
158 257
158 259
158 261
158 262
158 267
158 268
158 269
158 270
158 271
158 273
158 274
158 275
158 276
158 278
158 281
158 283
158 285
158 286
158 287
158 289
158 290
158 291
158 292
158 295
158 297
158 298
158 299
158 301
158 303
158 304
158 305
158 306
158 308
158 313
158 314
158 316
158 317
158 318
158 321
158 322
158 323
158 324
158 325
158 327
158 328
158 329
158 330
158 333
158 334
158 337
158 342
158 343
158 344
158 345
158 346
158 347
158 350
158 354
158 356
158 359
158 360
158 361
158 362
158 363
158 366
158 368
158 369
158 372
158 373
158 374
158 377
158 380
158 381
158 382
158 383
158 388
158 391
158 395
158 397
158 400
158 401
158 403
158 404
158 405
158 406
158 409
158 414
158 415
158 417
158 419
158 420
158 425
158 426
158 427
158 428
158 431
158 433
158 438
158 440
158 441
158 442
158 443
158 444
158 446
158 447
158 448
158 450
158 451
158 453
158 454
158 455
158 457
158 458
158 461
158 466
158 468
158 469
158 470
158 473
158 474
158 475
158 477
158 478
158 479
158 483
158 484
158 486
158 487
158 490
158 491
158 492
158 493
158 494
158 499
159 160
159 164
159 166
159 167
159 171
159 173
159 175
159 176
159 183
159 184
159 186
159 189
159 193
159 194
159 196
159 199
159 200
159 201
159 202
159 203
159 204
159 206
159 210
159 211
159 220
159 221
159 224
159 229
159 230
159 234
159 237
159 242
159 243
159 245
159 249
159 254
159 255
159 264
159 265
159 272
159 273
159 274
159 275
159 278
159 280
159 283
159 285
159 286
159 288
159 289
159 292
159 293
159 295
159 296
159 297
159 299
159 300
159 304
159 305
159 306
159 307
159 308
159 309
159 311
159 315
159 319
159 323
159 324
159 325
159 327
159 329
159 331
159 332
159 336
159 338
159 339
159 340
159 341
159 348
159 349
159 351
159 354
159 355
159 359
159 363
159 365
159 366
159 367
159 369
159 374
159 376
159 381
159 383
159 386
159 387
159 392
159 393
159 395
159 396
159 397
159 399
159 401
159 402
159 403
159 404
159 405
159 407
159 408
159 409
159 414
159 417
159 418
159 421
159 424
159 428
159 429
159 430
159 432
159 434
159 435
159 437
159 438
159 439
159 440
159 443
159 444
159 445
159 446
159 447
159 448
159 449
159 451
159 455
159 456
159 458
159 460
159 461
159 462
159 463
159 464
159 465
159 466
159 468
159 469
159 471
159 472
159 473
159 475
159 477
159 479
159 480
159 483
159 484
159 485
159 488
159 489
159 490
159 496
159 498
160 163
160 164
160 166
160 167
160 171
160 175
160 176
160 177
160 178
160 187
160 189
160 193
160 195
160 197
160 198
160 199
160 200
160 201
160 202
160 204
160 205
160 206
160 207
160 210
160 211
160 213
160 216
160 217
160 219
160 221
160 223
160 225
160 226
160 229
160 231
160 233
160 237
160 241
160 243
160 244
160 247
160 248
160 249
160 250
160 251
160 252
160 254
160 257
160 258
160 261
160 262
160 263
160 265
160 271
160 272
160 273
160 274
160 275
160 277
160 283
160 284
160 285
160 286
160 287
160 288
160 289
160 293
160 295
160 296
160 297
160 298
160 303
160 305
160 308
160 309
160 310
160 312
160 314
160 317
160 318
160 319
160 320
160 323
160 324
160 325
160 327
160 328
160 329
160 331
160 332
160 335
160 336
160 339
160 340
160 341
160 344
160 345
160 346
160 347
160 348
160 349
160 351
160 353
160 356
160 358
160 361
160 362
160 365
160 369
160 370
160 372
160 373
160 377
160 378
160 381
160 383
160 390
160 393
160 397
160 398
160 399
160 402
160 404
160 408
160 410
160 412
160 413
160 414
160 415
160 416
160 417
160 419
160 421
160 423
160 425
160 427
160 429
160 431
160 433
160 437
160 438
160 440
160 441
160 443
160 444
160 446
160 448
160 450
160 451
160 452
160 453
160 456
160 458
160 459
160 461
160 462
160 467
160 468
160 472
160 473
160 475
160 476
160 477
160 480
160 482
160 484
160 487
160 488
160 490
160 492
160 493
160 495
160 496
160 499
161 163
161 164
161 165
161 167
161 168
161 169
161 170
161 171
161 174
161 175
161 176
161 178
161 179
161 180
161 182
161 184
161 185
161 188
161 190
161 193
161 194
161 195
161 196
161 199
161 201
161 202
161 203
161 204
161 207
161 209
161 211
161 214
161 216
161 218
161 222
161 223
161 228
161 231
161 233
161 236
161 237
161 239
161 240
161 242
161 244
161 250
161 256
161 257
161 258
161 262
161 264
161 268
161 269
161 270
161 273
161 274
161 275
161 277
161 281
161 284
161 286
161 287
161 288
161 289
161 293
161 295
161 296
161 297
161 299
161 302
161 303
161 306
161 307
161 310
161 311
161 316
161 317
161 321
161 323
161 324
161 325
161 327
161 329
161 330
161 331
161 332
161 334
161 337
161 339
161 340
161 345
161 347
161 348
161 349
161 351
161 354
161 355
161 356
161 358
161 360
161 364
161 365
161 368
161 375
161 376
161 378
161 381
161 384
161 385
161 386
161 393
161 394
161 397
161 399
161 400
161 402
161 403
161 404
161 406
161 407
161 408
161 409
161 410
161 411
161 412
161 415
161 417
161 418
161 421
161 423
161 424
161 426
161 427
161 428
161 432
161 433
161 438
161 439
161 441
161 442
161 444
161 445
161 447
161 448
161 449
161 453
161 455
161 457
161 459
161 461
161 464
161 465
161 466
161 467
161 468
161 469
161 472
161 473
161 476
161 477
161 481
161 482
161 485
161 486
161 490
161 491
161 494
161 495
161 497
161 499
162 163
162 166
162 168
162 171
162 172
162 173
162 181
162 182
162 185
162 191
162 193
162 194
162 195
162 197
162 199
162 200
162 201
162 203
162 204
162 205
162 206
162 207
162 210
162 211
162 213
162 214
162 215
162 217
162 218
162 222
162 223
162 225
162 226
162 236
162 240
162 242
162 245
162 246
162 248
162 249
162 250
162 254
162 255
162 258
162 259
162 261
162 266
162 267
162 268
162 269
162 271
162 274
162 275
162 278
162 282
162 283
162 284
162 285
162 288
162 291
162 292
162 293
162 297
162 298
162 299
162 302
162 308
162 313
162 314
162 315
162 316
162 317
162 318
162 323
162 324
162 325
162 327
162 328
162 330
162 333
162 334
162 335
162 336
162 337
162 338
162 341
162 343
162 349
162 350
162 351
162 357
162 358
162 360
162 367
162 368
162 370
162 372
162 373
162 375
162 380
162 381
162 384
162 385
162 386
162 387
162 389
162 390
162 393
162 394
162 395
162 398
162 403
162 406
162 411
162 412
162 417
162 420
162 422
162 424
162 425
162 426
162 427
162 428
162 429
162 430
162 431
162 432
162 435
162 438
162 441
162 446
162 447
162 449
162 450
162 451
162 454
162 457
162 458
162 462
162 463
162 464
162 467
162 468
162 470
162 473
162 474
162 475
162 477
162 481
162 487
162 490
162 492
162 493
162 494
162 497
162 499
163 165
163 166
163 167
163 168
163 169
163 173
163 176
163 178
163 179
163 180
163 182
163 183
163 184
163 185
163 187
163 191
163 192
163 193
163 194
163 195
163 196
163 200
163 202
163 203
163 206
163 207
163 216
163 217
163 220
163 222
163 225
163 226
163 227
163 229
163 230
163 231
163 233
163 236
163 238
163 243
163 246
163 247
163 248
163 249
163 253
163 256
163 257
163 259
163 262
163 263
163 264
163 265
163 268
163 269
163 271
163 273
163 275
163 276
163 277
163 278
163 280
163 281
163 283
163 289
163 291
163 293
163 296
163 301
163 304
163 305
163 307
163 308
163 309
163 311
163 314
163 316
163 318
163 323
163 325
163 327
163 328
163 329
163 330
163 334
163 337
163 338
163 339
163 342
163 343
163 347
163 348
163 349
163 351
163 356
163 357
163 360
163 362
163 366
163 367
163 371
163 374
163 378
163 380
163 382
163 383
163 384
163 391
163 399
163 401
163 403
163 404
163 406
163 411
163 412
163 415
163 419
163 420
163 424
163 425
163 427
163 429
163 431
163 432
163 433
163 434
163 439
163 441
163 443
163 449
163 450
163 451
163 453
163 455
163 457
163 460
163 462
163 463
163 464
163 465
163 466
163 468
163 469
163 473
163 474
163 477
163 479
163 480
163 483
163 486
163 488
163 492
163 494
163 496
163 498
163 499
164 165
164 169
164 170
164 172
164 173
164 174
164 175
164 177
164 179
164 182
164 184
164 186
164 188
164 189
164 190
164 191
164 193
164 195
164 196
164 201
164 202
164 207
164 212
164 213
164 215
164 217
164 218
164 221
164 222
164 223
164 226
164 228
164 229
164 232
164 236
164 237
164 239
164 240
164 243
164 245
164 246
164 247
164 248
164 250
164 252
164 253
164 254
164 260
164 263
164 266
164 267
164 269
164 270
164 273
164 275
164 276
164 277
164 281
164 282
164 283
164 284
164 285
164 289
164 290
164 291
164 292
164 293
164 297
164 301
164 303
164 304
164 305
164 306
164 307
164 308
164 309
164 310
164 311
164 313
164 314
164 316
164 317
164 318
164 320
164 321
164 322
164 327
164 330
164 334
164 337
164 338
164 339
164 342
164 344
164 345
164 347
164 348
164 350
164 351
164 352
164 353
164 354
164 355
164 356
164 358
164 359
164 360
164 363
164 367
164 369
164 371
164 375
164 376
164 378
164 379
164 380
164 382
164 383
164 386
164 387
164 390
164 391
164 392
164 394
164 396
164 402
164 403
164 404
164 405
164 407
164 411
164 412
164 413
164 414
164 415
164 418
164 419
164 420
164 422
164 423
164 426
164 427
164 430
164 431
164 432
164 434
164 435
164 436
164 440
164 444
164 446
164 447
164 448
164 449
164 450
164 455
164 457
164 459
164 460
164 462
164 467
164 473
164 474
164 480
164 484
164 485
164 488
164 489
164 490
164 496
164 497
164 498
164 499
165 166
165 170
165 173
165 174
165 181
165 183
165 184
165 185
165 186
165 187
165 190
165 191
165 197
165 206
165 207
165 208
165 209
165 211
165 213
165 214
165 216
165 219
165 223
165 224
165 225
165 226
165 227
165 229
165 230
165 233
165 235
165 240
165 241
165 243
165 244
165 245
165 246
165 247
165 249
165 256
165 257
165 258
165 261
165 265
165 266
165 267
165 268
165 272
165 274
165 275
165 276
165 277
165 278
165 283
165 284
165 285
165 286
165 287
165 288
165 291
165 292
165 293
165 294
165 296
165 297
165 298
165 299
165 301
165 303
165 305
165 306
165 307
165 308
165 309
165 310
165 311
165 312
165 315
165 318
165 323
165 324
165 326
165 327
165 329
165 332
165 333
165 336
165 338
165 341
165 342
165 345
165 352
165 356
165 357
165 358
165 359
165 361
165 363
165 365
165 368
165 369
165 375
165 376
165 377
165 378
165 380
165 381
165 384
165 385
165 388
165 391
165 395
165 397
165 399
165 400
165 402
165 403
165 404
165 408
165 409
165 411
165 413
165 415
165 419
165 420
165 421
165 422
165 424
165 425
165 427
165 429
165 431
165 432
165 433
165 436
165 439
165 440
165 441
165 442
165 443
165 446
165 447
165 448
165 450
165 451
165 452
165 453
165 455
165 457
165 458
165 460
165 466
165 474
165 475
165 478
165 484
165 485
165 486
165 490
165 492
165 493
165 494
165 495
165 496
166 167
166 169
166 170
166 173
166 176
166 180
166 182
166 190
166 193
166 195
166 197
166 198
166 199
166 202
166 203
166 204
166 210
166 211
166 213
166 216
166 217
166 219
166 221
166 222
166 223
166 224
166 227
166 229
166 230
166 236
166 237
166 238
166 240
166 242
166 243
166 246
166 248
166 249
166 251
166 256
166 257
166 260
166 262
166 263
166 264
166 265
166 267
166 268
166 272
166 273
166 274
166 277
166 279
166 281
166 282
166 283
166 285
166 289
166 290
166 294
166 295
166 298
166 299
166 300
166 301
166 313
166 314
166 315
166 316
166 318
166 319
166 321
166 324
166 325
166 326
166 327
166 330
166 331
166 336
166 341
166 343
166 344
166 345
166 347
166 348
166 350
166 354
166 360
166 362
166 363
166 364
166 369
166 372
166 373
166 378
166 389
166 391
166 392
166 394
166 395
166 396
166 405
166 412
166 413
166 417
166 420
166 422
166 423
166 424
166 426
166 427
166 431
166 435
166 441
166 442
166 443
166 445
166 446
166 448
166 451
166 453
166 457
166 459
166 460
166 466
166 468
166 469
166 470
166 475
166 481
166 487
166 489
166 491
166 492
166 495
166 496
166 497
166 499
167 168
167 169
167 170
167 171
167 172
167 176
167 177
167 181
167 182
167 186
167 187
167 188
167 189
167 190
167 193
167 194
167 197
167 201
167 202
167 203
167 206
167 207
167 210
167 212
167 214
167 215
167 217
167 219
167 221
167 222
167 223
167 226
167 228
167 230
167 231
167 232
167 234
167 235
167 236
167 240
167 241
167 242
167 244
167 245
167 246
167 249
167 250
167 254
167 255
167 258
167 259
167 261
167 262
167 267
167 268
167 269
167 270
167 273
167 274
167 275
167 277
167 278
167 279
167 281
167 282
167 283
167 284
167 285
167 286
167 289
167 290
167 291
167 294
167 296
167 297
167 298
167 299
167 300
167 301
167 302
167 303
167 304
167 305
167 307
167 308
167 310
167 315
167 316
167 318
167 320
167 321
167 323
167 324
167 325
167 327
167 328
167 329
167 331
167 332
167 333
167 336
167 337
167 340
167 341
167 342
167 345
167 347
167 349
167 350
167 352
167 354
167 355
167 356
167 357
167 359
167 361
167 363
167 365
167 368
167 371
167 372
167 373
167 374
167 377
167 378
167 383
167 384
167 387
167 392
167 396
167 397
167 400
167 404
167 405
167 406
167 407
167 408
167 411
167 412
167 413
167 415
167 420
167 422
167 423
167 425
167 426
167 430
167 431
167 432
167 435
167 436
167 437
167 440
167 447
167 448
167 449
167 450
167 453
167 457
167 458
167 461
167 462
167 464
167 465
167 466
167 467
167 468
167 469
167 470
167 471
167 473
167 474
167 482
167 483
167 486
167 489
167 490
167 492
167 493
167 494
167 495
167 496
167 497
167 498
168 169
168 170
168 172
168 173
168 177
168 179
168 181
168 183
168 189
168 194
168 198
168 199
168 202
168 204
168 206
168 207
168 208
168 211
168 212
168 214
168 215
168 217
168 218
168 221
168 223
168 225
168 227
168 229
168 231
168 232
168 233
168 235
168 237
168 238
168 239
168 244
168 245
168 249
168 255
168 257
168 258
168 259
168 260
168 262
168 263
168 265
168 268
168 269
168 271
168 274
168 275
168 278
168 280
168 282
168 284
168 285
168 288
168 290
168 291
168 294
168 303
168 305
168 306
168 307
168 308
168 309
168 310
168 314
168 315
168 316
168 317
168 319
168 321
168 324
168 325
168 329
168 333
168 336
168 337
168 338
168 339
168 340
168 341
168 343
168 344
168 346
168 347
168 348
168 350
168 352
168 353
168 357
168 358
168 359
168 360
168 363
168 365
168 367
168 368
168 375
168 378
168 380
168 382
168 383
168 385
168 386
168 387
168 388
168 389
168 390
168 391
168 392
168 395
168 396
168 398
168 401
168 409
168 413
168 414
168 416
168 417
168 419
168 422
168 423
168 425
168 427
168 428
168 429
168 434
168 437
168 438
168 439
168 440
168 441
168 443
168 444
168 446
168 447
168 452
168 453
168 454
168 456
168 458
168 459
168 460
168 461
168 463
168 464
168 465
168 468
168 475
168 481
168 482
168 483
168 486
168 489
168 493
168 494
168 495
168 499
169 170
169 171
169 172
169 173
169 174
169 179
169 180
169 183
169 185
169 190
169 191
169 192
169 196
169 198
169 200
169 202
169 203
169 205
169 207
169 209
169 210
169 211
169 212
169 213
169 217
169 221
169 223
169 227
169 228
169 229
169 230
169 231
169 232
169 234
169 235
169 236
169 237
169 238
169 239
169 241
169 242
169 243
169 245
169 250
169 251
169 254
169 255
169 260
169 261
169 264
169 265
169 266
169 267
169 268
169 275
169 278
169 280
169 284
169 288
169 290
169 291
169 292
169 293
169 295
169 296
169 299
169 300
169 301
169 303
169 305
169 306
169 308
169 310
169 311
169 312
169 313
169 314
169 316
169 320
169 323
169 327
169 328
169 331
169 332
169 333
169 334
169 335
169 336
169 338
169 339
169 340
169 341
169 343
169 345
169 346
169 349
169 350
169 351
169 352
169 353
169 355
169 356
169 357
169 358
169 359
169 361
169 363
169 365
169 366
169 367
169 368
169 370
169 371
169 373
169 378
169 379
169 380
169 384
169 386
169 387
169 389
169 390
169 391
169 395
169 397
169 404
169 406
169 407
169 408
169 412
169 414
169 415
169 417
169 418
169 421
169 426
169 427
169 429
169 431
169 435
169 440
169 442
169 443
169 444
169 447
169 448
169 449
169 451
169 454
169 457
169 459
169 460
169 463
169 464
169 466
169 468
169 471
169 472
169 473
169 474
169 476
169 479
169 482
169 486
169 488
169 489
169 491
169 492
169 493
169 494
169 495
169 496
169 498
169 499
170 174
170 176
170 178
170 179
170 180
170 182
170 184
170 189
170 191
170 192
170 195
170 197
170 198
170 199
170 202
170 204
170 209
170 213
170 214
170 216
170 217
170 218
170 220
170 224
170 225
170 227
170 228
170 229
170 231
170 234
170 235
170 236
170 237
170 238
170 239
170 240
170 243
170 245
170 249
170 250
170 252
170 257
170 259
170 260
170 261
170 262
170 263
170 265
170 267
170 268
170 269
170 270
170 272
170 274
170 279
170 281
170 282
170 283
170 285
170 287
170 289
170 290
170 299
170 300
170 301
170 307
170 312
170 313
170 316
170 317
170 322
170 323
170 327
170 330
170 334
170 336
170 340
170 342
170 343
170 353
170 354
170 355
170 356
170 360
170 362
170 363
170 364
170 366
170 369
170 370
170 371
170 376
170 377
170 379
170 380
170 382
170 385
170 386
170 389
170 391
170 393
170 395
170 397
170 400
170 402
170 404
170 408
170 410
170 415
170 416
170 420
170 422
170 423
170 424
170 426
170 428
170 430
170 431
170 432
170 434
170 435
170 437
170 439
170 440
170 441
170 442
170 443
170 446
170 447
170 449
170 452
170 455
170 457
170 458
170 461
170 464
170 465
170 466
170 469
170 476
170 477
170 478
170 481
170 482
170 483
170 489
170 491
170 492
170 493
170 494
170 497
170 498
171 172
171 174
171 176
171 177
171 178
171 179
171 181
171 184
171 185
171 186
171 188
171 189
171 190
171 191
171 194
171 197
171 200
171 205
171 209
171 210
171 212
171 214
171 215
171 217
171 219
171 223
171 227
171 228
171 229
171 231
171 233
171 235
171 236
171 237
171 238
171 242
171 243
171 244
171 245
171 246
171 247
171 249
171 250
171 251
171 252
171 255
171 256
171 257
171 259
171 260
171 261
171 262
171 263
171 265
171 268
171 271
171 276
171 277
171 280
171 282
171 286
171 287
171 289
171 295
171 300
171 305
171 308
171 312
171 315
171 319
171 320
171 321
171 322
171 323
171 324
171 327
171 328
171 329
171 331
171 332
171 333
171 334
171 336
171 337
171 340
171 342
171 346
171 348
171 349
171 351
171 352
171 356
171 357
171 359
171 361
171 362
171 363
171 365
171 366
171 367
171 368
171 369
171 370
171 371
171 373
171 374
171 375
171 377
171 379
171 383
171 386
171 387
171 388
171 395
171 398
171 399
171 400
171 401
171 403
171 407
171 408
171 410
171 411
171 416
171 417
171 418
171 420
171 425
171 426
171 427
171 428
171 429
171 430
171 434
171 438
171 439
171 440
171 441
171 442
171 443
171 445
171 446
171 448
171 455
171 457
171 458
171 459
171 465
171 466
171 467
171 470
171 471
171 472
171 475
171 477
171 478
171 480
171 482
171 484
171 486
171 489
171 491
171 492
171 493
171 494
171 495
171 496
171 498
171 499
172 173
172 175
172 179
172 180
172 181
172 182
172 184
172 188
172 192
172 193
172 194
172 197
172 198
172 199
172 200
172 203
172 204
172 206
172 208
172 209
172 211
172 213
172 214
172 215
172 216
172 217
172 218
172 220
172 221
172 222
172 223
172 224
172 227
172 229
172 233
172 235
172 236
172 237
172 239
172 242
172 244
172 246
172 247
172 248
172 251
172 252
172 255
172 256
172 259
172 260
172 263
172 267
172 268
172 269
172 273
172 276
172 277
172 278
172 279
172 285
172 289
172 291
172 292
172 295
172 299
172 301
172 302
172 303
172 305
172 307
172 308
172 309
172 310
172 312
172 314
172 315
172 316
172 318
172 319
172 323
172 325
172 327
172 328
172 332
172 334
172 335
172 337
172 342
172 347
172 348
172 349
172 352
172 353
172 354
172 357
172 358
172 360
172 361
172 363
172 364
172 366
172 372
172 373
172 375
172 380
172 382
172 383
172 386
172 391
172 392
172 393
172 397
172 399
172 400
172 404
172 406
172 407
172 410
172 411
172 413
172 415
172 416
172 419
172 427
172 428
172 434
172 435
172 439
172 440
172 446
172 448
172 449
172 450
172 452
172 453
172 454
172 456
172 457
172 459
172 463
172 464
172 465
172 466
172 467
172 468
172 469
172 470
172 471
172 472
172 474
172 476
172 478
172 479
172 483
172 486
172 488
172 492
172 494
172 496
172 498
172 499
173 175
173 177
173 181
173 182
173 183
173 187
173 191
173 192
173 193
173 194
173 200
173 201
173 202
173 206
173 207
173 209
173 213
173 219
173 220
173 222
173 225
173 227
173 228
173 229
173 230
173 232
173 236
173 238
173 239
173 241
173 243
173 244
173 245
173 246
173 247
173 248
173 249
173 250
173 251
173 253
173 255
173 256
173 258
173 259
173 261
173 262
173 264
173 266
173 267
173 269
173 270
173 273
173 274
173 275
173 277
173 282
173 283
173 285
173 287
173 293
173 294
173 296
173 297
173 298
173 305
173 306
173 308
173 309
173 312
173 313
173 314
173 315
173 317
173 318
173 320
173 324
173 325
173 332
173 333
173 336
173 339
173 340
173 344
173 347
173 349
173 352
173 354
173 355
173 356
173 357
173 360
173 361
173 362
173 364
173 366
173 367
173 368
173 369
173 370
173 372
173 373
173 375
173 376
173 377
173 379
173 382
173 384
173 385
173 387
173 388
173 389
173 391
173 392
173 393
173 394
173 395
173 397
173 401
173 402
173 404
173 405
173 408
173 411
173 416
173 418
173 421
173 423
173 425
173 427
173 429
173 430
173 431
173 435
173 439
173 440
173 441
173 442
173 443
173 445
173 446
173 448
173 449
173 452
173 453
173 455
173 459
173 464
173 465
173 466
173 467
173 468
173 473
173 474
173 475
173 476
173 477
173 479
173 480
173 483
173 484
173 487
173 488
173 490
173 495
173 497
173 499
174 176
174 177
174 179
174 180
174 181
174 182
174 185
174 188
174 189
174 192
174 194
174 195
174 197
174 200
174 203
174 205
174 206
174 207
174 209
174 211
174 212
174 213
174 214
174 215
174 216
174 219
174 220
174 221
174 222
174 223
174 224
174 225
174 226
174 233
174 236
174 237
174 238
174 245
174 247
174 248
174 249
174 250
174 251
174 252
174 253
174 255
174 257
174 258
174 260
174 261
174 266
174 272
174 273
174 275
174 277
174 279
174 280
174 281
174 282
174 283
174 284
174 285
174 286
174 288
174 291
174 292
174 293
174 295
174 298
174 299
174 301
174 303
174 304
174 307
174 312
174 318
174 320
174 322
174 323
174 324
174 326
174 333
174 334
174 336
174 337
174 339
174 346
174 349
174 352
174 354
174 358
174 360
174 369
174 373
174 374
174 375
174 376
174 377
174 378
174 380
174 381
174 382
174 383
174 384
174 387
174 388
174 389
174 392
174 393
174 396
174 398
174 402
174 403
174 406
174 407
174 409
174 410
174 412
174 414
174 415
174 418
174 422
174 424
174 429
174 431
174 432
174 434
174 436
174 437
174 439
174 440
174 441
174 442
174 444
174 446
174 447
174 451
174 452
174 455
174 458
174 459
174 461
174 462
174 465
174 467
174 468
174 469
174 470
174 471
174 472
174 474
174 477
174 479
174 481
174 484
174 485
174 486
174 489
174 490
174 491
174 494
174 496
174 497
174 498
175 178
175 179
175 183
175 184
175 185
175 188
175 190
175 191
175 192
175 199
175 203
175 204
175 205
175 207
175 209
175 211
175 212
175 216
175 217
175 221
175 223
175 225
175 226
175 229
175 230
175 231
175 233
175 235
175 236
175 237
175 239
175 240
175 242
175 245
175 247
175 248
175 250
175 252
175 259
175 260
175 261
175 263
175 272
175 273
175 275
175 278
175 280
175 281
175 283
175 285
175 289
175 290
175 292
175 294
175 296
175 298
175 300
175 302
175 304
175 306
175 312
175 315
175 316
175 317
175 319
175 320
175 323
175 324
175 325
175 327
175 328
175 330
175 333
175 336
175 337
175 338
175 340
175 341
175 342
175 345
175 350
175 351
175 352
175 353
175 354
175 358
175 359
175 360
175 361
175 362
175 364
175 365
175 366
175 367
175 370
175 373
175 374
175 376
175 379
175 380
175 381
175 382
175 384
175 386
175 387
175 389
175 390
175 393
175 398
175 399
175 401
175 405
175 407
175 410
175 412
175 415
175 417
175 419
175 421
175 423
175 424
175 425
175 426
175 432
175 435
175 437
175 438
175 440
175 441
175 442
175 444
175 447
175 449
175 450
175 451
175 453
175 456
175 462
175 464
175 467
175 469
175 471
175 473
175 474
175 476
175 479
175 480
175 487
175 488
175 489
175 494
175 495
175 496
175 498
175 499
176 177
176 179
176 181
176 183
176 184
176 185
176 186
176 187
176 193
176 194
176 197
176 201
176 203
176 204
176 205
176 206
176 208
176 210
176 213
176 215
176 218
176 219
176 220
176 221
176 231
176 232
176 233
176 234
176 236
176 239
176 240
176 241
176 244
176 245
176 246
176 247
176 248
176 249
176 252
176 253
176 254
176 257
176 260
176 263
176 265
176 268
176 270
176 271
176 272
176 273
176 275
176 280
176 281
176 283
176 287
176 288
176 289
176 290
176 294
176 301
176 302
176 305
176 306
176 307
176 310
176 312
176 314
176 315
176 316
176 317
176 318
176 319
176 321
176 325
176 327
176 328
176 329
176 331
176 335
176 336
176 337
176 338
176 340
176 342
176 343
176 344
176 345
176 347
176 350
176 352
176 353
176 354
176 355
176 360
176 361
176 362
176 363
176 367
176 369
176 370
176 372
176 373
176 374
176 377
176 379
176 380
176 382
176 383
176 385
176 386
176 387
176 389
176 391
176 392
176 395
176 397
176 400
176 401
176 403
176 406
176 407
176 409
176 410
176 411
176 412
176 413
176 414
176 416
176 417
176 418
176 419
176 422
176 423
176 425
176 428
176 430
176 431
176 433
176 435
176 437
176 440
176 441
176 445
176 446
176 449
176 451
176 452
176 454
176 455
176 462
176 464
176 465
176 466
176 469
176 472
176 476
176 477
176 478
176 479
176 480
176 485
176 488
176 489
176 490
176 492
176 496
176 498
176 499
177 179
177 181
177 182
177 184
177 185
177 186
177 188
177 189
177 191
177 193
177 194
177 195
177 197
177 198
177 201
177 204
177 205
177 207
177 209
177 210
177 211
177 213
177 214
177 215
177 216
177 218
177 219
177 221
177 223
177 224
177 225
177 226
177 231
177 232
177 234
177 235
177 236
177 237
177 238
177 240
177 248
177 249
177 250
177 252
177 257
177 258
177 261
177 264
177 266
177 267
177 268
177 270
177 271
177 272
177 274
177 275
177 277
177 279
177 280
177 282
177 283
177 284
177 285
177 289
177 294
177 295
177 296
177 298
177 301
177 303
177 305
177 308
177 309
177 312
177 316
177 318
177 319
177 320
177 322
177 323
177 325
177 326
177 327
177 328
177 329
177 330
177 331
177 332
177 336
177 341
177 343
177 345
177 346
177 347
177 350
177 351
177 352
177 353
177 354
177 355
177 360
177 363
177 364
177 366
177 367
177 368
177 369
177 370
177 372
177 380
177 381
177 383
177 384
177 385
177 386
177 388
177 389
177 390
177 391
177 393
177 394
177 395
177 397
177 399
177 400
177 404
177 405
177 406
177 407
177 408
177 414
177 415
177 417
177 418
177 419
177 420
177 422
177 425
177 428
177 430
177 434
177 436
177 437
177 439
177 441
177 442
177 443
177 444
177 445
177 446
177 448
177 449
177 452
177 453
177 456
177 458
177 459
177 460
177 461
177 462
177 463
177 464
177 465
177 466
177 469
177 471
177 473
177 474
177 475
177 476
177 481
177 482
177 485
177 487
177 488
177 490
177 492
177 495
177 496
177 498
177 499
178 180
178 181
178 182
178 184
178 187
178 188
178 191
178 196
178 198
178 199
178 205
178 206
178 214
178 215
178 219
178 220
178 221
178 222
178 223
178 225
178 227
178 230
178 232
178 233
178 234
178 235
178 236
178 239
178 244
178 245
178 246
178 247
178 250
178 251
178 252
178 253
178 254
178 255
178 256
178 257
178 258
178 259
178 261
178 262
178 265
178 267
178 272
178 274
178 275
178 277
178 278
178 280
178 281
178 282
178 284
178 286
178 287
178 289
178 293
178 294
178 298
178 300
178 301
178 303
178 305
178 306
178 307
178 309
178 310
178 311
178 314
178 315
178 316
178 317
178 318
178 319
178 321
178 322
178 324
178 326
178 327
178 332
178 334
178 336
178 337
178 338
178 339
178 342
178 344
178 345
178 348
178 349
178 351
178 352
178 353
178 362
178 363
178 365
178 367
178 368
178 370
178 373
178 375
178 380
178 381
178 382
178 386
178 387
178 388
178 389
178 390
178 391
178 392
178 393
178 394
178 395
178 398
178 399
178 400
178 402
178 405
178 406
178 407
178 408
178 410
178 411
178 413
178 414
178 416
178 418
178 420
178 421
178 422
178 423
178 426
178 427
178 428
178 429
178 433
178 436
178 437
178 439
178 440
178 441
178 442
178 443
178 444
178 445
178 448
178 449
178 453
178 454
178 457
178 458
178 459
178 460
178 462
178 464
178 466
178 467
178 468
178 469
178 471
178 473
178 475
178 477
178 479
178 481
178 485
178 486
178 489
178 490
178 492
178 494
178 495
178 497
178 499
179 180
179 181
179 183
179 184
179 185
179 188
179 189
179 195
179 196
179 198
179 200
179 202
179 205
179 206
179 207
179 208
179 210
179 212
179 213
179 214
179 215
179 217
179 218
179 220
179 221
179 222
179 224
179 225
179 226
179 227
179 230
179 231
179 233
179 237
179 238
179 239
179 243
179 244
179 245
179 246
179 248
179 249
179 250
179 257
179 261
179 262
179 263
179 265
179 268
179 269
179 270
179 272
179 274
179 276
179 278
179 279
179 280
179 285
179 286
179 295
179 297
179 298
179 299
179 300
179 301
179 304
179 306
179 307
179 308
179 311
179 312
179 313
179 314
179 319
179 321
179 322
179 323
179 324
179 325
179 327
179 328
179 329
179 334
179 335
179 338
179 339
179 340
179 341
179 342
179 343
179 348
179 349
179 351
179 359
179 361
179 365
179 366
179 367
179 368
179 369
179 373
179 375
179 378
179 380
179 383
179 386
179 387
179 388
179 393
179 394
179 395
179 396
179 402
179 403
179 405
179 406
179 407
179 409
179 410
179 412
179 413
179 416
179 417
179 418
179 420
179 421
179 424
179 427
179 429
179 430
179 432
179 433
179 435
179 440
179 443
179 446
179 448
179 449
179 450
179 451
179 453
179 456
179 457
179 459
179 460
179 463
179 465
179 468
179 469
179 470
179 471
179 475
179 480
179 483
179 484
179 486
179 487
179 488
179 489
179 490
179 491
179 494
179 495
180 181
180 182
180 190
180 192
180 194
180 195
180 199
180 200
180 203
180 204
180 205
180 208
180 209
180 211
180 212
180 213
180 215
180 216
180 218
180 220
180 221
180 222
180 226
180 227
180 237
180 238
180 240
180 242
180 243
180 244
180 249
180 250
180 251
180 254
180 256
180 257
180 258
180 261
180 264
180 265
180 267
180 269
180 271
180 274
180 276
180 280
180 283
180 284
180 288
180 290
180 291
180 294
180 297
180 301
180 302
180 303
180 304
180 306
180 307
180 309
180 313
180 317
180 319
180 320
180 324
180 325
180 326
180 327
180 328
180 329
180 331
180 332
180 334
180 335
180 338
180 339
180 350
180 351
180 352
180 353
180 354
180 355
180 357
180 358
180 359
180 362
180 366
180 367
180 369
180 370
180 376
180 377
180 382
180 383
180 388
180 390
180 391
180 398
180 403
180 406
180 407
180 408
180 409
180 411
180 412
180 416
180 418
180 422
180 424
180 425
180 426
180 427
180 429
180 434
180 438
180 440
180 441
180 443
180 445
180 450
180 451
180 452
180 454
180 455
180 457
180 462
180 465
180 467
180 468
180 471
180 472
180 473
180 477
180 478
180 479
180 480
180 484
180 486
180 489
180 491
180 498
181 182
181 184
181 187
181 191
181 192
181 193
181 195
181 196
181 197
181 201
181 202
181 203
181 204
181 205
181 208
181 209
181 211
181 212
181 214
181 215
181 219
181 220
181 221
181 222
181 223
181 228
181 229
181 230
181 233
181 234
181 235
181 236
181 237
181 238
181 239
181 245
181 248
181 251
181 252
181 253
181 256
181 260
181 261
181 262
181 266
181 269
181 270
181 271
181 272
181 274
181 276
181 285
181 291
181 292
181 300
181 301
181 306
181 308
181 309
181 313
181 315
181 318
181 319
181 321
181 323
181 324
181 325
181 326
181 327
181 329
181 330
181 331
181 332
181 336
181 337
181 338
181 339
181 343
181 344
181 345
181 346
181 348
181 350
181 351
181 353
181 355
181 356
181 357
181 358
181 359
181 363
181 364
181 365
181 368
181 370
181 371
181 379
181 382
181 383
181 384
181 386
181 388
181 389
181 390
181 393
181 402
181 404
181 405
181 408
181 412
181 413
181 416
181 417
181 418
181 419
181 421
181 422
181 424
181 431
181 432
181 440
181 441
181 444
181 445
181 446
181 447
181 448
181 451
181 452
181 454
181 455
181 456
181 463
181 464
181 465
181 466
181 467
181 468
181 470
181 472
181 476
181 477
181 478
181 480
181 481
181 483
181 486
181 491
181 493
181 496
182 183
182 185
182 186
182 187
182 190
182 192
182 193
182 194
182 195
182 197
182 198
182 200
182 201
182 202
182 205
182 206
182 208
182 210
182 211
182 212
182 213
182 215
182 216
182 218
182 221
182 222
182 225
182 226
182 228
182 232
182 233
182 234
182 237
182 239
182 240
182 242
182 244
182 247
182 248
182 252
182 254
182 257
182 258
182 260
182 261
182 262
182 264
182 267
182 268
182 270
182 271
182 274
182 275
182 277
182 280
182 283
182 285
182 286
182 287
182 288
182 289
182 291
182 292
182 293
182 294
182 296
182 298
182 299
182 301
182 302
182 304
182 306
182 308
182 309
182 315
182 318
182 319
182 325
182 328
182 330
182 332
182 334
182 336
182 337
182 338
182 339
182 340
182 342
182 343
182 344
182 345
182 346
182 347
182 348
182 349
182 350
182 356
182 360
182 361
182 362
182 363
182 365
182 367
182 369
182 370
182 372
182 375
182 376
182 377
182 383
182 385
182 389
182 390
182 391
182 392
182 394
182 395
182 396
182 398
182 399
182 409
182 410
182 413
182 415
182 418
182 419
182 422
182 426
182 434
182 435
182 438
182 440
182 441
182 443
182 444
182 446
182 451
182 452
182 454
182 455
182 456
182 457
182 458
182 459
182 462
182 463
182 464
182 465
182 469
182 473
182 474
182 476
182 479
182 482
182 485
182 490
182 492
182 494
182 495
182 496
182 497
182 498
182 499
183 191
183 192
183 193
183 194
183 197
183 200
183 202
183 206
183 208
183 211
183 212
183 215
183 217
183 219
183 220
183 221
183 222
183 225
183 233
183 234
183 236
183 237
183 238
183 239
183 241
183 242
183 243
183 245
183 247
183 249
183 250
183 253
183 254
183 262
183 263
183 264
183 265
183 266
183 267
183 268
183 269
183 271
183 272
183 273
183 275
183 276
183 279
183 282
183 283
183 284
183 285
183 287
183 288
183 290
183 291
183 293
183 295
183 296
183 299
183 300
183 301
183 304
183 305
183 306
183 308
183 309
183 314
183 315
183 317
183 318
183 319
183 321
183 326
183 327
183 329
183 332
183 333
183 337
183 340
183 341
183 345
183 346
183 347
183 349
183 352
183 354
183 356
183 357
183 360
183 362
183 364
183 366
183 368
183 376
183 377
183 379
183 380
183 382
183 384
183 386
183 387
183 388
183 389
183 390
183 392
183 394
183 397
183 398
183 402
183 403
183 408
183 410
183 412
183 413
183 415
183 416
183 417
183 419
183 420
183 424
183 425
183 426
183 427
183 428
183 429
183 433
183 435
183 436
183 437
183 439
183 442
183 447
183 449
183 450
183 451
183 454
183 457
183 459
183 460
183 461
183 467
183 468
183 470
183 474
183 477
183 480
183 482
183 483
183 484
183 487
183 490
183 491
183 493
183 494
183 495
183 496
183 497
183 498
184 186
184 187
184 189
184 190
184 191
184 192
184 194
184 195
184 196
184 197
184 198
184 199
184 200
184 202
184 203
184 205
184 206
184 209
184 210
184 213
184 215
184 221
184 222
184 223
184 224
184 231
184 234
184 235
184 237
184 238
184 239
184 240
184 241
184 245
184 246
184 249
184 250
184 251
184 252
184 256
184 257
184 259
184 262
184 263
184 264
184 268
184 269
184 270
184 271
184 273
184 275
184 280
184 281
184 283
184 285
184 286
184 288
184 290
184 292
184 295
184 296
184 298
184 301
184 302
184 303
184 304
184 307
184 309
184 311
184 314
184 317
184 318
184 319
184 320
184 321
184 325
184 328
184 329
184 331
184 332
184 334
184 335
184 337
184 340
184 342
184 343
184 344
184 346
184 347
184 354
184 355
184 356
184 361
184 363
184 364
184 365
184 368
184 369
184 370
184 371
184 372
184 373
184 375
184 376
184 379
184 380
184 382
184 383
184 385
184 390
184 393
184 394
184 396
184 398
184 400
184 402
184 403
184 407
184 408
184 409
184 410
184 411
184 413
184 414
184 415
184 416
184 420
184 423
184 424
184 426
184 427
184 428
184 429
184 436
184 437
184 441
184 442
184 448
184 449
184 450
184 451
184 452
184 456
184 461
184 462
184 465
184 466
184 468
184 470
184 471
184 476
184 477
184 479
184 483
184 484
184 485
184 486
184 487
184 489
184 493
184 494
184 495
184 496
184 497
184 498
184 499
185 187
185 189
185 193
185 194
185 195
185 196
185 197
185 198
185 199
185 200
185 201
185 203
185 204
185 207
185 211
185 213
185 214
185 218
185 220
185 222
185 223
185 225
185 227
185 229
185 230
185 231
185 232
185 233
185 234
185 235
185 236
185 237
185 238
185 241
185 242
185 244
185 246
185 248
185 251
185 255
185 258
185 259
185 260
185 262
185 263
185 264
185 265
185 269
185 272
185 273
185 278
185 279
185 280
185 281
185 283
185 285
185 287
185 288
185 290
185 291
185 293
185 294
185 295
185 296
185 298
185 299
185 300
185 301
185 302
185 303
185 308
185 309
185 311
185 313
185 315
185 316
185 318
185 320
185 324
185 325
185 326
185 327
185 328
185 329
185 335
185 337
185 338
185 339
185 340
185 342
185 343
185 347
185 350
185 352
185 355
185 358
185 359
185 360
185 364
185 365
185 367
185 368
185 370
185 371
185 374
185 375
185 376
185 377
185 384
185 385
185 389
185 392
185 395
185 396
185 397
185 398
185 400
185 402
185 403
185 404
185 409
185 410
185 411
185 412
185 413
185 416
185 417
185 418
185 420
185 424
185 426
185 427
185 428
185 430
185 433
185 434
185 435
185 436
185 437
185 438
185 439
185 441
185 442
185 444
185 446
185 448
185 450
185 451
185 452
185 454
185 455
185 456
185 459
185 462
185 464
185 465
185 467
185 469
185 473
185 475
185 477
185 478
185 479
185 480
185 482
185 484
185 485
185 486
185 487
185 492
185 494
185 496
185 497
185 498
185 499
186 188
186 189
186 191
186 193
186 196
186 197
186 199
186 201
186 202
186 204
186 205
186 206
186 208
186 211
186 212
186 214
186 215
186 216
186 217
186 220
186 223
186 225
186 229
186 233
186 234
186 236
186 239
186 246
186 248
186 249
186 251
186 252
186 254
186 256
186 257
186 260
186 262
186 263
186 267
186 270
186 271
186 278
186 281
186 283
186 284
186 285
186 287
186 290
186 292
186 294
186 303
186 311
186 313
186 315
186 317
186 320
186 321
186 322
186 323
186 324
186 328
186 329
186 330
186 331
186 332
186 333
186 335
186 336
186 337
186 338
186 339
186 341
186 349
186 353
186 354
186 357
186 359
186 361
186 363
186 366
186 369
186 372
186 378
186 381
186 384
186 385
186 386
186 387
186 388
186 389
186 391
186 392
186 393
186 394
186 395
186 397
186 400
186 405
186 407
186 408
186 411
186 412
186 413
186 415
186 416
186 417
186 418
186 420
186 422
186 424
186 426
186 428
186 430
186 431
186 432
186 433
186 435
186 436
186 437
186 438
186 439
186 444
186 445
186 446
186 448
186 451
186 454
186 458
186 461
186 463
186 464
186 465
186 466
186 467
186 468
186 469
186 471
186 472
186 473
186 474
186 477
186 480
186 484
186 486
186 487
186 490
186 491
186 494
186 496
186 497
187 189
187 191
187 192
187 193
187 196
187 197
187 200
187 201
187 202
187 204
187 205
187 207
187 211
187 212
187 213
187 214
187 215
187 218
187 219
187 221
187 224
187 225
187 226
187 228
187 230
187 232
187 235
187 237
187 240
187 241
187 242
187 248
187 252
187 253
187 257
187 262
187 263
187 264
187 273
187 274
187 275
187 277
187 280
187 283
187 286
187 288
187 289
187 292
187 293
187 297
187 298
187 300
187 301
187 303
187 309
187 310
187 311
187 313
187 317
187 318
187 319
187 323
187 325
187 328
187 329
187 330
187 331
187 338
187 340
187 341
187 343
187 345
187 347
187 348
187 349
187 351
187 352
187 353
187 354
187 356
187 357
187 359
187 360
187 361
187 362
187 364
187 365
187 366
187 369
187 371
187 376
187 377
187 378
187 379
187 380
187 382
187 383
187 386
187 388
187 389
187 390
187 396
187 398
187 400
187 402
187 404
187 408
187 409
187 410
187 411
187 412
187 415
187 417
187 419
187 421
187 422
187 423
187 426
187 427
187 428
187 429
187 430
187 432
187 434
187 437
187 439
187 442
187 444
187 447
187 450
187 452
187 453
187 456
187 458
187 459
187 461
187 462
187 463
187 466
187 468
187 469
187 473
187 474
187 475
187 476
187 477
187 478
187 480
187 483
187 485
187 486
187 487
187 488
187 489
187 490
187 493
187 494
187 495
187 496
187 498
188 189
188 193
188 194
188 195
188 197
188 202
188 203
188 204
188 205
188 207
188 210
188 215
188 216
188 218
188 221
188 223
188 228
188 229
188 231
188 232
188 233
188 235
188 237
188 241
188 244
188 247
188 249
188 250
188 251
188 254
188 255
188 257
188 258
188 259
188 260
188 261
188 266
188 267
188 268
188 269
188 270
188 275
188 276
188 278
188 281
188 282
188 284
188 285
188 289
188 293
188 295
188 296
188 297
188 300
188 301
188 304
188 305
188 306
188 308
188 310
188 314
188 316
188 318
188 325
188 326
188 327
188 328
188 329
188 330
188 331
188 334
188 338
188 340
188 342
188 343
188 347
188 349
188 353
188 355
188 357
188 358
188 359
188 360
188 362
188 363
188 365
188 366
188 367
188 368
188 373
188 374
188 375
188 376
188 379
188 380
188 382
188 383
188 385
188 386
188 387
188 389
188 395
188 396
188 397
188 398
188 399
188 400
188 403
188 407
188 408
188 416
188 422
188 425
188 431
188 433
188 434
188 436
188 437
188 438
188 439
188 443
188 444
188 448
188 452
188 456
188 457
188 458
188 459
188 463
188 464
188 466
188 469
188 472
188 474
188 476
188 477
188 480
188 481
188 484
188 485
188 486
188 489
188 490
188 491
188 492
188 494
188 497
188 498
189 191
189 192
189 200
189 202
189 203
189 204
189 205
189 208
189 209
189 212
189 214
189 215
189 216
189 220
189 222
189 223
189 224
189 230
189 232
189 233
189 235
189 236
189 237
189 239
189 240
189 241
189 242
189 243
189 244
189 246
189 248
189 249
189 252
189 253
189 254
189 255
189 258
189 260
189 263
189 264
189 265
189 266
189 267
189 269
189 271
189 273
189 276
189 277
189 278
189 280
189 281
189 282
189 283
189 284
189 289
189 291
189 293
189 295
189 299
189 301
189 302
189 304
189 307
189 308
189 310
189 311
189 312
189 318
189 320
189 322
189 323
189 324
189 325
189 326
189 327
189 328
189 331
189 332
189 333
189 338
189 339
189 341
189 342
189 343
189 344
189 345
189 347
189 348
189 349
189 351
189 354
189 356
189 358
189 359
189 360
189 361
189 364
189 365
189 367
189 368
189 373
189 375
189 376
189 377
189 379
189 380
189 381
189 383
189 384
189 385
189 388
189 390
189 392
189 395
189 396
189 401
189 405
189 409
189 410
189 411
189 412
189 415
189 418
189 420
189 421
189 422
189 425
189 426
189 428
189 430
189 433
189 435
189 436
189 438
189 439
189 440
189 443
189 444
189 450
189 452
189 453
189 455
189 458
189 459
189 461
189 463
189 465
189 466
189 467
189 468
189 469
189 470
189 471
189 472
189 474
189 478
189 483
189 485
189 486
189 487
189 491
189 493
189 494
189 495
189 496
189 498
189 499
190 191
190 197
190 204
190 205
190 215
190 216
190 217
190 218
190 221
190 224
190 225
190 227
190 230
190 231
190 232
190 233
190 236
190 237
190 238
190 240
190 241
190 244
190 245
190 246
190 247
190 248
190 251
190 253
190 254
190 256
190 258
190 260
190 261
190 262
190 263
190 266
190 268
190 269
190 270
190 276
190 277
190 278
190 279
190 280
190 283
190 285
190 286
190 289
190 290
190 292
190 295
190 297
190 299
190 300
190 305
190 306
190 309
190 311
190 312
190 314
190 315
190 321
190 324
190 327
190 330
190 331
190 333
190 334
190 335
190 336
190 340
190 341
190 343
190 347
190 348
190 349
190 351
190 352
190 353
190 354
190 357
190 359
190 360
190 361
190 364
190 366
190 367
190 368
190 369
190 370
190 371
190 373
190 374
190 375
190 377
190 378
190 379
190 380
190 381
190 382
190 387
190 388
190 389
190 390
190 393
190 394
190 400
190 405
190 407
190 413
190 414
190 415
190 418
190 419
190 424
190 431
190 433
190 434
190 435
190 436
190 437
190 438
190 440
190 441
190 442
190 443
190 446
190 447
190 449
190 451
190 452
190 453
190 454
190 455
190 459
190 460
190 465
190 466
190 467
190 470
190 471
190 477
190 480
190 488
190 490
190 492
190 493
190 495
190 496
190 499
191 192
191 193
191 196
191 198
191 199
191 201
191 202
191 203
191 205
191 210
191 212
191 215
191 216
191 217
191 223
191 225
191 226
191 227
191 229
191 230
191 233
191 234
191 236
191 239
191 240
191 241
191 243
191 246
191 248
191 249
191 250
191 253
191 254
191 258
191 259
191 260
191 261
191 262
191 263
191 264
191 266
191 268
191 269
191 270
191 272
191 273
191 274
191 275
191 276
191 277
191 280
191 281
191 285
191 286
191 287
191 294
191 295
191 297
191 298
191 300
191 302
191 303
191 304
191 305
191 306
191 308
191 312
191 313
191 317
191 319
191 320
191 322
191 323
191 324
191 329
191 330
191 332
191 333
191 338
191 339
191 340
191 343
191 344
191 346
191 353
191 354
191 355
191 356
191 357
191 358
191 360
191 362
191 366
191 367
191 370
191 371
191 379
191 381
191 382
191 385
191 389
191 390
191 391
191 392
191 393
191 394
191 397
191 398
191 399
191 400
191 401
191 402
191 403
191 404
191 405
191 408
191 411
191 412
191 413
191 414
191 416
191 418
191 420
191 422
191 423
191 424
191 425
191 426
191 427
191 429
191 435
191 436
191 437
191 440
191 442
191 445
191 446
191 448
191 449
191 451
191 453
191 454
191 456
191 462
191 467
191 468
191 473
191 477
191 478
191 481
191 483
191 485
191 487
191 488
191 489
191 490
191 492
191 493
191 494
191 496
192 194
192 196
192 198
192 200
192 201
192 202
192 205
192 206
192 208
192 209
192 210
192 211
192 212
192 213
192 214
192 216
192 217
192 219
192 221
192 222
192 223
192 224
192 225
192 226
192 227
192 230
192 232
192 233
192 234
192 235
192 236
192 237
192 239
192 242
192 246
192 247
192 248
192 249
192 250
192 252
192 255
192 256
192 258
192 259
192 260
192 263
192 265
192 267
192 268
192 272
192 273
192 276
192 278
192 281
192 283
192 286
192 287
192 288
192 289
192 295
192 301
192 310
192 314
192 315
192 318
192 319
192 321
192 323
192 324
192 325
192 326
192 328
192 329
192 332
192 333
192 335
192 337
192 340
192 342
192 344
192 345
192 346
192 348
192 352
192 354
192 355
192 357
192 359
192 361
192 362
192 363
192 365
192 366
192 369
192 371
192 372
192 376
192 377
192 378
192 379
192 381
192 382
192 384
192 385
192 387
192 388
192 389
192 390
192 393
192 394
192 399
192 402
192 404
192 406
192 409
192 412
192 413
192 416
192 417
192 419
192 425
192 426
192 429
192 432
192 433
192 435
192 438
192 439
192 441
192 445
192 446
192 447
192 448
192 452
192 454
192 455
192 456
192 458
192 459
192 461
192 462
192 463
192 465
192 467
192 471
192 473
192 474
192 475
192 477
192 478
192 479
192 484
192 486
192 487
192 488
192 491
192 494
192 495
192 496
192 498
193 195
193 197
193 198
193 200
193 201
193 203
193 204
193 205
193 206
193 212
193 214
193 216
193 219
193 220
193 222
193 223
193 225
193 228
193 229
193 230
193 231
193 232
193 233
193 234
193 235
193 240
193 243
193 247
193 249
193 250
193 252
193 253
193 258
193 260
193 261
193 263
193 264
193 265
193 266
193 268
193 269
193 270
193 271
193 272
193 276
193 278
193 279
193 280
193 281
193 285
193 287
193 289
193 290
193 291
193 292
193 293
193 294
193 298
193 300
193 303
193 304
193 310
193 317
193 318
193 319
193 320
193 321
193 325
193 331
193 334
193 335
193 336
193 338
193 345
193 346
193 347
193 348
193 349
193 350
193 352
193 353
193 354
193 355
193 356
193 357
193 359
193 364
193 369
193 371
193 375
193 378
193 379
193 380
193 381
193 382
193 383
193 384
193 385
193 386
193 388
193 389
193 391
193 394
193 397
193 398
193 399
193 400
193 401
193 403
193 404
193 406
193 407
193 408
193 409
193 410
193 411
193 412
193 413
193 424
193 425
193 426
193 427
193 428
193 429
193 430
193 431
193 433
193 434
193 435
193 436
193 437
193 438
193 439
193 445
193 447
193 450
193 452
193 455
193 457
193 458
193 459
193 460
193 464
193 466
193 467
193 468
193 469
193 470
193 471
193 474
193 477
193 479
193 481
193 485
193 490
193 491
193 492
193 494
193 496
194 196
194 200
194 201
194 204
194 205
194 208
194 211
194 212
194 213
194 214
194 215
194 218
194 219
194 220
194 221
194 224
194 225
194 226
194 227
194 228
194 232
194 234
194 236
194 238
194 239
194 240
194 241
194 243
194 244
194 248
194 250
194 252
194 253
194 255
194 258
194 259
194 261
194 262
194 264
194 267
194 268
194 269
194 272
194 273
194 278
194 279
194 281
194 282
194 283
194 284
194 286
194 289
194 294
194 298
194 302
194 304
194 306
194 307
194 311
194 312
194 314
194 315
194 316
194 317
194 318
194 319
194 324
194 327
194 328
194 331
194 332
194 334
194 335
194 336
194 337
194 338
194 340
194 342
194 343
194 344
194 345
194 347
194 348
194 350
194 351
194 352
194 353
194 358
194 360
194 363
194 365
194 366
194 367
194 368
194 370
194 372
194 374
194 375
194 377
194 379
194 381
194 384
194 387
194 388
194 389
194 390
194 391
194 393
194 394
194 397
194 400
194 401
194 402
194 405
194 407
194 408
194 409
194 414
194 415
194 420
194 422
194 424
194 428
194 430
194 431
194 433
194 436
194 440
194 441
194 443
194 447
194 448
194 449
194 450
194 461
194 462
194 464
194 465
194 466
194 471
194 472
194 473
194 477
194 480
194 484
194 485
194 486
194 487
194 495
194 496
195 196
195 199
195 200
195 203
195 206
195 207
195 209
195 210
195 211
195 214
195 215
195 216
195 219
195 220
195 222
195 224
195 226
195 228
195 229
195 231
195 233
195 234
195 235
195 236
195 237
195 239
195 240
195 241
195 243
195 244
195 246
195 247
195 253
195 255
195 256
195 257
195 260
195 261
195 265
195 269
195 277
195 279
195 282
195 284
195 287
195 290
195 291
195 292
195 294
195 295
195 296
195 299
195 302
195 303
195 305
195 309
195 311
195 312
195 313
195 314
195 316
195 318
195 325
195 327
195 328
195 330
195 333
195 335
195 339
195 342
195 352
195 355
195 357
195 358
195 360
195 361
195 362
195 363
195 364
195 366
195 367
195 368
195 371
195 372
195 373
195 375
195 376
195 377
195 379
195 380
195 382
195 383
195 386
195 391
195 392
195 393
195 394
195 395
195 397
195 400
195 401
195 403
195 406
195 407
195 408
195 410
195 413
195 415
195 416
195 418
195 419
195 420
195 421
195 422
195 423
195 428
195 429
195 430
195 434
195 438
195 440
195 442
195 443
195 445
195 446
195 447
195 449
195 451
195 452
195 455
195 456
195 457
195 458
195 460
195 461
195 462
195 465
195 466
195 467
195 472
195 473
195 475
195 479
195 481
195 482
195 483
195 484
195 485
195 486
195 488
195 490
195 491
195 494
195 497
195 498
196 197
196 198
196 200
196 201
196 204
196 206
196 207
196 208
196 209
196 212
196 214
196 218
196 220
196 222
196 223
196 224
196 226
196 227
196 228
196 230
196 231
196 233
196 238
196 240
196 242
196 243
196 244
196 245
196 247
196 248
196 249
196 250
196 255
196 256
196 257
196 258
196 259
196 261
196 262
196 264
196 265
196 267
196 274
196 277
196 278
196 279
196 282
196 284
196 286
196 287
196 288
196 289
196 291
196 292
196 293
196 294
196 295
196 296
196 298
196 301
196 302
196 303
196 304
196 305
196 307
196 308
196 309
196 310
196 315
196 317
196 319
196 321
196 323
196 326
196 327
196 329
196 333
196 335
196 337
196 340
196 341
196 342
196 345
196 348
196 352
196 354
196 355
196 356
196 357
196 359
196 360
196 362
196 365
196 367
196 368
196 371
196 372
196 374
196 376
196 377
196 380
196 381
196 383
196 384
196 386
196 388
196 389
196 390
196 393
196 394
196 395
196 396
196 397
196 398
196 399
196 402
196 405
196 408
196 409
196 410
196 420
196 421
196 422
196 423
196 424
196 428
196 429
196 430
196 431
196 432
196 433
196 434
196 435
196 437
196 438
196 439
196 440
196 443
196 444
196 446
196 447
196 448
196 449
196 450
196 452
196 453
196 454
196 455
196 457
196 459
196 460
196 461
196 462
196 463
196 464
196 465
196 468
196 469
196 472
196 474
196 475
196 476
196 477
196 480
196 481
196 483
196 488
196 489
196 490
196 492
196 493
196 494
196 498
197 198
197 199
197 201
197 202
197 203
197 206
197 208
197 210
197 213
197 214
197 215
197 217
197 218
197 220
197 221
197 228
197 229
197 234
197 235
197 236
197 238
197 240
197 244
197 245
197 246
197 247
197 248
197 249
197 250
197 251
197 254
197 255
197 257
197 258
197 259
197 263
197 265
197 266
197 268
197 269
197 273
197 276
197 281
197 283
197 285
197 287
197 289
197 290
197 294
197 295
197 296
197 298
197 302
197 307
197 308
197 309
197 311
197 314
197 316
197 317
197 319
197 320
197 321
197 322
197 324
197 329
197 330
197 332
197 337
197 338
197 339
197 340
197 341
197 344
197 345
197 346
197 347
197 350
197 351
197 352
197 353
197 354
197 355
197 356
197 358
197 360
197 361
197 364
197 366
197 367
197 368
197 372
197 375
197 376
197 377
197 378
197 383
197 386
197 391
197 392
197 393
197 397
197 398
197 399
197 400
197 401
197 403
197 404
197 406
197 407
197 408
197 410
197 411
197 413
197 414
197 415
197 418
197 419
197 424
197 428
197 433
197 436
197 442
197 443
197 444
197 445
197 446
197 448
197 450
197 457
197 461
197 462
197 465
197 467
197 468
197 469
197 470
197 472
197 475
197 476
197 477
197 478
197 479
197 483
197 484
197 485
197 486
197 491
197 492
197 494
197 495
197 498
197 499
198 201
198 202
198 203
198 204
198 208
198 209
198 210
198 212
198 215
198 216
198 220
198 221
198 222
198 225
198 226
198 228
198 231
198 233
198 234
198 237
198 238
198 239
198 240
198 243
198 244
198 245
198 246
198 253
198 255
198 257
198 259
198 260
198 261
198 263
198 264
198 265
198 266
198 272
198 273
198 274
198 275
198 276
198 279
198 281
198 284
198 287
198 289
198 290
198 291
198 294
198 295
198 296
198 297
198 298
198 305
198 308
198 311
198 314
198 316
198 318
198 319
198 320
198 321
198 322
198 323
198 324
198 325
198 327
198 330
198 331
198 332
198 333
198 335
198 337
198 338
198 341
198 342
198 343
198 345
198 347
198 348
198 349
198 350
198 353
198 354
198 355
198 356
198 359
198 360
198 367
198 369
198 370
198 374
198 376
198 377
198 378
198 381
198 382
198 385
198 392
198 396
198 397
198 398
198 399
198 402
198 403
198 405
198 406
198 407
198 408
198 409
198 413
198 414
198 424
198 433
198 435
198 438
198 439
198 444
198 446
198 448
198 449
198 452
198 453
198 454
198 455
198 457
198 459
198 461
198 462
198 463
198 467
198 470
198 471
198 472
198 474
198 478
198 481
198 482
198 483
198 487
198 488
198 493
198 494
198 496
198 498
199 201
199 204
199 205
199 206
199 207
199 208
199 209
199 210
199 211
199 218
199 220
199 221
199 225
199 228
199 233
199 238
199 240
199 243
199 246
199 250
199 251
199 252
199 254
199 259
199 261
199 262
199 264
199 265
199 267
199 268
199 269
199 271
199 273
199 276
199 277
199 279
199 283
199 284
199 285
199 286
199 291
199 296
199 297
199 298
199 299
199 300
199 305
199 306
199 307
199 314
199 316
199 319
199 320
199 322
199 323
199 324
199 326
199 327
199 328
199 330
199 331
199 334
199 335
199 337
199 338
199 340
199 341
199 342
199 346
199 347
199 349
199 355
199 357
199 358
199 359
199 362
199 363
199 364
199 365
199 366
199 367
199 368
199 369
199 371
199 373
199 374
199 376
199 377
199 378
199 385
199 387
199 390
199 393
199 395
199 396
199 397
199 401
199 402
199 403
199 404
199 407
199 409
199 410
199 412
199 416
199 421
199 422
199 423
199 424
199 425
199 426
199 427
199 428
199 431
199 436
199 438
199 440
199 441
199 442
199 444
199 445
199 446
199 447
199 450
199 452
199 453
199 454
199 456
199 457
199 459
199 462
199 465
199 466
199 469
199 471
199 474
199 482
199 484
199 485
199 486
199 487
199 488
199 489
199 490
199 491
199 493
199 495
199 497
199 498
200 203
200 204
200 207
200 208
200 210
200 213
200 215
200 216
200 217
200 220
200 222
200 224
200 225
200 232
200 238
200 239
200 244
200 246
200 247
200 250
200 251
200 253
200 256
200 257
200 258
200 259
200 260
200 261
200 262
200 264
200 265
200 268
200 271
200 274
200 276
200 278
200 283
200 285
200 286
200 287
200 289
200 290
200 291
200 292
200 297
200 300
200 301
200 304
200 305
200 307
200 308
200 309
200 310
200 314
200 317
200 318
200 319
200 322
200 324
200 326
200 327
200 328
200 330
200 331
200 333
200 338
200 341
200 346
200 348
200 350
200 353
200 355
200 358
200 359
200 362
200 364
200 368
200 371
200 373
200 375
200 379
200 382
200 383
200 388
200 390
200 391
200 392
200 396
200 398
200 400
200 402
200 403
200 408
200 410
200 411
200 412
200 417
200 418
200 419
200 423
200 425
200 427
200 430
200 432
200 433
200 434
200 437
200 440
200 443
200 444
200 446
200 447
200 450
200 452
200 453
200 456
200 462
200 463
200 464
200 467
200 468
200 469
200 470
200 471
200 472
200 476
200 478
200 479
200 480
200 481
200 484
200 490
200 491
200 492
200 493
200 495
200 498
201 205
201 206
201 210
201 213
201 218
201 220
201 221
201 224
201 225
201 226
201 228
201 232
201 233
201 234
201 236
201 237
201 238
201 240
201 242
201 243
201 244
201 245
201 247
201 248
201 249
201 250
201 251
201 252
201 253
201 257
201 258
201 263
201 265
201 266
201 267
201 268
201 269
201 276
201 283
201 285
201 287
201 290
201 291
201 292
201 295
201 300
201 301
201 302
201 305
201 306
201 307
201 317
201 319
201 320
201 322
201 324
201 325
201 326
201 327
201 334
201 335
201 337
201 338
201 339
201 340
201 343
201 344
201 345
201 347
201 350
201 359
201 363
201 364
201 366
201 368
201 370
201 378
201 379
201 381
201 382
201 383
201 385
201 386
201 388
201 389
201 391
201 392
201 393
201 395
201 396
201 399
201 400
201 403
201 408
201 409
201 413
201 418
201 421
201 425
201 427
201 434
201 435
201 437
201 439
201 440
201 442
201 444
201 445
201 449
201 453
201 454
201 455
201 457
201 459
201 461
201 462
201 463
201 464
201 466
201 467
201 468
201 470
201 471
201 472
201 473
201 478
201 481
201 483
201 487
201 488
201 489
201 491
201 494
202 203
202 204
202 206
202 213
202 215
202 216
202 217
202 220
202 222
202 223
202 224
202 225
202 230
202 233
202 235
202 238
202 239
202 240
202 244
202 245
202 247
202 251
202 252
202 255
202 257
202 260
202 266
202 269
202 270
202 271
202 273
202 274
202 276
202 277
202 278
202 280
202 282
202 284
202 286
202 288
202 289
202 290
202 293
202 294
202 295
202 297
202 298
202 299
202 307
202 309
202 311
202 314
202 317
202 324
202 325
202 326
202 328
202 335
202 336
202 337
202 338
202 339
202 342
202 343
202 344
202 346
202 347
202 349
202 353
202 354
202 360
202 361
202 362
202 364
202 366
202 367
202 369
202 372
202 373
202 376
202 377
202 378
202 380
202 381
202 383
202 384
202 386
202 388
202 390
202 391
202 392
202 394
202 395
202 396
202 397
202 399
202 400
202 401
202 404
202 405
202 406
202 407
202 411
202 412
202 413
202 414
202 417
202 418
202 419
202 420
202 422
202 424
202 426
202 428
202 431
202 435
202 436
202 439
202 440
202 442
202 446
202 447
202 449
202 451
202 452
202 453
202 454
202 458
202 459
202 464
202 465
202 466
202 469
202 471
202 474
202 477
202 478
202 480
202 481
202 488
202 489
202 492
202 493
202 496
202 498
202 499
203 204
203 206
203 207
203 210
203 211
203 212
203 215
203 217
203 219
203 222
203 223
203 224
203 232
203 235
203 239
203 240
203 244
203 246
203 252
203 254
203 255
203 258
203 259
203 260
203 265
203 266
203 267
203 270
203 271
203 272
203 273
203 274
203 276
203 280
203 281
203 282
203 283
203 288
203 290
203 292
203 293
203 296
203 300
203 303
203 304
203 306
203 310
203 313
203 314
203 315
203 316
203 321
203 323
203 325
203 326
203 327
203 328
203 329
203 330
203 331
203 336
203 337
203 343
203 345
203 346
203 347
203 349
203 352
203 354
203 356
203 357
203 358
203 359
203 361
203 362
203 364
203 367
203 368
203 369
203 372
203 373
203 377
203 381
203 383
203 384
203 385
203 386
203 391
203 393
203 395
203 397
203 398
203 400
203 402
203 403
203 407
203 408
203 409
203 410
203 412
203 417
203 418
203 419
203 420
203 422
203 427
203 429
203 435
203 436
203 437
203 438
203 439
203 442
203 443
203 446
203 449
203 451
203 454
203 464
203 465
203 466
203 470
203 472
203 474
203 476
203 478
203 479
203 480
203 481
203 485
203 486
203 488
203 489
204 206
204 207
204 209
204 210
204 217
204 220
204 222
204 226
204 227
204 229
204 230
204 231
204 233
204 234
204 239
204 240
204 241
204 243
204 244
204 245
204 246
204 247
204 252
204 253
204 254
204 255
204 257
204 258
204 260
204 262
204 265
204 267
204 268
204 269
204 272
204 274
204 276
204 277
204 279
204 280
204 281
204 283
204 284
204 285
204 288
204 291
204 292
204 293
204 294
204 296
204 297
204 298
204 299
204 301
204 302
204 303
204 305
204 308
204 310
204 311
204 312
204 313
204 315
204 316
204 318
204 319
204 320
204 322
204 326
204 329
204 330
204 333
204 334
204 335
204 336
204 337
204 338
204 340
204 341
204 345
204 346
204 347
204 348
204 353
204 354
204 355
204 357
204 360
204 361
204 365
204 366
204 369
204 370
204 371
204 372
204 375
204 376
204 378
204 379
204 380
204 381
204 382
204 387
204 390
204 392
204 393
204 394
204 396
204 397
204 398
204 399
204 400
204 401
204 403
204 406
204 408
204 409
204 411
204 413
204 415
204 420
204 422
204 424
204 428
204 430
204 435
204 438
204 440
204 441
204 443
204 445
204 448
204 451
204 452
204 453
204 454
204 455
204 456
204 458
204 459
204 460
204 461
204 463
204 465
204 467
204 469
204 470
204 471
204 472
204 474
204 477
204 478
204 479
204 483
204 484
204 486
204 487
204 489
204 494
204 499
205 206
205 210
205 211
205 212
205 213
205 214
205 215
205 216
205 217
205 218
205 219
205 221
205 224
205 225
205 227
205 228
205 229
205 231
205 234
205 235
205 236
205 237
205 239
205 240
205 242
205 244
205 248
205 249
205 250
205 252
205 253
205 255
205 256
205 258
205 259
205 261
205 265
205 266
205 268
205 270
205 271
205 272
205 273
205 274
205 275
205 278
205 280
205 281
205 282
205 283
205 286
205 287
205 288
205 291
205 292
205 293
205 294
205 298
205 300
205 301
205 302
205 304
205 307
205 313
205 316
205 317
205 318
205 319
205 320
205 321
205 324
205 327
205 328
205 329
205 335
205 336
205 342
205 343
205 345
205 347
205 348
205 352
205 354
205 356
205 357
205 358
205 359
205 360
205 364
205 369
205 371
205 373
205 374
205 375
205 376
205 377
205 381
205 383
205 385
205 386
205 387
205 389
205 391
205 394
205 396
205 399
205 400
205 402
205 403
205 405
205 406
205 409
205 412
205 413
205 414
205 415
205 416
205 419
205 420
205 421
205 422
205 423
205 424
205 425
205 429
205 430
205 433
205 437
205 440
205 441
205 443
205 446
205 448
205 449
205 451
205 453
205 455
205 459
205 461
205 463
205 465
205 466
205 469
205 475
205 476
205 478
205 479
205 480
205 481
205 482
205 483
205 484
205 485
205 486
205 487
205 488
205 490
205 494
205 495
205 496
205 497
205 498
205 499
206 207
206 210
206 212
206 217
206 219
206 220
206 221
206 225
206 227
206 230
206 233
206 234
206 236
206 237
206 238
206 239
206 240
206 243
206 244
206 246
206 248
206 249
206 254
206 256
206 257
206 258
206 260
206 261
206 265
206 266
206 268
206 269
206 270
206 273
206 274
206 275
206 277
206 279
206 280
206 282
206 284
206 286
206 291
206 293
206 294
206 295
206 297
206 302
206 305
206 306
206 307
206 309
206 310
206 311
206 315
206 317
206 318
206 319
206 321
206 323
206 325
206 326
206 328
206 329
206 330
206 331
206 332
206 333
206 334
206 335
206 336
206 337
206 341
206 344
206 347
206 348
206 349
206 351
206 352
206 353
206 354
206 355
206 356
206 359
206 361
206 362
206 364
206 365
206 368
206 371
206 376
206 377
206 381
206 388
206 390
206 391
206 393
206 394
206 397
206 400
206 406
206 409
206 410
206 414
206 417
206 420
206 421
206 424
206 426
206 427
206 428
206 430
206 431
206 432
206 434
206 435
206 436
206 438
206 439
206 440
206 441
206 442
206 444
206 446
206 447
206 448
206 449
206 450
206 452
206 454
206 463
206 466
206 469
206 470
206 471
206 473
206 475
206 478
206 479
206 484
206 485
206 487
206 489
206 490
206 493
206 494
206 497
207 209
207 214
207 216
207 217
207 218
207 219
207 220
207 221
207 223
207 224
207 225
207 226
207 228
207 231
207 241
207 245
207 246
207 247
207 248
207 253
207 254
207 255
207 257
207 258
207 259
207 260
207 261
207 265
207 266
207 268
207 269
207 271
207 274
207 279
207 281
207 282
207 283
207 285
207 286
207 287
207 292
207 303
207 305
207 306
207 307
207 308
207 309
207 310
207 311
207 313
207 314
207 315
207 317
207 318
207 321
207 322
207 327
207 328
207 329
207 331
207 333
207 337
207 339
207 341
207 343
207 344
207 354
207 355
207 356
207 361
207 369
207 370
207 372
207 374
207 376
207 379
207 382
207 384
207 386
207 390
207 393
207 394
207 395
207 397
207 398
207 400
207 404
207 405
207 406
207 407
207 411
207 412
207 413
207 414
207 415
207 416
207 417
207 419
207 420
207 426
207 428
207 430
207 431
207 432
207 434
207 436
207 438
207 440
207 441
207 442
207 443
207 447
207 448
207 450
207 452
207 453
207 455
207 456
207 458
207 459
207 462
207 463
207 464
207 466
207 467
207 468
207 472
207 473
207 475
207 476
207 477
207 478
207 481
207 483
207 484
207 486
207 488
207 489
207 491
207 499
208 210
208 211
208 212
208 214
208 215
208 216
208 226
208 230
208 231
208 232
208 235
208 237
208 238
208 239
208 246
208 247
208 250
208 253
208 254
208 256
208 258
208 259
208 264
208 265
208 266
208 275
208 277
208 281
208 282
208 283
208 284
208 285
208 292
208 293
208 294
208 295
208 296
208 299
208 300
208 302
208 304
208 309
208 310
208 312
208 318
208 319
208 321
208 323
208 325
208 326
208 327
208 328
208 331
208 332
208 333
208 334
208 340
208 341
208 343
208 344
208 347
208 348
208 349
208 351
208 352
208 353
208 354
208 355
208 356
208 357
208 358
208 359
208 361
208 362
208 363
208 365
208 366
208 369
208 370
208 371
208 372
208 373
208 374
208 375
208 376
208 378
208 379
208 380
208 383
208 384
208 387
208 389
208 390
208 393
208 395
208 397
208 398
208 401
208 402
208 404
208 405
208 408
208 409
208 410
208 413
208 415
208 416
208 418
208 420
208 422
208 424
208 426
208 427
208 430
208 431
208 432
208 433
208 436
208 437
208 439
208 443
208 444
208 445
208 448
208 450
208 452
208 454
208 455
208 459
208 460
208 462
208 467
208 468
208 469
208 470
208 472
208 473
208 475
208 479
208 481
208 486
208 488
208 490
208 492
208 494
208 499
209 216
209 220
209 222
209 223
209 224
209 225
209 226
209 228
209 230
209 233
209 235
209 236
209 239
209 241
209 243
209 244
209 245
209 248
209 249
209 250
209 253
209 254
209 256
209 257
209 258
209 259
209 263
209 264
209 266
209 267
209 268
209 269
209 275
209 276
209 277
209 282
209 283
209 284
209 285
209 286
209 289
209 294
209 295
209 297
209 302
209 306
209 307
209 308
209 309
209 312
209 315
209 318
209 319
209 321
209 324
209 325
209 326
209 327
209 329
209 330
209 332
209 333
209 336
209 338
209 339
209 341
209 344
209 345
209 346
209 347
209 349
209 350
209 353
209 355
209 356
209 358
209 360
209 361
209 364
209 367
209 370
209 371
209 372
209 377
209 380
209 385
209 386
209 387
209 388
209 390
209 394
209 395
209 397
209 400
209 401
209 402
209 403
209 404
209 406
209 407
209 409
209 412
209 413
209 414
209 418
209 420
209 421
209 422
209 424
209 428
209 430
209 431
209 432
209 435
209 436
209 440
209 441
209 442
209 444
209 446
209 448
209 452
209 454
209 460
209 461
209 463
209 465
209 466
209 469
209 471
209 472
209 477
209 479
209 480
209 481
209 482
209 484
209 485
209 487
209 488
209 490
209 491
209 492
209 493
209 494
209 496
209 497
209 498
209 499
210 211
210 212
210 213
210 216
210 217
210 218
210 224
210 225
210 228
210 229
210 231
210 236
210 237
210 239
210 241
210 242
210 243
210 245
210 248
210 249
210 250
210 252
210 254
210 255
210 258
210 261
210 262
210 263
210 265
210 268
210 269
210 270
210 273
210 274
210 276
210 278
210 280
210 283
210 285
210 287
210 288
210 289
210 291
210 292
210 293
210 294
210 296
210 299
210 300
210 301
210 303
210 304
210 305
210 307
210 311
210 314
210 316
210 317
210 319
210 322
210 324
210 325
210 326
210 328
210 329
210 333
210 334
210 335
210 336
210 338
210 340
210 341
210 342
210 344
210 345
210 349
210 351
210 352
210 354
210 355
210 356
210 357
210 361
210 364
210 366
210 367
210 368
210 371
210 373
210 375
210 376
210 377
210 379
210 380
210 381
210 383
210 385
210 387
210 389
210 391
210 392
210 393
210 396
210 398
210 401
210 402
210 404
210 406
210 408
210 409
210 410
210 411
210 413
210 414
210 418
210 420
210 421
210 422
210 426
210 427
210 428
210 429
210 430
210 432
210 434
210 435
210 436
210 438
210 439
210 440
210 441
210 442
210 443
210 445
210 446
210 447
210 450
210 451
210 452
210 454
210 455
210 456
210 458
210 460
210 462
210 466
210 469
210 470
210 471
210 473
210 474
210 477
210 479
210 480
210 482
210 483
210 484
210 485
210 489
210 491
210 493
210 494
210 496
210 498
210 499
211 215
211 217
211 218
211 219
211 220
211 223
211 224
211 225
211 226
211 227
211 228
211 230
211 234
211 235
211 237
211 239
211 241
211 242
211 243
211 244
211 245
211 246
211 247
211 248
211 251
211 254
211 256
211 257
211 259
211 260
211 261
211 262
211 268
211 269
211 271
211 274
211 275
211 282
211 283
211 284
211 285
211 288
211 289
211 291
211 292
211 294
211 298
211 299
211 301
211 302
211 303
211 308
211 309
211 310
211 311
211 314
211 316
211 317
211 319
211 323
211 325
211 327
211 328
211 329
211 330
211 331
211 332
211 333
211 335
211 338
211 340
211 342
211 344
211 347
211 348
211 349
211 352
211 356
211 362
211 363
211 364
211 365
211 366
211 368
211 369
211 370
211 371
211 375
211 376
211 378
211 381
211 383
211 384
211 387
211 388
211 395
211 396
211 397
211 407
211 408
211 410
211 412
211 413
211 415
211 416
211 419
211 420
211 426
211 428
211 429
211 431
211 433
211 435
211 436
211 437
211 438
211 440
211 441
211 442
211 444
211 446
211 449
211 451
211 452
211 453
211 454
211 455
211 456
211 458
211 459
211 464
211 465
211 468
211 470
211 472
211 474
211 475
211 477
211 478
211 479
211 483
211 484
211 485
211 488
211 490
211 495
211 496
211 497
211 498
211 499
212 214
212 216
212 217
212 218
212 219
212 220
212 224
212 225
212 226
212 227
212 231
212 232
212 233
212 235
212 236
212 238
212 245
212 247
212 248
212 249
212 252
212 253
212 254
212 257
212 258
212 261
212 263
212 266
212 268
212 269
212 274
212 275
212 276
212 278
212 281
212 282
212 283
212 285
212 288
212 289
212 290
212 292
212 295
212 298
212 300
212 301
212 302
212 304
212 305
212 306
212 307
212 311
212 312
212 313
212 314
212 315
212 316
212 318
212 319
212 321
212 322
212 323
212 325
212 327
212 329
212 332
212 334
212 335
212 336
212 337
212 338
212 339
212 341
212 344
212 345
212 346
212 348
212 349
212 350
212 351
212 352
212 354
212 356
212 357
212 358
212 359
212 361
212 362
212 367
212 368
212 369
212 371
212 375
212 377
212 378
212 380
212 381
212 383
212 386
212 388
212 389
212 392
212 393
212 395
212 396
212 397
212 399
212 400
212 401
212 402
212 404
212 407
212 408
212 415
212 416
212 419
212 427
212 428
212 429
212 431
212 433
212 436
212 438
212 440
212 442
212 443
212 445
212 446
212 449
212 451
212 455
212 456
212 457
212 458
212 464
212 465
212 470
212 471
212 472
212 475
212 477
212 478
212 479
212 483
212 484
212 491
212 492
212 495
212 498
212 499
213 214
213 215
213 217
213 220
213 221
213 222
213 226
213 227
213 229
213 231
213 232
213 233
213 235
213 237
213 239
213 240
213 241
213 242
213 243
213 244
213 250
213 251
213 254
213 255
213 256
213 257
213 258
213 261
213 264
213 265
213 266
213 269
213 270
213 272
213 274
213 277
213 278
213 282
213 285
213 286
213 287
213 288
213 289
213 292
213 297
213 298
213 300
213 301
213 303
213 306
213 307
213 311
213 316
213 317
213 318
213 319
213 320
213 322
213 327
213 328
213 329
213 330
213 333
213 335
213 338
213 342
213 343
213 344
213 345
213 347
213 351
213 357
213 358
213 360
213 363
213 366
213 368
213 371
213 372
213 374
213 375
213 376
213 377
213 378
213 380
213 382
213 384
213 388
213 389
213 391
213 394
213 399
213 401
213 403
213 405
213 410
213 417
213 420
213 422
213 425
213 428
213 430
213 431
213 432
213 434
213 436
213 437
213 438
213 439
213 441
213 443
213 444
213 445
213 446
213 447
213 448
213 449
213 451
213 452
213 454
213 456
213 457
213 459
213 461
213 463
213 464
213 466
213 473
213 474
213 475
213 476
213 480
213 483
213 486
213 491
213 492
213 495
214 215
214 217
214 221
214 224
214 226
214 227
214 229
214 232
214 236
214 239
214 242
214 243
214 244
214 246
214 247
214 248
214 249
214 250
214 254
214 256
214 257
214 258
214 259
214 260
214 261
214 265
214 266
214 267
214 268
214 270
214 271
214 272
214 273
214 274
214 275
214 276
214 279
214 280
214 282
214 283
214 286
214 289
214 291
214 292
214 295
214 296
214 301
214 302
214 303
214 306
214 309
214 311
214 313
214 314
214 316
214 318
214 320
214 321
214 322
214 325
214 327
214 328
214 330
214 333
214 335
214 338
214 341
214 342
214 343
214 344
214 345
214 346
214 349
214 351
214 352
214 354
214 357
214 359
214 363
214 366
214 369
214 370
214 372
214 373
214 374
214 375
214 376
214 377
214 378
214 379
214 380
214 383
214 386
214 388
214 389
214 390
214 392
214 393
214 394
214 396
214 397
214 402
214 405
214 410
214 411
214 412
214 413
214 416
214 420
214 421
214 424
214 426
214 427
214 430
214 431
214 432
214 433
214 436
214 437
214 439
214 442
214 443
214 445
214 449
214 450
214 451
214 457
214 461
214 462
214 464
214 465
214 466
214 467
214 474
214 476
214 481
214 484
214 485
214 486
214 493
214 494
214 495
215 216
215 220
215 223
215 225
215 227
215 228
215 229
215 231
215 232
215 234
215 235
215 236
215 237
215 239
215 240
215 241
215 242
215 243
215 244
215 245
215 246
215 249
215 251
215 253
215 258
215 259
215 262
215 263
215 265
215 266
215 268
215 269
215 270
215 272
215 273
215 280
215 282
215 283
215 286
215 288
215 290
215 291
215 293
215 300
215 302
215 306
215 310
215 322
215 329
215 331
215 333
215 337
215 338
215 342
215 346
215 347
215 348
215 353
215 354
215 357
215 358
215 363
215 364
215 365
215 368
215 370
215 372
215 373
215 375
215 376
215 377
215 379
215 380
215 381
215 382
215 383
215 384
215 385
215 386
215 387
215 389
215 390
215 392
215 394
215 395
215 396
215 398
215 402
215 406
215 408
215 409
215 410
215 412
215 414
215 415
215 417
215 418
215 423
215 424
215 426
215 427
215 428
215 429
215 431
215 432
215 433
215 435
215 436
215 441
215 442
215 443
215 444
215 446
215 449
215 450
215 451
215 452
215 455
215 456
215 457
215 459
215 461
215 464
215 466
215 467
215 468
215 473
215 478
215 480
215 485
215 487
215 488
215 489
215 491
215 492
215 493
215 494
215 496
215 497
215 499
216 220
216 221
216 222
216 229
216 230
216 232
216 234
216 235
216 241
216 242
216 245
216 246
216 249
216 252
216 253
216 254
216 262
216 264
216 265
216 266
216 270
216 271
216 272
216 274
216 277
216 279
216 280
216 281
216 282
216 283
216 284
216 286
216 287
216 294
216 296
216 306
216 308
216 309
216 310
216 311
216 313
216 315
216 316
216 317
216 322
216 323
216 328
216 329
216 330
216 332
216 334
216 335
216 337
216 338
216 339
216 340
216 341
216 342
216 343
216 351
216 352
216 353
216 364
216 367
216 368
216 369
216 370
216 374
216 375
216 376
216 377
216 380
216 384
216 385
216 386
216 388
216 389
216 390
216 394
216 395
216 396
216 398
216 399
216 400
216 403
216 404
216 406
216 407
216 410
216 411
216 412
216 421
216 422
216 423
216 424
216 426
216 428
216 429
216 430
216 431
216 433
216 434
216 435
216 438
216 439
216 440
216 443
216 445
216 446
216 447
216 449
216 450
216 451
216 452
216 453
216 454
216 456
216 457
216 458
216 462
216 463
216 465
216 466
216 468
216 469
216 470
216 471
216 472
216 474
216 475
216 476
216 477
216 480
216 483
216 488
216 489
216 491
216 492
216 494
216 497
216 498
217 221
217 222
217 228
217 229
217 231
217 232
217 236
217 239
217 240
217 243
217 244
217 246
217 247
217 251
217 254
217 255
217 256
217 257
217 258
217 259
217 260
217 261
217 263
217 264
217 265
217 267
217 268
217 270
217 272
217 273
217 274
217 275
217 278
217 279
217 280
217 283
217 285
217 286
217 287
217 289
217 291
217 292
217 294
217 295
217 296
217 298
217 299
217 300
217 301
217 302
217 303
217 306
217 307
217 310
217 311
217 314
217 315
217 317
217 319
217 320
217 321
217 322
217 323
217 326
217 327
217 329
217 330
217 331
217 333
217 338
217 340
217 341
217 349
217 351
217 353
217 355
217 357
217 362
217 363
217 365
217 368
217 370
217 371
217 372
217 374
217 376
217 381
217 383
217 386
217 391
217 395
217 397
217 399
217 402
217 403
217 404
217 405
217 413
217 416
217 419
217 422
217 423
217 424
217 428
217 429
217 430
217 432
217 435
217 436
217 439
217 440
217 441
217 445
217 449
217 450
217 451
217 453
217 455
217 456
217 457
217 459
217 461
217 463
217 464
217 472
217 476
217 478
217 479
217 480
217 482
217 485
217 490
217 491
217 493
217 494
217 496
218 220
218 223
218 224
218 226
218 227
218 229
218 231
218 232
218 233
218 234
218 241
218 243
218 245
218 247
218 248
218 252
218 253
218 254
218 255
218 257
218 260
218 262
218 263
218 269
218 272
218 273
218 275
218 276
218 277
218 281
218 283
218 285
218 286
218 287
218 289
218 297
218 298
218 299
218 300
218 301
218 302
218 305
218 306
218 307
218 309
218 310
218 314
218 315
218 316
218 317
218 320
218 323
218 324
218 327
218 329
218 330
218 333
218 334
218 340
218 344
218 347
218 349
218 354
218 356
218 358
218 359
218 360
218 361
218 363
218 364
218 365
218 366
218 368
218 371
218 372
218 373
218 374
218 377
218 378
218 382
218 383
218 385
218 387
218 389
218 390
218 393
218 394
218 396
218 397
218 400
218 401
218 403
218 408
218 409
218 410
218 412
218 414
218 415
218 417
218 418
218 420
218 421
218 423
218 425
218 428
218 431
218 433
218 434
218 435
218 438
218 442
218 444
218 447
218 449
218 450
218 451
218 452
218 453
218 455
218 458
218 459
218 460
218 462
218 463
218 464
218 466
218 475
218 477
218 482
218 485
218 487
218 489
218 493
218 494
218 495
218 496
218 497
218 499
219 220
219 223
219 231
219 232
219 238
219 240
219 241
219 242
219 243
219 244
219 245
219 247
219 248
219 249
219 250
219 251
219 254
219 255
219 257
219 259
219 260
219 261
219 266
219 267
219 268
219 269
219 270
219 272
219 276
219 281
219 282
219 283
219 285
219 286
219 288
219 289
219 290
219 294
219 295
219 296
219 297
219 300
219 301
219 304
219 305
219 306
219 310
219 311
219 313
219 316
219 320
219 324
219 325
219 326
219 329
219 330
219 331
219 333
219 334
219 336
219 338
219 339
219 342
219 344
219 346
219 347
219 348
219 349
219 350
219 351
219 353
219 355
219 356
219 357
219 358
219 360
219 361
219 362
219 363
219 364
219 367
219 369
219 370
219 371
219 373
219 374
219 376
219 377
219 379
219 381
219 383
219 385
219 386
219 388
219 389
219 390
219 393
219 396
219 397
219 401
219 403
219 405
219 406
219 407
219 412
219 413
219 414
219 416
219 417
219 419
219 420
219 421
219 422
219 423
219 427
219 430
219 431
219 433
219 434
219 435
219 438
219 439
219 440
219 441
219 447
219 448
219 451
219 455
219 456
219 458
219 462
219 469
219 471
219 472
219 474
219 475
219 477
219 481
219 482
219 485
219 486
219 487
219 489
219 491
219 493
219 494
219 496
219 497
219 499
220 221
220 222
220 223
220 224
220 225
220 229
220 230
220 231
220 232
220 233
220 236
220 237
220 239
220 240
220 241
220 243
220 248
220 251
220 253
220 255
220 257
220 261
220 266
220 270
220 272
220 276
220 277
220 281
220 282
220 283
220 284
220 286
220 288
220 292
220 293
220 294
220 295
220 297
220 298
220 299
220 300
220 301
220 302
220 306
220 307
220 309
220 310
220 311
220 313
220 316
220 317
220 318
220 320
220 321
220 323
220 328
220 329
220 331
220 333
220 334
220 335
220 340
220 343
220 344
220 345
220 349
220 352
220 355
220 357
220 360
220 362
220 364
220 365
220 367
220 368
220 370
220 371
220 373
220 374
220 375
220 376
220 377
220 378
220 380
220 382
220 383
220 384
220 385
220 386
220 388
220 392
220 393
220 395
220 397
220 402
220 411
220 412
220 414
220 415
220 416
220 423
220 424
220 425
220 426
220 428
220 429
220 430
220 432
220 433
220 437
220 439
220 441
220 443
220 445
220 449
220 453
220 454
220 461
220 462
220 464
220 465
220 466
220 467
220 468
220 469
220 470
220 471
220 472
220 474
220 477
220 479
220 480
220 481
220 482
220 486
220 487
220 489
220 490
220 491
220 492
220 493
220 494
220 496
220 498
220 499
221 223
221 224
221 228
221 230
221 231
221 233
221 237
221 238
221 239
221 241
221 242
221 243
221 245
221 247
221 248
221 249
221 251
221 252
221 253
221 255
221 256
221 258
221 259
221 260
221 261
221 263
221 265
221 266
221 269
221 271
221 275
221 280
221 281
221 282
221 288
221 290
221 293
221 296
221 297
221 298
221 301
221 302
221 303
221 306
221 307
221 312
221 313
221 315
221 316
221 318
221 319
221 320
221 321
221 322
221 323
221 325
221 327
221 328
221 329
221 335
221 338
221 342
221 344
221 345
221 346
221 348
221 350
221 353
221 361
221 362
221 363
221 365
221 367
221 368
221 374
221 375
221 380
221 384
221 386
221 387
221 388
221 389
221 392
221 394
221 395
221 396
221 397
221 398
221 399
221 402
221 403
221 404
221 405
221 406
221 408
221 411
221 413
221 414
221 415
221 417
221 420
221 421
221 428
221 434
221 435
221 440
221 443
221 446
221 448
221 449
221 456
221 457
221 460
221 461
221 468
221 469
221 470
221 471
221 472
221 473
221 477
221 483
221 485
221 487
221 493
221 495
221 498
221 499
222 223
222 224
222 225
222 226
222 227
222 228
222 230
222 231
222 234
222 235
222 236
222 237
222 238
222 240
222 242
222 250
222 251
222 253
222 255
222 257
222 258
222 259
222 260
222 261
222 263
222 264
222 265
222 266
222 269
222 275
222 277
222 280
222 281
222 283
222 284
222 285
222 288
222 290
222 294
222 301
222 304
222 306
222 310
222 312
222 314
222 315
222 316
222 319
222 320
222 321
222 323
222 324
222 328
222 329
222 333
222 334
222 335
222 337
222 338
222 341
222 343
222 344
222 346
222 348
222 349
222 350
222 352
222 355
222 361
222 362
222 366
222 368
222 371
222 374
222 375
222 376
222 377
222 378
222 380
222 382
222 385
222 388
222 389
222 390
222 393
222 394
222 395
222 397
222 398
222 399
222 400
222 402
222 403
222 404
222 405
222 406
222 407
222 411
222 412
222 414
222 415
222 418
222 427
222 429
222 430
222 431
222 433
222 434
222 440
222 442
222 443
222 444
222 445
222 446
222 448
222 450
222 451
222 457
222 458
222 459
222 460
222 463
222 466
222 468
222 469
222 470
222 471
222 472
222 476
222 477
222 478
222 479
222 482
222 484
222 487
222 488
222 490
222 492
222 495
222 496
222 497
222 499
223 224
223 226
223 227
223 229
223 231
223 232
223 234
223 236
223 237
223 239
223 241
223 242
223 243
223 244
223 249
223 250
223 251
223 252
223 256
223 257
223 259
223 261
223 264
223 266
223 273
223 274
223 275
223 276
223 277
223 279
223 285
223 289
223 291
223 293
223 296
223 297
223 298
223 299
223 301
223 305
223 306
223 307
223 309
223 310
223 311
223 313
223 314
223 315
223 316
223 317
223 322
223 323
223 325
223 330
223 331
223 333
223 334
223 335
223 337
223 338
223 339
223 340
223 341
223 342
223 343
223 344
223 345
223 351
223 353
223 354
223 356
223 358
223 360
223 361
223 364
223 365
223 367
223 368
223 371
223 374
223 375
223 377
223 382
223 383
223 387
223 388
223 390
223 391
223 394
223 396
223 398
223 399
223 401
223 402
223 403
223 405
223 407
223 411
223 417
223 419
223 421
223 422
223 423
223 426
223 428
223 429
223 430
223 432
223 435
223 437
223 438
223 440
223 444
223 446
223 448
223 451
223 454
223 456
223 458
223 459
223 461
223 462
223 463
223 466
223 469
223 471
223 472
223 475
223 476
223 477
223 480
223 482
223 483
223 485
223 487
223 490
223 491
223 496
223 498
223 499
224 225
224 228
224 229
224 231
224 233
224 235
224 237
224 238
224 241
224 242
224 246
224 250
224 252
224 253
224 254
224 255
224 256
224 257
224 261
224 262
224 269
224 272
224 273
224 276
224 278
224 279
224 287
224 288
224 292
224 295
224 299
224 301
224 304
224 306
224 308
224 310
224 315
224 316
224 319
224 320
224 321
224 323
224 325
224 328
224 329
224 330
224 331
224 332
224 336
224 337
224 344
224 345
224 346
224 347
224 348
224 349
224 350
224 351
224 354
224 355
224 357
224 359
224 360
224 362
224 363
224 364
224 367
224 368
224 371
224 376
224 377
224 378
224 380
224 381
224 385
224 386
224 387
224 389
224 390
224 391
224 394
224 395
224 396
224 399
224 400
224 403
224 404
224 405
224 407
224 408
224 409
224 411
224 412
224 418
224 420
224 421
224 422
224 423
224 424
224 425
224 431
224 433
224 437
224 439
224 441
224 442
224 445
224 448
224 450
224 451
224 452
224 454
224 455
224 462
224 464
224 465
224 467
224 472
224 473
224 474
224 481
224 483
224 484
224 487
224 493
224 495
224 497
224 499
225 227
225 228
225 235
225 236
225 240
225 241
225 242
225 244
225 246
225 247
225 248
225 249
225 250
225 253
225 255
225 256
225 260
225 261
225 263
225 265
225 266
225 267
225 269
225 274
225 275
225 279
225 281
225 282
225 283
225 284
225 285
225 293
225 295
225 299
225 300
225 304
225 305
225 306
225 308
225 309
225 312
225 313
225 315
225 316
225 319
225 321
225 323
225 324
225 325
225 330
225 333
225 338
225 340
225 341
225 342
225 350
225 351
225 352
225 353
225 354
225 356
225 357
225 359
225 360
225 361
225 362
225 367
225 368
225 369
225 370
225 372
225 374
225 377
225 379
225 381
225 382
225 383
225 384
225 386
225 391
225 393
225 394
225 397
225 398
225 401
225 403
225 405
225 406
225 411
225 413
225 417
225 424
225 427
225 431
225 432
225 433
225 436
225 444
225 446
225 447
225 448
225 450
225 452
225 453
225 455
225 458
225 459
225 460
225 462
225 466
225 467
225 468
225 469
225 470
225 471
225 472
225 473
225 474
225 475
225 476
225 478
225 479
225 481
225 482
225 484
225 485
225 487
225 490
225 491
225 493
225 495
225 497
226 229
226 236
226 238
226 239
226 240
226 241
226 242
226 243
226 246
226 248
226 249
226 253
226 257
226 261
226 264
226 265
226 269
226 270
226 272
226 273
226 274
226 276
226 278
226 279
226 283
226 284
226 290
226 291
226 293
226 294
226 296
226 297
226 298
226 299
226 300
226 305
226 306
226 309
226 313
226 315
226 318
226 322
226 325
226 326
226 327
226 328
226 330
226 333
226 338
226 339
226 342
226 346
226 347
226 348
226 351
226 352
226 353
226 355
226 357
226 361
226 364
226 365
226 367
226 369
226 370
226 373
226 376
226 380
226 381
226 382
226 385
226 391
226 393
226 394
226 397
226 399
226 400
226 401
226 404
226 411
226 413
226 414
226 415
226 417
226 418
226 422
226 429
226 430
226 431
226 433
226 434
226 435
226 438
226 441
226 443
226 444
226 447
226 448
226 450
226 452
226 454
226 456
226 461
226 465
226 466
226 467
226 468
226 469
226 475
226 480
226 482
226 484
226 486
226 490
226 491
226 492
226 493
226 495
226 497
227 228
227 233
227 234
227 237
227 238
227 242
227 244
227 245
227 247
227 251
227 252
227 254
227 255
227 258
227 261
227 263
227 264
227 265
227 269
227 270
227 272
227 273
227 274
227 276
227 277
227 279
227 280
227 281
227 284
227 287
227 288
227 291
227 295
227 296
227 297
227 298
227 299
227 300
227 303
227 304
227 306
227 307
227 308
227 309
227 312
227 318
227 319
227 320
227 322
227 324
227 325
227 326
227 327
227 330
227 333
227 335
227 336
227 337
227 338
227 339
227 341
227 342
227 344
227 345
227 346
227 347
227 350
227 352
227 354
227 357
227 358
227 360
227 361
227 362
227 363
227 364
227 367
227 368
227 369
227 371
227 372
227 373
227 375
227 376
227 377
227 379
227 382
227 383
227 386
227 389
227 392
227 394
227 396
227 397
227 398
227 402
227 405
227 406
227 408
227 409
227 411
227 412
227 413
227 414
227 415
227 417
227 418
227 420
227 425
227 427
227 428
227 430
227 431
227 435
227 438
227 441
227 442
227 445
227 450
227 451
227 452
227 453
227 454
227 459
227 466
227 467
227 468
227 470
227 471
227 474
227 479
227 481
227 484
227 485
227 486
227 487
227 492
227 493
227 494
227 499
228 229
228 231
228 234
228 236
228 238
228 239
228 240
228 241
228 242
228 245
228 247
228 248
228 250
228 251
228 255
228 256
228 257
228 258
228 260
228 264
228 265
228 269
228 275
228 277
228 284
228 286
228 293
228 297
228 298
228 299
228 300
228 302
228 303
228 306
228 307
228 313
228 314
228 316
228 318
228 319
228 322
228 323
228 324
228 326
228 328
228 330
228 332
228 335
228 336
228 338
228 341
228 343
228 345
228 346
228 347
228 348
228 351
228 356
228 358
228 359
228 360
228 361
228 363
228 365
228 366
228 370
228 372
228 373
228 374
228 375
228 376
228 377
228 378
228 381
228 382
228 384
228 388
228 389
228 395
228 396
228 397
228 398
228 399
228 401
228 408
228 410
228 416
228 417
228 418
228 421
228 422
228 423
228 429
228 431
228 432
228 433
228 434
228 435
228 436
228 437
228 438
228 442
228 443
228 449
228 452
228 455
228 456
228 457
228 460
228 462
228 464
228 468
228 470
228 471
228 473
228 474
228 475
228 478
228 479
228 480
228 482
228 486
228 488
228 490
228 491
228 493
228 495
228 496
228 497
228 498
229 230
229 231
229 232
229 234
229 237
229 240
229 243
229 244
229 246
229 247
229 249
229 250
229 251
229 253
229 254
229 255
229 262
229 263
229 266
229 269
229 270
229 271
229 274
229 275
229 279
229 281
229 283
229 284
229 287
229 288
229 290
229 292
229 294
229 296
229 298
229 300
229 301
229 303
229 304
229 305
229 307
229 312
229 314
229 316
229 318
229 320
229 321
229 322
229 323
229 326
229 330
229 331
229 334
229 335
229 337
229 338
229 340
229 341
229 342
229 343
229 344
229 345
229 347
229 351
229 352
229 354
229 355
229 356
229 357
229 359
229 360
229 361
229 365
229 366
229 371
229 374
229 377
229 382
229 387
229 389
229 390
229 392
229 393
229 394
229 397
229 399
229 400
229 401
229 409
229 411
229 413
229 414
229 415
229 418
229 421
229 422
229 423
229 425
229 428
229 429
229 430
229 432
229 433
229 434
229 436
229 437
229 438
229 439
229 440
229 442
229 443
229 446
229 447
229 449
229 452
229 453
229 454
229 457
229 458
229 463
229 472
229 478
229 485
229 488
229 491
229 493
229 494
229 495
229 499
230 231
230 232
230 233
230 236
230 237
230 239
230 241
230 242
230 245
230 246
230 247
230 248
230 249
230 251
230 253
230 255
230 257
230 258
230 260
230 261
230 265
230 266
230 267
230 269
230 274
230 275
230 277
230 278
230 281
230 282
230 284
230 285
230 286
230 289
230 291
230 292
230 293
230 295
230 297
230 301
230 304
230 305
230 306
230 307
230 308
230 309
230 310
230 312
230 314
230 319
230 320
230 321
230 323
230 324
230 325
230 326
230 332
230 336
230 342
230 343
230 345
230 346
230 347
230 348
230 349
230 350
230 351
230 352
230 353
230 354
230 356
230 357
230 359
230 360
230 362
230 368
230 369
230 371
230 376
230 377
230 378
230 379
230 380
230 382
230 383
230 385
230 388
230 389
230 390
230 393
230 394
230 396
230 397
230 400
230 404
230 405
230 407
230 410
230 412
230 414
230 420
230 421
230 423
230 425
230 427
230 428
230 430
230 433
230 436
230 437
230 438
230 439
230 440
230 441
230 442
230 443
230 444
230 446
230 448
230 449
230 450
230 451
230 453
230 454
230 459
230 460
230 463
230 465
230 466
230 467
230 471
230 472
230 474
230 476
230 478
230 479
230 481
230 482
230 484
230 485
230 486
230 487
230 491
230 492
230 494
230 495
230 496
230 498
230 499
231 232
231 234
231 235
231 237
231 238
231 241
231 242
231 244
231 247
231 248
231 249
231 250
231 252
231 254
231 256
231 259
231 264
231 265
231 266
231 268
231 269
231 270
231 271
231 272
231 273
231 275
231 276
231 277
231 279
231 282
231 283
231 284
231 288
231 292
231 295
231 297
231 299
231 302
231 303
231 304
231 306
231 307
231 309
231 313
231 315
231 316
231 317
231 318
231 320
231 321
231 322
231 323
231 324
231 325
231 326
231 327
231 328
231 333
231 335
231 338
231 341
231 345
231 348
231 352
231 353
231 356
231 357
231 358
231 361
231 362
231 364
231 365
231 366
231 368
231 373
231 374
231 377
231 379
231 380
231 381
231 382
231 384
231 385
231 391
231 396
231 399
231 402
231 404
231 409
231 410
231 414
231 415
231 416
231 420
231 422
231 424
231 427
231 428
231 429
231 434
231 435
231 436
231 437
231 438
231 440
231 443
231 446
231 450
231 452
231 455
231 456
231 457
231 460
231 461
231 462
231 464
231 465
231 467
231 469
231 471
231 472
231 474
231 476
231 478
231 479
231 480
231 481
231 486
231 487
231 488
231 491
231 493
231 494
231 496
231 497
232 233
232 234
232 235
232 237
232 238
232 246
232 248
232 250
232 251
232 253
232 254
232 256
232 259
232 260
232 261
232 264
232 265
232 270
232 272
232 274
232 279
232 280
232 281
232 282
232 285
232 287
232 290
232 292
232 293
232 295
232 296
232 298
232 299
232 301
232 304
232 305
232 306
232 308
232 318
232 320
232 321
232 322
232 323
232 324
232 325
232 331
232 333
232 334
232 335
232 337
232 341
232 342
232 344
232 346
232 347
232 348
232 350
232 351
232 352
232 353
232 354
232 358
232 360
232 363
232 367
232 370
232 371
232 373
232 374
232 376
232 378
232 380
232 381
232 385
232 386
232 387
232 388
232 389
232 390
232 391
232 393
232 394
232 396
232 397
232 398
232 399
232 400
232 402
232 403
232 407
232 409
232 411
232 413
232 414
232 415
232 416
232 417
232 418
232 421
232 423
232 426
232 434
232 435
232 437
232 440
232 441
232 443
232 446
232 447
232 450
232 452
232 456
232 458
232 462
232 464
232 467
232 468
232 472
232 473
232 474
232 476
232 477
232 478
232 480
232 482
232 485
232 486
232 489
232 490
232 491
232 492
232 494
232 499
233 234
233 235
233 238
233 241
233 242
233 244
233 245
233 252
233 253
233 259
233 264
233 265
233 266
233 268
233 272
233 273
233 274
233 275
233 276
233 278
233 279
233 280
233 287
233 288
233 289
233 290
233 292
233 293
233 294
233 296
233 298
233 301
233 302
233 305
233 308
233 310
233 311
233 312
233 314
233 315
233 316
233 318
233 320
233 321
233 322
233 323
233 325
233 328
233 334
233 337
233 338
233 340
233 341
233 342
233 343
233 345
233 347
233 348
233 350
233 354
233 356
233 357
233 358
233 359
233 360
233 361
233 363
233 364
233 366
233 367
233 372
233 376
233 378
233 380
233 382
233 385
233 386
233 387
233 388
233 389
233 391
233 392
233 394
233 397
233 400
233 404
233 405
233 406
233 408
233 409
233 414
233 416
233 421
233 422
233 423
233 424
233 425
233 428
233 429
233 430
233 431
233 432
233 433
233 436
233 438
233 440
233 442
233 444
233 451
233 454
233 456
233 463
233 464
233 465
233 467
233 468
233 472
233 476
233 478
233 482
233 484
233 485
233 487
233 490
233 492
233 496
233 498
234 235
234 236
234 239
234 240
234 242
234 243
234 244
234 245
234 246
234 254
234 255
234 257
234 259
234 260
234 261
234 262
234 264
234 265
234 267
234 273
234 274
234 275
234 277
234 280
234 281
234 284
234 286
234 288
234 289
234 290
234 291
234 292
234 293
234 294
234 296
234 298
234 301
234 302
234 305
234 306
234 307
234 308
234 309
234 310
234 315
234 318
234 321
234 322
234 323
234 324
234 325
234 326
234 329
234 330
234 332
234 333
234 336
234 338
234 340
234 342
234 343
234 345
234 348
234 350
234 353
234 354
234 358
234 359
234 360
234 361
234 362
234 365
234 366
234 368
234 369
234 371
234 377
234 379
234 380
234 383
234 385
234 386
234 387
234 392
234 393
234 395
234 399
234 400
234 402
234 403
234 405
234 406
234 407
234 409
234 411
234 420
234 422
234 423
234 424
234 431
234 433
234 437
234 438
234 440
234 441
234 447
234 448
234 449
234 451
234 454
234 455
234 457
234 458
234 461
234 465
234 468
234 470
234 473
234 475
234 476
234 478
234 481
234 483
234 484
234 486
234 487
234 489
234 490
234 495
234 496
234 498
235 236
235 238
235 239
235 241
235 242
235 248
235 250
235 254
235 259
235 260
235 262
235 263
235 264
235 265
235 266
235 267
235 268
235 269
235 273
235 276
235 278
235 279
235 281
235 282
235 283
235 285
235 295
235 296
235 297
235 298
235 299
235 300
235 302
235 303
235 304
235 309
235 310
235 312
235 315
235 319
235 323
235 324
235 325
235 326
235 327
235 328
235 331
235 332
235 334
235 335
235 336
235 342
235 346
235 347
235 348
235 351
235 353
235 355
235 356
235 357
235 359
235 361
235 362
235 363
235 364
235 365
235 366
235 367
235 368
235 370
235 371
235 372
235 376
235 378
235 381
235 382
235 383
235 384
235 385
235 386
235 388
235 389
235 392
235 395
235 396
235 398
235 401
235 402
235 405
235 406
235 412
235 413
235 415
235 416
235 420
235 423
235 425
235 426
235 428
235 429
235 432
235 434
235 439
235 443
235 446
235 448
235 449
235 450
235 451
235 453
235 454
235 458
235 461
235 462
235 463
235 466
235 467
235 468
235 469
235 470
235 473
235 474
235 475
235 476
235 481
235 485
235 490
235 491
235 494
235 497
235 498
235 499
236 237
236 238
236 239
236 240
236 241
236 246
236 247
236 248
236 251
236 253
236 255
236 257
236 258
236 259
236 260
236 261
236 262
236 263
236 264
236 265
236 267
236 269
236 270
236 272
236 275
236 276
236 281
236 283
236 285
236 286
236 288
236 290
236 291
236 293
236 295
236 296
236 298
236 299
236 301
236 303
236 304
236 306
236 307
236 308
236 309
236 316
236 318
236 319
236 320
236 323
236 324
236 329
236 332
236 333
236 334
236 335
236 336
236 337
236 338
236 344
236 346
236 348
236 349
236 351
236 353
236 357
236 358
236 366
236 367
236 368
236 369
236 371
236 372
236 373
236 376
236 377
236 378
236 379
236 380
236 381
236 384
236 391
236 392
236 394
236 396
236 398
236 399
236 401
236 403
236 406
236 407
236 409
236 411
236 413
236 414
236 415
236 416
236 421
236 422
236 423
236 424
236 427
236 429
236 431
236 433
236 435
236 437
236 439
236 441
236 442
236 443
236 445
236 446
236 449
236 450
236 451
236 452
236 454
236 456
236 457
236 458
236 459
236 461
236 462
236 466
236 467
236 468
236 469
236 470
236 471
236 473
236 474
236 478
236 480
236 481
236 485
236 486
236 488
236 489
236 490
236 492
236 493
236 495
236 496
237 238
237 239
237 240
237 241
237 242
237 243
237 245
237 246
237 250
237 252
237 253
237 255
237 256
237 258
237 259
237 261
237 262
237 263
237 267
237 268
237 269
237 270
237 273
237 275
237 276
237 278
237 280
237 281
237 284
237 285
237 288
237 292
237 295
237 297
237 305
237 307
237 308
237 312
237 314
237 318
237 320
237 322
237 323
237 324
237 325
237 326
237 328
237 332
237 334
237 336
237 337
237 338
237 340
237 341
237 342
237 344
237 345
237 346
237 347
237 349
237 351
237 353
237 354
237 358
237 360
237 363
237 364
237 367
237 368
237 371
237 373
237 374
237 375
237 378
237 379
237 382
237 383
237 384
237 385
237 387
237 388
237 390
237 391
237 397
237 399
237 400
237 402
237 409
237 412
237 415
237 417
237 420
237 424
237 426
237 427
237 429
237 430
237 432
237 434
237 437
237 439
237 441
237 442
237 444
237 445
237 446
237 448
237 453
237 454
237 455
237 460
237 462
237 463
237 464
237 465
237 466
237 467
237 469
237 472
237 473
237 474
237 475
237 476
237 477
237 478
237 481
237 482
237 483
237 490
237 491
237 492
237 493
237 494
237 496
237 497
238 241
238 242
238 243
238 244
238 246
238 248
238 249
238 250
238 251
238 252
238 255
238 257
238 259
238 260
238 262
238 265
238 267
238 269
238 271
238 273
238 274
238 275
238 277
238 279
238 281
238 285
238 286
238 292
238 296
238 299
238 300
238 302
238 303
238 306
238 308
238 309
238 311
238 315
238 317
238 318
238 319
238 320
238 322
238 323
238 325
238 327
238 328
238 331
238 334
238 335
238 337
238 338
238 339
238 342
238 344
238 346
238 349
238 353
238 355
238 356
238 357
238 358
238 359
238 361
238 362
238 363
238 367
238 368
238 370
238 371
238 374
238 376
238 377
238 378
238 379
238 382
238 383
238 384
238 385
238 387
238 391
238 394
238 396
238 397
238 398
238 400
238 402
238 403
238 404
238 405
238 406
238 411
238 412
238 413
238 416
238 417
238 418
238 421
238 422
238 423
238 424
238 425
238 427
238 428
238 429
238 431
238 432
238 433
238 434
238 435
238 436
238 437
238 438
238 440
238 441
238 442
238 444
238 446
238 447
238 448
238 450
238 451
238 452
238 454
238 457
238 458
238 462
238 465
238 467
238 470
238 471
238 472
238 473
238 475
238 479
238 482
238 483
238 484
238 493
238 494
238 498
239 243
239 245
239 246
239 250
239 251
239 252
239 255
239 256
239 257
239 258
239 259
239 260
239 262
239 263
239 264
239 265
239 267
239 268
239 270
239 271
239 272
239 273
239 274
239 277
239 278
239 282
239 283
239 284
239 286
239 289
239 291
239 296
239 297
239 301
239 303
239 304
239 306
239 308
239 310
239 313
239 314
239 315
239 316
239 317
239 319
239 320
239 322
239 323
239 324
239 325
239 326
239 329
239 330
239 331
239 333
239 336
239 340
239 341
239 342
239 343
239 347
239 348
239 352
239 353
239 355
239 356
239 357
239 360
239 363
239 365
239 366
239 367
239 370
239 371
239 373
239 378
239 379
239 380
239 381
239 382
239 384
239 386
239 391
239 392
239 394
239 396
239 397
239 398
239 401
239 403
239 404
239 405
239 406
239 409
239 415
239 417
239 418
239 419
239 421
239 423
239 425
239 426
239 428
239 429
239 431
239 432
239 434
239 436
239 437
239 440
239 441
239 442
239 443
239 444
239 445
239 446
239 447
239 449
239 450
239 451
239 452
239 455
239 457
239 458
239 461
239 462
239 464
239 465
239 466
239 470
239 472
239 473
239 474
239 476
239 477
239 478
239 479
239 480
239 484
239 486
239 487
239 490
239 492
239 493
239 495
239 496
240 241
240 243
240 244
240 247
240 248
240 249
240 251
240 252
240 253
240 256
240 258
240 259
240 260
240 263
240 265
240 266
240 267
240 270
240 271
240 273
240 275
240 277
240 280
240 282
240 283
240 285
240 286
240 288
240 289
240 290
240 292
240 293
240 294
240 299
240 302
240 305
240 307
240 308
240 312
240 314
240 315
240 317
240 328
240 329
240 330
240 333
240 334
240 340
240 342
240 346
240 349
240 351
240 352
240 353
240 354
240 355
240 357
240 358
240 361
240 362
240 364
240 365
240 366
240 367
240 368
240 369
240 370
240 371
240 372
240 375
240 376
240 377
240 379
240 381
240 383
240 384
240 385
240 388
240 389
240 391
240 394
240 395
240 396
240 398
240 401
240 403
240 405
240 407
240 410
240 414
240 415
240 418
240 421
240 423
240 424
240 429
240 430
240 435
240 438
240 441
240 443
240 445
240 447
240 448
240 449
240 450
240 452
240 453
240 455
240 456
240 457
240 458
240 462
240 463
240 464
240 465
240 467
240 468
240 469
240 470
240 472
240 475
240 478
240 480
240 483
240 484
240 488
240 489
240 490
240 492
240 497
240 498
240 499
241 243
241 244
241 247
241 248
241 250
241 251
241 253
241 254
241 256
241 257
241 259
241 261
241 263
241 264
241 265
241 272
241 273
241 276
241 277
241 280
241 282
241 284
241 288
241 291
241 293
241 295
241 296
241 297
241 303
241 305
241 306
241 308
241 311
241 312
241 314
241 318
241 319
241 323
241 324
241 328
241 329
241 330
241 331
241 332
241 334
241 336
241 337
241 338
241 340
241 341
241 342
241 343
241 344
241 345
241 346
241 348
241 350
241 352
241 353
241 355
241 356
241 357
241 361
241 362
241 365
241 367
241 370
241 371
241 375
241 376
241 379
241 381
241 383
241 386
241 387
241 392
241 394
241 395
241 397
241 398
241 400
241 402
241 403
241 404
241 407
241 409
241 413
241 415
241 416
241 417
241 418
241 420
241 423
241 424
241 427
241 434
241 436
241 437
241 442
241 452
241 453
241 456
241 458
241 459
241 463
241 466
241 469
241 470
241 473
241 475
241 478
241 480
241 482
241 484
241 485
241 486
241 487
241 488
241 490
241 495
242 246
242 249
242 252
242 253
242 254
242 255
242 256
242 258
242 262
242 264
242 270
242 272
242 275
242 279
242 280
242 285
242 286
242 289
242 290
242 293
242 296
242 299
242 300
242 301
242 302
242 303
242 304
242 305
242 310
242 312
242 315
242 316
242 318
242 320
242 321
242 323
242 324
242 325
242 326
242 328
242 329
242 330
242 331
242 333
242 334
242 336
242 337
242 339
242 340
242 342
242 344
242 346
242 347
242 348
242 349
242 350
242 351
242 353
242 354
242 355
242 356
242 360
242 361
242 362
242 363
242 365
242 366
242 369
242 370
242 371
242 372
242 373
242 374
242 376
242 377
242 378
242 380
242 381
242 382
242 384
242 385
242 387
242 389
242 391
242 392
242 393
242 396
242 400
242 402
242 404
242 407
242 408
242 409
242 413
242 415
242 416
242 420
242 421
242 422
242 426
242 430
242 431
242 433
242 434
242 436
242 437
242 442
242 445
242 446
242 447
242 449
242 450
242 452
242 454
242 455
242 458
242 459
242 460
242 462
242 464
242 465
242 468
242 470
242 471
242 473
242 477
242 478
242 479
242 481
242 483
242 487
242 488
242 494
242 497
243 244
243 245
243 246
243 247
243 248
243 249
243 251
243 252
243 253
243 254
243 256
243 257
243 258
243 261
243 265
243 267
243 270
243 271
243 273
243 274
243 277
243 279
243 284
243 288
243 289
243 290
243 292
243 293
243 294
243 295
243 298
243 300
243 303
243 306
243 307
243 310
243 313
243 315
243 316
243 317
243 318
243 321
243 322
243 323
243 324
243 327
243 328
243 329
243 331
243 332
243 333
243 334
243 335
243 340
243 341
243 342
243 343
243 344
243 346
243 347
243 348
243 349
243 350
243 351
243 354
243 355
243 356
243 357
243 358
243 361
243 362
243 364
243 368
243 369
243 371
243 373
243 374
243 377
243 379
243 381
243 382
243 384
243 386
243 387
243 388
243 390
243 391
243 393
243 395
243 396
243 397
243 398
243 400
243 401
243 403
243 404
243 406
243 409
243 411
243 412
243 413
243 414
243 415
243 416
243 417
243 418
243 419
243 421
243 423
243 424
243 425
243 427
243 430
243 431
243 433
243 434
243 435
243 436
243 437
243 439
243 444
243 447
243 451
243 453
243 454
243 455
243 456
243 457
243 460
243 461
243 462
243 471
243 474
243 476
243 477
243 482
243 484
243 485
243 486
243 487
243 491
243 492
243 496
243 498
243 499
244 248
244 251
244 252
244 253
244 264
244 266
244 269
244 272
244 273
244 275
244 277
244 281
244 286
244 287
244 289
244 292
244 293
244 296
244 298
244 299
244 302
244 303
244 306
244 308
244 312
244 314
244 315
244 316
244 320
244 321
244 322
244 324
244 325
244 326
244 328
244 329
244 332
244 333
244 335
244 337
244 340
244 341
244 342
244 344
244 345
244 347
244 349
244 353
244 354
244 356
244 357
244 358
244 359
244 361
244 364
244 365
244 368
244 370
244 373
244 374
244 375
244 377
244 380
244 381
244 382
244 383
244 384
244 385
244 386
244 389
244 390
244 391
244 392
244 394
244 396
244 398
244 399
244 402
244 404
244 405
244 406
244 407
244 409
244 410
244 411
244 414
244 416
244 417
244 419
244 420
244 422
244 423
244 426
244 427
244 429
244 430
244 431
244 432
244 434
244 437
244 438
244 441
244 442
244 444
244 446
244 449
244 450
244 451
244 454
244 455
244 458
244 459
244 461
244 462
244 463
244 464
244 467
244 469
244 470
244 471
244 472
244 480
244 481
244 483
244 484
244 485
244 488
244 489
244 491
244 493
244 496
244 497
244 499
245 249
245 252
245 255
245 257
245 258
245 261
245 263
245 265
245 266
245 268
245 276
245 277
245 278
245 279
245 280
245 283
245 284
245 286
245 287
245 289
245 290
245 291
245 295
245 296
245 303
245 304
245 305
245 306
245 307
245 308
245 309
245 310
245 311
245 313
245 315
245 318
245 319
245 323
245 324
245 325
245 326
245 328
245 329
245 330
245 335
245 336
245 338
245 339
245 343
245 344
245 348
245 349
245 350
245 357
245 358
245 359
245 360
245 361
245 363
245 365
245 369
245 373
245 375
245 376
245 377
245 378
245 379
245 382
245 387
245 390
245 391
245 392
245 394
245 395
245 396
245 397
245 401
245 402
245 403
245 404
245 408
245 409
245 413
245 415
245 416
245 418
245 420
245 421
245 425
245 426
245 429
245 431
245 433
245 438
245 439
245 443
245 449
245 451
245 459
245 460
245 461
245 463
245 464
245 466
245 468
245 470
245 471
245 476
245 477
245 481
245 486
245 487
245 488
245 489
245 491
245 492
245 496
245 497
245 498
245 499
246 247
246 249
246 250
246 252
246 255
246 258
246 260
246 261
246 263
246 265
246 266
246 269
246 273
246 274
246 276
246 277
246 279
246 284
246 285
246 286
246 290
246 291
246 293
246 297
246 298
246 299
246 300
246 301
246 302
246 303
246 304
246 305
246 306
246 307
246 310
246 311
246 314
246 315
246 317
246 318
246 319
246 321
246 322
246 324
246 325
246 329
246 330
246 341
246 343
246 344
246 345
246 347
246 349
246 351
246 352
246 354
246 355
246 357
246 362
246 363
246 366
246 372
246 375
246 378
246 379
246 382
246 391
246 393
246 397
246 401
246 404
246 407
246 408
246 409
246 413
246 415
246 416
246 418
246 420
246 421
246 423
246 425
246 426
246 427
246 430
246 433
246 437
246 439
246 441
246 443
246 447
246 450
246 455
246 456
246 465
246 466
246 469
246 472
246 474
246 477
246 478
246 479
246 486
246 489
246 495
246 496
246 497
246 498
246 499
247 248
247 254
247 256
247 257
247 258
247 262
247 263
247 264
247 270
247 271
247 272
247 273
247 275
247 276
247 277
247 278
247 283
247 284
247 286
247 287
247 288
247 289
247 290
247 292
247 293
247 294
247 296
247 297
247 300
247 302
247 304
247 309
247 311
247 312
247 313
247 315
247 316
247 317
247 319
247 320
247 324
247 325
247 326
247 327
247 331
247 334
247 335
247 340
247 342
247 345
247 347
247 348
247 349
247 353
247 354
247 357
247 363
247 368
247 370
247 372
247 374
247 376
247 380
247 384
247 385
247 386
247 387
247 389
247 392
247 393
247 394
247 396
247 397
247 399
247 401
247 402
247 403
247 407
247 408
247 410
247 413
247 415
247 417
247 418
247 419
247 424
247 425
247 430
247 432
247 433
247 434
247 436
247 437
247 445
247 446
247 447
247 449
247 451
247 453
247 454
247 455
247 456
247 458
247 461
247 463
247 464
247 473
247 474
247 475
247 477
247 479
247 480
247 482
247 484
247 491
247 494
247 496
247 497
247 498
248 249
248 252
248 253
248 256
248 258
248 259
248 260
248 261
248 263
248 264
248 267
248 270
248 271
248 273
248 274
248 276
248 280
248 281
248 282
248 284
248 285
248 286
248 287
248 289
248 291
248 294
248 295
248 296
248 298
248 299
248 300
248 301
248 305
248 307
248 308
248 313
248 316
248 317
248 319
248 320
248 321
248 323
248 324
248 325
248 326
248 327
248 328
248 329
248 331
248 334
248 335
248 337
248 339
248 342
248 345
248 347
248 348
248 350
248 353
248 355
248 358
248 360
248 362
248 363
248 364
248 367
248 369
248 370
248 371
248 374
248 375
248 378
248 379
248 381
248 382
248 383
248 384
248 388
248 389
248 395
248 397
248 398
248 399
248 402
248 403
248 404
248 409
248 410
248 411
248 412
248 415
248 416
248 418
248 420
248 423
248 424
248 426
248 428
248 429
248 430
248 431
248 433
248 436
248 442
248 443
248 445
248 446
248 447
248 449
248 451
248 453
248 459
248 460
248 462
248 463
248 464
248 466
248 467
248 468
248 470
248 471
248 475
248 481
248 484
248 486
248 489
248 490
248 491
248 494
248 498
248 499
249 252
249 253
249 254
249 257
249 259
249 260
249 261
249 265
249 268
249 271
249 272
249 275
249 276
249 277
249 278
249 280
249 285
249 287
249 290
249 291
249 293
249 294
249 297
249 300
249 301
249 302
249 307
249 309
249 312
249 314
249 320
249 321
249 325
249 326
249 327
249 328
249 329
249 331
249 332
249 333
249 335
249 338
249 339
249 341
249 342
249 343
249 347
249 349
249 351
249 352
249 356
249 358
249 359
249 363
249 364
249 367
249 369
249 371
249 376
249 377
249 378
249 383
249 384
249 391
249 393
249 394
249 403
249 404
249 407
249 408
249 409
249 414
249 415
249 416
249 417
249 423
249 424
249 425
249 426
249 427
249 428
249 429
249 430
249 432
249 435
249 439
249 440
249 442
249 446
249 449
249 451
249 453
249 454
249 457
249 461
249 462
249 466
249 467
249 468
249 469
249 471
249 472
249 474
249 475
249 478
249 479
249 485
249 487
249 488
249 492
249 493
249 494
249 497
249 499
250 252
250 257
250 258
250 260
250 264
250 265
250 268
250 269
250 270
250 272
250 274
250 275
250 277
250 278
250 279
250 280
250 281
250 283
250 285
250 286
250 288
250 289
250 291
250 292
250 296
250 298
250 300
250 301
250 303
250 304
250 307
250 309
250 310
250 311
250 313
250 314
250 317
250 319
250 324
250 325
250 326
250 327
250 329
250 332
250 334
250 335
250 338
250 339
250 344
250 346
250 349
250 351
250 352
250 353
250 357
250 358
250 359
250 360
250 362
250 368
250 370
250 371
250 372
250 375
250 376
250 378
250 380
250 381
250 382
250 383
250 385
250 386
250 389
250 391
250 392
250 393
250 395
250 397
250 398
250 400
250 401
250 403
250 404
250 407
250 409
250 411
250 412
250 414
250 415
250 416
250 417
250 418
250 420
250 422
250 423
250 424
250 427
250 429
250 430
250 431
250 433
250 434
250 436
250 437
250 438
250 440
250 441
250 444
250 449
250 450
250 453
250 454
250 455
250 456
250 457
250 464
250 465
250 466
250 469
250 471
250 472
250 474
250 476
250 477
250 478
250 481
250 486
250 488
250 491
250 494
250 495
250 498
251 252
251 254
251 258
251 259
251 263
251 264
251 265
251 266
251 268
251 269
251 270
251 272
251 274
251 275
251 277
251 278
251 280
251 282
251 283
251 287
251 288
251 289
251 290
251 292
251 296
251 297
251 299
251 300
251 301
251 302
251 303
251 306
251 309
251 310
251 313
251 314
251 315
251 317
251 319
251 320
251 321
251 322
251 324
251 325
251 326
251 327
251 331
251 332
251 333
251 335
251 336
251 337
251 345
251 347
251 348
251 349
251 351
251 352
251 353
251 355
251 357
251 360
251 362
251 363
251 364
251 365
251 367
251 369
251 370
251 371
251 372
251 373
251 374
251 375
251 379
251 380
251 381
251 382
251 384
251 386
251 391
251 392
251 397
251 399
251 400
251 401
251 404
251 407
251 409
251 410
251 411
251 413
251 415
251 416
251 419
251 422
251 426
251 427
251 428
251 429
251 430
251 431
251 432
251 435
251 437
251 439
251 442
251 443
251 444
251 445
251 446
251 448
251 449
251 450
251 451
251 452
251 453
251 454
251 456
251 458
251 459
251 460
251 461
251 462
251 464
251 465
251 470
251 472
251 473
251 476
251 477
251 480
251 481
251 482
251 483
251 486
251 489
251 492
251 495
251 496
251 497
252 255
252 258
252 259
252 260
252 263
252 265
252 267
252 269
252 271
252 272
252 273
252 274
252 280
252 281
252 282
252 283
252 284
252 285
252 289
252 291
252 292
252 293
252 296
252 298
252 302
252 304
252 307
252 308
252 310
252 311
252 313
252 314
252 315
252 318
252 320
252 321
252 322
252 324
252 325
252 326
252 328
252 329
252 330
252 331
252 332
252 333
252 335
252 336
252 339
252 340
252 341
252 343
252 344
252 346
252 347
252 348
252 349
252 352
252 353
252 354
252 356
252 357
252 359
252 360
252 365
252 366
252 367
252 369
252 372
252 373
252 374
252 376
252 377
252 378
252 379
252 381
252 382
252 386
252 390
252 391
252 392
252 394
252 398
252 400
252 402
252 403
252 404
252 405
252 407
252 408
252 409
252 411
252 412
252 413
252 416
252 417
252 418
252 419
252 421
252 422
252 424
252 425
252 429
252 430
252 431
252 436
252 437
252 439
252 440
252 442
252 444
252 446
252 447
252 448
252 449
252 451
252 452
252 454
252 456
252 457
252 458
252 460
252 462
252 463
252 464
252 466
252 467
252 470
252 472
252 474
252 475
252 476
252 477
252 478
252 480
252 481
252 482
252 487
252 489
252 490
252 491
252 493
252 494
252 495
252 497
252 498
252 499
253 256
253 258
253 261
253 262
253 263
253 264
253 265
253 266
253 267
253 268
253 271
253 273
253 276
253 277
253 280
253 281
253 286
253 287
253 289
253 290
253 291
253 296
253 297
253 298
253 299
253 302
253 303
253 304
253 308
253 310
253 311
253 313
253 314
253 315
253 317
253 318
253 319
253 322
253 323
253 325
253 328
253 329
253 333
253 339
253 340
253 344
253 345
253 347
253 350
253 351
253 352
253 353
253 356
253 358
253 360
253 361
253 363
253 364
253 366
253 370
253 373
253 374
253 377
253 378
253 379
253 381
253 382
253 384
253 385
253 386
253 388
253 390
253 391
253 392
253 394
253 395
253 398
253 401
253 403
253 404
253 406
253 408
253 411
253 412
253 417
253 419
253 420
253 421
253 422
253 423
253 426
253 428
253 430
253 433
253 435
253 436
253 437
253 438
253 439
253 441
253 442
253 443
253 444
253 446
253 450
253 452
253 454
253 457
253 458
253 461
253 463
253 464
253 465
253 468
253 469
253 473
253 474
253 476
253 477
253 480
253 481
253 482
253 483
253 484
253 485
253 486
253 487
253 490
253 491
253 492
253 495
253 499
254 256
254 257
254 259
254 261
254 263
254 264
254 265
254 266
254 268
254 272
254 273
254 274
254 275
254 276
254 277
254 279
254 281
254 288
254 291
254 292
254 293
254 296
254 299
254 302
254 303
254 305
254 307
254 308
254 310
254 313
254 314
254 316
254 319
254 320
254 322
254 324
254 325
254 328
254 329
254 331
254 332
254 333
254 334
254 336
254 337
254 338
254 340
254 342
254 345
254 347
254 348
254 351
254 356
254 357
254 362
254 367
254 368
254 369
254 371
254 373
254 378
254 383
254 385
254 386
254 387
254 390
254 391
254 396
254 401
254 402
254 408
254 409
254 411
254 415
254 417
254 419
254 421
254 422
254 426
254 428
254 431
254 435
254 436
254 437
254 438
254 441
254 442
254 443
254 444
254 448
254 449
254 450
254 452
254 453
254 454
254 456
254 457
254 462
254 463
254 466
254 468
254 471
254 475
254 476
254 478
254 481
254 482
254 483
254 484
254 487
254 491
254 493
254 497
254 499
255 256
255 257
255 258
255 259
255 261
255 262
255 263
255 264
255 265
255 268
255 269
255 270
255 273
255 275
255 276
255 277
255 278
255 280
255 287
255 288
255 290
255 291
255 292
255 293
255 295
255 296
255 297
255 299
255 306
255 308
255 310
255 312
255 313
255 314
255 315
255 316
255 318
255 322
255 324
255 325
255 327
255 331
255 332
255 334
255 335
255 336
255 339
255 344
255 345
255 346
255 347
255 352
255 353
255 354
255 359
255 362
255 363
255 366
255 369
255 371
255 372
255 373
255 374
255 375
255 376
255 377
255 378
255 379
255 382
255 384
255 385
255 388
255 390
255 392
255 395
255 396
255 397
255 398
255 402
255 403
255 406
255 408
255 410
255 411
255 414
255 416
255 419
255 420
255 422
255 423
255 424
255 425
255 426
255 427
255 430
255 431
255 432
255 433
255 435
255 436
255 437
255 439
255 440
255 442
255 443
255 444
255 449
255 450
255 458
255 459
255 460
255 461
255 464
255 467
255 468
255 471
255 473
255 474
255 475
255 477
255 478
255 480
255 482
255 483
255 486
255 489
255 491
255 493
255 498
256 258
256 260
256 261
256 262
256 264
256 265
256 266
256 267
256 270
256 275
256 276
256 277
256 278
256 279
256 280
256 281
256 284
256 286
256 288
256 292
256 294
256 295
256 298
256 299
256 301
256 302
256 304
256 305
256 308
256 310
256 311
256 312
256 322
256 325
256 329
256 336
256 337
256 339
256 340
256 341
256 344
256 346
256 347
256 349
256 350
256 351
256 357
256 358
256 359
256 360
256 362
256 363
256 364
256 365
256 366
256 376
256 380
256 381
256 383
256 385
256 386
256 387
256 388
256 391
256 392
256 393
256 394
256 397
256 398
256 399
256 404
256 406
256 407
256 413
256 415
256 417
256 418
256 419
256 420
256 424
256 426
256 427
256 428
256 429
256 430
256 431
256 436
256 437
256 439
256 440
256 441
256 444
256 447
256 450
256 455
256 457
256 459
256 460
256 461
256 463
256 465
256 466
256 467
256 470
256 471
256 472
256 474
256 475
256 477
256 478
256 479
256 481
256 486
256 487
256 488
256 490
256 495
256 496
257 259
257 261
257 265
257 266
257 268
257 269
257 270
257 272
257 274
257 275
257 278
257 280
257 282
257 283
257 285
257 286
257 289
257 290
257 291
257 292
257 296
257 297
257 299
257 300
257 302
257 303
257 304
257 305
257 306
257 307
257 309
257 310
257 311
257 312
257 314
257 315
257 317
257 319
257 323
257 326
257 331
257 335
257 336
257 337
257 348
257 349
257 352
257 358
257 359
257 360
257 361
257 362
257 363
257 365
257 370
257 371
257 375
257 376
257 378
257 379
257 380
257 381
257 383
257 384
257 385
257 387
257 389
257 390
257 391
257 398
257 400
257 402
257 403
257 405
257 407
257 409
257 410
257 415
257 417
257 419
257 426
257 428
257 433
257 434
257 439
257 440
257 441
257 442
257 443
257 446
257 448
257 449
257 452
257 454
257 456
257 457
257 459
257 460
257 461
257 463
257 465
257 466
257 467
257 469
257 471
257 477
257 479
257 481
257 482
257 485
257 487
257 489
257 493
257 494
257 496
257 497
257 498
257 499
258 259
258 262
258 267
258 269
258 271
258 272
258 274
258 275
258 277
258 279
258 284
258 285
258 290
258 292
258 294
258 297
258 298
258 301
258 305
258 306
258 307
258 308
258 309
258 310
258 314
258 318
258 319
258 321
258 322
258 323
258 324
258 326
258 327
258 328
258 329
258 330
258 335
258 339
258 341
258 344
258 346
258 348
258 349
258 351
258 354
258 355
258 356
258 360
258 361
258 365
258 366
258 370
258 371
258 372
258 373
258 374
258 377
258 379
258 380
258 381
258 383
258 384
258 386
258 390
258 392
258 399
258 402
258 403
258 404
258 405
258 406
258 409
258 412
258 414
258 416
258 417
258 419
258 420
258 421
258 422
258 423
258 424
258 428
258 429
258 430
258 433
258 434
258 435
258 436
258 437
258 439
258 440
258 443
258 445
258 448
258 449
258 451
258 452
258 454
258 456
258 458
258 460
258 462
258 463
258 464
258 465
258 466
258 467
258 468
258 469
258 470
258 471
258 472
258 474
258 476
258 477
258 478
258 479
258 480
258 482
258 485
258 486
258 488
258 489
258 490
258 492
258 494
258 496
258 499
259 262
259 264
259 265
259 269
259 270
259 272
259 274
259 275
259 279
259 280
259 282
259 283
259 284
259 285
259 286
259 287
259 288
259 290
259 297
259 298
259 299
259 301
259 304
259 307
259 308
259 309
259 310
259 315
259 319
259 321
259 322
259 323
259 324
259 325
259 326
259 327
259 328
259 329
259 332
259 334
259 338
259 339
259 341
259 343
259 345
259 346
259 348
259 349
259 352
259 353
259 355
259 358
259 359
259 363
259 365
259 367
259 368
259 369
259 370
259 372
259 375
259 376
259 377
259 379
259 381
259 384
259 394
259 396
259 400
259 401
259 402
259 403
259 405
259 407
259 408
259 409
259 412
259 417
259 418
259 425
259 427
259 429
259 430
259 431
259 432
259 433
259 436
259 438
259 439
259 441
259 442
259 444
259 445
259 449
259 454
259 455
259 462
259 463
259 464
259 465
259 466
259 468
259 469
259 471
259 473
259 474
259 475
259 479
259 481
259 482
259 485
259 486
259 487
259 488
259 489
259 494
259 498
259 499
260 261
260 262
260 263
260 264
260 267
260 268
260 269
260 270
260 272
260 273
260 274
260 275
260 276
260 282
260 285
260 290
260 291
260 293
260 294
260 300
260 301
260 304
260 305
260 307
260 308
260 309
260 313
260 314
260 315
260 321
260 324
260 325
260 330
260 331
260 334
260 335
260 336
260 337
260 338
260 339
260 341
260 342
260 343
260 345
260 349
260 352
260 355
260 356
260 357
260 358
260 359
260 360
260 362
260 363
260 367
260 368
260 371
260 372
260 373
260 374
260 376
260 378
260 379
260 383
260 384
260 387
260 388
260 389
260 390
260 391
260 392
260 393
260 394
260 395
260 397
260 403
260 404
260 405
260 406
260 407
260 409
260 414
260 415
260 422
260 425
260 426
260 427
260 428
260 429
260 433
260 435
260 436
260 437
260 439
260 440
260 444
260 446
260 451
260 452
260 454
260 458
260 459
260 460
260 463
260 468
260 469
260 472
260 474
260 476
260 477
260 479
260 482
260 483
260 485
260 486
260 488
260 489
260 491
260 493
260 496
261 262
261 265
261 266
261 267
261 269
261 270
261 274
261 275
261 276
261 278
261 279
261 280
261 281
261 282
261 285
261 288
261 291
261 293
261 294
261 296
261 297
261 298
261 299
261 300
261 303
261 304
261 306
261 308
261 309
261 310
261 311
261 315
261 317
261 318
261 320
261 324
261 325
261 327
261 328
261 335
261 336
261 338
261 340
261 341
261 343
261 346
261 347
261 349
261 352
261 355
261 356
261 357
261 358
261 359
261 360
261 361
261 362
261 367
261 368
261 369
261 370
261 373
261 375
261 376
261 377
261 380
261 381
261 383
261 385
261 386
261 390
261 391
261 394
261 395
261 396
261 397
261 398
261 400
261 401
261 403
261 404
261 406
261 407
261 409
261 412
261 415
261 417
261 421
261 424
261 425
261 430
261 431
261 434
261 436
261 437
261 438
261 439
261 441
261 443
261 445
261 447
261 449
261 450
261 452
261 454
261 456
261 457
261 458
261 459
261 461
261 462
261 463
261 464
261 465
261 466
261 467
261 469
261 473
261 474
261 477
261 479
261 480
261 482
261 484
261 487
261 488
261 489
261 490
261 494
261 495
261 496
261 499
262 265
262 269
262 270
262 272
262 275
262 278
262 279
262 281
262 282
262 287
262 289
262 292
262 293
262 302
262 305
262 306
262 307
262 308
262 311
262 313
262 315
262 318
262 319
262 321
262 324
262 326
262 327
262 328
262 329
262 330
262 334
262 340
262 342
262 343
262 344
262 345
262 347
262 350
262 352
262 353
262 354
262 359
262 360
262 361
262 363
262 365
262 366
262 368
262 371
262 374
262 378
262 379
262 381
262 382
262 383
262 388
262 390
262 391
262 392
262 393
262 395
262 398
262 400
262 403
262 406
262 407
262 408
262 409
262 414
262 416
262 418
262 421
262 423
262 425
262 428
262 430
262 432
262 433
262 436
262 437
262 438
262 439
262 446
262 447
262 448
262 450
262 453
262 456
262 457
262 458
262 460
262 462
262 464
262 465
262 466
262 467
262 469
262 470
262 473
262 476
262 479
262 480
262 481
262 486
262 487
262 489
262 490
262 491
262 492
262 496
263 269
263 271
263 272
263 274
263 275
263 276
263 277
263 280
263 287
263 288
263 289
263 291
263 292
263 293
263 294
263 298
263 299
263 301
263 302
263 303
263 308
263 309
263 310
263 311
263 314
263 321
263 322
263 324
263 327
263 329
263 330
263 331
263 332
263 333
263 334
263 335
263 336
263 338
263 340
263 341
263 342
263 344
263 347
263 349
263 350
263 351
263 352
263 355
263 358
263 359
263 361
263 363
263 365
263 367
263 368
263 369
263 370
263 371
263 374
263 375
263 377
263 378
263 379
263 380
263 381
263 382
263 388
263 389
263 391
263 392
263 394
263 395
263 397
263 399
263 401
263 404
263 406
263 407
263 408
263 409
263 410
263 411
263 419
263 420
263 421
263 422
263 423
263 426
263 427
263 431
263 432
263 435
263 437
263 438
263 439
263 440
263 447
263 449
263 450
263 456
263 457
263 459
263 460
263 464
263 467
263 468
263 469
263 472
263 473
263 474
263 475
263 477
263 478
263 479
263 480
263 483
263 484
263 488
263 491
263 492
263 493
263 495
263 496
263 497
264 265
264 268
264 269
264 273
264 274
264 275
264 278
264 279
264 281
264 282
264 283
264 284
264 285
264 288
264 289
264 290
264 291
264 296
264 300
264 301
264 303
264 306
264 307
264 309
264 313
264 315
264 318
264 319
264 320
264 322
264 323
264 326
264 330
264 332
264 333
264 334
264 337
264 338
264 339
264 341
264 345
264 347
264 349
264 350
264 353
264 355
264 356
264 358
264 361
264 363
264 364
264 365
264 366
264 367
264 368
264 369
264 370
264 371
264 372
264 374
264 376
264 377
264 379
264 381
264 382
264 384
264 385
264 387
264 388
264 389
264 391
264 394
264 395
264 397
264 398
264 401
264 404
264 406
264 407
264 411
264 412
264 413
264 417
264 418
264 420
264 423
264 425
264 427
264 428
264 431
264 433
264 435
264 437
264 439
264 440
264 442
264 446
264 447
264 449
264 453
264 457
264 460
264 462
264 463
264 465
264 468
264 469
264 473
264 474
264 475
264 476
264 477
264 478
264 479
264 480
264 483
264 484
264 485
264 486
264 488
264 489
264 490
264 492
264 493
264 494
264 497
264 498
264 499
265 267
265 270
265 272
265 274
265 279
265 282
265 283
265 286
265 291
265 292
265 294
265 298
265 299
265 300
265 301
265 302
265 304
265 305
265 309
265 311
265 313
265 315
265 321
265 324
265 325
265 327
265 329
265 331
265 332
265 333
265 337
265 338
265 339
265 342
265 344
265 345
265 347
265 348
265 349
265 350
265 351
265 353
265 354
265 356
265 359
265 360
265 362
265 363
265 365
265 368
265 369
265 370
265 372
265 374
265 376
265 377
265 379
265 382
265 383
265 385
265 387
265 388
265 390
265 391
265 393
265 396
265 397
265 398
265 399
265 400
265 403
265 404
265 405
265 406
265 409
265 411
265 412
265 413
265 414
265 415
265 420
265 421
265 424
265 425
265 426
265 427
265 428
265 429
265 431
265 432
265 434
265 438
265 439
265 441
265 446
265 448
265 451
265 453
265 454
265 456
265 457
265 458
265 463
265 466
265 468
265 469
265 472
265 473
265 474
265 475
265 478
265 479
265 481
265 482
265 485
265 486
265 487
265 492
265 494
265 495
265 496
265 497
265 498
266 267
266 268
266 271
266 276
266 277
266 278
266 279
266 280
266 282
266 286
266 291
266 292
266 296
266 297
266 300
266 303
266 306
266 307
266 312
266 314
266 317
266 319
266 321
266 323
266 324
266 325
266 327
266 330
266 332
266 338
266 339
266 340
266 344
266 347
266 348
266 349
266 353
266 356
266 358
266 360
266 362
266 363
266 365
266 367
266 368
266 369
266 372
266 374
266 375
266 376
266 377
266 380
266 383
266 387
266 389
266 391
266 395
266 397
266 398
266 399
266 400
266 401
266 403
266 404
266 407
266 408
266 411
266 413
266 414
266 418
266 419
266 424
266 425
266 426
266 428
266 429
266 431
266 433
266 435
266 436
266 439
266 443
266 447
266 449
266 451
266 455
266 458
266 459
266 464
266 467
266 470
266 472
266 476
266 477
266 479
266 480
266 481
266 484
266 487
266 488
266 489
266 493
266 494
266 497
266 498
267 272
267 273
267 277
267 278
267 280
267 286
267 289
267 290
267 292
267 293
267 296
267 297
267 298
267 300
267 302
267 304
267 306
267 308
267 309
267 312
267 313
267 317
267 325
267 326
267 327
267 329
267 331
267 333
267 334
267 336
267 338
267 339
267 342
267 349
267 350
267 351
267 352
267 356
267 358
267 360
267 361
267 362
267 363
267 365
267 366
267 367
267 368
267 369
267 371
267 372
267 375
267 376
267 377
267 378
267 379
267 383
267 384
267 385
267 390
267 399
267 400
267 401
267 404
267 405
267 408
267 410
267 411
267 413
267 414
267 416
267 417
267 418
267 419
267 420
267 422
267 423
267 425
267 426
267 427
267 428
267 430
267 432
267 434
267 436
267 440
267 441
267 444
267 446
267 448
267 451
267 452
267 453
267 456
267 457
267 458
267 461
267 462
267 463
267 465
267 467
267 468
267 469
267 472
267 474
267 475
267 476
267 480
267 481
267 482
267 483
267 489
267 491
267 494
267 496
267 497
267 499
268 270
268 271
268 272
268 275
268 281
268 282
268 286
268 292
268 293
268 294
268 296
268 297
268 299
268 302
268 305
268 307
268 308
268 309
268 310
268 311
268 314
268 316
268 317
268 318
268 321
268 323
268 326
268 327
268 329
268 330
268 331
268 333
268 334
268 335
268 337
268 341
268 342
268 346
268 347
268 349
268 353
268 354
268 355
268 357
268 358
268 359
268 361
268 362
268 364
268 365
268 371
268 372
268 374
268 375
268 376
268 377
268 379
268 380
268 393
268 394
268 401
268 402
268 404
268 406
268 407
268 408
268 413
268 417
268 418
268 421
268 423
268 428
268 430
268 431
268 432
268 433
268 434
268 440
268 444
268 448
268 451
268 453
268 454
268 456
268 457
268 458
268 460
268 462
268 463
268 464
268 465
268 468
268 469
268 472
268 473
268 475
268 477
268 479
268 484
268 485
268 486
268 487
268 488
268 495
268 496
268 497
268 499
269 271
269 275
269 278
269 279
269 281
269 285
269 286
269 288
269 289
269 290
269 295
269 296
269 297
269 298
269 301
269 304
269 307
269 308
269 309
269 310
269 311
269 312
269 313
269 315
269 316
269 318
269 319
269 320
269 325
269 327
269 331
269 332
269 333
269 338
269 339
269 340
269 341
269 342
269 343
269 345
269 346
269 347
269 349
269 350
269 351
269 352
269 353
269 362
269 368
269 370
269 371
269 372
269 374
269 375
269 377
269 378
269 379
269 380
269 382
269 383
269 384
269 387
269 388
269 391
269 392
269 394
269 396
269 397
269 398
269 399
269 405
269 406
269 408
269 411
269 415
269 416
269 418
269 424
269 426
269 430
269 433
269 435
269 436
269 437
269 438
269 439
269 440
269 441
269 442
269 443
269 444
269 447
269 452
269 454
269 455
269 456
269 461
269 462
269 464
269 466
269 467
269 469
269 471
269 472
269 475
269 481
269 482
269 483
269 485
269 486
269 489
269 490
269 492
269 494
269 496
270 271
270 274
270 275
270 276
270 277
270 278
270 280
270 281
270 282
270 283
270 292
270 293
270 296
270 297
270 301
270 306
270 307
270 308
270 311
270 312
270 319
270 322
270 323
270 325
270 330
270 334
270 335
270 339
270 340
270 345
270 346
270 347
270 349
270 350
270 353
270 355
270 357
270 358
270 362
270 365
270 366
270 368
270 369
270 370
270 371
270 373
270 374
270 376
270 377
270 379
270 380
270 381
270 382
270 383
270 384
270 386
270 390
270 392
270 394
270 396
270 397
270 400
270 403
270 405
270 406
270 410
270 411
270 415
270 416
270 417
270 419
270 420
270 423
270 428
270 434
270 436
270 440
270 442
270 444
270 445
270 446
270 447
270 449
270 450
270 452
270 453
270 457
270 459
270 460
270 461
270 462
270 464
270 465
270 466
270 471
270 472
270 474
270 476
270 479
270 481
270 485
270 489
270 490
270 494
270 495
270 497
270 498
270 499
271 274
271 276
271 278
271 282
271 283
271 284
271 288
271 289
271 290
271 291
271 293
271 294
271 295
271 297
271 298
271 300
271 301
271 302
271 304
271 306
271 317
271 318
271 321
271 322
271 323
271 325
271 326
271 327
271 328
271 330
271 331
271 332
271 333
271 334
271 335
271 336
271 338
271 340
271 342
271 344
271 348
271 349
271 351
271 353
271 354
271 355
271 356
271 357
271 358
271 359
271 362
271 363
271 364
271 365
271 366
271 368
271 370
271 372
271 373
271 375
271 381
271 382
271 384
271 389
271 390
271 391
271 392
271 393
271 394
271 395
271 396
271 397
271 398
271 400
271 401
271 402
271 404
271 406
271 407
271 409
271 410
271 413
271 416
271 417
271 424
271 427
271 430
271 433
271 435
271 444
271 446
271 447
271 450
271 453
271 454
271 456
271 457
271 462
271 464
271 467
271 469
271 470
271 471
271 476
271 480
271 481
271 483
271 484
271 485
271 486
271 488
271 489
271 490
271 491
271 492
271 496
272 274
272 275
272 279
272 281
272 282
272 283
272 285
272 286
272 294
272 298
272 301
272 302
272 304
272 305
272 307
272 311
272 313
272 314
272 316
272 319
272 324
272 325
272 327
272 329
272 330
272 332
272 333
272 336
272 337
272 338
272 340
272 345
272 346
272 350
272 352
272 353
272 357
272 358
272 360
272 362
272 363
272 364
272 365
272 369
272 370
272 373
272 376
272 378
272 379
272 381
272 382
272 383
272 385
272 386
272 392
272 395
272 397
272 399
272 401
272 402
272 403
272 405
272 406
272 409
272 410
272 411
272 413
272 414
272 417
272 418
272 419
272 421
272 425
272 426
272 427
272 429
272 431
272 432
272 433
272 434
272 435
272 436
272 438
272 439
272 440
272 441
272 445
272 446
272 449
272 454
272 457
272 458
272 460
272 462
272 465
272 467
272 469
272 471
272 472
272 475
272 476
272 477
272 478
272 482
272 486
272 491
272 492
272 494
272 495
272 499
273 274
273 277
273 278
273 279
273 284
273 285
273 287
273 288
273 289
273 290
273 293
273 294
273 297
273 300
273 301
273 302
273 303
273 304
273 306
273 312
273 314
273 318
273 320
273 322
273 323
273 325
273 328
273 331
273 332
273 334
273 338
273 346
273 352
273 354
273 356
273 357
273 359
273 361
273 362
273 364
273 365
273 370
273 371
273 374
273 375
273 377
273 378
273 379
273 382
273 388
273 389
273 390
273 392
273 393
273 394
273 395
273 396
273 397
273 398
273 401
273 403
273 405
273 408
273 410
273 413
273 416
273 417
273 420
273 424
273 425
273 426
273 428
273 429
273 430
273 431
273 432
273 433
273 434
273 439
273 440
273 443
273 444
273 446
273 447
273 448
273 452
273 453
273 456
273 457
273 461
273 464
273 466
273 468
273 469
273 471
273 472
273 473
273 474
273 475
273 477
273 478
273 480
273 484
273 487
273 488
273 492
273 493
273 498
274 277
274 278
274 283
274 285
274 286
274 287
274 288
274 289
274 291
274 292
274 293
274 295
274 298
274 299
274 300
274 302
274 303
274 306
274 310
274 311
274 312
274 313
274 318
274 320
274 324
274 327
274 329
274 330
274 331
274 333
274 335
274 336
274 337
274 339
274 340
274 342
274 344
274 348
274 350
274 351
274 352
274 353
274 354
274 357
274 358
274 359
274 360
274 361
274 363
274 364
274 366
274 371
274 372
274 373
274 374
274 375
274 376
274 379
274 380
274 381
274 383
274 384
274 389
274 394
274 396
274 398
274 399
274 400
274 401
274 402
274 404
274 406
274 407
274 408
274 409
274 410
274 412
274 413
274 418
274 421
274 422
274 423
274 424
274 427
274 428
274 429
274 430
274 431
274 435
274 436
274 437
274 439
274 440
274 444
274 447
274 448
274 450
274 451
274 452
274 453
274 454
274 456
274 457
274 458
274 461
274 462
274 463
274 464
274 465
274 467
274 469
274 470
274 473
274 475
274 476
274 477
274 483
274 485
274 489
274 491
274 493
274 497
275 276
275 278
275 279
275 282
275 283
275 284
275 287
275 288
275 291
275 293
275 298
275 299
275 300
275 301
275 302
275 303
275 305
275 306
275 309
275 310
275 312
275 313
275 317
275 320
275 321
275 322
275 323
275 324
275 325
275 326
275 328
275 329
275 334
275 337
275 339
275 341
275 343
275 344
275 345
275 346
275 347
275 348
275 350
275 352
275 358
275 359
275 360
275 363
275 364
275 367
275 370
275 372
275 379
275 380
275 385
275 388
275 391
275 392
275 393
275 394
275 395
275 398
275 399
275 403
275 405
275 407
275 408
275 409
275 410
275 412
275 413
275 414
275 417
275 419
275 420
275 421
275 422
275 424
275 425
275 427
275 431
275 435
275 438
275 440
275 441
275 442
275 443
275 445
275 446
275 448
275 451
275 453
275 454
275 455
275 456
275 457
275 458
275 459
275 460
275 461
275 462
275 463
275 464
275 465
275 468
275 470
275 471
275 472
275 474
275 478
275 479
275 480
275 481
275 484
275 486
275 487
275 489
275 493
275 494
275 499
276 277
276 278
276 280
276 281
276 284
276 288
276 289
276 291
276 292
276 293
276 295
276 296
276 299
276 301
276 304
276 307
276 309
276 311
276 317
276 320
276 321
276 322
276 323
276 326
276 328
276 329
276 330
276 332
276 333
276 334
276 335
276 338
276 340
276 342
276 343
276 346
276 348
276 349
276 350
276 351
276 352
276 353
276 355
276 356
276 357
276 358
276 361
276 362
276 363
276 365
276 368
276 371
276 375
276 376
276 379
276 380
276 381
276 384
276 390
276 392
276 393
276 395
276 397
276 401
276 402
276 403
276 405
276 406
276 410
276 414
276 415
276 418
276 419
276 420
276 421
276 422
276 426
276 427
276 428
276 429
276 431
276 433
276 436
276 439
276 444
276 446
276 447
276 451
276 453
276 454
276 455
276 456
276 458
276 460
276 461
276 462
276 464
276 465
276 467
276 469
276 471
276 473
276 474
276 480
276 481
276 482
276 483
276 487
276 490
276 495
276 498
277 278
277 279
277 281
277 283
277 284
277 285
277 286
277 288
277 289
277 291
277 292
277 295
277 296
277 297
277 298
277 299
277 302
277 305
277 306
277 309
277 311
277 316
277 319
277 321
277 322
277 325
277 326
277 329
277 330
277 331
277 332
277 334
277 335
277 336
277 338
277 339
277 340
277 342
277 348
277 349
277 350
277 353
277 354
277 356
277 358
277 361
277 362
277 363
277 365
277 367
277 369
277 373
277 375
277 378
277 381
277 383
277 386
277 388
277 389
277 392
277 393
277 396
277 398
277 399
277 400
277 402
277 405
277 406
277 409
277 412
277 414
277 415
277 416
277 417
277 418
277 419
277 422
277 423
277 427
277 428
277 429
277 430
277 433
277 434
277 437
277 440
277 441
277 443
277 445
277 446
277 449
277 455
277 456
277 457
277 458
277 460
277 463
277 464
277 465
277 468
277 469
277 471
277 472
277 473
277 474
277 476
277 477
277 478
277 482
277 483
277 484
277 487
277 489
277 491
277 494
277 497
278 279
278 280
278 282
278 291
278 293
278 297
278 300
278 302
278 305
278 306
278 307
278 311
278 312
278 314
278 315
278 319
278 320
278 321
278 323
278 324
278 325
278 326
278 329
278 334
278 339
278 341
278 342
278 344
278 346
278 352
278 353
278 356
278 357
278 359
278 360
278 361
278 364
278 365
278 366
278 367
278 368
278 370
278 371
278 372
278 373
278 376
278 377
278 378
278 380
278 383
278 384
278 386
278 387
278 388
278 391
278 392
278 395
278 396
278 397
278 399
278 400
278 402
278 403
278 404
278 405
278 407
278 408
278 409
278 410
278 416
278 417
278 418
278 419
278 420
278 421
278 422
278 424
278 425
278 429
278 430
278 433
278 434
278 435
278 436
278 439
278 445
278 446
278 451
278 452
278 453
278 455
278 456
278 457
278 458
278 463
278 467
278 468
278 469
278 470
278 471
278 473
278 475
278 476
278 479
278 480
278 481
278 482
278 484
278 486
278 488
278 489
278 490
278 491
278 492
278 495
278 496
278 497
278 498
278 499
279 280
279 282
279 285
279 290
279 293
279 294
279 295
279 296
279 298
279 299
279 300
279 301
279 302
279 305
279 306
279 307
279 308
279 310
279 311
279 316
279 318
279 319
279 321
279 322
279 323
279 324
279 327
279 329
279 330
279 334
279 335
279 336
279 339
279 340
279 341
279 345
279 346
279 348
279 353
279 354
279 359
279 360
279 363
279 365
279 370
279 372
279 374
279 375
279 377
279 378
279 379
279 382
279 384
279 385
279 387
279 389
279 390
279 391
279 393
279 394
279 396
279 398
279 404
279 408
279 411
279 412
279 416
279 417
279 419
279 420
279 421
279 422
279 424
279 427
279 429
279 434
279 436
279 438
279 441
279 442
279 443
279 444
279 445
279 446
279 448
279 449
279 456
279 459
279 462
279 463
279 466
279 468
279 469
279 470
279 474
279 475
279 480
279 481
279 483
279 484
279 485
279 486
279 488
279 489
279 490
279 491
279 492
279 493
279 494
279 497
280 285
280 286
280 288
280 292
280 294
280 297
280 298
280 299
280 302
280 306
280 307
280 308
280 309
280 310
280 311
280 312
280 314
280 316
280 317
280 318
280 322
280 327
280 329
280 330
280 331
280 333
280 334
280 335
280 337
280 340
280 342
280 344
280 346
280 347
280 349
280 350
280 352
280 353
280 358
280 362
280 364
280 365
280 367
280 368
280 369
280 371
280 373
280 374
280 377
280 382
280 384
280 388
280 389
280 390
280 393
280 394
280 398
280 399
280 400
280 401
280 403
280 405
280 406
280 407
280 408
280 411
280 412
280 413
280 416
280 417
280 418
280 420
280 421
280 424
280 431
280 432
280 433
280 434
280 436
280 437
280 443
280 444
280 447
280 449
280 456
280 460
280 461
280 462
280 463
280 464
280 466
280 467
280 468
280 469
280 470
280 471
280 474
280 480
280 481
280 482
280 485
280 487
280 489
280 491
280 494
280 495
280 497
280 498
281 291
281 292
281 293
281 296
281 298
281 299
281 300
281 301
281 303
281 308
281 309
281 310
281 312
281 315
281 316
281 317
281 321
281 322
281 324
281 327
281 328
281 331
281 332
281 333
281 336
281 338
281 341
281 344
281 345
281 347
281 350
281 354
281 355
281 357
281 360
281 363
281 367
281 372
281 378
281 382
281 383
281 389
281 393
281 396
281 398
281 399
281 404
281 406
281 407
281 409
281 414
281 415
281 416
281 417
281 418
281 423
281 426
281 428
281 431
281 432
281 433
281 436
281 439
281 440
281 444
281 448
281 453
281 456
281 458
281 459
281 460
281 461
281 469
281 470
281 471
281 473
281 474
281 479
281 480
281 490
281 492
281 493
281 496
282 285
282 286
282 287
282 289
282 290
282 291
282 294
282 295
282 296
282 298
282 301
282 302
282 305
282 306
282 309
282 312
282 314
282 317
282 318
282 320
282 321
282 322
282 323
282 325
282 330
282 333
282 336
282 337
282 338
282 340
282 341
282 346
282 349
282 351
282 352
282 354
282 357
282 360
282 361
282 362
282 363
282 364
282 367
282 370
282 371
282 372
282 374
282 375
282 378
282 379
282 380
282 384
282 389
282 392
282 393
282 395
282 400
282 402
282 403
282 408
282 409
282 410
282 413
282 414
282 419
282 422
282 427
282 428
282 429
282 431
282 433
282 437
282 438
282 440
282 442
282 444
282 447
282 451
282 453
282 455
282 457
282 458
282 459
282 460
282 461
282 462
282 463
282 464
282 466
282 467
282 470
282 471
282 473
282 479
282 480
282 481
282 482
282 484
282 485
282 486
282 488
282 489
282 490
282 491
282 492
282 493
282 495
282 498
282 499
283 284
283 288
283 289
283 290
283 292
283 293
283 296
283 300
283 303
283 304
283 306
283 308
283 309
283 313
283 314
283 316
283 320
283 322
283 324
283 327
283 335
283 337
283 340
283 341
283 342
283 343
283 345
283 346
283 350
283 353
283 357
283 358
283 360
283 361
283 365
283 366
283 367
283 369
283 370
283 371
283 372
283 377
283 379
283 380
283 387
283 391
283 393
283 396
283 400
283 401
283 402
283 406
283 407
283 409
283 410
283 411
283 413
283 417
283 419
283 424
283 425
283 428
283 429
283 431
283 432
283 433
283 434
283 435
283 436
283 437
283 441
283 442
283 444
283 446
283 448
283 449
283 451
283 453
283 456
283 459
283 464
283 465
283 467
283 468
283 469
283 471
283 473
283 490
283 496
283 497
283 499
284 285
284 286
284 287
284 288
284 289
284 290
284 291
284 292
284 295
284 297
284 299
284 302
284 304
284 305
284 309
284 310
284 313
284 314
284 316
284 318
284 319
284 324
284 326
284 329
284 330
284 333
284 337
284 338
284 339
284 340
284 341
284 342
284 345
284 349
284 350
284 351
284 353
284 357
284 358
284 359
284 365
284 366
284 367
284 368
284 369
284 371
284 372
284 373
284 375
284 376
284 381
284 386
284 389
284 390
284 394
284 395
284 396
284 398
284 399
284 401
284 404
284 408
284 411
284 412
284 413
284 415
284 416
284 418
284 420
284 423
284 426
284 427
284 429
284 430
284 432
284 434
284 435
284 436
284 437
284 438
284 440
284 441
284 442
284 446
284 447
284 448
284 449
284 451
284 455
284 456
284 458
284 460
284 461
284 465
284 471
284 472
284 473
284 475
284 477
284 479
284 481
284 483
284 484
284 485
284 487
284 488
284 489
284 490
284 491
284 492
284 497
285 286
285 287
285 290
285 292
285 294
285 295
285 299
285 300
285 303
285 304
285 305
285 306
285 307
285 308
285 309
285 311
285 312
285 319
285 320
285 322
285 325
285 329
285 335
285 339
285 340
285 342
285 344
285 346
285 348
285 349
285 350
285 352
285 356
285 359
285 360
285 363
285 364
285 365
285 366
285 368
285 370
285 372
285 373
285 376
285 378
285 379
285 380
285 381
285 386
285 387
285 388
285 391
285 392
285 393
285 396
285 397
285 399
285 400
285 405
285 406
285 411
285 412
285 413
285 415
285 416
285 417
285 419
285 420
285 421
285 422
285 426
285 427
285 434
285 437
285 438
285 440
285 444
285 445
285 447
285 451
285 453
285 454
285 456
285 457
285 458
285 459
285 460
285 461
285 462
285 464
285 466
285 469
285 470
285 471
285 474
285 476
285 477
285 483
285 484
285 485
285 487
285 492
285 495
285 497
285 498
286 288
286 290
286 292
286 294
286 297
286 298
286 303
286 304
286 308
286 309
286 312
286 313
286 314
286 316
286 319
286 321
286 323
286 327
286 328
286 330
286 331
286 332
286 334
286 339
286 340
286 343
286 344
286 346
286 347
286 348
286 350
286 351
286 352
286 353
286 354
286 355
286 359
286 361
286 363
286 365
286 366
286 368
286 371
286 372
286 373
286 376
286 382
286 383
286 384
286 385
286 386
286 389
286 390
286 391
286 392
286 393
286 394
286 395
286 396
286 399
286 400
286 401
286 406
286 408
286 409
286 410
286 412
286 415
286 419
286 420
286 421
286 422
286 427
286 428
286 429
286 430
286 431
286 432
286 433
286 435
286 437
286 439
286 441
286 444
286 447
286 448
286 452
286 454
286 455
286 456
286 458
286 460
286 466
286 467
286 472
286 473
286 475
286 476
286 477
286 478
286 479
286 481
286 486
286 489
286 493
286 494
286 495
286 496
286 499
287 288
287 290
287 292
287 294
287 295
287 297
287 300
287 303
287 304
287 306
287 307
287 308
287 309
287 310
287 318
287 323
287 324
287 325
287 327
287 328
287 330
287 333
287 341
287 343
287 344
287 345
287 346
287 348
287 349
287 351
287 354
287 355
287 357
287 358
287 359
287 361
287 362
287 364
287 367
287 370
287 372
287 374
287 375
287 376
287 381
287 383
287 384
287 385
287 387
287 389
287 390
287 391
287 392
287 394
287 395
287 397
287 399
287 401
287 402
287 404
287 406
287 407
287 408
287 409
287 411
287 414
287 418
287 420
287 422
287 425
287 427
287 428
287 430
287 431
287 436
287 437
287 438
287 439
287 442
287 443
287 444
287 446
287 451
287 455
287 456
287 457
287 461
287 462
287 468
287 469
287 472
287 473
287 474
287 475
287 477
287 481
287 482
287 483
287 484
287 486
287 487
287 489
287 491
287 495
287 499
288 289
288 290
288 291
288 292
288 293
288 295
288 296
288 301
288 302
288 303
288 304
288 307
288 308
288 310
288 312
288 317
288 322
288 325
288 327
288 330
288 331
288 333
288 334
288 335
288 338
288 340
288 341
288 343
288 346
288 347
288 352
288 355
288 359
288 360
288 362
288 364
288 366
288 369
288 370
288 374
288 375
288 377
288 378
288 379
288 380
288 381
288 383
288 384
288 386
288 389
288 390
288 397
288 398
288 399
288 400
288 402
288 403
288 404
288 405
288 407
288 408
288 411
288 413
288 414
288 415
288 416
288 419
288 421
288 422
288 424
288 425
288 426
288 428
288 430
288 435
288 438
288 443
288 445
288 447
288 449
288 451
288 454
288 458
288 460
288 464
288 465
288 468
288 470
288 471
288 472
288 473
288 475
288 476
288 479
288 485
288 487
288 491
288 492
288 494
288 495
288 497
288 499
289 290
289 291
289 293
289 294
289 295
289 296
289 297
289 300
289 301
289 302
289 305
289 306
289 308
289 311
289 313
289 315
289 318
289 321
289 323
289 324
289 326
289 329
289 330
289 331
289 333
289 334
289 335
289 336
289 340
289 341
289 342
289 345
289 348
289 349
289 351
289 352
289 357
289 359
289 362
289 364
289 366
289 368
289 370
289 372
289 375
289 376
289 379
289 383
289 384
289 386
289 390
289 391
289 392
289 393
289 394
289 396
289 397
289 398
289 399
289 401
289 404
289 412
289 413
289 414
289 416
289 418
289 419
289 421
289 423
289 424
289 425
289 431
289 434
289 435
289 438
289 442
289 444
289 445
289 446
289 447
289 448
289 450
289 451
289 453
289 454
289 456
289 458
289 459
289 462
289 463
289 464
289 465
289 466
289 468
289 469
289 471
289 472
289 478
289 479
289 486
289 488
289 489
289 491
289 493
289 498
289 499
290 291
290 294
290 300
290 303
290 306
290 308
290 309
290 312
290 313
290 314
290 315
290 316
290 317
290 318
290 321
290 324
290 326
290 327
290 328
290 329
290 330
290 333
290 334
290 335
290 336
290 338
290 339
290 340
290 341
290 343
290 345
290 346
290 349
290 351
290 354
290 355
290 359
290 361
290 362
290 364
290 367
290 368
290 369
290 371
290 372
290 373
290 375
290 376
290 378
290 379
290 380
290 381
290 386
290 388
290 390
290 391
290 392
290 394
290 396
290 397
290 398
290 400
290 403
290 405
290 411
290 416
290 418
290 419
290 421
290 422
290 423
290 424
290 426
290 428
290 429
290 431
290 432
290 433
290 434
290 435
290 437
290 438
290 440
290 442
290 444
290 448
290 452
290 455
290 458
290 461
290 463
290 465
290 466
290 468
290 469
290 471
290 476
290 478
290 479
290 481
290 482
290 483
290 484
290 487
290 489
290 492
290 493
290 499
291 292
291 293
291 296
291 298
291 299
291 305
291 306
291 309
291 310
291 311
291 315
291 317
291 319
291 326
291 327
291 330
291 332
291 333
291 334
291 336
291 338
291 341
291 344
291 348
291 353
291 355
291 356
291 357
291 360
291 361
291 362
291 365
291 366
291 367
291 368
291 369
291 370
291 373
291 374
291 375
291 379
291 381
291 382
291 384
291 386
291 388
291 390
291 391
291 392
291 395
291 399
291 400
291 402
291 403
291 406
291 407
291 408
291 410
291 411
291 412
291 413
291 421
291 422
291 423
291 425
291 428
291 430
291 432
291 434
291 435
291 436
291 440
291 442
291 444
291 445
291 449
291 450
291 454
291 455
291 456
291 457
291 458
291 459
291 460
291 461
291 464
291 465
291 466
291 467
291 468
291 472
291 475
291 479
291 480
291 481
291 482
291 483
291 484
291 486
291 491
291 492
291 493
291 494
291 496
291 497
291 499
292 295
292 296
292 297
292 298
292 299
292 301
292 302
292 306
292 307
292 308
292 311
292 312
292 313
292 314
292 315
292 316
292 317
292 320
292 321
292 323
292 324
292 327
292 328
292 329
292 330
292 331
292 334
292 336
292 337
292 339
292 340
292 342
292 343
292 344
292 350
292 351
292 352
292 353
292 354
292 356
292 357
292 358
292 359
292 365
292 366
292 369
292 370
292 374
292 375
292 377
292 381
292 383
292 384
292 386
292 389
292 390
292 397
292 398
292 404
292 406
292 408
292 409
292 416
292 417
292 419
292 420
292 421
292 425
292 426
292 427
292 431
292 433
292 442
292 444
292 445
292 448
292 450
292 452
292 453
292 454
292 456
292 457
292 458
292 460
292 462
292 463
292 464
292 467
292 469
292 470
292 472
292 473
292 478
292 480
292 483
292 486
292 487
292 488
292 489
292 493
292 497
292 498
292 499
293 294
293 295
293 296
293 298
293 300
293 302
293 303
293 305
293 307
293 308
293 309
293 311
293 316
293 318
293 319
293 320
293 321
293 324
293 325
293 327
293 329
293 331
293 332
293 333
293 334
293 335
293 340
293 346
293 347
293 350
293 351
293 353
293 355
293 356
293 357
293 358
293 359
293 361
293 362
293 363
293 366
293 367
293 368
293 370
293 374
293 375
293 377
293 378
293 381
293 382
293 385
293 389
293 391
293 392
293 395
293 396
293 398
293 399
293 400
293 407
293 408
293 409
293 411
293 412
293 414
293 418
293 419
293 421
293 423
293 424
293 425
293 426
293 430
293 431
293 433
293 436
293 438
293 439
293 441
293 442
293 443
293 444
293 445
293 446
293 448
293 453
293 454
293 458
293 460
293 462
293 463
293 465
293 466
293 468
293 469
293 470
293 473
293 474
293 475
293 476
293 477
293 478
293 479
293 480
293 481
293 482
293 484
293 487
293 489
293 495
293 496
293 498
294 295
294 298
294 299
294 300
294 302
294 304
294 305
294 306
294 307
294 308
294 309
294 314
294 315
294 316
294 318
294 322
294 323
294 324
294 325
294 326
294 331
294 335
294 337
294 339
294 341
294 344
294 345
294 347
294 348
294 350
294 352
294 356
294 359
294 360
294 363
294 366
294 367
294 369
294 370
294 371
294 372
294 374
294 375
294 376
294 380
294 381
294 386
294 388
294 391
294 392
294 393
294 395
294 397
294 400
294 403
294 404
294 405
294 407
294 411
294 412
294 413
294 416
294 418
294 419
294 421
294 422
294 425
294 426
294 427
294 429
294 434
294 435
294 436
294 437
294 440
294 443
294 444
294 446
294 450
294 451
294 452
294 455
294 456
294 458
294 459
294 461
294 462
294 463
294 466
294 468
294 469
294 476
294 478
294 479
294 481
294 483
294 484
294 489
294 490
294 491
294 493
294 494
294 497
294 498
295 296
295 298
295 299
295 302
295 303
295 305
295 306
295 309
295 311
295 314
295 315
295 316
295 319
295 320
295 321
295 322
295 323
295 324
295 326
295 327
295 328
295 331
295 339
295 341
295 346
295 348
295 351
295 352
295 356
295 358
295 359
295 360
295 362
295 364
295 365
295 368
295 369
295 370
295 373
295 374
295 376
295 378
295 381
295 382
295 384
295 386
295 391
295 395
295 396
295 397
295 400
295 401
295 403
295 404
295 406
295 410
295 412
295 413
295 414
295 416
295 417
295 420
295 421
295 422
295 423
295 426
295 427
295 434
295 436
295 437
295 438
295 439
295 440
295 441
295 442
295 445
295 446
295 447
295 448
295 449
295 457
295 459
295 460
295 464
295 465
295 467
295 468
295 471
295 472
295 475
295 476
295 478
295 479
295 480
295 484
295 485
295 487
295 491
295 492
295 494
295 499
296 297
296 298
296 303
296 305
296 307
296 308
296 311
296 314
296 315
296 316
296 317
296 319
296 320
296 323
296 324
296 326
296 327
296 328
296 329
296 330
296 332
296 336
296 337
296 338
296 339
296 342
296 346
296 347
296 349
296 350
296 351
296 353
296 354
296 355
296 356
296 357
296 361
296 362
296 365
296 372
296 378
296 382
296 383
296 384
296 385
296 386
296 387
296 390
296 392
296 395
296 398
296 400
296 401
296 403
296 405
296 406
296 407
296 408
296 413
296 415
296 425
296 428
296 430
296 431
296 432
296 433
296 435
296 436
296 438
296 439
296 440
296 441
296 444
296 445
296 446
296 447
296 452
296 453
296 455
296 456
296 457
296 460
296 461
296 462
296 463
296 464
296 465
296 466
296 470
296 472
296 473
296 474
296 477
296 478
296 479
296 481
296 484
296 486
296 490
296 491
296 494
296 495
296 496
296 497
296 498
296 499
297 299
297 300
297 301
297 304
297 306
297 307
297 309
297 311
297 312
297 313
297 315
297 316
297 319
297 324
297 325
297 329
297 330
297 332
297 333
297 334
297 335
297 336
297 337
297 340
297 341
297 342
297 343
297 349
297 352
297 353
297 354
297 357
297 363
297 364
297 365
297 366
297 367
297 369
297 370
297 372
297 374
297 375
297 376
297 377
297 379
297 380
297 381
297 383
297 385
297 392
297 394
297 395
297 397
297 398
297 403
297 405
297 406
297 407
297 410
297 411
297 412
297 413
297 415
297 416
297 417
297 418
297 421
297 422
297 424
297 425
297 427
297 430
297 431
297 435
297 436
297 438
297 446
297 448
297 452
297 453
297 457
297 460
297 462
297 463
297 464
297 466
297 467
297 468
297 469
297 475
297 476
297 478
297 482
297 485
297 486
297 487
297 489
297 491
297 496
297 499
298 301
298 302
298 303
298 304
298 305
298 306
298 307
298 310
298 311
298 312
298 313
298 318
298 319
298 320
298 321
298 323
298 326
298 327
298 328
298 329
298 330
298 333
298 334
298 339
298 341
298 342
298 343
298 344
298 345
298 347
298 348
298 350
298 351
298 354
298 356
298 357
298 358
298 361
298 364
298 366
298 367
298 368
298 370
298 371
298 372
298 373
298 375
298 376
298 377
298 380
298 383
298 385
298 386
298 390
298 392
298 394
298 395
298 396
298 400
298 402
298 404
298 407
298 412
298 413
298 418
298 419
298 423
298 424
298 425
298 427
298 428
298 431
298 432
298 433
298 434
298 436
298 438
298 439
298 441
298 444
298 447
298 449
298 450
298 451
298 452
298 458
298 461
298 464
298 465
298 470
298 471
298 472
298 475
298 477
298 479
298 480
298 482
298 484
298 486
298 487
298 493
298 494
298 498
299 304
299 305
299 309
299 310
299 316
299 317
299 319
299 322
299 323
299 326
299 327
299 328
299 329
299 332
299 333
299 335
299 336
299 338
299 342
299 343
299 345
299 347
299 348
299 350
299 351
299 353
299 354
299 355
299 356
299 357
299 362
299 364
299 367
299 369
299 371
299 372
299 373
299 375
299 376
299 377
299 380
299 381
299 385
299 386
299 389
299 390
299 394
299 397
299 399
299 402
299 405
299 407
299 416
299 418
299 419
299 420
299 422
299 423
299 424
299 427
299 430
299 431
299 432
299 434
299 435
299 437
299 440
299 441
299 442
299 443
299 444
299 445
299 447
299 448
299 451
299 452
299 457
299 458
299 464
299 466
299 467
299 468
299 472
299 474
299 476
299 477
299 478
299 484
299 487
299 490
299 491
299 492
299 495
299 497
300 301
300 302
300 303
300 304
300 306
300 311
300 312
300 314
300 315
300 316
300 317
300 320
300 321
300 331
300 335
300 336
300 341
300 344
300 346
300 347
300 351
300 352
300 353
300 356
300 360
300 361
300 363
300 364
300 365
300 367
300 369
300 370
300 372
300 373
300 374
300 375
300 376
300 377
300 378
300 379
300 387
300 388
300 390
300 391
300 395
300 399
300 400
300 401
300 402
300 403
300 404
300 405
300 411
300 412
300 414
300 418
300 420
300 422
300 423
300 427
300 428
300 430
300 434
300 440
300 441
300 444
300 446
300 447
300 449
300 451
300 452
300 459
300 460
300 462
300 464
300 466
300 467
300 468
300 469
300 471
300 472
300 475
300 477
300 479
300 483
300 484
300 485
300 489
300 490
300 496
300 498
300 499
301 302
301 308
301 310
301 312
301 313
301 315
301 318
301 322
301 325
301 328
301 331
301 335
301 339
301 341
301 343
301 345
301 347
301 348
301 353
301 355
301 359
301 362
301 365
301 366
301 367
301 368
301 369
301 370
301 374
301 378
301 379
301 380
301 382
301 383
301 385
301 391
301 392
301 393
301 396
301 397
301 400
301 402
301 404
301 405
301 406
301 407
301 408
301 409
301 410
301 412
301 413
301 415
301 416
301 418
301 420
301 424
301 425
301 428
301 429
301 431
301 435
301 438
301 439
301 442
301 444
301 446
301 448
301 451
301 452
301 453
301 455
301 459
301 460
301 461
301 462
301 463
301 464
301 466
301 467
301 470
301 471
301 477
301 482
301 483
301 484
301 485
301 486
301 487
301 489
301 492
301 495
301 496
301 498
301 499
302 305
302 307
302 308
302 314
302 316
302 321
302 322
302 323
302 324
302 325
302 326
302 332
302 333
302 335
302 338
302 339
302 341
302 342
302 344
302 345
302 346
302 348
302 349
302 352
302 353
302 354
302 355
302 356
302 359
302 361
302 362
302 366
302 369
302 370
302 372
302 374
302 376
302 380
302 381
302 383
302 384
302 385
302 386
302 389
302 393
302 397
302 399
302 400
302 401
302 402
302 403
302 405
302 407
302 410
302 412
302 413
302 415
302 419
302 424
302 425
302 428
302 429
302 430
302 431
302 432
302 433
302 435
302 437
302 439
302 448
302 452
302 454
302 455
302 457
302 463
302 466
302 467
302 470
302 472
302 475
302 477
302 478
302 480
302 481
302 483
302 486
302 487
302 488
302 490
302 492
302 495
302 497
302 498
302 499
303 310
303 312
303 314
303 316
303 317
303 321
303 323
303 324
303 325
303 327
303 331
303 333
303 334
303 338
303 339
303 340
303 342
303 344
303 347
303 348
303 349
303 351
303 352
303 353
303 354
303 355
303 356
303 357
303 359
303 360
303 361
303 365
303 367
303 369
303 370
303 377
303 379
303 380
303 382
303 386
303 387
303 389
303 390
303 391
303 394
303 395
303 396
303 398
303 403
303 405
303 408
303 409
303 410
303 414
303 415
303 418
303 422
303 430
303 435
303 436
303 437
303 438
303 441
303 442
303 443
303 444
303 447
303 448
303 451
303 452
303 453
303 454
303 456
303 457
303 458
303 461
303 462
303 463
303 465
303 466
303 467
303 471
303 473
303 475
303 476
303 478
303 481
303 482
303 483
303 484
303 485
303 490
303 494
303 496
304 305
304 313
304 314
304 315
304 316
304 317
304 318
304 319
304 321
304 323
304 327
304 333
304 334
304 337
304 338
304 342
304 343
304 344
304 345
304 347
304 348
304 349
304 350
304 354
304 356
304 358
304 364
304 365
304 369
304 371
304 372
304 373
304 374
304 376
304 377
304 379
304 380
304 384
304 387
304 388
304 389
304 390
304 395
304 396
304 397
304 398
304 399
304 400
304 403
304 407
304 408
304 409
304 410
304 413
304 416
304 417
304 420
304 422
304 424
304 425
304 428
304 430
304 432
304 433
304 434
304 438
304 439
304 440
304 441
304 443
304 444
304 450
304 454
304 458
304 459
304 462
304 465
304 467
304 471
304 473
304 475
304 478
304 480
304 481
304 483
304 484
304 485
304 487
304 489
304 491
304 493
304 494
304 495
304 496
304 497
304 499
305 308
305 309
305 311
305 312
305 314
305 316
305 317
305 319
305 320
305 322
305 323
305 325
305 326
305 327
305 328
305 329
305 330
305 331
305 332
305 333
305 334
305 336
305 342
305 343
305 344
305 345
305 348
305 349
305 350
305 352
305 355
305 356
305 357
305 360
305 365
305 368
305 370
305 372
305 374
305 376
305 378
305 381
305 383
305 385
305 387
305 392
305 393
305 394
305 396
305 397
305 398
305 399
305 401
305 402
305 407
305 409
305 410
305 415
305 417
305 420
305 423
305 425
305 430
305 431
305 433
305 435
305 436
305 438
305 439
305 443
305 444
305 446
305 448
305 449
305 450
305 451
305 452
305 456
305 457
305 459
305 460
305 462
305 463
305 465
305 467
305 468
305 470
305 472
305 474
305 475
305 476
305 477
305 478
305 481
305 485
305 486
305 488
305 489
305 490
305 491
305 493
305 494
305 495
305 496
305 497
305 498
306 308
306 310
306 311
306 312
306 314
306 317
306 318
306 320
306 322
306 323
306 325
306 326
306 327
306 328
306 329
306 330
306 333
306 334
306 337
306 342
306 343
306 349
306 351
306 353
306 354
306 358
306 359
306 361
306 362
306 364
306 367
306 369
306 370
306 371
306 372
306 375
306 376
306 377
306 381
306 383
306 384
306 385
306 386
306 387
306 388
306 389
306 390
306 392
306 394
306 395
306 396
306 397
306 402
306 403
306 405
306 407
306 408
306 411
306 412
306 413
306 414
306 415
306 416
306 418
306 419
306 422
306 425
306 426
306 428
306 429
306 430
306 431
306 433
306 437
306 441
306 442
306 445
306 446
306 447
306 449
306 452
306 453
306 454
306 459
306 460
306 463
306 464
306 466
306 467
306 468
306 470
306 471
306 472
306 473
306 477
306 480
306 483
306 484
306 485
306 486
306 490
306 493
306 497
306 498
306 499
307 308
307 314
307 317
307 318
307 319
307 321
307 324
307 326
307 330
307 331
307 332
307 333
307 337
307 338
307 342
307 343
307 345
307 346
307 352
307 353
307 354
307 357
307 359
307 361
307 363
307 364
307 365
307 366
307 367
307 370
307 371
307 374
307 375
307 378
307 380
307 381
307 383
307 385
307 388
307 389
307 390
307 392
307 396
307 397
307 398
307 400
307 402
307 403
307 404
307 405
307 406
307 408
307 409
307 411
307 412
307 413
307 419
307 421
307 423
307 424
307 425
307 426
307 427
307 430
307 431
307 434
307 435
307 436
307 437
307 438
307 442
307 443
307 444
307 445
307 446
307 448
307 450
307 451
307 453
307 456
307 460
307 461
307 462
307 463
307 464
307 465
307 466
307 467
307 471
307 472
307 474
307 475
307 477
307 480
307 481
307 484
307 487
307 488
307 489
307 493
307 496
308 309
308 310
308 311
308 312
308 315
308 319
308 323
308 324
308 325
308 326
308 329
308 330
308 332
308 334
308 337
308 339
308 340
308 341
308 346
308 353
308 354
308 357
308 358
308 361
308 362
308 364
308 365
308 366
308 368
308 372
308 374
308 375
308 376
308 378
308 379
308 381
308 382
308 383
308 387
308 388
308 389
308 390
308 392
308 393
308 395
308 396
308 397
308 399
308 400
308 402
308 403
308 405
308 406
308 408
308 409
308 413
308 415
308 416
308 419
308 424
308 426
308 427
308 433
308 434
308 435
308 437
308 440
308 441
308 442
308 443
308 444
308 445
308 447
308 450
308 451
308 452
308 453
308 454
308 459
308 462
308 464
308 467
308 468
308 469
308 472
308 473
308 476
308 477
308 481
308 482
308 483
308 484
308 486
308 488
308 489
308 490
308 492
308 494
308 495
308 498
308 499
309 312
309 320
309 324
309 326
309 327
309 329
309 332
309 336
309 337
309 338
309 342
309 343
309 347
309 348
309 350
309 353
309 356
309 358
309 359
309 362
309 363
309 364
309 365
309 366
309 368
309 370
309 371
309 372
309 373
309 374
309 375
309 379
309 380
309 381
309 382
309 383
309 385
309 386
309 387
309 388
309 389
309 391
309 392
309 394
309 395
309 396
309 401
309 402
309 403
309 406
309 409
309 410
309 411
309 413
309 414
309 417
309 419
309 420
309 421
309 422
309 425
309 426
309 428
309 431
309 434
309 435
309 438
309 439
309 441
309 442
309 444
309 445
309 447
309 449
309 450
309 453
309 455
309 456
309 458
309 460
309 462
309 465
309 466
309 467
309 469
309 472
309 474
309 475
309 477
309 478
309 480
309 481
309 482
309 485
309 488
309 489
309 491
309 493
309 494
309 495
309 497
309 498
310 312
310 314
310 315
310 317
310 320
310 321
310 322
310 327
310 328
310 329
310 330
310 331
310 333
310 335
310 337
310 338
310 340
310 342
310 343
310 349
310 350
310 353
310 354
310 355
310 359
310 361
310 364
310 368
310 369
310 370
310 371
310 372
310 373
310 374
310 375
310 381
310 383
310 384
310 386
310 387
310 391
310 392
310 394
310 395
310 396
310 404
310 410
310 412
310 413
310 414
310 417
310 418
310 419
310 421
310 424
310 425
310 426
310 427
310 430
310 431
310 432
310 436
310 437
310 438
310 439
310 440
310 445
310 450
310 452
310 455
310 460
310 462
310 464
310 465
310 466
310 467
310 469
310 472
310 473
310 475
310 476
310 477
310 478
310 480
310 481
310 482
310 483
310 485
310 486
310 487
310 488
310 491
310 495
310 496
310 498
310 499
311 312
311 313
311 315
311 318
311 319
311 320
311 321
311 322
311 325
311 329
311 330
311 331
311 335
311 336
311 337
311 338
311 339
311 341
311 346
311 347
311 348
311 349
311 350
311 351
311 357
311 358
311 359
311 360
311 361
311 369
311 371
311 374
311 375
311 376
311 378
311 381
311 382
311 384
311 385
311 388
311 390
311 391
311 393
311 398
311 400
311 401
311 407
311 408
311 411
311 412
311 413
311 416
311 419
311 421
311 422
311 423
311 424
311 426
311 427
311 428
311 432
311 433
311 434
311 435
311 436
311 438
311 440
311 441
311 444
311 445
311 453
311 454
311 455
311 456
311 457
311 462
311 464
311 466
311 467
311 469
311 470
311 474
311 480
311 481
311 484
311 486
311 489
311 492
311 494
311 496
312 313
312 314
312 315
312 318
312 319
312 320
312 323
312 326
312 327
312 328
312 331
312 332
312 333
312 334
312 335
312 336
312 342
312 343
312 344
312 346
312 347
312 349
312 353
312 354
312 355
312 358
312 360
312 361
312 364
312 367
312 369
312 371
312 372
312 377
312 379
312 381
312 384
312 386
312 387
312 392
312 394
312 396
312 399
312 401
312 402
312 404
312 405
312 406
312 407
312 408
312 410
312 412
312 414
312 416
312 417
312 418
312 419
312 424
312 426
312 427
312 428
312 429
312 431
312 433
312 435
312 437
312 438
312 439
312 442
312 443
312 444
312 446
312 448
312 449
312 453
312 454
312 455
312 456
312 457
312 459
312 460
312 461
312 462
312 463
312 466
312 469
312 471
312 473
312 476
312 477
312 479
312 481
312 482
312 483
312 484
312 491
312 494
312 497
312 498
313 318
313 319
313 323
313 324
313 325
313 326
313 327
313 329
313 330
313 332
313 333
313 334
313 336
313 339
313 340
313 343
313 344
313 345
313 347
313 350
313 351
313 354
313 357
313 358
313 361
313 365
313 369
313 379
313 380
313 382
313 386
313 387
313 389
313 390
313 392
313 396
313 397
313 400
313 405
313 406
313 407
313 411
313 413
313 415
313 417
313 418
313 419
313 420
313 422
313 423
313 425
313 426
313 429
313 430
313 431
313 432
313 433
313 434
313 435
313 436
313 438
313 440
313 443
313 444
313 445
313 446
313 447
313 450
313 451
313 452
313 453
313 454
313 455
313 457
313 459
313 461
313 462
313 463
313 468
313 469
313 472
313 474
313 476
313 477
313 479
313 480
313 482
313 485
313 486
313 491
313 494
313 495
313 496
313 498
313 499
314 315
314 318
314 320
314 321
314 323
314 324
314 329
314 330
314 331
314 332
314 335
314 336
314 337
314 341
314 343
314 344
314 346
314 348
314 349
314 350
314 354
314 356
314 357
314 361
314 365
314 367
314 370
314 372
314 374
314 378
314 381
314 385
314 388
314 391
314 392
314 393
314 394
314 396
314 399
314 401
314 402
314 405
314 407
314 408
314 413
314 414
314 419
314 420
314 421
314 422
314 423
314 427
314 428
314 429
314 432
314 433
314 435
314 436
314 438
314 441
314 442
314 443
314 444
314 446
314 449
314 450
314 451
314 453
314 454
314 457
314 458
314 461
314 462
314 463
314 464
314 466
314 470
314 473
314 475
314 476
314 479
314 480
314 482
314 483
314 486
314 487
314 489
314 491
314 494
314 496
314 498
314 499
315 316
315 317
315 318
315 319
315 321
315 325
315 328
315 329
315 330
315 333
315 335
315 336
315 337
315 339
315 342
315 344
315 346
315 349
315 350
315 351
315 352
315 354
315 355
315 357
315 358
315 362
315 363
315 368
315 369
315 371
315 372
315 373
315 380
315 382
315 383
315 387
315 388
315 389
315 392
315 394
315 399
315 401
315 407
315 408
315 414
315 415
315 417
315 420
315 421
315 423
315 427
315 428
315 429
315 432
315 433
315 435
315 436
315 439
315 440
315 441
315 442
315 443
315 446
315 447
315 449
315 450
315 451
315 452
315 453
315 455
315 460
315 465
315 466
315 468
315 470
315 471
315 474
315 476
315 479
315 481
315 484
315 485
315 487
315 488
315 491
315 494
315 495
315 497
315 499
316 317
316 322
316 323
316 324
316 325
316 326
316 327
316 332
316 334
316 337
316 339
316 345
316 346
316 350
316 351
316 352
316 353
316 356
316 357
316 358
316 360
316 361
316 363
316 365
316 367
316 370
316 372
316 376
316 378
316 379
316 381
316 382
316 383
316 387
316 388
316 390
316 392
316 393
316 395
316 399
316 402
316 404
316 406
316 408
316 410
316 413
316 414
316 416
316 417
316 418
316 420
316 421
316 422
316 423
316 424
316 425
316 427
316 429
316 433
316 434
316 435
316 437
316 439
316 440
316 441
316 442
316 443
316 445
316 447
316 448
316 449
316 454
316 455
316 456
316 458
316 461
316 462
316 463
316 467
316 468
316 469
316 470
316 471
316 476
316 477
316 479
316 480
316 481
316 482
316 483
316 485
316 488
316 490
316 491
316 494
316 495
316 497
316 499
317 319
317 320
317 321
317 323
317 327
317 329
317 330
317 333
317 339
317 341
317 342
317 344
317 345
317 346
317 349
317 351
317 352
317 353
317 358
317 363
317 364
317 365
317 366
317 369
317 372
317 374
317 375
317 378
317 379
317 380
317 382
317 384
317 386
317 388
317 390
317 391
317 395
317 397
317 398
317 399
317 400
317 403
317 405
317 406
317 411
317 412
317 413
317 415
317 416
317 418
317 419
317 422
317 423
317 428
317 431
317 433
317 435
317 437
317 440
317 441
317 443
317 444
317 445
317 447
317 450
317 452
317 453
317 456
317 458
317 459
317 461
317 469
317 471
317 473
317 474
317 476
317 477
317 478
317 479
317 480
317 481
317 482
317 487
317 490
317 491
317 493
317 495
317 497
318 319
318 321
318 323
318 324
318 325
318 326
318 327
318 331
318 333
318 334
318 335
318 338
318 339
318 340
318 342
318 344
318 346
318 348
318 349
318 350
318 353
318 354
318 357
318 359
318 360
318 361
318 362
318 363
318 367
318 372
318 375
318 385
318 386
318 387
318 388
318 390
318 391
318 394
318 395
318 396
318 397
318 399
318 400
318 401
318 403
318 404
318 405
318 407
318 408
318 410
318 412
318 413
318 416
318 417
318 419
318 420
318 421
318 422
318 423
318 429
318 430
318 431
318 433
318 436
318 437
318 439
318 440
318 442
318 445
318 447
318 449
318 450
318 451
318 452
318 454
318 456
318 457
318 458
318 459
318 462
318 464
318 465
318 466
318 469
318 471
318 472
318 473
318 476
318 477
318 478
318 479
318 480
318 482
318 487
318 488
318 489
318 490
318 491
318 494
318 497
319 320
319 321
319 323
319 325
319 326
319 329
319 330
319 331
319 332
319 334
319 335
319 336
319 337
319 338
319 340
319 341
319 344
319 348
319 350
319 352
319 356
319 358
319 360
319 362
319 365
319 367
319 368
319 371
319 374
319 377
319 378
319 379
319 381
319 384
319 385
319 387
319 389
319 390
319 394
319 395
319 396
319 399
319 401
319 402
319 405
319 409
319 410
319 411
319 412
319 414
319 418
319 419
319 421
319 425
319 426
319 427
319 428
319 430
319 431
319 433
319 437
319 438
319 442
319 443
319 444
319 446
319 447
319 449
319 451
319 452
319 453
319 455
319 459
319 460
319 462
319 468
319 471
319 472
319 474
319 475
319 476
319 478
319 483
319 484
319 485
319 486
319 490
319 492
319 494
319 495
319 496
320 321
320 327
320 328
320 331
320 332
320 333
320 334
320 336
320 337
320 338
320 339
320 340
320 342
320 343
320 344
320 347
320 353
320 354
320 355
320 357
320 358
320 360
320 361
320 366
320 368
320 371
320 376
320 379
320 381
320 385
320 386
320 387
320 388
320 392
320 394
320 397
320 401
320 402
320 405
320 409
320 412
320 413
320 414
320 417
320 418
320 420
320 422
320 423
320 424
320 426
320 428
320 429
320 431
320 433
320 434
320 435
320 436
320 437
320 438
320 439
320 442
320 443
320 447
320 449
320 453
320 454
320 455
320 456
320 463
320 464
320 466
320 468
320 471
320 475
320 476
320 482
320 484
320 486
320 488
320 494
320 496
320 497
320 498
321 322
321 323
321 325
321 326
321 327
321 328
321 329
321 330
321 331
321 333
321 335
321 337
321 338
321 342
321 352
321 354
321 358
321 359
321 360
321 361
321 362
321 365
321 368
321 372
321 374
321 378
321 379
321 383
321 388
321 389
321 390
321 391
321 395
321 398
321 399
321 404
321 405
321 406
321 409
321 410
321 411
321 412
321 414
321 419
321 420
321 421
321 426
321 427
321 429
321 431
321 432
321 438
321 442
321 445
321 446
321 448
321 451
321 452
321 456
321 457
321 458
321 460
321 462
321 464
321 465
321 468
321 470
321 471
321 472
321 473
321 474
321 476
321 480
321 481
321 484
321 487
321 488
321 490
321 493
321 497
321 498
321 499
322 323
322 325
322 328
322 329
322 340
322 344
322 347
322 349
322 352
322 353
322 354
322 355
322 356
322 357
322 358
322 360
322 362
322 363
322 364
322 366
322 367
322 369
322 375
322 377
322 378
322 379
322 381
322 382
322 386
322 387
322 388
322 389
322 391
322 392
322 393
322 394
322 395
322 397
322 398
322 399
322 400
322 402
322 406
322 408
322 411
322 412
322 413
322 415
322 416
322 417
322 419
322 422
322 427
322 430
322 431
322 432
322 437
322 438
322 439
322 441
322 442
322 443
322 444
322 446
322 448
322 449
322 450
322 451
322 452
322 453
322 455
322 456
322 459
322 462
322 464
322 468
322 470
322 471
322 472
322 474
322 475
322 476
322 477
322 478
322 480
322 481
322 483
322 487
322 488
322 490
322 491
322 494
322 496
322 497
323 324
323 325
323 326
323 327
323 335
323 338
323 339
323 341
323 342
323 346
323 348
323 349
323 351
323 352
323 354
323 356
323 358
323 360
323 361
323 363
323 364
323 365
323 366
323 367
323 368
323 369
323 370
323 376
323 378
323 380
323 381
323 382
323 384
323 385
323 386
323 388
323 389
323 392
323 393
323 394
323 395
323 396
323 397
323 399
323 401
323 406
323 407
323 408
323 409
323 410
323 411
323 412
323 413
323 414
323 415
323 416
323 417
323 419
323 420
323 421
323 422
323 423
323 424
323 426
323 430
323 431
323 438
323 441
323 443
323 444
323 445
323 447
323 451
323 455
323 457
323 458
323 460
323 462
323 463
323 464
323 465
323 466
323 470
323 473
323 474
323 478
323 479
323 480
323 481
323 484
323 490
323 491
323 493
323 495
323 499
324 326
324 329
324 333
324 335
324 338
324 339
324 340
324 344
324 345
324 347
324 349
324 350
324 353
324 356
324 357
324 358
324 360
324 361
324 363
324 364
324 365
324 366
324 367
324 368
324 369
324 370
324 371
324 373
324 377
324 378
324 379
324 380
324 383
324 384
324 388
324 392
324 394
324 396
324 398
324 399
324 400
324 402
324 407
324 408
324 410
324 411
324 412
324 416
324 418
324 421
324 422
324 427
324 428
324 430
324 432
324 433
324 436
324 437
324 440
324 443
324 444
324 445
324 446
324 450
324 453
324 454
324 456
324 457
324 459
324 462
324 463
324 464
324 466
324 467
324 468
324 469
324 470
324 471
324 472
324 473
324 476
324 477
324 478
324 480
324 483
324 485
324 486
324 488
324 489
324 494
324 496
324 497
324 499
325 331
325 334
325 335
325 336
325 337
325 341
325 342
325 343
325 349
325 352
325 355
325 358
325 359
325 361
325 365
325 366
325 369
325 370
325 374
325 376
325 377
325 378
325 379
325 380
325 381
325 384
325 385
325 387
325 388
325 389
325 390
325 393
325 395
325 398
325 399
325 400
325 402
325 405
325 406
325 409
325 410
325 411
325 414
325 416
325 419
325 421
325 423
325 424
325 425
325 427
325 429
325 434
325 435
325 437
325 438
325 439
325 440
325 443
325 444
325 445
325 447
325 449
325 451
325 452
325 460
325 461
325 463
325 464
325 465
325 467
325 471
325 474
325 476
325 477
325 478
325 479
325 481
325 484
325 486
325 487
325 490
325 491
325 496
325 497
325 498
325 499
326 329
326 330
326 331
326 332
326 333
326 334
326 337
326 344
326 345
326 347
326 350
326 351
326 352
326 356
326 359
326 362
326 364
326 366
326 369
326 372
326 373
326 374
326 375
326 377
326 379
326 381
326 382
326 383
326 385
326 386
326 387
326 388
326 389
326 390
326 392
326 396
326 398
326 399
326 402
326 403
326 406
326 407
326 408
326 409
326 410
326 411
326 414
326 417
326 420
326 421
326 422
326 423
326 424
326 425
326 427
326 428
326 429
326 434
326 435
326 438
326 440
326 442
326 443
326 444
326 448
326 449
326 451
326 453
326 454
326 456
326 457
326 458
326 460
326 461
326 463
326 465
326 469
326 470
326 472
326 473
326 476
326 479
326 481
326 483
326 485
326 486
326 488
326 489
326 494
326 497
326 499
327 328
327 329
327 330
327 331
327 333
327 336
327 338
327 339
327 342
327 346
327 347
327 348
327 349
327 350
327 352
327 353
327 354
327 358
327 359
327 364
327 365
327 366
327 367
327 369
327 372
327 374
327 375
327 378
327 379
327 380
327 382
327 384
327 385
327 391
327 392
327 393
327 394
327 398
327 399
327 402
327 403
327 405
327 406
327 407
327 408
327 413
327 414
327 416
327 418
327 420
327 425
327 427
327 429
327 435
327 436
327 440
327 442
327 443
327 444
327 445
327 447
327 448
327 449
327 450
327 451
327 455
327 456
327 457
327 461
327 465
327 468
327 469
327 470
327 472
327 473
327 474
327 477
327 480
327 484
327 485
327 488
327 492
327 498
327 499
328 329
328 331
328 333
328 335
328 337
328 339
328 341
328 342
328 343
328 344
328 347
328 349
328 350
328 354
328 355
328 356
328 360
328 361
328 362
328 365
328 369
328 370
328 373
328 375
328 378
328 379
328 383
328 384
328 385
328 387
328 390
328 391
328 393
328 398
328 399
328 400
328 405
328 406
328 408
328 410
328 411
328 413
328 416
328 417
328 419
328 420
328 421
328 423
328 425
328 427
328 428
328 429
328 433
328 436
328 439
328 441
328 442
328 444
328 445
328 446
328 451
328 453
328 454
328 457
328 459
328 461
328 464
328 466
328 467
328 469
328 470
328 472
328 474
328 476
328 479
328 480
328 482
328 486
328 487
328 491
328 492
328 495
328 496
328 497
328 499
329 330
329 331
329 333
329 334
329 335
329 338
329 339
329 345
329 346
329 348
329 349
329 350
329 351
329 352
329 353
329 355
329 356
329 359
329 361
329 362
329 364
329 367
329 368
329 369
329 370
329 371
329 372
329 373
329 374
329 377
329 380
329 382
329 383
329 384
329 385
329 388
329 389
329 391
329 395
329 398
329 399
329 400
329 401
329 404
329 406
329 408
329 409
329 411
329 412
329 414
329 415
329 416
329 418
329 419
329 421
329 429
329 431
329 432
329 436
329 437
329 439
329 441
329 442
329 444
329 446
329 449
329 452
329 459
329 462
329 464
329 465
329 468
329 469
329 472
329 473
329 477
329 481
329 482
329 483
329 484
329 485
329 487
329 490
329 492
329 493
329 495
329 496
329 499
330 331
330 332
330 335
330 336
330 338
330 341
330 342
330 343
330 347
330 348
330 349
330 350
330 352
330 355
330 358
330 360
330 362
330 363
330 366
330 367
330 368
330 370
330 371
330 374
330 376
330 377
330 381
330 382
330 383
330 390
330 393
330 395
330 396
330 404
330 405
330 410
330 416
330 417
330 418
330 420
330 422
330 425
330 426
330 431
330 433
330 434
330 435
330 436
330 437
330 439
330 440
330 444
330 448
330 451
330 452
330 454
330 458
330 464
330 468
330 472
330 474
330 477
330 478
330 481
330 482
330 485
330 487
330 490
330 491
330 493
330 495
330 498
331 333
331 334
331 335
331 336
331 337
331 339
331 341
331 344
331 345
331 346
331 348
331 349
331 350
331 354
331 357
331 358
331 359
331 360
331 363
331 365
331 367
331 370
331 372
331 373
331 374
331 377
331 379
331 380
331 381
331 383
331 384
331 385
331 386
331 390
331 392
331 394
331 395
331 396
331 399
331 401
331 402
331 404
331 409
331 413
331 415
331 416
331 417
331 420
331 421
331 424
331 428
331 431
331 434
331 436
331 442
331 443
331 444
331 447
331 448
331 449
331 450
331 452
331 456
331 460
331 462
331 465
331 467
331 468
331 470
331 471
331 473
331 475
331 476
331 477
331 478
331 479
331 481
331 483
331 485
331 486
331 487
331 488
331 489
331 496
331 497
331 498
332 333
332 336
332 337
332 338
332 340
332 343
332 347
332 348
332 349
332 350
332 351
332 359
332 360
332 364
332 365
332 367
332 368
332 371
332 372
332 373
332 374
332 376
332 377
332 379
332 384
332 386
332 387
332 389
332 390
332 391
332 394
332 395
332 396
332 397
332 400
332 401
332 402
332 404
332 405
332 409
332 411
332 416
332 417
332 418
332 419
332 420
332 421
332 422
332 426
332 430
332 433
332 435
332 436
332 438
332 439
332 440
332 441
332 444
332 445
332 446
332 447
332 450
332 451
332 452
332 455
332 459
332 462
332 463
332 464
332 465
332 466
332 467
332 469
332 471
332 472
332 473
332 474
332 476
332 477
332 478
332 485
332 487
332 488
332 489
332 492
332 493
332 496
332 497
332 498
332 499
333 336
333 339
333 340
333 343
333 348
333 349
333 352
333 355
333 359
333 361
333 363
333 365
333 367
333 368
333 369
333 373
333 375
333 376
333 377
333 383
333 385
333 386
333 390
333 391
333 393
333 396
333 397
333 398
333 399
333 400
333 401
333 403
333 405
333 406
333 407
333 410
333 413
333 415
333 418
333 420
333 427
333 428
333 429
333 430
333 431
333 433
333 434
333 441
333 445
333 447
333 452
333 453
333 455
333 458
333 463
333 465
333 466
333 470
333 471
333 472
333 473
333 478
333 479
333 485
333 486
333 487
333 489
333 490
333 491
333 493
333 494
333 498
333 499
334 336
334 337
334 338
334 340
334 343
334 344
334 345
334 346
334 347
334 349
334 354
334 358
334 362
334 363
334 366
334 368
334 370
334 371
334 373
334 374
334 380
334 382
334 383
334 385
334 386
334 387
334 390
334 391
334 392
334 393
334 394
334 397
334 398
334 399
334 403
334 404
334 407
334 408
334 420
334 421
334 424
334 426
334 427
334 428
334 431
334 432
334 435
334 436
334 437
334 438
334 440
334 441
334 443
334 444
334 445
334 447
334 449
334 450
334 451
334 453
334 455
334 457
334 458
334 459
334 460
334 461
334 462
334 470
334 472
334 473
334 481
334 483
334 491
334 493
334 494
334 495
334 497
335 336
335 338
335 339
335 352
335 356
335 357
335 359
335 360
335 366
335 367
335 369
335 370
335 374
335 376
335 380
335 382
335 383
335 384
335 385
335 386
335 389
335 392
335 398
335 403
335 406
335 407
335 410
335 412
335 414
335 415
335 417
335 418
335 420
335 423
335 426
335 430
335 431
335 433
335 436
335 438
335 440
335 441
335 442
335 443
335 447
335 448
335 451
335 452
335 453
335 456
335 457
335 460
335 462
335 463
335 471
335 472
335 475
335 476
335 477
335 485
335 490
335 491
335 493
335 494
335 495
335 497
336 338
336 339
336 341
336 345
336 348
336 349
336 351
336 352
336 353
336 354
336 355
336 356
336 360
336 362
336 364
336 370
336 372
336 375
336 376
336 379
336 383
336 385
336 390
336 391
336 392
336 393
336 396
336 397
336 398
336 400
336 402
336 403
336 404
336 405
336 406
336 407
336 410
336 412
336 415
336 419
336 420
336 422
336 423
336 424
336 426
336 427
336 429
336 432
336 433
336 434
336 435
336 437
336 439
336 440
336 441
336 442
336 444
336 446
336 447
336 448
336 449
336 450
336 451
336 453
336 455
336 456
336 457
336 459
336 460
336 461
336 464
336 465
336 466
336 467
336 468
336 469
336 470
336 471
336 472
336 473
336 475
336 481
336 484
336 485
336 487
336 492
336 495
336 496
336 499
337 338
337 340
337 341
337 342
337 343
337 347
337 348
337 349
337 350
337 352
337 355
337 356
337 358
337 359
337 360
337 362
337 363
337 365
337 367
337 368
337 371
337 374
337 377
337 379
337 382
337 384
337 388
337 390
337 391
337 394
337 395
337 399
337 402
337 403
337 405
337 407
337 408
337 410
337 412
337 413
337 415
337 416
337 420
337 421
337 422
337 424
337 425
337 427
337 430
337 431
337 433
337 434
337 437
337 438
337 440
337 443
337 444
337 446
337 447
337 449
337 450
337 451
337 452
337 453
337 457
337 458
337 461
337 464
337 465
337 466
337 467
337 468
337 469
337 470
337 476
337 478
337 479
337 481
337 484
337 485
337 486
337 487
337 488
337 489
337 490
337 492
337 493
337 494
337 495
337 497
337 498
337 499
338 340
338 342
338 343
338 345
338 349
338 351
338 354
338 356
338 358
338 366
338 368
338 369
338 373
338 375
338 378
338 379
338 380
338 382
338 384
338 386
338 387
338 388
338 390
338 391
338 394
338 395
338 396
338 397
338 400
338 401
338 402
338 406
338 409
338 411
338 416
338 419
338 420
338 421
338 426
338 427
338 428
338 429
338 430
338 431
338 436
338 437
338 439
338 440
338 441
338 442
338 443
338 444
338 446
338 450
338 453
338 454
338 455
338 456
338 457
338 458
338 463
338 464
338 466
338 467
338 468
338 469
338 471
338 472
338 474
338 475
338 476
338 478
338 482
338 483
338 484
338 485
338 489
338 492
338 494
338 496
338 499
339 341
339 342
339 344
339 345
339 346
339 347
339 350
339 351
339 352
339 353
339 354
339 355
339 359
339 361
339 362
339 363
339 365
339 366
339 367
339 370
339 372
339 375
339 376
339 377
339 378
339 379
339 380
339 381
339 384
339 387
339 388
339 390
339 392
339 393
339 395
339 396
339 398
339 400
339 401
339 402
339 403
339 406
339 408
339 409
339 410
339 414
339 418
339 421
339 425
339 427
339 428
339 430
339 431
339 435
339 436
339 437
339 438
339 441
339 444
339 446
339 447
339 451
339 452
339 456
339 457
339 458
339 460
339 462
339 463
339 465
339 467
339 469
339 470
339 472
339 474
339 476
339 477
339 478
339 479
339 480
339 481
339 482
339 483
339 484
339 486
339 488
339 492
339 494
339 498
339 499
340 341
340 343
340 345
340 348
340 349
340 350
340 352
340 354
340 356
340 362
340 366
340 367
340 370
340 372
340 373
340 378
340 379
340 380
340 381
340 382
340 384
340 389
340 391
340 392
340 395
340 399
340 401
340 402
340 403
340 404
340 407
340 408
340 409
340 414
340 415
340 416
340 417
340 418
340 420
340 421
340 422
340 424
340 425
340 428
340 431
340 432
340 435
340 436
340 437
340 440
340 444
340 446
340 447
340 448
340 449
340 453
340 454
340 456
340 457
340 459
340 462
340 463
340 464
340 465
340 466
340 469
340 470
340 471
340 473
340 474
340 476
340 477
340 478
340 479
340 480
340 482
340 483
340 485
340 488
340 490
340 493
340 494
340 496
340 497
340 499
341 342
341 343
341 346
341 347
341 351
341 353
341 354
341 355
341 358
341 359
341 360
341 361
341 364
341 371
341 372
341 375
341 376
341 379
341 380
341 381
341 383
341 387
341 391
341 392
341 395
341 396
341 398
341 399
341 400
341 401
341 402
341 404
341 405
341 407
341 409
341 412
341 413
341 415
341 416
341 417
341 418
341 422
341 424
341 427
341 428
341 430
341 431
341 437
341 439
341 440
341 449
341 452
341 453
341 454
341 456
341 458
341 459
341 464
341 465
341 467
341 470
341 474
341 475
341 478
341 482
341 483
341 484
341 485
341 486
341 487
341 490
341 494
341 495
341 496
341 498
341 499
342 346
342 348
342 350
342 352
342 354
342 355
342 357
342 363
342 365
342 366
342 367
342 368
342 371
342 373
342 376
342 377
342 380
342 382
342 386
342 388
342 389
342 392
342 396
342 399
342 403
342 404
342 408
342 412
342 413
342 414
342 415
342 417
342 421
342 425
342 427
342 430
342 431
342 432
342 433
342 436
342 437
342 438
342 440
342 441
342 447
342 451
342 455
342 456
342 458
342 459
342 460
342 461
342 462
342 463
342 465
342 470
342 472
342 475
342 476
342 480
342 483
342 484
342 485
342 488
342 491
342 493
342 496
343 347
343 348
343 349
343 350
343 354
343 355
343 357
343 359
343 360
343 361
343 366
343 368
343 369
343 370
343 371
343 372
343 373
343 374
343 379
343 381
343 382
343 383
343 384
343 385
343 386
343 387
343 388
343 392
343 394
343 395
343 396
343 397
343 399
343 401
343 402
343 403
343 406
343 407
343 411
343 412
343 413
343 414
343 415
343 417
343 419
343 426
343 429
343 432
343 433
343 434
343 435
343 440
343 441
343 442
343 444
343 445
343 447
343 451
343 454
343 457
343 461
343 462
343 463
343 464
343 465
343 467
343 468
343 471
343 472
343 474
343 475
343 477
343 479
343 481
343 483
343 484
343 486
343 487
343 489
343 490
343 491
343 494
343 499
344 345
344 346
344 347
344 350
344 352
344 354
344 356
344 357
344 358
344 359
344 361
344 363
344 365
344 367
344 368
344 369
344 371
344 375
344 380
344 381
344 386
344 388
344 389
344 391
344 392
344 394
344 395
344 397
344 398
344 400
344 404
344 406
344 407
344 408
344 409
344 410
344 411
344 412
344 415
344 416
344 417
344 419
344 422
344 423
344 427
344 428
344 434
344 438
344 441
344 443
344 446
344 447
344 448
344 449
344 453
344 454
344 455
344 456
344 459
344 460
344 461
344 466
344 467
344 470
344 471
344 475
344 478
344 480
344 481
344 482
344 486
344 487
344 489
344 492
344 494
344 495
344 496
344 498
345 349
345 351
345 352
345 353
345 354
345 356
345 358
345 359
345 360
345 361
345 363
345 364
345 366
345 367
345 368
345 371
345 373
345 374
345 375
345 376
345 377
345 378
345 380
345 381
345 383
345 384
345 386
345 388
345 389
345 391
345 394
345 395
345 396
345 398
345 400
345 401
345 403
345 405
345 406
345 407
345 408
345 409
345 414
345 415
345 416
345 420
345 421
345 422
345 423
345 424
345 427
345 430
345 431
345 432
345 433
345 434
345 437
345 438
345 439
345 443
345 445
345 447
345 448
345 449
345 451
345 452
345 453
345 456
345 458
345 463
345 470
345 471
345 473
345 474
345 478
345 480
345 481
345 485
345 486
345 490
345 495
345 496
345 497
345 499
346 349
346 351
346 354
346 355
346 358
346 360
346 361
346 365
346 366
346 368
346 369
346 371
346 372
346 375
346 378
346 382
346 383
346 384
346 385
346 388
346 389
346 391
346 392
346 393
346 394
346 395
346 397
346 401
346 403
346 404
346 405
346 406
346 411
346 413
346 416
346 417
346 418
346 420
346 421
346 422
346 423
346 429
346 434
346 438
346 439
346 442
346 444
346 445
346 446
346 448
346 454
346 455
346 458
346 459
346 460
346 464
346 466
346 472
346 475
346 477
346 478
346 480
346 482
346 484
346 485
346 486
346 487
346 491
346 493
346 494
346 495
347 349
347 350
347 352
347 355
347 358
347 359
347 366
347 368
347 371
347 372
347 374
347 375
347 376
347 377
347 379
347 381
347 384
347 386
347 392
347 397
347 398
347 401
347 406
347 407
347 408
347 409
347 410
347 411
347 413
347 414
347 419
347 420
347 421
347 422
347 424
347 430
347 432
347 435
347 436
347 440
347 444
347 445
347 446
347 447
347 451
347 452
347 453
347 454
347 455
347 456
347 464
347 469
347 475
347 478
347 480
347 481
347 484
347 486
347 487
347 488
347 489
347 491
347 493
347 494
347 495
347 496
347 497
347 498
347 499
348 349
348 350
348 351
348 352
348 353
348 364
348 365
348 368
348 369
348 371
348 373
348 374
348 376
348 377
348 382
348 384
348 385
348 388
348 389
348 390
348 394
348 396
348 397
348 398
348 399
348 403
348 404
348 409
348 413
348 414
348 416
348 418
348 419
348 424
348 425
348 427
348 428
348 429
348 430
348 432
348 434
348 437
348 439
348 444
348 446
348 448
348 451
348 453
348 457
348 459
348 462
348 464
348 465
348 467
348 468
348 469
348 470
348 474
348 475
348 477
348 478
348 481
348 483
348 485
348 486
348 487
348 488
348 489
348 490
348 492
348 493
348 496
348 499
349 350
349 351
349 353
349 354
349 355
349 358
349 359
349 362
349 363
349 369
349 370
349 373
349 376
349 377
349 378
349 380
349 381
349 382
349 386
349 387
349 389
349 390
349 391
349 392
349 393
349 394
349 397
349 398
349 399
349 402
349 403
349 404
349 405
349 407
349 408
349 412
349 413
349 414
349 415
349 417
349 418
349 420
349 421
349 422
349 424
349 425
349 426
349 430
349 431
349 432
349 433
349 439
349 441
349 442
349 444
349 445
349 446
349 448
349 450
349 451
349 455
349 458
349 461
349 463
349 464
349 470
349 471
349 472
349 475
349 477
349 481
349 482
349 483
349 489
349 493
349 494
349 495
349 498
350 352
350 353
350 354
350 355
350 357
350 360
350 366
350 368
350 369
350 370
350 372
350 373
350 374
350 375
350 377
350 381
350 384
350 385
350 386
350 387
350 388
350 389
350 391
350 392
350 395
350 396
350 397
350 398
350 402
350 405
350 406
350 408
350 415
350 416
350 417
350 419
350 420
350 421
350 424
350 425
350 426
350 430
350 433
350 434
350 435
350 437
350 440
350 442
350 450
350 454
350 455
350 456
350 460
350 461
350 464
350 465
350 466
350 470
350 473
350 477
350 479
350 481
350 483
350 486
350 487
350 488
350 490
350 491
350 492
350 496
350 497
350 498
350 499
351 353
351 354
351 360
351 361
351 366
351 368
351 369
351 371
351 376
351 379
351 380
351 381
351 382
351 386
351 393
351 394
351 395
351 396
351 397
351 401
351 404
351 405
351 407
351 408
351 415
351 417
351 419
351 420
351 421
351 422
351 423
351 425
351 427
351 429
351 431
351 433
351 439
351 440
351 441
351 442
351 446
351 447
351 451
351 452
351 460
351 461
351 462
351 463
351 471
351 472
351 475
351 476
351 477
351 478
351 480
351 481
351 482
351 484
351 490
351 492
351 495
351 496
351 497
351 498
351 499
352 355
352 356
352 357
352 361
352 363
352 364
352 367
352 368
352 370
352 371
352 373
352 374
352 375
352 376
352 377
352 378
352 381
352 382
352 383
352 386
352 393
352 394
352 396
352 397
352 398
352 402
352 404
352 406
352 409
352 410
352 411
352 413
352 414
352 415
352 417
352 419
352 422
352 423
352 426
352 427
352 428
352 429
352 430
352 431
352 432
352 433
352 434
352 437
352 439
352 440
352 441
352 445
352 446
352 449
352 451
352 452
352 453
352 455
352 459
352 460
352 465
352 466
352 469
352 470
352 472
352 473
352 474
352 477
352 483
352 485
352 487
352 492
352 493
352 494
352 497
353 358
353 360
353 362
353 363
353 364
353 367
353 368
353 370
353 373
353 374
353 376
353 377
353 378
353 379
353 380
353 381
353 382
353 383
353 385
353 392
353 393
353 395
353 396
353 397
353 398
353 399
353 400
353 406
353 408
353 409
353 410
353 413
353 414
353 415
353 416
353 417
353 418
353 424
353 426
353 427
353 428
353 429
353 431
353 432
353 433
353 434
353 436
353 437
353 438
353 439
353 440
353 443
353 444
353 447
353 449
353 450
353 452
353 454
353 455
353 456
353 458
353 459
353 460
353 461
353 462
353 464
353 465
353 466
353 468
353 469
353 470
353 475
353 478
353 480
353 481
353 483
353 484
353 485
353 487
353 488
353 490
353 492
353 493
353 494
353 495
353 499
354 355
354 356
354 359
354 360
354 361
354 362
354 364
354 365
354 366
354 367
354 369
354 371
354 372
354 373
354 375
354 379
354 380
354 381
354 385
354 391
354 392
354 395
354 399
354 404
354 408
354 410
354 412
354 415
354 417
354 420
354 422
354 423
354 424
354 426
354 427
354 429
354 431
354 435
354 437
354 438
354 439
354 440
354 442
354 443
354 445
354 447
354 449
354 453
354 454
354 455
354 456
354 457
354 461
354 462
354 465
354 466
354 468
354 469
354 471
354 473
354 475
354 476
354 477
354 478
354 479
354 480
354 482
354 483
354 484
354 485
354 488
354 490
354 491
354 492
354 495
354 497
354 498
354 499
355 356
355 357
355 359
355 361
355 362
355 363
355 364
355 368
355 369
355 374
355 376
355 377
355 378
355 380
355 381
355 382
355 386
355 389
355 390
355 393
355 396
355 398
355 399
355 400
355 401
355 404
355 405
355 410
355 412
355 413
355 415
355 416
355 417
355 418
355 421
355 424
355 427
355 430
355 431
355 432
355 437
355 438
355 443
355 444
355 449
355 452
355 454
355 456
355 459
355 460
355 462
355 464
355 465
355 467
355 468
355 469
355 472
355 473
355 474
355 481
355 482
355 483
355 484
355 487
355 488
355 489
355 490
355 491
355 492
355 493
355 496
355 499
356 357
356 358
356 360
356 361
356 362
356 363
356 365
356 366
356 367
356 370
356 372
356 373
356 374
356 377
356 378
356 384
356 385
356 387
356 388
356 389
356 390
356 392
356 397
356 399
356 400
356 402
356 404
356 405
356 408
356 409
356 410
356 417
356 418
356 422
356 423
356 425
356 426
356 431
356 432
356 433
356 434
356 438
356 439
356 440
356 443
356 444
356 447
356 448
356 452
356 453
356 454
356 459
356 460
356 461
356 462
356 463
356 465
356 467
356 470
356 473
356 475
356 480
356 489
356 490
356 491
356 492
356 493
356 497
356 499
357 361
357 362
357 366
357 368
357 371
357 372
357 373
357 374
357 376
357 380
357 381
357 382
357 389
357 390
357 392
357 393
357 394
357 395
357 397
357 399
357 402
357 404
357 405
357 408
357 412
357 413
357 414
357 415
357 416
357 417
357 419
357 422
357 426
357 432
357 433
357 436
357 437
357 439
357 441
357 443
357 444
357 445
357 446
357 448
357 449
357 450
357 454
357 455
357 456
357 459
357 462
357 464
357 465
357 468
357 470
357 471
357 473
357 474
357 475
357 479
357 481
357 483
357 484
357 486
357 487
357 489
357 492
357 494
357 496
357 497
358 361
358 362
358 363
358 364
358 365
358 366
358 367
358 373
358 374
358 377
358 378
358 379
358 380
358 381
358 382
358 385
358 386
358 387
358 388
358 393
358 395
358 396
358 397
358 398
358 400
358 401
358 402
358 403
358 404
358 406
358 408
358 409
358 411
358 413
358 416
358 417
358 418
358 420
358 424
358 425
358 427
358 429
358 430
358 431
358 432
358 434
358 438
358 439
358 440
358 442
358 443
358 444
358 445
358 449
358 450
358 451
358 453
358 455
358 456
358 457
358 460
358 461
358 464
358 466
358 467
358 472
358 473
358 478
358 481
358 482
358 483
358 484
358 487
358 489
358 493
358 495
358 499
359 362
359 367
359 369
359 370
359 371
359 373
359 375
359 378
359 381
359 382
359 384
359 385
359 386
359 388
359 389
359 391
359 396
359 397
359 398
359 400
359 401
359 402
359 404
359 405
359 409
359 410
359 411
359 412
359 413
359 415
359 416
359 418
359 422
359 423
359 424
359 425
359 426
359 427
359 428
359 431
359 433
359 434
359 441
359 443
359 448
359 451
359 452
359 453
359 454
359 456
359 457
359 458
359 462
359 464
359 465
359 466
359 467
359 468
359 469
359 470
359 472
359 474
359 475
359 478
359 481
359 483
359 484
359 485
359 489
359 490
359 491
359 492
359 496
359 498
360 363
360 364
360 365
360 366
360 367
360 368
360 372
360 373
360 375
360 376
360 377
360 379
360 381
360 382
360 384
360 386
360 387
360 392
360 393
360 394
360 397
360 400
360 401
360 403
360 404
360 410
360 411
360 412
360 416
360 417
360 419
360 421
360 422
360 423
360 424
360 425
360 427
360 428
360 429
360 432
360 435
360 437
360 440
360 441
360 442
360 443
360 449
360 450
360 454
360 455
360 456
360 458
360 460
360 462
360 464
360 470
360 473
360 474
360 475
360 477
360 479
360 480
360 483
360 485
360 486
360 488
360 489
360 491
360 493
360 494
360 495
360 496
360 497
360 499
361 364
361 367
361 368
361 369
361 372
361 375
361 377
361 378
361 379
361 380
361 382
361 383
361 384
361 385
361 387
361 389
361 391
361 392
361 395
361 399
361 400
361 403
361 406
361 408
361 411
361 413
361 415
361 416
361 418
361 420
361 421
361 422
361 424
361 426
361 431
361 435
361 436
361 438
361 439
361 441
361 442
361 443
361 445
361 446
361 449
361 451
361 452
361 455
361 456
361 457
361 458
361 459
361 462
361 463
361 467
361 468
361 469
361 470
361 471
361 473
361 474
361 477
361 478
361 479
361 483
361 484
361 486
361 490
361 492
361 495
361 496
361 498
361 499
362 363
362 364
362 368
362 369
362 371
362 372
362 373
362 374
362 376
362 377
362 379
362 380
362 381
362 384
362 387
362 390
362 391
362 392
362 394
362 398
362 399
362 400
362 405
362 406
362 407
362 411
362 414
362 415
362 416
362 421
362 423
362 427
362 429
362 430
362 431
362 432
362 433
362 436
362 441
362 446
362 448
362 449
362 450
362 451
362 452
362 454
362 455
362 457
362 458
362 460
362 461
362 462
362 466
362 470
362 472
362 477
362 478
362 479
362 482
362 488
362 493
362 494
362 495
362 498
363 365
363 368
363 369
363 370
363 371
363 373
363 375
363 377
363 382
363 383
363 386
363 388
363 390
363 397
363 399
363 404
363 407
363 408
363 411
363 412
363 415
363 416
363 417
363 420
363 422
363 423
363 425
363 426
363 429
363 430
363 433
363 434
363 436
363 438
363 439
363 441
363 442
363 444
363 445
363 448
363 449
363 450
363 451
363 452
363 453
363 454
363 456
363 458
363 459
363 460
363 461
363 462
363 463
363 464
363 465
363 466
363 469
363 470
363 472
363 474
363 476
363 479
363 480
363 481
363 482
363 484
363 485
363 486
363 488
363 490
363 491
363 492
363 494
363 495
363 496
363 497
363 498
363 499
364 370
364 371
364 372
364 373
364 374
364 375
364 377
364 378
364 380
364 381
364 383
364 384
364 387
364 388
364 389
364 391
364 392
364 395
364 396
364 398
364 399
364 401
364 402
364 404
364 406
364 409
364 410
364 412
364 413
364 414
364 421
364 425
364 427
364 428
364 429
364 430
364 434
364 435
364 436
364 437
364 439
364 440
364 441
364 442
364 443
364 445
364 446
364 447
364 450
364 452
364 457
364 458
364 461
364 462
364 463
364 464
364 465
364 466
364 467
364 469
364 472
364 474
364 476
364 477
364 478
364 481
364 482
364 491
364 492
364 495
364 497
365 367
365 368
365 372
365 373
365 374
365 375
365 376
365 377
365 382
365 383
365 386
365 387
365 389
365 390
365 392
365 394
365 396
365 398
365 399
365 400
365 401
365 404
365 410
365 411
365 415
365 425
365 426
365 429
365 430
365 431
365 432
365 433
365 434
365 438
365 439
365 440
365 441
365 444
365 446
365 449
365 450
365 451
365 452
365 456
365 457
365 458
365 460
365 461
365 462
365 463
365 466
365 468
365 470
365 471
365 472
365 473
365 476
365 477
365 479
365 482
365 483
365 484
365 485
365 486
365 487
365 489
365 490
365 494
365 497
365 499
366 367
366 370
366 371
366 374
366 379
366 384
366 386
366 389
366 390
366 393
366 394
366 396
366 398
366 399
366 400
366 402
366 404
366 405
366 407
366 408
366 409
366 410
366 414
366 418
366 419
366 420
366 422
366 423
366 424
366 426
366 428
366 429
366 431
366 432
366 433
366 434
366 435
366 436
366 437
366 439
366 442
366 446
366 447
366 449
366 451
366 452
366 453
366 454
366 456
366 457
366 458
366 459
366 460
366 461
366 464
366 465
366 466
366 469
366 470
366 471
366 472
366 473
366 475
366 478
366 480
366 485
366 486
366 489
366 490
366 491
366 493
366 494
366 495
366 496
366 497
367 369
367 371
367 372
367 373
367 374
367 378
367 380
367 383
367 388
367 389
367 390
367 392
367 393
367 395
367 396
367 397
367 401
367 403
367 406
367 407
367 412
367 416
367 419
367 423
367 424
367 429
367 432
367 433
367 434
367 435
367 436
367 438
367 439
367 440
367 442
367 446
367 450
367 451
367 452
367 453
367 454
367 455
367 457
367 458
367 462
367 464
367 466
367 468
367 470
367 472
367 474
367 475
367 476
367 477
367 481
367 487
367 490
367 494
367 495
367 496
368 369
368 370
368 371
368 372
368 375
368 376
368 377
368 379
368 382
368 387
368 399
368 400
368 403
368 404
368 406
368 408
368 410
368 412
368 414
368 415
368 417
368 418
368 419
368 420
368 422
368 424
368 425
368 427
368 428
368 431
368 432
368 435
368 437
368 438
368 439
368 442
368 443
368 444
368 445
368 450
368 453
368 458
368 459
368 460
368 464
368 468
368 469
368 470
368 474
368 476
368 479
368 480
368 483
368 491
368 495
368 497
368 499
369 371
369 372
369 377
369 378
369 380
369 381
369 382
369 385
369 386
369 387
369 388
369 390
369 391
369 392
369 393
369 395
369 396
369 399
369 400
369 404
369 405
369 406
369 408
369 411
369 412
369 413
369 416
369 417
369 418
369 420
369 421
369 425
369 426
369 427
369 428
369 429
369 432
369 434
369 435
369 436
369 444
369 445
369 447
369 455
369 456
369 458
369 460
369 462
369 463
369 464
369 468
369 471
369 474
369 475
369 476
369 477
369 479
369 480
369 482
369 483
369 484
369 485
369 487
369 490
369 492
369 493
369 496
369 497
369 498
370 372
370 374
370 375
370 376
370 377
370 381
370 384
370 386
370 387
370 390
370 391
370 392
370 394
370 396
370 397
370 398
370 401
370 403
370 404
370 407
370 408
370 411
370 415
370 417
370 421
370 422
370 426
370 427
370 429
370 431
370 432
370 433
370 438
370 439
370 440
370 441
370 442
370 443
370 444
370 447
370 449
370 451
370 454
370 457
370 458
370 459
370 463
370 465
370 466
370 475
370 476
370 477
370 479
370 480
370 482
370 483
370 484
370 485
370 487
370 489
370 491
370 495
370 497
371 372
371 374
371 376
371 378
371 382
371 384
371 386
371 387
371 388
371 389
371 392
371 393
371 395
371 396
371 397
371 400
371 402
371 404
371 405
371 407
371 408
371 409
371 410
371 412
371 417
371 419
371 420
371 422
371 425
371 429
371 430
371 431
371 432
371 436
371 437
371 439
371 442
371 443
371 444
371 445
371 447
371 448
371 451
371 453
371 454
371 460
371 461
371 462
371 463
371 464
371 470
371 472
371 475
371 480
371 481
371 482
371 486
371 488
371 490
371 495
371 496
371 498
371 499
372 373
372 374
372 375
372 378
372 383
372 387
372 389
372 392
372 393
372 396
372 397
372 402
372 404
372 405
372 407
372 409
372 410
372 411
372 414
372 421
372 422
372 424
372 426
372 427
372 428
372 431
372 432
372 433
372 437
372 438
372 440
372 441
372 442
372 445
372 447
372 448
372 453
372 456
372 458
372 460
372 462
372 465
372 467
372 470
372 471
372 475
372 476
372 477
372 479
372 482
372 483
372 484
372 485
372 489
372 490
372 493
372 495
372 496
372 498
372 499
373 375
373 377
373 378
373 381
373 383
373 385
373 386
373 387
373 389
373 390
373 392
373 395
373 396
373 397
373 400
373 401
373 402
373 403
373 405
373 406
373 407
373 408
373 409
373 410
373 412
373 413
373 414
373 415
373 417
373 421
373 423
373 424
373 425
373 427
373 430
373 432
373 433
373 436
373 438
373 440
373 441
373 442
373 443
373 444
373 446
373 447
373 449
373 453
373 454
373 455
373 456
373 457
373 459
373 460
373 464
373 465
373 468
373 473
373 474
373 475
373 476
373 477
373 479
373 482
373 484
373 485
373 487
373 490
373 499
374 381
374 382
374 383
374 385
374 386
374 387
374 388
374 390
374 391
374 392
374 394
374 397
374 399
374 400
374 401
374 406
374 408
374 411
374 413
374 415
374 416
374 417
374 419
374 421
374 422
374 424
374 428
374 430
374 431
374 432
374 434
374 435
374 439
374 440
374 441
374 442
374 445
374 446
374 447
374 454
374 455
374 456
374 457
374 458
374 461
374 462
374 464
374 465
374 468
374 469
374 471
374 474
374 475
374 477
374 479
374 480
374 481
374 482
374 483
374 485
374 486
374 488
374 492
374 494
374 497
374 499
375 376
375 378
375 380
375 386
375 387
375 388
375 390
375 392
375 396
375 400
375 401
375 402
375 403
375 404
375 405
375 409
375 410
375 415
375 417
375 419
375 420
375 423
375 424
375 426
375 427
375 439
375 442
375 443
375 444
375 445
375 446
375 447
375 448
375 449
375 451
375 454
375 457
375 459
375 460
375 471
375 475
375 476
375 477
375 478
375 481
375 482
375 484
375 485
375 486
375 488
375 490
375 495
375 496
375 497
375 498
375 499
376 379
376 380
376 381
376 382
376 385
376 386
376 387
376 389
376 390
376 394
376 404
376 406
376 407
376 408
376 409
376 410
376 412
376 417
376 418
376 421
376 422
376 423
376 424
376 426
376 428
376 429
376 431
376 432
376 433
376 435
376 436
376 437
376 438
376 439
376 440
376 442
376 447
376 448
376 453
376 454
376 458
376 460
376 461
376 462
376 463
376 464
376 468
376 471
376 474
376 479
376 481
376 482
376 483
376 484
376 487
376 488
376 491
376 492
376 499
377 378
377 379
377 380
377 383
377 384
377 387
377 389
377 396
377 397
377 398
377 403
377 405
377 407
377 409
377 410
377 412
377 414
377 418
377 420
377 421
377 424
377 426
377 427
377 431
377 434
377 439
377 444
377 446
377 447
377 448
377 449
377 450
377 452
377 453
377 454
377 457
377 458
377 459
377 462
377 463
377 464
377 468
377 470
377 472
377 473
377 474
377 477
377 478
377 479
377 483
377 484
377 485
377 488
377 491
377 492
377 495
377 496
377 497
378 380
378 381
378 384
378 386
378 387
378 389
378 390
378 391
378 394
378 395
378 400
378 402
378 407
378 408
378 409
378 412
378 413
378 417
378 427
378 430
378 432
378 434
378 435
378 436
378 437
378 442
378 443
378 444
378 446
378 447
378 449
378 450
378 451
378 452
378 456
378 458
378 461
378 463
378 464
378 465
378 467
378 468
378 473
378 476
378 479
378 483
378 485
378 486
378 489
378 492
378 493
378 495
378 498
378 499
379 384
379 385
379 386
379 388
379 391
379 397
379 399
379 402
379 403
379 404
379 405
379 408
379 410
379 411
379 414
379 415
379 416
379 419
379 420
379 422
379 426
379 428
379 432
379 436
379 437
379 443
379 444
379 446
379 449
379 451
379 453
379 454
379 455
379 456
379 459
379 462
379 463
379 465
379 466
379 467
379 470
379 471
379 473
379 476
379 477
379 479
379 481
379 489
379 490
379 492
379 493
379 494
379 495
379 496
379 497
379 498
380 383
380 386
380 387
380 388
380 389
380 392
380 393
380 397
380 400
380 402
380 403
380 411
380 412
380 413
380 416
380 417
380 420
380 423
380 425
380 427
380 437
380 438
380 441
380 442
380 443
380 445
380 446
380 447
380 449
380 451
380 456
380 460
380 462
380 466
380 467
380 470
380 473
380 474
380 476
380 478
380 479
380 480
380 483
380 484
380 486
380 487
380 488
380 489
380 490
380 492
380 493
380 494
380 497
380 498
380 499
381 383
381 385
381 386
381 389
381 390
381 391
381 396
381 398
381 401
381 407
381 410
381 411
381 412
381 413
381 414
381 418
381 419
381 420
381 426
381 427
381 430
381 433
381 434
381 436
381 438
381 439
381 441
381 445
381 446
381 448
381 451
381 452
381 453
381 458
381 459
381 460
381 463
381 464
381 465
381 466
381 467
381 470
381 473
381 476
381 479
381 480
381 482
381 486
381 487
381 488
381 490
381 492
381 493
381 496
381 497
381 498
382 389
382 390
382 391
382 395
382 396
382 398
382 399
382 402
382 403
382 407
382 408
382 409
382 410
382 412
382 417
382 420
382 421
382 423
382 425
382 428
382 429
382 432
382 434
382 436
382 439
382 440
382 441
382 447
382 449
382 453
382 455
382 456
382 457
382 459
382 463
382 464
382 466
382 467
382 468
382 470
382 471
382 472
382 474
382 477
382 478
382 480
382 483
382 484
382 485
382 488
382 489
382 490
382 491
382 495
382 496
382 499
383 384
383 385
383 387
383 389
383 390
383 391
383 392
383 394
383 397
383 399
383 405
383 408
383 409
383 411
383 413
383 420
383 421
383 422
383 424
383 425
383 429
383 430
383 433
383 438
383 441
383 446
383 451
383 453
383 454
383 458
383 463
383 468
383 470
383 471
383 477
383 478
383 480
383 482
383 484
383 486
383 488
383 490
383 491
383 492
383 493
383 494
383 495
383 496
383 499
384 387
384 390
384 391
384 393
384 394
384 395
384 396
384 397
384 400
384 401
384 403
384 404
384 405
384 406
384 408
384 409
384 416
384 417
384 418
384 420
384 421
384 424
384 425
384 426
384 428
384 430
384 431
384 433
384 437
384 438
384 439
384 440
384 441
384 448
384 450
384 451
384 454
384 455
384 456
384 458
384 459
384 460
384 461
384 463
384 464
384 465
384 467
384 469
384 470
384 473
384 476
384 477
384 480
384 483
384 485
384 486
384 489
384 490
385 387
385 388
385 394
385 396
385 397
385 398
385 403
385 404
385 405
385 406
385 407
385 409
385 410
385 412
385 414
385 415
385 416
385 417
385 419
385 421
385 423
385 425
385 429
385 430
385 433
385 434
385 435
385 436
385 438
385 441
385 442
385 446
385 448
385 449
385 450
385 451
385 453
385 457
385 459
385 460
385 463
385 465
385 468
385 469
385 472
385 474
385 475
385 477
385 478
385 479
385 481
385 482
385 485
385 486
385 487
385 489
385 491
385 492
385 493
385 494
385 495
385 497
385 498
385 499
386 387
386 388
386 389
386 390
386 391
386 392
386 393
386 395
386 396
386 398
386 400
386 401
386 403
386 404
386 406
386 407
386 408
386 410
386 413
386 415
386 416
386 419
386 423
386 425
386 427
386 428
386 429
386 430
386 431
386 432
386 433
386 435
386 436
386 437
386 439
386 443
386 445
386 447
386 448
386 451
386 452
386 453
386 455
386 457
386 458
386 459
386 462
386 463
386 464
386 465
386 467
386 468
386 472
386 474
386 476
386 477
386 480
386 481
386 482
386 483
386 486
386 487
386 491
386 492
386 493
386 496
387 388
387 389
387 391
387 394
387 399
387 400
387 404
387 406
387 407
387 409
387 413
387 419
387 420
387 421
387 422
387 423
387 424
387 427
387 430
387 431
387 432
387 434
387 436
387 438
387 439
387 441
387 444
387 445
387 446
387 447
387 449
387 450
387 451
387 457
387 458
387 461
387 463
387 464
387 465
387 467
387 468
387 469
387 471
387 474
387 477
387 481
387 482
387 484
387 485
387 487
387 489
387 490
387 493
387 494
387 496
387 497
388 390
388 392
388 395
388 397
388 398
388 403
388 404
388 407
388 408
388 409
388 410
388 411
388 412
388 413
388 415
388 416
388 418
388 419
388 422
388 424
388 425
388 426
388 430
388 435
388 442
388 443
388 446
388 448
388 451
388 455
388 456
388 458
388 461
388 463
388 466
388 467
388 469
388 470
388 471
388 472
388 473
388 474
388 475
388 476
388 478
388 479
388 482
388 484
388 487
388 489
388 491
388 492
388 494
388 495
388 496
388 498
388 499
389 391
389 394
389 395
389 396
389 397
389 400
389 402
389 404
389 405
389 409
389 410
389 412
389 413
389 415
389 416
389 417
389 421
389 424
389 425
389 428
389 430
389 431
389 433
389 437
389 439
389 440
389 442
389 444
389 446
389 447
389 450
389 451
389 454
389 455
389 458
389 461
389 462
389 463
389 465
389 466
389 467
389 469
389 470
389 471
389 473
389 475
389 477
389 479
389 480
389 481
389 485
389 486
389 487
389 488
389 489
389 491
389 493
389 494
389 495
389 496
389 497
389 499
390 391
390 393
390 396
390 399
390 403
390 405
390 406
390 409
390 410
390 413
390 415
390 416
390 417
390 418
390 419
390 421
390 423
390 424
390 425
390 426
390 434
390 435
390 436
390 437
390 438
390 442
390 443
390 449
390 450
390 451
390 453
390 455
390 456
390 457
390 458
390 459
390 462
390 464
390 466
390 467
390 470
390 473
390 475
390 476
390 477
390 478
390 479
390 480
390 481
390 482
390 485
390 486
390 489
390 491
390 495
390 496
390 498
391 394
391 396
391 398
391 400
391 401
391 403
391 404
391 406
391 407
391 412
391 413
391 416
391 417
391 419
391 422
391 424
391 425
391 426
391 427
391 428
391 429
391 430
391 433
391 434
391 437
391 440
391 441
391 442
391 445
391 446
391 450
391 451
391 452
391 454
391 460
391 465
391 466
391 467
391 468
391 470
391 471
391 472
391 473
391 475
391 476
391 477
391 479
391 480
391 481
391 484
391 485
391 489
391 492
391 494
391 495
391 497
391 498
391 499
392 393
392 394
392 395
392 397
392 399
392 402
392 405
392 406
392 407
392 408
392 411
392 413
392 414
392 415
392 417
392 418
392 420
392 425
392 426
392 427
392 428
392 430
392 431
392 435
392 436
392 437
392 438
392 440
392 444
392 445
392 447
392 449
392 450
392 452
392 453
392 454
392 455
392 456
392 457
392 459
392 462
392 463
392 464
392 465
392 466
392 471
392 472
392 475
392 478
392 480
392 482
392 484
392 485
392 488
392 489
392 490
392 491
392 492
392 493
392 494
392 497
393 394
393 398
393 399
393 402
393 405
393 408
393 409
393 413
393 416
393 417
393 419
393 420
393 421
393 422
393 425
393 426
393 428
393 431
393 432
393 433
393 437
393 441
393 442
393 443
393 444
393 447
393 451
393 452
393 453
393 454
393 460
393 461
393 463
393 466
393 467
393 470
393 472
393 473
393 474
393 475
393 478
393 481
393 483
393 484
393 485
393 487
393 488
393 489
393 490
393 495
393 496
393 498
394 397
394 398
394 399
394 400
394 402
394 404
394 405
394 406
394 407
394 408
394 411
394 412
394 413
394 414
394 417
394 418
394 419
394 420
394 421
394 427
394 428
394 429
394 430
394 433
394 434
394 436
394 438
394 441
394 444
394 447
394 449
394 450
394 454
394 455
394 460
394 462
394 464
394 465
394 466
394 467
394 471
394 472
394 473
394 474
394 475
394 476
394 477
394 478
394 479
394 481
394 483
394 485
394 487
394 491
394 493
394 496
394 497
394 499
395 398
395 400
395 406
395 407
395 409
395 410
395 411
395 413
395 416
395 422
395 423
395 424
395 425
395 427
395 430
395 431
395 432
395 433
395 435
395 438
395 441
395 442
395 443
395 444
395 445
395 448
395 449
395 451
395 453
395 454
395 458
395 460
395 462
395 464
395 466
395 467
395 468
395 469
395 472
395 474
395 475
395 480
395 484
395 487
395 488
395 489
395 492
395 494
395 495
395 497
396 398
396 399
396 400
396 401
396 403
396 404
396 405
396 406
396 409
396 410
396 412
396 415
396 416
396 418
396 419
396 420
396 422
396 425
396 428
396 432
396 433
396 439
396 441
396 446
396 448
396 451
396 452
396 454
396 455
396 457
396 459
396 461
396 462
396 463
396 464
396 465
396 466
396 467
396 473
396 475
396 476
396 477
396 478
396 484
396 486
396 489
396 492
396 494
396 496
396 497
397 398
397 399
397 400
397 407
397 408
397 410
397 411
397 412
397 416
397 418
397 422
397 424
397 425
397 426
397 427
397 430
397 432
397 434
397 436
397 441
397 442
397 447
397 448
397 449
397 451
397 452
397 455
397 458
397 460
397 461
397 464
397 466
397 468
397 472
397 476
397 478
397 482
397 483
397 485
397 491
397 492
397 493
397 496
397 497
397 498
398 400
398 406
398 407
398 410
398 415
398 416
398 418
398 423
398 428
398 429
398 432
398 433
398 434
398 435
398 439
398 440
398 441
398 442
398 446
398 447
398 449
398 450
398 457
398 459
398 461
398 465
398 466
398 469
398 470
398 472
398 473
398 474
398 476
398 478
398 481
398 484
398 486
398 488
398 489
398 490
398 493
398 494
398 495
398 496
399 400
399 401
399 402
399 403
399 408
399 409
399 410
399 413
399 414
399 415
399 416
399 420
399 424
399 425
399 426
399 427
399 428
399 436
399 437
399 440
399 441
399 442
399 444
399 448
399 449
399 450
399 451
399 453
399 457
399 459
399 460
399 461
399 462
399 463
399 467
399 469
399 470
399 471
399 472
399 478
399 480
399 482
399 483
399 486
399 488
399 491
399 492
399 493
399 494
399 496
399 498
400 401
400 402
400 404
400 405
400 406
400 407
400 408
400 412
400 413
400 415
400 416
400 417
400 418
400 419
400 421
400 422
400 423
400 425
400 427
400 432
400 435
400 436
400 437
400 438
400 446
400 448
400 449
400 451
400 461
400 462
400 464
400 467
400 468
400 470
400 474
400 477
400 478
400 481
400 482
400 483
400 484
400 487
400 488
400 490
400 491
400 492
400 494
400 495
400 498
400 499
401 403
401 405
401 406
401 407
401 408
401 409
401 410
401 411
401 413
401 416
401 417
401 418
401 420
401 422
401 423
401 425
401 426
401 429
401 431
401 435
401 436
401 437
401 439
401 444
401 449
401 451
401 452
401 454
401 456
401 460
401 461
401 462
401 465
401 472
401 473
401 475
401 476
401 478
401 479
401 481
401 482
401 483
401 484
401 485
401 487
401 488
401 491
401 492
401 494
402 405
402 406
402 408
402 409
402 414
402 415
402 416
402 421
402 424
402 426
402 427
402 432
402 437
402 440
402 441
402 442
402 443
402 449
402 453
402 455
402 456
402 457
402 459
402 460
402 461
402 463
402 464
402 467
402 472
402 474
402 480
402 482
402 484
402 485
402 486
402 487
402 488
402 492
402 493
402 495
402 496
402 497
402 498
402 499
403 404
403 405
403 406
403 407
403 409
403 414
403 418
403 419
403 420
403 423
403 426
403 427
403 431
403 433
403 436
403 437
403 438
403 439
403 441
403 443
403 444
403 445
403 447
403 448
403 450
403 451
403 452
403 453
403 455
403 459
403 461
403 462
403 463
403 468
403 471
403 472
403 473
403 474
403 475
403 477
403 479
403 480
403 486
403 487
403 490
403 491
403 495
403 496
404 405
404 406
404 408
404 409
404 411
404 413
404 415
404 417
404 421
404 424
404 433
404 434
404 439
404 444
404 446
404 447
404 448
404 451
404 453
404 454
404 456
404 457
404 461
404 462
404 463
404 465
404 467
404 471
404 472
404 473
404 474
404 476
404 479
404 484
404 486
404 488
404 490
404 492
404 495
404 499
405 407
405 409
405 414
405 417
405 418
405 419
405 426
405 428
405 429
405 431
405 432
405 434
405 435
405 436
405 437
405 439
405 440
405 442
405 443
405 444
405 446
405 447
405 448
405 449
405 453
405 454
405 455
405 457
405 458
405 461
405 464
405 466
405 467
405 468
405 470
405 472
405 475
405 478
405 480
405 484
405 485
405 486
405 487
405 488
405 490
405 492
405 493
405 494
405 495
406 409
406 413
406 414
406 419
406 420
406 423
406 424
406 426
406 427
406 428
406 429
406 431
406 432
406 433
406 434
406 437
406 439
406 442
406 443
406 445
406 446
406 448
406 449
406 453
406 455
406 457
406 459
406 463
406 464
406 465
406 466
406 468
406 469
406 470
406 473
406 475
406 477
406 479
406 486
406 488
406 490
406 492
406 494
406 495
406 496
406 497
406 498
406 499
407 408
407 409
407 410
407 411
407 412
407 415
407 416
407 418
407 420
407 423
407 426
407 427
407 428
407 429
407 431
407 435
407 437
407 438
407 441
407 445
407 446
407 449
407 450
407 451
407 453
407 454
407 457
407 461
407 463
407 465
407 470
407 471
407 472
407 473
407 475
407 478
407 482
407 484
407 485
407 486
407 487
407 488
407 490
407 491
407 492
407 493
407 495
407 497
407 498
407 499
408 409
408 410
408 411
408 412
408 413
408 414
408 415
408 416
408 417
408 420
408 421
408 426
408 427
408 432
408 435
408 436
408 438
408 439
408 443
408 445
408 449
408 453
408 456
408 457
408 459
408 460
408 461
408 462
408 468
408 470
408 472
408 476
408 478
408 479
408 481
408 486
408 487
408 490
408 493
408 499
409 410
409 411
409 413
409 416
409 418
409 419
409 420
409 423
409 425
409 427
409 430
409 432
409 436
409 437
409 439
409 441
409 442
409 443
409 447
409 448
409 452
409 455
409 456
409 457
409 460
409 461
409 462
409 464
409 470
409 474
409 479
409 480
409 481
409 485
409 487
409 493
409 498
410 412
410 413
410 414
410 419
410 420
410 421
410 422
410 425
410 426
410 428
410 429
410 430
410 434
410 437
410 445
410 455
410 458
410 459
410 460
410 463
410 464
410 470
410 471
410 472
410 474
410 475
410 479
410 480
410 481
410 483
410 485
410 488
410 490
410 491
410 493
410 494
411 412
411 414
411 415
411 416
411 417
411 418
411 419
411 420
411 423
411 426
411 427
411 428
411 430
411 432
411 433
411 435
411 437
411 442
411 443
411 445
411 446
411 450
411 451
411 456
411 457
411 458
411 463
411 464
411 465
411 467
411 468
411 471
411 472
411 474
411 475
411 476
411 478
411 479
411 482
411 488
411 490
411 492
411 493
411 494
411 495
411 496
411 497
411 499
412 415
412 416
412 418
412 419
412 420
412 424
412 426
412 433
412 435
412 436
412 437
412 440
412 441
412 443
412 445
412 446
412 447
412 448
412 449
412 450
412 451
412 453
412 454
412 458
412 459
412 461
412 464
412 465
412 466
412 467
412 468
412 469
412 470
412 472
412 480
412 483
412 485
412 487
412 490
412 492
412 495
412 496
412 497
412 499
413 414
413 415
413 417
413 418
413 419
413 422
413 424
413 426
413 427
413 428
413 429
413 432
413 436
413 441
413 442
413 444
413 445
413 446
413 448
413 453
413 454
413 456
413 461
413 462
413 463
413 467
413 468
413 469
413 470
413 472
413 473
413 474
413 476
413 478
413 482
413 484
413 486
413 488
413 489
413 490
413 491
413 492
413 493
413 495
413 498
414 417
414 419
414 421
414 422
414 423
414 424
414 432
414 433
414 434
414 439
414 441
414 442
414 443
414 448
414 450
414 452
414 455
414 457
414 458
414 459
414 460
414 461
414 462
414 463
414 466
414 468
414 470
414 471
414 472
414 475
414 476
414 478
414 479
414 480
414 482
414 486
414 489
414 490
414 495
414 497
415 416
415 420
415 422
415 424
415 430
415 431
415 432
415 433
415 434
415 442
415 443
415 444
415 445
415 446
415 448
415 450
415 451
415 453
415 456
415 460
415 461
415 463
415 467
415 468
415 469
415 470
415 474
415 476
415 477
415 478
415 481
415 482
415 485
415 488
415 492
415 493
415 494
415 495
415 496
415 498
415 499
416 421
416 422
416 424
416 426
416 429
416 431
416 435
416 436
416 438
416 439
416 440
416 441
416 443
416 444
416 449
416 450
416 452
416 454
416 455
416 456
416 458
416 459
416 460
416 461
416 465
416 467
416 469
416 470
416 472
416 473
416 474
416 477
416 478
416 479
416 481
416 485
416 486
416 488
416 492
416 495
416 499
417 419
417 423
417 425
417 426
417 429
417 430
417 431
417 433
417 436
417 440
417 442
417 446
417 447
417 448
417 453
417 454
417 455
417 458
417 464
417 465
417 472
417 473
417 475
417 477
417 478
417 481
417 484
417 485
417 486
417 487
417 488
417 489
417 490
417 493
418 421
418 422
418 426
418 435
418 436
418 437
418 439
418 440
418 441
418 443
418 448
418 449
418 450
418 452
418 454
418 455
418 456
418 457
418 459
418 461
418 464
418 467
418 470
418 472
418 473
418 477
418 478
418 480
418 485
418 486
418 487
418 490
418 493
418 494
418 496
418 498
418 499
419 420
419 421
419 422
419 426
419 427
419 428
419 430
419 434
419 435
419 436
419 437
419 441
419 444
419 446
419 447
419 449
419 450
419 452
419 453
419 457
419 459
419 462
419 465
419 467
419 469
419 471
419 473
419 479
419 481
419 486
419 488
419 490
419 491
419 492
419 493
419 497
419 498
420 422
420 427
420 428
420 431
420 433
420 434
420 438
420 441
420 442
420 444
420 445
420 446
420 447
420 448
420 450
420 456
420 457
420 459
420 462
420 464
420 465
420 469
420 471
420 472
420 473
420 474
420 476
420 480
420 482
420 483
420 484
420 485
420 489
420 491
420 493
420 494
420 497
420 499
421 422
421 424
421 426
421 429
421 430
421 431
421 434
421 436
421 438
421 441
421 442
421 443
421 445
421 447
421 449
421 450
421 451
421 458
421 459
421 460
421 461
421 462
421 464
421 465
421 466
421 468
421 469
421 471
421 472
421 474
421 477
421 478
421 479
421 482
421 483
421 484
421 487
421 488
421 489
421 491
421 492
421 494
421 496
421 497
422 427
422 429
422 431
422 434
422 435
422 438
422 439
422 440
422 441
422 442
422 443
422 444
422 445
422 448
422 449
422 451
422 452
422 453
422 454
422 456
422 457
422 458
422 460
422 461
422 462
422 463
422 465
422 467
422 470
422 471
422 472
422 473
422 474
422 476
422 477
422 478
422 479
422 480
422 482
422 483
422 484
422 486
422 487
422 491
422 492
422 493
422 499
423 431
423 433
423 434
423 437
423 439
423 440
423 444
423 446
423 447
423 450
423 453
423 454
423 455
423 456
423 457
423 458
423 463
423 465
423 466
423 472
423 473
423 474
423 477
423 479
423 481
423 482
423 483
423 484
423 487
423 491
423 492
423 493
423 494
423 495
423 496
423 498
424 425
424 431
424 434
424 435
424 436
424 438
424 440
424 448
424 449
424 452
424 455
424 456
424 458
424 459
424 460
424 461
424 463
424 465
424 466
424 469
424 470
424 471
424 472
424 473
424 475
424 478
424 483
424 485
424 487
424 488
424 490
424 491
424 492
424 493
424 494
424 498
425 427
425 428
425 434
425 435
425 437
425 438
425 440
425 441
425 442
425 444
425 445
425 448
425 450
425 451
425 452
425 454
425 457
425 460
425 461
425 465
425 466
425 467
425 468
425 469
425 471
425 472
425 473
425 474
425 475
425 476
425 478
425 480
425 483
425 486
425 488
425 489
425 491
425 492
425 495
425 496
425 497
425 498
426 427
426 428
426 429
426 430
426 433
426 434
426 437
426 438
426 439
426 440
426 442
426 446
426 449
426 450
426 451
426 454
426 455
426 457
426 458
426 460
426 463
426 466
426 468
426 470
426 473
426 475
426 477
426 478
426 479
426 480
426 481
426 482
426 485
426 489
426 495
426 497
426 498
427 428
427 431
427 432
427 433
427 435
427 436
427 438
427 439
427 447
427 449
427 450
427 452
427 453
427 454
427 456
427 458
427 459
427 463
427 465
427 467
427 468
427 469
427 470
427 474
427 475
427 476
427 477
427 478
427 479
427 480
427 481
427 482
427 483
427 484
427 486
427 488
427 489
427 490
427 491
427 492
427 493
427 497
427 499
428 429
428 430
428 435
428 436
428 438
428 441
428 442
428 444
428 445
428 446
428 449
428 453
428 455
428 456
428 459
428 461
428 462
428 464
428 465
428 467
428 469
428 471
428 472
428 476
428 477
428 479
428 482
428 483
428 485
428 486
428 487
428 488
428 489
428 491
428 493
428 494
428 495
428 496
428 499
429 431
429 439
429 444
429 445
429 447
429 451
429 452
429 454
429 455
429 463
429 464
429 467
429 470
429 473
429 474
429 476
429 477
429 479
429 484
429 485
429 486
429 488
429 489
429 490
429 491
429 494
429 497
429 498
430 432
430 433
430 434
430 436
430 437
430 440
430 441
430 443
430 444
430 445
430 446
430 447
430 450
430 452
430 453
430 454
430 458
430 459
430 461
430 463
430 464
430 467
430 471
430 477
430 480
430 484
430 485
430 486
430 489
430 491
430 493
430 495
430 496
430 497
431 434
431 435
431 436
431 437
431 440
431 441
431 444
431 446
431 447
431 448
431 449
431 453
431 455
431 457
431 462
431 464
431 468
431 470
431 471
431 473
431 474
431 475
431 476
431 479
431 484
431 485
431 489
431 490
431 491
431 495
431 496
431 497
432 434
432 436
432 437
432 438
432 442
432 443
432 444
432 446
432 447
432 449
432 452
432 453
432 458
432 464
432 467
432 469
432 472
432 473
432 474
432 476
432 478
432 480
432 481
432 483
432 485
432 486
432 487
432 490
432 492
432 493
432 495
432 497
433 434
433 436
433 437
433 439
433 444
433 445
433 446
433 447
433 448
433 454
433 455
433 456
433 458
433 461
433 462
433 463
433 464
433 466
433 468
433 472
433 474
433 476
433 477
433 479
433 480
433 481
433 485
433 487
433 488
433 490
433 492
433 494
433 495
433 496
433 497
434 436
434 437
434 444
434 445
434 446
434 449
434 450
434 451
434 452
434 455
434 457
434 459
434 461
434 462
434 463
434 464
434 466
434 468
434 470
434 471
434 473
434 475
434 479
434 487
434 488
434 490
434 492
434 493
434 494
435 437
435 438
435 439
435 441
435 442
435 443
435 444
435 446
435 447
435 448
435 453
435 454
435 455
435 457
435 460
435 461
435 462
435 463
435 464
435 466
435 467
435 471
435 474
435 475
435 478
435 480
435 481
435 484
435 485
435 489
435 490
435 494
435 496
436 438
436 442
436 443
436 446
436 447
436 448
436 453
436 456
436 460
436 464
436 465
436 466
436 472
436 475
436 476
436 477
436 481
436 482
436 483
436 484
436 491
436 492
436 494
436 495
436 498
437 439
437 440
437 447
437 448
437 449
437 450
437 455
437 457
437 459
437 461
437 463
437 464
437 466
437 467
437 469
437 470
437 475
437 478
437 480
437 485
437 486
437 487
437 489
437 490
437 493
437 494
437 495
437 498
437 499
438 443
438 445
438 446
438 449
438 451
438 452
438 454
438 455
438 457
438 458
438 459
438 461
438 462
438 464
438 465
438 468
438 470
438 471
438 478
438 479
438 481
438 482
438 484
438 486
438 487
438 488
438 490
438 491
438 492
438 493
438 496
438 499
439 440
439 441
439 442
439 443
439 445
439 446
439 447
439 448
439 450
439 455
439 456
439 457
439 461
439 463
439 464
439 465
439 467
439 468
439 469
439 470
439 472
439 474
439 475
439 476
439 479
439 482
439 484
439 486
439 488
439 492
439 493
439 494
439 496
439 497
439 499
440 441
440 444
440 445
440 446
440 448
440 450
440 453
440 459
440 462
440 465
440 466
440 467
440 471
440 473
440 474
440 477
440 479
440 482
440 485
440 487
440 490
440 491
440 494
440 497
441 442
441 448
441 450
441 451
441 452
441 453
441 454
441 457
441 459
441 460
441 461
441 463
441 466
441 467
441 468
441 471
441 474
441 475
441 476
441 477
441 478
441 481
441 483
441 484
441 485
441 486
441 488
441 489
441 490
441 491
441 493
441 494
441 496
441 499
442 443
442 444
442 445
442 448
442 449
442 452
442 454
442 455
442 456
442 457
442 458
442 460
442 464
442 466
442 467
442 468
442 470
442 471
442 477
442 478
442 480
442 482
442 483
442 485
442 486
442 488
442 492
442 493
442 494
442 497
442 498
443 447
443 450
443 452
443 454
443 455
443 458
443 460
443 461
443 462
443 464
443 466
443 467
443 470
443 471
443 476
443 478
443 481
443 482
443 485
443 491
443 492
443 494
443 496
443 497
443 499
444 445
444 446
444 447
444 450
444 451
444 452
444 454
444 457
444 458
444 459
444 460
444 463
444 464
444 465
444 466
444 467
444 469
444 470
444 471
444 474
444 475
444 477
444 478
444 480
444 481
444 485
444 486
444 487
444 488
444 489
444 490
444 492
444 494
444 496
444 497
445 447
445 451
445 454
445 455
445 458
445 460
445 461
445 466
445 469
445 471
445 472
445 474
445 477
445 479
445 480
445 481
445 483
445 484
445 485
445 486
445 487
445 488
445 490
445 491
445 492
445 493
445 494
445 496
445 498
445 499
446 447
446 448
446 453
446 455
446 456
446 457
446 458
446 459
446 461
446 463
446 464
446 466
446 467
446 468
446 469
446 471
446 475
446 477
446 478
446 486
446 487
446 488
446 493
446 494
446 495
446 497
446 499
447 449
447 450
447 451
447 452
447 453
447 455
447 456
447 459
447 461
447 462
447 464
447 466
447 469
447 471
447 472
447 473
447 476
447 478
447 480
447 483
447 485
447 490
447 495
447 498
447 499
448 453
448 455
448 456
448 458
448 459
448 462
448 464
448 466
448 470
448 472
448 473
448 474
448 476
448 480
448 482
448 487
448 489
448 490
448 497
448 499
449 452
449 453
449 454
449 456
449 457
449 459
449 460
449 462
449 464
449 468
449 469
449 470
449 472
449 473
449 474
449 475
449 477
449 478
449 481
449 482
449 486
449 487
449 490
449 492
449 494
449 495
449 498
450 451
450 452
450 453
450 454
450 455
450 456
450 457
450 459
450 460
450 461
450 465
450 466
450 467
450 468
450 469
450 470
450 473
450 474
450 475
450 476
450 479
450 480
450 481
450 482
450 483
450 484
450 488
450 491
450 492
450 494
450 498
451 452
451 455
451 456
451 457
451 459
451 462
451 463
451 464
451 466
451 468
451 469
451 470
451 472
451 473
451 474
451 477
451 478
451 479
451 481
451 483
451 484
451 488
451 491
451 494
451 496
451 499
452 453
452 455
452 457
452 460
452 463
452 464
452 465
452 467
452 468
452 469
452 473
452 476
452 477
452 480
452 482
452 484
452 485
452 487
452 492
452 493
452 494
452 496
452 498
453 456
453 458
453 460
453 461
453 462
453 463
453 464
453 467
453 468
453 469
453 471
453 473
453 474
453 476
453 477
453 478
453 480
453 481
453 482
453 488
453 489
453 492
453 493
453 495
453 497
453 498
453 499
454 457
454 458
454 459
454 461
454 465
454 467
454 468
454 469
454 470
454 471
454 472
454 474
454 475
454 476
454 480
454 483
454 484
454 485
454 486
454 489
454 493
454 494
454 495
454 496
454 497
455 456
455 457
455 459
455 460
455 464
455 465
455 466
455 470
455 471
455 472
455 473
455 474
455 475
455 478
455 479
455 480
455 481
455 482
455 486
455 487
455 489
455 490
455 491
455 492
455 495
455 496
456 457
456 459
456 461
456 462
456 465
456 467
456 468
456 471
456 472
456 473
456 475
456 476
456 477
456 482
456 483
456 484
456 488
456 489
456 490
456 491
456 492
456 493
456 494
456 495
456 497
457 458
457 459
457 465
457 466
457 469
457 470
457 471
457 477
457 481
457 483
457 484
457 486
457 494
457 495
457 496
457 498
457 499
458 459
458 461
458 462
458 463
458 464
458 465
458 467
458 468
458 471
458 472
458 473
458 475
458 479
458 480
458 481
458 482
458 484
458 488
458 491
458 495
458 496
458 497
458 498
458 499
459 460
459 465
459 466
459 467
459 468
459 474
459 475
459 477
459 478
459 479
459 481
459 482
459 485
459 489
459 492
459 497
460 461
460 464
460 465
460 468
460 469
460 470
460 473
460 476
460 477
460 478
460 479
460 481
460 482
460 483
460 484
460 486
460 488
460 490
460 492
460 493
460 495
460 499
461 464
461 466
461 470
461 474
461 476
461 478
461 479
461 480
461 483
461 489
461 490
461 492
461 494
461 495
461 497
461 499
462 464
462 466
462 470
462 472
462 473
462 475
462 476
462 478
462 480
462 483
462 485
462 487
462 488
462 489
462 490
462 492
462 498
463 468
463 472
463 475
463 479
463 483
463 484
463 485
463 486
463 488
463 491
463 494
463 495
463 496
463 497
463 499
464 466
464 467
464 470
464 471
464 476
464 481
464 482
464 484
464 485
464 487
464 490
464 491
464 494
464 495
464 496
464 497
464 499
465 467
465 468
465 469
465 472
465 473
465 477
465 479
465 483
465 484
465 491
465 492
465 493
465 495
465 496
465 497
465 498
465 499
466 469
466 470
466 472
466 476
466 477
466 478
466 479
466 480
466 481
466 486
466 489
466 492
466 493
466 495
466 496
466 497
467 468
467 470
467 472
467 473
467 476
467 479
467 480
467 481
467 482
467 483
467 485
467 486
467 487
467 490
467 491
467 494
467 495
467 496
467 497
467 498
468 470
468 472
468 473
468 474
468 476
468 477
468 480
468 482
468 485
468 486
468 488
468 492
468 493
468 495
468 496
468 498
469 470
469 475
469 476
469 477
469 482
469 483
469 484
469 485
469 487
469 491
469 492
469 494
469 495
469 497
469 498
470 471
470 474
470 476
470 479
470 480
470 481
470 484
470 485
470 486
470 487
470 491
470 493
470 495
470 497
470 499
471 472
471 474
471 475
471 476
471 483
471 485
471 486
471 488
471 489
471 491
471 493
471 496
471 498
472 475
472 476
472 477
472 479
472 485
472 489
472 491
472 493
472 494
472 495
472 497
472 498
472 499
473 478
473 480
473 483
473 484
473 486
473 488
473 493
473 495
473 496
473 498
474 476
474 480
474 481
474 485
474 486
474 489
474 490
474 492
474 494
474 499
475 479
475 481
475 484
475 485
475 486
475 491
475 493
475 494
475 495
475 496
475 497
475 498
475 499
476 477
476 478
476 483
476 484
476 486
476 487
476 488
476 489
476 490
476 494
476 496
476 497
476 499
477 479
477 480
477 482
477 483
477 485
477 486
477 487
477 489
477 490
477 491
477 492
477 495
477 499
478 480
478 481
478 482
478 483
478 484
478 485
478 486
478 488
478 490
478 491
478 492
478 493
478 494
478 496
478 498
479 482
479 485
479 486
479 488
479 490
479 494
479 495
479 497
479 498
480 481
480 482
480 483
480 484
480 488
480 490
480 491
480 492
480 493
480 495
480 498
480 499
481 484
481 485
481 489
481 490
481 492
481 493
481 494
481 497
481 498
481 499
482 483
482 486
482 489
482 492
482 493
483 486
483 487
483 489
483 492
483 493
483 496
483 497
483 498
484 492
484 494
484 495
484 497
484 498
485 486
485 490
485 492
485 493
485 494
485 496
485 498
486 487
486 490
486 492
486 495
486 497
487 489
487 490
487 491
487 493
487 494
487 497
487 498
488 490
488 491
488 492
488 495
489 490
489 491
489 492
489 493
489 499
490 496
490 497
490 499
491 492
491 494
491 495
491 498
491 499
492 494
492 499
493 495
493 499
494 496
494 497
494 498
495 496
495 497
495 498
496 497
496 498
496 499
497 498
497 499
