# family=hard seed=1
500 77199
165 216
192 319
266 268
357 386
343 488
68 283
21 437
54 385
417 437
394 453
72 402
53 160
359 432
144 278
130 380
218 227
245 330
336 448
47 345
0 499
69 104
74 448
107 396
396 499
10 463
51 464
338 494
49 391
472 494
71 150
109 442
150 443
197 289
26 407
7 165
86 458
34 268
199 335
273 284
259 386
364 402
424 453
23 109
9 211
102 402
124 161
162 453
215 279
201 381
275 330
5 469
60 176
13 330
426 499
25 155
63 447
99 104
104 448
151 294
178 397
252 346
250 273
76 120
62 222
81 464
136 171
442 443
153 340
180 443
213 391
254 392
328 341
378 458
419 459
56 407
37 165
78 166
231 408
229 335
55 182
132 402
206 351
266 402
431 469
30 125
35 469
57 228
131 177
134 448
208 397
222 295
282 346
342 397
20 346
106 120
92 222
133 223
166 171
245 464
284 392
143 187
449 459
108 166
335 357
71 284
145 233
236 351
48 300
34 402
122 249
101 126
120 176
139 418
161 177
199 469
221 228
312 346
23 243
64 244
124 295
215 413
349 413
27 362
8 120
13 464
25 289
66 290
252 480
200 290
217 459
291 408
2 305
43 306
29 408
84 115
115 182
194 475
175 233
268 424
6 424
18 249
4 351
78 300
152 249
138 351
193 250
243 367
270 470
344 419
55 316
3 126
8 470
94 244
154 295
228 244
319 362
346 465
57 362
131 311
117 413
222 429
170 239
282 480
323 481
20 480
59 408
133 357
147 255
224 475
298 424
358 475
31 80
17 182
36 424
58 183
91 131
108 300
110 373
149 301
182 249
209 352
223 250
335 491
300 470
52 368
38 470
434 470
184 295
411 486
409 413
87 362
109 121
221 362
312 480
26 86
12 188
64 378
91 481
124 429
177 255
163 357
237 306
388 475
61 80
66 424
88 183
121 131
140 373
167 476
179 301
200 424
214 322
406 492
24 198
103 491
82 368
63 126
142 419
156 317
216 368
276 419
464 470
307 486
381 435
18 383
4 485
40 142
482 487
100 193
193 384
77 209
56 86
94 378
116 137
121 481
135 379
154 429
168 327
360 497
19 204
98 497
170 373
244 322
230 424
271 425
285 323
73 440
147 389
95 199
133 491
155 250
260 266
246 368
347 420
72 215
75 486
130 193
209 486
283 435
322 363
33 260
74 261
198 327
239 328
299 379
32 35
390 497
68 446
101 394
434 498
109 255
183 204
202 446
301 425
12 322
86 271
34 81
177 389
125 199
204 492
218 390
88 317
162 266
313 435
5 282
354 436
27 41
65 333
118 159
104 261
137 209
156 451
178 210
238 261
269 328
255 430
329 379
40 276
81 277
67 379
389 430
172 395
232 446
180 256
292 497
306 395
366 446
56 220
4 30
116 271
157 272
190 220
248 390
234 492
93 287
46 441
151 457
132 215
192 266
233 267
285 457
343 435
16 40
21 384
95 333
155 384
169 282
208 210
58 451
359 379
37 328
111 277
171 328
262 446
396 446
0 446
74 395
148 344
96 154
160 169
113 323
146 271
187 272
247 323
51 411
49 338
90 339
71 97
123 287
150 390
263 267
48 113
414 436
166 334
240 283
226 385
331 401
391 452
50 159
88 451
143 350
215 226
275 277
5 416
27 175
426 446
118 293
178 344
252 293
269 462
217 272
7 462
43 119
81 411
122 412
141 462
120 339
180 390
254 339
6 237
345 457
18 62
4 164
23 406
78 113
83 457
231 355
229 282
270 283
55 129
8 283
60 473
421 452
99 401
132 349
159 452
173 350
398 468
76 417
136 468
117 226
134 395
208 344
222 242
249 345
37 462
73 119
59 221
111 411
133 170
152 412
212 463
224 288
14 478
55 479
127 355
113 457
187 406
261 355
247 457
302 356
30 422
11 180
85 129
38 283
71 231
90 473
126 130
203 350
277 299
337 350
87 175
279 345
91 294
182 412
163 170
215 360
242 463
256 361
80 135
66 237
85 479
118 427
140 186
217 406
318 458
392 407
29 355
120 473
194 422
18 196
4 298
45 299
97 489
105 350
196 468
270 417
344 366
330 468
22 315
3 73
435 484
94 191
173 484
121 294
154 242
195 243
286 361
272 463
24 361
98 310
84 412
170 186
249 479
230 237
1 377
73 253
21 63
59 355
133 304
147 202
174 305
207 253
224 422
298 371
325 474
339 372
399 423
89 197
127 489
149 248
209 299
314 315
300 417
52 315
186 315
165 192
184 242
203 484
225 243
277 433
10 89
68 259
101 207
128 310
202 259
188 361
279 479
353 428
31 377
12 135
413 479
177 202
163 304
204 305
295 423
355 474
80 269
28 79
107 372
88 130
140 320
167 423
181 321
179 248
198 490
332 490
280 300
5 95
10 439
43 387
65 146
183 367
257 316
307 433
348 434
381 382
408 485
40 89
81 90
67 192
119 382
193 331
172 208
158 310
232 259
292 310
22 449
383 428
61 377
135 326
443 479
195 377
286 495
234 305
360 444
19 151
24 495
46 254
60 152
93 100
63 423
170 320
436 439
40 439
114 388
174 439
213 367
246 315
347 367
58 264
378 434
89 331
37 141
70 89
75 433
149 382
223 331
438 485
314 449
14 157
0 259
52 449
74 208
93 450
266 378
299 326
51 224
390 444
431 445
68 393
49 151
90 152
128 444
150 203
169 445
202 393
241 321
26 167
53 270
70 439
218 337
204 439
47 455
28 213
102 162
129 265
179 382
294 332
32 332
385 450
44 157
123 450
156 398
197 399
257 450
269 275
255 377
296 378
7 275
81 224
29 34
141 275
172 342
232 393
6 50
23 219
97 168
135 460
157 219
234 439
308 388
349 389
60 286
41 44
46 388
132 162
159 265
252 456
285 404
324 332
35 229
21 331
76 230
153 450
287 450
20 106
89 465
138 327
171 275
212 276
14 291
36 50
96 101
165 460
113 270
187 219
30 235
16 337
38 96
164 235
282 456
356 405
15 112
53 404
139 178
218 471
331 348
317 450
391 399
69 348
50 106
91 107
129 399
143 297
160 466
294 466
32 466
333 394
44 291
118 240
104 342
145 343
236 461
217 219
310 410
370 461
43 66
29 168
48 410
103 117
194 235
221 338
6 184
312 456
386 405
446 456
83 404
124 405
157 353
248 471
196 281
289 472
297 333
27 472
8 230
25 399
173 297
233 348
324 466
272 276
365 467
76 364
62 466
136 415
134 342
175 343
249 292
39 482
340 410
400 461
4 461
37 409
59 168
78 410
138 461
152 359
212 410
224 235
251 338
377 477
55 426
36 184
75 112
154 405
168 303
228 354
319 472
30 369
52 128
38 230
90 420
203 297
263 348
15 246
395 467
87 122
92 466
166 415
240 364
331 482
279 292
31 190
110 483
143 431
430 461
182 359
256 308
283 411
11 477
85 426
66 184
448 478
198 303
184 405
258 354
10 252
43 200
122 493
82 128
87 472
120 420
142 179
161 421
221 472
334 349
119 195
105 297
210 313
163 467
237 416
311 365
22 262
8 364
402 483
61 190
99 482
121 241
135 139
286 308
272 410
76 498
98 257
115 426
137 185
175 477
1 324
288 354
18 493
40 252
73 200
100 303
152 493
174 252
193 494
191 421
251 472
325 421
77 319
58 77
94 488
75 246
149 195
168 437
176 298
190 196
302 437
281 314
267 416
341 365
52 262
0 72
79 365
93 263
126 211
170 483
244 432
304 483
343 411
68 206
106 498
147 499
202 206
155 360
188 308
205 477
246 478
279 426
17 426
53 83
91 375
70 252
204 252
295 370
396 422
107 319
181 268
167 370
198 437
373 438
5 42
10 386
65 93
82 262
197 212
274 432
348 381
26 330
7 88
12 432
67 139
86 381
408 432
158 257
311 499
61 324
88 427
162 376
253 494
234 252
60 99
46 201
65 443
137 319
211 268
238 371
271 319
288 488
329 489
362 437
40 386
21 144
62 145
174 386
403 438
463 489
153 263
213 314
39 161
56 330
37 88
42 432
89 278
138 140
176 432
264 279
281 448
415 448
14 104
41 207
74 155
165 273
206 274
192 376
266 325
357 443
68 340
16 150
90 99
169 392
155 494
417 494
241 268
301 319
53 217
359 489
433 438
130 437
204 386
47 402
69 161
148 454
160 279
280 381
32 279
13 37
385 397
49 448
123 397
71 207
104 155
145 156
197 346
257 397
236 274
445 448
26 464
7 222
122 172
139 341
125 443
172 289
199 392
259 443
273 341
364 459
9 268
83 217
97 115
215 336
234 386
275 387
27 285
137 453
178 454
159 212
252 403
250 330
76 177
62 279
136 228
153 397
227 346
213 448
254 449
268 347
287 397
1 3
39 295
328 398
56 464
4 274
78 223
190 464
138 274
231 465
243 290
229 392
303 341
330 444
363 392
132 459
154 218
266 459
30 182
57 285
131 234
117 336
208 454
15 59
185 470
207 229
298 347
284 449
358 398
418 449
160 413
108 223
335 414
11 290
85 239
219 239
236 408
184 218
296 459
310 357
337 460
10 65
48 357
122 306
139 475
161 234
273 475
221 285
64 301
215 470
196 228
349 470
27 419
8 177
388 398
99 295
214 245
250 464
365 414
2 362
43 363
24 121
29 465
76 311
103 414
115 239
268 481
276 342
1 137
340 357
4 408
78 357
59 115
100 116
105 460
138 408
152 306
193 307
303 475
55 373
3 183
41 475
77 132
94 301
443 455
319 419
379 470
420 471
52 75
38 177
57 419
112 126
117 470
131 368
203 244
244 245
230 347
15 193
73 363
54 121
133 414
147 312
207 363
205 290
298 481
432 481
110 430
58 240
91 188
397 460
209 409
283 358
11 424
85 373
107 132
112 476
167 183
186 425
198 250
184 352
258 301
318 352
101 317
161 368
109 178
221 419
26 143
12 245
64 435
86 194
124 486
177 312
163 414
311 312
80 379
61 137
66 481
88 240
200 481
253 307
43 497
24 255
65 256
404 476
63 183
142 476
156 374
189 322
216 425
1 271
290 374
288 301
381 492
40 199
114 148
174 199
191 368
265 317
306 318
3 317
77 266
89 91
168 384
116 194
0 19
79 312
93 210
170 430
244 379
304 430
68 153
73 497
95 256
147 446
260 323
246 425
72 272
70 199
149 492
223 441
171 251
283 492
262 369
322 420
33 317
74 318
184 486
225 487
239 385
299 436
373 385
51 334
32 92
101 451
49 261
109 312
274 379
315 380
26 277
12 379
86 328
375 431
139 154
125 256
177 446
199 205
237 497
350 374
28 323
102 272
88 374
162 323
179 492
253 441
327 390
354 493
387 441
65 390
13 200
46 148
104 318
137 266
178 267
255 487
389 487
81 334
62 92
67 436
141 385
172 452
254 262
345 380
405 431
4 87
42 379
157 329
190 277
231 278
281 395
382 447
14 51
60 396
93 344
132 272
192 323
357 390
384 493
16 97
21 441
57 98
95 390
155 441
134 318
72 406
20 216
111 334
185 283
460 488
245 334
14 401
74 452
148 401
96 211
129 159
160 226
146 328
220 277
261 278
247 380
32 226
338 498
352 396
49 395
90 396
71 154
150 447
164 345
412 447
472 498
26 411
48 170
240 340
226 442
331 458
364 406
28 457
102 406
50 216
124 165
143 407
215 283
201 385
275 334
5 473
27 232
13 334
25 159
104 452
118 350
252 350
238 452
250 277
2 175
76 124
29 278
81 468
103 227
442 447
153 344
268 294
254 396
328 345
6 294
419 463
18 119
78 170
105 273
229 339
270 340
330 391
55 186
8 340
94 114
132 406
233 458
305 334
35 473
76 474
57 232
131 181
117 283
134 452
222 299
323 351
309 453
73 176
185 417
133 227
224 345
17 52
96 345
110 243
127 412
108 170
187 463
261 412
209 222
321 463
335 361
300 340
30 479
11 237
85 186
38 340
71 288
112 289
126 187
164 479
186 238
236 355
263 458
337 407
10 12
48 304
101 130
139 422
240 474
221 232
312 350
12 58
50 350
91 351
124 299
215 417
163 227
256 418
316 469
27 366
13 468
80 192
200 294
217 463
291 412
43 310
24 68
29 412
103 361
115 186
156 187
194 479
216 238
18 253
4 355
45 356
367 407
105 407
193 254
210 423
270 474
344 423
22 372
77 79
154 299
319 366
360 367
346 469
98 367
79 125
84 469
222 433
170 243
323 485
271 295
21 120
54 68
59 412
147 259
224 479
298 428
399 480
36 428
72 85
58 187
77 429
89 254
96 479
209 356
300 474
374 423
434 474
33 130
38 474
112 423
126 321
186 372
10 146
15 490
376 469
101 264
49 74
54 418
87 366
188 418
202 316
293 434
353 485
427 434
26 90
12 192
86 141
91 485
177 259
163 361
204 362
237 310
278 311
369 429
80 326
28 136
61 84
88 187
107 429
140 377
181 378
179 305
253 254
396 493
5 152
10 496
65 203
82 372
156 321
142 423
216 372
257 373
290 321
348 491
381 439
40 146
45 490
67 249
81 147
119 439
482 491
232 316
292 367
383 485
56 90
61 434
116 141
121 485
135 383
195 434
234 362
60 209
137 429
170 377
285 327
271 429
436 496
95 203
174 496
260 270
320 321
347 424
72 219
58 321
89 388
37 198
70 146
111 147
149 439
171 198
223 388
322 367
47 162
0 316
74 265
126 455
165 383
225 434
51 281
32 39
109 259
202 450
241 378
315 327
26 224
12 326
53 327
375 378
466 496
125 203
204 496
218 394
278 445
317 373
28 270
9 28
88 321
129 322
179 439
220 440
253 388
280 491
5 286
294 389
27 45
13 147
32 389
65 337
118 163
156 455
178 214
354 440
238 265
269 332
255 434
329 383
370 384
29 91
67 383
141 332
172 399
120 209
153 157
273 451
306 399
6 107
23 276
4 34
9 378
42 326
56 224
97 225
234 496
308 445
368 496
46 445
173 220
159 322
233 271
285 461
250 440
35 286
76 287
62 389
136 338
384 440
134 265
208 214
39 405
20 163
326 435
111 281
59 91
171 332
185 230
212 333
303 451
336 399
14 348
0 450
41 451
148 348
377 400
437 451
127 225
113 327
239 466
247 327
51 415
16 394
90 343
71 101
164 292
439 497
203 220
263 271
356 462
15 169
48 117
53 461
414 440
92 389
166 338
240 287
432 457
69 405
50 163
129 456
143 354
215 230
333 451
44 348
118 297
66 107
71 451
104 399
219 349
217 276
7 466
43 123
29 225
122 416
318 328
409 446
120 343
194 292
254 343
386 462
18 66
4 168
45 169
157 410
105 220
210 236
196 338
270 287
330 338
60 477
8 287
25 456
121 164
233 405
272 333
76 421
57 179
98 180
84 282
136 472
134 399
189 298
309 400
340 467
73 123
59 225
78 467
133 174
152 416
212 467
251 395
325 344
55 483
110 190
108 117
154 462
187 410
352 477
30 426
11 184
90 477
38 287
112 236
126 134
203 354
277 303
263 405
304 406
337 354
469 473
106 421
54 231
87 179
128 180
240 421
205 400
279 349
17 349
91 298
143 488
108 467
242 467
316 416
481 483
80 139
66 241
85 483
107 242
140 190
181 191
219 483
184 462
217 410
258 411
318 462
43 257
392 411
423 478
82 185
120 477
142 236
161 478
235 427
334 406
45 303
105 354
193 201
210 370
196 472
237 473
8 421
173 488
195 247
286 365
346 416
24 365
98 314
137 242
249 483
290 484
323 432
1 381
288 411
21 67
59 359
100 360
77 376
58 134
75 303
149 252
168 494
176 355
190 253
302 494
300 421
52 319
38 421
79 422
93 320
112 370
401 473
244 489
225 247
324 345
376 416
68 263
54 365
188 365
320 484
353 432
26 37
12 139
17 483
70 309
144 258
256 499
204 309
355 478
80 273
33 427
107 376
88 134
181 325
198 494
179 252
406 443
5 99
10 443
123 320
109 422
142 370
156 268
197 269
348 438
408 489
7 145
12 489
45 437
67 196
172 212
158 314
364 382
383 432
424 433
61 381
88 484
162 433
286 499
24 499
151 274
211 325
250 253
362 494
436 443
35 99
21 201
40 443
62 202
95 150
100 494
136 151
141 495
153 320
227 269
347 371
378 438
438 489
42 489
479 490
176 489
264 336
14 161
0 263
93 454
165 330
206 331
192 433
239 279
51 228
30 105
16 207
68 397
90 156
150 207
53 274
433 495
70 443
144 392
125 150
171 495
204 443
218 341
245 444
317 320
47 459
28 217
143 167
129 269
468 489
160 336
294 336
280 438
354 387
32 336
385 454
104 212
145 213
296 382
7 279
48 280
29 38
81 228
172 346
120 156
199 449
180 207
273 398
6 54
372 377
9 325
83 274
97 172
248 341
201 495
234 443
275 444
289 342
349 393
46 392
25 269
99 218
151 408
159 269
324 336
2 285
351 439
62 336
384 387
84 95
153 454
227 403
175 213
287 454
326 382
37 279
111 228
152 229
212 280
243 347
303 398
14 295
55 296
41 398
113 274
154 275
379 393
16 341
90 290
131 291
117 393
222 409
282 460
92 336
166 285
207 286
226 336
331 352
317 454
358 455
31 60
17 162
96 455
110 353
129 403
108 280
160 470
333 398
11 347
44 295
71 398
145 347
393 449
434 450
236 465
217 223
310 414
370 465
411 466
43 70
29 172
48 414
122 363
87 342
120 290
161 291
194 239
23 357
9 459
45 116
50 460
105 167
446 460
196 285
237 286
289 476
297 337
8 234
388 455
25 403
99 352
140 353
159 403
173 301
200 404
272 280
76 368
24 178
98 127
84 229
175 347
249 296
290 297
276 399
340 414
400 465
59 172
138 465
152 363
191 291
251 342
3 240
77 189
94 358
75 116
228 358
302 307
319 476
267 286
453 476
52 132
131 425
112 183
203 301
244 302
230 404
304 353
395 471
73 420
54 178
92 470
106 368
133 471
147 369
205 347
279 296
31 194
17 296
110 487
430 465
182 363
130 173
209 466
256 312
11 481
80 86
33 240
85 430
126 431
186 482
448 482
258 358
318 409
423 425
101 374
82 132
161 425
142 183
183 184
221 476
235 374
274 302
64 492
12 302
86 251
177 369
163 471
237 420
311 369
297 471
402 487
80 436
135 143
162 246
253 364
286 312
24 312
46 71
478 482
115 430
189 379
137 189
216 482
290 431
1 328
288 358
389 410
114 205
100 307
265 374
251 476
292 477
306 375
3 374
77 323
366 426
89 148
75 250
94 492
168 441
190 200
267 420
341 369
19 318
0 76
93 267
368 472
401 420
304 487
16 20
54 312
95 313
128 261
169 262
246 482
320 431
53 87
58 431
144 205
130 307
171 308
204 256
223 498
295 374
396 426
148 324
373 442
10 390
32 149
123 267
109 369
183 318
197 216
274 436
334 487
26 334
7 92
12 436
34 195
375 488
139 211
158 261
199 262
23 36
61 328
83 87
88 431
162 380
253 498
201 308
327 447
5 396
60 103
65 447
25 82
104 375
137 323
178 324
269 442
81 391
62 149
67 493
114 339
141 442
153 267
463 493
213 318
39 165
378 385
405 488
42 436
116 385
157 386
138 144
176 436
231 335
264 283
229 262
281 452
19 452
55 109
93 401
192 380
266 329
357 447
30 52
35 396
95 447
458 499
117 206
155 498
72 463
20 273
359 493
70 390
144 339
92 149
185 340
245 391
284 319
47 406
410 458
96 268
129 216
160 283
146 385
220 334
261 335
247 437
321 386
32 283
385 401
85 109
71 211
123 401
164 402
236 278
296 329
26 468
122 176
139 345
125 447
488 499
240 397
273 345
23 170
64 171
50 273
97 119
102 463
124 222
143 464
275 391
8 47
13 391
44 458
99 165
178 458
159 216
200 217
291 335
2 232
76 181
62 283
103 284
120 453
153 401
268 351
254 453
328 402
1 7
326 329
18 176
4 278
78 227
97 469
152 176
231 469
243 294
270 397
303 345
330 448
55 243
3 53
41 345
132 463
173 464
154 222
305 391
30 186
57 289
131 238
117 340
222 356
208 458
323 408
15 63
20 407
106 181
92 283
133 284
147 182
185 474
207 233
224 402
298 351
284 453
36 351
110 300
261 469
209 279
335 418
85 243
71 345
112 346
145 294
186 295
236 412
277 413
337 464
10 69
15 413
139 479
87 289
161 238
221 289
64 305
12 115
45 63
215 474
163 284
289 423
388 402
80 249
66 351
214 249
200 351
291 469
365 418
43 367
24 125
29 469
65 126
103 418
115 243
156 244
142 346
175 294
189 192
216 295
276 346
307 413
40 69
45 413
78 361
100 120
193 311
251 289
344 480
22 429
3 187
77 136
383 408
443 459
154 356
228 305
286 475
319 423
360 424
420 475
57 423
131 372
79 182
222 490
244 249
230 351
271 352
1 491
395 418
73 367
59 469
95 126
133 418
205 294
246 295
339 486
31 141
36 485
72 142
110 434
397 464
108 361
223 311
209 413
283 362
314 429
374 480
11 428
47 85
52 429
107 136
112 480
126 378
186 429
198 254
184 356
239 255
299 306
10 203
390 424
101 321
49 131
128 424
161 372
188 475
202 373
450 475
293 491
427 491
26 147
12 249
31 491
177 316
163 418
204 419
237 367
402 434
80 383
61 141
102 142
88 244
181 435
179 362
313 362
5 209
354 363
65 260
13 70
404 480
63 187
156 378
216 429
257 430
276 480
255 357
381 496
40 203
81 204
67 306
114 152
119 496
141 255
158 424
191 372
193 445
232 373
292 424
457 491
94 439
42 249
135 440
195 491
308 368
19 265
0 23
46 368
368 419
170 434
211 435
271 486
35 209
21 311
147 450
155 311
287 430
320 378
72 276
20 86
58 378
89 445
452 497
111 204
144 152
149 496
190 497
223 445
262 373
322 424
47 219
74 322
148 271
487 491
165 440
146 198
225 491
239 389
299 440
373 389
123 214
109 316
150 317
241 435
315 384
301 486
26 281
12 383
375 435
218 451
199 209
259 260
9 85
50 86
88 378
129 379
220 497
201 255
253 445
5 343
354 497
27 102
13 204
32 446
44 271
25 29
104 322
118 220
178 271
238 322
255 491
2 45
7 389
29 148
62 96
67 440
141 389
153 214
172 456
180 317
306 456
56 281
9 435
42 383
83 384
97 282
231 282
405 435
248 451
60 400
206 225
159 379
192 327
233 328
250 497
324 446
35 343
384 497
57 102
95 394
117 153
136 395
134 322
208 271
309 323
39 462
20 220
359 440
400 441
111 338
59 148
92 96
185 287
212 390
377 457
14 405
74 456
148 405
96 215
160 230
113 384
187 333
261 282
30 349
16 451
112 159
203 277
139 292
166 395
240 344
226 446
28 461
64 118
69 462
124 169
430 441
215 287
201 389
242 390
256 288
275 338
27 236
13 338
316 339
44 405
25 163
66 164
104 456
145 457
219 406
217 333
43 180
81 472
103 231
122 473
442 451
120 400
194 349
142 159
254 400
328 349
6 298
419 467
18 123
4 225
45 226
78 174
97 416
105 277
119 175
210 293
270 344
330 395
173 411
233 462
272 390
57 236
98 237
84 339
131 185
134 456
175 457
249 406
309 457
1 304
111 472
224 349
251 452
36 298
17 56
449 467
127 416
108 174
187 467
228 468
209 226
30 483
52 242
38 344
164 483
203 411
277 360
263 462
10 16
15 360
101 134
87 236
106 478
128 237
240 478
293 304
279 406
353 355
64 252
17 406
182 473
163 231
256 422
316 473
355 401
80 196
66 298
140 247
181 248
217 467
258 468
332 417
43 314
29 416
65 73
392 468
82 242
156 191
142 293
276 293
334 463
367 411
193 258
210 427
158 237
270 478
3 134
8 478
94 252
42 62
121 355
195 304
286 422
387 474
19 78
98 371
46 181
79 129
84 473
189 489
420 422
211 248
271 299
1 438
362 417
73 314
21 124
59 416
100 417
114 315
147 263
174 366
422 468
399 484
72 89
77 433
397 411
75 360
149 309
209 360
14 84
33 134
38 478
74 135
79 479
112 427
165 253
15 494
376 473
49 78
128 371
202 320
188 422
241 248
353 489
394 490
26 94
12 196
53 197
144 315
130 417
278 315
295 484
369 433
47 382
28 140
80 330
107 433
129 192
429 484
470 485
179 309
253 258
32 259
65 207
371 479
82 376
156 325
104 135
109 479
142 427
183 428
197 326
257 377
255 304
7 202
81 151
482 495
383 489
424 490
61 438
42 196
83 197
121 489
135 387
248 264
137 433
211 382
271 433
250 310
114 449
62 259
95 207
134 135
213 428
227 326
287 377
39 275
378 495
89 392
75 494
190 444
171 202
264 393
262 320
303 321
14 218
363 372
74 269
148 218
454 490
165 387
206 388
192 490
225 438
239 336
266 439
30 162
16 264
68 454
150 264
315 331
301 433
342 434
375 382
53 331
144 449
125 207
166 208
218 398
226 259
278 449
317 377
28 274
69 275
129 326
146 495
294 393
280 495
321 496
32 393
44 218
104 269
145 270
178 218
236 388
310 337
296 439
370 388
7 336
122 286
139 455
120 213
172 403
180 264
273 455
6 111
372 434
4 38
9 382
97 229
248 398
196 208
289 399
349 450
22 55
46 449
60 347
25 326
99 275
151 465
233 275
250 444
324 393
384 444
76 291
425 445
136 342
208 218
1 117
20 167
39 409
326 439
78 337
111 285
152 286
212 337
303 455
377 404
55 353
36 111
437 455
96 162
113 331
187 280
228 281
338 449
30 296
16 398
90 347
117 450
203 224
263 275
106 291
92 393
205 270
331 409
432 461
69 409
50 167
129 460
143 358
108 337
182 286
242 337
333 455
85 353
66 111
71 455
219 353
217 280
258 281
310 471
43 127
29 229
48 471
103 178
161 348
194 296
235 297
6 245
386 466
23 414
45 173
119 122
210 240
270 291
8 291
25 460
173 358
121 168
200 461
214 359
272 337
2 476
98 184
189 302
1 251
340 471
73 127
59 229
152 420
174 179
212 471
224 296
55 487
36 245
77 246
94 415
75 173
154 466
168 364
176 225
302 364
131 482
112 240
277 307
304 410
106 425
147 426
128 184
279 353
31 251
91 302
108 471
256 369
242 471
283 472
295 297
85 487
33 297
107 246
181 195
167 297
198 364
184 466
258 415
332 364
10 313
101 431
82 189
161 482
109 292
183 241
274 359
7 15
12 359
86 308
177 426
158 184
210 374
237 477
311 426
22 323
61 251
214 493
195 251
272 471
387 421
65 370
46 128
84 420
115 487
63 297
137 246
189 436
1 385
288 415
40 313
114 262
62 72
100 364
389 467
265 431
306 432
339 380
39 88
42 359
116 308
190 257
176 359
341 426
14 31
19 375
74 82
79 426
401 477
165 200
244 493
225 251
51 98
357 370
68 267
16 77
54 369
95 370
128 318
155 421
169 319
320 488
31 385
72 386
53 144
58 488
144 262
130 364
204 313
336 432
369 380
33 431
148 381
198 498
146 308
220 257
239 499
280 308
10 447
51 448
32 206
49 375
472 478
109 426
197 273
257 324
26 391
12 493
48 150
86 442
408 493
172 216
125 370
199 319
259 370
364 386
424 437
23 93
9 195
28 437
83 144
88 488
102 386
162 437
234 313
5 453
60 160
46 262
426 483
63 431
137 380
151 278
178 381
211 329
238 432
252 330
269 499
403 499
2 155
35 103
40 447
62 206
76 104
81 448
114 396
136 155
141 499
153 324
213 375
287 324
39 222
378 442
419 443
56 391
37 149
42 493
78 150
176 493
190 391
264 340
479 494
14 165
0 267
41 268
55 166
93 458
132 386
113 144
266 386
305 314
35 453
16 211
431 453
169 453
282 330
53 278
433 499
70 447
111 448
92 206
143 171
160 340
146 442
220 391
294 340
247 494
321 443
335 341
32 340
44 165
85 166
164 459
145 217
197 407
48 284
34 386
139 402
120 160
6 58
372 381
9 329
50 330
64 228
97 176
124 279
215 397
289 346
349 397
8 104
13 448
25 273
99 222
118 464
252 464
200 274
2 289
76 238
62 340
103 341
84 99
136 289
115 166
153 458
175 217
194 459
227 407
328 459
1 64
18 233
138 335
212 284
243 351
229 453
344 403
55 300
3 110
94 228
127 176
206 469
319 346
305 448
30 243
379 397
57 346
131 295
117 397
439 448
282 464
230 274
356 413
15 120
20 464
147 239
133 341
207 290
224 459
205 217
298 408
36 408
17 166
91 115
96 459
110 357
160 474
182 233
242 284
300 454
333 402
11 351
85 300
33 110
112 403
145 351
186 352
374 403
236 469
184 279
277 470
10 126
15 470
101 244
87 346
161 295
235 244
353 465
386 413
45 120
86 121
124 413
177 239
163 341
289 480
297 341
22 136
27 480
388 459
61 64
66 408
140 357
200 408
406 476
43 424
24 182
98 131
189 249
142 403
276 403
1 198
340 418
18 367
45 470
78 418
119 419
191 295
251 346
22 486
383 465
42 172
116 121
168 311
195 414
228 362
319 480
360 481
52 136
57 480
131 429
244 306
304 357
395 475
436 476
68 80
54 182
95 183
128 131
147 373
155 234
207 424
246 352
17 300
110 491
70 126
149 419
223 368
209 470
283 419
314 486
33 244
107 193
126 435
148 194
167 244
186 486
184 413
225 414
299 363
10 260
51 261
390 481
101 378
49 188
82 136
109 239
123 137
128 481
161 429
334 357
26 204
12 306
86 255
34 65
466 476
125 183
163 475
278 425
402 491
80 440
61 198
102 199
135 147
140 491
162 250
313 419
5 266
46 75
478 486
82 486
63 244
137 193
178 194
216 486
238 245
255 414
329 363
40 260
81 261
100 311
141 312
389 414
158 481
191 429
306 379
292 481
3 378
42 306
116 255
176 306
308 425
19 322
93 271
41 81
79 373
368 476
132 199
170 491
211 492
285 441
343 419
35 266
21 368
68 214
95 317
155 368
169 266
260 384
246 486
320 435
361 436
72 333
58 435
359 363
70 260
111 261
144 209
171 312
185 210
245 261
336 379
322 481
47 276
33 378
74 379
148 328
396 430
165 497
239 446
299 497
373 446
49 322
109 373
164 272
197 220
241 492
274 440
315 441
26 338
48 97
53 441
86 389
139 215
199 266
259 317
23 40
28 384
88 435
102 333
162 384
451 487
5 400
27 159
13 261
65 451
44 328
118 277
104 379
178 328
400 425
238 379
426 430
269 446
329 497
403 446
2 102
7 446
67 497
81 395
153 271
194 272
254 323
6 221
39 169
18 46
4 148
9 492
42 440
56 338
83 441
97 339
138 148
231 339
405 492
19 456
60 457
456 457
421 436
132 333
233 385
357 451
35 400
16 158
95 451
134 379
208 328
222 226
359 497
400 498
37 446
111 395
92 153
133 154
171 446
185 344
212 447
224 272
245 395
284 323
14 462
410 462
69 169
110 170
148 462
127 339
187 390
247 441
321 390
352 457
30 406
11 164
85 113
90 457
145 164
236 282
263 385
48 231
122 180
125 451
166 452
240 401
64 175
143 468
124 226
430 498
201 446
242 447
275 395
289 293
316 396
13 395
440 462
118 411
140 170
219 463
200 221
217 390
291 339
29 339
194 406
1 11
18 180
45 283
78 231
152 180
231 473
243 298
270 401
344 350
22 299
8 401
55 247
94 175
173 468
57 293
98 294
84 396
117 344
131 242
208 462
249 463
323 412
20 411
59 339
133 288
207 237
224 406
298 355
399 407
110 304
58 114
96 406
127 473
149 232
209 283
302 474
300 401
52 299
33 57
38 401
126 248
203 468
184 226
277 417
337 468
411 417
15 417
376 396
101 191
87 293
202 243
188 345
293 361
279 463
31 361
12 119
17 463
50 411
91 412
177 186
163 288
355 458
80 253
181 305
167 407
214 253
179 232
291 473
406 423
5 79
29 473
43 371
65 130
156 248
142 350
276 350
6 489
307 417
18 314
40 73
67 176
100 124
105 468
193 315
158 294
191 242
210 484
232 243
22 433
3 191
344 484
383 412
94 309
42 119
121 412
135 310
443 463
286 479
360 428
19 135
24 479
244 253
1 495
362 474
147 320
100 474
174 423
246 299
347 351
72 146
58 248
77 490
397 468
70 73
75 417
438 469
176 469
209 417
374 484
47 89
0 243
74 192
112 484
126 382
186 433
165 310
239 259
225 361
51 208
390 428
49 135
54 479
109 186
128 428
150 187
188 479
202 377
241 305
293 495
427 495
12 253
86 202
125 130
218 321
278 372
47 439
28 197
107 490
88 248
162 197
181 439
468 469
179 366
253 315
294 316
13 74
445 485
82 433
156 382
142 484
255 361
7 259
81 208
172 326
158 428
180 187
259 480
6 34
457 495
56 151
97 152
116 202
234 423
19 269
368 423
46 372
137 490
211 439
192 197
271 490
35 213
136 265
169 213
475 485
134 192
227 383
287 434
347 485
72 280
20 90
111 208
171 259
262 377
14 275
0 377
148 275
487 495
239 393
187 203
266 496
247 254
51 342
16 321
49 269
90 270
150 321
241 439
315 388
342 491
375 439
92 316
125 264
166 265
199 213
226 316
331 332
28 331
69 332
102 280
129 383
143 281
294 450
242 260
5 347
27 106
13 208
32 450
44 275
25 33
104 326
118 224
393 429
269 393
255 495
310 394
370 445
2 49
43 50
29 152
67 444
81 342
194 219
180 321
254 270
6 168
23 337
9 439
83 388
157 337
105 147
405 439
248 455
196 265
55 60
25 383
99 332
173 281
159 383
324 450
398 399
2 399
76 348
57 106
62 450
117 157
249 276
39 466
20 224
326 496
78 394
59 152
111 342
138 445
212 394
460 496
377 461
55 410
110 117
96 219
127 286
113 388
187 337
228 338
247 388
352 404
11 111
52 112
38 214
90 404
112 163
453 456
263 332
15 230
92 450
166 399
226 450
205 327
331 466
69 466
50 224
143 415
108 394
182 343
316 343
407 461
11 461
44 409
66 168
85 410
145 461
167 220
219 410
318 389
43 184
82 112
194 353
142 163
221 456
235 354
6 302
23 471
64 472
119 179
105 281
210 297
196 399
311 349
3 4
8 348
402 467
94 122
99 466
121 225
214 416
272 394
76 482
24 292
84 343
115 410
189 359
323 359
288 338
59 286
100 287
152 477
174 236
224 353
265 354
325 405
36 302
77 303
58 61
89 128
75 230
94 472
127 420
168 421
209 230
228 472
300 348
30 487
341 349
0 56
186 246
203 415
277 364
304 467
15 364
106 482
54 292
188 292
205 461
279 410
293 308
353 359
31 308
17 410
91 359
380 462
130 287
256 426
355 405
80 200
181 252
167 354
198 421
258 472
10 370
392 472
65 77
142 297
183 298
216 246
307 364
348 365
334 467
7 72
45 364
119 313
177 483
158 241
210 431
311 483
259 293
135 257
234 236
360 375
387 478
24 426
60 83
151 201
189 493
1 442
362 421
40 370
21 128
114 319
174 370
463 473
265 488
339 437
39 145
77 437
89 262
37 72
190 314
281 432
341 483
415 432
14 88
0 190
52 380
79 483
165 257
266 309
51 155
417 478
16 134
49 82
54 426
155 478
169 376
202 324
241 252
301 303
31 442
72 443
70 370
144 319
218 268
245 371
278 319
295 488
410 438
47 386
470 489
107 437
167 488
146 365
179 313
220 314
280 365
5 160
13 21
371 483
44 88
82 380
109 483
183 432
296 309
81 155
34 309
67 257
447 478
172 273
158 375
199 376
273 325
259 427
424 494
9 252
97 99
102 443
162 494
248 268
234 370
308 319
60 217
46 319
63 488
99 145
137 437
159 196
178 438
211 386
238 489
250 314
252 387
285 335
2 212
35 160
114 453
136 212
153 381
227 330
213 432
328 382
347 432
378 499
56 448
111 155
116 499
190 448
231 449
264 397
243 274
229 376
363 376
0 324
41 325
454 494
165 391
113 201
192 494
266 443
305 371
68 458
90 217
164 166
150 268
241 386
282 387
342 438
15 43
20 387
106 161
92 263
144 453
166 212
185 454
226 263
317 381
358 382
69 279
418 433
129 330
160 397
146 499
220 448
261 449
294 397
335 398
44 222
85 223
145 274
219 223
236 392
296 443
370 392
48 341
29 99
122 290
120 217
273 459
6 115
312 387
23 284
9 386
50 387
97 233
372 438
215 454
289 403
349 454
22 59
8 161
25 330
99 279
173 228
159 330
233 279
291 449
365 398
2 346
425 449
103 398
136 346
175 274
268 465
1 121
6 465
39 413
326 443
4 392
340 341
59 99
138 392
152 290
212 341
243 408
303 459
377 408
55 357
3 167
41 459
77 116
127 233
154 336
30 300
16 402
52 59
38 161
57 403
117 454
379 454
203 228
263 279
15 177
106 295
92 397
166 346
207 347
205 274
432 465
31 121
17 223
69 413
91 172
110 414
108 341
182 290
374 460
11 408
407 408
66 115
71 459
107 116
186 409
219 357
198 234
318 336
10 183
48 475
101 301
161 352
235 301
221 403
386 470
45 177
86 178
119 126
210 244
237 347
297 398
25 464
61 121
66 465
80 363
99 413
121 172
140 414
214 363
272 341
2 480
43 481
24 239
98 188
404 460
115 357
63 167
175 408
189 306
249 357
276 460
1 255
290 358
381 476
78 475
114 132
100 234
119 476
152 424
174 183
191 352
193 425
292 404
55 491
77 250
416 470
457 471
116 178
228 419
176 229
302 368
19 245
0 3
52 193
79 296
93 194
244 363
230 465
304 414
469 481
68 137
54 239
73 481
147 430
207 481
205 408
260 307
320 358
380 409
70 183
108 475
130 234
182 424
223 425
322 404
47 199
33 301
85 491
107 250
167 301
181 199
198 368
146 178
184 470
225 471
258 419
299 420
332 368
423 486
101 435
49 245
82 193
109 296
123 194
161 486
183 245
235 435
334 414
12 363
34 122
177 430
158 188
237 481
278 482
350 358
80 497
61 255
9 65
88 358
135 204
162 307
214 497
179 476
313 476
63 301
156 492
238 302
255 471
329 420
389 471
114 266
62 76
67 420
100 368
153 194
191 486
213 245
366 487
56 261
42 363
405 415
190 261
176 363
281 379
308 482
382 431
14 35
0 137
19 379
93 328
165 204
244 497
192 307
285 498
343 476
35 323
16 81
21 425
68 271
95 374
117 133
155 425
169 323
260 441
320 492
361 493
72 390
53 148
359 420
70 317
130 368
171 369
245 318
336 436
47 333
396 487
129 143
146 312
280 312
51 452
32 210
371 430
412 431
123 328
71 138
109 430
183 379
26 395
12 497
86 446
139 272
125 374
259 374
350 492
424 441
28 441
9 199
50 200
83 148
102 390
124 149
215 267
201 369
275 318
13 318
426 487
25 143
63 435
118 334
252 334
238 436
250 261
2 159
76 108
62 210
81 452
153 328
194 329
213 379
227 277
254 380
268 278
6 278
39 226
345 498
18 103
42 497
83 498
157 447
138 205
231 396
229 323
55 170
41 272
132 390
206 339
305 318
16 215
57 216
117 267
282 334
309 437
342 385
92 210
133 211
185 401
245 452
224 329
284 380
36 278
17 36
69 226
96 329
160 344
108 154
146 446
261 396
335 345
321 447
85 170
164 463
145 221
186 222
236 339
277 340
48 288
34 390
101 114
87 216
139 406
161 165
199 457
312 334
372 385
64 232
215 401
163 211
275 452
289 350
349 401
8 108
13 452
25 277
99 226
118 468
252 468
217 447
351 447
43 294
392 448
115 170
194 463
175 221
268 412
328 463
1 68
307 340
326 390
18 237
4 339
78 288
119 289
152 237
193 238
367 391
210 407
229 457
270 458
344 407
3 114
94 232
168 181
154 283
228 232
319 350
79 109
84 453
117 401
170 227
282 468
20 468
422 448
133 345
207 294
298 412
358 463
31 68
17 170
36 412
91 119
96 463
108 288
149 289
182 237
209 340
223 238
300 458
11 355
126 305
112 407
184 283
277 474
10 130
15 474
101 248
87 350
188 402
293 418
26 74
50 468
64 366
86 125
163 345
237 294
297 345
388 463
80 310
61 68
429 464
88 171
200 412
406 480
5 136
65 187
103 479
404 407
82 356
156 305
142 407
276 407
307 474
381 423
18 371
441 474
40 130
119 423
100 181
191 299
232 300
292 351
77 197
42 176
135 367
168 315
19 192
93 141
79 243
459 464
170 361
244 310
230 412
271 413
285 311
436 480
35 136
21 238
68 84
73 428
95 187
133 479
155 238
174 480
246 356
72 203
58 305
471 474
70 130
75 474
149 423
171 182
209 474
223 372
283 423
322 351
47 146
0 300
52 490
74 249
126 439
148 198
165 367
186 490
198 315
225 418
239 316
10 264
51 265
68 434
49 192
101 382
109 243
123 141
128 485
150 244
183 192
241 362
274 310
301 413
26 208
12 310
86 259
34 69
466 480
177 377
125 187
218 378
80 444
28 254
9 12
102 203
162 254
181 496
179 423
253 372
294 373
280 475
354 424
27 29
13 131
65 321
82 490
63 248
104 249
156 439
178 198
216 490
257 491
255 418
389 418
67 367
141 316
172 383
158 485
232 434
180 244
292 485
42 310
157 260
248 378
234 480
281 326
308 429
19 326
60 327
41 85
46 429
151 445
132 203
211 496
192 254
233 255
285 445
324 373
343 423
35 270
21 372
95 321
136 322
169 270
384 424
134 249
227 440
246 490
260 388
39 389
20 147
72 337
359 367
37 316
322 485
14 332
363 486
36 91
148 332
96 142
113 311
146 259
187 260
239 450
51 399
338 429
49 326
150 378
241 496
375 496
48 101
34 203
414 424
125 321
166 322
240 271
226 373
331 389
317 491
23 44
69 389
143 338
129 440
451 491
44 332
25 90
104 383
178 332
219 333
252 281
269 450
310 451
444 451
43 107
29 209
194 276
180 378
6 225
345 445
18 50
4 152
23 394
78 101
105 204
138 152
157 394
231 343
196 322
229 270
270 271
22 169
8 271
41 219
55 117
60 461
132 337
173 338
159 440
233 389
421 440
398 456
2 456
35 404
57 163
136 456
84 266
117 214
222 230
208 332
249 333
309 384
340 451
73 107
59 209
111 399
133 158
152 400
185 348
212 451
36 225
110 174
96 276
127 343
113 445
476 497
261 343
352 461
11 168
52 169
71 219
85 117
90 461
112 220
203 338
277 287
337 338
428 456
106 405
166 456
188 215
17 333
91 282
124 230
182 400
256 349
242 451
316 400
27 297
44 466
85 467
66 225
118 415
219 467
167 277
200 225
291 343
392 395
29 343
103 292
194 410
142 220
268 359
18 184
4 286
119 236
210 354
196 456
270 405
330 456
22 303
8 405
435 472
94 179
173 472
121 282
286 349
346 400
24 349
98 298
115 467
249 467
323 416
1 365
288 395
73 241
21 51
59 343
133 292
147 190
265 411
339 360
325 462
399 411
3 411
77 360
89 185
127 477
302 478
300 405
52 303
38 405
112 354
126 252
186 303
401 457
165 180
203 472
225 231
10 77
15 421
51 78
68 247
101 195
128 298
202 247
279 467
353 416
394 417
31 365
17 467
91 416
413 467
130 344
163 292
204 293
256 483
295 411
355 462
28 67
107 360
198 478
332 478
280 288
10 427
65 134
156 252
142 354
183 355
348 422
45 421
86 422
67 180
119 370
172 196
158 298
210 488
292 298
22 437
383 416
61 365
42 123
121 416
195 365
286 483
234 293
327 484
360 432
19 139
24 483
46 242
60 140
98 432
63 411
151 258
271 360
1 499
362 478
40 427
21 185
95 134
114 376
155 185
174 427
89 319
37 129
70 77
75 421
149 370
264 320
438 473
281 489
314 437
415 489
14 145
19 489
93 438
165 314
239 263
225 365
299 314
357 484
49 139
54 483
90 140
150 191
202 381
293 499
31 499
144 376
125 134
130 478
204 427
278 376
69 202
102 150
107 494
146 422
179 370
294 320
5 217
354 371
385 438
44 145
49 489
82 437
104 196
296 366
7 263
81 212
34 366
67 314
122 213
141 263
120 140
172 330
180 191
199 433
232 381
259 484
6 38
61 499
9 309
83 258
248 325
234 427
349 377
60 274
8 84
46 376
99 202
132 150
137 494
159 253
211 443
250 371
2 269
62 320
136 269
153 438
134 196
213 489
227 387
287 438
347 489
39 336
111 212
152 213
262 381
303 382
0 381
36 38
41 382
55 280
127 156
165 448
187 207
247 258
338 376
30 223
16 325
90 274
38 84
117 377
164 223
241 443
315 392
356 393
342 495
15 100
106 218
218 459
166 269
331 336
317 438
91 95
129 387
182 213
294 454
242 264
27 110
32 454
44 279
85 280
393 433
145 331
219 280
236 449
310 398
7 397
43 54
29 156
48 398
122 347
120 274
194 223
221 326
6 172
345 392
386 393
23 341
4 99
9 443
45 100
50 444
97 290
105 151
124 393
248 459
372 495
8 218
425 429
388 439
25 387
99 336
173 285
159 387
233 336
365 455
2 403
398 403
24 162
57 110
62 454
136 403
115 280
189 229
309 331
39 470
340 398
400 449
4 449
78 398
138 449
212 398
251 326
55 414
36 172
77 173
127 290
75 100
113 392
154 393
168 291
30 357
16 459
57 460
38 218
112 167
230 388
263 336
304 337
15 234
395 455
106 352
87 110
133 455
166 403
207 404
331 470
31 178
17 280
69 470
91 229
108 398
242 398
283 399
316 347
66 172
107 173
145 465
186 466
198 291
184 393
258 342
122 481
82 116
161 409
142 167
221 460
235 358
45 234
86 235
210 301
237 404
297 455
22 250
8 352
402 471
61 178
99 470
121 229
140 471
286 296
272 398
84 347
115 414
63 224
216 466
249 414
290 415
288 342
40 240
193 482
191 409
251 460
325 409
366 410
94 476
75 234
149 183
168 425
176 286
302 425
267 404
341 353
19 302
0 60
52 250
126 199
343 399
54 296
128 245
169 246
293 312
246 466
279 414
72 313
58 415
70 240
182 481
223 482
295 358
355 409
47 256
33 358
181 256
167 358
146 235
179 183
332 425
373 426
10 374
32 133
101 492
49 302
82 250
109 353
123 251
197 200
235 492
274 420
348 369
334 471
26 318
7 76
408 420
67 127
158 245
259 297
61 312
9 122
88 415
102 313
327 431
387 482
24 430
60 87
46 189
151 205
238 359
40 374
21 132
67 477
100 425
114 323
141 426
153 251
463 477
213 302
306 493
3 492
39 149
77 441
56 318
42 420
116 369
176 420
264 267
281 436
229 246
382 488
14 92
0 194
19 436
41 195
93 385
415 436
132 313
165 261
192 364
30 36
16 138
21 482
68 328
95 431
155 482
417 482
260 498
72 447
418 430
359 477
144 323
130 425
171 426
245 375
295 492
336 493
410 442
47 390
33 492
74 493
148 442
129 200
470 493
160 267
146 369
220 318
280 369
32 267
371 487
412 488
49 436
85 93
71 195
104 143
109 487
123 385
150 488
197 334
26 452
7 210
48 211
34 313
122 160
139 329
125 431
199 380
259 431
424 498
28 498
9 256
83 205
97 103
102 447
124 206
162 498
248 272
201 426
275 375
60 221
8 31
13 375
25 200
104 493
178 442
252 391
200 201
238 493
250 318
2 216
76 165
62 267
351 370
442 488
134 143
227 334
268 335
328 386
39 283
18 160
4 262
37 210
56 452
138 262
231 453
243 278
303 329
330 432
55 227
495 499
113 205
154 206
233 499
266 447
305 375
16 272
57 273
90 221
117 324
131 222
282 391
342 442
15 47
106 165
92 267
133 268
298 335
358 386
69 283
17 93
96 386
143 232
160 401
108 211
418 437
11 278
85 227
71 329
145 278
236 396
184 206
263 499
296 447
310 345
48 345
34 447
122 294
101 171
87 273
120 221
161 222
221 273
312 391
23 288
64 289
45 47
50 391
372 442
413 443
163 268
289 407
349 458
22 63
8 165
27 407
25 334
66 335
173 232
291 453
365 402
76 299
24 109
29 453
84 160
268 469
216 279
6 469
18 294
4 396
78 345
119 346
100 104
105 448
193 295
243 412
191 222
251 273
344 464
22 413
41 463
77 120
94 289
168 238
228 289
319 407
379 458
420 459
57 407
38 165
117 458
131 356
170 284
230 335
395 402
73 351
59 453
133 402
155 161
205 278
298 469
31 125
17 227
58 228
110 418
397 448
108 345
149 346
182 294
223 295
283 346
314 413
374 464
11 412
52 413
71 463
126 362
186 413
184 340
258 289
10 187
409 458
101 305
87 407
161 356
235 305
188 459
221 407
427 475
86 182
124 474
163 402
237 351
297 402
66 469
121 176
162 177
214 367
313 346
43 485
65 244
404 464
82 413
63 171
115 361
156 362
216 413
276 464
290 362
288 289
18 428
381 480
40 187
114 136
119 480
174 187
193 429
191 356
265 305
292 408
3 305
77 254
457 475
42 233
154 474
195 475
176 233
244 367
230 469
271 470
343 346
68 141
54 243
73 485
95 244
147 434
155 295
260 311
246 413
347 465
380 413
58 362
89 429
171 239
283 480
262 357
295 305
322 408
47 203
165 424
198 372
239 373
32 80
68 491
49 249
202 491
274 367
315 368
375 419
7 23
12 367
139 142
125 244
218 435
350 362
9 69
88 362
102 260
162 311
179 480
327 378
313 480
5 327
354 481
27 86
13 188
65 378
156 496
104 306
238 306
269 373
255 475
2 29
40 321
62 80
67 424
81 322
141 373
153 198
172 440
180 301
232 491
366 491
39 96
405 419
4 75
190 265
248 435
308 486
382 435
19 383
60 384
46 486
93 332
206 209
192 311
233 312
357 378
35 327
384 481
155 429
260 445
361 497
72 394
58 496
359 424
37 373
70 321
111 322
171 373
245 322
460 476
262 491
336 440
14 389
0 491
69 96
148 389
96 199
396 491
437 492
146 316
187 317
261 266
352 384
412 435
11 91
49 383
71 142
90 384
123 332
150 435
164 333
472 486
263 312
26 399
139 276
199 327
240 328
226 430
331 446
364 394
391 497
23 101
28 445
50 204
64 102
69 446
88 496
143 395
201 373
275 322
5 461
316 323
27 220
13 322
44 389
25 147
426 491
467 492
219 390
217 317
2 163
43 164
29 266
81 456
122 457
153 332
194 333
254 384
6 282
419 451
23 451
97 400
78 158
105 261
196 379
270 328
330 379
8 328
94 102
99 446
132 394
159 497
206 343
35 461
131 169
117 271
222 287
208 389
282 338
309 441
20 338
111 456
152 457
133 215
36 282
96 333
449 451
127 400
108 158
187 451
261 400
209 210
302 401
38 328
71 276
112 277
126 175
164 467
263 446
15 344
161 169
188 272
312 338
64 236
50 338
124 287
182 457
80 180
140 231
200 282
217 451
392 452
24 56
29 400
194 467
142 277
216 226
268 416
276 277
6 416
307 344
18 241
4 343
105 395
193 242
210 411
270 462
344 411
22 360
3 118
94 236
42 46
121 339
154 287
168 185
195 288
24 406
98 355
79 113
84 457
189 473
170 231
230 282
1 422
362 401
422 452
21 108
54 56
59 400
133 349
147 247
174 350
224 467
298 416
339 417
77 417
110 365
89 242
75 344
223 242
283 293
374 411
52 360
33 118
112 411
126 309
186 360
165 237
184 287
277 478
10 134
15 478
51 135
376 457
68 304
54 406
87 354
101 252
128 355
202 304
293 422
353 473
26 78
31 422
86 129
177 247
163 349
80 314
66 416
107 417
88 175
140 365
167 468
181 366
179 293
429 468
280 345
5 140
65 191
404 411
82 360
63 118
142 411
156 309
216 360
257 361
290 309
255 288
348 479
40 134
193 376
158 355
232 304
292 355
22 494
383 473
61 422
42 180
116 129
195 422
234 350
267 298
360 489
19 196
60 197
93 145
459 468
63 468
137 417
151 315
285 315
271 417
436 484
35 140
21 242
40 484
73 432
114 433
174 484
213 412
246 360
287 361
347 412
72 207
89 376
37 186
70 134
111 135
116 479
149 427
171 186
190 428
223 376
264 377
322 355
0 304
74 253
93 495
126 443
165 371
239 320
225 422
299 371
51 269
390 489
431 490
49 196
90 197
169 490
150 248
367 477
301 417
26 212
53 315
34 73
70 484
125 191
204 484
278 433
226 243
317 361
28 258
9 16
88 309
102 207
129 310
143 208
146 479
179 427
220 428
354 428
27 33
13 135
32 377
44 202
82 494
123 495
197 444
257 495
238 253
255 422
296 423
370 372
81 269
29 79
67 371
141 320
172 387
120 197
199 490
273 439
461 490
6 95
23 264
4 22
9 366
56 212
157 264
248 382
308 433
349 434
60 331
8 141
41 89
151 449
173 208
159 310
324 377
35 274
21 376
62 377
136 326
153 495
134 253
227 444
287 495
361 444
39 393
20 151
359 371
37 320
59 79
212 321
262 438
303 439
377 388
14 336
363 490
36 95
41 439
74 387
96 146
187 264
247 315
338 433
379 434
11 38
90 331
71 89
164 280
439 485
203 208
315 449
53 449
106 275
92 377
139 223
226 377
331 393
317 495
391 444
432 445
69 393
50 151
143 342
215 218
201 320
242 321
27 167
333 439
66 95
71 439
104 387
145 388
219 337
217 264
7 454
103 162
409 434
120 331
235 281
221 383
254 331
386 450
18 54
4 156
23 398
97 347
105 208
124 450
157 398
270 275
22 173
8 275
60 465
421 444
99 393
173 342
159 444
233 393
272 321
2 460
76 409
24 219
57 167
84 270
136 460
115 337
134 387
222 234
73 111
59 213
78 455
133 162
212 455
251 383
325 332
36 229
77 230
110 178
416 450
127 347
75 157
113 449
187 398
228 399
302 348
30 414
52 173
38 275
90 465
112 224
131 466
203 342
277 291
304 394
337 342
128 168
166 460
207 461
205 388
279 337
380 389
17 337
143 476
108 455
182 404
242 455
80 127
140 178
219 471
198 348
217 398
258 399
332 348
43 245
423 466
101 415
161 466
142 224
235 415
334 394
45 291
105 342
158 168
196 460
237 461
311 410
135 184
121 286
173 476
195 235
214 477
272 455
313 456
346 404
24 353
387 405
46 112
115 471
189 420
137 230
249 471
290 472
323 420
1 369
288 399
21 55
100 348
114 246
191 466
366 467
89 189
75 291
149 240
176 343
302 482
281 359
267 461
341 410
14 15
0 117
38 409
52 307
79 410
93 308
126 256
244 477
401 461
343 456
68 251
54 353
128 302
376 404
188 353
279 471
320 472
394 421
31 369
12 127
17 471
58 472
91 420
70 297
355 466
47 313
107 364
179 240
220 241
373 483
32 190
82 307
123 308
274 477
408 477
12 477
86 426
67 184
172 200
158 302
364 370
350 472
23 77
9 179
61 369
83 128
88 472
135 318
162 421
234 297
24 487
60 144
65 488
63 415
151 262
362 482
35 87
40 431
62 190
100 482
114 380
136 139
153 308
174 431
227 257
287 308
347 359
56 375
37 133
42 477
116 426
138 185
176 477
264 324
438 477
229 303
415 493
19 493
0 251
41 252
456 494
165 318
113 128
206 319
266 370
357 488
30 93
16 195
54 487
90 144
95 488
241 313
282 314
301 364
342 365
53 262
70 431
144 380
130 482
171 483
204 431
218 329
245 432
410 499
47 447
69 206
107 498
129 257
468 477
160 324
294 324
321 427
354 375
32 324
385 442
445 493
49 493
71 252
183 493
197 391
257 442
48 268
34 370
122 217
139 386
120 144
199 437
273 386
6 42
312 314
9 313
97 160
124 263
215 381
201 483
234 431
248 329
275 432
27 330
8 88
60 278
289 330
25 257
99 206
137 498
151 396
159 257
178 499
252 448
250 375
351 427
76 222
24 32
136 273
475 493
153 442
134 200
175 201
213 493
254 494
268 392
1 48
326 370
37 267
78 268
152 217
138 319
212 268
243 335
229 437
303 386
330 489
55 284
41 386
363 437
113 262
154 263
206 453
305 432
30 227
16 329
90 278
131 279
117 381
379 381
222 397
342 499
106 222
92 324
207 274
298 392
284 494
317 442
331 340
31 48
17 150
69 340
143 289
358 443
182 217
242 268
11 335
85 284
434 438
145 335
219 284
184 263
411 454
10 110
29 160
43 58
161 279
221 330
386 397
23 345
446 448
45 104
50 448
105 155
196 273
237 274
22 120
8 222
27 464
388 443
25 391
99 340
140 341
173 289
76 356
98 115
84 217
103 459
115 284
276 387
1 182
340 402
18 351
4 453
152 351
100 161
138 453
191 279
251 330
55 418
3 228
94 346
154 397
228 346
319 464
57 464
93 121
112 171
170 341
203 289
230 392
244 290
304 341
15 238
395 459
147 357
155 218
205 335
279 284
31 182
17 284
58 285
91 233
108 402
130 161
209 454
223 352
314 470
448 470
126 419
107 177
101 362
82 120
161 413
109 223
221 464
274 290
334 341
26 188
12 290
64 480
86 239
61 182
140 475
88 285
121 233
214 424
286 300
313 403
24 300
46 59
115 418
63 228
137 177
156 419
216 470
290 419
329 347
40 244
389 398
174 244
191 413
265 362
251 464
3 362
77 311
89 136
42 290
94 480
116 239
168 429
176 290
341 357
368 460
93 255
401 408
170 475
192 234
304 475
343 403
68 198
21 352
147 491
169 250
260 368
320 419
72 317
53 75
58 419
89 486
70 244
144 193
171 296
204 244
262 414
322 465
47 260
396 414
74 363
148 312
10 378
51 379
32 137
101 496
49 306
123 255
197 204
274 424
315 425
334 475
348 373
7 80
48 81
34 183
375 476
139 199
125 301
177 491
199 250
218 492
259 301
23 24
102 317
451 471
162 368
253 486
234 244
327 435
387 486
60 91
13 245
65 435
25 70
104 363
178 312
252 261
238 363
329 481
2 86
7 430
40 378
62 137
81 379
141 430
153 255
172 497
213 306
306 497
425 454
345 425
405 476
4 132
37 80
42 424
78 81
116 373
190 322
231 323
229 250
14 96
19 440
41 199
55 97
206 266
192 368
266 317
30 40
16 142
21 486
35 384
57 143
90 91
95 435
117 194
169 384
208 312
20 261
359 481
70 378
111 379
336 497
284 307
14 446
410 446
69 153
74 497
96 256
129 204
148 446
146 373
220 322
261 323
247 425
32 271
352 441
412 492
44 96
49 440
71 199
123 389
145 148
164 390
236 266
26 456
34 317
428 436
139 333
87 143
125 435
199 384
226 487
364 451
23 158
9 260
143 452
201 430
27 277
13 379
440 446
44 446
25 204
140 154
178 446
200 205
238 497
252 395
217 374
250 322
291 323
2 220
43 221
62 271
103 272
442 492
153 389
194 390
180 492
328 390
56 456
4 266
105 318
138 266
231 457
243 282
270 385
330 436
55 231
8 385
41 333
435 452
132 451
173 452
206 400
305 379
57 277
131 226
117 328
222 344
208 446
282 395
15 51
73 221
59 323
106 169
133 272
147 170
207 221
298 339
284 441
36 339
17 97
96 390
418 441
127 457
108 215
209 267
335 406
300 385
33 41
71 333
112 334
236 400
184 210
277 401
337 452
10 57
376 380
139 467
87 277
161 226
188 329
221 277
312 395
353 396
413 447
45 51
50 395
91 396
124 344
215 462
163 272
256 463
289 411
388 390
140 288
200 339
291 457
365 406
43 355
29 457
65 114
103 406
115 231
156 232
142 334
216 283
268 473
276 334
1 129
6 473
307 401
18 298
40 57
45 401
193 299
210 468
251 277
344 468
22 417
3 175
77 124
443 447
42 103
154 344
195 345
286 463
319 411
360 412
19 119
24 463
98 412
222 478
170 288
230 339
1 479
362 458
395 406
73 355
21 165
54 113
59 457
133 406
174 407
207 355
298 473
246 283
31 129
36 473
72 130
397 452
75 401
149 350
223 299
209 401
374 468
47 73
33 175
107 124
112 468
126 366
198 242
184 344
225 345
101 309
49 119
87 411
128 412
202 361
26 135
31 479
86 186
163 406
237 355
369 474
80 371
28 181
61 129
66 473
88 232
107 474
162 181
181 423
313 350
43 489
13 58
404 468
82 417
63 175
156 366
445 469
290 366
381 484
417 477
7 243
40 191
193 433
141 243
172 310
306 310
292 412
457 479
61 479
42 237
116 186
157 187
176 237
308 356
60 254
79 304
93 202
137 474
170 422
211 423
271 474
285 372
35 197
21 299
73 489
95 248
134 176
246 417
260 315
287 418
320 366
72 264
20 74
347 469
89 433
70 191
111 192
149 484
171 243
190 485
264 434
262 361
0 361
165 428
146 186
225 479
239 377
299 428
51 326
32 84
338 356
68 495
49 253
123 202
109 304
202 495
241 423
315 372
301 474
26 269
375 423
139 146
125 248
144 490
278 490
226 300
317 418
350 366
9 73
50 74
88 366
102 264
143 265
162 315
220 485
253 433
354 485
238 310
269 377
2 33
7 377
29 136
141 377
494 495
120 254
194 203
180 305
273 496
306 444
6 152
345 372
405 423
4 79
9 423
42 371
83 372
157 321
231 270
308 490
60 388
41 146
46 490
233 316
250 485
35 331
21 433
57 90
76 332
95 382
208 259
39 450
20 208
326 480
359 428
37 377
111 326
59 136
138 429
171 377
185 275
212 378
262 495
303 496
336 444
14 393
0 495
36 152
148 393
96 203
377 445
127 270
113 372
187 321
261 270
247 372
51 460
352 388
379 491
11 95
16 439
71 146
164 337
412 439
203 265
15 214
48 162
414 485
106 332
166 383
240 332
226 434
331 450
50 208
124 157
143 399
201 377
256 276
27 224
333 496
44 393
25 151
71 496
104 444
145 445
219 394
217 321
318 373
29 270
103 219
120 388
221 440
6 286
18 111
4 213
45 214
78 162
97 404
157 455
196 383
330 383
22 230
94 106
99 450
121 209
173 399
98 225
84 327
222 291
175 445
249 394
323 343
73 168
59 270
174 220
224 337
251 440
110 235
96 337
89 112
127 404
187 455
209 214
300 332
30 471
11 229
186 230
203 399
263 450
304 451
337 399
101 122
161 173
240 466
188 276
205 445
279 394
31 292
12 50
64 240
91 343
182 461
163 219
204 220
316 461
66 286
107 287
140 235
258 456
332 405
5 10
29 404
43 302
392 456
82 230
156 179
142 281
216 230
276 281
307 348
334 451
367 399
45 348
67 107
193 246
158 225
22 364
8 466
61 292
94 240
135 241
286 410
346 461
19 66
24 410
84 461
137 287
211 236
323 477
1 426
362 405
40 354
73 302
114 303
147 251
422 456
265 472
77 421
58 179
397 399
75 348
223 246
176 400
314 364
300 466
415 416
14 72
0 174
52 364
93 365
112 415
376 461
68 308
49 66
128 359
109 117
155 462
188 410
202 308
293 426
394 478
31 426
12 184
53 185
70 354
130 405
218 252
278 303
47 370
28 128
33 472
181 370
129 180
167 472
429 472
470 473
220 298
406 488
5 144
10 488
32 247
65 195
371 467
82 364
156 313
109 467
183 416
197 314
257 365
255 292
348 483
26 432
81 139
67 241
86 483
447 462
172 257
158 359
259 411
383 477
424 478
56 82
9 236
42 184
61 426
83 185
121 477
135 375
248 252
234 354
60 201
46 303
459 472
63 472
137 421
151 319
159 180
211 370
238 473
250 298
436 488
40 488
62 247
136 196
174 488
153 365
227 314
213 416
287 365
20 21
378 483
89 380
111 139
116 483
171 190
264 381
262 308
303 309
14 206
0 308
74 257
93 499
148 206
165 375
113 185
192 478
239 324
266 427
51 273
431 494
68 442
342 422
466 488
92 247
125 195
166 196
204 488
218 386
226 247
245 489
317 365
129 314
160 381
146 483
294 381
321 484
354 432
27 37
13 139
32 381
44 206
118 155
104 257
123 499
145 258
178 206
197 448
236 376
296 427
34 427
461 494
139 443
172 391
199 494
180 252
221 253
273 443
23 268
4 26
9 370
83 319
97 217
157 268
275 489
349 438
22 43
13 489
46 437
25 314
99 263
151 453
159 314
173 212
250 432
2 330
76 279
62 381
136 330
84 140
351 484
153 499
227 448
175 258
287 499
425 433
1 105
39 397
326 427
4 376
37 324
59 83
111 273
138 376
212 325
243 392
303 443
251 253
14 340
55 341
36 99
41 443
96 150
363 494
127 217
113 319
154 320
187 268
379 438
11 42
16 386
57 387
117 438
222 454
356 454
106 279
92 381
226 381
331 397
31 105
69 397
91 156
110 398
143 346
108 325
242 325
333 443
11 392
44 340
66 99
71 443
145 392
219 341
393 494
217 268
258 269
310 459
318 320
43 115
29 217
48 459
161 336
194 284
221 387
235 285
386 454
64 403
124 454
105 212
210 228
270 279
8 279
25 448
61 105
99 397
121 156
159 448
200 449
272 325
43 465
24 223
98 172
84 274
249 341
290 342
276 444
1 239
18 408
73 115
78 459
152 408
193 409
212 459
191 336
325 336
3 285
416 454
168 352
228 403
302 352
267 331
30 418
52 177
131 470
203 346
230 449
304 398
15 295
68 121
147 414
207 465
188 223
320 342
380 393
17 341
108 459
182 408
130 218
223 409
256 357
283 460
85 475
126 476
107 234
167 285
184 454
332 352
10 301
32 60
423 470
161 470
109 280
142 228
183 229
235 419
274 347
334 398
45 295
86 296
177 414
158 172
237 465
80 481
135 188
214 481
286 357
327 358
313 460
387 409
24 357
65 358
98 306
115 475
63 285
137 234
189 424
1 373
288 403
40 301
114 250
389 455
174 301
191 470
213 229
339 368
366 471
3 419
39 76
56 245
116 296
190 245
176 347
267 465
341 414
14 19
19 363
79 414
93 312
165 188
192 291
225 239
357 358
343 460
16 65
54 357
95 358
128 306
169 307
320 476
394 425
31 373
53 132
144 250
130 352
171 353
336 420
47 317
28 75
69 76
107 368
181 317
396 471
160 194
146 296
280 296
10 435
51 436
371 414
123 312
109 414
183 363
348 430
26 379
7 137
12 481
34 240
48 138
86 430
139 256
172 204
199 307
364 374
350 476
424 425
23 81
28 425
61 373
83 132
88 476
201 353
327 492
5 441
65 492
46 250
25 127
63 419
137 368
151 266
178 369
238 420
252 318
269 487
403 487
40 435
76 92
62 194
114 384
136 143
153 312
227 261
213 363
287 312
378 430
419 431
56 379
42 481
116 430
479 482
231 380
281 497
229 307
14 153
19 497
41 256
55 154
93 446
132 374
206 323
192 425
357 492
30 97
90 148
131 149
169 441
134 420
208 369
282 318
342 369
433 487
37 487
70 435
92 194
144 384
171 487
284 364
69 210
17 20
129 261
146 430
187 431
220 379
247 482
261 380
321 431
32 328
352 498
385 446
11 205
44 153
49 497
90 498
123 446
145 205
392 481
486 498
296 374
48 272
34 374
122 221
120 148
199 441
273 390
259 492
6 46
312 318
9 317
64 216
97 164
124 267
215 385
275 436
349 385
27 334
8 92
25 261
99 210
118 452
159 261
200 262
217 431
291 380
351 431
76 226
29 380
62 328
84 87
115 154
153 446
175 205
254 498
328 447
1 52
6 396
326 374
367 375
4 323
78 272
152 221
138 323
243 339
344 391
330 493
55 288
3 98
41 390
127 164
154 267
319 334
30 231
379 385
57 334
38 92
79 93
323 453
20 452
106 226
59 380
92 328
133 329
147 227
298 396
358 447
31 52
17 154
36 396
91 103
418 498
182 221
333 390
374 391
85 288
33 98
71 390
112 391
186 340
434 442
236 457
411 458
10 114
15 458
48 406
101 232
161 283
386 401
64 350
12 160
86 109
124 401
177 227
163 329
289 468
297 329
27 468
80 294
66 396
140 345
214 294
200 396
489 499
365 463
406 464
43 412
24 170
98 119
63 98
142 391
175 339
189 237
216 340
276 391
381 407
18 355
4 457
40 114
45 458
78 406
100 165
193 356
441 458
3 232
77 181
94 350
168 299
154 401
195 402
228 350
319 468
93 125
79 227
170 345
244 294
230 396
54 170
133 463
207 412
31 186
72 187
110 479
89 356
70 114
75 458
108 406
130 165
149 407
11 473
52 474
33 232
107 181
126 423
148 182
186 474
198 299
184 401
225 402
239 300
299 351
51 249
49 176
87 468
109 227
123 125
128 469
161 417
202 418
301 397
64 484
12 294
86 243
34 53
177 361
125 171
163 463
204 464
237 412
278 413
311 361
28 238
61 186
102 187
181 480
214 428
179 407
253 356
313 407
5 254
46 63
82 474
63 232
137 181
156 423
178 182
216 474
257 475
329 351
40 248
81 249
67 351
114 197
141 300
172 367
158 469
232 418
389 402
94 484
42 294
135 485
190 192
176 294
267 412
19 310
0 68
41 69
79 361
93 259
473 480
132 187
211 480
192 238
244 428
285 429
343 407
35 254
21 356
147 495
169 254
155 356
384 408
260 372
246 474
361 424
72 321
20 131
58 423
89 490
70 248
111 249
144 197
171 300
185 198
223 490
245 249
262 418
264 491
336 367
14 316
0 418
47 264
74 367
96 126
148 316
165 485
146 243
239 434
299 485
247 295
373 434
51 383
338 413
11 18
123 259
109 361
150 362
164 260
197 208
241 480
26 326
53 429
34 187
177 495
125 305
199 254
218 496
226 357
259 305
23 28
9 130
28 372
102 321
162 372
451 475
253 490
201 300
294 491
27 147
32 491
65 439
44 316
25 74
118 265
252 265
238 367
269 434
329 485
370 486
2 90
81 383
29 193
62 141
67 485
103 142
141 434
403 434
180 362
6 209
345 429
405 480
9 480
42 428
78 85
97 327
157 378
382 496
55 101
41 203
421 424
132 321
206 270
233 373
30 44
35 388
62 491
95 439
136 440
458 491
134 367
309 368
20 265
400 486
92 141
133 142
171 434
212 435
224 260
14 450
36 209
148 450
96 260
127 327
160 275
187 378
261 327
247 429
321 378
412 496
16 496
90 445
71 203
150 496
453 497
203 322
263 373
15 271
48 219
428 440
139 337
87 147
92 491
166 440
240 389
143 456
215 332
201 434
316 384
27 281
13 383
25 208
66 209
80 107
140 158
178 450
200 209
291 327
318 430
43 225
29 327
351 378
442 496
120 445
142 204
180 496
254 445
328 394
6 343
18 168
4 270
45 271
119 220
105 322
243 286
196 440
270 389
330 440
22 287
3 45
8 389
435 456
94 163
173 456
154 214
346 384
57 281
84 384
189 400
222 348
249 451
1 349
133 276
224 394
298 343
251 497
284 445
339 344
36 343
17 101
58 102
96 394
127 461
75 271
209 271
302 462
401 441
33 45
38 389
112 338
186 287
203 456
10 61
15 405
376 384
161 230
188 333
293 349
279 451
353 400
91 400
256 467
80 241
28 51
88 102
167 395
181 293
5 67
43 359
65 118
82 287
307 405
40 61
119 354
67 164
100 112
105 456
193 303
158 282
210 472
3 179
383 400
94 297
135 298
420 467
24 467
1 483
362 462
21 169
100 462
114 360
147 308
174 411
339 478
75 405
149 354
223 303
176 457
209 405
264 304
314 421
477 494
415 473
14 129
47 77
52 421
74 180
112 472
126 370
165 298
239 247
225 349
51 196
68 365
49 123
128 416
202 365
150 175
450 467
293 483
241 293
26 139
31 483
144 360
130 462
177 308
204 411
369 478
47 427
28 185
102 134
88 236
107 478
129 237
162 185
253 303
5 201
354 355
32 304
13 62
65 252
44 129
82 421
104 180
142 472
183 473
197 371
257 422
445 473
255 349
7 247
232 365
306 314
259 468
6 22
56 139
42 241
61 483
97 140
135 432
157 191
308 360
368 411
60 258
46 360
151 376
211 427
159 237
285 376
21 303
227 371
361 371
20 78
37 247
111 196
190 489
171 247
212 248
14 263
74 314
148 263
127 140
113 242
165 432
187 191
206 433
239 381
51 330
266 484
30 207
16 309
68 499
164 207
150 309
301 478
356 377
15 84
53 376
92 304
166 253
218 443
50 78
129 371
143 269
201 247
242 248
354 489
27 94
13 196
32 438
44 263
333 366
145 315
269 381
2 37
7 381
29 140
34 484
81 330
122 331
172 448
194 207
345 376
23 325
4 83
9 427
83 376
97 274
105 135
157 325
405 427
196 253
308 494
349 495
22 100
8 202
99 320
173 269
159 371
233 320
324 438
2 387
384 489
57 94
425 490
84 197
117 145
175 315
249 264
309 315
1 162
20 212
39 454
340 382
37 381
400 433
59 140
138 433
152 331
212 382
243 449
377 449
14 397
55 398
36 156
127 274
75 84
187 325
352 392
30 341
11 99
16 443
38 202
52 100
90 392
131 393
164 341
203 269
414 489
106 336
87 94
166 387
455 490
226 438
205 315
331 454
31 162
64 110
91 213
143 403
430 433
108 382
182 331
256 280
407 449
11 449
85 398
145 449
219 398
167 208
217 325
318 377
43 172
103 223
409 495
120 392
194 341
221 444
6 290
23 459
210 285
196 387
22 234
8 336
94 110
173 403
121 213
214 404
272 382
115 398
189 347
249 398
323 347
309 449
1 296
18 465
397 403
59 274
100 275
114 173
174 224
191 393
325 393
36 290
89 116
75 218
94 460
168 409
209 218
0 44
38 336
112 285
203 403
244 404
304 455
15 352
106 470
54 280
128 229
147 471
188 280
205 449
293 296
320 399
31 296
17 398
53 55
91 347
380 450
144 173
130 275
182 465
204 224
355 393
47 240
33 342
80 188
181 240
167 342
332 409
5 14
10 358
392 460
82 234
156 183
109 337
142 285
274 404
334 455
12 404
86 353
67 111
210 419
259 281
22 368
350 399
61 296
42 54
121 347
135 245
195 296
286 414
327 415
360 363
387 466
24 414
98 363
46 173
84 465
63 342
151 189
1 430
288 460
403 410
40 358
21 116
62 117
100 409
174 358
422 460
306 477
39 133
72 81
89 250
37 60
42 404
75 352
190 302
281 420
415 420
14 76
19 420
74 127
79 471
165 245
225 296
266 297
51 143
357 415
68 312
49 70
95 415
128 363
155 466
417 466
260 482
293 430
394 482
31 430
72 431
70 358
144 307
92 117
218 256
245 359
295 476
410 426
47 374
28 132
33 476
69 133
107 425
129 184
160 251
146 353
220 302
280 353
5 148
10 492
32 251
371 471
123 369
109 471
348 487
296 297
26 436
48 195
67 245
86 487
447 466
172 261
125 415
199 364
259 415
424 482
23 138
61 430
162 482
248 256
275 359
5 498
60 205
46 307
63 476
99 133
137 425
151 323
159 184
178 426
211 374
238 477
250 302
2 200
40 492
62 251
76 149
81 493
114 441
136 200
227 318
477 493
328 370
20 25
378 487
56 436
419 488
78 195
111 143
116 487
138 246
190 436
231 437
229 364
243 262
303 313
14 210
55 211
41 313
363 364
454 482
113 189
192 482
266 431
35 498
90 205
169 498
208 426
282 375
20 375
53 323
144 441
92 251
166 200
185 442
226 251
358 370
69 267
17 77
96 370
129 318
143 216
146 487
160 385
261 437
294 385
32 385
11 262
44 210
71 313
145 262
197 452
296 431
48 329
29 87
122 278
139 447
120 205
161 206
199 498
273 447
312 375
372 426
9 374
50 375
64 273
83 323
196 200
289 391
349 442
22 47
8 149
13 493
27 391
99 267
173 216
159 318
214 217
250 436
291 437
324 385
2 334
76 283
24 93
29 437
62 385
136 334
351 488
365 386
268 453
276 314
1 109
18 278
4 380
59 87
138 380
243 396
191 206
229 498
251 257
303 447
344 448
41 447
77 104
94 273
127 221
154 324
228 273
319 391
30 288
16 390
57 391
38 149
117 442
420 443
222 458
203 216
356 458
15 165
106 283
54 93
59 437
147 284
205 262
31 109
110 402
91 160
397 432
182 278
209 381
242 329
283 330
300 499
333 447
11 396
47 53
33 155
66 103
71 447
112 448
145 396
374 448
184 324
258 273
434 499
318 324
10 171
48 463
409 442
161 340
235 289
64 407
124 458
177 284
163 386
80 351
61 109
66 453
121 160
200 453
214 351
272 329
313 330
98 176
84 278
189 294
142 448
216 397
290 346
276 448
1 243
340 463
381 464
18 412
40 171
78 463
114 120
119 464
265 289
251 391
292 392
3 289
77 238
94 407
42 217
75 165
195 459
176 217
267 335
93 182
79 284
131 474
170 402
244 351
68 125
73 469
95 228
147 418
205 396
246 397
260 295
31 243
17 345
72 244
70 171
108 463
130 222
283 464
47 187
33 289
167 289
146 166
184 458
225 459
51 306
101 423
82 181
161 474
109 284
183 233
274 351
334 402
26 249
12 351
86 300
34 110
375 403
158 176
237 469
80 485
102 244
88 346
135 192
162 295
214 485
179 464
327 362
387 413
65 362
63 289
290 480
329 408
2 13
40 305
100 356
114 254
153 182
232 475
306 424
3 423
39 80
42 351
190 249
267 469
308 470
341 418
14 23
19 367
46 470
93 316
382 419
132 244
192 295
343 464
16 69
169 311
117 121
155 413
208 239
320 480
361 481
72 378
20 188
53 136
359 408
70 305
111 306
144 254
171 357
185 255
245 306
262 475
336 424
14 373
33 423
74 424
396 475
129 131
160 198
146 300
239 491
373 491
51 440
32 198
338 470
352 368
371 418
123 316
71 126
150 419
164 317
197 265
412 419
274 485
315 486
48 142
34 244
53 486
139 260
125 362
199 311
226 414
259 362
350 480
391 481
23 85
9 187
28 429
83 136
88 480
102 378
129 481
162 429
215 255
5 445
27 204
13 306
65 496
426 475
118 322
104 424
467 476
269 491
2 147
76 96
81 440
103 199
136 147
153 316
194 317
180 419
227 265
254 368
6 266
39 214
345 486
4 193
42 485
78 142
83 486
97 384
138 193
157 435
229 311
330 363
421 481
132 378
113 136
192 429
206 327
357 496
305 306
30 101
16 203
35 445
57 204
95 496
117 255
398 497
222 271
309 425
20 322
433 491
37 491
111 440
474 492
171 491
212 492
245 440
224 317
284 368
36 266
96 317
127 384
108 142
113 486
160 332
261 384
321 435
30 451
85 158
145 209
186 210
236 327
277 328
337 379
48 276
34 378
122 225
428 497
139 394
87 204
125 496
166 497
240 446
312 322
64 220
215 389
163 199
242 492
275 440
289 338
27 338
13 440
25 265
66 266
99 214
118 456
200 266
392 436
24 40
29 384
84 91
103 333
194 451
142 261
268 400
328 451
307 328
18 225
4 327
45 328
78 276
105 379
210 395
196 497
243 343
270 446
330 497
22 344
3 102
8 446
344 395
94 220
168 169
195 272
319 338
346 441
19 46
57 338
79 97
84 441
98 339
131 287
222 405
323 457
73 282
147 231
133 333
205 209
298 400
399 452
31 56
36 400
58 159
96 451
75 328
182 225
209 328
300 446
374 395
52 344
38 446
186 344
184 271
225 272
277 462
10 118
15 462
376 441
101 236
87 338
202 288
293 406
26 62
12 164
31 406
50 456
64 354
86 113
91 457
163 333
177 231
278 283
429 452
66 400
140 349
88 159
200 400
179 277
406 468
5 124
43 416
65 175
82 344
63 102
216 344
290 293
276 395
255 272
381 411
40 118
45 462
100 169
193 360
158 339
191 287
232 288
292 339
22 478
3 236
383 457
61 406
42 164
94 354
135 355
267 282
360 473
98 473
79 231
244 298
285 299
271 401
35 124
68 72
73 416
95 175
114 417
133 467
147 365
155 226
174 468
246 344
72 191
58 293
89 360
75 462
130 169
264 361
314 478
262 288
322 339
47 134
0 288
33 236
126 427
148 186
186 478
165 355
239 304
225 406
299 355
51 253
68 422
49 180
123 129
109 231
128 473
150 232
202 422
241 350
274 298
12 298
53 299
34 57
86 247
466 468
177 365
204 468
278 417
47 484
28 242
80 432
102 191
179 411
280 463
65 309
13 119
385 479
44 186
63 236
82 478
104 237
118 135
178 186
197 428
269 304
329 355
81 253
172 371
306 371
292 473
6 79
56 196
4 6
83 299
97 197
116 247
135 489
248 366
234 468
368 468
60 315
41 73
46 417
151 433
132 191
159 294
285 433
324 361
35 258
21 360
384 412
136 310
169 258
227 428
260 376
287 479
361 428
185 202
264 495
212 305
262 422
336 371
14 320
0 422
363 474
165 489
113 299
146 247
187 248
51 387
30 264
11 22
90 315
439 469
150 366
241 484
315 433
375 484
139 207
92 361
199 258
240 259
317 479
391 428
102 325
294 495
242 305
5 392
32 495
118 269
145 372
219 321
269 438
310 439
2 94
43 95
67 489
103 146
122 388
194 264
180 366
254 315
345 433
18 38
4 140
23 382
78 89
83 433
97 331
105 192
157 382
196 310
231 331
446 485
60 449
25 428
173 326
159 428
233 377
272 305
35 392
76 393
398 444
458 495
84 254
175 372
208 320
249 321
20 269
340 439
400 490
37 438
111 387
185 336
138 490
212 439
284 315
14 454
36 213
110 162
96 264
127 331
113 433
187 382
476 485
352 449
30 398
11 156
85 105
38 259
90 449
112 208
131 450
203 326
15 275
106 393
92 495
166 444
240 393
488 495
205 372
279 321
17 321
50 269
91 270
143 460
108 439
430 490
316 388
44 454
80 111
66 213
118 403
167 265
103 280
82 157
120 449
142 208
161 450
235 399
18 172
97 465
45 275
119 224
270 393
297 496
22 291
3 49
8 393
435 460
94 167
173 460
272 439
189 404
249 455
288 383
73 229
147 178
100 332
133 280
174 281
265 399
325 450
36 347
58 106
89 173
75 275
149 224
209 275
300 393
341 394
401 445
0 101
33 49
38 393
112 342
186 291
165 168
203 460
51 66
376 388
101 183
54 337
128 286
202 235
293 353
279 455
394 405
31 353
12 111
17 455
53 112
144 230
163 280
177 178
204 281
256 471
295 399
355 450
33 399
107 348
181 297
198 466
332 466
406 415
5 71
371 394
82 291
142 342
216 291
257 292
274 461
307 409
348 410
408 461
45 409
86 410
210 476
158 286
232 235
259 338
61 353
42 111
83 112
121 404
135 302
286 471
234 281
327 472
360 420
24 471
60 128
46 230
63 399
151 246
211 297
271 348
1 487
40 415
21 173
114 364
174 415
227 241
246 291
287 292
39 190
72 138
77 482
89 307
378 410
190 359
176 461
281 477
415 477
14 133
52 425
74 184
239 251
192 405
51 200
357 472
390 420
16 179
54 471
90 128
128 420
169 421
202 369
293 487
301 348
31 487
72 488
53 246
70 415
144 364
130 466
245 416
47 431
28 189
69 190
102 138
148 483
181 431
160 308
146 410
179 358
5 205
385 426
445 477
49 477
123 426
104 184
183 477
197 375
257 426
296 354
81 200
34 354
67 302
172 318
120 128
125 472
158 420
232 369
259 472
6 26
23 195
9 297
83 246
97 144
275 416
308 364
60 262
99 190
132 138
137 482
211 431
252 432
250 359
2 257
35 205
62 308
76 206
114 498
136 257
153 426
227 375
213 477
475 477
347 477
20 82
326 354
56 493
37 251
452 493
152 201
138 303
190 493
212 252
231 494
243 319
303 370
14 267
0 369
127 144
113 246
132 488
165 436
187 195
206 437
266 488
305 416
16 313
90 262
38 72
117 365
150 313
164 211
241 431
282 432
356 381
342 483
422 478
20 432
53 380
106 206
92 308
166 257
317 426
358 427
418 478
17 134
50 82
129 375
143 273
160 442
220 493
261 494
242 252
294 442
335 443
27 98
32 442
393 421
71 370
219 268
236 437
310 386
296 488
370 437
411 438
34 488
122 335
194 211
180 313
6 160
23 329
97 278
124 381
215 499
196 257
289 448
349 499
297 309
22 104
8 206
27 448
99 324
173 273
200 376
233 324
250 493
291 494
2 391
76 340
62 442
103 443
84 201
115 268
189 217
175 319
249 268
309 319
1 166
39 458
340 386
400 437
4 437
100 145
212 386
243 453
191 263
251 314
55 402
3 212
36 160
127 278
113 380
228 330
30 345
379 499
52 104
38 206
112 155
117 499
131 397
244 274
230 376
263 324
304 325
395 443
106 340
54 150
92 442
133 443
166 391
207 392
31 166
17 268
69 458
91 217
108 386
182 335
130 145
242 386
283 387
316 335
407 453
11 453
85 402
33 212
66 160
107 161
145 453
167 212
186 454
184 381
219 402
258 330
318 381
122 469
409 499
101 346
82 104
87 448
142 155
221 448
389 490
485 494
210 289
163 443
237 392
311 341
297 443
22 238
61 166
99 458
140 459
214 408
313 387
24 284
84 335
63 212
249 402
288 330
40 228
114 177
191 397
265 346
251 448
292 449
325 397
3 346
366 398
75 222
116 223
149 171
168 413
228 464
281 290
19 290
52 238
244 408
68 182
54 284
128 233
147 475
169 234
205 453
293 300
31 300
17 402
58 403
144 177
182 469
204 228
223 470
295 346
355 397
47 244
396 398
107 295
181 244
167 346
258 464
373 414
5 18
101 480
49 290
123 239
109 341
235 480
274 408
334 459
26 306
7 64
12 408
34 167
67 115
86 357
177 475
61 300
102 301
135 249
253 470
327 419
5 368
387 470
60 75
46 177
211 244
238 347
288 464
403 414
2 70
40 362
62 121
67 465
114 311
141 414
153 239
463 465
213 290
306 481
39 137
56 306
37 64
116 357
190 306
405 460
281 424
341 475
382 476
19 424
0 182
41 183
79 475
132 301
165 249
206 250
266 301
68 316
16 126
21 470
95 419
117 178
155 470
169 368
417 470
241 244
458 471
394 486
72 435
70 362
144 311
92 121
130 413
171 414
218 260
336 481
33 480
74 481
148 430
129 188
470 481
220 306
247 409
280 357
51 497
321 358
412 476
44 80
49 424
123 373
150 476
183 424
236 250
34 301
139 317
273 317
259 419
364 435
424 486
23 142
9 244
28 486
50 245
102 435
124 194
162 486
248 260
201 414
275 363
27 261
8 19
13 363
63 480
99 137
104 481
159 188
178 430
238 481
291 307
2 204
76 153
62 255
81 497
103 256
136 204
153 373
194 374
180 476
227 322
254 425
268 323
39 271
419 492
18 148
4 250
56 440
78 199
116 491
138 250
157 492
231 441
229 368
243 266
303 317
363 368
41 317
113 193
266 435
30 158
16 260
57 261
131 210
117 312
134 481
222 328
309 482
20 379
106 153
111 497
166 204
185 446
245 497
284 425
358 374
36 323
127 441
187 492
261 441
11 266
85 215
145 266
277 385
263 487
296 435
310 333
10 41
48 333
122 282
161 210
64 277
50 379
413 431
215 446
163 256
196 204
275 497
289 395
22 51
27 395
316 498
66 323
99 271
140 272
214 221
291 441
365 390
2 338
392 493
29 441
103 390
425 441
216 267
307 385
18 282
40 41
78 333
119 334
210 452
243 400
344 452
3 159
154 328
228 277
319 395
346 498
420 447
79 154
84 498
222 462
170 272
230 323
73 339
422 493
133 390
207 339
205 266
246 267
72 114
58 216
91 164
110 406
149 334
182 282
283 334
314 401
374 452
11 400
47 57
33 159
52 401
85 349
107 108
198 226
184 328
258 277
49 103
87 395
235 293
188 447
293 463
427 463
64 411
86 170
177 288
163 390
237 339
297 390
80 355
61 113
66 457
88 216
102 114
140 406
313 334
5 181
43 473
65 232
404 452
82 401
115 349
156 350
290 350
18 416
119 468
67 278
100 226
141 227
193 417
232 345
265 293
292 396
3 293
77 242
457 463
94 411
135 412
116 170
168 360
176 221
195 463
267 339
19 237
93 186
79 288
170 406
285 356
35 181
21 283
68 129
147 422
155 283
169 181
260 299
89 417
149 468
171 227
283 468
262 345
322 396
0 345
74 294
126 484
165 412
146 170
198 360
225 463
51 310
338 340
101 427
49 237
109 288
150 289
202 479
274 355
26 253
7 11
86 304
34 114
375 407
177 422
218 423
80 489
50 58
88 350
162 299
253 417
313 468
354 469
27 74
63 293
104 294
118 192
156 484
178 243
269 361
255 463
329 412
2 17
7 361
62 68
67 412
389 463
153 186
232 479
180 289
366 479
39 84
345 356
56 253
4 63
405 407
231 254
308 474
60 372
41 130
151 490
132 248
192 299
233 300
285 490
324 418
343 468
357 366
16 73
57 74
169 315
384 469
227 485
260 433
361 485
39 434
72 382
359 412
37 361
111 310
185 259
171 361
245 310
262 479
377 429
69 84
148 377
160 202
113 356
187 305
239 495
352 372
338 474
412 423
11 79
90 372
71 130
150 423
472 474
263 300
139 264
226 418
23 89
28 433
50 192
64 90
69 434
102 382
124 141
215 259
201 361
275 310
407 429
44 377
25 135
66 136
104 428
178 377
219 378
310 496
7 495
43 152
29 254
76 100
103 203
444 496
194 321
180 423
268 270
6 270
345 490
419 439
18 95
4 197
78 146
83 490
97 388
105 249
119 147
157 439
196 367
229 315
330 367
22 214
41 264
55 162
99 434
132 382
233 434
305 310
76 450
131 157
117 259
134 428
222 275
249 378
282 326
20 326
37 495
73 152
59 254
111 444
212 496
474 496
224 321
36 270
110 219
127 388
108 146
113 490
261 388
247 490
302 389
335 337
300 316
30 455
52 214
38 316
71 264
85 162
126 163
164 455
186 214
277 332
337 383
101 106
87 208
106 450
279 378
64 224
17 378
50 326
91 327
124 275
182 445
163 203
256 394
316 445
27 342
355 373
140 219
200 270
332 389
392 440
24 44
103 337
156 163
235 456
6 404
18 229
4 331
45 332
119 281
105 383
193 230
270 450
344 399
3 106
8 450
135 225
168 173
195 276
272 496
19 50
79 101
84 445
189 461
230 270
323 461
73 286
21 96
59 388
100 389
147 235
174 338
224 455
265 456
298 404
339 405
399 456
36 404
77 405
149 281
300 450
341 451
374 399
52 348
33 106
38 450
74 107
112 399
225 276
51 123
101 240
49 50
188 394
353 461
394 462
31 410
12 168
86 117
91 461
130 389
163 337
204 338
278 287
369 405
80 302
33 456
107 405
181 354
167 456
429 456
179 281
406 472
5 128
10 472
371 451
82 348
216 348
257 349
307 466
255 276
381 415
45 466
81 123
67 225
119 415
141 174
158 343
22 482
383 461
424 462
56 66
61 410
83 169
116 117
121 461
135 359
19 184
46 287
63 456
137 405
151 303
271 405
436 472
40 472
21 230
95 179
114 421
213 400
246 348
287 349
39 247
58 297
378 467
37 174
75 466
111 123
116 467
149 415
264 365
314 482
262 292
322 343
14 190
0 292
52 482
74 241
93 483
165 359
239 308
266 411
431 478
68 426
16 236
49 184
90 185
123 133
150 236
301 405
26 200
53 303
34 61
466 472
70 472
125 179
166 180
204 472
47 488
28 246
69 247
102 195
129 298
143 196
146 467
179 415
220 416
294 365
5 262
354 416
32 365
13 123
385 483
82 482
118 139
104 241
123 483
178 190
257 483
269 308
255 410
296 411
329 359
7 308
29 67
34 411
67 359
141 308
120 185
461 478
23 252
4 10
9 354
56 200
83 303
97 201
349 422
60 319
46 421
473 488
99 247
132 195
159 298
173 196
252 489
285 437
250 416
384 416
21 364
136 314
153 483
134 241
287 483
361 432
39 381
20 139
111 257
59 67
185 206
212 309
264 499
229 478
262 426
303 427
14 324
363 478
36 83
41 427
74 375
96 134
127 201
113 303
187 252
338 421
30 268
11 26
379 422
38 129
117 422
150 370
241 488
282 489
356 438
15 145
20 489
53 437
414 416
106 263
166 314
240 263
226 365
317 483
391 432
143 330
91 140
160 499
294 499
242 309
32 499
333 427
44 324
85 325
118 273
145 376
219 325
236 494
217 252
310 443
370 494
122 392
409 422
120 319
194 268
235 269
221 371
6 217
312 489
345 437
18 42
23 386
45 145
83 437
97 335
105 196
124 438
210 212
386 438
446 489
297 366
22 161
8 263
388 484
421 432
159 432
200 433
233 381
324 499
272 309
24 207
57 155
62 499
98 156
136 448
189 274
249 325
309 376
1 223
340 443
18 392
400 494
73 99
78 443
138 494
152 392
224 268
265 269
251 371
55 459
127 335
75 145
113 437
154 438
302 336
476 489
30 402
52 161
38 263
112 212
131 454
277 279
230 433
263 381
304 382
87 155
92 499
166 448
207 449
205 376
17 325
430 494
471 495
108 443
130 202
256 341
283 444
316 392
80 115
66 217
85 459
167 269
198 336
184 438
332 336
318 438
423 454
82 161
161 454
235 403
183 213
334 382
86 280
237 449
311 398
8 397
135 172
121 274
286 341
272 443
346 392
98 290
115 459
189 408
249 459
290 460
1 357
73 233
21 43
100 336
191 454
265 403
339 352
325 454
366 455
3 403
58 110
89 177
75 279
116 280
149 228
168 470
176 331
190 229
281 347
267 449
302 470
19 347
38 397
52 295
93 296
126 244
165 172
244 465
343 444
68 239
54 341
128 290
202 239
155 393
188 341
376 392
293 357
144 234
130 336
204 285
295 403
355 454
47 301
28 59
33 403
88 110
167 403
181 301
198 470
146 280
220 229
332 470
373 471
5 75
10 419
371 398
82 295
123 296
109 398
183 347
197 245
274 465
348 414
26 363
12 465
86 414
67 172
408 465
172 188
158 290
232 239
61 357
9 167
121 408
135 306
162 409
234 285
5 425
60 132
65 476
426 455
63 403
252 302
238 404
362 470
403 471
35 75
40 419
62 178
100 470
114 368
141 471
153 296
174 419
213 347
287 296
77 486
378 414
56 363
42 465
116 414
438 465
138 173
264 312
229 291
456 482
0 239
41 240
74 188
93 430
132 358
113 116
266 358
30 81
35 425
54 475
68 373
90 132
342 353
72 492
53 250
433 471
70 419
144 368
130 470
171 471
410 487
47 435
69 194
107 486
160 312
146 414
220 363
294 312
321 415
445 481
44 137
123 430
71 240
183 481
197 379
236 307
26 497
7 255
48 256
139 374
120 132
199 425
273 374
259 476
6 30
364 492
9 301
83 250
97 148
102 492
124 251
157 199
215 369
201 471
248 317
275 420
25 245
99 194
118 436
151 384
178 487
200 246
250 363
351 415
76 210
62 312
136 261
475 481
115 138
175 189
213 481
254 482
268 380
39 328
4 307
37 255
78 256
138 307
152 205
212 256
231 498
229 425
243 323
55 272
41 374
113 250
154 251
266 492
305 420
16 317
90 266
38 76
131 267
222 385
208 487
282 436
356 385
15 92
20 436
207 262
298 380
284 482
358 431
31 36
17 138
96 431
418 482
182 205
242 256
333 374
11 323
85 272
71 374
145 323
186 324
219 272
393 425
236 441
296 492
337 493
411 442
43 46
34 492
48 390
120 266
161 267
312 436
23 333
64 334
50 436
124 385
105 143
413 488
163 313
196 261
289 452
297 313
27 452
66 380
99 328
140 329
200 380
214 278
365 447
2 395
43 396
24 154
29 498
84 205
103 447
115 272
175 323
216 324
276 375
326 492
18 339
367 493
40 98
119 391
100 149
105 493
381 391
243 457
191 267
251 318
77 165
443 488
75 92
168 283
319 452
52 108
57 452
79 211
170 329
230 380
395 447
73 396
54 154
106 344
133 447
147 345
207 396
455 498
205 323
496 499
110 463
58 273
91 221
397 493
70 98
149 391
130 149
182 339
223 340
283 391
314 458
11 457
47 114
33 216
85 406
107 165
126 407
167 216
198 283
184 385
258 334
299 335
10 232
390 453
101 350
87 452
161 401
202 402
235 350
274 278
26 176
64 468
86 227
163 447
237 396
311 345
297 447
402 463
61 170
88 273
162 222
179 391
253 340
24 288
65 289
82 458
63 216
156 407
329 335
40 232
114 181
174 232
306 351
292 453
3 350
116 227
176 278
267 396
341 345
19 294
0 52
93 243
132 171
170 463
192 222
244 412
343 391
21 340
147 479
169 238
155 340
246 458
320 407
380 458
53 63
89 474
223 474
204 232
295 350
336 351
47 248
396 402
74 351
107 299
165 469
239 418
299 469
247 279
10 366
51 367
32 125
373 418
183 294
274 412
315 413
348 361
26 310
12 412
34 171
125 289
259 289
28 356
451 459
88 407
162 356
253 474
327 423
5 372
65 423
13 233
63 350
104 351
151 197
178 300
269 418
329 469
2 74
81 367
463 469
141 418
172 485
153 243
180 346
213 294
39 141
345 413
405 464
4 120
37 68
116 361
190 310
231 311
248 480
229 238
55 85
192 356
266 305
398 424
16 130
21 474
95 423
155 474
169 372
458 475
134 351
208 300
72 439
359 469
37 418
70 366
92 125
111 367
171 418
185 316
245 367
336 485
14 434
69 141
74 485
96 244
148 434
113 413
146 361
187 362
220 310
247 413
321 362
412 480
11 136
16 480
49 428
71 187
123 377
150 480
164 378
236 254
263 357
34 305
122 152
139 321
87 131
125 423
166 424
199 372
226 475
240 373
273 321
364 439
23 146
69 491
50 249
124 198
143 440
465 491
201 418
316 368
8 23
25 192
99 141
104 485
118 383
140 142
219 435
252 383
217 362
291 311
2 208
43 209
29 311
76 157
442 480
194 378
180 480
254 429
268 327
328 378
23 496
4 254
105 306
231 445
243 270
229 372
330 424
435 440
173 440
154 198
305 367
346 368
222 332
208 434
249 435
282 383
309 486
15 39
20 383
73 209
106 157
133 260
147 158
185 450
298 327
284 429
36 327
17 85
96 378
108 203
187 496
209 255
335 394
300 373
71 321
112 322
126 220
186 271
203 440
184 198
263 491
337 440
10 45
15 389
101 163
161 214
188 317
279 435
312 383
353 384
413 435
12 91
50 383
91 384
124 332
215 450
256 451
27 399
66 327
200 327
217 496
332 446
43 343
24 101
103 394
115 219
156 220
142 322
216 271
307 389
18 286
4 388
45 389
119 338
210 456
191 214
251 265
344 456
22 405
77 112
42 91
154 332
286 451
420 451
98 400
79 158
271 328
362 446
21 153
54 101
59 445
133 394
147 292
207 343
365 417
339 462
36 461
72 118
110 410
89 287
75 389
223 287
209 389
283 338
314 405
374 456
47 61
33 163
112 456
126 354
186 405
165 282
198 230
225 333
10 179
51 180
390 400
68 349
49 107
87 399
109 158
128 400
450 451
301 328
26 123
12 225
31 467
427 467
177 292
163 394
204 395
278 344
80 359
66 461
179 338
253 287
280 390
43 477
313 338
13 46
404 456
82 405
63 163
104 164
156 354
183 457
290 354
445 457
255 333
7 231
119 472
67 282
141 231
158 400
457 467
56 123
42 225
61 467
135 416
195 467
248 293
267 343
308 344
19 241
137 462
170 410
211 411
271 462
35 185
21 287
73 477
169 185
134 164
213 457
246 405
260 303
287 406
72 252
320 354
452 473
37 231
70 179
111 180
149 472
190 473
223 421
264 422
322 400
0 349
74 298
148 247
165 416
239 365
225 467
299 416
51 314
338 344
90 242
164 191
150 293
301 462
53 360
125 236
218 427
9 61
50 62
88 354
102 252
129 355
220 473
201 231
5 319
354 473
32 422
13 180
118 196
104 298
238 298
269 365
255 467
296 468
329 416
7 365
81 314
29 124
67 416
370 417
120 242
153 190
232 483
405 411
4 67
83 360
97 258
105 119
157 309
231 258
248 427
308 478
349 479
8 186
41 134
46 478
173 253
159 355
233 304
285 494
250 473
384 473
21 421
57 78
136 371
117 129
134 298
208 247
227 489
20 196
359 416
37 365
111 314
460 468
171 365
262 483
303 484
377 433
14 381
0 483
41 484
437 484
96 191
127 258
187 309
247 360
338 478
379 479
90 376
38 186
150 427
356 495
15 202
53 494
414 473
106 320
92 422
139 268
166 371
432 490
69 438
143 387
91 197
124 145
129 489
182 315
201 365
242 366
256 264
27 212
13 314
118 330
66 140
71 484
104 432
219 382
467 484
217 309
7 499
43 156
29 258
103 207
318 361
180 427
254 376
6 274
345 494
386 495
18 99
97 392
45 202
119 151
124 495
157 443
210 269
196 371
270 320
22 218
8 320
25 489
173 387
121 197
159 489
233 438
272 366
76 454
24 264
98 213
84 315
115 382
134 432
189 331
222 279
73 156
59 258
174 208
265 326
251 428
284 376
325 377
36 274
77 275
168 393
187 443
228 444
302 393
52 218
38 320
126 167
277 336
263 438
304 439
337 387
106 454
54 264
87 212
188 264
205 433
279 382
31 280
12 38
17 382
380 434
182 449
163 207
204 208
256 398
107 275
167 326
198 393
217 443
258 444
332 393
101 460
82 218
156 167
142 269
216 218
235 460
307 336
7 44
45 336
193 234
210 403
158 213
270 454
22 352
8 454
61 280
135 229
346 449
19 54
98 347
46 157
84 449
189 465
137 275
170 223
211 224
271 275
1 414
288 444
362 393
40 342
21 100
100 393
114 291
174 342
265 460
339 409
399 460
3 460
58 167
37 44
149 285
190 286
223 234
314 352
341 455
52 352
126 301
79 455
51 127
68 296
49 54
128 347
155 450
188 398
26 70
12 172
31 414
70 342
130 393
204 342
278 291
295 460
369 409
429 460
28 116
33 460
88 167
107 409
129 168
167 460
179 285
181 358
280 337
5 132
10 476
65 183
371 455
44 60
123 353
156 301
183 404
197 302
257 353
255 280
348 471
7 178
81 127
86 471
141 178
447 450
172 245
158 347
232 296
273 297
364 415
424 466
61 414
9 224
83 173
135 363
162 466
60 189
459 460
151 307
137 409
211 358
159 168
238 461
285 307
250 286
35 132
21 234
40 476
62 235
76 133
136 184
153 353
213 404
287 353
347 404
89 368
37 178
111 127
116 471
190 420
264 369
229 348
262 296
0 296
41 297
74 245
454 466
165 363
113 173
192 466
206 364
239 312
266 415
30 138
16 240
150 240
241 358
282 359
301 409
342 410
144 425
218 374
166 184
204 476
226 235
69 251
143 200
160 369
146 471
220 420
294 369
321 472
354 420
32 369
13 127
385 487
118 143
71 297
104 245
123 487
145 246
197 436
236 364
257 487
310 313
7 312
34 415
122 262
461 482
172 379
120 189
199 482
6 87
312 359
23 256
4 14
9 358
97 205
124 308
157 256
372 410
234 476
275 477
289 375
349 426
60 323
13 477
25 302
99 251
151 441
159 302
173 200
233 251
252 493
2 318
384 420
24 77
62 369
84 128
134 245
227 436
268 437
287 487
328 488
1 93
326 415
4 364
37 312
78 313
152 262
303 431
377 380
363 482
41 431
77 88
96 138
127 205
113 307
187 256
206 498
228 257
30 272
11 30
90 323
38 133
117 426
131 324
379 426
222 442
15 149
20 493
106 267
92 369
166 318
207 319
240 267
331 385
432 437
69 385
110 386
96 488
108 313
242 313
333 431
11 380
434 483
66 87
219 329
236 498
310 447
370 498
411 499
10 155
29 205
43 103
122 396
409 426
87 375
120 323
386 442
23 390
446 493
50 493
210 216
196 318
22 165
388 488
25 436
61 93
99 385
140 386
173 334
272 313
2 452
76 401
24 211
84 262
115 329
464 483
175 380
340 447
18 396
4 498
40 155
73 103
78 447
152 396
193 397
441 499
191 324
265 273
251 375
55 463
3 273
77 222
94 391
75 149
168 340
228 391
176 201
302 340
476 493
52 165
38 267
93 166
112 216
244 335
230 437
304 386
15 283
68 109
54 211
73 453
106 401
128 160
147 402
155 263
188 211
205 380
279 329
31 227
17 329
58 330
380 381
471 499
70 155
182 396
130 206
223 397
283 448
47 171
33 273
85 463
167 273
184 442
332 340
318 442
10 289
32 48
101 407
82 165
123 166
109 268
161 458
183 217
235 407
274 335
334 386
26 233
86 284
177 402
158 160
237 453
311 402
61 227
9 37
88 330
121 278
135 176
162 279
214 469
286 345
327 346
313 448
387 397
24 345
65 346
115 463
63 273
137 222
156 464
189 412
238 274
1 361
290 464
288 391
329 392
40 289
114 238
100 340
174 289
213 217
306 408
339 356
3 407
39 64
56 233
42 335
168 474
176 335
281 351
267 453
341 402
382 403
401 453
165 176
244 469
51 74
343 448
68 243
16 53
21 397
54 345
169 295
260 413
320 464
72 362
53 120
359 392
70 289
130 340
171 341
245 290
295 407
336 408
396 459
74 408
107 356
148 357
160 182
220 233
280 284
10 423
373 475
123 300
109 402
183 351
197 249
315 470
26 367
7 125
12 469
34 228
86 418
139 244
125 346
172 192
199 295
350 464
28 413
9 171
88 464
234 289
5 429
27 188
46 238
60 136
65 480
63 407
104 408
151 254
178 357
238 408
269 475
403 475
2 131
76 80
62 182
81 424
141 475
213 351
287 300
39 198
345 470
378 418
56 367
4 177
37 125
42 469
116 418
138 177
157 419
231 368
229 295
14 141
55 142
41 244
60 486
456 486
113 120
192 413
206 311
266 362
357 480
30 85
90 136
95 480
117 239
169 429
222 255
342 357
72 496
20 306
433 475
111 424
92 182
171 475
284 352
14 491
410 491
69 198
110 199
143 147
108 126
146 418
220 367
247 470
261 368
32 316
352 486
11 193
44 141
49 485
71 244
145 193
164 435
236 311
296 362
337 363
34 362
122 209
428 481
87 188
120 136
125 480
199 429
240 430
273 378
9 305
50 306
102 496
124 255
143 497
215 373
201 475
275 424
289 322
27 322
8 80
440 491
44 491
25 249
99 198
140 199
178 491
200 250
217 419
291 368
351 419
43 266
29 368
103 317
115 142
153 434
194 435
254 486
328 435
1 40
326 362
18 209
4 311
78 260
152 209
138 311
344 379
3 86
154 255
319 322
79 81
208 491
282 440
230 250
106 214
147 215
133 317
207 266
298 384
284 486
31 40
17 142
36 384
96 435
110 333
108 260
209 312
314 328
374 379
11 327
85 276
38 430
112 379
236 445
277 446
337 497
411 446
10 102
376 425
101 220
161 271
221 322
353 441
413 492
12 148
45 96
86 97
124 389
177 215
163 317
237 266
289 456
27 456
80 282
66 384
429 436
214 282
200 384
365 451
24 158
65 159
103 451
115 276
63 86
189 225
216 328
1 174
381 395
367 497
40 102
119 395
100 153
105 497
193 344
191 271
22 462
383 441
94 338
443 492
121 441
195 390
319 456
360 457
19 164
93 113
79 215
98 457
170 333
244 282
230 384
271 385
304 333
377 392
395 451
436 452
54 158
95 159
147 349
155 210
246 328
31 174
72 175
58 277
110 467
89 344
70 102
75 446
130 153
209 446
397 497
322 323
47 118
33 220
52 462
74 221
126 411
148 170
186 462
198 287
448 462
10 236
51 237
101 354
49 164
87 456
109 215
128 457
274 282
301 385
12 282
34 41
177 349
204 452
237 400
278 401
28 226
102 175
88 277
179 395
253 344
5 242
354 396
65 293
13 103
257 463
290 411
255 390
7 288
389 390
67 339
193 478
172 355
158 457
306 355
292 457
366 406
56 180
42 282
176 282
308 401
368 452
93 247
41 57
46 401
79 349
132 175
211 468
285 417
343 395
35 242
384 396
169 242
134 221
260 360
20 119
37 288
185 186
171 288
223 478
264 479
262 406
47 252
0 406
396 406
165 473
146 231
187 232
239 422
247 283
299 473
373 422
32 129
338 401
90 299
109 349
164 248
315 417
26 314
12 416
48 73
34 175
375 468
218 484
240 243
226 345
317 463
350 411
9 118
88 411
129 412
451 463
253 478
201 288
294 479
5 376
65 427
13 237
44 304
269 422
403 422
2 78
29 181
62 129
67 473
103 130
120 299
141 422
153 247
172 489
194 248
254 299
6 197
345 417
23 366
9 468
56 314
97 315
157 366
248 484
382 484
60 433
41 191
132 309
173 310
233 361
324 479
398 428
30 32
35 376
57 135
62 479
95 427
117 186
458 479
134 355
208 304
39 495
20 253
359 473
92 129
171 422
185 320
336 489
284 299
14 438
377 490
110 146
96 248
148 438
127 315
187 366
11 140
90 433
164 382
150 484
453 485
203 310
236 258
263 361
106 377
87 135
331 495
465 495
64 151
50 253
215 320
256 321
27 269
13 371
44 438
25 196
66 197
80 95
104 489
118 387
145 490
219 439
217 366
291 315
29 315
103 264
483 485
194 382
221 485
254 433
6 331
18 156
45 259
78 207
105 310
270 377
330 428
3 33
8 377
435 444
94 151
154 202
195 203
233 495
286 321
98 270
131 218
134 489
189 388
323 388
309 490
1 337
59 315
133 264
147 162
207 213
251 485
284 433
110 280
96 382
209 259
302 450
300 377
11 274
38 377
203 444
184 202
277 393
10 49
15 393
101 167
54 321
128 270
161 218
202 219
31 337
17 439
64 285
91 388
256 455
355 434
80 229
107 332
140 280
214 229
10 399
29 449
43 347
65 106
82 275
216 275
257 276
276 326
307 393
334 496
367 444
119 342
193 291
210 460
383 388
42 95
121 388
195 337
286 455
234 265
360 404
420 455
79 162
137 332
211 281
271 332
362 450
40 399
21 157
59 449
73 347
95 106
100 450
147 296
174 399
339 466
72 122
397 444
438 445
75 393
149 342
190 343
176 445
223 291
264 292
314 409
14 117
47 65
52 409
74 168
112 460
126 358
165 286
225 337
390 404
68 353
54 455
450 455
109 162
188 455
202 353
293 471
241 281
26 127
12 229
31 471
53 230
144 348
369 466
28 173
102 122
107 466
162 173
181 415
220 343
253 291
280 394
5 189
32 292
13 50
385 410
44 117
123 410
104 168
183 461
197 359
257 410
445 461
255 337
26 477
7 235
67 286
273 354
259 456
6 10
83 230
248 297
368 399
151 364
285 364
250 343
114 482
134 168
213 461
227 359
287 410
39 308
20 66
452 477
89 425
37 235
111 184
262 353
303 354
363 405
0 353
74 302
127 128
113 230
206 421
338 348
30 195
16 297
90 246
164 195
150 297
241 415
301 466
356 365
15 72
144 482
125 240
317 410
28 307
418 462
50 66
129 359
143 257
160 426
294 426
354 477
32 426
333 354
44 251
118 200
104 302
178 251
197 493
393 405
310 370
296 472
370 421
48 370
34 472
81 318
122 319
139 488
120 246
172 436
180 297
194 195
221 298
273 488
345 364
23 313
4 71
9 415
83 364
97 262
105 123
157 313
231 262
248 431
289 432
25 359
99 308
173 257
233 308
324 426
2 375
384 477
57 82
62 426
84 185
136 375
425 478
134 302
227 493
249 252
1 150
39 442
340 370
400 421
4 421
37 369
59 128
78 370
111 318
152 319
212 370
243 437
303 488
377 437
14 385
127 262
113 364
154 365
228 314
261 262
319 432
352 380
11 87
16 431
38 190
52 88
57 432
90 380
131 381
164 329
203 257
222 499
263 308
304 309
15 206
356 499
414 477
106 324
92 426
455 478
207 376
205 303
69 442
17 252
110 443
143 391
108 370
256 268
242 370
316 319
407 437
44 385
467 488
66 144
71 488
145 437
167 196
184 365
318 365
29 262
409 483
82 88
120 380
161 381
386 499
64 448
45 206
105 257
210 273
196 375
237 376
311 325
297 427
8 324
25 493
61 150
140 443
159 493
173 391
200 494
214 392
272 370
76 458
84 319
189 335
249 386
323 335
288 314
18 453
73 160
59 262
114 161
265 330
325 381
77 279
416 499
89 104
75 206
94 448
149 155
154 499
168 397
228 448
267 376
30 463
52 222
0 32
38 324
79 325
126 171
492 494
170 443
203 391
230 494
244 392
304 443
68 166
54 268
106 458
128 217
147 459
279 386
320 387
380 438
12 42
17 386
91 335
144 161
223 454
204 212
256 402
181 228
167 330
198 397
184 499
332 397
318 499
82 222
109 325
45 340
86 341
67 99
311 459
259 269
61 284
9 94
195 284
286 402
387 454
65 403
98 351
63 330
137 279
151 177
189 469
1 418
288 448
362 397
40 346
21 104
62 105
174 346
265 464
213 274
306 465
39 121
56 290
37 48
42 392
75 340
89 238
116 341
190 290
281 408
341 459
19 408
0 166
74 115
79 459
93 357
206 234
192 336
225 284
51 131
68 300
16 110
54 402
95 403
128 351
394 470
31 418
72 419
144 295
130 397
171 398
204 346
218 244
336 465
410 414
47 362
33 464
69 121
129 172
160 239
146 341
10 480
51 481
32 239
321 342
44 64
49 408
109 459
123 357
257 357
255 284
26 424
34 285
122 132
447 454
139 301
125 403
158 351
172 249
23 126
9 228
28 470
61 418
83 177
102 419
162 470
201 398
234 346
13 347
46 295
25 172
137 413
151 311
159 172
178 414
211 362
252 363
250 290
40 480
76 137
62 239
81 481
114 429
136 188
227 306
213 408
328 358
39 255
378 475
419 476
56 424
37 182
78 183
111 131
138 234
231 425
243 250
229 352
14 198
55 199
41 301
454 470
113 177
192 470
206 368
266 419
305 347
30 142
16 244
35 486
90 193
431 486
134 465
208 414
15 19
20 363
70 480
106 137
92 239
111 481
144 429
166 188
226 239
284 409
47 496
317 357
69 255
143 204
129 306
449 476
108 183
321 476
385 491
11 250
44 198
71 301
85 199
123 491
145 250
164 492
236 368
310 317
296 419
337 420
48 317
34 419
461 486
139 435
161 194
199 486
240 487
273 435
6 91
23 260
9 362
50 363
64 261
372 414
289 379
275 481
349 430
22 35
27 379
25 306
118 497
173 204
159 306
200 307
252 497
217 476
2 322
351 476
29 425
103 374
84 132
115 199
153 491
18 266
4 368
78 317
367 420
138 368
191 194
229 486
270 487
303 435
344 436
3 143
41 435
77 92
94 261
127 209
168 210
228 261
319 379
305 481
30 276
379 430
57 379
38 137
79 138
117 430
131 328
420 431
170 256
282 497
230 307
356 446
20 497
92 373
133 374
147 272
224 492
205 250
358 492
432 441
31 97
110 390
91 148
182 266
283 318
374 436
11 384
434 487
71 435
112 436
198 210
184 312
258 261
10 159
48 451
409 430
101 277
109 138
221 379
235 277
312 497
386 446
427 447
45 153
50 497
86 154
177 272
210 220
237 323
297 374
388 492
140 390
121 148
214 339
272 317
313 318
43 457
115 333
156 334
175 384
189 282
290 334
1 231
381 452
78 451
119 452
193 401
265 277
251 379
292 380
77 226
383 498
42 205
75 153
154 446
176 205
195 447
228 395
19 221
131 462
79 272
368 375
170 390
271 442
73 457
54 215
128 164
147 406
155 267
205 384
320 334
31 231
380 385
58 334
70 159
149 452
130 210
223 401
322 380
47 175
33 277
107 226
148 227
198 344
146 154
225 447
239 345
258 395
10 293
51 294
32 52
299 396
101 411
49 221
161 462
109 272
183 221
301 442
26 237
334 390
86 288
34 98
177 406
125 216
278 458
80 473
28 283
61 231
102 232
162 283
179 452
253 401
327 350
5 299
387 401
65 350
13 160
63 277
137 226
156 468
178 227
238 278
255 447
329 396
40 293
81 294
114 242
389 447
172 412
191 462
232 463
306 412
39 68
42 339
116 288
281 355
267 457
308 458
382 407
93 304
79 406
132 232
343 452
35 299
21 401
384 453
169 299
155 401
260 417
320 468
361 469
72 366
20 176
53 124
58 468
70 293
144 242
185 243
171 345
245 294
359 396
262 463
14 361
0 463
74 412
148 361
160 186
247 340
373 479
51 428
11 63
49 355
123 304
150 407
164 305
197 253
12 473
48 130
34 232
53 474
414 453
139 248
226 402
364 366
350 468
391 469
23 73
28 417
64 74
102 366
124 125
129 469
162 417
215 243
201 345
5 433
13 294
44 361
104 412
178 361
252 310
217 289
7 479
76 84
62 186
103 187
141 479
153 304
254 356
18 79
42 473
78 130
97 372
138 181
157 423
231 372
229 299
270 300
330 351
55 146
41 248
60 490
421 469
456 490
132 366
398 485
131 141
117 243
136 485
134 412
208 361
282 310
309 413
342 361
20 310
433 479
474 480
111 428
59 238
92 186
133 187
185 377
110 203
148 495
160 320
108 130
113 474
321 423
352 490
30 439
486 490
85 146
71 248
145 197
164 439
236 315
48 264
139 382
87 192
166 485
240 434
50 310
124 259
215 377
201 479
289 326
13 428
44 495
25 253
66 254
118 444
219 496
481 496
291 372
318 475
351 423
24 28
29 372
103 321
392 424
115 146
142 249
175 197
268 388
1 44
6 388
307 316
4 315
78 264
105 367
210 383
243 331
270 434
8 434
94 208
286 378
272 480
319 326
131 275
79 85
189 445
249 496
59 372
133 321
147 219
298 388
284 490
358 439
399 440
110 337
96 439
75 316
149 265
209 316
314 332
300 434
374 383
38 434
184 259
225 260
277 450
411 450
15 450
51 107
376 429
101 224
161 275
202 276
293 394
279 496
64 342
12 152
17 496
86 101
91 445
413 496
177 219
237 270
80 286
66 388
140 337
88 147
181 338
214 286
429 440
179 265
489 491
5 112
43 404
65 163
142 383
216 332
276 383
307 450
381 399
40 106
45 450
67 209
81 107
100 157
119 399
141 158
191 275
232 276
292 327
22 466
383 445
61 394
42 152
94 342
121 445
135 343
195 394
443 496
267 270
19 168
93 117
46 271
79 219
98 461
170 337
211 338
244 286
436 456
35 112
21 214
95 163
114 405
347 384
72 179
58 281
70 106
149 399
223 348
209 450
264 349
262 276
322 327
14 174
47 122
52 466
126 415
148 174
165 343
225 394
51 241
68 410
49 168
128 461
202 410
150 220
274 286
301 389
26 184
12 286
53 287
34 45
144 405
125 163
177 353
204 456
317 333
47 472
28 230
102 179
88 281
179 399
253 348
294 349
32 349
385 467
44 174
82 466
104 225
255 394
7 292
81 241
67 343
172 359
158 461
232 410
180 220
306 359
56 184
9 338
42 286
97 185
157 236
248 354
234 456
308 405
368 456
46 405
151 421
132 179
211 472
324 349
21 348
62 349
136 298
260 364
287 467
361 416
20 123
89 482
37 292
111 241
212 293
262 410
303 411
322 461
336 359
0 410
36 67
96 118
127 185
206 478
187 236
239 426
247 287
338 405
30 252
16 354
90 303
241 472
315 421
375 472
48 77
34 179
139 195
92 349
166 298
218 488
240 247
317 467
69 365
50 123
129 416
143 314
160 483
201 292
27 139
13 241
32 483
44 308
25 66
118 257
393 462
236 478
310 427
370 478
7 426
43 83
29 185
48 427
81 375
122 376
120 303
172 493
180 354
194 252
254 303
6 201
386 422
18 26
4 128
23 370
157 370
105 180
231 319
405 472
248 488
289 489
446 473
22 145
8 247
55 93
25 416
324 483
398 432
458 483
62 483
98 140
117 190
136 432
134 359
208 308
249 309
309 360
1 207
20 257
340 427
400 478
78 427
59 185
111 375
152 376
212 427
243 494
284 303
14 442
55 443
36 201
110 150
96 252
377 494
75 129
113 421
302 320
352 437
30 386
11 144
52 145
38 247
112 196
164 386
453 489
203 314
263 365
15 263
428 432
106 381
87 139
128 140
240 381
226 483
205 360
69 499
17 309
50 257
108 427
182 376
256 325
407 494
80 99
85 443
140 150
145 494
219 443
217 370
258 371
291 319
43 217
103 268
82 145
120 437
194 386
221 489
235 387
45 263
119 212
196 432
311 382
3 37
8 381
435 448
61 207
94 155
121 258
135 156
173 448
195 207
214 449
286 325
272 427
346 376
24 325
84 376
115 443
189 392
175 494
249 443
323 392
1 341
73 217
21 27
59 319
100 320
114 218
147 166
174 269
265 387
325 438
3 387
36 335
89 161
75 263
149 212
176 315
302 454
341 382
401 433
0 89
79 382
112 330
126 228
203 448
244 449
277 397
15 397
68 223
202 223
188 325
205 494
320 444
353 392
31 341
12 99
17 443
53 100
380 495
144 218
256 459
204 269
295 387
47 285
28 43
33 387
80 233
107 336
167 387
181 285
198 454
332 454
373 455
5 59
65 110
371 382
82 279
156 228
142 330
274 449
307 397
348 398
7 105
12 449
45 397
86 398
158 274
259 326
350 444
383 392
61 341
9 151
42 99
83 100
195 341
286 459
234 269
327 460
19 115
60 116
46 218
65 460
98 408
63 387
151 234
211 285
403 455
40 403
21 161
62 162
95 110
100 454
114 352
174 403
227 229
339 470
39 178
72 126
378 398
89 295
37 105
75 397
190 347
176 449
415 465
0 223
74 172
225 341
266 342
51 188
357 460
68 357
16 167
49 115
54 459
90 116
150 167
169 409
293 475
241 285
72 476
53 234
70 403
144 352
92 162
204 403
245 404
278 352
28 177
69 178
107 470
129 229
148 471
160 296
181 419
220 347
5 193
32 296
13 54
445 465
44 121
49 465
104 172
123 414
183 465
197 363
257 414
255 341
26 481
48 240
34 342
67 290
122 189
125 460
158 408
273 358
259 460
61 475
9 285
83 234
102 476
248 301
275 404
308 352
349 353
60 250
8 60
46 352
440 471
25 229
99 178
137 470
252 420
114 486
62 296
136 245
227 363
213 465
39 312
326 342
37 239
78 240
152 189
138 291
190 481
264 430
229 409
303 358
14 255
0 357
41 358
55 256
363 409
127 132
132 476
206 425
305 404
30 199
90 250
131 251
117 353
208 471
356 369
20 420
53 368
144 486
92 296
166 245
185 487
226 296
317 414
358 415
17 122
50 70
96 415
129 363
182 189
220 481
333 358
393 409
85 256
197 497
145 307
219 256
48 374
29 132
34 476
139 492
120 250
194 199
221 302
23 317
9 419
64 318
83 368
97 266
105 127
372 471
349 487
22 92
27 436
99 312
173 261
159 363
250 481
291 482
324 430
2 379
365 431
24 138
29 482
62 430
84 189
103 431
115 256
175 307
189 205
227 497
249 256
1 154
6 498
39 446
18 323
4 425
78 374
59 132
100 133
152 323
212 374
243 441
191 251
303 492
377 441
55 390
36 148
41 492
77 149
127 266
75 76
228 318
379 487
420 488
57 436
117 487
244 262
230 364
395 431
106 328
147 329
455 482
432 498
31 154
36 498
91 205
397 477
108 374
182 323
256 272
209 426
242 374
333 492
11 441
85 390
66 148
71 492
107 149
186 442
198 267
318 369
10 216
409 487
101 334
161 385
109 195
142 143
235 334
64 452
45 210
86 211
177 329
163 431
210 277
311 329
297 431
402 447
80 396
61 154
462 498
121 205
162 206
313 375
24 272
98 221
84 323
115 390
189 339
137 149
142 493
216 442
276 493
1 288
290 391
288 318
40 216
100 267
193 458
480 488
265 334
251 436
292 437
325 385
3 334
89 108
42 262
75 210
116 211
176 262
228 452
267 380
19 278
93 227
79 329
492 498
170 447
244 396
230 498
304 447
343 375
68 170
54 272
95 273
128 221
147 463
205 441
246 442
260 340
31 288
72 289
58 391
380 442
144 165
223 458
322 437
355 385
33 334
107 283
148 284
167 334
181 232
198 401
258 452
299 453
373 402
5 6
10 350
32 109
101 468
109 329
183 278
274 396
26 294
12 396
34 155
67 103
177 463
125 273
158 221
259 273
350 391
28 340
9 98
61 288
88 391
102 289
135 237
162 340
253 458
327 407
5 356
387 458
60 63
65 407
63 334
151 181
211 232
238 335
329 453
2 58
81 351
114 299
213 278
306 469
3 468
39 125
405 448
42 396
116 345
176 396
382 464
19 412
0 170
41 171
79 463
206 238
192 340
266 289
357 407
35 356
16 114
95 407
169 356
117 166
155 458
417 458
458 459
208 284
394 474
20 233
359 453
111 351
130 401
144 299
171 402
185 300
336 469
410 418
14 418
74 469
160 243
146 345
220 294
247 397
321 346
51 485
32 243
371 463
412 464
44 68
49 412
71 171
150 464
164 362
197 310
26 428
48 187
447 458
139 305
199 356
226 459
259 407
424 474
465 475
9 232
83 181
215 300
201 402
275 351
13 351
44 418
25 176
99 125
104 469
118 367
159 176
178 418
252 367
250 294
291 295
2 192
76 141
62 243
136 192
442 464
153 361
194 362
227 310
254 413
6 311
56 428
4 238
78 187
157 480
138 238
243 254
303 305
330 408
55 203
41 305
454 474
94 131
113 181
132 423
233 475
30 146
35 490
117 300
134 469
282 367
15 23
111 485
92 243
133 244
166 192
298 311
358 362
36 311
17 69
96 362
110 260
160 377
187 480
335 378
321 480
85 203
145 254
186 255
236 372
277 373
310 321
337 424
34 423
122 270
101 147
87 249
161 198
221 249
413 419
50 367
124 316
289 383
316 486
13 485
25 310
66 311
80 209
140 260
217 480
365 378
2 326
43 327
24 85
29 429
84 136
103 378
351 480
194 496
142 306
175 254
216 255
276 306
1 101
6 445
328 496
18 270
45 373
78 321
105 424
119 322
193 271
210 440
191 198
243 388
22 389
8 491
94 265
154 316
195 317
228 265
319 383
360 384
346 486
420 435
19 91
57 383
131 332
170 260
422 481
54 85
133 378
147 276
207 327
205 254
246 255
298 445
36 445
17 203
58 204
96 496
108 321
283 322
52 389
33 147
38 491
85 337
126 338
186 389
198 214
434 491
10 163
101 281
87 383
128 384
161 332
188 435
293 451
26 107
12 209
31 451
64 399
86 158
177 276
163 378
237 327
388 496
80 343
66 445
140 394
88 204
200 445
214 343
179 322
253 271
313 322
43 461
65 220
404 440
82 389
142 440
216 389
276 440
381 456
18 404
40 163
119 456
67 266
100 214
141 215
193 405
158 384
191 332
232 333
292 384
3 281
56 107
94 399
135 400
267 327
308 328
19 225
368 379
79 276
459 497
170 394
211 395
244 343
35 169
21 271
73 461
95 220
114 462
147 410
155 271
260 287
246 389
320 338
58 338
452 457
89 405
70 163
130 214
171 215
223 405
264 406
262 333
322 384
0 333
33 281
74 282
148 231
146 158
299 400
51 298
68 467
123 174
109 276
150 277
183 225
241 395
315 344
301 446
26 241
12 343
53 344
34 102
86 292
375 395
177 410
125 220
278 462
80 477
28 287
9 45
162 287
179 456
253 405
201 215
294 406
5 303
327 354
27 62
13 164
65 354
44 231
354 457
197 473
178 231
238 282
269 349
329 400
2 5
141 349
172 416
153 174
180 277
213 225
306 416
6 124
4 51
97 242
116 292
231 242
248 411
60 360
46 462
151 478
159 339
192 287
233 288
285 478
35 303
16 61
57 62
136 355
169 303
384 457
134 282
208 231
227 473
260 421
39 422
37 349
111 298
185 247
171 349
212 350
262 467
377 417
14 365
0 467
36 124
69 72
74 416
437 468
127 242
113 344
160 190
187 293
247 344
51 432
338 462
30 309
11 67
16 411
414 457
139 252
125 354
199 303
226 406
391 473
64 78
50 180
102 370
124 129
129 473
143 371
242 350
27 196
13 298
44 365
25 123
104 416
118 314
145 417
178 365
219 366
467 468
217 293
310 484
2 139
7 483
43 140
103 191
120 360
254 360
345 478
419 427
18 83
4 185
78 134
119 135
105 237
157 427
196 355
330 355
22 202
8 304
55 150
60 494
25 473
421 473
173 371
233 422
398 489
2 489
35 437
57 196
76 438
117 247
131 145
136 489
134 416
175 417
208 365
249 366
340 484
474 484
78 484
59 242
111 432
152 433
185 381
212 484
224 309
36 258
110 207
96 309
127 376
108 134
187 427
228 428
247 478
261 376
352 494
300 304
30 443
11 201
85 150
38 304
112 253
186 202
263 422
15 320
106 438
87 196
240 438
188 248
205 417
279 366
64 212
12 22
17 366
91 315
108 484
163 191
256 382
316 433
80 156
140 207
167 310
258 428
291 376
318 479
332 377
29 376
392 428
82 202
161 495
142 253
6 392
307 320
18 217
367 371
45 320
210 387
446 483
270 438
311 439
344 387
8 438
135 213
121 315
195 264
286 382
272 484
19 38
98 331
84 433
189 449
1 398
288 428
362 377
21 84
59 376
191 495
224 443
325 495
399 444
36 392
77 393
58 151
89 218
75 320
314 336
341 439
374 387
0 146
33 94
74 95
126 285
186 336
165 213
277 454
51 111
54 382
128 331
188 382
293 398
394 450
26 54
12 156
31 398
53 157
91 449
144 275
177 223
204 326
295 444
369 393
355 495
80 290
33 444
66 392
88 151
181 342
429 444
489 495
406 460
5 116
10 460
371 439
82 336
63 94
142 387
156 285
183 388
197 286
216 336
257 337
255 264
307 454
7 162
81 111
141 162
158 331
232 280
292 331
22 470
424 450
61 398
135 347
121 449
195 398
234 326
360 465
19 172
60 173
46 275
151 291
137 393
211 342
436 460
40 460
21 218
174 460
213 388
287 337
39 235
378 455
89 352
37 162
75 454
116 455
149 403
264 353
262 280
322 331
14 178
0 280
93 471
148 178
165 347
239 296
192 450
225 398
266 399
299 347
431 466
16 224
49 172
90 173
150 224
169 466
202 414
342 394
34 49
70 460
144 409
218 358
204 460
245 461
278 409
317 337
69 235
181 476
129 286
160 353
146 455
220 404
294 353
32 353
13 111
385 471
44 178
82 470
118 127
123 471
197 420
269 296
296 399
7 296
29 55
34 399
67 347
122 246
120 173
158 465
180 224
232 414
273 415
23 240
97 189
135 481
157 240
372 394
248 358
234 460
308 409
349 410
60 307
8 117
41 65
46 409
99 235
132 183
159 286
211 476
252 477
285 425
250 404
35 250
76 251
62 353
136 302
84 112
384 404
153 471
134 229
227 420
287 471
328 472
361 420
39 369
20 127
326 399
37 296
152 246
138 348
243 364
229 466
303 415
14 312
0 414
206 482
305 461
379 410
11 14
90 307
38 117
150 358
164 256
439 461
241 476
282 477
15 133
20 477
106 251
240 251
226 353
205 230
317 471
331 369
17 179
91 128
129 420
143 318
294 487
335 488
32 487
333 415
393 466
85 313
66 71
219 313
236 482
217 240
370 482
411 483
48 431
103 138
409 410
120 307
221 359
6 205
312 477
18 30
97 323
45 133
50 477
83 425
105 184
446 477
297 354
8 251
388 472
25 420
173 318
159 420
200 421
233 369
272 297
2 436
76 385
24 195
103 488
84 246
115 313
175 364
249 313
309 364
1 211
340 431
18 380
400 482
73 87
59 189
78 431
212 431
441 483
243 498
191 308
251 359
3 257
36 205
77 206
168 324
228 375
302 324
319 493
16 492
52 149
38 251
57 493
112 200
453 493
244 319
230 421
263 369
395 488
68 93
92 487
133 488
166 436
205 364
279 313
91 262
108 431
182 380
130 190
242 431
283 432
407 498
11 498
85 447
33 257
66 205
107 206
145 498
167 257
448 499
184 426
258 375
318 426
10 273
101 391
87 493
161 442
142 200
183 201
235 391
334 370
45 267
119 216
177 386
163 488
196 436
210 334
237 437
22 283
61 211
135 160
121 262
272 431
346 380
24 329
46 88
478 499
63 257
137 206
175 498
189 396
216 499
1 345
249 447
290 448
21 31
265 391
339 340
292 494
325 442
3 391
77 340
366 443
89 165
75 267
116 268
190 217
302 458
267 437
52 283
93 284
401 437
68 227
16 37
54 329
128 278
202 227
246 499
279 447
320 448
31 345
17 447
53 104
58 448
72 346
70 273
144 222
130 324
394 397
295 391
322 494
355 442
28 47
33 391
88 98
107 340
167 391
396 443
146 268
179 216
10 407
82 283
123 284
109 386
183 335
274 453
26 351
7 109
408 453
172 176
199 279
350 448
61 345
9 155
83 104
102 346
162 397
5 413
46 222
426 443
252 290
403 459
2 115
62 166
100 458
153 284
213 335
39 182
378 402
56 351
37 109
116 402
190 351
138 161
176 453
264 300
281 469
14 125
0 227
19 469
55 126
456 470
165 294
192 397
266 346
357 464
30 69
35 413
68 361
95 464
117 223
150 171
169 413
241 289
282 290
72 480
20 290
53 238
433 459
92 166
130 458
171 459
185 357
218 305
245 408
148 475
129 233
280 402
321 403
32 300
385 418
44 125
49 469
71 228
145 177
197 367
236 295
296 346
26 485
122 193
139 362
9 289
83 238
97 136
102 480
215 357
201 459
248 305
275 408
349 357
27 306
8 64
440 475
25 233
99 182
118 424
252 424
200 234
250 351
2 249
62 300
136 249
153 418
194 419
175 177
213 469
227 367
254 470
1 24
39 316
328 419
18 193
78 244
152 193
138 295
212 244
231 486
243 311
330 465
3 70
127 136
113 238
305 408
30 203
16 305
38 64
117 357
131 255
208 475
230 234
342 475
15 80
92 300
166 249
207 250
224 419
284 470
358 419
36 368
17 126
69 316
110 317
127 486
160 434
182 193
261 486
242 244
335 435
333 362
11 311
85 260
393 413
184 239
277 430
296 480
337 481
411 430
122 327
139 496
161 255
221 306
312 424
64 322
45 80
50 424
413 476
215 491
163 301
196 249
349 491
297 301
25 367
200 368
425 486
24 142
29 486
103 435
189 209
175 311
307 430
340 378
367 481
4 429
119 379
100 137
105 481
152 327
210 497
243 445
55 394
77 153
94 322
168 271
319 440
360 441
420 492
19 148
57 440
79 199
131 389
170 317
244 266
230 368
395 435
73 384
54 142
59 486
133 435
147 333
207 384
455 486
205 311
246 312
31 158
17 260
58 261
397 481
108 378
223 328
209 430
314 446
374 497
47 102
33 204
85 394
107 153
112 497
167 204
186 446
184 373
299 323
390 441
49 148
82 96
109 199
161 389
188 492
202 390
26 164
64 456
86 215
177 333
163 435
237 384
311 333
402 451
61 158
102 159
88 261
162 210
179 379
253 328
313 379
5 226
24 276
65 277
404 497
82 446
63 204
142 497
156 395
216 446
290 395
288 322
18 461
40 220
114 169
67 323
193 462
480 492
191 389
292 441
366 390
3 338
77 287
42 266
116 215
135 457
281 282
267 384
308 385
19 282
0 40
93 231
368 436
170 451
192 210
285 401
343 379
68 174
169 226
260 344
246 446
320 395
361 396
72 293
58 395
89 462
70 220
0 390
33 338
148 288
239 406
299 457
247 267
51 355
32 113
101 472
49 282
183 282
241 452
274 400
26 298
12 400
48 57
34 159
86 349
139 175
125 277
218 468
350 395
391 396
102 293
50 103
162 344
201 272
294 463
327 411
27 119
60 67
63 338
118 237
151 185
269 406
329 457
2 62
7 406
62 113
67 457
81 355
103 114
141 406
153 231
172 473
180 334
306 473
39 129
405 452
4 108
42 400
83 401
382 468
19 416
60 417
41 175
192 344
324 463
357 411
398 412
458 463
136 412
169 360
208 288
39 479
72 427
37 406
111 355
185 304
171 406
245 355
336 473
377 474
14 422
36 181
69 129
96 232
160 247
113 401
146 349
187 350
247 401
51 489
11 124
16 468
49 416
71 175
90 417
164 366
236 242
48 191
34 293
139 309
166 412
28 478
64 135
50 237
69 479
465 479
215 304
201 406
5 494
316 356
8 11
13 355
44 422
118 371
66 181
99 129
252 371
407 474
291 299
43 197
122 490
103 248
194 366
180 468
328 366
18 140
97 433
78 191
119 192
138 242
157 484
231 433
243 258
196 412
229 360
330 412
55 207
3 17
8 361
41 309
132 427
154 186
305 355
57 253
84 356
117 304
222 320
208 422
249 423
323 372
20 371
73 197
59 299
111 489
133 248
152 490
224 366
298 315
284 417
110 264
58 74
449 484
127 433
108 191
149 192
302 434
52 259
85 207
112 310
126 208
184 186
263 479
10 33
15 377
101 151
87 253
161 202
202 203
240 495
293 321
312 371
353 372
64 269
12 79
17 423
50 371
91 372
124 320
215 438
163 248
413 423
27 387
355 418
66 315
140 264
167 367
200 315
217 484
291 433
332 434
365 382
43 331
24 89
29 433
103 382
392 485
82 259
142 310
216 259
276 310
18 274
367 428
45 377
119 326
193 275
210 444
191 202
270 495
344 444
22 393
3 151
77 100
42 79
121 372
135 270
195 321
286 439
360 388
346 490
84 490
170 264
271 316
1 455
288 485
362 434
35 39
54 89
59 433
133 382
147 280
174 383
298 449
339 450
36 449
72 106
58 208
77 450
89 275
75 377
149 326
223 275
209 377
283 326
314 393
47 49
38 495
112 444
126 342
198 218
225 321
10 167
68 337
54 439
101 285
202 337
188 439
293 455
427 455
31 455
86 162
177 280
163 382
218 281
369 450
28 157
102 106
88 208
107 450
253 275
280 378
5 173
82 393
63 151
104 152
142 444
216 393
257 394
40 167
81 168
172 286
232 337
56 111
42 213
61 455
83 214
195 455
248 281
234 383
308 332
19 229
60 230
46 332
93 178
151 348
285 348
271 450
35 173
21 275
95 224
114 466
155 275
134 152
213 445
246 393
287 394
39 292
20 50
58 342
37 219
70 167
190 461
264 410
322 388
14 235
363 389
148 235
146 162
239 353
266 456
51 302
16 281
164 179
150 281
202 471
375 399
53 348
34 106
144 466
125 224
166 225
218 415
278 466
28 291
69 292
88 342
102 240
129 343
143 241
201 219
294 410
13 168
44 235
104 286
197 477
296 456
329 404
7 353
29 112
67 404
141 353
120 230
180 281
23 297
4 55
83 348
105 107
60 364
8 174
41 122
173 241
159 343
35 307
384 461
57 66
62 410
136 359
134 286
361 477
39 426
20 184
326 456
340 354
359 404
400 405
152 303
185 251
262 471
303 472
377 421
14 369
55 370
96 179
127 246
113 348
247 348
30 313
11 71
379 467
38 174
71 122
112 123
150 415
164 313
315 482
263 292
15 190
53 482
414 461
106 308
92 410
166 359
240 308
226 410
455 462
331 426
391 477
64 82
50 184
69 426
91 185
124 133
182 303
333 472
44 369
467 472
66 128
71 472
145 421
219 370
217 297
310 488
7 487
43 144
29 246
48 488
318 349
409 467
444 488
180 415
235 314
6 262
345 482
386 483
119 139
105 241
196 359
297 411
22 206
60 498
276 359
330 359
462 478
121 185
159 477
200 478
233 426
272 354
24 252
57 200
84 303
98 201
136 493
189 319
249 370
309 421
1 268
340 488
73 144
78 488
133 195
152 437
174 196
212 488
265 314
325 365
77 263
110 211
416 483
127 380
75 190
113 482
154 483
302 381
300 308
30 447
52 206
126 155
203 375
277 324
263 426
304 427
428 493
469 494
68 150
54 252
87 200
128 201
188 252
205 421
279 370
31 268
17 370
91 319
108 488
182 437
130 247
163 195
242 488
283 489
316 437
295 314
33 314
107 263
167 314
258 432
332 381
318 483
392 432
423 499
101 448
161 499
307 324
7 32
67 83
105 375
193 222
158 201
311 443
8 442
61 268
135 217
121 319
195 268
272 488
313 489
19 42
98 335
46 145
63 314
170 211
189 453
211 212
1 402
288 432
40 330
422 432
174 330
265 448
213 258
339 397
399 448
3 448
77 397
89 222
75 324
116 325
149 273
176 376
281 392
267 494
341 443
14 48
19 392
38 442
74 99
93 341
126 289
165 217
401 494
225 268
266 269
51 115
343 489
376 437
417 438
169 336
202 284
293 402
26 58
72 403
53 161
144 279
130 381
204 330
218 228
295 448
355 499
47 346
28 104
33 448
88 155
107 397
129 156
181 346
146 325
179 273
220 274
10 464
49 392
109 443
183 392
197 290
257 341
255 268
348 459
81 115
141 166
158 335
199 336
364 403
23 110
9 212
61 402
83 161
121 453
135 351
234 330
5 470
60 177
46 279
63 448
151 295
211 346
252 347
238 449
285 295
250 274
35 120
40 464
76 121
114 413
174 464
153 341
227 290
213 392
39 239
378 459
56 408
116 459
190 408
264 357
262 284
93 475
41 285
165 351
113 161
266 403
431 470
35 470
16 228
68 418
169 470
150 228
342 398
70 464
106 121
92 223
144 413
185 414
218 362
317 341
47 480
143 188
160 357
146 459
220 408
294 357
280 459
32 357
71 285
104 233
145 234
197 424
236 352
296 403
7 300
48 301
34 403
461 470
139 419
273 419
221 229
312 347
23 244
9 346
83 295
124 296
157 244
372 398
215 414
248 362
275 465
289 363
349 414
27 363
8 121
25 290
99 239
118 481
173 188
200 291
233 239
250 408
324 357
2 306
76 255
62 357
136 306
351 460
115 183
227 424
175 234
268 425
328 476
1 81
326 403
138 352
212 301
229 470
363 470
36 75
127 193
113 295
154 296
168 194
206 486
319 363
379 414
57 363
90 311
439 465
230 291
20 481
92 357
166 306
207 307
240 255
205 234
331 373
31 81
17 183
69 373
110 374
160 491
108 301
335 492
283 302
333 419
393 470
434 471
66 75
71 419
186 369
219 317
184 296
310 435
411 487
43 91
48 435
122 384
409 414
101 261
87 363
161 312
221 363
386 430
64 379
45 137
50 481
105 188
124 430
196 306
237 307
289 497
297 358
22 153
27 497
388 476
61 81
99 373
140 374
173 322
200 425
214 323
365 492
43 441
76 389
98 148
464 471
189 266
175 368
249 317
276 420
381 436
18 384
441 487
40 143
73 91
100 194
119 436
138 486
193 385
251 363
55 451
77 210
416 430
94 379
168 328
228 379
176 189
302 328
267 307
38 255
79 256
93 154
131 446
244 323
395 492
106 389
54 199
128 148
147 390
155 251
246 369
279 317
31 215
17 317
58 318
91 266
471 487
70 143
108 435
130 194
149 436
209 487
223 385
283 436
47 159
33 261
107 210
167 261
299 380
32 36
423 446
101 395
87 497
123 154
109 256
161 446
183 205
202 447
221 497
235 395
274 323
26 221
12 323
177 390
237 441
311 390
297 492
61 215
9 25
121 266
253 385
313 436
24 333
65 334
115 451
63 261
238 262
288 379
389 431
100 328
425 480
153 154
232 447
265 395
306 396
366 447
3 395
39 52
77 344
56 221
42 323
168 462
190 221
382 391
368 493
0 97
41 98
79 390
132 216
192 267
285 458
343 436
21 385
54 333
155 385
260 401
320 452
394 401
72 350
53 108
58 452
359 380
144 226
130 328
171 329
185 227
262 447
336 396
396 447
33 395
74 396
107 344
160 170
146 272
198 462
220 221
373 463
10 411
371 390
49 339
123 288
183 339
315 458
26 355
7 113
48 114
34 216
139 232
199 283
259 334
350 452
9 159
102 350
201 329
234 277
25 103
104 396
118 294
137 344
151 242
178 345
238 396
252 294
403 463
7 463
40 411
81 412
141 463
153 288
180 391
213 339
254 340
287 288
345 458
378 406
56 355
4 165
37 113
42 457
78 114
138 165
190 355
19 473
60 474
330 335
456 474
233 402
266 350
357 468
57 176
90 124
117 227
136 469
134 396
208 345
342 345
72 484
433 463
70 411
111 412
92 170
171 463
284 340
14 479
410 479
69 186
110 187
96 289
148 479
160 304
146 406
187 407
220 355
261 356
352 474
11 181
85 130
71 232
123 422
145 181
236 299
296 350
26 489
48 248
34 350
139 366
125 468
199 417
240 418
273 366
364 484
64 192
50 294
124 243
215 361
289 310
275 412
27 310
13 412
440 479
44 479
118 428
140 187
178 479
200 238
252 428
217 407
351 407
76 202
29 356
103 305
115 130
120 474
175 181
328 423
6 372
326 350
56 489
97 490
78 248
152 197
105 351
193 198
231 490
196 469
229 417
270 418
344 367
55 264
3 74
8 418
435 485
94 192
173 485
154 243
305 412
346 413
57 310
117 361
222 377
170 187
208 479
282 428
73 254
59 356
133 305
185 495
298 372
284 474
358 423
399 424
36 372
17 130
58 131
96 423
110 321
261 490
335 439
314 316
300 418
11 315
85 264
71 366
112 367
126 265
203 485
184 243
277 434
337 485
411 434
10 90
15 434
101 208
87 310
161 259
279 480
353 429
64 326
12 136
50 428
91 429
413 480
215 495
66 372
140 321
214 270
332 491
365 439
43 388
24 146
29 490
65 147
103 439
406 440
156 265
142 367
189 213
276 367
381 383
18 331
4 433
40 90
45 434
100 141
105 485
141 142
193 332
367 485
232 260
22 450
3 208
77 157
383 429
168 275
286 496
420 496
19 152
24 496
79 203
93 101
98 445
170 321
271 373
304 321
362 491
395 439
73 388
54 146
133 439
147 337
155 198
174 440
207 388
436 440
246 316
110 455
58 265
397 485
89 332
70 90
75 434
223 332
209 434
283 383
314 450
47 106
52 450
107 157
126 399
198 275
184 377
225 378
239 276
10 224
51 225
68 394
49 152
54 496
87 444
101 342
128 445
188 496
202 394
86 219
125 147
130 491
204 440
218 338
237 388
278 389
80 404
28 214
102 163
88 265
140 455
162 214
181 456
179 383
313 383
65 281
63 208
104 209
156 399
257 451
290 399
269 276
255 378
40 224
67 327
141 276
193 466
172 343
158 445
480 496
306 343
292 445
366 394
116 219
157 220
248 338
234 440
267 388
281 286
19 286
308 389
46 389
368 440
151 405
132 163
170 455
192 214
285 405
343 383
35 230
21 332
95 281
169 230
134 209
246 450
361 400
72 297
20 107
89 466
37 276
111 225
223 466
264 467
336 343
14 292
0 394
74 343
96 102
165 461
239 410
187 220
299 461
247 271
51 359
90 287
123 235
150 338
241 456
26 302
139 179
218 472
199 230
226 333
331 349
317 451
28 348
102 297
50 107
129 400
143 298
201 276
5 364
44 292
118 241
178 292
269 410
217 220
2 66
43 67
29 169
67 461
103 118
141 410
120 287
153 235
172 477
180 338
254 287
345 405
23 354
56 302
83 405
97 303
105 164
231 303
405 456
248 472
229 230
382 472
55 77
8 231
60 421
132 297
233 349
324 467
35 364
57 123
136 416
309 344
39 483
20 241
400 462
111 359
59 169
138 462
171 410
185 308
212 411
224 236
36 185
74 477
96 236
110 134
127 303
113 405
187 354
352 421
30 370
11 128
90 421
38 231
71 179
150 472
412 472
453 473
203 298
236 246
15 247
106 365
92 467
139 313
166 416
226 467
240 365
331 483
279 293
64 139
143 432
124 190
430 462
215 308
242 411
316 360
407 478
44 426
80 83
104 477
118 375
145 478
217 354
291 303
318 406
351 354
442 472
120 421
180 472
221 473
254 421
268 319
6 319
18 144
23 488
97 437
157 488
210 314
196 416
270 365
330 416
99 483
121 242
154 190
233 483
286 309
272 411
76 499
84 360
115 427
134 477
175 478
189 376
222 324
249 427
1 325
309 478
73 201
59 303
133 252
224 370
265 371
251 473
284 421
325 422
36 319
77 320
110 268
89 145
75 247
127 437
149 196
168 438
209 247
300 365
52 263
38 365
126 212
401 417
184 190
263 483
277 381
304 484
10 37
15 381
337 432
101 155
106 499
128 258
202 207
188 309
240 499
205 478
293 325
353 376
380 479
12 83
17 427
182 494
256 443
316 494
295 371
355 422
66 319
140 268
167 371
179 196
217 488
5 43
43 335
65 94
82 263
156 212
257 264
307 381
334 484
119 330
67 140
210 448
158 258
61 325
42 83
121 376
135 274
195 325
234 253
346 494
360 392
19 99
24 443
46 202
60 100
79 150
84 494
137 320
170 268
387 495
288 489
362 438
35 43
422 489
100 438
174 387
463 490
339 454
72 110
378 382
190 331
223 279
264 280
38 499
93 398
165 274
51 172
376 494
68 341
49 99
90 100
128 392
150 151
155 495
188 443
202 341
241 269
293 459
301 320
31 459
12 217
53 218
70 387
144 336
218 285
278 336
47 403
102 110
107 454
129 213
181 403
220 331
253 279
445 449
44 105
82 397
156 346
197 347
257 398
255 325
296 326
26 465
7 223
81 172
141 223
447 495
158 392
232 341
259 444
364 460
56 115
9 269
61 459
97 116
135 408
248 285
234 387
368 387
60 234
46 336
151 352
137 454
285 352
271 454
250 331
136 229
213 449
347 449
20 54
56 465
37 223
89 413
190 465
171 223
264 414
262 341
303 342
0 341
41 342
74 290
113 218
239 357
30 183
16 285
38 44
164 183
241 403
282 404
301 454
342 455
15 60
53 352
106 178
144 470
166 229
226 280
143 245
129 347
160 414
220 465
333 342
44 239
71 342
104 290
197 481
219 240
310 358
370 409
7 357
48 358
29 116
34 460
122 307
172 424
120 234
180 285
221 286
345 352
23 301
4 59
83 352
97 250
105 111
124 353
157 301
215 471
196 229
349 471
22 76
8 178
27 420
60 368
25 347
99 296
151 486
173 245
250 465
324 414
365 415
2 363
425 466
24 122
57 70
62 414
136 363
227 481
268 482
39 430
340 358
326 460
400 409
4 409
37 357
78 358
138 409
152 307
212 358
303 476
55 374
96 183
127 250
113 352
319 420
16 419
52 76
38 178
112 127
117 471
222 487
203 245
263 296
395 415
54 122
207 364
240 312
205 291
331 430
432 482
64 86
17 240
69 430
91 189
110 431
108 358
143 379
242 358
333 476
407 425
11 425
85 374
66 132
107 133
219 374
184 353
217 301
258 302
310 492
43 148
29 250
48 492
318 353
409 471
87 420
120 368
161 369
221 420
235 318
23 435
64 436
45 194
119 143
105 245
124 487
237 364
270 312
311 313
22 210
8 312
402 431
25 481
462 482
140 431
121 189
173 379
214 380
465 487
43 498
24 256
76 446
84 307
98 205
340 492
381 493
40 200
73 148
100 251
174 200
193 442
265 318
251 420
325 369
3 318
416 487
89 92
75 194
228 436
302 385
267 364
52 210
38 312
93 211
112 261
126 159
170 431
203 379
230 482
244 380
469 498
68 154
73 498
106 446
147 447
155 308
207 498
279 374
320 375
31 272
12 30
58 375
70 200
144 149
130 251
182 441
223 442
283 493
47 216
33 318
107 267
181 216
167 318
198 385
258 436
332 385
318 487
373 386
32 93
82 210
156 159
109 313
183 262
334 431
7 36
12 380
67 87
86 329
177 447
158 205
237 498
311 447
61 272
9 82
88 375
162 324
253 442
313 493
387 442
24 390
46 149
189 457
137 267
211 216
238 319
1 406
288 436
329 437
362 385
40 334
21 92
62 93
100 385
141 386
174 334
153 211
306 453
3 452
39 109
77 401
89 226
42 380
190 278
176 380
281 396
267 498
382 448
401 498
0 154
74 103
79 447
206 222
266 273
51 119
357 391
343 493
16 98
54 390
155 442
260 458
359 437
70 334
92 93
130 385
171 386
204 334
218 232
28 108
33 452
148 402
160 227
146 329
220 278
280 329
321 330
51 469
371 447
44 52
49 396
109 447
123 345
183 396
197 294
257 345
472 499
348 463
26 412
7 170
48 171
34 273
81 119
86 463
139 289
125 391
172 237
199 340
259 391
273 289
28 458
9 216
102 407
201 386
234 334
275 335
27 233
13 335
46 283
60 181
25 160
99 109
137 401
151 299
159 160
178 402
2 176
40 468
76 125
81 469
136 176
153 345
227 294
213 396
254 397
287 345
328 346
39 243
378 463
419 464
56 412
4 222
37 170
111 119
190 412
231 413
229 340
14 186
55 187
93 479
454 458
132 407
266 407
30 130
16 232
35 474
57 233
169 474
208 402
282 351
342 402
20 351
70 468
92 227
166 176
245 469
17 53
96 346
129 294
143 192
160 361
187 464
220 412
261 413
335 362
449 464
11 238
85 187
123 479
145 238
164 480
236 356
296 407
337 408
48 305
34 407
461 474
139 423
87 233
120 181
161 182
221 233
240 475
273 423
312 351
372 402
9 350
50 351
64 249
124 300
215 418
275 469
349 418
22 23
8 125
13 469
27 367
25 294
99 243
118 485
140 244
173 192
200 295
252 485
291 413
2 310
24 69
29 413
103 362
115 187
153 479
175 238
194 480
268 429
276 290
1 85
6 429
326 407
328 480
4 356
78 305
59 63
138 356
152 254
243 372
270 475
303 423
344 424
3 131
8 475
41 423
77 80
94 249
168 198
154 300
319 367
305 469
379 418
57 367
38 125
131 316
170 244
282 485
356 434
20 485
73 311
54 69
59 413
106 259
147 260
207 311
224 480
298 429
358 480
31 85
36 429
96 480
110 378
397 408
108 305
223 255
335 496
338 442
300 475
333 423
11 372
374 424
33 131
236 490
277 491
10 147
15 491
376 470
87 367
109 126
188 419
221 367
312 485
386 434
427 435
64 383
45 141
50 485
86 142
124 434
163 362
237 311
297 362
388 480
80 327
140 378
121 136
200 429
214 327
253 255
406 497
65 204
98 152
103 496
115 321
404 424
142 424
216 373
290 322
276 424
1 219
464 475
381 440
4 490
40 147
119 440
100 198
193 389
441 491
251 367
292 368
3 265
77 214
56 91
42 193
75 141
94 383
116 142
121 486
154 434
176 193
267 311
19 209
93 158
79 260
459 481
244 327
395 496
68 101
21 255
73 445
95 204
128 152
147 394
155 255
174 497
260 271
320 322
31 219
72 220
58 322
89 389
70 147
75 491
223 389
171 199
209 491
471 491
322 368
47 163
126 456
74 266
198 332
184 434
239 333
299 384
51 282
32 40
49 209
123 158
109 260
202 451
274 327
301 430
334 378
12 327
86 276
34 86
177 394
125 204
204 497
237 445
278 446
61 219
102 220
88 322
162 271
179 440
253 389
327 338
313 440
354 441
387 389
65 338
13 148
104 266
137 214
178 215
238 266
290 456
255 435
329 384
7 333
40 281
67 384
81 282
114 230
172 400
153 158
232 451
306 400
389 435
366 451
42 327
157 277
190 225
234 497
267 445
382 395
19 343
60 344
46 446
79 394
93 292
368 497
132 220
285 462
343 440
35 287
384 441
95 338
169 287
260 405
320 456
72 354
20 164
359 384
37 333
70 281
111 282
185 231
245 282
396 451
0 451
74 400
96 159
160 174
146 276
187 277
239 467
373 467
32 174
338 446
11 51
49 343
71 102
90 344
123 292
150 395
315 462
26 359
12 461
48 118
53 462
414 441
139 236
125 338
199 287
240 288
226 390
350 456
23 61
9 163
28 405
88 456
129 457
143 355
162 405
275 282
5 421
44 349
104 400
178 349
269 467
217 277
403 467
2 123
7 467
81 416
444 468
153 292
194 293
180 395
6 242
18 67
42 461
56 359
157 411
138 169
229 287
270 288
330 339
55 134
456 478
132 354
206 303
159 457
233 406
398 473
30 77
35 421
76 422
95 472
117 231
222 247
208 349
309 401
20 298
433 467
37 467
73 124
59 226
92 174
111 416
133 175
171 467
212 468
224 293
284 344
14 483
36 242
110 191
96 293
127 360
113 462
261 360
247 462
321 411
352 478
30 427
85 134
71 236
112 237
126 135
164 427
203 355
236 303
263 406
277 304
15 304
48 252
428 473
106 422
87 180
139 370
166 473
64 196
124 247
289 314
13 416
44 483
481 484
200 242
217 411
318 463
351 411
103 309
115 134
120 478
142 237
175 185
194 427
254 478
1 32
6 376
18 201
4 303
45 304
78 252
119 253
196 473
344 371
330 473
3 78
8 422
94 196
173 489
121 299
154 247
272 468
346 417
57 314
98 315
189 433
222 381
249 484
323 433
1 382
147 207
133 309
174 310
284 478
339 377
36 376
89 202
75 304
108 252
127 494
209 304
11 319
52 320
38 422
112 371
126 269
186 320
401 474
184 247
225 248
277 438
15 438
51 95
101 212
87 314
128 315
161 263
188 366
202 264
279 484
353 433
26 38
64 330
86 89
91 433
413 484
177 207
163 309
237 258
369 377
80 274
28 84
66 376
88 135
107 377
181 326
214 274
179 253
332 495
406 444
10 444
29 494
65 151
63 78
156 269
216 320
276 371
381 387
367 489
40 94
45 438
81 95
105 489
119 387
141 146
193 336
292 315
61 382
94 330
121 433
195 382
443 484
484 485
234 310
360 449
93 105
79 207
170 325
211 326
362 495
35 100
21 202
59 494
73 392
95 151
100 495
147 341
174 444
72 167
397 489
75 438
149 387
190 388
209 438
223 336
314 454
262 264
0 264
74 213
93 455
126 403
148 162
225 382
390 449
68 398
49 156
109 207
150 208
202 398
241 326
301 377
12 274
53 275
144 393
130 495
218 342
278 393
317 321
28 218
102 167
181 460
129 270
220 388
253 336
280 439
5 234
294 337
32 337
65 285
354 388
44 162
123 455
104 213
156 403
197 404
257 455
329 331
7 280
81 229
141 280
120 157
158 449
180 208
232 398
273 399
306 347
56 172
9 326
83 275
135 465
157 224
248 342
234 444
60 291
41 49
151 409
132 167
211 460
159 270
192 218
285 409
250 388
324 337
384 388
62 337
95 285
136 286
153 455
134 213
227 404
361 404
39 353
20 111
89 470
37 280
264 471
262 398
303 399
336 347
14 296
0 398
363 450
148 296
96 106
165 465
113 275
187 224
206 466
239 414
338 393
30 240
16 342
150 342
241 460
315 409
356 410
15 117
53 409
106 235
92 337
125 285
166 286
218 476
226 337
317 455
69 353
451 455
160 471
201 280
294 471
27 127
32 471
333 399
393 450
118 245
104 347
219 297
217 224
310 415
370 466
7 414
81 363
29 173
122 364
194 240
9 460
45 117
124 410
105 168
157 358
248 476
196 286
289 477
22 133
60 425
25 404
173 302
159 404
233 353
324 471
272 281
398 420
57 127
62 471
84 230
98 128
134 347
175 348
189 246
1 195
39 487
340 415
37 414
111 363
152 364
212 415
243 482
224 240
251 343
284 291
55 431
36 189
110 138
96 240
127 307
75 117
113 409
154 410
187 358
228 359
302 308
319 477
352 425
30 374
16 476
52 133
90 425
112 184
164 374
203 302
304 354
15 251
87 127
92 471
166 420
207 421
240 369
205 348
279 297
331 487
31 195
17 297
64 143
69 487
91 246
108 415
110 488
182 364
242 415
256 313
316 364
11 482
44 430
66 189
80 87
85 431
145 482
219 431
184 410
258 359
43 205
29 307
122 498
423 426
82 133
87 477
142 184
161 426
221 477
23 492
64 493
334 354
119 200
210 318
196 420
270 369
297 472
3 25
8 369
402 488
61 195
99 487
121 246
135 144
173 436
214 437
98 262
46 72
84 364
115 431
189 380
175 482
249 431
290 432
323 380
73 205
59 307
100 308
147 154
174 257
191 426
265 375
3 375
77 324
58 82
490 493
89 149
94 493
149 200
168 442
176 303
209 251
52 267
0 77
38 369
126 216
401 421
170 488
244 437
68 211
128 262
188 313
279 431
320 432
31 329
12 87
17 431
91 380
144 206
130 308
256 447
295 375
47 273
28 31
33 375
107 324
167 375
181 273
198 442
179 200
332 442
10 391
65 98
156 216
109 370
183 319
197 217
257 268
274 437
348 386
334 488
408 437
7 93
12 437
45 385
67 144
86 386
158 262
9 139
83 88
121 380
135 278
162 381
195 329
253 499
234 257
327 448
387 499
46 206
63 375
137 324
151 222
271 324
1 463
288 493
362 442
403 443
114 340
153 268
339 458
39 166
56 335
37 93
75 385
116 386
264 284
415 453
14 109
19 453
74 160
225 329
266 330
51 176
30 53
16 155
54 447
68 345
90 104
95 448
150 155
155 499
241 273
72 464
53 222
70 391
144 340
218 289
493 494
245 392
278 340
369 458
28 165
69 166
148 459
146 386
220 335
321 387
32 284
13 42
445 453
44 109
197 351
145 161
257 402
236 279
255 329
7 227
34 330
122 177
447 499
139 346
172 294
273 346
259 448
364 464
23 171
9 273
97 120
102 464
248 289
234 391
308 340
60 238
8 48
13 392
440 459
151 356
99 166
159 217
252 408
250 335
2 233
76 182
62 284
114 474
136 233
351 387
134 160
254 454
287 402
328 403
1 8
20 58
39 300
56 469
37 227
78 228
152 177
138 279
190 469
212 228
231 470
229 397
243 295
264 418
303 346
363 397
132 464
113 222
266 464
305 392
90 238
117 341
222 357
282 408
20 408
185 475
226 284
284 454
358 403
143 249
160 418
108 228
220 469
261 470
335 419
333 346
393 397
85 244
71 346
145 295
236 413
310 362
296 464
337 465
370 413
48 362
29 120
34 464
122 311
139 480
411 414
161 239
221 290
6 136
312 408
9 407
45 64
50 408
64 306
97 254
105 115
124 357
196 233
215 475
349 475
27 424
8 182
200 352
250 469
291 470
2 367
425 470
62 418
189 193
268 486
6 486
340 362
326 464
400 413
4 413
78 362
152 311
100 121
138 413
212 362
243 429
303 480
251 290
344 481
55 378
3 188
41 480
77 137
94 306
168 255
228 306
30 321
379 475
52 80
57 424
79 183
112 131
420 476
222 491
230 352
15 198
395 419
54 126
59 470
133 419
147 317
207 368
298 486
17 244
91 193
110 435
182 311
223 312
256 260
283 363
47 86
33 188
71 480
85 378
107 137
112 481
145 429
186 430
198 255
258 306
10 204
409 475
101 322
87 424
161 373
109 183
221 424
235 322
386 491
427 492
64 440
45 198
86 199
124 491
177 317
311 317
297 419
80 384
61 142
214 384
162 194
200 486
272 362
313 363
65 261
98 209
63 188
156 379
189 327
216 430
290 379
381 497
18 445
40 204
78 496
100 255
114 153
119 497
193 446
191 373
306 323
366 374
77 271
457 492
89 96
42 250
75 198
116 199
154 491
168 389
176 250
228 440
267 368
19 266
93 215
79 317
368 420
170 435
244 384
192 194
230 486
54 260
95 261
128 209
147 451
155 312
169 210
246 430
320 379
31 276
72 277
58 379
70 204
108 496
149 497
223 446
322 425
47 220
33 322
107 271
181 220
487 492
184 491
225 492
239 390
299 441
10 338
51 339
32 97
373 390
101 456
183 266
274 384
26 282
375 436
67 91
158 209
199 210
311 451
350 379
28 328
61 276
162 328
179 497
253 446
327 395
313 497
354 498
65 395
13 205
46 153
25 30
137 271
211 220
238 323
255 492
2 46
81 339
62 97
67 441
114 287
141 390
153 215
213 266
405 436
42 384
116 333
190 282
176 384
382 452
14 56
0 158
19 400
41 159
93 349
132 277
192 328
266 277
343 497
417 446
16 102
21 446
95 395
117 154
155 446
208 272
53 169
359 441
111 339
92 97
144 287
171 390
185 288
245 339
14 406
74 457
96 216
129 164
160 231
146 333
220 282
247 385
321 334
51 473
32 231
352 401
44 56
49 400
71 159
109 451
123 349
150 452
26 416
34 277
122 124
125 395
199 344
259 395
364 411
28 462
9 220
64 119
102 411
215 288
201 390
5 478
13 339
44 406
178 406
159 164
238 457
252 355
217 334
2 180
76 129
29 283
62 231
81 473
103 232
227 298
180 452
268 299
328 350
56 416
4 226
78 175
97 417
157 468
231 417
270 345
55 191
94 119
192 462
305 339
30 134
35 478
57 237
131 186
117 288
134 457
208 406
222 304
282 355
323 356
342 406
20 355
106 129
59 283
111 473
185 422
245 473
96 350
449 468
127 417
108 175
160 365
261 417
335 366
321 468
300 345
164 484
112 294
145 242
186 243
236 360
277 361
263 463
337 412
10 17
15 361
101 135
139 427
161 186
221 237
312 355
353 356
64 253
12 63
50 355
124 304
163 232
256 423
275 473
289 371
22 27
13 473
27 371
66 299
200 299
351 468
43 315
392 469
115 191
194 484
142 294
216 243
328 484
276 294
6 433
4 360
119 310
243 376
270 479
344 428
3 135
8 479
77 84
94 253
42 63
154 304
195 305
286 423
305 473
319 371
346 474
19 79
57 371
79 130
84 474
131 320
189 490
170 248
222 438
420 423
73 315
54 73
133 366
207 315
205 242
298 433
339 434
399 485
31 89
36 433
58 192
110 382
397 412
75 361
108 309
149 310
209 361
223 259
283 310
314 377
374 428
11 376
52 377
33 135
112 428
184 304
225 305
411 495
10 151
15 495
51 152
128 372
161 320
202 321
293 439
353 490
427 439
31 439
86 146
177 264
163 366
278 316
80 331
66 433
28 141
61 89
167 485
181 383
214 331
429 485
253 259
5 157
43 449
82 377
464 479
142 428
216 377
276 428
307 495
255 305
40 151
45 495
100 202
119 444
158 372
191 320
292 372
121 490
176 197
308 316
93 162
46 316
170 382
211 383
244 331
271 434
285 332
35 157
21 259
95 208
114 450
147 398
155 259
246 377
320 326
70 151
111 152
149 444
223 393
264 394
322 372
126 460
148 219
239 337
225 439
299 388
32 44
49 213
123 162
109 264
150 265
202 455
241 383
274 331
301 434
26 229
375 383
53 332
34 90
144 450
125 208
218 399
317 378
80 465
88 326
129 327
162 275
179 444
201 203
280 496
5 291
354 445
32 394
13 152
65 342
44 219
156 460
197 461
178 219
329 388
370 389
7 337
389 439
67 388
141 337
172 404
232 455
180 265
4 39
9 383
42 331
97 230
157 281
422 499
248 399
308 450
382 399
60 348
41 106
46 450
132 224
159 327
192 275
233 276
250 445
324 394
384 445
21 393
62 394
136 343
260 409
208 219
361 461
39 410
20 168
359 388
111 286
59 96
171 337
212 338
336 404
0 455
36 112
437 456
96 163
160 178
113 332
187 281
239 471
247 332
51 420
338 450
16 399
90 348
71 106
150 399
315 466
263 276
15 174
34 224
53 466
414 445
125 342
166 343
240 292
226 394
64 66
69 410
215 235
201 337
242 338
275 286
27 184
333 456
25 111
66 112
104 404
145 405
219 354
269 471
217 281
444 472
48 472
29 230
81 420
103 179
122 421
180 399
6 246
386 467
18 71
4 173
23 415
78 122
83 466
105 225
119 123
157 415
196 343
231 364
22 190
55 138
60 482
25 461
173 359
159 461
233 410
272 338
2 477
57 184
131 133
84 287
117 235
136 477
134 404
208 353
222 251
249 354
37 471
78 472
152 421
133 179
212 472
55 488
110 195
96 297
416 467
127 364
75 174
108 122
261 364
302 365
352 482
11 189
52 190
38 292
90 482
126 139
131 483
164 431
337 359
428 477
469 478
106 426
87 184
128 185
166 477
279 354
31 252
17 354
143 493
182 421
256 370
242 472
44 487
85 488
181 196
217 415
258 416
332 365
43 262
392 416
103 313
423 483
82 190
161 483
194 431
6 380
45 308
119 257
193 206
210 375
158 185
344 375
22 324
3 82
8 426
435 493
61 252
94 200
135 201
173 493
272 472
19 26
24 370
84 421
98 319
170 195
249 488
323 437
73 262
21 72
59 364
100 365
114 263
147 211
224 431
265 432
399 432
3 432
36 380
58 139
77 381
89 206
75 308
209 308
302 499
314 324
300 426
341 427
401 478
0 134
33 82
38 426
74 83
126 273
165 201
244 494
277 442
376 421
68 268
417 422
128 319
202 268
293 386
279 488
320 489
31 386
17 488
53 145
91 437
130 365
295 432
369 381
47 330
28 88
80 278
88 139
129 140
181 330
198 499
332 499
280 309
5 104
406 448
65 155
371 427
82 324
109 427
142 375
183 376
197 274
257 325
274 494
307 442
348 443
408 494
7 150
81 99
67 201
86 443
141 150
232 268
292 319
350 489
383 437
424 438
9 196
42 144
121 437
135 335
484 489
234 314
360 453
19 160
60 161
98 453
63 432
137 381
211 330
271 381
362 499
436 448
35 104
21 206
62 207
136 156
174 448
213 376
287 325
347 376
72 171
89 340
37 150
75 442
116 443
176 494
190 392
264 341
438 494
262 268
0 268
74 217
148 166
165 335
239 284
192 438
266 387
431 454
30 110
16 212
169 454
53 279
70 448
144 397
92 207
125 155
245 449
317 325
47 464
28 222
143 172
129 274
468 494
160 341
146 443
220 392
294 341
280 443
5 238
32 341
13 99
385 459
44 166
123 459
197 408
145 218
257 459
269 284
255 386
296 387
7 284
48 285
29 43
67 335
81 233
122 234
120 161
172 351
273 403
23 228
9 330
97 177
157 228
372 382
248 346
234 448
275 449
308 397
349 398
60 295
46 397
151 413
99 223
211 464
159 274
252 465
250 392
2 290
384 392
62 341
136 290
153 459
227 408
175 218
328 460
361 408
39 357
20 115
326 387
37 284
111 233
152 234
138 336
264 475
243 352
14 300
0 402
41 403
127 177
113 279
187 228
206 470
228 229
338 397
30 244
90 295
38 105
117 398
150 346
164 244
439 449
241 464
20 465
53 413
106 239
205 218
317 459
331 357
50 115
96 460
143 306
108 285
182 234
242 285
335 476
32 475
333 403
11 352
44 300
71 403
145 352
219 301
236 470
217 228
370 470
411 471
48 419
122 368
103 126
120 295
235 245
9 464
64 363
83 413
97 311
446 465
196 290
289 481
297 342
22 137
27 481
25 408
61 65
173 306
159 408
200 409
214 307
324 475
272 285
2 424
365 476
103 476
84 234
189 250
249 301
1 199
39 491
340 419
441 471
73 75
59 177
78 419
100 178
138 470
152 368
191 296
212 419
224 244
251 347
55 435
36 193
77 194
377 486
94 363
127 311
154 414
302 312
319 481
57 481
112 188
15 255
106 373
92 475
128 132
133 476
147 374
207 425
279 301
91 250
430 470
108 419
182 368
130 178
209 471
242 419
256 317
283 420
407 486
11 486
47 143
33 245
66 193
85 435
107 194
145 486
186 487
184 414
198 312
258 363
423 430
101 379
82 137
87 481
109 240
142 188
161 430
183 189
221 481
235 379
334 358
45 255
210 322
237 425
311 374
22 271
402 492
61 199
214 441
162 251
195 199
286 317
46 76
84 368
478 487
137 194
175 486
216 487
290 436
1 333
288 363
265 379
292 482
325 430
3 379
77 328
366 431
89 153
42 307
94 497
116 256
149 204
168 446
176 307
228 497
341 374
19 323
52 271
79 374
93 272
170 492
192 251
68 215
16 25
95 318
128 266
155 369
202 215
260 385
246 487
293 333
320 436
31 333
72 334
53 92
58 436
70 261
144 210
130 312
245 262
295 379
355 430
28 35
33 379
148 329
198 446
146 256
258 497
373 447
5 51
51 396
371 374
49 323
82 271
123 272
183 323
197 221
274 441
26 339
7 97
12 441
86 390
375 493
125 318
158 266
199 267
259 318
23 41
28 385
61 333
83 92
88 436
162 385
234 261
5 401
65 452
46 210
151 226
137 328
178 329
252 278
238 380
288 497
329 498
114 344
100 446
141 447
153 272
213 323
378 390
56 339
42 441
116 390
405 493
138 149
264 288
438 441
281 457
229 267
14 113
0 215
19 457
93 406
456 458
132 334
206 283
192 385
266 334
35 401
16 159
90 108
241 277
72 468
20 278
53 226
359 498
70 395
144 344
92 154
171 447
185 345
245 396
433 447
493 498
69 170
160 288
220 339
261 340
247 442
32 288
352 458
44 113
123 406
71 216
197 355
296 334
26 473
48 232
139 350
199 401
364 468
9 277
50 278
83 226
124 227
215 345
201 447
289 294
27 294
8 52
440 463
44 463
25 221
99 170
118 412
159 221
252 412
250 339
351 391
76 186
103 289
136 237
153 406
194 407
268 356
56 473
97 474
78 232
152 181
138 283
231 474
243 299
229 401
344 351
55 248
3 58
41 350
94 176
113 226
154 227
206 417
30 191
16 293
57 294
38 52
131 243
222 361
208 463
20 412
92 288
133 289
147 187
166 237
224 407
284 458
358 407
36 356
69 304
96 407
418 458
127 474
108 232
160 422
333 350
11 299
85 248
71 350
145 299
236 417
184 227
310 366
411 418
10 74
48 366
101 192
139 484
221 294
64 310
45 68
50 412
124 361
215 479
163 289
237 238
289 428
22 84
27 428
388 407
25 355
66 356
80 254
99 304
200 356
214 254
291 474
2 371
43 372
24 130
29 474
84 181
425 474
115 248
189 197
216 300
1 146
307 418
340 366
18 315
4 417
40 74
45 418
78 366
100 125
105 469
152 315
210 485
243 433
251 294
292 295
22 434
3 192
55 382
77 141
344 485
94 310
168 259
154 361
195 362
319 428
360 429
19 136
52 84
79 187
98 429
117 479
131 377
170 305
244 254
395 423
73 372
59 474
133 423
147 321
205 299
246 300
17 248
58 249
72 147
110 439
70 74
75 418
149 367
209 418
223 316
283 367
397 469
374 485
11 433
47 90
52 434
85 382
107 141
112 485
126 383
167 192
184 361
186 434
198 259
225 362
10 208
258 310
390 429
101 326
450 480
31 496
12 254
64 444
86 203
177 321
163 423
311 321
80 388
61 146
66 490
102 147
140 439
162 198
181 440
179 367
200 490
214 388
313 367
65 265
82 434
63 192
156 383
216 434
290 383
255 362
18 449
288 310
67 311
141 260
193 450
158 429
191 377
232 378
3 326
457 496
61 496
42 254
94 444
116 203
135 445
176 254
195 496
19 270
0 28
79 321
93 219
170 439
192 198
271 491
285 389
343 367
35 214
21 316
68 162
169 214
246 434
361 384
72 281
58 383
89 450
70 208
264 451
262 378
47 224
0 378
74 327
148 276
487 496
165 445
225 496
299 445
373 394
338 373
49 270
123 219
150 322
183 270
241 440
315 389
301 491
26 286
12 388
375 440
34 147
139 163
177 455
218 456
28 332
9 90
88 383
102 281
162 332
253 450
201 260
294 451
5 348
27 107
13 209
25 34
104 327
118 225
151 173
238 327
2 50
7 394
62 101
81 343
141 394
389 496
194 220
180 322
306 461
6 169
345 389
56 286
42 388
83 389
97 287
157 338
231 287
405 440
55 61
41 163
60 405
132 281
206 230
159 384
192 332
324 451
357 399
16 106
21 450
136 400
117 158
260 466
208 276
309 328
39 467
20 225
72 415
37 394
460 497
92 101
171 394
185 292
212 395
336 461
110 118
96 220
148 410
160 235
113 389
146 337
321 338
30 354
16 456
49 404
90 405
164 354
263 333
87 107
92 451
125 399
166 400
199 348
331 467
28 466
64 123
102 415
124 174
215 292
201 394
5 482
316 344
13 343
407 462
44 410
99 117
145 462
219 411
252 359
43 185
29 287
81 477
442 456
194 354
180 456
254 405
328 354
6 303
419 472
4 230
78 179
119 180
105 282
157 472
231 421
196 400
270 349
330 400
3 5
94 123
99 467
132 415
154 174
173 416
233 467
305 343
35 482
76 483
57 241
131 190
117 292
134 461
175 462
208 410
222 308
249 411
323 360
20 359
73 185
59 287
111 477
152 478
185 426
224 354
298 303
284 405
36 303
17 61
58 62
96 354
127 421
108 179
187 472
449 472
302 422
11 246
52 247
38 349
85 195
112 298
126 196
164 488
186 247
203 416
263 467
337 416
101 139
87 241
106 483
161 190
240 483
205 462
279 411
293 309
64 257
182 478
163 236
256 427
355 406
80 201
140 252
179 180
217 472
291 421
332 422
43 319
29 421
392 473
115 195
156 196
142 298
216 247
235 489
6 437
18 262
367 416
45 365
119 314
67 124
193 263
210 432
311 484
344 432
22 381
94 257
286 427
19 83
24 427
84 478
98 376
189 494
170 252
211 253
323 494
1 443
288 473
362 422
73 319
59 421
147 268
174 371
339 438
399 489
3 489
36 437
72 94
397 416
89 263
223 263
283 314
314 381
341 484
374 432
415 433
0 191
198 206
51 156
68 325
101 273
109 134
188 427
202 325
293 443
353 494
31 443
53 202
86 150
144 320
163 370
218 269
278 320
295 489
369 438
80 335
33 489
66 437
88 196
167 489
181 387
429 489
179 314
280 366
5 161
13 22
82 381
63 139
104 140
142 432
183 433
197 331
216 381
255 309
45 499
81 156
67 258
141 207
172 274
158 376
259 428
424 495
56 99
61 443
116 150
121 494
135 392
195 443
248 269
234 371
308 320
19 217
46 320
459 489
63 489
211 387
285 336
271 438
21 263
95 212
136 213
134 140
246 381
347 433
20 38
37 207
75 499
111 156
149 448
171 207
264 398
262 325
14 223
0 325
74 274
454 495
165 392
113 202
225 443
239 341
299 392
68 459
49 217
202 459
150 269
315 336
342 439
375 387
53 336
34 94
144 454
125 212
166 213
218 403
278 454
28 279
69 280
143 229
129 331
179 448
294 398
5 295
354 449
32 398
13 156
44 223
118 172
219 224
255 443
310 342
81 290
29 100
34 444
122 291
372 439
9 387
157 285
231 234
248 403
196 213
308 454
60 352
8 162
99 280
132 228
285 470
233 280
250 449
35 295
76 296
425 450
84 157
134 274
361 465
20 172
326 444
212 342
377 409
0 459
55 358
437 460
96 167
127 234
187 285
247 336
338 454
30 301
379 455
52 60
263 280
15 178
53 470
414 449
106 296
166 347
240 296
226 398
205 275
391 465
64 70
17 224
69 414
129 465
143 363
182 291
407 409
44 357
85 358
66 116
118 306
145 409
219 358
217 285
310 476
318 337
48 476
122 425
103 183
409 455
194 301
180 403
6 250
386 471
18 75
97 368
45 178
124 471
105 229
196 347
270 296
297 399
330 347
25 465
462 466
173 363
200 466
272 342
76 430
98 189
136 481
115 358
309 409
1 256
340 476
18 425
474 476
78 476
59 234
100 235
133 183
212 476
191 353
224 301
265 302
55 492
3 302
36 250
77 251
416 471
127 368
75 178
113 470
154 471
228 420
302 369
30 435
52 194
38 296
112 245
126 143
131 487
186 194
203 363
230 466
263 414
15 312
166 481
207 482
188 240
279 358
31 256
12 14
91 307
108 476
182 425
163 183
242 476
283 477
80 148
66 250
107 251
181 200
198 369
184 471
258 420
332 369
392 420
423 487
101 436
161 487
142 245
235 436
307 312
334 415
7 20
86 313
177 431
196 481
237 482
311 431
80 498
135 205
214 498
195 256
286 374
327 375
313 477
346 425
19 30
24 374
46 133
387 426
115 492
63 302
137 251
249 492
290 493
288 420
362 369
40 318
21 76
100 369
191 487
339 385
3 436
77 385
58 143
89 210
149 261
176 364
341 431
14 36
401 482
74 87
79 431
244 498
417 426
169 324
155 426
202 272
279 492
394 442
26 46
17 492
53 149
72 391
70 318
144 267
204 318
295 436
369 385
355 487
47 334
28 92
69 93
129 144
146 313
220 262
280 313
5 108
10 452
32 211
371 431
197 278
183 380
408 498
7 154
12 498
67 205
81 103
86 447
158 323
199 324
259 375
364 391
424 442
23 98
9 200
61 390
83 149
88 493
102 391
60 165
46 267
426 488
151 283
211 334
252 335
250 262
35 108
136 160
227 278
287 329
347 380
39 227
378 447
56 396
37 154
42 498
116 447
138 206
190 396
264 345
262 272
0 272
55 171
132 391
192 442
305 319
30 114
16 216
35 458
68 406
90 165
150 216
431 458
342 386
53 283
70 452
106 109
92 211
144 401
185 402
245 453
317 329
47 468
69 227
220 396
294 345
280 447
335 346
385 463
44 170
123 463
197 412
296 391
48 289
29 47
122 238
139 407
120 165
199 458
180 216
273 407
6 63
372 386
9 334
83 283
97 181
124 284
215 402
248 350
275 453
289 351
349 402
13 453
25 278
99 227
118 469
151 417
159 278
173 176
200 279
250 396
252 469
291 397
2 294
76 243
24 53
62 345
84 104
103 346
153 463
194 464
227 412
268 413
328 464
6 413
39 361
326 391
18 238
4 340
78 289
138 340
243 356
344 408
363 458
55 305
3 115
36 63
41 407
113 283
168 182
206 474
228 233
305 453
30 248
379 402
439 453
38 109
222 418
282 469
230 279
356 418
15 125
20 469
92 345
207 295
224 464
331 361
358 464
36 413
17 171
69 361
110 362
108 289
242 289
283 290
374 408
11 356
85 305
71 407
393 458
186 357
219 305
434 459
236 474
310 423
43 79
48 423
101 249
87 351
161 300
235 249
221 351
50 469
105 176
163 346
196 294
237 295
289 485
388 464
99 361
200 413
272 289
2 428
365 480
24 187
98 136
103 480
115 305
175 356
290 306
1 203
307 475
381 424
4 474
40 131
78 423
119 424
441 475
191 300
251 351
22 491
3 249
77 198
416 418
94 367
75 125
154 418
168 316
176 177
228 367
319 485
267 295
360 486
19 193
52 141
57 485
79 244
244 311
230 413
304 362
68 85
54 187
128 136
133 480
147 378
207 429
246 357
31 203
17 305
58 306
72 204
91 254
108 423
149 424
223 373
209 475
471 475
314 491
47 147
52 491
85 439
107 198
126 440
167 249
186 491
184 418
198 316
258 367
10 265
423 434
101 383
123 142
109 244
161 434
183 193
202 435
235 383
274 311
26 209
12 311
86 260
177 378
163 480
237 429
311 378
297 480
402 496
61 203
9 13
140 496
162 255
214 445
5 271
24 321
65 322
46 80
82 491
63 249
115 439
137 198
216 491
238 250
290 440
288 367
329 368
21 23
67 368
100 316
114 214
141 317
191 434
265 383
306 384
366 435
3 383
39 40
77 332
168 450
281 327
308 430
341 378
19 327
0 85
41 86
79 378
93 276
368 481
170 496
473 497
192 255
285 446
35 271
16 29
21 373
68 219
95 322
155 373
169 271
260 389
246 491
380 491
53 96
58 440
70 265
144 214
130 316
171 317
245 266
262 435
336 384
322 486
47 281
33 383
74 384
148 333
247 312
51 400
338 430
371 378
71 86
109 378
150 379
183 327
197 225
241 497
315 446
348 394
7 101
53 446
34 204
139 220
125 322
199 271
259 322
350 440
391 441
23 45
28 389
50 148
83 96
102 338
162 389
451 492
327 456
5 405
118 282
151 230
178 333
252 282
238 384
269 451
2 107
81 400
444 452
103 159
141 451
180 379
213 327
254 328
405 497
37 101
42 445
83 446
116 394
138 153
281 461
229 271
19 461
456 462
421 441
132 338
206 287
233 390
266 338
398 457
30 61
57 164
136 457
134 384
208 333
20 282
111 400
92 158
133 159
245 400
284 328
36 226
110 175
96 277
160 292
187 395
261 344
247 446
321 395
352 462
11 169
49 461
71 220
85 118
90 462
145 169
48 236
34 338
122 185
428 457
139 354
125 456
166 457
240 406
64 180
50 282
124 231
215 349
201 451
275 400
316 401
13 400
440 467
44 467
118 416
66 226
140 175
178 467
219 468
252 416
217 395
2 241
43 242
29 344
76 190
103 293
120 462
254 462
328 411
1 16
6 360
326 338
18 185
4 287
78 236
97 478
105 339
152 185
231 478
243 303
196 457
229 405
270 406
22 304
3 62
8 406
41 354
435 473
132 472
173 473
154 231
305 400
346 401
131 247
84 401
222 365
170 175
208 467
249 468
20 416
73 242
185 483
133 293
284 462
399 412
36 360
17 118
58 119
110 309
127 478
209 288
335 427
300 406
52 304
33 62
38 406
126 253
186 304
184 231
277 422
337 473
411 422
10 78
15 422
376 401
87 298
188 350
293 366
312 416
64 314
50 416
91 417
124 365
215 483
256 484
237 242
27 432
388 411
80 258
66 360
140 309
88 119
167 412
179 237
291 478
332 479
365 427
43 376
29 478
65 135
103 427
406 428
115 252
156 253
142 355
216 304
268 494
276 355
6 494
307 422
367 473
408 474
45 422
119 371
100 129
191 247
232 248
292 299
22 438
77 145
94 314
135 315
121 417
168 263
195 366
286 484
360 433
420 484
24 484
98 433
170 309
244 258
271 361
35 84
54 134
100 479
133 427
147 325
155 186
246 304
36 494
72 151
347 356
397 473
438 474
75 422
149 371
223 320
209 422
415 490
47 94
33 196
52 438
112 489
186 438
165 315
299 315
390 433
68 382
54 484
101 330
109 191
188 484
202 382
450 484
301 361
26 156
12 258
86 207
130 479
204 428
218 326
278 377
28 202
66 494
88 253
102 151
107 495
162 202
179 371
181 444
253 320
280 423
468 474
65 269
404 489
445 490
82 438
63 196
104 197
142 489
216 438
257 439
81 213
67 315
141 264
480 484
172 331
158 433
180 192
306 331
366 382
42 258
116 207
135 449
157 208
248 326
308 377
19 274
93 223
46 377
368 428
211 444
192 202
271 495
357 385
343 371
21 320
95 269
169 218
155 320
475 490
134 197
213 490
246 438
260 336
347 490
39 337
20 95
58 387
72 285
111 213
262 382
14 280
363 434
74 331
148 280
146 207
239 398
299 449
49 274
90 275
123 223
164 224
241 444
375 444
48 49
34 151
53 393
139 167
125 269
199 218
218 460
226 321
331 337
317 439
88 387
294 455
5 352
32 455
44 280
25 38
393 434
178 280
238 331
269 398
329 449
43 55
29 157
103 106
141 398
172 465
120 275
180 326
254 275
6 173
97 291
83 393
157 342
105 152
248 460
60 409
173 286
233 337
324 455
398 404
2 404
21 454
35 352
57 111
62 455
76 353
117 162
134 331
136 404
208 280
359 449
400 450
59 157
138 450
185 296
377 466
14 414
36 173
74 465
110 122
113 393
187 342
261 291
352 409
11 116
16 460
38 219
71 167
90 409
112 168
150 460
164 358
203 286
106 353
92 455
166 404
226 455
64 127
50 229
124 178
215 296
256 297
242 399
27 245
407 466
44 414
85 415
145 466
318 394
122 482
103 240
442 460
194 358
235 359
221 461
268 307
6 307
18 132
4 234
23 476
97 425
105 286
119 184
196 404
297 456
330 404
3 9
94 127
99 471
154 178
173 420
233 471
286 297
272 399
24 297
98 246
84 348
175 466
249 415
309 466
1 313
18 482
59 291
152 482
224 358
265 359
251 461
325 410
36 307
58 66
89 133
127 425
149 184
168 426
209 235
228 477
302 426
300 353
38 353
126 200
186 251
203 420
277 369
68 195
54 297
87 245
128 246
188 297
293 313
279 415
380 467
17 415
91 364
182 482
130 292
163 240
204 241
316 482
295 359
80 205
33 359
66 307
140 256
181 257
198 426
179 184
332 426
5 31
10 375
65 82
82 251
156 200
142 302
183 303
235 493
307 369
348 370
334 472
86 370
105 420
119 318
193 267
311 488
22 385
8 487
42 71
121 364
135 262
195 313
286 431
360 380
19 87
24 431
46 190
60 88
84 482
63 359
137 308
151 206
211 257
271 308
288 477
362 426
40 375
21 133
73 323
114 324
174 375
422 477
265 493
213 303
246 251
399 493
72 98
58 200
89 267
37 77
75 369
149 318
176 421
190 319
264 268
415 437
14 93
0 195
19 437
38 487
74 144
79 488
93 386
126 334
165 262
225 313
266 314
51 160
68 329
49 87
54 431
169 381
188 431
202 329
417 483
293 447
301 308
26 103
72 448
53 206
91 498
394 499
70 375
144 324
130 426
204 375
218 273
295 493
28 149
33 493
107 442
167 493
181 391
396 474
179 318
220 319
470 494
280 370
32 268
13 26
371 488
44 93
82 385
109 488
123 386
183 437
197 335
385 386
26 453
7 211
81 160
67 262
447 483
172 278
158 380
259 432
364 448
424 499
23 155
9 257
56 103
61 447
83 206
97 104
121 498
135 396
162 499
248 273
46 324
440 443
459 493
137 442
159 201
238 494
252 392
285 340
250 319
35 165
76 166
114 458
153 386
134 144
213 437
287 386
39 284
20 42
452 453
56 453
111 160
138 263
229 381
262 329
303 330
41 330
74 278
132 448
113 206
192 499
68 463
16 273
90 222
15 48
53 340
106 166
92 268
185 459
218 407
69 284
143 233
418 438
294 402
27 58
32 402
44 227
85 228
71 330
310 346
370 397
7 345
48 346
34 448
122 295
180 273
221 274
273 464
6 120
23 289
4 47
9 391
45 48
83 340
124 341
157 289
215 459
196 217
248 407
22 64
27 408
25 335
173 233
159 335
324 402
365 403
2 351
76 300
24 110
57 58
62 402
84 161
115 228
134 278
136 351
175 279
227 469
1 126
340 346
326 448
59 104
138 397
152 295
212 346
303 464
251 274
377 413
55 362
36 120
41 464
127 238
113 340
168 239
187 289
228 290
379 459
16 407
57 408
38 166
112 115
222 475
203 233
356 475
15 182
395 403
106 300
133 403
240 300
205 279
298 470
69 418
110 419
91 177
242 346
283 347
333 464
66 120
107 121
145 413
167 172
219 362
198 239
184 341
258 290
310 480
10 188
48 480
409 459
120 356
161 357
221 408
64 424
45 182
119 131
210 249
196 351
237 352
297 403
22 198
8 300
402 419
25 469
61 126
66 470
99 418
121 177
140 419
173 367
200 470
462 470
313 347
76 434
24 244
98 193
115 362
189 311
175 413
216 414
290 363
276 465
381 481
18 429
40 188
73 136
78 480
114 137
119 481
152 429
265 306
251 408
325 357
55 496
3 306
416 475
168 373
154 475
228 424
267 352
52 198
0 8
79 301
93 199
126 147
131 491
244 368
230 470
304 419
343 347
73 486
106 434
128 193
207 486
155 296
469 486
205 413
246 414
279 362
320 363
17 362
70 188
108 480
223 430
283 481
47 204
33 306
181 204
167 306
198 373
184 475
332 373
373 374
10 322
423 491
101 440
123 199
109 301
183 250
202 492
235 440
334 419
26 266
12 368
311 435
350 363
61 260
88 363
162 312
253 430
387 430
24 378
46 137
63 306
156 497
290 497
329 425
21 80
62 81
114 271
141 374
153 199
232 492
213 250
265 440
306 441
3 440
39 97
77 389
56 266
116 317
190 266
267 486
341 435
19 384
93 333
41 143
74 91
79 435
132 261
165 209
357 379
417 430
16 86
21 430
95 379
155 430
72 395
53 153
359 425
70 322
144 271
130 373
171 374
218 220
47 338
33 440
69 97
107 389
129 148
160 215
146 317
280 317
10 456
51 457
32 215
123 333
109 435
183 384
197 282
257 333
348 451
26 400
7 158
48 159
34 261
199 328
273 277
259 379
364 395
28 446
124 154
215 272
234 322
27 221
13 323
426 492
25 148
104 441
118 339
178 390
238 441
252 339
250 266
40 456
62 215
136 164
180 436
213 384
268 283
287 333
328 334
378 451
419 452
56 400
4 210
157 452
138 210
190 400
231 401
229 328
93 467
132 395
113 153
192 446
206 344
266 395
305 323
30 118
90 169
131 170
117 272
169 462
222 288
282 339
342 390
20 339
70 456
111 457
92 215
185 406
245 457
69 231
110 232
96 334
449 452
108 159
146 451
187 452
220 400
11 226
123 467
71 277
236 344
296 395
337 396
48 293
29 51
34 395
122 242
461 462
87 221
120 169
240 463
273 411
372 390
50 339
215 406
275 457
349 406
27 355
8 113
25 282
140 232
173 180
200 283
252 473
291 401
2 298
43 299
24 57
103 350
351 452
115 175
153 467
175 226
194 468
268 417
276 278
6 417
326 395
18 242
4 344
367 396
138 344
243 360
270 463
55 309
41 411
168 186
154 288
319 355
305 457
346 458
379 406
57 355
38 113
79 114
131 304
222 422
170 232
282 473
73 299
54 57
59 401
106 247
133 350
207 299
224 468
205 226
358 468
399 469
36 417
17 175
58 176
91 124
96 468
108 293
110 366
223 243
335 484
283 294
300 463
374 412
434 463
33 119
126 310
186 361
184 288
277 479
411 479
10 135
376 458
101 253
188 407
221 355
312 473
353 474
26 79
86 130
163 350
297 350
388 468
429 469
140 366
214 315
200 417
179 294
365 484
406 485
43 433
24 191
65 192
404 412
115 309
156 310
290 310
276 412
381 428
18 376
4 478
40 135
45 479
100 186
193 377
441 479
251 355
292 356
22 495
77 202
56 79
42 181
94 371
116 130
121 474
176 181
267 299
360 490
57 489
98 490
459 469
170 366
244 315
230 417
271 418
285 316
304 366
395 484
436 485
68 89
21 243
73 433
147 382
155 243
174 485
207 433
246 361
347 413
471 479
75 479
171 187
209 479
283 428
314 495
322 356
448 495
33 253
74 254
107 202
186 495
165 372
10 269
51 270
68 439
49 197
87 489
101 387
109 248
123 146
128 490
183 197
202 439
274 315
301 418
315 316
12 315
34 74
125 192
204 485
237 433
278 434
80 449
28 259
162 259
280 480
27 34
13 136
46 84
65 326
63 253
104 254
137 202
156 444
178 203
238 254
290 444
255 423
329 372
7 321
40 269
67 372
141 321
158 490
232 439
292 490
366 439
39 44
4 23
116 264
248 383
281 331
308 434
382 383
19 331
93 280
41 90
46 434
368 485
132 208
192 259
343 428
16 33
21 377
134 254
287 496
72 342
20 152
359 372
37 321
70 269
111 270
171 321
245 270
262 439
336 388
322 490
14 337
0 439
363 491
148 337
96 147
396 439
239 455
187 265
247 316
51 404
123 280
71 90
150 383
26 347
139 224
240 276
331 394
317 496
391 445
23 49
28 393
50 152
143 343
451 496
201 321
44 337
25 95
393 491
426 439
252 286
238 388
2 111
43 112
29 214
141 455
444 456
120 332
254 332
6 230
345 450
18 55
4 157
23 399
56 347
78 106
83 450
97 348
105 209
138 157
157 399
229 275
231 348
55 122
8 276
270 276
132 342
206 291
233 394
398 461
117 219
134 388
208 337
222 235
309 389
37 455
59 214
133 163
171 455
284 332
113 450
187 399
247 450
302 349
321 399
352 466
30 415
85 122
38 276
71 224
112 225
164 415
263 394
337 343
15 292
428 461
106 410
87 168
139 358
240 410
188 220
64 184
143 477
91 287
124 235
215 353
256 354
289 302
316 405
27 302
13 404
118 420
217 399
332 349
318 451
351 399
29 348
392 400
115 122
235 416
254 466
268 364
1 20
18 189
4 291
97 482
119 241
105 343
210 359
196 461
270 410
344 359
330 461
173 477
121 287
154 235
286 354
57 302
98 303
222 369
170 179
249 472
323 421
1 370
73 246
21 56
59 348
133 297
224 415
265 416
284 466
298 364
399 416
36 364
58 123
89 190
168 483
149 241
302 483
300 410
401 462
33 66
38 410
112 359
184 235
337 477
10 82
15 426
51 83
376 405
54 354
87 302
128 303
188 354
293 370
279 472
353 421
12 128
17 472
91 421
177 195
163 297
237 246
256 488
80 262
107 365
88 123
140 313
167 416
332 483
406 432
10 432
43 380
65 139
82 308
63 66
156 257
408 478
7 134
40 82
45 426
67 185
105 477
119 375
158 303
172 201
193 324
232 252
292 303
383 421
443 472
42 128
286 488
234 298
19 144
24 488
60 145
98 437
137 365
211 314
362 483
35 88
21 190
40 432
73 380
95 139
100 483
114 381
174 432
287 309
347 360
72 155
77 499
378 427
438 478
37 134
70 82
75 426
149 375
223 324
281 494
314 442
415 494
14 150
0 252
52 442
93 443
148 150
165 319
239 268
51 217
390 437
68 386
49 144
90 145
128 437
188 488
241 314
301 365
26 160
12 262
144 381
278 381
28 206
88 257
143 156
179 375
220 376
253 324
280 427
5 222
294 325
354 376
13 83
385 443
123 443
156 391
183 494
257 443
296 371
7 268
81 217
141 268
172 335
120 145
158 437
180 196
232 386
259 489
6 43
56 160
9 314
83 263
97 161
135 453
248 330
234 432
308 381
60 279
46 381
151 397
132 155
211 448
159 258
324 325
35 222
134 201
213 494
227 392
287 443
20 99
326 371
111 217
138 320
171 268
212 269
264 459
229 438
262 386
303 387
14 284
0 386
36 43
41 387
74 335
363 438
127 161
113 263
165 453
206 454
239 402
338 381
30 228
16 330
90 279
38 89
150 330
241 448
282 449
301 499
356 398
15 105
48 53
106 223
139 171
166 274
226 325
331 341
317 443
69 341
50 99
129 392
143 290
160 459
418 495
201 268
294 459
27 115
13 217
118 233
104 335
145 336
219 285
236 454
269 402
310 403
370 454
7 402
410 497
122 352
103 110
172 469
194 228
221 331
254 279
312 449
345 397
386 398
4 104
9 448
124 398
105 156
196 274
289 465
22 121
8 223
27 465
25 392
173 290
159 392
324 459
398 408
2 408
76 357
24 167
62 459
98 116
136 408
134 335
309 336
340 403
4 454
37 402
59 161
152 352
212 403
243 470
224 228
251 331
55 419
36 177
96 228
75 105
113 397
154 398
228 347
319 465
30 362
16 464
57 465
38 223
112 172
203 290
263 341
304 342
15 239
395 460
106 357
54 167
87 115
207 409
240 357
205 336
331 475
31 183
64 131
69 475
91 234
110 476
143 424
182 352
316 352
448 471
85 419
107 178
219 419
217 346
318 398
10 245
29 295
43 193
122 486
82 121
87 465
235 363
334 342
45 239
119 188
210 306
196 408
237 409
270 357
311 358
22 255
8 357
402 476
61 183
140 476
121 234
173 424
214 425
286 301
346 352
24 301
98 250
46 60
84 352
189 368
137 178
290 420
1 317
18 486
40 245
59 295
73 193
100 296
114 194
152 486
174 245
193 487
251 465
325 414
3 363
77 312
89 137
94 481
168 430
176 291
281 307
267 409
341 358
52 255
38 357
79 358
112 306
170 476
203 424
15 373
54 301
128 250
147 492
155 353
188 301
205 470
279 419
293 317
320 420
31 317
12 75
17 419
53 76
58 420
70 245
144 194
130 296
182 486
256 435
355 414
47 261
33 363
107 312
167 363
198 430
179 188
258 481
5 35
10 379
65 86
101 497
123 256
109 358
156 204
183 307
348 374
26 323
12 425
408 425
67 132
177 492
158 250
23 25
42 75
88 420
121 368
135 266
253 487
234 245
286 435
327 436
24 435
65 436
387 487
63 363
211 261
271 312
1 451
288 481
362 430
403 431
114 328
62 138
141 431
174 379
463 482
153 256
265 497
339 446
3 497
56 323
37 81
89 271
116 374
176 425
190 323
264 272
281 441
341 492
382 493
19 441
0 199
93 390
415 441
206 267
192 369
51 164
357 436
417 487
16 143
54 435
95 436
241 261
72 452
359 482
144 328
130 430
171 431
245 380
295 497
369 446
410 447
47 395
28 153
33 497
69 154
107 446
129 205
160 272
470 498
220 323
280 374
321 375
13 30
371 492
49 441
412 493
104 148
109 492
183 441
197 339
257 390
236 267
296 318
26 457
7 215
273 334
259 436
9 261
83 210
102 452
248 277
275 380
46 328
440 447
25 205
63 497
99 154
137 446
238 498
252 396
2 221
76 170
136 221
442 493
153 390
134 148
254 442
39 288
56 457
37 215
138 267
212 216
231 458
243 283
229 385
303 334
14 231
55 232
41 334
132 452
206 401
154 211
266 452
30 175
16 277
57 278
90 226
117 329
131 227
164 175
222 345
208 447
282 396
342 447
20 396
92 272
166 221
207 222
284 442
317 390
358 391
17 98
96 391
143 237
108 216
220 457
261 458
335 407
32 406
333 334
71 334
145 283
310 350
296 452
337 453
48 350
29 108
122 299
87 278
221 278
312 396
372 447
64 294
45 52
124 345
215 463
196 221
27 412
8 170
99 288
140 289
173 237
200 340
214 238
43 356
29 458
62 406
76 304
84 165
115 232
425 458
175 283
1 130
340 350
367 453
78 350
59 108
100 109
105 453
191 227
251 278
344 469
55 366
3 176
41 468
94 294
168 243
154 345
228 294
443 448
379 463
38 170
79 171
112 119
117 463
203 237
230 340
356 479
15 186
395 407
73 356
59 458
133 407
147 305
455 458
205 283
432 474
17 232
91 181
110 423
397 453
314 418
85 366
33 176
112 469
126 367
167 176
184 345
258 294
10 192
101 310
87 412
161 361
235 310
188 464
386 479
427 480
64 428
12 238
124 479
177 305
163 407
402 423
80 372
61 130
66 474
140 423
200 474
214 372
253 300
43 490
24 248
98 197
115 366
63 176
156 367
189 315
216 418
276 469
1 264
288 294
40 192
119 485
193 434
141 244
174 192
306 311
292 413
3 310
416 479
457 480
56 136
42 238
75 186
168 377
176 238
267 356
19 254
0 12
93 203
368 408
170 423
244 372
230 474
271 475
304 423
68 146
21 300
54 248
95 249
128 197
147 439
169 198
207 490
246 418
260 316
31 264
72 265
70 192
149 485
130 243
223 434
283 485
295 310
322 413
47 208
107 259
148 260
181 208
299 429
373 378
51 327
32 85
101 444
183 254
301 475
334 423
375 424
139 147
158 197
177 439
278 491
350 367
61 264
88 367
201 244
327 383
354 486
387 434
65 383
46 141
151 157
104 311
137 259
178 260
255 480
329 429
2 34
81 327
114 275
389 480
494 496
232 496
213 254
39 101
42 372
116 321
157 322
176 372
190 270
308 491
19 388
46 491
79 439
132 265
357 383
384 486
16 90
21 434
95 383
117 142
417 434
134 311
208 260
72 399
20 209
185 276
171 378
47 342
0 496
69 101
74 445
96 204
129 152
148 394
146 321
160 219
187 322
261 271
321 322
352 389
338 491
11 96
49 388
90 389
109 439
123 337
150 440
164 338
48 163
34 265
139 281
125 383
199 332
273 281
28 450
9 208
50 209
64 107
102 399
124 158
143 400
201 378
275 327
27 225
13 327
44 394
25 152
99 101
238 445
2 168
76 117
62 219
81 461
103 220
120 389
153 337
180 440
194 338
268 287
6 287
419 456
23 456
56 404
97 405
157 456
138 214
231 405
270 333
330 384
55 179
41 281
94 107
173 400
154 158
206 348
30 122
57 225
131 174
134 445
208 394
222 292
20 343
73 169
92 219
106 117
111 461
185 410
284 389
36 287
110 236
108 163
209 215
300 333
85 179
71 281
112 282
126 180
186 231
236 348
277 349
263 451
337 400
48 297
139 415
87 225
161 174
64 241
12 51
50 343
124 292
163 220
256 411
289 359
27 359
13 461
66 287
140 236
200 287
217 456
351 456
43 303
24 61
29 405
392 457
156 180
268 421
276 282
1 77
6 421
119 298
105 400
210 416
270 467
22 365
8 467
94 241
121 344
154 292
228 241
286 411
319 359
346 462
57 359
98 360
79 118
131 308
189 478
222 426
230 287
1 427
422 457
54 61
59 405
133 354
224 472
339 422
58 180
89 247
108 297
149 298
209 349
283 298
314 365
300 467
374 416
434 467
33 123
38 467
112 416
126 314
277 483
15 483
51 140
376 462
101 257
49 67
87 359
161 308
202 309
293 427
31 427
12 185
64 375
163 354
278 304
369 422
61 77
107 422
140 370
167 473
181 371
179 298
406 489
10 489
404 416
464 467
63 123
142 416
156 314
216 365
257 366
290 314
255 293
381 432
45 483
482 484
67 242
193 381
158 360
232 309
56 83
42 185
61 427
94 375
116 134
176 185
195 427
360 494
93 150
137 422
436 489
73 437
21 247
95 196
147 386
155 247
174 489
246 365
287 366
347 417
72 212
378 484
89 381
70 139
111 140
190 433
171 191
209 483
223 381
264 382
262 309
322 360
14 207
47 155
52 499
74 258
126 448
165 376
299 376
51 274
390 494
431 495
68 443
49 201
123 150
128 494
150 253
315 320
301 422
12 319
34 78
466 489
144 438
125 196
278 438
226 248
317 366
102 212
88 314
129 315
162 263
220 433
253 381
5 279
27 38
32 382
65 330
118 156
104 258
156 448
197 449
238 258
329 376
370 377
81 274
29 84
67 376
141 325
172 392
120 202
158 494
232 443
306 392
461 495
6 100
56 217
4 27
9 371
83 320
97 218
157 269
308 438
382 387
368 489
60 336
41 94
46 438
132 212
173 213
159 315
192 263
250 433
324 382
62 382
136 331
227 449
361 449
20 156
359 376
111 274
59 84
171 325
303 444
336 392
363 495
0 443
74 392
148 341
377 393
437 444
127 218
160 166
187 269
239 459
247 320
30 285
90 336
71 94
150 387
164 285
439 490
315 454
263 264
356 455
15 162
48 110
53 454
414 433
92 382
240 280
391 449
28 397
50 156
129 449
143 347
215 223
201 325
242 326
400 406
13 274
44 341
118 290
66 100
104 392
145 393
178 341
219 342
393 495
217 269
310 460
48 460
29 218
81 408
103 167
120 336
221 388
18 59
45 162
78 110
124 455
157 403
210 229
196 331
270 280
330 331
60 470
159 449
233 398
272 326
398 465
76 414
57 172
136 465
84 275
189 291
175 393
208 341
309 393
340 460
37 459
78 460
111 408
152 409
212 460
224 285
251 388
325 337
55 476
36 234
110 183
96 285
416 455
127 352
75 162
113 454
187 403
228 404
302 353
30 419
11 177
52 178
38 280
90 470
112 229
126 127
131 471
164 419
277 296
428 465
106 414
87 172
128 173
207 466
205 393
31 240
17 342
64 188
182 409
256 358
242 460
316 409
44 475
80 132
66 234
85 476
140 183
181 184
219 476
217 403
258 404
332 353
318 455
43 250
29 352
423 471
82 178
142 229
235 420
334 399
97 486
45 296
119 245
193 194
158 173
196 465
237 466
311 415
22 312
8 414
94 188
121 291
286 358
346 409
387 410
98 307
84 409
115 476
170 183
323 425
1 374
21 60
100 353
191 471
265 420
339 369
325 471
3 420
77 369
58 127
89 194
209 296
267 466
14 20
38 414
52 312
79 415
112 363
126 261
165 189
244 482
225 240
15 430
51 87
376 409
293 374
320 477
394 426
26 30
12 132
17 476
91 425
144 251
130 353
256 492
355 471
28 76
33 420
88 127
167 420
181 318
220 246
332 487
280 297
406 436
82 312
156 261
197 262
183 364
348 431
408 482
45 430
81 87
172 205
158 307
232 256
259 359
292 307
350 477
383 425
61 374
9 184
42 132
83 133
121 425
195 374
286 492
234 302
327 493
24 492
60 149
46 251
65 493
98 441
63 420
211 318
271 369
362 487
35 92
21 194
40 436
95 143
114 385
136 144
153 313
174 436
287 313
39 211
89 328
75 430
116 431
190 380
176 482
264 329
438 482
281 498
19 498
0 256
74 205
93 447
148 154
113 133
192 426
206 324
225 374
239 272
51 221
266 375
357 493
30 98
16 200
68 390
90 149
95 493
150 200
169 442
491 493
241 318
342 370
433 488
70 436
144 385
92 195
125 143
171 488
218 334
278 385
47 452
28 210
143 160
129 262
468 482
160 329
146 431
220 380
294 329
321 432
32 329
445 498
44 154
123 447
104 205
145 206
183 498
269 272
296 375
7 272
29 31
122 222
139 391
158 441
172 339
180 200
199 442
6 47
23 216
9 318
97 165
157 216
275 437
8 93
13 437
46 385
25 262
99 211
252 453
324 329
351 432
62 329
84 88
134 205
227 396
254 499
287 447
328 448
1 53
20 103
326 375
264 463
212 273
243 340
229 442
303 391
55 289
36 47
41 391
127 165
113 267
206 458
319 335
305 437
16 334
38 93
117 386
131 284
164 232
222 402
282 453
356 402
20 453
92 329
331 345
284 499
358 448
31 53
17 155
91 104
129 396
143 294
108 273
418 499
242 273
335 464
32 463
11 340
44 288
85 289
145 340
236 458
370 458
43 63
48 407
122 356
120 283
161 284
194 232
221 335
312 453
386 402
9 452
45 109
64 351
105 160
124 402
446 453
196 278
297 330
27 469
8 227
388 448
25 396
173 294
214 295
2 412
76 361
98 120
84 222
103 464
407 415
276 392
309 340
441 459
78 407
59 165
100 166
138 458
152 356
243 474
191 284
251 335
55 423
77 182
127 299
75 109
154 402
168 300
228 351
30 366
57 469
244 295
230 397
395 464
68 69
54 171
106 361
147 362
205 340
279 289
31 187
17 289
110 480
108 407
182 356
130 166
209 459
223 357
242 407
448 475
47 131
33 233
107 182
145 474
167 233
186 475
198 300
10 249
161 418
109 228
142 176
221 469
274 295
334 346
12 295
45 243
86 244
177 362
163 464
402 480
61 187
135 136
121 238
140 480
253 357
313 408
24 305
65 306
115 423
156 424
137 182
175 474
216 475
290 424
1 321
288 351
18 490
40 249
389 403
100 300
174 249
193 491
191 418
265 367
306 368
292 470
325 418
366 419
77 316
75 243
116 244
228 485
176 295
281 311
267 413
341 362
19 311
93 260
368 465
244 429
192 239
304 480
68 203
147 496
128 254
169 255
155 357
246 475
320 424
380 475
53 80
58 424
89 491
70 249
144 198
130 300
223 491
245 250
336 368
322 470
47 265
396 419
107 316
148 317
181 265
198 434
146 244
258 485
5 39
10 383
49 311
123 260
109 362
26 327
48 86
86 378
199 255
311 496
259 306
350 424
23 29
9 131
28 373
61 321
162 373
451 476
327 440
5 389
387 491
60 96
46 198
65 440
25 75
63 367
137 316
151 214
178 317
238 368
269 435
40 383
81 384
463 486
141 435
39 158
56 327
42 429
78 86
190 327
231 328
264 276
405 481
229 255
19 445
0 203
41 204
79 496
93 394
132 322
206 271
192 373
30 45
16 147
21 491
35 389
90 96
117 199
417 491
458 492
359 486
433 435
111 384
92 142
144 332
245 384
284 312
14 451
47 399
129 209
146 378
220 327
261 328
352 446
385 394
412 497
44 101
49 445
123 394
145 153
150 497
197 343
236 271
296 322
34 322
447 491
139 338
199 389
273 338
226 492
259 440
9 265
50 266
64 164
102 456
124 215
215 333
275 384
27 282
8 40
44 451
159 209
217 379
250 327
351 379
62 276
103 277
153 394
194 395
227 343
254 446
268 344
6 344
4 271
78 220
97 462
138 271
152 169
231 462
243 287
270 390
303 338
435 457
94 164
206 405
305 384
57 282
131 231
222 349
282 400
323 401
342 451
15 56
20 400
106 174
59 328
92 276
133 277
207 226
224 395
298 344
284 446
418 446
17 102
110 293
127 462
108 220
160 410
261 462
209 272
335 411
300 390
333 338
11 287
85 236
33 46
71 338
112 339
186 288
236 405
277 406
310 354
337 457
10 62
15 406
48 354
101 180
87 282
139 472
161 231
312 400
372 451
64 298
50 400
413 452
163 277
256 468
289 416
22 72
388 395
214 242
365 411
406 412
425 462
29 462
103 411
142 339
175 287
216 288
268 478
1 134
6 478
307 406
18 303
4 405
40 62
78 354
105 457
367 457
210 473
191 231
243 421
344 473
22 422
383 401
94 298
42 108
168 247
195 350
228 298
443 452
286 468
19 124
52 72
79 175
98 417
230 344
1 484
395 411
73 360
54 118
59 462
298 478
246 288
339 479
31 134
17 236
58 237
75 406
149 355
223 304
209 406
283 355
314 422
11 421
47 78
52 422
107 129
186 422
167 180
258 298
101 314
450 468
128 417
109 175
188 468
202 366
293 484
427 484
26 140
86 191
237 360
278 361
402 427
80 376
28 186
61 134
88 237
102 135
181 428
214 376
253 304
5 202
43 494
63 180
142 473
156 371
216 422
276 473
255 350
288 298
381 489
119 489
67 299
100 247
141 248
193 438
191 365
232 366
306 315
292 417
3 314
457 484
61 484
94 432
116 191
135 433
267 360
308 361
19 258
0 16
79 309
93 207
170 427
211 428
244 376
285 377
343 355
35 202
114 495
95 253
147 443
155 304
260 320
246 422
347 474
20 79
452 490
89 438
70 196
111 197
149 489
171 248
223 438
264 439
262 366
322 417
47 212
0 366
74 315
148 264
239 382
225 484
373 382
51 331
49 258
123 207
109 309
150 310
274 376
301 479
26 274
53 377
34 135
139 151
218 444
199 202
278 495
226 305
317 423
350 371
28 320
102 269
50 79
88 371
129 372
179 489
253 438
201 248
327 387
354 490
27 95
13 197
32 439
44 264
65 387
269 382
329 433
2 38
7 382
67 433
141 382
389 484
172 449
194 208
180 310
6 157
39 105
345 377
56 274
405 428
231 275
248 444
308 495
382 444
60 393
41 151
132 269
206 218
159 372
192 320
233 321
250 490
324 439
357 387
384 490
16 94
21 438
62 439
95 387
136 388
208 264
309 316
20 213
400 434
59 141
171 382
185 280
212 383
245 331
336 449
377 450
14 398
36 157
74 449
96 208
127 275
113 377
187 326
247 377
321 326
338 495
412 444
16 444
90 393
71 151
150 444
472 495
34 269
414 490
87 95
92 439
166 388
240 337
331 455
28 454
64 111
124 162
430 434
275 331
27 229
13 331
118 347
66 157
99 105
178 398
219 399
217 326
2 172
43 173
29 275
81 465
103 224
120 393
194 342
268 291
254 393
328 342
419 460
23 460
97 409
78 167
119 168
105 270
157 460
210 286
270 337
22 235
55 183
99 455
173 404
233 455
305 331
57 229
98 230
117 280
175 450
249 399
323 348
309 450
1 297
20 347
73 173
59 275
111 465
133 224
224 342
36 291
110 240
96 342
449 460
127 409
75 219
108 167
149 168
187 460
209 219
228 461
300 337
30 476
11 234
38 337
112 286
126 184
186 235
277 353
337 404
101 127
106 471
128 230
161 178
188 281
205 450
279 399
31 297
12 55
50 347
91 348
182 466
256 415
80 189
66 291
140 240
167 343
291 409
5 15
43 307
392 461
82 235
156 184
142 286
216 235
276 286
6 425
367 404
105 404
193 251
210 420
158 230
22 369
3 127
42 55
195 297
286 415
360 364
346 466
24 415
98 364
84 466
189 482
170 240
211 241
323 482
362 410
422 461
21 117
100 410
114 308
147 256
265 477
339 426
399 477
3 477
36 425
58 184
72 82
397 404
75 353
223 251
176 405
209 353
314 369
300 471
374 420
0 179
33 127
38 471
74 128
79 472
112 420
126 318
165 246
225 297
51 144
68 313
417 467
128 364
109 122
188 415
202 313
394 483
26 87
427 431
86 138
91 482
130 410
204 359
47 375
28 133
80 323
88 184
107 426
167 477
429 477
179 302
280 354
10 493
63 127
104 128
257 370
307 487
255 297
7 195
482 488
67 246
158 364
259 416
292 364
61 431
42 189
83 190
116 138
121 482
234 359
360 498
98 498
46 308
151 324
137 426
211 375
159 185
271 426
285 324
436 493
35 149
21 251
62 252
95 200
114 442
136 201
174 493
227 319
260 267
287 370
347 421
39 268
20 26
37 195
111 144
116 488
190 437
264 386
262 313
14 211
0 313
74 262
148 211
113 190
192 483
225 431
90 206
169 499
150 257
241 375
315 324
342 427
34 82
70 493
92 252
125 200
204 493
218 391
278 442
317 370
28 267
102 216
129 319
146 488
220 437
5 283
354 437
27 42
32 386
118 160
104 262
178 211
197 453
269 329
255 431
296 432
310 330
7 329
48 330
34 432
122 279
370 381
172 396
120 206
461 499
180 257
273 448
372 427
4 31
9 375
83 324
97 222
157 273
248 391
196 201
234 493
275 494
349 443
8 150
46 442
440 499
99 268
159 319
250 437
2 335
76 284
62 386
136 335
84 145
384 437
425 438
134 262
208 211
361 453
39 402
20 160
326 432
59 88
212 330
243 397
229 499
303 448
377 397
14 345
0 447
36 104
363 499
96 155
437 448
127 222
305 494
30 289
11 47
16 391
38 150
117 443
131 341
150 391
164 289
203 217
379 443
356 459
439 494
15 166
414 437
106 284
92 386
166 335
240 284
331 402
432 454
17 212
50 160
91 161
143 351
108 330
182 279
242 330
11 397
85 346
66 104
393 499
219 346
217 273
318 325
43 120
29 222
103 171
122 413
409 443
120 340
161 341
221 392
6 238
386 459
18 63
64 408
83 458
97 356
124 459
196 335
270 284
297 387
22 182
8 284
402 403
61 110
173 351
214 352
272 330
76 418
24 228
98 177
84 279
189 295
276 449
1 244
309 397
73 120
59 222
78 464
100 223
114 121
133 171
152 413
224 289
265 290
416 459
94 408
75 166
127 356
168 357
176 218
302 357
30 423
126 131
244 352
277 300
304 403
15 300
469 470
68 126
54 228
128 177
207 470
188 228
279 346
31 244
380 398
130 223
163 171
256 362
47 188
66 238
107 239
181 188
167 290
198 357
184 459
332 357
10 306
423 475
101 424
82 182
161 475
142 233
183 234
235 424
45 300
86 301
119 249
177 419
210 367
311 419
80 486
135 193
121 295
286 362
327 363
313 465
24 362
98 311
46 121
84 413
115 480
63 290
189 429
288 408
389 460
114 255
174 306
213 234
39 81
77 373
89 198
75 300
149 249
190 250
176 352
281 368
267 470
341 419
14 24
19 368
74 75
79 419
93 317
401 470
244 486
51 91
343 465
68 260
16 70
95 363
128 311
169 312
202 260
260 430
293 378
320 481
394 430
58 481
70 306
144 255
130 357
204 306
295 424
369 373
28 80
33 424
69 81
107 373
129 132
160 199
146 301
198 491
220 250
280 301
10 440
51 441
373 492
371 419
49 368
82 316
109 419
123 317
183 368
197 266
274 486
348 435
26 384
12 486
86 435
34 245
67 193
172 209
158 311
199 312
424 430
23 86
28 430
61 378
83 137
88 481
102 379
162 430
327 497
275 307
5 446
65 497
426 476
151 271
211 322
252 323
2 148
35 96
40 440
62 199
81 441
114 389
136 148
141 492
213 368
227 266
39 215
419 436
56 384
116 435
190 384
138 194
14 158
0 260
93 451
132 379
206 328
192 430
266 379
357 497
305 307
431 446
16 204
90 153
95 497
117 256
169 446
208 374
282 323
342 374
70 440
144 389
92 199
171 492
245 441
69 215
17 25
129 266
468 486
146 435
220 384
261 385
294 333
321 436
164 452
197 400
236 328
296 379
48 277
29 35
34 379
122 226
139 395
120 153
273 395
312 323
372 374
50 323
215 390
201 492
275 441
27 339
25 266
99 215
159 266
252 457
250 384
291 385
351 436
76 231
62 333
103 334
84 92
136 282
227 400
175 210
4 328
78 277
152 226
138 328
303 395
344 396
330 498
55 293
3 103
36 51
127 169
113 271
154 272
305 441
30 236
379 390
38 97
117 390
131 288
222 406
356 406
20 457
92 333
133 334
207 283
224 452
205 210
298 401
17 159
91 108
110 350
160 467
182 226
209 329
374 396
11 344
85 293
33 103
71 395
112 396
145 344
434 447
184 272
277 463
411 463
101 237
161 288
235 237
221 339
312 457
386 406
50 457
177 232
163 334
196 282
289 473
297 334
22 129
27 473
388 452
80 299
66 401
214 299
200 401
272 277
2 416
365 468
24 175
98 124
103 468
63 103
142 396
175 344
249 293
276 396
1 191
290 294
340 411
18 360
381 412
40 119
78 411
100 170
152 360
193 361
243 478
191 288
292 340
94 355
195 407
228 355
319 473
52 129
57 473
79 232
98 474
131 422
170 350
230 401
395 468
54 175
133 468
205 344
246 345
72 192
58 294
110 484
108 411
149 412
130 170
209 463
223 361
314 479
322 340
47 135
33 237
52 479
85 427
126 428
184 406
258 355
101 371
49 181
123 130
109 232
202 423
274 299
334 350
26 197
12 299
64 489
86 248
466 469
177 366
163 468
237 417
402 484
162 243
179 412
253 361
313 412
5 259
65 310
478 479
82 479
137 186
216 479
255 407
288 355
329 356
389 407
114 202
193 495
158 474
306 372
94 489
135 490
116 248
190 197
281 315
267 417
341 366
93 264
41 74
79 366
132 192
170 484
192 243
211 485
244 433
285 434
343 412
35 259
16 17
68 207
155 361
246 479
320 428
361 429
20 136
53 84
58 428
70 253
144 202
130 304
171 305
223 495
245 254
262 423
336 372
0 423
33 371
146 248
239 439
299 490
247 300
373 439
51 388
123 264
71 74
109 366
241 485
274 433
315 434
12 433
48 90
53 434
139 208
125 310
199 259
259 310
350 428
391 429
28 377
9 135
50 136
83 84
88 428
451 480
253 495
201 305
327 444
5 393
65 444
13 254
25 79
104 372
118 270
252 270
238 372
269 439
329 490
403 439
67 490
254 316
6 214
18 39
4 141
56 331
78 90
83 434
116 382
157 383
231 332
405 485
19 449
55 106
41 208
60 450
132 326
206 275
159 429
192 377
233 378
357 444
21 495
136 445
134 372
309 373
20 270
359 490
433 439
37 439
92 146
133 147
171 439
224 265
284 316
14 455
110 163
96 265
127 332
113 434
146 382
187 383
247 434
352 450
30 399
49 449
85 106
71 208
236 275
34 326
122 173
428 445
139 342
92 496
125 444
226 496
64 168
102 460
124 219
143 461
201 439
242 440
316 389
13 388
440 455
25 213
99 162
140 163
219 456
200 214
252 404
2 229
43 230
29 332
103 281
351 383
194 399
268 348
328 399
18 173
4 275
97 466
119 225
152 173
231 466
210 343
196 445
270 394
330 445
22 292
8 394
55 240
435 461
94 168
132 460
154 219
173 461
272 440
305 388
346 389
57 286
84 389
222 353
208 455
249 456
73 230
59 332
133 281
147 179
185 471
224 399
298 348
284 450
325 451
399 400
36 348
110 297
58 107
108 224
149 225
300 394
11 291
52 292
33 50
85 240
112 343
126 241
184 219
10 66
15 410
101 184
87 286
161 235
202 236
293 354
279 456
64 302
12 112
17 456
50 404
256 472
355 451
140 297
88 107
200 348
214 246
406 416
5 72
29 466
43 364
65 123
103 415
82 292
115 240
142 343
216 292
18 307
367 461
40 66
45 410
100 117
210 477
191 235
232 236
344 477
3 184
383 405
94 302
135 303
121 405
168 251
195 354
443 456
286 472
360 421
420 472
19 128
24 472
98 421
170 297
244 246
230 348
1 488
362 467
35 72
59 466
95 123
100 467
133 415
174 416
339 483
77 483
58 241
397 461
89 308
75 410
149 359
223 308
209 410
264 309
438 462
314 426
415 478
47 82
33 184
74 185
112 477
165 303
198 251
239 252
51 201
390 421
68 370
101 318
450 472
109 179
150 180
188 472
241 298
301 349
31 488
53 247
144 365
177 313
204 416
218 314
278 365
80 380
28 190
102 139
181 432
162 190
253 308
313 359
5 206
13 67
404 477
82 426
445 478
104 185
183 478
197 376
257 427
7 252
119 493
67 303
172 319
232 370
306 319
259 473
292 421
366 370
457 488
61 488
195 488
248 314
368 416
60 263
46 365
211 432
285 381
35 206
21 308
114 499
136 258
475 478
134 185
246 426
260 324
287 427
347 478
39 325
72 273
361 376
452 494
149 493
190 494
171 252
262 370
14 268
0 370
363 422
148 268
165 437
146 195
187 196
225 488
266 489
299 437
51 335
338 365
16 314
90 263
150 314
315 381
342 484
375 432
34 139
139 155
125 257
166 258
199 206
69 325
50 83
129 376
143 274
220 494
201 252
294 443
5 340
27 99
13 201
32 443
44 268
25 26
104 319
178 268
219 269
393 422
269 386
255 488
310 387
370 438
2 42
7 386
29 145
34 489
67 437
122 336
120 263
194 212
180 314
6 161
372 484
4 88
9 432
83 381
97 279
231 279
405 432
248 448
196 258
22 105
41 155
60 397
99 325
132 273
173 274
233 325
250 494
2 392
76 341
57 99
62 443
84 202
117 150
384 494
425 495
249 269
309 320
340 387
400 438
37 386
59 145
138 438
152 336
212 387
243 454
14 402
36 161
96 212
113 381
187 330
261 279
352 397
338 499
52 105
38 207
112 156
164 346
203 274
414 494
106 341
87 99
166 392
240 341
64 115
50 217
91 218
143 408
430 438
182 336
242 387
316 336
407 454
44 402
118 351
66 161
219 403
217 330
258 331
318 382
43 177
29 279
103 228
122 470
82 105
194 346
142 156
180 448
18 120
23 464
97 413
119 172
105 274
485 495
270 341
311 342
94 115
99 459
121 218
173 408
233 459
272 387
24 285
98 234
115 403
175 454
249 403
323 352
309 454
288 331
73 177
133 228
191 398
224 346
251 449
265 347
325 398
3 347
36 295
127 413
168 414
149 172
228 465
302 414
300 341
30 480
341 342
126 188
112 290
203 408
277 357
263 459
304 460
15 357
68 183
101 131
106 475
128 234
205 454
293 301
380 455
12 59
53 60
91 352
182 470
163 228
204 229
256 419
316 470
295 347
181 245
198 414
258 465
332 414
5 19
10 363
65 70
392 465
183 291
307 357
348 358
408 409
67 116
177 476
158 234
210 424
311 476
22 373
42 59
121 352
135 250
195 301
360 368
387 471
60 76
46 178
84 470
98 368
151 194
137 296
189 486
271 296
1 435
288 465
362 414
422 465
21 121
100 414
114 312
265 481
339 430
3 481
39 138
58 188
72 86
77 430
75 357
89 255
116 358
149 306
281 425
341 476
415 425
52 373
0 183
93 374
367 377
165 250
225 301
51 148
68 317
16 127
49 75
128 368
169 369
202 317
417 471
260 487
26 91
144 312
204 363
278 312
410 431
47 379
28 137
33 481
88 188
107 430
470 482
146 358
179 306
220 307
280 358
5 153
32 256
13 14
371 476
82 373
104 132
257 374
255 301
296 302
7 199
81 148
34 302
67 250
86 492
122 149
158 368
199 369
232 317
259 420
447 471
424 487
23 143
102 436
135 384
248 261
234 363
308 312
60 210
46 312
63 481
99 138
137 430
211 379
238 482
252 380
285 328
250 307
2 205
35 153
62 256
114 446
136 205
477 498
213 425
287 374
378 492
56 441
111 148
190 441
138 251
264 390
243 267
262 317
363 369
132 436
113 194
206 385
305 364
30 159
16 261
68 451
367 458
117 313
315 328
342 431
15 36
20 380
53 328
70 497
106 154
144 446
218 395
226 256
317 374
358 375
69 272
418 426
129 323
160 390
146 492
220 441
280 492
27 46
44 215
118 164
145 267
236 385
310 334
370 385
34 436
122 283
139 452
273 452
221 262
6 108
4 35
50 380
124 329
248 395
196 205
275 498
289 396
349 447
22 52
8 154
13 498
27 396
25 323
151 462
173 221
159 323
250 441
2 339
76 288
24 98
62 390
84 149
136 339
115 216
227 457
175 267
351 493
425 442
1 114
6 458
39 406
18 283
4 385
326 436
152 283
138 385
212 334
303 452
377 401
77 109
113 328
154 329
168 227
305 498
30 293
379 447
57 396
131 345
222 463
203 221
230 324
263 272
15 170
106 288
54 98
133 391
166 339
205 267
298 458
432 458
31 114
17 216
36 458
69 406
110 407
108 334
242 334
283 335
333 452
85 350
107 109
145 401
186 402
219 350
310 468
318 329
10 176
48 468
122 417
409 447
101 294
87 396
235 294
221 396
45 170
86 171
105 221
124 463
163 391
196 339
22 186
8 288
25 457
61 114
66 458
99 406
140 407
214 356
272 334
2 473
43 474
84 283
404 453
189 299
175 401
249 350
290 351
340 468
40 176
78 468
100 227
119 469
152 417
174 176
193 418
265 294
3 294
457 464
94 412
168 361
116 171
154 463
176 222
228 412
302 361
52 186
93 187
79 289
131 479
170 407
244 356
304 407
73 474
147 423
128 181
169 182
207 474
205 401
246 402
279 350
380 402
108 468
149 469
130 227
223 418
283 469
47 192
33 294
85 484
107 243
181 192
198 361
146 171
299 413
10 310
32 69
101 428
82 186
161 479
109 289
334 407
7 12
12 356
237 474
311 423
80 490
61 248
9 58
88 351
102 249
135 197
162 300
253 418
327 367
5 316
24 366
65 367
387 418
115 484
156 485
290 485
288 412
67 413
100 361
141 362
153 187
191 479
213 238
232 480
265 428
3 428
77 377
306 429
366 480
56 254
42 356
116 305
168 495
176 356
405 408
281 372
267 474
308 475
341 423
19 372
93 321
79 423
382 424
165 197
285 491
357 367
343 469
35 316
21 418
417 418
117 126
155 418
260 434
320 485
361 486
394 434
72 383
53 141
359 413
70 310
144 259
185 260
245 311
262 480
336 429
47 326
33 428
69 85
74 429
160 203
146 305
239 496
247 357
280 305
373 496
32 203
338 475
371 423
49 372
123 321
71 131
412 424
472 475
348 439
26 388
12 490
48 147
125 367
350 485
424 434
23 90
28 434
50 193
88 485
102 383
124 142
215 260
201 362
275 311
27 209
13 311
25 136
118 327
252 327
269 496
2 152
7 496
62 203
76 101
103 204
136 152
153 321
227 270
213 372
444 497
39 219
345 491
419 440
18 96
4 198
42 490
56 388
83 491
138 198
157 440
229 316
421 486
206 332
233 435
266 383
305 311
30 106
90 157
131 158
117 260
169 450
134 429
208 378
282 327
20 327
433 496
37 496
92 203
185 394
245 445
284 373
36 271
17 29
69 219
96 322
110 220
108 147
113 491
143 168
146 439
160 337
187 440
261 389
164 456
145 214
186 215
263 435
337 384
101 107
87 209
139 399
199 450
240 451
312 327
23 224
372 378
215 394
163 204
275 445
289 343
27 343
8 101
25 270
66 271
118 461
140 220
252 461
217 440
76 235
29 389
103 338
84 96
115 163
194 456
175 214
326 383
152 230
105 384
138 332
243 348
229 450
270 451
22 349
3 107
41 399
94 225
168 174
154 276
379 394
57 343
38 101
79 102
222 410
170 220
230 271
20 461
73 287
59 389
422 441
207 287
224 456
205 214
298 405
36 405
110 354
58 164
96 456
108 281
149 282
182 230
209 333
223 231
335 472
300 451
52 349
33 107
38 451
71 399
85 297
112 400
434 451
184 276
10 123
376 446
101 241
49 51
161 292
202 293
188 395
293 411
64 359
86 118
91 462
237 287
297 338
27 477
429 457
66 405
140 354
88 164
365 472
406 473
43 421
103 472
82 349
115 297
216 349
290 298
276 400
381 416
40 123
45 467
119 416
141 175
191 292
232 293
292 344
22 483
3 241
77 190
94 359
42 169
116 118
121 462
135 360
168 308
360 478
19 185
93 134
98 478
170 354
244 303
230 405
271 406
285 304
395 472
436 473
35 129
21 231
54 179
73 421
95 180
133 472
246 349
72 196
58 298
89 365
70 123
75 467
130 174
171 175
262 293
448 483
33 241
107 190
126 432
148 191
186 483
165 360
198 308
225 411
51 258
390 478
101 375
49 185
123 134
109 236
128 478
183 185
202 427
274 303
301 406
26 201
34 62
466 473
177 370
125 180
163 472
204 473
218 371
278 422
80 437
28 247
88 298
162 247
181 489
280 468
5 263
354 417
82 483
63 241
104 242
118 140
178 191
269 309
255 411
7 309
40 257
172 376
158 478
180 237
56 201
4 11
42 303
157 253
234 473
308 422
368 473
60 320
41 78
473 489
151 438
132 196
211 489
192 247
233 248
343 416
35 263
16 21
21 365
136 315
155 365
384 417
134 242
246 483
287 484
39 382
20 140
58 432
37 309
111 258
185 207
245 258
336 376
322 478
14 325
396 427
96 135
146 252
187 253
239 443
51 392
338 422
11 27
49 319
71 78
123 268
150 371
241 489
26 335
53 438
34 196
414 417
139 212
125 314
240 264
317 484
23 37
451 484
50 140
88 432
129 433
143 331
201 309
5 397
27 156
44 325
25 83
104 376
118 274
219 326
238 376
393 479
269 443
217 253
329 494
370 495
7 443
81 392
29 202
67 494
103 151
122 393
120 320
141 443
180 371
194 269
254 320
345 438
18 43
4 145
9 489
78 94
83 438
231 336
405 489
446 490
196 315
229 263
421 433
99 382
173 331
398 449
2 449
21 499
76 398
136 449
117 207
134 376
208 325
222 223
249 326
309 377
20 274
340 444
359 494
37 443
59 202
133 151
212 444
224 269
284 320
14 459
55 460
110 167
96 269
127 336
476 490
247 438
30 403
11 161
85 110
71 212
164 403
203 331
263 382
428 449
106 398
87 156
188 208
64 172
143 465
91 275
124 223
256 342
44 459
85 460
66 218
118 408
140 167
200 218
219 460
291 336
332 337
318 439
43 234
423 455
82 162
120 454
142 213
18 177
4 279
45 280
119 229
105 331
344 347
22 296
8 398
435 465
94 172
135 173
121 275
154 223
173 465
195 224
346 393
24 342
57 290
84 393
115 460
189 409
1 358
21 44
59 336
100 337
174 286
224 403
298 352
325 455
36 352
110 301
58 111
89 178
127 470
168 471
209 280
302 471
300 398
126 245
112 347
186 296
165 173
10 70
15 414
51 71
101 188
54 342
87 290
202 240
188 342
353 409
413 460
17 460
130 337
295 404
355 455
80 250
28 60
33 404
88 111
107 353
167 404
198 471
179 229
5 76
10 420
43 368
65 127
82 296
142 347
257 297
307 414
348 415
7 122
40 70
45 414
67 173
86 415
172 189
158 291
193 312
232 240
383 409
443 460
42 116
121 409
135 307
195 358
234 286
360 425
19 132
46 235
63 404
137 353
151 251
1 492
362 471
35 76
21 178
40 420
95 127
100 471
114 369
174 420
213 348
246 296
287 297
347 348
72 143
58 245
37 122
149 363
264 313
281 482
415 482
14 138
19 482
52 430
74 189
126 379
165 307
239 256
266 359
299 307
51 205
390 425
68 374
49 132
54 476
90 133
150 184
169 426
202 374
241 302
301 353
72 493
70 420
125 127
130 471
204 420
218 318
369 487
47 436
88 245
129 246
143 144
181 436
146 415
179 363
220 364
294 313
5 210
354 364
32 313
13 71
44 138
82 430
104 189
197 380
257 431
255 358
296 359
26 498
67 307
141 256
120 133
158 425
232 374
259 477
273 375
364 493
23 200
9 302
56 148
61 492
83 251
102 493
157 200
248 318
349 370
60 267
46 369
440 488
151 385
132 143
159 246
252 437
285 385
250 364
62 313
136 262
153 431
227 380
361 380
347 482
39 329
452 498
37 256
111 205
152 206
138 308
212 257
229 426
303 375
363 426
41 375
127 149
113 251
132 493
165 441
247 251
30 216
16 318
90 267
38 77
150 318
241 436
282 437
53 385
139 159
92 313
218 452
226 313
69 329
143 278
129 380
418 483
160 447
182 206
201 256
220 498
294 447
335 448
27 103
333 375
85 273
219 273
236 442
7 390
122 340
120 267
180 318
221 319
254 267
23 334
4 92
45 93
83 385
97 283
105 144
124 386
157 334
196 262
248 452
22 109
8 211
60 401
25 380
99 329
173 278
159 380
200 381
250 498
324 447
2 396
76 345
24 155
98 104
136 396
425 499
189 222
249 273
309 324
1 171
39 463
18 340
37 390
78 391
59 149
400 442
243 458
251 319
55 407
77 166
75 93
113 385
168 284
187 334
319 453
30 350
16 452
52 109
38 211
57 453
112 160
203 278
230 381
304 330
15 227
106 345
54 155
92 447
133 448
207 397
240 345
205 324
331 463
69 463
143 412
91 222
182 340
256 289
242 391
407 458
11 458
448 459
66 165
186 459
219 407
198 284
258 335
318 386
10 233
43 181
82 109
120 401
161 402
221 453
23 468
119 176
210 294
163 448
196 396
237 397
311 346
22 243
8 345
402 464
99 463
140 464
76 479
98 238
46 48
84 340
115 407
189 356
137 166
175 458
249 407
290 408
1 305
114 182
174 233
191 402
325 402
366 403
3 351
89 125
75 227
94 469
149 176
168 418
302 418
267 397
93 244
79 346
126 192
170 464
244 413
304 464
343 392
68 187
147 480
155 341
205 458
279 407
293 305
320 408
31 305
17 407
53 64
91 356
70 233
182 474
204 233
355 402
47 249
396 403
107 300
167 351
258 469
299 470
332 418
10 367
373 419
82 243
123 244
109 346
156 192
235 485
348 362
334 464
26 311
7 69
408 413
67 120
177 480
158 238
199 239
311 480
259 290
350 408
61 305
9 115
121 356
135 254
162 357
387 475
60 80
46 182
63 351
151 198
238 352
288 469
329 470
403 419
40 367
21 125
62 126
100 418
114 316
174 367
153 244
265 485
463 470
39 142
89 259
37 69
116 362
190 311
176 413
229 239
382 481
19 429
415 429
41 188
74 136
79 480
132 306
165 254
206 255
357 424
417 475
16 131
21 475
95 424
155 475
394 491
144 316
218 265
171 419
204 367
245 368
295 485
336 486
47 383
470 486
107 434
129 193
160 260
247 414
280 362
321 363
32 260
13 18
412 481
44 85
49 429
71 188
104 136
109 480
123 378
257 378
236 255
348 496
296 306
26 445
7 203
48 204
34 306
86 496
122 153
139 322
172 270
447 475
273 322
259 424
364 440
424 491
23 147
9 249
215 317
234 367
248 265
60 214
13 368
25 193
63 485
99 142
137 434
151 332
178 435
250 311
351 363
76 158
442 481
153 378
134 136
227 327
254 430
268 328
328 379
39 276
419 497
56 445
4 255
78 204
116 496
138 255
152 153
157 497
231 446
229 373
303 322
330 425
55 220
41 322
454 491
132 440
113 198
154 199
192 491
206 389
233 492
305 368
30 163
131 215
134 486
208 435
342 435
20 384
106 158
166 209
207 210
284 430
69 276
17 86
96 379
110 277
143 225
108 204
146 496
160 394
187 497
220 445
261 446
321 497
384 475
85 220
71 322
219 220
236 389
184 199
263 492
310 338
337 441
48 338
29 96
34 440
122 287
87 266
120 214
273 456
312 384
372 435
64 282
124 333
349 451
27 400
25 327
99 276
200 328
291 446
365 395
351 497
425 446
103 395
175 271
276 323
1 118
6 462
367 441
4 389
40 46
78 338
138 389
152 287
193 288
251 266
344 457
3 164
41 456
77 113
94 282
168 231
228 282
319 400
379 451
420 452
57 400
38 158
79 159
222 467
203 225
230 328
106 292
54 102
59 446
133 395
147 293
205 271
246 272
298 462
36 462
17 220
58 221
91 169
110 411
108 338
397 441
223 288
209 390
283 339
314 406
85 354
33 164
107 113
112 457
126 355
184 333
318 333
409 451
101 298
87 400
26 124
12 226
64 416
86 175
124 467
163 395
237 344
297 395
61 118
140 411
121 169
162 170
253 288
313 339
43 478
24 236
115 354
290 355
119 473
193 422
191 349
232 350
265 298
292 401
3 298
77 247
94 416
168 365
176 226
267 344
19 242
93 191
79 293
244 360
230 462
271 463
285 361
304 411
68 134
21 288
54 236
73 478
95 237
207 478
246 406
320 355
347 458
72 253
58 355
380 406
89 422
70 180
295 298
47 196
74 299
107 247
148 248
165 417
146 175
198 365
225 468
51 315
101 432
49 242
123 191
109 293
183 242
202 484
274 360
315 361
301 463
26 258
12 360
86 309
34 119
334 411
375 412
218 428
237 478
80 494
28 304
9 62
88 355
162 304
253 422
201 232
313 473
354 474
27 79
13 181
63 298
104 299
156 489
178 248
238 299
290 489
269 366
255 468
2 22
40 314
62 73
67 417
81 315
141 366
153 191
172 433
232 484
39 89
345 361
42 360
190 258
248 428
281 376
308 479
14 32
60 377
19 376
41 135
46 479
151 495
192 304
285 495
343 473
384 474
95 371
169 320
117 130
260 438
208 248
72 387
20 197
359 417
111 315
185 264
171 366
245 315
262 484
396 484
437 485
69 89
148 382
160 207
220 258
32 207
338 479
352 377
11 84
49 376
71 135
90 377
123 325
150 428
412 428
472 479
48 151
414 474
125 371
199 320
226 423
331 439
391 490
23 94
64 95
50 197
88 489
102 387
129 490
143 388
201 366
5 454
27 213
13 315
426 484
25 140
104 433
467 485
238 433
217 310
250 258
2 156
76 105
29 259
81 449
103 208
120 377
153 325
180 428
194 326
254 377
6 275
345 495
18 100
4 202
78 151
97 393
105 254
157 444
479 495
229 320
330 372
55 167
159 490
305 315
76 455
57 213
131 162
117 264
134 433
208 382
282 331
323 332
20 331
111 449
185 398
133 208
17 33
96 326
110 224
113 495
187 444
261 393
302 394
321 444
300 321
30 460
11 218
85 167
71 269
126 168
164 460
203 388
236 336
263 439
277 337
15 337
106 455
87 213
139 403
188 265
279 383
312 331
64 229
12 39
91 332
124 280
182 450
163 208
215 398
289 347
118 465
66 275
217 444
291 393
351 444
43 291
392 445
103 342
156 168
142 270
194 460
216 219
235 461
6 409
18 234
45 337
119 286
105 388
193 235
270 455
8 455
121 332
154 280
195 281
286 399
319 347
19 55
24 399
57 347
98 348
222 414
170 224
230 275
271 276
73 291
422 445
133 342
174 343
265 461
298 409
31 65
75 337
149 286
223 235
283 286
314 353
374 404
52 353
126 302
112 404
186 353
184 280
277 471
10 127
15 471
376 450
54 399
128 348
202 297
188 399
293 415
353 466
12 173
86 122
177 240
163 342
80 307
28 117
140 358
88 168
167 461
429 461
179 286
406 477
5 133
82 353
156 302
104 112
142 404
290 302
255 281
348 472
381 420
7 179
40 127
45 471
67 230
119 420
141 179
158 348
172 246
193 369
232 297
292 348
383 466
56 71
42 173
61 415
116 122
121 466
135 364
195 415
60 190
79 240
98 482
459 461
137 410
170 358
211 359
436 477
40 477
114 426
174 477
155 235
246 353
347 405
72 200
378 472
89 369
37 179
70 127
111 128
149 420
171 179
190 421
264 370
262 297
322 348
14 195
52 487
74 246
148 195
165 364
225 415
299 364
51 262
390 482
431 483
49 189
90 190
123 138
128 482
150 241
202 431
241 359
301 410
12 307
53 308
70 477
226 236
317 354
47 493
28 251
88 302
143 201
181 493
220 421
294 370
354 421
32 370
385 488
44 195
82 487
104 246
123 488
178 195
197 437
238 246
257 488
296 416
329 364
29 72
67 364
141 313
172 380
158 482
232 431
180 241
273 432
306 380
6 88
9 359
97 206
135 498
157 257
248 375
234 477
368 477
60 324
41 82
46 426
473 493
151 442
132 200
285 442
250 421
384 421
76 268
62 370
136 319
153 488
227 437
287 488
361 437
39 386
20 144
111 262
185 211
138 365
171 313
212 314
229 483
262 431
336 380
14 329
0 431
36 88
363 483
96 139
127 206
113 308
165 498
239 447
247 308
338 426
30 273
11 31
16 375
38 134
71 82
90 324
164 273
315 442
15 150
53 442
414 421
139 216
92 370
226 370
331 386
391 437
451 488
50 144
91 145
129 437
143 335
201 313
242 314
27 160
13 262
333 432
393 483
66 88
145 381
219 330
269 447
217 257
370 499
7 447
43 104
48 448
103 155
180 375
221 376
254 324
6 222
312 494
345 442
18 47
4 149
45 150
83 442
97 340
105 201
124 443
196 319
60 458
421 437
25 437
99 386
173 335
159 437
272 314
2 453
24 212
57 160
98 161
136 453
134 380
175 381
222 227
249 330
309 381
1 228
340 448
400 499
4 499
37 447
59 206
73 104
78 448
152 397
212 448
224 273
251 376
284 324
55 464
77 223
110 171
416 443
127 340
437 496
476 494
30 407
11 165
38 268
131 459
15 284
428 453
54 212
166 453
240 402
205 381
31 228
17 330
64 176
143 469
430 499
108 448
182 397
256 346
242 448
316 397
107 223
140 171
167 274
217 391
332 341
318 443
29 340
423 459
142 217
235 408
45 284
158 161
196 453
237 454
270 402
311 403
61 228
135 177
121 279
173 469
214 470
286 346
272 448
346 397
24 346
46 105
84 397
137 223
290 465
323 413
1 362
21 48
59 340
339 357
399 408
3 408
58 115
89 182
168 475
149 233
190 234
302 475
281 352
267 454
341 403
0 110
93 301
165 177
244 470
225 228
51 75
343 449
68 244
54 346
128 295
202 244
155 398
188 346
376 397
279 464
353 413
394 414
70 290
144 239
130 341
204 290
256 480
396 460
107 357
88 115
181 306
179 233
220 234
332 475
280 285
373 476
32 183
65 131
371 403
123 301
109 403
183 352
197 250
274 470
348 419
26 368
7 126
12 470
67 177
86 419
172 193
158 295
259 347
350 465
383 413
23 70
42 120
61 362
83 121
88 465
121 413
135 311
327 481
60 137
65 481
426 460
151 255
238 409
1 496
362 475
40 424
21 182
62 183
76 81
95 131
114 373
174 424
227 250
213 352
347 352
39 199
77 491
378 419
37 126
42 470
116 419
138 178
176 470
190 368
264 317
281 486
415 486
14 142
74 193
113 121
266 363
51 209
357 481
30 86
16 188
54 480
68 378
95 481
342 358
53 255
70 424
130 475
171 476
204 424
245 425
369 491
410 492
47 440
107 491
143 148
129 250
468 470
160 317
146 419
220 368
294 317
321 420
354 368
32 317
13 75
445 486
44 142
49 486
123 435
183 486
197 384
486 487
7 260
48 261
81 209
122 210
172 327
120 137
125 481
199 430
259 481
273 379
6 35
23 204
9 306
124 256
201 476
234 424
289 323
349 374
13 425
46 373
440 492
25 250
159 250
252 441
250 368
2 266
76 215
62 317
136 266
351 420
475 486
134 193
254 487
328 436
1 41
326 363
37 260
111 209
152 210
138 312
212 261
229 430
303 379
14 276
55 277
113 255
319 323
305 425
30 220
16 322
57 323
38 81
117 374
131 272
282 441
342 492
15 97
20 441
106 215
92 317
166 266
207 267
331 333
284 487
31 41
69 333
91 92
110 334
418 487
108 261
182 210
32 451
333 379
11 328
85 277
393 430
145 328
236 446
184 256
296 497
310 395
337 498
43 51
29 153
34 497
48 395
122 344
120 271
161 272
411 447
312 441
386 390
23 338
372 492
45 97
196 266
237 267
22 113
8 215
27 457
388 436
140 334
173 282
200 385
214 283
365 452
2 400
43 401
115 277
189 226
175 328
1 175
340 395
326 497
367 498
4 446
78 395
152 344
100 154
381 396
441 447
243 462
55 411
94 339
75 97
168 288
443 493
319 457
453 457
52 113
38 215
57 457
112 164
203 282
244 283
230 385
15 231
395 452
73 401
54 159
147 350
205 328
31 175
110 468
91 226
397 498
430 446
70 103
108 395
130 154
182 344
209 447
223 345
11 462
448 463
186 463
198 288
184 390
258 339
318 390
101 355
87 457
109 216
142 164
235 355
274 283
64 473
12 283
86 232
163 452
237 401
297 452
402 468
140 468
121 226
214 417
253 345
286 293
313 396
98 242
46 52
115 411
63 221
137 170
156 412
216 463
290 412
1 309
40 237
114 186
100 288
141 289
174 237
193 479
191 406
265 355
251 457
3 355
77 304
56 181
42 283
89 129
168 422
176 283
281 299
19 299
368 453
170 468
244 417
192 227
304 468
68 191
21 345
54 293
128 242
147 484
340 374
260 361
246 463
320 412
31 309
380 463
53 68
144 186
130 288
204 237
336 356
322 458
33 355
107 304
148 305
146 232
239 423
373 423
10 371
51 372
32 130
101 489
49 299
123 248
334 468
26 315
7 73
12 417
34 176
48 74
86 366
375 469
125 294
28 361
9 119
88 412
102 310
451 464
253 479
201 289
234 237
5 377
60 84
46 186
25 63
104 356
137 304
151 202
252 254
269 423
329 474
403 423
2 79
40 371
62 130
67 474
81 372
114 320
39 146
56 315
42 417
157 367
176 417
190 315
281 433
229 243
55 90
41 192
60 434
206 259
357 428
30 33
417 479
95 428
169 377
134 356
208 305
359 474
70 371
92 130
185 321
336 490
284 300
14 439
410 439
69 146
74 490
148 439
160 264
187 367
261 316
247 418
321 367
32 264
412 485
11 141
49 433
71 192
164 383
296 310
26 449
34 310
122 157
428 429
199 377
240 378
331 496
364 444
23 151
9 253
97 100
102 444
143 445
162 495
465 496
215 321
201 423
275 372
8 28
13 372
44 439
25 197
104 490
118 388
159 197
238 490
250 315
291 316
2 213
76 162
29 316
62 264
103 265
351 367
442 485
180 485
254 434
268 332
328 383
6 332
18 157
4 259
78 208
231 450
243 275
55 224
3 34
495 496
94 152
173 445
154 203
206 393
233 496
305 372
30 167
131 219
208 439
282 388
309 491
73 214
92 264
224 383
358 383
418 434
17 90
96 383
127 450
261 450
209 260
335 399
300 378
85 224
112 327
145 275
186 276
184 203
263 496
277 394
337 445
10 50
15 394
48 342
101 168
87 270
161 219
188 322
221 270
353 389
12 96
50 388
124 337
289 404
27 404
25 331
66 332
140 281
200 332
43 348
24 106
65 107
103 399
156 225
142 327
175 275
1 122
6 466
307 394
18 291
4 393
45 394
78 342
193 292
367 445
210 461
251 270
3 168
77 117
383 389
168 235
121 389
195 338
228 286
286 456
360 405
420 456
131 353
170 281
230 332
271 333
1 472
395 399
54 106
95 107
174 400
155 158
207 348
298 466
108 342
209 394
283 343
314 410
11 409
47 66
33 168
52 410
186 410
184 337
225 338
10 184
51 185
390 405
450 456
49 112
87 404
109 163
128 405
161 353
202 354
293 472
301 333
26 128
31 472
86 179
177 297
204 400
237 348
278 349
402 415
80 364
28 174
61 122
66 466
88 225
107 467
140 415
162 174
179 343
253 292
313 343
43 482
13 51
63 168
216 410
276 461
255 338
40 184
119 477
67 287
141 236
193 426
158 405
232 354
457 472
61 472
42 230
94 420
195 472
308 349
368 400
93 195
46 349
79 297
137 467
211 416
285 365
271 467
35 190
95 241
169 190
134 169
246 410
260 308
287 411
58 359
452 478
111 185
190 478
264 427
262 354
322 405
47 200
74 303
148 252
165 421
146 179
51 319
32 77
338 349
109 297
241 416
315 365
301 467
26 262
375 416
34 123
144 483
125 241
218 432
317 411
28 308
9 66
50 67
88 359
129 360
220 478
201 236
253 426
5 324
294 427
32 427
13 185
354 478
197 494
178 252
238 303
269 370
255 472
329 421
81 319
29 129
62 77
67 421
141 370
153 195
172 437
180 298
232 488
273 489
306 437
56 262
4 72
42 364
83 365
97 263
157 314
405 416
248 432
308 483
382 432
41 139
46 483
151 499
132 257
173 258
159 360
324 427
384 478
21 426
95 375
117 134
227 494
208 252
361 494
39 443
400 422
111 319
59 129
185 268
212 371
245 319
262 488
303 489
0 488
36 145
74 437
96 196
437 489
127 263
113 365
187 314
261 263
247 365
51 453
352 381
338 483
11 88
16 432
164 330
112 140
150 432
315 499
263 309
48 155
414 478
106 325
166 376
240 325
226 427
28 442
50 201
143 392
215 268
242 371
275 319
316 320
27 217
407 438
25 144
66 145
104 437
145 438
467 489
217 314
81 453
29 263
103 212
194 330
180 432
221 433
328 330
6 279
345 499
18 104
4 206
45 207
83 499
105 258
157 448
210 274
196 376
270 325
8 325
421 494
25 494
94 99
173 392
159 494
233 443
272 371
76 459
57 217
98 218
189 336
323 336
309 438
111 453
59 263
251 433
325 382
36 279
110 228
96 330
127 397
113 499
149 156
187 448
228 449
261 397
302 398
300 325
11 222
52 223
38 325
126 172
164 464
186 223
263 443
304 444
337 392
101 115
106 459
161 166
240 459
188 269
205 438
279 387
31 285
17 387
64 233
91 336
163 212
256 403
316 454
355 382
80 177
140 228
181 229
217 448
258 449
392 449
82 223
156 172
142 274
216 223
307 341
45 341
119 290
67 100
105 392
193 239
270 459
22 357
61 285
42 43
121 336
135 234
195 285
286 403
387 455
98 352
46 162
84 454
170 228
211 229
323 470
1 419
288 449
422 449
21 105
114 296
147 244
174 347
265 465
339 414
399 465
77 414
58 172
89 239
75 341
149 290
223 239
209 341
300 459
341 460
52 357
0 167
38 459
112 408
126 306
165 234
15 475
376 454
68 301
49 59
417 455
31 419
12 177
53 178
144 296
130 398
177 244
204 347
369 414
47 363
28 121
33 465
88 172
107 414
129 173
167 465
179 290
429 465
280 342
5 137
10 481
406 481
82 357
104 116
109 460
142 408
183 409
197 307
255 285
348 476
7 183
45 475
67 234
447 455
172 250
158 352
232 301
259 404
292 352
61 419
42 177
83 178
121 470
162 471
195 419
46 296
151 312
137 414
211 363
159 173
271 414
285 312
250 291
35 137
21 239
95 188
136 189
174 481
227 307
213 409
287 358
39 256
89 373
37 183
75 475
111 132
116 476
171 183
190 425
262 301
322 352
0 301
74 250
93 492
454 471
165 368
113 178
192 471
206 369
225 419
266 420
30 143
16 245
68 435
90 194
150 245
241 363
466 481
125 188
166 189
245 482
317 358
47 497
143 205
160 374
220 425
294 374
27 30
13 132
44 199
118 148
123 492
178 199
197 441
257 492
269 317
255 419
296 420
7 317
48 318
29 76
81 266
122 267
172 384
158 486
199 487
461 487
372 415
4 19
83 312
248 379
234 481
275 482
289 380
22 36
8 138
46 430
60 328
173 205
252 498
250 425
2 323
76 272
62 374
351 477
84 133
153 492
227 441
175 251
328 493
20 148
326 420
37 317
78 318
59 76
111 266
243 385
229 487
377 385
14 333
41 436
96 143
127 210
113 312
228 262
319 380
305 482
11 35
16 379
164 277
439 482
222 447
203 205
282 498
356 447
20 498
414 425
92 374
166 323
240 272
226 374
205 251
317 492
331 390
432 442
17 200
143 339
108 318
182 267
66 92
71 436
219 334
217 261
310 452
29 210
120 328
161 329
194 277
221 380
235 278
6 226
386 447
23 395
97 344
45 154
124 447
270 272
297 375
22 170
8 272
25 441
61 98
173 339
121 149
159 441
200 442
2 457
84 267
189 283
175 385
249 334
290 335
276 437
1 232
340 452
18 401
73 108
78 452
100 211
152 401
212 452
191 329
265 278
251 380
3 278
416 447
94 396
127 344
228 396
176 206
267 324
30 411
52 170
131 463
79 273
112 221
170 391
244 340
304 391
15 288
68 114
54 216
106 406
128 165
147 407
279 334
91 283
108 452
130 211
256 350
283 453
80 124
33 278
107 227
167 278
332 345
392 396
82 170
161 463
109 273
142 221
183 222
235 412
274 340
334 391
12 340
210 355
158 165
237 458
311 407
214 474
195 232
253 402
272 452
286 350
313 453
24 350
65 351
46 109
387 402
115 468
156 469
288 396
389 448
114 243
100 345
174 294
191 463
306 413
325 463
339 361
3 412
39 69
366 464
89 186
42 340
75 288
116 289
176 340
281 356
341 407
19 356
0 114
79 407
165 181
244 474
192 284
68 248
16 58
54 350
95 351
128 299
155 402
260 418
320 469
31 366
72 367
53 125
144 243
245 295
295 412
47 310
28 68
33 412
107 361
181 310
160 187
198 479
220 238
239 480
280 289
5 84
51 429
373 480
49 356
123 305
109 407
183 356
197 254
257 305
274 474
348 423
26 372
7 130
12 474
34 233
67 181
172 197
125 351
158 299
199 300
259 351
23 74
9 176
28 418
83 125
102 367
162 418
234 294
275 295
327 485
60 141
46 243
426 464
25 120
63 412
137 361
151 259
238 413
269 480
385 499
2 136
81 429
141 480
153 305
213 356
287 305
39 203
419 424
37 130
42 474
116 423
176 474
190 372
264 321
281 490
229 300
14 146
0 248
41 249
55 147
93 439
456 491
266 367
357 485
431 434
30 90
16 192
35 434
95 485
131 142
169 434
222 260
208 362
342 362
53 259
433 480
70 428
92 187
185 378
284 357
14 496
47 444
69 203
143 152
129 254
148 496
410 496
108 131
247 475
44 146
49 490
71 249
123 439
145 198
197 388
486 491
236 316
296 367
337 368
48 265
34 367
139 383
125 485
273 383
259 485
6 39
23 208
50 311
124 260
289 327
275 429
349 378
8 85
25 254
99 203
118 445
252 445
200 255
250 372
291 373
351 424
24 29
29 373
62 321
103 322
153 439
194 440
175 198
227 388
6 389
18 214
367 368
78 265
152 214
138 316
212 265
243 332
229 434
270 435
344 384
330 486
55 281
36 39
41 383
94 209
127 157
154 260
206 450
319 327
305 429
30 224
57 327
38 85
117 378
131 276
222 394
282 445
323 446
342 496
15 101
106 219
147 220
133 322
298 389
284 491
358 440
31 45
17 147
36 389
91 96
96 440
110 338
209 317
300 435
333 383
374 384
85 281
33 91
71 383
112 384
186 333
236 450
310 399
10 107
15 451
48 399
101 225
161 276
221 327
312 445
353 446
386 394
64 343
12 153
45 101
50 445
124 394
413 497
177 220
163 322
297 322
22 117
27 461
388 440
25 388
80 287
140 338
200 389
365 456
406 457
43 405
65 164
103 456
63 91
189 230
216 333
276 384
307 451
381 400
40 107
45 451
78 399
100 158
243 466
191 276
292 328
22 467
3 225
383 446
94 343
42 153
168 292
195 395
228 343
443 497
360 462
19 169
52 117
57 461
79 220
93 118
131 410
244 287
230 389
304 338
73 405
54 163
95 164
70 107
108 399
149 400
223 349
283 400
314 467
11 466
52 467
33 225
126 416
148 175
167 225
186 467
198 292
322 328
258 343
10 241
101 359
87 461
128 462
161 410
274 287
26 185
12 287
64 477
34 46
86 236
177 354
125 164
237 405
278 406
311 354
402 472
80 421
28 231
61 179
102 180
140 472
253 349
313 400
65 298
82 467
63 225
156 416
216 467
290 416
288 343
329 344
389 395
81 242
67 344
114 190
232 411
292 462
366 411
3 359
42 287
116 236
135 478
281 303
267 405
0 61
46 406
79 354
93 252
132 180
192 231
343 400
35 247
147 488
95 298
155 349
260 365
320 416
361 417
53 72
89 483
70 241
111 242
144 190
264 484
262 411
336 360
322 462
47 257
0 411
74 360
396 411
165 478
239 427
373 427
32 134
338 406
49 303
164 253
150 355
197 201
241 473
315 422
26 319
12 421
48 78
34 180
53 422
139 196
177 488
199 247
218 489
226 350
317 468
391 417
28 365
451 468
50 124
129 417
162 365
294 484
327 432
27 140
32 484
65 432
44 309
25 67
104 360
118 258
238 360
2 83
7 427
81 376
103 135
141 427
172 494
194 253
306 494
254 304
345 422
18 27
4 129
9 473
56 319
83 422
157 371
248 489
229 247
382 489
41 196
132 314
159 417
192 365
233 366
324 484
398 433
35 381
21 483
57 140
95 432
117 191
134 360
260 499
309 361
20 258
359 478
59 186
92 134
171 427
185 325
212 428
224 253
336 494
284 304
14 443
410 443
36 202
110 151
96 253
148 443
160 268
187 371
261 320
247 422
321 371
30 387
11 145
85 94
71 196
90 438
112 197
150 489
412 489
453 490
263 366
48 212
122 161
87 140
125 432
240 382
226 484
28 499
64 156
50 258
124 207
215 325
242 428
316 377
13 376
407 495
44 443
25 201
66 202
99 150
104 494
118 392
140 151
145 495
178 443
219 444
291 320
2 217
43 218
29 320
351 371
442 489
483 490
120 438
194 387
180 489
254 438
268 336
328 387
18 161
4 263
45 264
97 454
105 315
231 454
210 331
243 279
330 433
22 280
55 228
435 449
154 207
272 428
346 377
131 223
117 325
134 494
175 495
249 444
323 393
309 495
20 392
73 218
59 320
133 269
147 167
207 218
224 387
298 336
325 439
358 387
36 336
17 94
58 95
96 387
110 285
75 264
108 212
127 454
209 264
302 455
300 382
11 279
33 38
112 331
126 229
186 280
203 449
184 207
277 398
337 449
376 377
101 172
87 274
128 275
161 223
202 224
205 495
293 342
353 393
31 342
17 444
50 392
163 269
256 460
355 439
66 336
140 285
181 286
179 213
291 454
332 455
5 60
29 454
43 352
65 111
276 331
6 470
307 398
367 449
45 398
119 347
100 105
105 449
193 296
210 465
158 275
191 223
344 465
22 414
3 172
383 393
61 342
42 100
94 290
195 342
443 444
360 409
420 460
19 116
271 337
362 455
35 60
21 162
59 454
73 352
114 353
155 162
174 404
246 280
36 470
72 127
58 229
77 471
397 449
438 450
149 347
223 296
209 398
264 297
314 414
415 466
47 70
33 172
52 414
74 173
126 363
165 291
239 240
51 189
390 409
128 409
241 286
301 337
427 476
12 234
53 235
86 183
144 353
177 301
204 404
218 302
369 471
47 420
107 471
88 229
129 230
181 420
179 347
253 296
280 399
65 245
13 55
445 466
82 414
104 173
142 465
197 364
257 415
255 342
7 240
81 189
67 291
172 307
158 409
306 307
259 461
6 15
457 476
61 476
9 286
42 234
97 133
116 183
157 184
195 476
248 302
19 250
60 251
151 369
137 471
35 194
95 245
136 246
169 194
134 173
260 312
361 364
347 466
39 313
37 240
111 189
190 482
171 240
212 241
262 358
363 410
0 358
74 307
148 256
127 133
113 235
225 476
239 374
51 323
338 353
30 200
49 250
90 251
164 200
150 302
241 420
315 369
375 420
53 369
139 143
92 297
166 246
278 487
317 415
28 312
69 313
50 71
102 261
129 364
143 262
160 431
220 482
354 482
27 87
32 431
44 256
197 498
145 308
269 374
255 476
310 375
370 426
2 30
48 375
29 133
34 477
67 425
81 323
172 441
194 200
180 302
23 318
4 76
83 369
97 267
105 128
157 318
405 420
248 436
196 246
308 487
22 93
46 487
60 385
99 313
173 262
324 431
2 380
76 329
57 87
62 431
84 190
117 138
136 380
134 307
227 498
384 482
361 498
20 205
326 477
78 375
152 324
138 426
303 493
0 492
36 149
55 391
127 267
113 369
228 319
261 267
319 437
352 385
30 334
16 436
379 488
38 195
131 386
150 436
164 334
263 313
15 211
414 482
455 483
166 380
240 329
226 431
205 308
331 447
391 498
432 499
17 257
50 205
91 206
129 498
108 375
143 396
182 324
256 273
316 324
333 493
407 442
85 391
219 391
167 201
217 318
258 319
318 370
29 267
103 216
409 488
161 386
142 144
194 334
221 437
235 335
18 108
64 453
45 211
97 401
119 160
210 278
196 380
22 227
8 329
421 498
462 499
94 103
99 447
159 498
200 499
214 397
76 463
24 273
98 222
115 391
249 391
1 289
288 319
18 458
59 267
114 166
133 216
152 458
191 386
224 334
251 437
325 386
3 335
36 283
89 109
75 211
94 453
149 160
176 263
209 211
300 329
30 468
52 227
0 37
38 329
126 176
186 227
492 499
203 396
244 397
230 499
277 345
304 448
68 171
54 273
101 119
106 463
147 464
188 273
380 443
12 47
17 391
91 340
144 166
182 458
204 217
47 233
33 335
66 283
107 284
167 335
198 402
5 7
10 351
101 469
82 227
156 176
235 469
274 397
45 345
86 346
119 294
311 464
259 274
22 361
61 289
42 47
121 340
162 341
195 289
286 407
19 63
84 458
151 182
137 284
189 474
211 233
271 284
288 453
40 351
21 109
100 402
114 300
422 453
213 279
339 418
3 469
72 74
89 243
37 53
116 346
190 295
281 413
341 464
19 413
0 171
52 361
74 120
79 464
93 362
165 238
192 341
225 289
266 290
357 408
417 459
128 356
169 357
260 475
293 423
394 475
31 423
70 351
144 300
218 249
295 469
369 418
28 125
181 367
129 177
146 346
220 295
10 485
51 486
371 464
49 413
82 361
104 120
109 464
123 362
183 413
257 362
26 429
7 187
86 480
67 238
122 137
447 459
172 254
125 408
158 356
199 357
273 306
424 475
102 424
135 372
248 249
234 351
275 352
5 491
60 198
46 300
63 469
137 418
211 367
159 177
252 368
250 295
2 193
81 486
136 193
153 362
287 362
328 363
378 480
419 481
56 429
37 187
116 480
190 429
138 239
264 378
243 255
229 357
303 306
0 305
41 306
55 204
454 475
132 424
266 424
431 491
30 147
35 491
90 198
117 301
150 249
208 419
241 367
282 368
342 419
15 24
20 368
53 316
70 485
106 142
144 434
185 435
245 486
226 244
358 363
69 260
17 70
143 209
449 481
160 378
220 429
261 430
294 378
321 481
335 379
32 378
385 496
44 203
85 204
71 306
123 496
145 255
197 445
236 373
370 373
122 271
461 491
139 440
120 198
161 199
199 491
221 250
273 440
312 368
23 265
9 367
50 368
97 214
372 419
215 435
349 435
27 384
8 142
25 311
173 209
159 311
200 312
291 430
324 378
351 481
365 379
24 86
62 378
84 137
136 327
425 430
194 497
175 255
227 445
268 446
328 497
6 446
39 394
18 271
59 80
138 373
152 271
212 322
243 389
229 491
303 440
344 441
377 389
55 338
41 440
94 266
113 316
168 215
319 384
16 383
439 486
203 209
230 312
356 451
106 276
54 86
166 327
207 328
205 255
298 446
358 497
432 446
31 102
17 204
36 446
69 394
91 153
110 395
182 271
209 374
242 322
283 323
333 440
33 148
66 96
71 440
112 441
145 389
186 390
184 317
198 215
219 338
258 266
10 164
48 456
87 384
161 333
386 451
64 400
45 158
124 451
163 379
237 328
25 445
61 102
66 446
140 395
214 344
272 322
313 323
43 462
98 169
84 271
404 441
115 338
189 287
175 389
249 338
464 492
276 441
1 236
381 457
18 405
40 164
119 457
100 215
152 405
193 406
191 333
265 282
292 385
55 472
325 333
77 231
416 451
94 400
75 158
116 159
154 451
168 349
176 210
195 452
228 400
19 226
52 174
79 277
131 467
170 395
230 446
304 395
68 118
54 220
169 170
155 272
207 462
205 389
246 390
320 339
17 338
58 339
70 164
283 457
322 385
167 282
198 349
146 159
101 416
49 226
82 174
109 277
123 175
161 467
274 344
26 242
12 344
375 396
34 103
237 462
278 463
311 411
80 478
61 236
88 339
253 406
327 355
313 457
5 304
387 406
65 355
46 113
63 282
137 231
156 473
255 452
288 400
2 6
100 349
141 350
213 226
306 417
3 416
39 73
42 344
190 242
176 344
281 360
267 462
341 411
382 412
14 16
0 118
19 360
41 119
79 411
132 237
165 185
192 288
285 479
343 457
68 252
95 355
155 406
260 422
208 232
320 473
72 371
70 298
144 247
130 349
171 350
245 299
47 314
0 468
69 73
148 366
396 468
239 484
280 293
373 484
51 433
338 463
371 411
49 360
123 309
71 119
109 411
164 310
183 360
315 479
53 479
34 237
86 427
199 304
226 407
259 355
364 371
23 78
28 422
50 181
83 129
88 473
102 371
327 489
275 299
27 197
13 299
65 489
426 468
25 124
63 416
104 417
118 315
151 263
178 366
269 484
403 484
7 484
81 433
444 485
103 192
136 140
153 309
227 258
254 361
6 259
345 479
419 428
18 84
42 478
78 135
83 479
97 377
157 428
229 304
19 494
55 151
60 495
330 356
421 474
113 129
159 474
192 422
206 320
233 423
266 371
398 490
35 438
57 197
95 489
131 146
136 490
169 438
222 264
208 366
282 315
309 418
342 366
20 315
433 484
37 484
111 433
185 382
171 484
212 485
245 433
224 310
284 361
110 208
160 325
108 135
113 479
146 427
247 479
321 428
352 495
30 444
11 202
49 494
71 253
85 151
90 495
145 202
186 203
236 320
263 423
337 372
48 269
428 490
125 489
166 490
199 438
240 439
50 315
163 192
242 485
289 331
27 331
8 89
118 449
66 259
99 207
140 208
200 259
252 449
217 428
291 377
43 275
24 33
392 429
115 151
254 495
328 444
1 49
307 321
18 218
4 320
367 372
119 270
193 219
210 388
196 490
270 439
344 388
3 95
154 264
319 331
272 485
305 433
346 434
19 39
131 280
84 434
117 382
222 398
170 208
230 259
323 450
73 275
59 377
147 224
207 275
422 429
224 444
325 496
36 393
110 342
96 444
108 269
182 218
209 321
314 337
374 388
11 336
52 337
33 95
38 439
126 286
434 439
184 264
277 455
101 229
202 281
188 383
293 399
353 450
26 55
12 157
50 449
86 106
177 224
388 444
80 291
429 445
88 152
167 445
214 291
179 270
406 461
5 117
103 460
82 337
63 95
115 285
156 286
307 455
255 265
40 111
45 455
100 162
119 404
193 353
158 332
232 281
22 471
94 347
42 157
135 348
168 296
93 122
98 466
170 342
211 343
230 393
244 291
271 394
285 292
35 117
21 219
73 409
133 460
147 358
155 219
72 184
58 286
89 353
149 404
283 404
314 471
262 281
322 332
47 127
0 281
33 229
52 471
74 230
239 297
225 399
299 348
51 246
68 415
109 224
150 225
274 291
53 292
34 50
86 240
177 358
218 359
204 461
80 425
28 235
102 184
181 477
253 353
313 404
5 251
65 302
13 112
82 471
63 229
104 230
118 128
178 179
197 421
216 471
255 399
329 348
172 364
158 466
232 415
180 225
292 466
306 364
56 189
135 482
83 292
157 241
248 359
234 461
308 410
368 461
60 308
46 410
473 477
132 184
211 477
285 426
324 354
384 405
136 303
169 251
134 230
246 471
260 369
287 472
39 370
20 128
72 318
89 487
37 297
111 246
171 297
264 488
336 364
14 313
0 415
36 72
74 364
96 123
239 431
299 482
247 292
338 410
11 15
16 359
49 307
90 308
150 359
164 257
375 477
48 82
34 184
53 426
139 200
166 303
226 354
331 370
317 472
69 370
50 128
102 318
129 421
143 319
160 488
451 472
201 297
27 144
13 246
393 467
25 71
66 72
178 313
219 314
269 431
217 241
310 432
2 87
7 431
81 380
103 139
122 381
172 498
120 308
180 359
6 206
405 477
9 477
78 82
83 426
97 324
105 185
196 303
229 251
22 150
55 98
60 442
99 370
173 319
159 421
272 298
2 437
35 385
57 144
62 488
84 247
117 195
458 488
208 313
249 314
309 365
20 262
340 432
400 483
73 88
59 190
133 139
138 483
152 381
212 432
224 257
243 499
284 308
14 447
377 499
110 155
127 324
113 426
187 375
476 478
247 426
352 442
11 149
52 150
85 98
90 442
150 493
453 494
203 319
263 370
428 437
92 488
166 437
226 488
279 314
17 314
50 262
91 263
143 453
430 483
256 330
316 381
407 499
44 447
80 104
66 206
85 448
145 499
200 206
219 448
217 375
258 376
29 324
103 273
423 443
483 494
82 150
120 442
142 201
180 493
194 391
235 392
268 340
97 458
45 268
105 319
270 386
311 387
330 437
8 386
94 160
135 161
121 263
286 330
272 432
346 381
24 330
84 381
323 397
309 499
288 376
73 222
21 32
59 324
133 273
147 171
174 274
191 443
224 391
251 494
36 340
89 166
127 458
149 217
300 386
341 387
52 284
0 94
33 42
112 335
126 233
186 284
203 453
244 454
277 402
401 438
10 58
51 59
376 381
54 330
188 330
205 499
293 346
353 397
31 346
12 104
17 448
53 105
163 273
256 464
295 392
80 238
28 48
33 392
66 340
88 99
167 392
181 290
198 459
406 408
371 387
82 284
142 335
257 285
45 402
86 403
119 351
61 346
42 104
83 105
135 295
286 464
234 274
327 465
360 413
24 464
60 121
46 223
63 392
151 239
271 341
362 459
114 357
100 459
174 408
155 166
213 336
246 284
339 475
39 183
72 131
89 300
37 110
75 402
116 403
264 301
438 454
415 470
14 126
0 228
19 470
52 418
93 419
165 295
239 244
51 193
357 465
68 362
16 172
49 120
54 464
90 121
128 413
169 414
293 480
241 290
70 408
144 357
204 408
369 475
410 476
47 424
28 182
69 183
102 131
107 475
181 424
146 403
179 351
5 198
32 301
13 59
445 470
44 126
49 470
104 177
123 419
197 368
257 419
255 346
296 347
26 486
7 244
81 193
34 347
67 295
122 194
120 121
199 414
232 362
259 465
273 363
6 19
9 290
83 239
102 481
135 429
157 188
349 358
8 65
46 357
440 476
137 475
159 234
252 425
285 373
250 352
2 250
35 198
62 301
76 199
114 491
136 250
227 368
213 470
287 419
361 368
20 75
452 486
37 244
111 193
152 194
138 296
190 486
212 245
264 435
229 414
262 362
303 363
363 414
55 261
206 430
187 188
266 481
338 357
30 204
16 306
68 496
38 65
90 255
117 358
164 204
241 424
315 373
356 374
342 476
15 81
218 440
226 301
358 420
69 317
50 75
129 368
143 266
418 471
182 194
242 245
335 436
27 91
44 260
85 261
71 363
145 312
219 261
236 430
310 379
296 481
370 430
48 379
34 481
120 255
194 204
273 497
345 373
23 322
4 80
9 424
50 425
83 373
372 476
196 250
349 492
388 420
25 368
99 317
250 486
324 435
365 436
2 384
76 333
24 143
425 487
115 261
175 312
1 159
39 451
340 379
18 328
78 379
59 137
460 481
303 497
344 498
377 446
55 395
3 205
36 153
77 154
75 81
113 373
154 374
168 272
228 323
30 338
379 492
52 97
112 148
117 492
230 369
15 215
395 436
106 333
54 143
92 435
133 436
166 384
207 385
455 487
205 312
17 261
91 210
110 452
182 328
130 138
333 497
407 446
11 446
33 205
66 153
219 395
167 205
198 272
184 374
258 323
318 374
10 221
43 169
101 339
82 97
87 441
235 339
221 441
64 457
86 216
210 282
196 384
237 385
311 334
297 436
402 452
99 451
121 210
214 401
84 328
115 395
189 344
175 446
249 395
1 293
288 323
18 462
40 221
114 170
100 272
174 221
191 390
265 339
325 390
366 391
89 113
75 215
116 216
149 164
168 406
228 457
281 283
0 41
38 333
244 401
304 452
68 175
54 277
128 226
147 468
155 329
169 227
205 446
279 395
320 396
380 447
72 294
58 396
91 344
70 221
144 170
130 272
182 462
355 390
47 237
107 288
181 237
198 406
146 216
299 458
332 406
10 355
373 407
49 283
82 231
348 350
26 299
7 57
12 401
86 350
177 468
158 226
199 227
259 278
350 396
61 293
9 103
135 242
162 345
253 463
327 412
24 411
60 68
46 170
151 186
238 340
403 407
2 63
40 355
62 114
100 406
114 304
213 283
306 474
3 473
39 130
56 299
37 57
42 401
116 350
176 401
190 299
405 453
382 469
93 366
41 176
74 124
79 468
132 294
165 242
192 345
206 243
266 294
16 119
95 412
458 464
117 171
72 428
53 186
359 458
70 355
144 304
185 305
218 253
336 474
410 423
47 371
470 474
69 130
74 474
129 181
220 299
321 351
32 248
371 468
412 469
44 73
49 417
71 176
123 366
183 417
348 484
34 294
447 463
139 310
364 428
424 479
28 479
9 237
50 238
83 186
102 428
124 187
162 479
215 305
248 253
275 356
5 495
27 254
8 12
13 356
25 181
99 130
104 474
151 320
159 181
178 423
238 474
252 372
2 197
76 146
62 248
136 197
442 469
227 315
180 469
268 316
328 367
419 485
56 433
4 243
37 191
78 192
116 484
138 243
231 434
303 310
330 413
55 208
132 428
113 186
192 479
206 377
30 151
131 203
117 305
134 474
208 423
282 372
15 28
111 490
92 248
133 249
185 439
245 490
298 316
358 367
36 316
69 264
96 367
110 265
143 213
108 192
449 485
261 434
335 383
321 485
11 259
145 259
236 377
184 187
263 480
296 428
310 326
10 34
48 326
122 275
139 444
199 495
240 496
221 254
312 372
23 269
64 270
50 372
124 321
372 423
413 424
275 490
316 491
22 44
8 146
27 388
200 316
217 485
291 434
351 485
43 332
24 90
103 383
425 434
175 259
268 450
1 106
6 450
307 378
18 275
4 377
78 326
105 429
138 377
191 203
229 495
270 496
344 445
22 394
3 152
41 444
55 342
77 101
94 270
168 219
319 388
346 491
379 439
57 388
38 146
79 147
117 439
131 337
420 440
54 90
59 434
147 281
205 259
31 106
36 450
58 209
91 157
108 326
182 275
223 276
209 378
283 327
47 50
33 152
38 496
71 444
184 321
258 270
409 439
101 286
49 96
161 337
109 147
188 440
202 338
235 286
293 456
427 456
26 112
86 163
297 383
80 348
61 106
102 107
88 209
140 399
200 450
214 348
179 327
43 466
24 224
65 225
404 445
464 496
63 152
142 445
216 394
290 343
18 409
40 168
114 117
193 410
232 338
265 286
77 235
94 404
135 405
116 163
195 456
176 214
267 332
19 230
93 179
79 281
368 384
170 399
244 348
230 450
271 451
285 349
35 174
21 276
54 224
95 225
147 415
155 276
169 174
260 292
347 446
72 241
380 394
149 461
171 220
262 338
322 389
47 184
33 286
74 287
107 235
126 477
146 163
225 456
239 354
299 405
10 302
32 61
101 420
123 179
274 348
301 451
26 246
34 107
177 415
125 225
80 482
9 50
102 241
179 461
253 410
201 220
313 461
327 359
354 462
27 67
65 359
118 185
104 287
178 236
238 287
255 456
329 405
172 421
366 472
39 77
345 349
56 246
4 56
42 348
116 297
190 246
231 247
248 416
281 364
308 467
19 364
60 365
46 467
93 313
132 241
192 292
233 293
357 359
16 66
57 67
95 359
136 360
260 426
208 236
361 478
39 427
20 185
58 477
72 375
37 354
70 302
111 303
171 354
245 303
359 405
336 421
396 472
437 473
69 77
74 421
113 349
187 298
239 488
51 437
338 467
11 72
49 364
71 123
150 416
164 314
315 483
263 293
48 139
414 462
139 257
125 359
199 308
240 309
226 411
331 427
391 478
64 83
69 427
88 477
143 376
201 354
407 422
426 472
25 128
118 319
178 370
219 371
252 319
217 298
444 489
76 93
29 247
81 437
141 488
254 365
6 263
419 432
97 381
83 483
157 432
105 242
138 190
231 381
479 483
270 309
330 360
55 155
8 309
41 257
421 478
99 427
132 375
173 376
398 494
76 443
136 494
249 371
20 319
474 489
73 145
59 247
111 437
152 438
185 386
212 489
224 314
17 21
96 314
110 212
127 381
108 139
113 483
187 432
247 483
352 499
300 309
30 448
11 206
90 499
71 257
112 258
126 156
164 448
277 325
263 427
15 325
428 494
106 443
166 494
240 443
188 253
279 371
12 27
91 320
124 268
215 386
163 196
256 387
27 335
118 453
200 263
217 432
291 381
332 382
43 279
24 37
392 433
82 207
120 499
142 258
194 448
268 397
6 397
307 325
367 376
4 324
45 325
105 376
193 223
210 392
196 494
270 443
3 99
8 443
135 218
346 438
24 387
57 335
79 94
98 336
189 454
170 212
1 403
362 382
73 279
59 381
422 433
174 331
207 279
448 467
224 448
265 449
399 449
36 397
77 398
58 156
89 223
75 325
149 274
209 325
314 341
300 443
33 99
38 443
74 100
126 290
186 341
165 218
184 268
225 269
277 459
10 115
15 459
51 116
376 438
68 285
54 387
87 335
101 233
188 387
86 110
130 382
163 330
218 229
237 279
278 280
369 398
80 295
33 449
66 397
88 156
107 398
167 449
181 347
179 274
429 449
280 326
5 121
10 465
43 413
406 465
82 341
156 290
142 392
216 341
348 460
40 115
45 459
67 218
86 460
119 408
193 357
232 285
292 336
22 475
368 483
383 454
61 403
42 161
135 352
360 470
60 178
93 126
98 470
63 449
137 398
211 347
436 465
40 465
73 413
95 172
114 414
155 223
174 465
213 393
246 341
287 342
72 188
378 460
37 167
70 115
75 459
116 460
190 409
314 475
14 183
0 285
52 475
74 234
225 403
266 404
299 352
51 250
431 471
68 419
90 178
123 126
150 229
169 471
241 347
26 193
53 296
70 465
204 465
47 481
102 188
129 291
146 460
385 476
44 183
82 475
104 234
118 132
178 183
197 425
257 476
269 301
255 403
296 404
7 301
29 60
67 352
141 301
172 368
158 470
232 419
273 420
461 471
6 76
23 245
9 347
97 194
135 486
248 363
349 415
41 70
46 414
473 481
132 188
173 189
159 291
211 481
233 240
285 430
250 409
35 255
21 357
76 256
136 307
384 409
134 234
227 425
287 476
20 132
37 301
59 60
152 251
185 199
229 471
363 471
0 419
74 368
96 127
165 486
206 487
187 245
247 296
11 19
90 312
38 122
150 363
241 481
282 482
315 430
356 431
15 138
139 204
166 307
240 256
317 476
69 374
143 323
91 133
129 425
182 251
294 492
27 148
32 492
333 420
393 471
85 318
71 420
104 368
118 266
145 369
219 318
236 487
217 245
310 436
370 487
7 435
48 436
29 194
103 143
120 312
194 261
180 363
221 364
254 312
6 210
345 430
386 431
18 35
23 379
83 430
97 328
105 189
124 431
157 379
248 497
196 307
446 482
27 498
60 446
421 425
25 425
159 425
233 374
365 493
76 390
57 148
62 492
115 318
175 369
309 369
1 216
340 436
400 487
4 487
37 435
59 194
73 92
78 436
152 385
212 436
224 261
251 364
36 210
416 431
127 328
75 138
154 431
168 329
187 379
228 380
302 329
319 498
476 482
30 395
453 498
52 154
57 498
131 447
203 323
230 426
263 374
395 493
87 148
92 492
128 149
133 493
166 441
205 369
279 318
17 318
91 267
143 457
430 487
108 436
182 385
256 334
242 436
80 108
66 210
107 211
198 329
184 431
258 380
10 278
43 226
101 396
120 446
161 447
483 498
221 498
45 272
119 221
105 323
210 339
163 493
237 442
22 288
61 216
135 165
121 267
195 216
214 458
286 334
272 436
346 385
24 334
98 283
84 385
137 211
249 452
290 453
1 350
288 380
21 36
100 329
114 227
191 447
265 396
251 498
325 447
339 345
3 396
77 345
366 448
89 170
168 463
149 221
176 324
302 463
267 442
52 288
93 289
79 391
126 237
401 442
244 458
51 63
343 437
128 283
155 386
293 350
279 452
320 453
31 350
17 452
144 227
130 329
204 278
295 396
396 448
28 52
33 396
88 103
107 345
181 294
146 273
179 221
332 463
373 464
5 68
10 412
32 171
371 391
82 288
197 238
183 340
257 289
26 356
408 458
86 407
199 284
61 350
9 160
135 299
162 402
24 468
60 125
46 227
65 469
63 396
137 345
211 294
238 397
271 345
35 68
40 412
62 171
100 463
141 464
227 238
213 340
287 289
77 479
378 407
56 356
37 114
42 458
89 304
116 407
138 166
264 305
281 474
438 458
415 474
19 474
0 232
41 233
93 423
132 351
165 299
192 402
266 351
357 469
30 74
54 468
68 366
95 469
241 294
301 345
72 485
53 243
70 412
144 361
92 171
171 464
218 310
245 413
410 480
47 428
129 238
146 407
247 459
280 407
321 408
354 356
385 423
44 130
123 423
104 181
145 182
197 372
296 351
48 249
34 351
139 367
125 469
273 367
259 469
6 23
364 485
9 294
97 141
124 244
157 192
248 310
234 412
349 362
27 311
13 413
99 187
137 479
159 238
178 480
252 429
250 356
2 254
76 203
62 305
136 254
351 408
153 423
134 181
227 372
254 475
268 373
287 423
1 29
39 321
326 351
56 490
4 300
37 248
78 249
138 300
152 198
212 249
243 316
229 418
303 367
330 470
55 265
41 367
363 418
113 243
187 192
206 434
266 485
305 413
30 208
57 311
38 69
131 260
208 480
282 429
356 378
185 496
207 255
284 475
358 424
69 321
17 131
110 322
143 270
418 475
108 249
182 198
220 490
242 249
333 367
71 367
145 316
219 265
236 434
184 244
296 485
310 383
337 486
10 91
34 485
48 383
411 435
161 260
221 311
312 429
372 480
64 327
50 429
124 378
105 136
413 481
196 254
237 255
289 445
349 496
22 101
27 445
388 424
99 321
140 322
173 270
200 373
214 271
291 491
365 440
43 389
24 147
29 491
76 337
84 198
103 440
115 265
175 316
189 214
425 491
276 368
1 163
340 383
18 332
4 434
105 486
138 434
193 333
55 399
94 327
75 85
154 378
228 327
443 481
379 496
420 497
57 445
93 102
79 204
131 394
203 270
244 271
230 373
304 322
106 337
54 147
133 440
147 338
31 163
110 456
58 266
91 214
397 486
70 91
130 142
209 435
223 333
256 281
283 384
314 451
11 450
47 107
85 399
107 158
186 451
167 209
448 451
198 276
184 378
299 328
318 378
10 225
101 343
82 101
87 445
109 204
161 394
235 343
450 497
26 169
12 271
86 220
485 491
177 338
163 440
61 163
121 214
162 215
214 405
179 384
253 333
313 384
24 281
115 399
137 158
288 327
18 466
40 225
114 174
141 277
480 497
191 394
232 395
265 343
292 446
3 343
77 292
89 117
94 461
116 220
168 410
176 271
281 287
267 389
19 287
93 236
79 338
368 441
170 456
285 406
343 384
68 179
54 281
147 472
169 231
155 333
260 349
246 451
320 400
380 451
53 56
58 400
89 467
70 225
130 276
223 467
262 395
295 343
322 446
47 241
74 344
107 292
198 410
146 220
299 462
373 411
51 360
49 287
183 287
274 405
315 406
334 456
348 354
48 62
34 164
86 354
177 472
125 282
218 473
259 282
350 400
88 400
162 349
327 416
5 365
387 467
60 72
65 416
27 124
13 226
25 51
46 174
63 343
104 344
137 292
151 190
178 293
238 344
269 411
329 462
2 67
62 118
67 462
141 411
213 287
254 288
306 478
39 134
345 406
56 303
37 61
157 355
190 303
248 473
229 231
14 77
19 421
55 78
60 422
192 349
357 416
398 417
21 467
95 416
169 365
155 467
458 468
134 344
208 293
260 483
72 432
359 462
37 411
111 360
92 118
185 309
245 360
69 134
110 135
160 252
187 355
220 303
247 406
261 304
321 355
32 252
49 421
90 422
71 180
123 370
150 473
164 371
236 247
296 298
26 437
48 196
87 124
199 365
273 314
226 468
331 484
364 432
23 139
64 140
50 242
124 191
143 433
465 484
215 309
27 258
13 360
44 427
25 185
99 134
104 478
118 376
252 376
250 303
43 202
120 422
194 371
268 320
254 422
328 371
18 145
4 247
23 489
78 196
138 247
157 489
231 438
229 365
303 314
55 212
8 366
41 314
94 140
233 484
35 499
131 207
134 478
208 427
282 376
309 479
15 32
20 376
73 202
106 150
111 494
133 253
185 443
224 371
298 320
358 371
36 320
17 78
96 371
110 269
418 422
108 196
187 489
261 438
209 248
302 439
321 489
335 387
300 366
85 212
38 366
112 315
126 213
186 264
203 433
184 191
236 381
263 484
337 433
10 38
15 382
139 448
87 258
161 207
188 310
279 428
312 376
353 377
64 274
12 84
50 376
124 325
182 495
215 443
256 444
289 392
316 495
13 494
80 218
66 320
214 218
200 320
291 438
332 439
351 489
43 336
365 387
103 387
392 490
115 212
142 315
216 264
268 454
276 315
6 454
307 382
18 279
4 381
45 382
119 331
105 433
193 280
367 433
210 449
344 449
3 156
77 105
42 84
121 377
168 223
195 326
286 444
420 444
57 392
79 151
170 269
230 320
271 321
362 439
73 336
21 146
59 438
147 285
174 388
422 490
246 264
31 110
36 454
110 403
75 382
209 382
283 331
314 398
374 449
415 450
47 54
52 398
74 157
112 449
186 398
198 223
51 173
390 393
376 495
101 290
54 444
87 392
202 342
188 444
293 460
301 321
31 460
12 218
86 167
177 285
163 387
204 388
278 337
369 455
80 352
28 162
66 454
88 213
102 111
107 455
253 280
5 178
82 398
63 156
142 449
156 347
216 398
257 399
290 347
381 465
7 224
67 275
172 291
158 393
232 342
292 393
457 460
56 116
42 218
61 460
157 168
195 460
267 336
308 337
19 234
60 235
46 337
368 388
137 455
170 403
211 404
285 353
35 178
114 471
134 157
246 398
260 296
287 399
20 55
58 347
452 466
37 224
149 465
171 224
264 415
262 342
322 393
14 240
126 481
74 291
239 358
299 409
32 65
49 234
90 235
164 184
26 250
375 404
144 471
125 229
218 420
278 471
317 399
28 296
102 245
88 347
129 348
179 465
201 224
294 415
354 466
27 71
13 173
32 415
44 240
65 363
104 291
156 481
178 240
238 291
393 394
269 358
329 409
370 410
7 358
81 307
29 117
67 409
141 358
172 425
120 235
153 183
180 286
273 477
306 425
345 353
23 302
4 60
56 250
83 353
157 302
248 420
349 472
60 369
41 127
46 471
132 245
173 246
285 487
233 297
250 466
35 312
384 466
62 415
227 482
361 482
326 461
400 410
111 307
185 256
171 358
212 359
460 461
262 476
303 477
0 476
36 133
41 477
74 425
437 477
239 492
247 353
352 369
338 471
30 318
11 76
16 420
71 127
150 420
164 318
379 472
203 246
263 297
15 195
53 487
92 415
166 364
240 313
226 415
331 431
391 482
432 483
50 189
129 482
143 380
201 358
242 359
256 257
333 477
407 426
44 374
25 132
66 133
467 477
219 375
269 492
310 493
7 492
318 354
29 251
103 200
122 442
409 472
120 369
194 318
444 493
221 421
254 369
6 267
386 488
18 92
4 194
83 487
119 144
462 483
99 431
173 380
233 431
272 359
398 498
76 447
57 205
131 154
84 308
136 498
175 426
249 375
323 324
309 426
37 492
73 149
59 251
78 493
133 200
152 442
224 318
284 369
36 267
77 268
110 216
416 488
89 93
113 487
127 385
187 436
302 386
30 452
52 211
112 262
203 380
277 329
304 432
337 380
15 329
469 499
101 103
54 257
87 205
106 447
128 206
166 498
207 499
279 375
375 426
31 273
12 31
91 324
163 200
242 493
256 391
316 442
355 370
66 267
107 268
140 216
167 319
181 217
217 436
258 437
332 386
318 488
10 335
29 385
392 437
82 211
142 262
235 453
307 329
334 432
367 380
45 329
119 278
67 88
105 380
193 227
210 396
237 499
270 447
311 448
22 345
8 447
61 273
121 324
195 273
286 391
387 443
24 391
46 150
79 98
211 217
323 458
1 407
288 437
362 386
40 335
21 93
59 385
73 283
100 386
114 284
265 453
399 453
77 402
58 160
89 227
149 278
223 227
176 381
281 397
267 499
300 447
314 345
14 53
0 155
38 447
74 104
79 448
126 294
165 222
341 448
15 463
51 120
343 494
417 443
128 340
202 289
155 443
188 391
293 407
353 458
394 459
26 63
12 165
31 407
91 458
70 335
144 284
130 386
204 335
218 233
295 453
369 402
47 351
28 109
33 453
107 402
129 161
429 453
179 278
220 279
280 330
5 125
10 469
32 228
82 345
123 346
109 448
156 294
197 295
257 346
255 273
348 464
81 120
67 222
86 464
172 238
232 289
273 290
259 392
364 408
383 458
424 459
61 407
9 217
42 165
135 356
234 335
60 182
46 284
151 300
159 161
271 402
285 300
250 279
40 469
21 227
62 228
114 418
136 177
153 346
227 295
213 397
287 346
347 397
39 244
378 464
56 413
37 171
89 361
111 120
116 464
138 223
264 362
262 289
0 289
454 459
113 166
192 459
206 357
266 408
51 254
431 475
30 131
90 182
169 475
150 233
241 351
301 402
70 469
144 418
125 176
166 177
218 367
226 228
245 470
317 346
28 243
143 193
146 464
220 413
294 362
321 465
32 362
13 120
118 136
71 290
123 480
178 187
197 429
257 480
269 305
296 408
7 305
48 306
461 475
139 424
120 182
172 372
180 233
199 475
221 234
273 424
6 80
23 249
4 7
83 300
97 198
248 367
234 469
349 419
60 316
22 24
8 126
27 368
46 418
99 244
173 193
159 295
233 244
250 413
2 311
76 260
384 413
84 121
153 480
39 378
326 408
78 306
59 64
138 357
212 306
303 424
14 321
55 322
363 475
96 131
127 198
113 300
154 301
187 249
206 491
228 250
319 368
305 470
11 23
16 367
38 126
57 368
90 316
131 317
282 486
15 142
106 260
92 362
207 312
226 362
240 260
331 378
317 480
358 481
31 86
143 327
96 481
129 429
160 496
182 255
242 306
335 497
333 424
11 373
85 322
66 80
71 424
145 373
219 322
393 475
236 491
184 301
217 249
310 440
370 491
43 96
29 198
48 440
122 389
409 419
87 368
120 316
161 317
23 383
9 485
50 486
446 486
105 193
196 311
237 312
297 363
8 260
388 481
25 429
61 86
99 378
121 137
140 379
173 327
214 328
272 306
2 445
43 446
24 204
62 496
76 394
365 497
115 322
464 476
175 373
276 425
1 220
340 440
381 441
18 389
4 491
73 96
59 198
78 440
100 199
152 389
400 491
191 317
441 492
55 456
3 266
416 435
94 384
75 142
154 435
168 333
176 194
476 486
267 312
52 158
38 260
79 261
112 209
203 327
244 328
230 430
304 379
395 497
68 102
54 204
73 446
128 153
133 497
147 395
188 204
207 446
31 220
91 271
430 491
471 492
70 148
108 440
256 338
80 112
126 457
167 266
332 333
318 435
32 41
423 451
82 158
123 159
142 209
161 451
183 210
274 328
334 379
26 226
86 277
297 497
61 220
9 30
88 323
121 271
135 169
162 272
214 462
387 390
65 339
63 266
137 215
290 457
238 267
1 354
288 384
40 282
21 40
141 334
174 282
191 451
265 400
339 349
366 452
56 226
168 467
116 277
190 226
176 328
281 344
19 344
0 102
79 395
368 498
401 446
165 169
244 462
192 272
68 236
21 390
54 338
95 339
169 288
394 406
72 355
53 113
130 333
171 334
204 282
47 298
28 56
74 401
107 349
181 298
396 452
160 175
146 277
373 468
10 416
123 293
109 395
183 344
197 242
257 293
26 360
7 118
12 462
139 237
125 339
199 288
259 339
350 457
28 406
9 164
61 354
102 355
162 406
234 282
65 473
13 283
46 231
25 108
63 400
252 299
238 401
269 468
403 468
2 124
40 416
81 417
114 365
153 293
227 242
213 344
254 345
39 191
56 360
37 118
42 462
78 119
116 411
157 412
281 478
19 478
60 479
456 479
357 473
30 78
16 180
90 129
95 473
117 232
169 422
222 248
208 350
282 299
72 489
20 299
70 416
111 417
92 175
245 417
284 345
14 484
410 484
69 191
96 294
129 242
160 309
146 411
187 412
261 361
247 463
32 309
385 427
49 478
71 237
164 428
236 304
296 355
34 355
122 202
125 473
199 422
240 423
364 489
23 196
64 197
143 490
124 248
215 366
201 468
275 417
289 315
349 366
27 315
13 417
44 484
25 242
99 191
118 433
140 192
178 484
481 485
217 412
250 360
291 361
2 258
351 412
29 361
115 135
120 479
153 427
254 479
268 377
328 428
6 377
18 202
4 304
56 494
78 253
152 202
193 203
212 253
229 422
270 423
303 371
330 474
344 372
3 79
41 371
127 145
132 489
154 248
173 490
305 417
30 212
117 366
170 192
208 484
356 382
20 433
73 259
59 361
106 207
133 310
147 208
207 259
298 377
284 479
358 428
17 135
96 428
261 495
209 305
242 253
126 270
112 372
145 320
186 321
236 438
184 248
337 490
411 439
10 95
15 439
48 387
101 213
87 315
188 367
64 331
12 141
50 433
177 208
163 310
237 259
289 449
297 310
80 275
66 377
214 275
200 377
365 444
406 445
43 393
24 151
29 495
65 152
98 100
103 444
115 269
156 270
189 218
276 372
1 167
307 439
381 388
18 336
367 490
40 95
191 264
251 315
292 316
22 455
77 162
383 434
94 331
75 89
154 382
168 280
195 383
443 485
319 449
360 450
93 106
79 208
131 398
170 326
230 377
271 378
304 326
54 151
95 152
147 342
155 203
174 445
207 393
246 321
31 167
110 460
58 270
89 337
70 95
130 146
223 337
283 388
448 455
47 111
52 455
107 162
126 404
148 163
186 455
198 280
184 382
390 450
101 347
49 157
87 449
109 208
202 399
274 275
301 378
26 173
12 275
64 465
86 224
177 342
125 152
204 445
237 393
278 394
402 460
28 219
102 168
88 270
140 460
214 409
354 389
13 96
82 455
156 404
257 456
255 383
40 229
81 230
67 332
114 178
172 348
158 450
306 348
292 450
135 466
116 224
176 275
281 291
234 445
267 393
308 394
19 291
93 240
41 50
46 394
79 342
368 445
132 168
170 460
192 219
211 461
343 388
21 337
147 476
155 337
134 214
287 456
320 404
361 405
72 302
20 112
70 229
111 230
223 471
262 399
336 348
322 450
47 245
146 224
187 225
239 415
247 276
299 466
32 122
338 394
49 291
123 240
109 342
315 410
26 307
12 409
48 66
34 168
53 410
375 461
125 286
199 235
218 477
226 338
259 286
391 405
88 404
129 405
162 353
253 471
201 281
5 369
65 420
27 128
13 230
32 472
44 297
118 246
238 348
269 415
217 225
329 466
370 467
2 71
7 415
29 174
62 122
67 466
120 292
194 241
306 482
254 292
345 410
56 307
4 117
9 461
42 409
83 410
157 359
231 308
248 477
405 461
382 477
55 82
132 302
206 251
159 405
233 354
324 472
398 421
35 369
21 471
136 421
309 349
39 488
400 467
111 364
59 174
185 313
212 416
245 364
224 241
336 482
14 431
36 190
74 482
96 241
127 308
160 256
187 359
261 308
321 359
51 498
30 375
11 133
16 477
150 477
263 354
15 252
48 200
106 370
92 472
226 472
331 488
28 487
64 144
50 246
69 488
124 195
430 467
465 488
215 313
201 415
242 416
275 364
316 365
13 364
407 483
118 380
66 190
178 431
219 432
217 359
291 308
318 411
81 498
122 499
103 257
442 477
120 426
142 185
180 477
328 375
6 324
419 493
18 149
23 493
78 200
119 201
105 303
157 493
231 442
210 319
196 421
270 370
3 26
8 370
99 488
173 437
154 195
195 196
286 314
346 365
57 262
98 263
84 365
134 482
175 483
208 431
249 432
309 483
73 206
111 498
147 155
152 499
224 375
298 324
251 478
284 426
325 427
36 324
17 82
58 83
96 375
127 442
75 252
149 201
187 493
209 252
228 494
261 442
302 443
52 268
38 370
112 319
126 217
203 437
184 195
263 488
304 489
337 437
10 42
101 160
87 262
161 211
202 212
205 483
293 330
31 330
256 448
140 273
167 376
179 201
217 493
258 494
392 494
65 99
142 319
276 319
307 386
334 489
367 437
40 42
45 386
105 437
119 335
193 284
210 453
408 438
22 402
42 88
195 330
286 448
234 258
346 499
19 104
24 448
79 155
98 397
170 273
211 274
362 443
35 48
59 442
95 99
100 443
114 341
246 268
339 459
77 459
58 217
89 284
75 386
223 284
176 438
209 386
264 285
314 402
415 454
14 110
0 212
47 58
52 402
74 161
112 453
126 351
225 330
51 177
390 397
68 346
49 104
54 448
109 155
128 397
150 156
188 448
202 346
293 464
26 120
31 464
53 223
144 341
130 443
204 392
218 290
278 341
369 459
47 408
28 166
80 356
88 217
107 459
162 166
181 408
179 335
220 336
253 284
5 182
32 285
13 43
65 233
44 110
82 402
104 161
142 453
197 352
257 403
385 403
445 454
67 279
292 397
56 120
9 274
42 222
61 464
97 121
157 172
195 464
234 392
368 392
137 459
211 408
285 357
271 459
250 336
35 182
21 284
62 285
95 233
136 234
153 403
134 161
227 352
287 403
347 454
39 301
452 470
56 470
89 418
171 228
264 419
262 346
303 347
322 397
14 244
0 346
363 398
148 244
165 413
113 223
225 464
266 465
51 311
30 188
16 290
90 239
164 188
342 460
375 408
15 65
34 115
53 357
144 475
125 233
166 234
218 424
226 285
278 475
69 301
50 59
129 352
143 250
160 419
220 470
201 228
294 419
354 470
27 75
13 177
32 419
333 347
118 193
145 296
178 244
219 245
255 464
296 465
7 362
29 121
122 312
139 481
120 239
172 429
273 481
6 137
345 357
23 306
4 64
9 408
97 255
105 116
157 306
231 255
196 234
289 425
349 476
46 475
25 352
151 491
159 352
250 470
324 419
2 368
76 317
62 419
136 368
425 471
175 296
208 244
1 143
20 193
326 465
400 414
37 362
78 363
460 465
138 414
243 430
303 481
377 430
14 378
55 379
41 481
437 481
96 188
127 255
113 357
187 306
319 425
352 373
379 476
11 80
52 81
38 183
90 373
112 132
131 374
164 322
222 492
263 301
15 199
106 317
92 419
166 368
240 317
455 471
64 91
17 245
129 486
143 384
108 363
182 312
256 261
333 481
11 430
44 378
85 379
145 430
219 379
167 189
467 481
217 306
258 307
310 497
318 358
43 153
29 255
48 497
409 476
161 374
194 322
221 425
235 323
386 492
23 440
64 441
45 199
97 389
105 250
119 148
124 492
196 368
270 317
311 318
297 420
8 317
402 436
25 486
99 435
173 384
121 194
159 486
200 487
214 385
462 487
76 451
24 261
84 312
115 379
175 430
249 379
290 380
276 482
309 430
323 328
152 446
100 256
174 205
191 374
224 322
265 323
325 374
77 272
89 97
75 199
154 492
176 251
302 390
300 317
0 25
126 164
170 436
203 384
230 487
244 385
277 333
15 333
304 436
68 159
106 451
147 452
188 261
279 379
31 277
380 431
182 446
130 256
204 205
242 497
283 498
355 374
47 221
80 169
181 221
184 492
318 492
10 339
373 391
32 98
392 441
101 457
82 215
109 318
142 266
274 385
334 436
7 41
12 385
45 333
67 92
177 452
158 210
350 380
135 226
195 277
253 447
272 497
387 447
19 51
24 395
46 154
65 396
137 272
271 272
288 441
362 390
40 339
21 97
62 98
174 339
389 493
265 457
213 267
306 458
3 457
39 114
42 385
75 333
116 334
19 401
93 350
74 108
79 452
192 329
225 277
266 278
51 124
357 396
68 293
16 103
54 395
95 396
128 344
169 345
417 447
260 463
394 463
31 411
72 412
53 170
130 390
204 339
218 237
295 457
336 458
369 406
47 355
28 113
148 407
129 165
181 355
146 334
220 283
5 129
51 474
32 232
371 452
44 57
49 401
104 108
123 350
183 401
197 299
255 277
348 468
26 417
48 176
81 124
86 468
172 242
125 396
158 344
273 294
259 396
364 412
424 463
61 411
9 221
162 463
234 339
5 479
60 186
13 340
25 165
63 457
99 114
137 406
151 304
159 165
178 407
238 458
252 356
2 181
81 474
62 232
114 422
136 181
153 350
227 299
287 350
328 351
378 468
419 469
56 417
190 417
231 418
264 366
229 345
0 293
454 463
192 463
266 412
305 340
30 135
16 237
90 186
169 479
117 289
431 479
222 305
241 355
342 407
53 304
106 130
111 474
166 181
226 232
284 402
47 489
317 350
96 351
129 299
160 366
108 176
449 469
261 418
294 366
321 469
85 192
197 433
236 361
296 412
337 413
48 310
29 68
34 412
122 259
461 479
161 187
199 479
221 238
273 428
312 356
23 253
9 355
64 254
97 202
124 305
372 407
215 423
275 474
349 423
22 28
13 474
99 248
173 197
159 299
250 417
291 418
324 366
2 315
76 264
24 74
103 367
115 192
153 484
227 433
268 434
276 295
326 412
367 413
4 361
78 310
59 68
152 259
212 310
243 377
229 479
303 428
55 326
41 428
127 202
168 203
154 305
228 254
319 372
305 474
30 269
420 424
57 372
131 321
79 131
117 423
439 474
222 439
356 439
15 146
20 490
54 74
92 366
133 367
147 265
207 316
224 485
205 243
298 434
31 90
17 192
96 485
110 383
182 259
209 362
242 310
300 480
434 480
33 136
66 84
71 428
145 377
186 378
198 203
184 305
236 495
10 152
101 270
87 372
235 270
221 372
312 490
353 491
386 439
64 388
12 198
45 146
50 490
124 439
427 440
163 367
237 316
22 162
25 433
61 90
66 434
121 141
214 332
43 450
84 259
404 429
464 480
63 136
142 429
175 377
189 275
216 378
1 224
276 429
307 496
18 393
4 495
40 152
45 496
193 394
441 496
251 372
292 373
3 270
77 219
383 491
94 388
42 198
75 146
116 147
168 337
176 198
195 440
228 388
267 316
52 162
93 163
170 383
244 332
230 434
68 106
54 208
128 157
147 399
155 260
207 450
205 377
246 378
260 276
320 327
31 224
471 496
75 496
108 444
223 394
283 445
322 373
47 168
126 461
107 219
198 337
146 147
184 439
258 388
299 389
10 286
49 214
123 163
202 456
183 214
334 383
86 281
34 91
177 399
125 209
237 450
311 399
80 466
9 34
162 276
179 445
253 394
327 343
313 445
387 394
65 343
63 270
269 338
255 440
329 389
40 286
81 287
67 389
114 235
389 440
191 455
213 214
306 405
3 404
42 332
116 281
190 230
176 332
281 348
267 450
308 451
341 399
382 400
93 297
41 107
46 451
79 399
192 276
343 445
35 292
16 50
21 394
95 343
155 394
169 292
384 446
320 461
72 359
53 117
58 461
70 286
171 338
245 287
262 456
336 405
396 456
437 457
74 405
148 354
146 281
220 230
239 472
247 333
32 179
371 399
109 399
164 298
197 246
274 466
315 467
26 364
12 466
48 123
53 467
414 446
199 292
350 461
391 462
23 66
9 168
83 117
102 359
129 462
162 410
215 236
201 338
275 287
5 426
327 477
27 185
13 287
65 477
44 354
118 303
104 405
178 354
426 456
269 472
2 128
7 472
62 179
81 421
103 180
153 297
227 246
180 400
254 349
345 467
18 72
4 174
78 123
83 467
97 365
138 174
231 365
330 344
55 139
41 241
60 483
421 462
456 483
132 359
113 117
159 462
206 308
233 411
357 477
398 478
30 82
16 184
57 185
95 477
117 236
136 478
134 405
309 406
433 472
37 472
171 472
212 473
245 421
224 298
284 349
410 488
69 195
148 488
96 298
127 365
108 123
113 467
247 467
30 432
11 190
85 139
71 241
112 242
186 191
236 308
277 309
263 411
15 309
34 359
48 257
139 375
166 478
240 427
50 303
124 252
201 472
289 319
316 422
481 489
25 246
80 145
118 437
219 489
200 247
217 416
291 365
2 262
392 417
103 314
115 139
120 483
142 242
254 483
268 381
328 432
1 37
4 308
78 257
119 258
105 360
210 376
196 478
270 427
344 376
330 478
55 273
3 83
435 494
94 201
346 422
19 27
57 319
84 422
98 320
131 268
222 386
170 196
208 488
249 489
73 263
133 314
224 432
298 381
284 483
325 484
31 37
17 139
58 140
75 309
108 257
209 309
314 325
300 427
374 376
52 325
38 427
126 274
186 325
203 494
184 252
225 253
277 443
411 443
15 443
376 422
101 217
87 319
161 268
202 269
293 387
279 489
353 438
64 335
26 43
12 145
17 489
31 387
86 94
91 438
163 314
177 212
237 263
369 382
355 484
388 432
88 140
167 433
181 331
291 499
5 105
29 499
65 156
103 448
82 325
142 376
216 325
367 494
408 495
40 99
119 392
105 494
193 341
292 320
3 217
383 438
94 335
42 145
121 438
135 336
443 489
484 490
360 454
19 161
93 110
79 212
98 454
170 330
211 331
244 279
271 382
35 105
21 207
59 499
73 397
114 398
147 346
347 377
58 274
89 341
223 341
176 495
314 459
262 269
14 167
33 217
74 218
126 408
148 167
165 336
225 387
299 336
51 234
390 454
109 212
150 213
202 403
274 279
26 177
12 279
53 280
34 38
144 398
125 156
204 449
278 398
47 465
28 223
80 413
102 172
129 275
179 392
253 341
280 444
5 239
65 290
385 460
44 167
63 217
82 459
104 218
197 409
257 460
255 387
329 336
7 285
67 336
141 285
158 454
232 403
180 213
306 352
56 177
9 331
42 279
83 280
97 178
116 228
135 470
157 229
19 295
60 296
41 54
46 398
368 449
151 414
159 275
192 223
285 414
35 239
21 341
95 290
136 291
384 393
227 409
260 357
287 460
361 409
39 358
72 306
111 234
264 476
212 286
262 403
322 454
363 455
0 403
36 60
74 352
113 280
247 280
338 398
30 245
49 295
90 296
164 245
150 347
439 450
375 465
53 414
139 188
125 290
166 291
218 481
391 409
451 460
50 116
129 409
160 476
201 285
294 476
27 132
13 234
32 476
145 353
178 301
219 302
269 419
217 229
310 420
48 420
81 368
103 127
122 369
194 245
180 347
254 296
345 414
18 19
4 121
9 465
83 414
97 312
105 173
196 291
22 138
8 240
60 430
398 425
2 425
35 373
57 132
76 374
84 235
117 183
458 476
134 352
175 353
208 301
249 302
309 353
39 492
340 420
37 419
78 420
111 368
138 471
224 245
377 487
14 435
36 194
127 312
113 414
187 363
228 364
261 312
302 313
319 482
30 379
16 481
90 430
38 240
150 481
164 379
203 307
106 374
87 132
128 133
240 374
226 476
205 353
279 302
331 492
69 492
17 302
50 250
91 251
430 471
108 420
182 369
256 318
242 420
316 369
407 487
44 435
80 92
66 194
140 143
145 487
167 246
219 436
291 312
318 415
43 210
103 261
82 138
120 430
142 189
221 482
235 380
6 328
18 153
97 446
119 205
196 425
270 374
311 375
3 30
402 493
435 441
61 200
94 148
214 442
195 200
272 420
115 436
189 385
175 487
249 436
323 385
309 487
1 334
288 364
73 210
147 159
100 313
265 380
251 482
325 431
3 380
77 329
58 87
89 154
94 498
127 446
149 205
168 447
302 447
300 374
341 375
52 272
0 82
112 323
126 221
401 426
203 441
244 442
304 493
15 390
101 164
54 318
202 216
188 318
293 334
279 436
353 385
31 334
12 92
17 436
91 385
144 211
256 452
204 262
295 380
28 36
66 328
107 329
181 278
198 447
179 205
332 447
371 375
82 272
156 221
142 323
183 324
197 222
334 493
408 442
7 98
45 390
86 391
210 457
158 267
22 406
61 334
135 283
83 93
121 385
162 386
195 334
286 452
234 262
360 401
24 452
60 109
98 401
63 380
151 227
211 278
288 498
40 396
21 154
95 103
114 345
174 396
463 499
213 324
72 119
77 463
378 391
89 288
37 98
75 390
116 391
149 339
176 442
281 458
415 458
14 114
19 458
93 407
165 283
192 386
266 335
51 181
357 453
390 401
49 108
90 109
95 453
128 401
150 160
169 402
241 278
301 329
72 469
53 227
433 448
144 345
218 294
204 396
245 397
493 499
410 464
28 170
107 463
148 464
129 222
181 412
220 340
280 391
385 407
445 458
44 114
49 458
82 406
104 165
123 407
197 356
257 407
255 334
296 335
7 232
81 181
34 335
172 299
158 401
259 453
6 7
364 469
23 176
102 469
135 417
234 396
275 397
308 345
60 243
8 53
46 345
440 464
99 171
159 222
252 413
250 340
114 479
62 289
136 238
134 165
287 407
328 408
20 63
326 335
56 474
37 232
452 474
152 182
138 284
231 475
14 248
55 249
363 402
132 469
206 418
266 469
30 192
16 294
90 243
38 53
117 346
150 294
208 464
241 412
342 464
144 479
92 289
166 238
185 480
226 289
358 408
69 305
17 115
418 459
160 423
108 233
294 423
335 424
333 351
44 248
85 249
71 351
145 300
197 490
219 249
236 418
370 418
411 419
48 367
34 469
139 485
120 243
180 294
6 141
312 413
23 310
97 259
45 69
83 361
372 464
196 238
289 429
349 480
27 429
8 187
388 408
25 356
99 305
173 254
200 357
233 305
365 424
2 372
76 321
24 131
62 423
84 182
103 424
115 249
189 198
1 147
6 491
39 439
326 469
4 418
78 367
59 125
100 126
152 316
340 367
400 418
303 485
251 295
344 486
55 383
3 193
77 142
377 434
94 311
168 260
228 311
319 429
379 480
38 187
222 496
203 254
244 255
263 305
304 306
395 424
106 321
92 423
166 372
207 373
455 475
298 491
432 491
36 491
17 249
91 198
110 440
182 316
283 368
333 485
374 486
11 434
85 383
407 434
112 486
145 434
167 193
219 383
198 260
318 362
10 209
122 450
409 480
101 327
82 85
87 429
235 327
386 496
427 497
64 445
45 203
124 496
210 270
311 322
402 440
80 389
61 147
99 439
121 198
140 440
462 491
84 316
404 486
63 193
142 486
216 435
249 383
276 486
1 281
288 311
40 209
193 451
191 378
251 429
292 430
325 378
366 379
77 276
416 496
457 497
89 101
94 445
116 204
149 152
154 496
168 394
19 271
52 219
79 322
93 220
170 440
230 491
304 440
343 368
68 163
54 265
128 214
169 215
205 434
320 384
31 281
380 435
130 260
223 451
295 327
322 430
33 327
107 276
167 327
487 497
258 445
299 446
373 395
10 343
32 102
101 461
123 220
183 271
26 287
12 389
86 338
34 148
67 96
375 441
177 456
158 214
350 384
61 281
9 91
102 282
135 230
162 333
327 400
5 349
387 451
46 158
63 327
137 276
151 174
463 481
255 497
288 445
329 446
40 343
114 292
67 446
141 395
389 497
153 220
213 271
306 462
39 118
56 287
37 45
42 389
176 389
281 405
341 456
19 405
0 163
41 164
55 62
79 456
93 354
132 282
165 230
206 231
357 400
68 297
16 107
21 451
169 349
117 159
155 451
208 277
394 467
20 226
53 174
70 343
130 394
171 395
336 462
33 461
69 118
74 462
129 169
148 411
160 236
146 338
261 288
247 390
51 478
371 456
412 457
44 61
49 405
71 164
109 456
150 457
183 405
26 421
86 472
122 129
447 451
139 298
125 400
259 400
9 225
50 226
201 395
275 344
5 483
13 344
44 411
63 461
99 118
118 360
178 411
252 360
250 287
477 478
81 478
103 237
136 185
442 457
227 303
180 457
213 405
268 304
328 355
6 304
39 252
419 473
18 129
56 421
78 180
97 422
116 472
138 231
157 473
231 422
243 247
330 401
3 6
41 298
206 365
154 175
192 467
233 468
305 344
30 139
35 483
57 242
134 462
222 309
342 411
15 16
106 134
92 236
111 478
245 478
224 355
284 406
36 304
17 62
110 253
127 422
108 180
146 472
160 370
261 422
321 473
335 371
30 489
71 298
145 247
277 366
310 314
337 417
48 314
34 416
139 432
161 191
199 483
221 242
312 360
372 411
50 360
124 309
289 376
275 478
316 479
22 32
27 376
25 303
99 252
140 253
252 494
200 304
217 473
365 371
2 319
43 320
29 422
103 371
84 129
351 473
115 196
194 489
268 438
276 299
367 417
4 365
119 315
105 417
243 381
270 484
22 382
3 140
55 330
77 89
94 258
168 207
228 258
305 478
346 479
360 377
19 84
57 376
79 135
131 325
420 428
230 304
323 495
73 320
54 78
133 371
205 247
298 438
358 489
399 490
31 94
17 196
36 438
58 197
72 95
96 489
108 314
110 387
182 263
209 366
223 264
283 315
314 382
374 433
11 381
85 330
126 331
112 433
186 382
434 484
184 309
10 156
49 84
87 376
109 135
188 428
293 444
353 495
26 100
12 202
50 494
64 392
237 320
297 371
80 336
61 94
66 438
88 197
140 387
167 490
214 336
179 315
253 264
313 315
43 454
404 433
115 330
156 331
142 433
290 331
276 433
255 310
18 397
40 156
119 449
67 259
100 207
193 398
191 325
232 326
265 274
292 377
3 274
383 495
56 100
94 392
135 393
267 320
308 321
79 269
459 490
170 387
211 388
230 438
244 336
35 162
21 264
68 110
95 213
155 264
260 280
246 382
347 434
72 229
58 331
380 382
70 156
149 449
223 398
171 208
283 449
262 326
322 377
0 326
74 275
165 393
198 341
225 444
239 342
299 393
51 291
32 49
68 460
123 167
109 269
150 270
183 218
241 388
274 336
315 337
26 234
375 388
53 337
34 95
86 285
144 455
218 404
278 455
102 229
162 280
179 449
201 208
294 399
327 347
27 55
65 347
118 173
104 275
156 465
178 224
238 275
269 342
329 393
7 342
141 342
180 270
306 409
366 460
6 117
39 65
56 234
4 44
116 285
157 286
231 235
248 404
19 352
60 353
41 111
46 455
132 229
192 280
233 281
285 471
324 399
35 296
169 296
260 414
361 466
39 415
20 173
72 363
359 393
37 342
111 291
185 240
245 291
262 460
336 409
377 410
0 460
36 117
148 358
96 168
160 183
146 285
352 353
90 353
315 471
263 281
48 127
53 471
139 245
125 347
166 348
199 296
226 399
240 297
391 466
102 363
50 173
143 364
215 240
13 291
407 410
25 116
104 409
118 307
219 359
217 286
310 477
2 132
7 476
29 235
43 133
81 425
122 426
120 353
194 302
444 477
254 353
6 251
345 471
419 420
18 76
23 420
78 127
83 471
97 369
119 128
231 369
210 246
229 296
270 297
60 487
41 245
421 466
99 415
132 363
159 466
173 364
233 415
272 343
76 431
57 189
131 138
84 292
117 240
136 482
134 409
208 358
20 307
340 477
111 425
152 426
284 353
325 354
55 493
127 369
108 127
113 471
187 420
261 369
302 370
352 487
11 194
52 195
85 143
90 487
126 144
164 436
277 313
263 415
337 364
15 313
428 482
87 189
188 241
205 410
64 205
12 15
91 308
143 498
182 426
215 374
242 477
256 375
44 492
85 493
481 493
219 493
167 303
200 251
217 420
258 421
332 370
318 472
43 267
392 421
103 318
423 488
82 195
120 487
194 436
235 437
268 385
307 313
45 313
119 262
210 380
344 380
330 482
8 431
435 498
94 205
121 308
272 477
19 31
24 375
79 82
189 442
170 200
249 493
230 251
323 442
1 391
288 421
73 267
21 77
59 369
100 370
147 216
191 488
224 436
265 437
298 385
325 488
3 437
36 385
58 144
77 386
89 211
339 386
149 262
399 437
314 329
300 431
341 432
52 329
0 139
33 87
38 431
74 88
126 278
165 206
203 498
225 257
277 447
10 103
15 447
68 273
54 375
101 221
128 324
202 273
293 391
353 442
394 443
26 47
12 149
31 391
53 150
86 98
91 442
177 216
130 370
413 493
369 386
355 488
80 283
28 93
33 437
88 144
167 437
181 335
179 262
406 453
65 160
371 432
82 329
63 87
142 380
156 278
216 329
257 330
274 499
255 257
307 447
408 499
7 155
40 103
67 206
172 222
158 324
232 273
22 463
424 443
42 149
83 150
121 442
195 391
484 494
360 458
19 165
60 166
46 268
93 114
98 458
151 284
137 386
211 335
271 386
35 109
21 211
174 453
155 211
213 381
246 329
287 330
347 381
58 278
378 448
438 499
149 396
264 346
262 273
322 324
14 171
0 273
52 463
74 222
148 171
113 150
225 391
266 392
51 238
390 458
431 459
68 407
16 217
49 165
90 166
150 217
169 459
53 284
70 453
125 160
218 351
278 402
317 330
47 469
28 227
102 176
181 469
129 279
468 499
179 396
220 397
280 448
354 397
32 346
13 104
385 464
44 171
82 463
197 413
257 464
269 289
255 391
296 392
81 238
67 340
122 239
158 458
199 459
180 217
232 407
6 64
9 335
83 284
97 182
157 233
234 453
308 402
349 403
8 110
151 418
99 228
173 177
159 279
211 469
285 418
324 346
35 243
76 244
62 346
136 295
384 397
134 222
227 413
361 413
39 362
20 120
326 392
152 239
138 341
185 187
264 480
243 357
229 459
303 408
14 305
36 64
41 408
113 284
187 233
206 475
247 284
30 249
16 351
379 403
38 110
117 403
150 351
164 249
439 454
315 418
15 126
20 470
218 485
166 295
226 346
331 362
69 362
50 120
91 121
129 413
160 480
294 480
242 290
27 136
44 305
85 306
71 408
145 357
219 306
393 459
217 233
370 475
411 476
48 424
29 182
122 373
120 300
194 249
221 352
6 198
345 418
386 419
18 23
4 125
9 469
23 367
45 126
50 470
83 418
97 316
105 177
124 419
196 295
248 485
297 347
8 244
388 465
25 413
99 362
173 311
159 413
200 414
324 480
272 290
2 429
76 378
57 136
136 429
84 239
365 481
115 306
189 255
398 429
249 306
1 204
39 496
340 424
18 373
400 475
152 373
138 475
212 424
243 491
224 249
377 491
55 440
110 147
416 419
127 316
75 126
154 419
168 317
302 317
319 486
16 485
57 486
38 244
453 486
203 311
263 362
304 363
395 481
68 86
54 188
92 480
128 137
133 481
166 429
207 430
205 357
279 306
31 204
69 496
91 255
110 497
430 475
471 476
182 373
130 183
256 322
407 491
448 492
85 440
33 250
66 198
140 147
145 491
167 250
186 492
184 419
198 317
258 368
318 419
43 214
483 486
161 435
142 193
183 194
235 384
334 363
86 261
119 209
210 327
196 429
22 276
8 378
61 204
99 496
121 255
135 153
140 497
195 204
286 322
24 322
84 373
478 492
63 250
137 199
175 491
189 389
216 492
1 338
249 440
288 368
40 266
21 24
100 317
114 215
191 435
251 486
325 435
77 333
58 91
417 489
89 158
75 260
168 451
302 451
267 430
341 379
52 276
0 86
38 378
93 277
244 446
343 425
54 322
128 271
169 272
155 374
246 492
279 440
320 441
17 440
58 441
70 266
204 266
295 384
47 282
28 40
107 333
88 91
181 282
396 436
198 451
179 209
373 452
32 159
371 379
49 328
82 276
197 226
183 328
274 446
348 395
26 344
12 446
86 395
67 153
408 446
158 271
199 272
350 441
23 46
135 287
88 441
162 390
234 266
5 406
24 456
60 113
65 457
151 231
137 333
211 282
252 283
238 385
403 452
2 108
21 158
40 400
100 451
114 349
141 452
153 277
77 467
378 395
56 344
42 446
116 395
190 344
138 154
264 293
405 498
281 462
229 272
415 462
14 118
0 220
41 221
55 119
93 411
456 463
165 287
206 288
266 339
30 62
16 164
90 113
95 457
117 216
150 164
169 406
241 282
72 473
53 231
433 452
144 349
92 159
130 451
171 452
218 298
245 401
47 416
148 468
129 226
280 395
321 396
32 293
49 462
123 411
71 221
7 236
48 237
122 186
139 355
125 457
199 406
273 355
6 11
9 282
50 283
83 231
97 129
102 473
124 232
248 298
201 452
289 299
349 350
27 299
60 247
440 468
151 365
99 175
159 226
200 227
250 344
2 242
62 293
103 294
136 242
115 119
153 411
213 462
328 412
39 309
18 186
4 288
78 237
152 186
231 479
212 237
330 458
55 253
127 129
113 231
132 473
206 422
305 401
30 196
90 247
38 57
117 350
208 468
282 417
356 366
342 468
15 73
106 191
185 484
166 242
207 243
298 361
284 463
358 412
36 361
17 119
69 309
96 412
143 258
108 237
160 427
261 479
418 463
333 355
11 304
85 253
71 355
145 304
186 305
219 253
184 232
310 371
34 473
122 320
101 197
139 489
161 248
221 299
23 314
372 468
45 73
50 417
105 124
215 484
196 242
237 243
289 433
349 484
27 433
25 360
291 479
365 428
43 377
24 135
29 479
84 186
189 202
268 495
216 305
276 356
6 495
326 473
367 474
4 422
119 372
138 422
152 320
193 321
243 438
191 248
251 299
22 439
3 197
41 489
77 146
94 315
154 366
319 433
379 484
420 485
52 89
38 191
57 433
79 192
117 484
131 382
395 428
73 377
54 135
133 428
147 326
155 187
455 479
205 304
298 495
432 495
31 151
36 495
58 254
91 202
110 444
108 371
182 320
223 321
283 372
314 439
374 490
11 438
52 439
112 490
186 439
167 197
10 213
390 434
409 484
101 331
87 433
450 485
109 192
202 383
235 331
26 157
64 449
86 208
177 326
163 428
237 377
311 326
297 428
80 393
61 151
102 152
88 254
121 202
162 203
200 495
179 372
462 495
24 269
65 270
404 490
82 439
63 197
115 387
137 146
156 388
216 439
276 490
290 388
288 315
18 454
193 455
174 213
191 382
232 383
265 331
292 434
3 331
77 280
168 398
116 208
176 259
425 476
368 429
0 33
79 326
93 224
132 152
343 372
35 219
21 321
54 269
147 460
155 321
169 219
260 337
246 439
320 388
347 491
72 286
58 388
380 439
89 455
144 162
130 264
171 265
223 455
262 383
295 331
322 434
47 229
33 331
74 332
107 280
148 281
165 450
198 398
239 399
299 450
247 260
373 399
32 106
101 465
49 275
123 224
150 327
183 275
301 496
375 445
7 49
12 393
48 50
139 168
125 270
177 460
350 388
102 286
88 388
253 455
201 265
327 404
5 353
27 112
13 214
25 39
104 332
118 230
137 280
151 178
178 281
238 332
269 399
329 450
2 55
40 347
62 106
67 450
81 348
141 399
172 466
254 276
345 394
56 291
37 49
116 342
190 291
231 292
281 409
382 461
55 66
60 410
93 358
132 286
206 235
192 337
233 338
266 286
398 405
35 353
16 111
57 112
95 404
117 163
136 405
169 353
134 332
260 471
72 420
20 230
359 450
111 348
92 106
171 399
245 348
410 415
14 415
69 122
148 415
96 225
160 240
113 394
261 292
321 343
51 482
352 410
412 461
123 358
150 461
263 338
139 302
87 112
166 405
226 456
364 420
23 127
28 471
50 230
69 472
102 420
124 179
465 472
201 399
275 348
316 349
13 348
407 467
44 415
25 173
99 122
104 466
178 415
252 364
291 292
43 190
76 138
122 483
120 410
194 359
180 461
254 410
268 308
6 308
419 477
18 133
4 235
157 477
105 287
138 235
231 426
243 251
196 405
229 353
8 354
41 302
99 472
132 420
154 179
233 472
305 348
35 487
76 488
346 349
131 195
117 297
134 466
208 415
249 416
282 364
309 467
106 138
59 292
111 482
358 359
36 308
17 66
58 67
96 359
110 257
108 184
127 426
149 185
187 477
261 426
449 477
300 354
11 251
85 200
71 302
112 303
126 201
164 493
186 252
203 421
277 370
15 370
101 144
87 246
106 488
161 195
221 246
240 488
279 416
312 364
353 365
12 72
50 364
91 365
163 241
256 432
316 483
80 206
66 308
118 498
140 257
200 308
179 185
217 477
291 426
332 427
365 375
29 426
65 83
103 375
392 478
115 200
142 303
216 252
235 494
268 442
6 442
18 267
4 369
45 370
105 421
193 268
210 437
191 195
22 386
3 144
8 488
77 93
94 262
42 72
121 365
154 313
195 314
286 432
360 381
346 483
420 432
19 88
24 432
57 380
79 139
84 483
170 257
323 499
271 309
1 448
362 427
73 324
54 82
59 426
100 427
133 375
147 273
174 376
224 493
246 252
265 494
298 442
339 443
77 443
110 391
75 370
223 268
209 370
314 386
300 488
415 438
52 386
33 144
38 488
112 437
186 386
165 263
184 313
376 483
101 278
49 88
54 432
109 139
202 330
26 104
31 448
86 155
91 499
177 273
130 427
163 375
204 376
218 274
237 324
278 325
295 494
369 443
80 340
33 494
66 442
88 201
107 443
181 392
429 494
253 268
280 371
43 458
65 217
404 437
63 144
104 145
142 437
156 335
183 438
216 386
255 314
7 212
40 160
67 263
141 212
193 402
172 279
158 381
232 330
42 206
121 499
135 397
195 448
308 325
368 376
93 171
459 494
63 494
151 341
35 166
21 268
73 458
155 268
134 145
213 438
260 284
287 387
347 438
37 212
70 160
111 161
149 453
171 212
190 454
262 330
322 381
363 382
0 330
126 469
148 228
165 397
225 448
299 397
51 295
90 223
202 464
241 392
315 341
301 443
53 341
144 459
125 217
278 459
226 269
317 387
28 284
88 335
179 453
5 300
27 59
32 403
118 177
104 279
178 228
197 470
269 346
255 448
329 397
7 346
29 105
120 223
153 171
232 464
273 465
6 121
4 48
9 392
97 239
248 408
308 459
382 408
8 167
41 115
46 459
159 336
250 454
324 403
35 300
21 402
62 403
76 301
384 454
134 279
208 228
227 470
361 470
326 449
111 295
152 296
138 398
185 244
377 414
14 362
437 465
36 121
96 172
127 239
113 341
187 290
338 459
379 460
16 408
38 167
71 115
150 408
164 306
203 234
263 285
53 475
414 454
106 301
139 249
166 352
240 301
226 403
391 470
432 471
69 419
50 177
143 368
182 296
201 346
242 347
333 465
407 414
44 362
85 363
71 465
104 413
118 311
145 414
217 290
7 480
43 137
29 239
48 481
103 188
409 460
194 306
180 408
221 409
254 357
6 255
386 476
18 80
4 182
83 475
97 373
105 234
119 132
124 476
196 352
270 301
297 404
22 199
8 301
60 491
330 352
25 470
99 419
462 471
159 470
233 419
2 486
76 435
24 245
98 194
189 312
175 414
249 363
309 414
340 481
18 430
474 481
73 137
59 239
78 481
133 188
152 430
212 481
224 306
265 307
325 358
55 497
36 255
110 204
127 373
75 183
113 475
154 476
168 374
302 374
30 440
38 301
112 250
126 148
131 492
186 199
203 368
277 317
230 471
469 487
106 435
87 193
128 194
240 435
205 414
31 261
12 19
380 415
108 481
182 430
163 188
242 481
256 379
316 430
295 307
355 358
80 153
66 255
140 204
219 497
167 307
184 476
10 323
423 492
142 250
307 317
334 420
7 25
45 317
67 76
105 368
119 266
210 384
158 194
196 486
237 487
61 261
121 312
195 261
313 482
346 430
46 138
84 430
115 497
189 446
170 204
249 497
290 498
1 395
40 323
21 81
100 374
114 272
422 425
265 441
339 390
3 441
77 390
58 148
89 215
149 266
190 267
176 369
314 333
14 41
38 435
79 436
93 334
401 487
165 210
225 261
376 430
417 431
54 379
202 277
293 395
279 497
320 498
394 447
70 323
144 272
130 374
218 221
355 492
47 339
28 97
33 441
88 148
107 390
167 441
181 339
146 318
179 266
220 267
5 113
10 457
32 216
371 436
82 333
183 385
255 261
7 159
86 452
141 159
172 226
273 278
350 498
424 447
23 103
9 205
83 154
121 446
135 344
162 447
484 498
234 323
60 170
46 272
426 493
63 441
137 390
151 288
211 339
238 442
252 340
250 267
35 113
21 215
40 457
62 216
76 114
136 165
153 334
213 385
287 334
347 385
378 452
56 401
37 159
89 349
116 452
138 211
264 350
14 175
0 277
41 278
93 468
132 396
206 345
239 293
266 396
30 119
68 411
90 170
169 463
241 339
282 340
342 391
53 288
70 457
185 407
204 457
218 355
317 334
47 473
69 232
143 181
220 401
280 452
335 351
354 401
13 108
44 175
123 468
71 278
104 226
145 227
197 417
257 468
236 345
7 293
29 52
34 396
122 243
139 412
120 170
172 360
199 463
273 412
23 237
9 339
372 391
124 289
215 407
234 457
248 355
349 407
27 356
8 114
13 458
25 283
173 181
252 474
324 350
2 299
76 248
62 350
136 299
84 109
351 453
227 417
175 227
268 418
328 469
1 74
326 396
4 345
37 293
152 243
138 345
212 294
243 361
229 463
363 463
41 412
113 288
154 289
206 479
228 238
30 253
379 407
90 304
38 114
117 407
131 305
439 458
356 423
15 130
54 58
240 248
205 227
298 418
331 366
69 366
110 367
91 125
96 469
160 484
108 294
182 243
335 485
333 412
393 463
434 464
66 68
71 412
145 361
184 289
217 237
310 428
411 480
10 136
43 84
120 304
221 356
386 423
23 371
64 372
45 130
105 181
196 299
289 490
22 146
99 366
140 367
121 125
214 316
272 294
2 433
43 434
76 382
98 141
103 485
365 485
115 310
189 259
175 361
249 310
276 413
1 208
340 428
381 429
18 377
4 479
441 480
138 479
193 378
243 495
251 356
55 444
3 254
416 423
94 372
75 130
154 423
168 321
176 182
228 372
319 490
267 300
52 146
38 248
57 490
79 249
93 147
203 315
304 367
395 485
68 90
54 192
106 382
147 383
155 244
188 192
207 434
246 362
279 310
31 208
17 310
58 311
91 259
471 480
108 428
182 377
130 187
209 480
283 429
47 152
85 444
107 203
126 445
186 496
198 321
258 372
299 373
318 423
423 439
82 146
87 490
161 439
183 198
221 490
274 316
334 367
26 214
12 316
86 265
163 485
80 450
61 208
9 18
88 311
135 157
214 450
179 429
253 378
286 326
313 429
24 326
65 327
46 85
478 496
115 444
156 445
137 203
288 372
329 373
40 270
21 28
100 321
114 219
141 322
174 270
191 439
232 440
251 490
265 388
292 491
3 388
306 389
56 214
42 316
116 265
168 455
190 214
281 332
267 434
382 384
19 332
93 281
368 486
401 434
244 450
285 451
51 55
68 224
54 326
155 378
246 496
320 445
380 496
53 101
58 445
359 373
144 219
171 322
204 270
295 388
322 491
47 286
28 44
33 388
74 389
107 337
148 338
160 163
146 265
198 455
373 456
51 405
32 163
371 383
123 281
71 91
109 383
274 450
399 426
26 348
7 106
48 107
34 209
86 399
172 173
125 327
199 276
259 327
23 50
9 152
28 394
162 394
451 497
327 461
5 410
60 117
13 271
46 219
65 461
25 96
63 388
137 337
178 338
269 456
403 456
2 112
40 404
62 163
141 456
153 281
227 230
213 332
254 333
39 179
56 348
37 106
42 450
116 399
138 158
157 400
190 348
231 349
229 276
456 467
55 123
41 225
93 415
132 343
192 394
266 343
398 462
90 117
95 461
169 410
134 389
222 236
282 287
20 287
70 404
92 163
245 405
284 333
14 472
110 180
148 472
160 297
187 400
220 348
261 349
321 400
32 297
11 174
85 123
90 467
123 415
145 174
236 292
296 343
26 482
337 344
139 359
87 169
125 461
364 477
23 184
64 185
50 287
102 477
124 236
275 405
27 303
8 61
13 405
440 472
99 179
140 180
252 421
200 231
217 400
250 348
291 349
351 400
29 349
153 415
254 467
328 416
56 482
4 292
78 241
97 483
243 308
270 411
303 359
330 462
3 67
41 359
435 478
94 185
132 477
173 478
206 426
38 61
117 354
131 252
222 370
230 231
356 370
20 421
73 247
59 349
106 195
133 298
147 196
207 247
224 416
358 416
399 417
418 467
110 314
96 416
108 241
261 483
209 293
302 484
333 359
11 308
85 257
38 411
71 359
112 360
126 258
203 478
184 236
236 426
337 478
376 406
139 493
188 355
312 421
353 422
45 77
124 370
177 196
163 298
215 488
237 247
256 489
27 437
297 298
388 416
80 263
66 365
140 314
291 483
332 484
365 432
406 433
29 483
65 140
103 432
63 67
142 360
156 258
216 309
268 499
18 324
4 426
40 83
45 427
100 134
105 478
119 376
344 494
292 304
22 443
3 201
77 150
383 422
42 129
154 370
286 489
360 438
420 489
19 145
24 489
93 94
98 438
271 366
304 314
54 139
59 483
133 432
147 330
155 191
174 433
298 499
246 309
31 155
36 499
58 258
110 448
89 325
70 83
75 427
130 134
149 376
209 427
223 325
314 443
397 478
374 494
47 99
33 201
74 202
107 150
126 392
198 268
184 370
225 371
299 320
10 217
101 335
49 145
87 437
109 196
128 438
188 489
26 161
12 263
86 212
177 330
163 432
278 382
80 397
28 207
66 499
140 448
181 449
253 325
313 376
5 223
13 84
404 494
82 443
63 201
137 150
142 494
156 392
216 443
257 444
290 392
445 495
40 217
81 218
67 320
141 269
193 459
482 485
232 387
292 438
366 387
56 161
157 213
234 433
308 382
19 279
93 228
46 382
79 330
368 433
170 448
285 398
35 223
21 325
95 274
169 223
475 495
134 202
246 443
260 341
320 392
72 290
58 392
111 218
223 459
322 438
14 285
74 336
146 212
187 213
373 403
51 352
32 110
90 280
123 228
164 229
241 449
315 398
375 449
48 54
139 172
125 274
226 326
331 342
391 393
102 290
50 100
88 392
129 393
143 291
65 408
27 116
13 218
32 460
44 285
118 234
178 285
269 403
329 454
2 59
7 403
43 60
62 110
67 454
81 352
103 111
120 280
141 403
153 228
172 470
180 331
345 398
23 347
4 105
9 449
56 295
97 296
105 157
157 347
231 296
248 465
446 450
382 465
41 172
132 290
173 291
159 393
206 239
233 342
398 409
35 357
76 358
57 116
458 460
117 167
134 336
309 337
39 476
20 234
359 454
400 455
111 352
92 110
138 455
185 301
212 404
336 470
377 471
36 178
110 127
96 229
247 398
352 414
30 363
38 224
71 172
112 173
150 465
164 363
203 291
236 239
15 240
48 188
106 358
87 116
139 306
226 460
331 476
64 132
50 234
91 235
124 183
430 455
215 301
256 302
13 352
407 471
25 177
66 178
104 470
145 471
217 347
291 296
43 194
29 296
103 245
442 465
120 414
194 363
142 173
180 465
221 466
268 312
23 481
45 240
78 188
119 189
210 307
270 358
330 409
22 256
3 14
8 358
94 132
99 476
121 235
154 183
173 425
272 404
346 353
57 250
131 199
134 470
175 471
189 369
222 317
73 194
59 296
133 245
152 487
174 246
224 363
298 312
77 313
96 363
110 261
89 138
127 430
149 189
228 482
302 431
30 497
11 255
52 256
126 205
112 307
186 256
203 425
263 476
304 477
337 425
10 30
101 148
54 302
87 250
106 492
205 471
279 420
353 369
31 318
12 76
17 420
64 266
91 369
163 245
204 246
256 436
295 364
355 415
140 261
181 262
167 364
179 189
217 481
258 482
332 431
5 36
29 430
43 328
65 87
82 256
235 498
216 256
348 375
334 477
367 425
45 374
408 426
67 133
105 425
193 272
210 441
270 492
311 493
22 390
8 492
61 318
42 76
121 369
135 267
195 318
286 436
234 246
346 487
387 488
19 92
24 436
79 143
84 487
98 385
420 436
137 313
170 261
211 262
1 452
288 482
362 431
40 380
21 138
59 430
100 431
114 329
174 380
422 482
265 498
246 256
339 447
463 483
3 498
58 205
89 272
75 374
149 323
190 324
176 426
223 272
264 273
314 390
351 462
341 493
14 98
0 200
38 492
52 390
74 149
93 391
126 339
225 318
376 487
68 334
49 92
90 93
109 143
128 385
155 488
188 436
202 334
26 108
31 452
53 211
70 380
144 329
218 278
278 329
295 498
33 498
470 499
88 205
181 396
179 323
220 324
253 272
280 375
385 391
13 31
371 493
82 390
123 391
104 149
109 493
156 339
257 391
255 318
26 458
7 216
81 165
141 216
447 488
259 437
23 160
9 262
42 210
61 452
83 211
97 109
135 401
234 380
308 329
368 380
60 227
137 447
211 396
159 206
238 499
271 447
21 272
76 171
95 221
114 463
134 149
213 442
227 340
287 391
347 442
20 47
452 458
56 458
37 216
89 406
111 165
190 458
212 217
264 407
14 232
0 334
74 283
148 232
363 386
239 350
266 453
68 468
16 278
90 227
164 176
150 278
315 345
301 447
342 448
106 171
125 221
218 412
28 288
69 289
143 238
418 443
160 407
220 458
294 407
354 458
27 63
13 165
32 407
333 335
118 181
104 283
178 232
296 453
48 351
29 109
122 300
172 417
180 278
221 279
6 125
23 294
4 52
9 396
83 345
97 243
124 346
231 243
248 412
289 413
372 448
349 464
22 69
8 171
27 413
46 463
25 340
60 361
99 289
151 479
233 289
250 458
2 356
384 458
57 63
62 407
84 166
136 356
425 459
227 474
175 284
1 131
39 423
340 351
400 402
4 402
59 109
138 402
152 300
243 418
251 279
14 366
377 418
36 125
41 469
127 243
154 346
187 294
228 295
319 413
352 361
30 310
16 412
52 69
38 171
57 413
90 361
112 120
117 464
379 464
15 187
395 408
414 458
106 305
455 459
166 356
207 357
240 305
205 284
331 423
432 475
69 423
17 233
91 182
110 424
129 474
108 351
143 372
182 300
242 351
333 469
407 418
11 418
85 367
66 125
71 469
145 418
167 177
184 346
217 294
258 295
310 485
43 141
48 485
122 434
318 346
161 362
235 311
221 413
23 428
119 136
105 238
124 480
237 357
297 408
8 305
402 424
462 475
61 131
99 423
121 182
140 424
200 475
43 491
98 198
115 367
189 316
290 368
288 295
18 434
381 486
73 141
114 142
100 244
152 434
193 435
191 362
3 311
77 260
416 480
94 429
75 187
228 429
176 239
52 203
0 13
38 305
112 254
170 424
230 475
304 424
15 321
68 147
73 491
106 439
128 198
147 440
188 249
207 491
380 419
12 23
17 367
70 193
108 485
130 244
223 435
256 383
283 486
295 311
355 362
47 209
80 157
167 311
198 378
184 480
258 429
373 379
423 496
101 445
82 203
142 254
183 255
274 373
7 29
12 373
350 368
61 265
9 75
121 316
162 317
195 265
253 435
313 486
387 435
65 384
46 142
98 332
63 311
238 312
1 399
288 429
362 378
389 481
21 85
62 86
114 276
141 379
174 327
191 496
494 497
213 255
306 446
339 394
396 496
39 102
56 271
75 321
116 322
190 271
281 389
267 491
341 440
14 45
93 338
79 440
401 491
165 214
206 215
225 265
51 112
357 384
68 281
21 435
54 383
128 332
155 435
169 333
417 435
260 451
394 451
53 158
70 327
171 379
204 327
245 328
336 446
396 497
28 101
107 394
148 395
10 461
51 462
321 323
44 45
472 492
109 440
183 389
197 287
257 338
7 163
48 164
34 266
81 112
86 456
139 282
172 230
199 333
273 282
364 400
424 451
23 107
61 399
83 158
102 400
162 451
201 379
234 327
275 328
46 276
426 497
63 445
104 446
137 394
151 292
178 395
250 271
2 169
76 118
62 220
136 169
153 338
227 287
213 389
254 390
287 338
328 339
39 236
378 456
419 457
56 405
37 163
78 164
116 456
138 215
157 457
14 179
55 180
41 282
93 472
132 400
206 349
192 451
266 400
30 123
16 225
131 175
169 467
134 446
208 395
222 293
282 344
342 395
20 344
70 461
106 118
92 220
111 462
166 169
185 411
245 462
47 477
143 185
96 339
449 457
108 164
146 456
187 457
220 405
261 406
321 457
335 355
11 231
71 282
236 349
296 400
337 401
29 56
122 247
139 416
120 174
273 416
221 226
312 344
23 241
9 343
50 344
97 190
289 360
275 462
349 411
8 118
13 462
118 478
99 236
159 287
200 288
252 478
217 457
250 405
291 406
351 457
76 252
24 62
103 355
115 180
153 472
175 231
194 473
268 422
328 473
1 78
326 400
78 298
138 349
193 248
212 298
243 365
229 467
270 468
303 416
55 314
3 124
41 416
168 191
154 293
228 242
319 360
379 411
57 360
38 118
79 119
131 309
222 427
15 134
20 478
73 304
54 62
59 406
207 304
224 473
358 473
31 78
17 180
36 422
91 129
110 371
108 298
182 247
209 350
242 298
283 299
300 468
85 314
71 416
145 365
186 366
184 293
277 484
10 140
15 484
48 432
101 258
87 360
109 119
188 412
235 258
312 478
353 479
386 427
64 376
45 134
50 478
86 135
124 427
163 355
237 304
289 494
297 355
388 473
25 421
80 320
140 371
121 129
200 422
214 320
406 490
98 145
103 489
404 417
115 314
156 315
142 417
175 365
216 366
290 315
464 468
307 484
381 433
4 483
40 140
119 433
100 191
193 382
441 484
191 309
251 360
292 361
383 479
416 427
94 376
42 186
116 135
121 479
154 427
176 186
195 428
267 304
360 495
98 495
131 443
170 371
244 320
230 422
304 371
395 489
436 490
95 197
133 489
155 248
174 490
260 264
246 366
31 212
75 484
108 432
130 191
149 433
223 382
283 433
11 499
322 361
33 258
184 427
225 428
239 326
299 377
10 274
51 275
87 494
123 151
109 253
128 495
161 443
183 202
274 320
334 371
26 218
86 269
34 79
466 490
177 387
125 197
163 489
204 490
237 438
278 439
80 454
9 22
88 315
102 213
179 433
253 382
5 280
354 434
65 331
46 89
156 449
178 208
290 449
255 428
329 377
40 274
81 275
67 377
114 223
141 326
172 393
389 428
232 444
306 393
292 495
366 444
39 49
56 218
116 269
176 320
281 336
234 490
308 439
382 388
19 336
41 95
46 439
192 264
384 434
16 38
21 382
95 331
134 259
260 398
72 347
359 377
111 275
144 223
171 326
185 224
245 275
262 444
336 393
47 290
396 444
74 393
437 445
160 167
146 269
187 270
239 460
247 321
32 167
338 439
123 285
71 95
109 387
197 234
315 455
26 352
48 111
53 455
414 434
139 229
125 331
199 280
259 331
350 449
391 450
9 156
88 449
215 224
201 326
5 414
27 173
44 342
25 100
252 291
238 393
217 270
403 460
2 116
7 460
29 219
62 167
81 409
141 460
120 337
153 285
227 234
254 337
6 235
345 455
56 352
4 162
42 454
78 111
83 455
97 353
138 162
231 353
229 280
270 281
330 332
55 127
41 229
132 347
192 398
30 70
35 414
95 465
117 224
134 393
208 342
282 291
309 394
20 291
37 460
111 409
59 219
92 167
185 358
212 461
284 337
14 476
36 235
110 184
96 286
148 476
160 301
108 111
113 455
187 404
247 455
321 404
352 471
90 471
71 229
112 230
203 348
263 399
48 245
428 466
106 415
87 173
125 465
64 189
50 291
143 482
215 358
256 359
242 461
275 409
289 307
27 307
316 410
80 133
219 477
200 235
351 404
392 405
194 420
142 230
175 178
254 471
4 296
97 487
119 246
105 348
210 364
344 364
330 466
22 313
3 71
94 189
173 482
154 240
195 241
272 461
57 307
98 308
131 256
189 426
222 374
230 235
323 426
73 251
133 302
207 251
224 420
298 369
284 471
325 472
399 421
36 369
17 127
96 420
110 318
75 297
149 246
261 487
302 488
300 415
11 312
52 313
33 71
38 415
112 364
126 262
186 313
203 482
184 240
15 431
376 410
128 308
161 256
202 257
279 477
26 31
17 477
31 375
177 200
163 302
237 251
256 493
355 472
80 267
66 369
181 319
167 421
214 267
5 93
29 487
43 385
63 71
142 364
216 313
276 364
307 431
408 483
40 87
67 190
193 329
172 206
191 256
232 257
292 308
383 426
94 323
42 133
121 426
195 375
286 493
234 303
19 149
24 493
46 252
93 98
170 318
211 319
244 267
271 370
362 488
436 437
35 93
21 195
59 487
73 385
95 144
100 488
114 386
174 437
287 314
347 365
72 160
438 483
70 87
149 380
223 329
264 330
314 447
0 257
74 206
112 498
225 375
390 442
450 493
54 493
128 442
202 391
150 201
188 493
491 494
241 319
12 267
144 386
125 144
177 334
278 386
28 211
88 262
129 263
162 211
181 453
179 380
220 381
294 330
468 483
385 448
445 499
44 155
82 447
104 206
257 448
269 273
255 375
7 273
81 222
29 32
67 324
172 340
158 442
232 391
180 201
259 494
292 442
306 340
6 48
56 165
9 319
42 267
97 166
135 458
248 335
308 386
368 437
60 284
132 160
21 329
95 278
475 499
227 397
260 345
287 448
361 397
89 463
37 273
111 222
264 464
303 392
322 442
336 340
0 391
36 48
363 443
96 99
127 166
206 459
187 217
247 268
338 386
389 426
16 335
164 233
150 335
241 453
315 402
34 160
139 176
92 330
125 278
166 279
218 469
226 330
317 448
391 397
28 345
50 104
143 295
160 464
201 273
242 274
294 464
27 120
13 222
32 464
44 289
178 289
219 290
236 459
310 408
7 407
43 64
48 408
120 284
254 284
345 402
23 351
4 109
83 402
157 351
105 161
231 300
446 454
248 469
196 279
289 470
60 418
25 397
159 397
233 346
324 464
272 274
398 413
57 120
62 464
84 223
98 121
136 413
134 340
175 341
208 289
39 480
340 408
37 407
59 166
14 423
36 182
127 300
75 110
228 352
319 470
11 125
52 126
38 228
90 418
112 177
164 367
453 470
203 295
263 346
15 244
92 464
166 413
240 362
226 464
205 341
31 188
17 290
91 239
182 357
256 306
242 408
316 357
407 475
11 475
85 424
66 182
219 424
167 234
291 300
318 403
29 300
122 491
120 418
161 419
194 367
221 470
235 368
6 316
23 485
64 486
97 434
119 193
105 295
210 311
196 413
270 362
22 260
3 18
402 481
94 136
99 480
121 239
135 137
173 429
214 430
286 306
272 408
346 357
84 357
115 424
189 373
175 475
249 424
1 322
18 491
59 300
152 491
174 250
191 419
224 367
325 419
3 368
77 317
58 75
127 434
75 244
149 193
168 435
228 486
302 435
267 414
300 362
401 414
0 70
38 362
79 363
170 481
203 429
244 430
277 378
304 481
106 496
147 497
128 255
188 306
205 475
279 424
320 425
31 322
12 80
17 424
53 81
91 373
380 476
182 491
130 301
355 419
47 266
181 266
198 435
179 193
5 40
10 384
32 143
65 91
392 486
82 260
156 209
109 363
183 312
197 210
257 261
274 430
334 481
7 86
12 430
67 137
86 379
177 497
210 445
259 307
350 425
61 322
9 132
121 373
135 271
253 492
286 440
327 441
19 96
24 440
46 199
65 441
98 389
63 368
137 317
151 215
288 486
362 435
403 436
35 40
114 333
62 143
213 312
339 451
72 107
77 451
378 379
37 86
75 378
116 379
176 430
190 328
281 446
341 497
415 446
14 102
19 446
74 153
79 497
165 271
192 374
225 322
266 323
51 169
30 46
16 148
54 440
95 441
128 389
155 492
417 492
301 317
31 456
72 457
433 436
70 384
144 333
92 143
130 435
204 384
278 333
369 451
410 452
28 158
107 451
160 277
146 379
220 328
280 379
5 174
32 277
371 497
44 102
49 446
104 153
123 395
145 154
183 446
257 395
296 323
26 462
7 220
67 271
125 441
199 390
273 339
259 441
61 456
9 266
83 215
97 113
102 457
157 164
248 282
234 384
275 385
308 333
60 231
8 41
46 333
440 452
25 210
99 159
178 452
159 210
252 401
250 328
2 226
76 175
62 277
136 226
153 395
134 153
213 446
227 344
287 395
328 396
39 293
20 51
452 462
37 220
111 169
152 170
138 272
231 463
264 411
229 390
303 339
14 236
55 237
41 339
206 406
266 457
305 385
30 180
16 282
90 231
131 232
164 180
222 350
241 400
282 401
20 401
53 349
106 175
92 277
226 277
284 447
317 395
358 396
418 447
50 51
96 396
160 411
108 221
220 462
261 463
335 412
32 411
11 288
44 236
85 237
197 478
219 237
310 355
296 457
337 458
370 406
48 355
29 113
34 457
122 304
139 473
120 231
161 232
23 298
372 452
45 57
50 401
124 350
196 226
349 468
8 175
25 344
173 242
159 344
250 462
291 463
324 411
365 412
76 309
24 119
29 463
62 411
84 170
425 463
227 478
175 288
276 340
6 479
340 355
326 457
18 304
4 406
78 355
59 113
100 114
138 406
152 304
243 422
191 232
303 473
344 474
55 371
41 473
77 130
94 299
168 248
30 314
57 417
38 175
112 124
117 468
131 366
203 242
230 345
356 484
15 191
395 412
455 463
59 463
92 411
147 310
207 361
205 288
298 479
432 479
31 135
91 186
397 458
108 355
182 304
242 355
283 356
333 473
374 474
11 422
47 79
33 181
71 473
85 371
145 422
167 181
198 248
184 350
258 299
48 489
101 315
87 417
450 469
109 176
221 417
386 484
427 485
177 310
237 361
297 412
462 479
66 479
121 186
200 479
214 377
313 356
24 253
65 254
84 304
98 202
115 371
63 181
175 422
276 474
18 438
100 248
174 197
193 439
325 366
366 367
3 315
77 264
457 485
116 192
228 433
267 361
19 259
0 17
52 207
93 208
170 428
230 479
304 428
343 356
147 444
95 254
128 202
155 305
169 203
205 422
320 372
380 423
58 372
108 489
149 490
283 490
295 315
322 418
355 366
33 315
148 265
167 315
198 382
146 192
184 484
225 485
258 433
10 331
51 332
32 90
299 434
101 449
123 208
109 310
183 259
274 377
334 428
26 275
7 33
375 429
67 84
177 444
158 202
199 203
278 496
9 79
102 270
179 490
253 439
327 388
387 439
65 388
63 315
151 162
178 265
211 213
238 316
269 383
255 485
329 434
2 39
40 331
62 90
114 280
141 383
389 485
153 208
213 259
306 450
42 377
116 326
190 275
176 377
281 393
267 495
341 444
382 445
0 151
46 496
79 444
93 342
132 270
206 219
357 388
343 490
384 491
16 95
21 439
95 388
155 439
169 337
417 439
208 265
394 455
72 404
171 383
245 332
14 399
69 106
148 399
129 157
146 326
220 275
247 378
321 327
32 224
338 496
371 444
11 101
49 393
71 152
123 342
197 291
472 496
26 409
48 168
34 270
414 491
139 286
125 388
259 388
424 455
23 111
28 455
50 214
83 162
124 163
162 455
215 281
201 383
275 332
27 230
13 332
44 399
25 157
99 106
104 450
118 348
178 399
238 450
252 348
103 225
442 445
153 342
328 343
39 240
18 117
4 219
56 409
78 168
97 410
138 219
157 461
231 410
229 337
55 184
41 286
132 404
206 353
30 127
16 229
131 179
117 281
134 450
208 399
222 297
282 348
309 451
111 466
59 276
92 224
245 466
224 343
284 394
36 292
17 50
69 240
449 461
127 410
108 168
187 461
30 477
85 184
71 286
145 235
186 236
236 353
277 354
263 456
337 405
48 302
122 251
101 128
139 420
221 230
372 399
64 246
124 297
289 364
275 466
25 291
66 292
99 240
118 482
140 241
200 292
217 461
2 307
43 308
29 410
103 359
351 461
115 184
194 477
175 235
216 236
276 287
1 82
307 354
18 251
4 353
45 354
78 302
119 303
193 252
367 405
210 421
270 472
344 421
22 370
8 472
94 246
168 195
154 297
346 467
57 364
170 241
1 432
20 482
73 308
54 66
59 410
133 359
147 257
207 308
224 477
205 235
422 462
399 478
31 82
17 184
58 185
72 83
96 477
75 354
108 302
223 252
209 354
283 303
374 421
434 472
33 128
38 472
112 421
126 319
184 297
277 488
15 488
376 467
128 365
353 483
31 432
12 190
50 482
64 380
86 139
91 483
177 257
163 359
278 309
369 427
388 477
429 478
66 426
88 185
167 478
179 303
406 494
43 442
65 201
82 370
63 128
142 421
156 319
216 370
276 421
290 319
307 488
255 298
464 472
441 488
482 489
67 247
100 195
141 196
193 386
191 313
232 314
292 365
3 262
383 483
56 88
61 432
94 380
116 139
121 483
135 381
195 432
360 499
19 206
93 155
98 499
459 478
244 324
285 325
271 427
436 494
35 150
21 252
73 442
95 201
155 252
174 494
260 268
347 422
72 217
89 386
70 144
75 488
111 145
130 195
209 488
223 386
264 387
262 314
14 212
0 314
33 262
47 160
74 263
126 453
148 212
239 330
299 381
51 279
32 37
390 499
68 448
49 206
123 155
109 257
150 258
202 448
241 376
274 324
301 427
315 325
12 324
53 325
466 494
144 443
125 201
204 494
218 392
28 268
9 26
88 319
102 217
129 320
162 268
179 437
294 387
280 489
5 284
327 335
27 43
65 335
44 212
63 262
156 453
178 212
197 454
269 330
255 432
329 381
172 397
153 155
292 499
6 105
39 53
56 222
4 32
9 376
83 325
97 223
116 273
157 274
234 494
382 392
368 494
60 341
46 443
151 459
192 268
233 269
285 459
35 284
21 386
95 335
169 284
134 263
208 212
260 402
361 454
39 403
20 161
72 351
185 228
171 330
245 279
262 448
336 397
322 499
377 398
36 105
127 223
187 274
247 325
268 498
51 413
30 290
11 48
49 340
71 99
90 341
164 290
439 495
263 269
48 115
53 459
139 233
92 387
166 336
226 387
391 454
28 402
69 403
50 161
102 351
129 454
143 352
215 228
201 330
275 279
5 418
27 177
13 279
44 346
25 104
66 105
104 397
118 295
178 346
219 347
269 464
217 274
310 465
2 120
7 464
29 223
103 172
122 414
120 341
194 290
6 239
345 459
23 408
4 166
78 115
83 459
105 218
210 234
196 336
270 285
22 183
55 131
421 454
159 454
233 403
272 331
35 418
398 470
136 470
84 280
117 228
134 397
175 398
208 346
222 244
20 295
340 465
37 464
73 121
78 465
111 413
133 172
212 465
14 480
55 481
325 342
96 290
127 357
113 459
228 409
11 182
52 183
38 285
85 131
90 475
203 352
277 301
263 403
15 301
469 471
87 177
128 178
166 470
188 229
240 419
279 347
64 193
17 347
91 296
143 486
182 414
163 172
316 414
66 239
140 188
167 291
217 408
291 357
332 358
318 460
43 255
29 357
103 306
423 476
82 183
120 475
142 234
194 424
6 373
97 491
45 301
105 352
193 199
210 368
158 178
270 419
3 75
8 419
61 245
94 193
121 296
173 486
195 245
286 363
272 465
346 414
98 312
84 414
115 481
170 188
249 481
230 239
1 379
288 409
73 255
21 65
59 357
100 358
114 256
133 306
147 204
265 425
399 425
58 132
127 491
75 301
149 250
209 301
314 317
0 127
33 75
112 368
186 317
165 194
244 487
225 245
277 435
15 435
376 414
68 261
54 363
101 209
128 312
188 363
202 261
353 430
394 431
17 481
53 138
91 430
144 256
163 306
204 307
256 497
355 476
47 323
28 81
33 425
66 373
107 374
181 323
198 492
179 250
332 492
406 441
5 97
10 441
156 266
183 369
216 317
274 487
307 435
348 436
408 487
7 143
81 92
158 312
22 451
383 430
424 431
42 137
121 430
135 328
162 431
286 497
234 307
327 498
360 446
98 446
46 256
137 374
362 492
436 441
40 441
95 148
100 492
136 149
174 441
227 267
287 318
378 436
75 435
116 436
190 385
176 487
264 334
0 261
74 210
148 159
113 138
192 431
239 277
266 380
51 226
357 498
431 447
16 205
49 153
202 395
491 498
342 375
53 272
433 493
70 441
144 390
125 148
130 492
278 390
143 165
129 267
181 457
160 334
146 436
220 385
354 385
385 452
82 451
104 210
269 277
255 379
296 380
81 226
67 328
120 154
125 498
180 205
199 447
259 498
273 396
23 221
97 170
157 221
248 339
275 442
308 390
349 391
8 98
151 406
99 216
132 164
159 267
250 385
324 334
76 232
62 334
136 283
153 452
134 210
175 211
328 453
361 401
39 350
37 277
111 226
152 227
212 278
243 345
229 447
363 447
0 395
36 52
96 103
127 170
206 463
247 272
338 390
30 237
16 339
90 288
38 98
117 391
164 237
282 458
356 407
15 114
20 458
92 334
331 350
317 452
69 350
17 160
50 108
160 468
108 278
242 278
335 469
32 468
333 396
44 293
85 294
71 396
118 242
219 294
236 463
310 412
370 463
48 412
29 170
120 288
161 289
180 339
194 237
221 340
235 238
6 186
312 458
386 407
23 355
446 458
45 114
50 458
124 407
27 474
8 232
388 453
25 401
99 350
200 402
324 468
272 278
2 417
76 366
365 469
115 294
189 243
175 345
249 294
276 397
1 192
309 345
400 463
441 464
78 412
59 170
100 171
243 479
3 238
36 186
77 187
127 304
75 114
228 356
302 305
30 371
16 473
52 130
38 232
57 474
112 181
453 474
203 299
68 74
54 176
92 468
106 366
133 469
147 367
166 417
205 345
207 418
31 192
17 294
69 484
108 412
182 361
130 171
242 412
256 310
316 361
448 480
85 428
66 186
145 479
219 428
167 238
198 305
184 407
10 254
101 372
82 130
161 423
142 181
221 474
235 372
274 300
334 351
45 248
119 197
177 367
196 417
210 315
237 418
22 264
402 485
80 434
61 192
99 484
121 243
135 141
140 485
286 310
313 413
24 310
98 259
84 361
478 480
63 238
175 479
189 377
216 480
249 428
1 326
290 429
288 356
40 254
114 203
100 305
152 495
193 496
389 408
251 474
292 475
366 424
77 321
58 79
89 146
168 439
149 197
228 490
176 300
267 418
341 367
19 316
0 74
52 264
79 367
93 265
170 485
244 434
304 485
343 413
68 208
128 259
169 260
202 208
205 479
260 378
320 429
380 480
58 429
144 203
130 305
322 475
355 423
33 372
167 372
146 249
258 490
299 491
373 440
5 44
32 147
49 316
82 264
109 367
257 265
274 434
348 383
334 485
26 332
12 434
375 486
34 193
408 434
158 259
199 260
259 311
350 429
23 34
102 327
83 85
387 496
65 445
46 203
63 372
137 321
151 219
211 270
238 373
252 271
329 491
2 96
35 44
100 439
114 337
153 265
378 383
56 332
37 90
190 332
138 142
264 281
281 450
229 260
14 106
19 450
41 209
55 107
93 399
132 327
165 275
192 378
266 327
357 445
30 50
16 152
21 496
90 101
150 152
155 496
208 322
72 461
20 271
359 491
70 388
111 389
130 439
171 440
185 338
218 286
396 455
47 404
160 281
146 383
280 383
321 384
385 399
44 106
49 450
71 209
123 399
145 158
197 348
26 466
34 327
122 174
447 496
139 343
488 497
199 394
273 343
259 445
364 461
23 168
97 117
50 271
124 220
201 440
27 287
13 389
44 456
25 214
99 163
151 353
178 456
200 215
252 405
250 332
291 333
351 384
76 179
103 282
136 230
153 399
194 400
213 450
227 348
268 349
328 400
6 349
39 297
326 327
56 466
4 276
152 174
138 276
231 467
243 292
55 241
3 51
132 461
113 219
154 220
305 389
30 184
57 287
38 45
117 338
131 236
222 354
208 456
282 405
342 456
20 405
106 179
92 281
133 282
207 231
284 451
36 349
17 107
69 297
110 298
160 415
108 225
418 451
261 467
335 416
333 343
85 241
33 51
71 343
145 292
219 241
236 410
184 220
277 411
10 67
34 461
48 359
139 477
87 287
161 236
221 287
312 405
64 303
45 61
50 405
124 354
215 472
163 282
196 230
289 421
27 421
8 179
388 400
66 349
99 297
140 298
365 416
24 123
29 467
103 416
115 241
189 190
268 483
276 344
1 139
6 483
340 359
18 308
4 410
40 67
78 359
105 462
152 308
193 309
210 478
251 287
22 427
55 375
443 457
168 252
228 303
360 422
420 473
52 77
79 180
117 472
230 349
395 416
73 365
54 123
59 467
133 416
155 175
455 467
205 292
246 293
298 483
31 139
17 241
58 242
110 432
108 359
223 309
209 411
374 478
47 83
33 185
52 427
107 134
112 478
126 376
186 427
198 252
258 303
299 304
10 201
450 473
49 129
87 421
161 370
188 473
235 319
293 489
26 145
12 247
64 437
86 196
163 416
278 366
61 139
66 483
88 242
140 432
162 191
179 360
313 360
5 207
43 499
65 258
82 427
63 185
115 375
142 478
290 376
288 303
18 442
381 494
40 201
67 304
141 253
158 422
232 371
265 319
292 422
306 320
366 371
457 489
42 247
135 438
308 366
19 263
0 21
79 314
368 417
132 140
211 433
244 381
271 484
285 382
147 448
95 258
169 207
155 309
246 427
320 376
347 479
380 427
20 84
58 376
70 201
130 252
171 253
223 443
264 444
283 494
262 371
295 319
322 422
47 217
0 371
33 319
74 320
165 438
146 196
198 386
239 387
247 248
299 438
51 336
32 94
373 387
49 263
123 212
109 314
150 315
241 433
274 381
301 484
375 433
7 37
34 140
139 156
350 376
28 325
102 274
88 376
162 325
201 253
313 494
5 341
27 100
13 202
65 392
25 27
63 319
118 218
269 387
255 489
81 336
67 438
141 387
172 454
153 212
180 315
213 263
306 454
39 110
56 279
42 381
83 382
116 330
157 331
231 280
405 433
248 449
60 398
132 274
233 326
266 274
35 341
16 99
384 495
136 393
260 459
39 460
20 218
72 408
359 438
111 336
92 94
171 387
185 285
110 111
148 403
146 330
187 331
321 331
51 470
412 449
11 105
16 449
71 156
263 326
34 274
414 495
139 290
125 392
166 393
240 342
226 444
331 460
64 116
102 408
143 409
215 285
5 475
316 337
27 234
407 455
44 403
66 162
104 454
178 403
219 404
252 352
217 331
2 177
43 178
29 280
103 229
442 449
268 296
254 398
6 296
419 465
119 173
105 275
157 465
231 414
229 341
270 342
22 240
8 342
41 290
55 188
99 460
154 167
233 460
305 336
35 475
76 476
57 234
84 337
117 285
426 427
282 352
20 352
73 178
59 280
111 470
133 229
152 471
284 398
17 54
96 347
110 245
449 465
261 414
302 415
300 342
30 481
52 240
38 342
85 188
112 291
126 189
164 481
186 240
203 409
263 460
337 409
10 14
101 132
106 476
240 476
188 286
293 302
279 404
64 250
12 60
17 404
50 352
91 353
215 419
316 471
355 399
80 194
167 348
200 296
217 465
258 466
24 70
29 414
194 481
142 291
216 240
235 482
276 291
6 430
367 409
45 358
119 307
67 117
105 409
193 256
210 425
270 476
344 425
3 132
77 81
94 250
135 251
195 302
346 471
24 420
98 369
79 127
170 245
271 297
1 436
288 466
362 415
73 312
54 70
100 415
133 363
147 261
174 364
224 481
265 482
298 430
422 466
399 482
3 482
72 87
58 189
77 431
89 256
75 358
397 409
223 256
283 307
314 374
0 184
33 132
74 133
112 425
198 199
277 492
10 148
15 492
51 149
376 471
101 266
49 76
54 420
109 127
188 420
202 318
293 436
353 487
394 488
26 92
12 194
31 436
86 143
427 436
130 415
163 363
218 262
278 313
295 482
369 431
429 482
33 482
107 431
88 189
167 482
181 380
179 307
253 256
280 359
5 154
10 498
13 15
371 477
404 425
156 323
104 133
183 426
216 374
257 375
307 492
348 493
7 200
81 149
67 251
86 493
119 441
172 267
158 369
232 318
482 493
383 487
424 488
56 92
42 194
121 487
135 385
195 436
248 262
234 364
308 313
19 210
60 211
46 313
459 482
151 329
211 380
285 329
271 431
436 498
35 154
114 447
477 499
260 272
213 426
287 375
347 426
39 273
20 31
72 221
89 390
116 493
190 442
264 391
262 318
322 369
0 318
148 216
454 488
165 385
113 195
225 436
239 334
266 437
299 385
51 283
68 452
16 262
90 211
150 262
241 380
301 431
466 498
70 498
144 447
125 205
166 206
204 498
218 396
317 375
28 272
69 273
102 221
129 324
143 222
220 442
5 288
354 442
32 391
13 149
118 165
269 334
255 436
310 335
370 386
7 334
81 283
29 93
34 437
180 262
273 453
23 278
9 380
97 227
157 278
372 432
248 396
196 206
349 448
382 396
60 345
8 155
151 463
99 273
132 221
159 324
173 222
285 463
35 288
384 442
62 391
136 340
425 443
134 267
208 216
227 458
361 458
39 407
20 165
326 437
359 385
37 334
111 283
212 335
243 402
303 453
14 350
36 109
41 453
127 227
113 329
247 329
305 499
30 294
11 52
16 396
164 294
117 448
150 396
338 447
439 499
203 222
315 463
263 273
356 464
15 171
106 289
240 289
391 458
432 459
69 407
129 458
182 284
215 232
448 498
44 350
85 351
66 109
71 453
219 351
217 278
318 330
43 125
29 227
122 418
444 469
235 295
221 397
6 243
345 463
386 464
18 68
4 170
97 361
119 120
196 340
330 340
22 187
25 458
173 356
121 166
200 459
272 335
398 474
76 423
24 233
98 182
84 284
115 351
175 402
249 351
1 249
18 418
78 469
59 227
100 228
133 176
174 177
265 295
251 397
325 346
55 485
3 295
110 192
416 464
75 171
113 463
154 464
168 362
228 413
30 428
52 187
126 136
112 238
131 480
186 187
203 356
87 181
128 182
166 474
188 233
380 403
17 351
91 300
108 469
163 176
242 469
316 418
85 485
33 295
107 244
219 485
332 362
10 311
43 259
392 413
423 480
82 187
161 480
235 429
183 239
334 408
7 13
45 305
86 306
119 254
210 372
158 182
311 424
22 321
61 249
121 300
214 491
286 367
313 470
346 418
19 23
98 316
46 126
84 418
387 419
189 434
137 244
290 486
1 383
288 413
114 260
100 362
174 311
265 429
339 378
325 480
399 429
3 429
77 378
89 203
75 305
116 306
149 254
168 496
176 357
190 255
314 321
341 424
19 373
52 321
74 80
79 424
401 475
244 491
51 96
357 368
343 470
68 265
54 367
376 418
169 317
155 419
202 265
417 419
293 383
279 485
394 435
31 383
17 485
53 142
58 486
91 434
144 260
130 362
204 311
295 429
355 480
47 327
33 429
107 378
88 136
167 429
181 327
198 496
179 254
220 255
332 496
373 497
5 101
32 204
49 373
82 321
109 424
123 322
183 373
472 476
348 440
408 491
141 147
172 214
158 316
232 265
364 384
350 486
424 435
23 91
61 383
88 486
102 384
135 332
162 435
46 260
426 481
137 378
211 327
252 328
238 430
362 496
2 153
76 102
153 322
213 373
347 373
56 389
438 491
479 492
190 389
138 199
176 491
229 317
262 265
14 163
0 265
41 266
74 214
93 456
132 384
113 142
165 332
266 384
431 451
30 107
68 399
169 451
117 261
150 209
241 327
282 328
342 379
433 497
70 445
144 394
130 496
218 343
317 322
47 461
69 220
143 169
468 491
146 440
220 389
280 440
321 441
335 339
32 338
85 164
104 214
197 405
7 281
48 282
29 40
34 384
122 231
180 209
273 400
312 328
372 379
97 174
50 328
83 276
124 277
157 225
215 395
201 497
248 343
275 446
60 292
13 446
461 473
25 271
99 220
151 410
159 271
252 462
250 389
324 338
2 287
351 441
62 338
103 339
84 97
115 164
39 354
326 384
18 231
4 333
37 281
152 231
229 451
363 451
55 298
36 56
41 400
127 174
113 276
206 467
319 344
30 241
379 395
90 292
38 102
117 395
131 293
439 446
222 411
282 462
230 272
15 118
106 236
166 287
207 288
205 215
331 354
31 62
17 164
36 406
69 354
91 113
96 457
108 282
160 472
182 231
242 282
333 400
434 452
219 298
184 277
411 468
48 416
386 411
446 462
45 118
124 411
105 169
163 339
196 287
237 288
289 478
22 134
8 236
27 478
297 339
25 405
66 406
272 282
365 473
43 422
24 180
103 473
115 298
189 247
249 298
276 401
1 196
340 416
381 417
18 365
4 467
40 124
78 416
100 175
119 417
152 365
193 366
191 293
243 483
441 468
55 432
77 191
94 360
75 118
116 119
154 411
168 309
228 360
319 478
52 134
38 236
57 478
93 135
170 355
230 406
395 473
68 78
54 180
73 422
128 129
147 371
155 232
207 422
205 349
246 350
31 196
17 298
58 299
91 247
110 489
70 124
130 175
209 468
223 366
283 417
448 484
52 484
33 242
85 432
186 484
167 242
198 309
184 411
258 360
299 361
10 258
390 479
423 427
101 376
82 134
87 478
109 237
123 135
161 427
235 376
274 304
26 202
12 304
64 494
86 253
177 371
163 473
237 422
311 371
402 489
135 145
121 247
162 248
214 438
253 366
313 417
65 315
115 432
290 433
238 243
288 360
18 499
329 361
389 412
114 207
100 309
141 310
174 258
191 427
306 377
366 428
3 376
77 325
89 150
135 495
116 253
176 304
281 320
267 422
341 371
19 320
0 78
41 79
79 371
93 269
368 474
132 197
244 438
192 248
285 439
473 490
68 212
95 315
155 366
260 382
320 433
53 89
58 433
359 361
70 258
130 309
204 258
245 259
295 376
74 377
107 325
148 326
198 443
146 253
239 444
299 495
247 305
10 392
51 393
32 151
373 444
49 320
123 269
109 371
150 372
257 269
274 438
26 336
7 94
12 438
34 197
48 95
86 387
375 490
259 315
350 433
23 38
9 140
28 382
102 331
451 485
201 310
327 449
60 105
426 428
25 84
63 376
118 275
137 325
238 377
269 444
329 495
403 444
2 100
7 444
40 392
62 151
81 393
141 444
153 269
463 495
213 320
254 321
39 167
345 439
378 387
56 336
4 146
42 438
78 95
83 439
138 146
157 388
281 454
229 264
405 490
19 454
55 111
60 455
93 403
421 434
132 331
206 280
192 382
357 449
398 450
35 398
16 156
95 449
117 208
134 377
208 326
222 224
20 275
359 495
37 444
70 392
111 393
171 444
185 342
245 393
284 321
14 460
110 168
96 270
113 439
261 337
247 439
352 455
11 162
49 454
90 455
145 162
236 280
263 383
26 470
296 331
428 450
87 157
166 450
240 399
64 173
143 466
124 224
215 342
201 444
316 394
27 291
440 460
44 460
140 168
252 409
200 219
217 388
291 337
2 234
43 235
29 337
76 183
103 286
351 388
120 455
268 353
254 455
328 404
1 9
326 331
97 471
152 178
105 332
138 280
231 471
243 296
229 398
344 348
3 55
435 466
132 465
173 466
346 394
38 49
117 342
208 460
249 461
282 409
323 410
20 409
73 235
59 337
106 183
147 184
185 476
207 235
224 404
284 455
358 404
36 353
17 111
58 112
110 302
433 446
108 229
149 230
261 471
302 472
335 420
11 296
33 55
38 399
71 347
112 348
126 246
186 297
277 415
337 466
411 415
10 71
15 415
376 394
101 189
202 241
188 343
279 461
312 409
353 410
64 307
50 409
91 410
124 358
177 184
163 286
215 476
256 477
27 425
388 404
80 251
66 353
140 302
214 251
200 353
291 471
365 420
406 421
43 369
29 471
82 297
276 348
6 487
367 466
4 414
40 71
100 122
105 466
193 313
210 482
191 240
344 482
22 431
383 410
443 461
42 117
135 308
154 358
195 359
286 477
360 426
420 477
19 133
57 425
79 184
170 302
395 420
73 369
59 471
100 472
174 421
207 369
246 297
36 487
110 436
58 246
347 349
89 313
75 415
223 313
209 415
283 364
314 431
415 483
47 87
33 189
52 431
107 138
186 431
184 358
51 206
390 426
68 375
49 133
54 477
87 425
188 477
202 375
450 477
301 354
26 149
31 493
86 200
177 318
130 472
204 421
218 319
369 488
80 385
66 487
140 436
88 246
179 364
253 313
313 364
5 211
354 365
404 482
82 431
156 380
137 138
142 482
183 483
257 432
255 359
381 498
7 257
40 205
67 308
119 498
193 447
158 426
232 375
306 324
292 426
366 375
56 149
135 442
116 200
195 493
248 319
19 267
368 421
46 370
151 386
137 488
211 437
192 195
271 488
285 386
343 364
21 313
169 211
155 313
475 483
260 329
246 431
361 381
347 483
72 278
58 380
452 499
37 257
111 206
264 448
322 426
14 273
0 375
74 324
148 273
363 427
487 493
146 200
225 493
239 391
247 252
266 494
49 267
123 216
241 437
301 488
53 386
34 144
199 211
226 314
317 432
50 88
143 279
179 498
5 345
354 499
27 104
44 273
25 31
104 324
118 222
178 273
238 324
269 391
329 442
370 443
43 48
67 442
81 340
172 458
120 268
153 216
180 319
194 217
254 268
6 166
97 284
83 386
157 335
105 145
248 453
382 453
55 58
8 212
41 160
60 402
173 279
159 381
206 227
324 448
76 346
62 448
134 324
208 273
249 274
309 325
39 464
37 391
460 494
59 150
138 443
171 391
185 289
212 392
377 459
36 166
74 458
96 217
110 115
127 284
113 386
261 284
247 386
321 335
30 351
11 109
16 453
38 212
90 402
164 351
412 453
453 454
263 330
414 499
106 346
87 104
166 397
226 448
331 464
69 464
143 413
91 223
182 341
201 391
215 289
256 290
316 341
27 238
44 407
85 408
66 166
118 356
145 459
219 408
318 387
122 475
103 233
442 453
194 351
142 161
221 454
235 352
268 300
6 300
18 125
4 227
23 469
45 228
97 418
105 279
119 177
157 469
196 397
330 397
22 244
8 346
99 464
121 223
272 392
76 480
24 290
98 239
189 357
249 408
323 357
309 459
1 306
18 475
59 284
152 475
224 351
265 352
251 454
325 403
36 300
77 301
58 59
110 249
89 126
75 228
149 177
168 419
187 469
209 228
300 346
30 485
52 244
38 346
112 295
126 193
186 244
203 413
263 464
304 465
10 18
15 362
101 136
87 238
188 290
205 459
279 408
293 306
353 357
12 64
17 408
91 357
163 233
204 234
316 475
295 352
355 403
66 300
181 250
167 352
258 470
5 24
101 486
82 244
156 193
142 295
235 486
307 362
348 363
45 362
119 311
67 121
105 413
193 260
210 429
158 239
311 481
22 378
8 480
61 306
121 357
387 476
24 424
60 81
46 183
84 475
98 373
137 301
170 249
211 250
1 440
288 470
362 419
40 368
21 126
73 316
100 419
422 470
463 471
265 486
399 486
3 486
77 435
89 260
75 362
149 311
190 312
223 260
281 430
415 430
0 188
38 480
74 137
79 481
93 379
165 255
266 307
68 322
49 80
128 373
202 322
293 440
241 250
394 492
26 96
31 440
53 199
91 491
70 368
278 317
295 486
369 435
429 486
28 142
107 435
470 487
146 363
179 311
253 260
280 363
13 19
371 481
44 86
82 378
104 137
123 379
183 430
197 328
257 379
348 497
296 307
7 204
482 497
67 255
141 204
447 476
172 271
158 373
199 374
232 322
259 425
364 441
23 148
9 250
56 96
61 440
83 199
135 389
162 492
248 266
308 317
60 215
137 435
159 194
271 435
285 333
250 312
35 158
21 260
62 261
114 451
153 379
287 379
347 430
20 35
56 446
37 204
116 497
171 204
229 374
0 322
41 323
74 271
132 441
206 390
192 492
30 164
16 266
68 456
90 215
150 266
315 333
301 435
53 333
185 452
166 210
218 400
226 261
143 226
160 395
146 497
201 204
280 497
321 498
354 446
27 51
13 153
71 323
104 271
197 462
219 221
310 339
296 441
370 390
7 338
29 97
172 405
180 266
221 267
23 282
9 384
97 231
124 334
157 282
372 436
215 452
196 210
289 401
349 452
60 349
8 159
99 277
233 277
324 395
365 396
2 344
425 447
24 103
62 395
134 271
175 272
227 462
268 463
1 119
37 338
78 339
152 288
212 339
243 406
303 457
377 406
55 355
36 113
41 457
96 164
127 231
113 333
154 334
228 283
319 401
30 298
379 452
90 349
131 350
117 452
15 175
106 293
166 344
207 345
240 293
205 272
298 463
331 411
432 463
31 119
17 221
69 411
110 412
143 360
108 339
182 288
242 339
333 457
11 406
66 113
71 457
107 114
145 406
219 355
198 232
184 334
217 282
43 129
29 231
120 349
161 350
235 299
221 401
386 468
45 175
124 468
105 226
237 345
270 293
22 191
8 293
462 463
140 412
121 170
200 463
2 478
43 479
24 237
98 186
115 355
249 355
290 356
276 458
1 253
340 473
381 474
18 422
40 181
73 129
78 473
100 232
114 130
193 423
191 350
325 350
55 489
3 299
77 248
94 417
168 366
154 468
228 417
176 227
302 366
267 345
93 192
126 140
131 484
170 412
244 361
304 412
68 135
73 479
106 427
128 186
147 428
155 289
279 355
31 253
17 355
58 356
91 304
70 181
108 473
182 422
256 371
283 474
295 299
47 197
33 299
107 248
198 366
184 468
258 417
299 418
318 468
10 315
332 366
82 191
123 192
109 294
161 484
183 243
235 433
274 361
334 412
26 259
12 361
86 310
158 186
350 356
80 495
61 253
9 63
121 304
179 474
253 423
327 372
313 474
24 371
65 372
46 130
115 489
189 438
137 248
329 418
362 366
40 315
114 264
62 74
100 366
141 367
389 469
191 484
265 433
306 434
366 485
3 433
39 90
77 382
56 259
42 361
89 207
176 361
341 428
382 429
14 33
0 135
19 377
41 136
74 84
79 428
93 326
165 202
244 495
401 479
51 100
357 372
343 474
68 269
16 79
21 423
54 371
95 372
169 321
417 423
260 439
72 388
53 146
359 418
70 315
144 264
130 366
204 315
245 316
262 485
28 89
69 90
74 434
107 382
129 141
148 383
160 208
220 259
280 310
10 449
51 450
371 428
49 377
183 377
257 326
274 495
348 444
7 151
12 495
139 270
125 372
172 218
364 388
28 439
9 197
83 146
88 490
102 388
124 147
162 439
201 367
234 315
5 455
27 214
426 485
151 280
104 434
137 382
238 434
250 259
2 157
76 106
62 208
81 450
254 378
345 496
4 203
37 151
157 445
190 393
231 394
93 460
41 270
132 388
113 146
192 439
206 337
266 388
431 455
30 111
16 213
35 455
57 214
90 162
117 265
134 434
282 332
342 383
20 332
70 449
111 450
185 399
245 450
69 224
17 34
108 152
146 444
187 445
220 393
247 496
261 394
32 342
321 445
335 343
11 219
85 168
71 270
123 460
145 219
164 461
236 337
296 388
337 389
48 286
34 388
122 235
87 214
120 162
161 163
240 456
273 404
312 332
23 229
64 230
50 332
372 383
215 399
275 450
349 399
27 348
13 450
25 275
118 466
252 466
250 393
2 291
76 240
351 445
103 343
115 168
194 461
328 461
6 410
18 235
367 389
78 286
152 235
105 389
138 337
229 455
270 456
344 405
55 302
3 112
41 404
94 230
168 179
154 281
228 230
319 348
305 450
117 399
222 415
170 225
282 466
230 276
323 467
356 415
20 466
106 240
147 241
207 292
224 461
298 410
399 462
17 168
91 117
108 286
182 235
223 236
335 477
283 287
333 404
374 405
11 353
434 456
38 456
71 404
112 405
186 354
236 471
184 281
277 472
15 472
101 246
87 348
161 297
188 400
221 348
312 466
353 467
26 72
45 122
50 466
64 364
86 123
91 467
124 415
177 241
237 292
289 482
297 343
27 482
80 308
66 410
429 462
88 169
200 410
365 477
43 426
24 184
65 185
404 405
63 112
189 251
1 200
307 472
381 421
18 369
4 471
45 472
119 421
193 370
441 472
191 297
251 348
292 349
22 488
3 246
77 195
75 122
121 467
168 313
195 416
267 292
360 483
19 190
57 482
98 483
395 477
68 82
21 236
54 184
73 426
133 477
147 375
155 236
174 478
207 426
246 354
89 370
70 128
75 472
130 179
149 421
283 421
471 472
314 488
448 488
47 144
33 246
107 195
126 437
148 196
186 488
184 415
225 416
239 314
299 365
10 262
51 263
390 483
101 380
49 190
87 482
202 432
274 308
301 411
26 206
334 359
86 257
466 478
163 477
204 478
278 427
28 252
9 10
88 303
102 201
140 493
162 252
179 421
181 494
354 422
65 319
478 488
82 488
63 246
137 195
156 437
178 196
216 488
238 247
257 489
255 416
269 314
290 437
7 314
40 262
329 365
389 416
172 381
158 483
232 432
292 483
157 258
190 206
281 324
267 426
60 325
41 83
46 427
473 494
132 201
170 493
211 494
285 443
343 421
35 268
21 370
95 319
155 370
134 247
246 488
287 489
361 438
72 335
20 145
58 437
359 365
37 314
185 212
171 314
322 483
14 330
0 432
396 432
165 499
146 257
187 258
299 499
247 309
338 427
90 325
150 376
241 494
26 340
12 442
53 443
139 217
240 269
317 489
350 437
23 42
9 144
50 145
102 335
5 402
65 453
44 330
393 484
104 381
426 432
252 279
217 258
2 104
7 448
29 207
43 105
62 155
141 448
120 325
194 274
6 223
345 443
56 340
9 494
78 99
83 443
97 341
105 202
157 392
229 268
55 115
41 217
60 459
206 284
159 438
233 387
398 454
30 58
136 454
134 381
222 228
309 382
20 279
73 105
59 207
92 155
111 397
171 448
185 346
212 449
224 274
284 325
14 464
36 223
110 172
96 274
127 341
476 495
187 392
261 341
247 443
321 392
30 408
11 166
85 115
71 217
145 166
478 495
203 336
236 284
263 387
15 285
106 403
87 161
139 351
188 213
64 177
91 280
124 228
215 346
201 448
242 449
256 347
316 398
27 295
13 397
25 222
80 121
200 223
217 392
318 444
43 239
29 341
103 290
351 392
392 393
268 357
6 357
97 475
45 285
78 233
105 336
270 403
330 454
22 301
3 59
8 403
94 177
173 470
121 280
154 228
195 229
57 295
98 296
84 398
131 244
222 362
170 172
249 465
323 414
1 363
73 239
59 341
133 290
147 188
174 291
207 239
224 408
284 459
36 357
77 358
96 408
110 306
75 285
149 234
302 476
300 403
11 300
52 301
33 59
38 403
112 352
186 301
203 470
184 228
277 419
337 470
10 75
51 76
376 398
101 193
202 245
293 363
279 465
31 363
12 121
17 465
64 311
91 414
413 465
177 188
163 290
204 291
237 239
256 481
295 409
355 460
28 65
66 357
88 116
140 306
167 409
332 476
5 81
43 373
156 250
142 352
216 301
257 302
348 420
367 470
408 471
40 75
45 419
67 178
105 470
119 368
172 194
193 317
210 486
292 296
22 435
383 414
42 121
121 414
286 481
360 430
420 481
19 137
24 481
79 188
98 430
170 306
271 358
35 81
21 183
40 425
59 475
95 132
246 301
339 492
58 250
89 317
37 127
70 75
149 368
176 471
190 369
223 317
314 435
438 471
415 487
14 143
47 91
52 435
74 194
93 436
126 384
165 312
299 312
51 210
49 137
54 481
90 138
109 188
128 430
188 481
202 379
241 307
293 497
301 358
26 153
31 497
70 425
144 374
218 323
204 425
28 199
102 148
88 250
129 251
143 149
181 441
179 368
220 369
253 317
280 420
5 215
294 318
32 318
13 76
354 369
82 435
123 436
104 194
156 384
183 487
197 385
257 436
445 487
255 363
7 261
81 210
67 312
141 261
172 328
120 138
158 430
180 189
273 380
6 36
23 205
42 255
56 153
61 497
97 154
135 446
157 205
248 323
234 425
308 374
368 425
60 272
46 374
151 390
132 148
211 441
159 251
285 390
95 266
153 436
134 194
227 385
287 436
361 385
39 334
20 92
89 451
37 261
111 210
138 313
171 261
212 262
264 452
262 379
303 380
0 379
74 328
148 277
127 154
113 256
165 446
187 205
206 447
266 498
51 344
338 374
16 323
90 272
150 323
241 441
315 390
301 492
342 493
356 391
15 98
53 390
106 216
125 266
166 267
226 318
331 334
317 436
28 333
418 488
50 92
129 385
143 283
160 452
294 452
333 380
44 277
25 35
104 328
178 277
219 278
393 431
269 395
7 395
48 396
34 498
122 345
120 272
221 324
6 170
345 390
386 391
23 339
4 97
9 441
83 390
97 288
105 149
124 391
157 339
196 267
248 457
22 114
60 406
25 385
173 283
159 385
324 452
76 350
57 108
62 452
98 109
136 401
189 227
175 329
309 329
39 468
340 396
400 447
4 447
37 395
78 396
138 447
152 345
212 396
243 463
460 498
251 324
14 411
377 463
96 221
113 390
319 458
352 406
30 355
11 113
16 457
52 114
57 458
90 406
453 458
203 283
263 334
304 335
106 350
87 108
166 401
207 402
110 469
91 227
108 396
182 345
256 294
242 396
316 345
11 463
448 464
145 463
167 222
258 340
318 391
43 186
122 479
142 165
221 458
235 356
45 232
105 283
237 402
297 453
22 248
8 350
61 176
140 469
121 227
173 417
214 418
286 294
272 396
76 484
98 243
46 53
84 345
137 171
249 412
290 413
1 310
18 479
114 187
152 479
174 238
193 480
251 458
325 407
3 356
77 305
58 63
89 130
75 232
94 474
168 423
176 284
228 474
302 423
267 402
52 248
0 58
79 351
126 197
401 402
170 469
203 417
304 469
15 366
68 192
54 294
188 294
205 463
279 412
293 310
353 361
31 310
12 68
17 412
53 69
91 361
70 238
144 187
182 479
223 480
256 428
80 202
33 356
181 254
198 423
258 474
332 423
10 372
32 131
101 490
82 248
197 198
235 490
348 367
334 469
26 316
7 74
12 418
45 366
67 125
158 243
311 485
259 295
61 310
9 120
135 259
162 362
195 310
253 480
327 429
24 428
60 85
46 187
65 429
98 377
151 203
137 305
189 495
238 357
1 444
271 305
288 474
362 423
403 424
40 372
21 130
100 423
114 321
174 372
339 439
39 147
77 439
56 316
37 74
75 366
116 367
176 418
190 316
281 434
341 485
415 434
14 90
93 383
74 141
79 485
266 311
357 429
68 326
21 480
417 480
169 378
155 480
260 496
241 254
301 305
394 496
70 372
144 321
130 423
171 424
204 372
218 270
295 490
336 491
369 439
33 490
69 147
74 491
107 439
148 440
160 265
146 367
220 316
470 491
280 367
321 368
32 265
13 23
371 485
44 90
49 434
104 141
109 485
123 383
183 434
197 332
236 260
296 311
7 208
48 209
34 311
81 157
273 327
364 445
23 152
9 254
28 496
97 101
201 424
8 29
46 321
63 490
99 147
159 198
238 491
252 389
351 368
76 163
62 265
136 214
442 486
227 332
287 383
328 384
39 281
111 157
190 450
138 260
231 451
243 276
229 378
303 327
14 224
55 225
41 327
363 378
454 496
495 497
132 445
113 203
192 496
266 445
30 168
90 219
164 168
117 322
134 491
208 440
282 389
342 440
185 456
226 265
284 435
317 383
358 384
108 209
220 450
261 451
335 400
32 399
11 276
71 327
145 276
219 225
236 394
184 204
296 445
310 343
48 343
29 101
34 445
122 292
120 219
273 461
221 271
312 389
23 286
97 235
50 389
124 338
372 440
215 456
196 214
22 61
8 163
99 281
173 230
214 231
200 333
250 450
425 451
24 107
62 399
103 400
115 225
268 467
276 328
1 123
6 467
340 343
367 446
59 101
100 102
152 292
193 293
243 410
191 220
251 271
344 462
3 169
41 461
94 287
168 236
154 338
319 405
30 302
379 456
57 405
38 163
79 164
117 456
131 354
222 472
170 282
420 457
230 333
356 472
15 179
395 400
73 349
59 451
207 349
205 276
298 467
31 123
17 225
36 467
110 416
397 446
223 293
209 395
283 344
333 461
374 462
85 359
71 461
107 118
112 462
126 360
167 169
186 411
198 236
318 338
450 457
87 405
161 354
386 472
86 180
124 472
177 298
163 400
297 400
402 416
25 466
66 467
140 416
214 365
162 175
462 467
253 293
313 344
43 483
24 241
65 242
98 190
404 462
115 359
63 169
156 360
175 410
290 360
276 462
1 257
18 426
40 185
100 236
174 185
193 427
251 405
292 406
3 303
77 252
457 473
42 231
75 179
116 180
168 370
267 349
19 247
93 196
131 488
368 401
170 416
230 467
343 344
73 483
54 241
95 242
207 483
155 293
260 309
246 411
31 257
380 411
58 360
70 185
108 477
130 236
149 478
126 494
148 253
181 201
146 180
299 422
51 320
32 78
49 247
161 488
202 489
301 468
26 263
7 21
12 365
34 124
375 417
177 432
158 190
278 484
80 499
61 257
102 258
214 499
179 478
253 427
327 376
313 478
5 325
354 479
65 376
46 134
387 427
238 304
269 371
255 473
329 422
389 473
114 268
62 78
67 422
141 371
172 438
153 196
232 489
213 247
306 438
39 94
56 263
42 365
116 314
405 417
176 365
231 264
267 483
308 484
19 381
93 330
41 140
46 484
132 258
206 207
343 478
35 325
16 83
21 427
95 376
117 135
155 427
169 325
260 443
208 253
72 392
70 319
111 320
144 268
171 371
262 489
396 489
0 489
69 94
74 438
148 387
146 314
187 315
220 263
261 264
32 212
338 484
412 433
11 89
49 381
164 331
150 433
472 484
12 499
48 156
34 258
414 479
125 376
240 326
226 428
259 376
273 274
350 494
391 495
9 201
64 100
88 494
102 392
124 151
129 495
162 443
201 371
215 269
5 459
467 490
178 387
252 336
238 438
217 315
250 263
2 161
76 110
29 264
81 454
103 213
120 382
153 330
227 279
254 382
268 280
419 449
18 105
4 207
56 397
78 156
97 398
157 449
231 398
270 326
55 172
41 274
421 495
94 100
132 392
192 443
233 444
305 320
35 459
57 218
131 167
117 269
134 438
208 387
222 285
282 336
309 439
323 337
20 336
342 387
106 110
92 212
111 454
133 213
185 403
224 331
284 382
36 280
17 38
127 398
108 156
160 346
187 449
261 398
335 347
300 326
11 223
85 172
164 465
112 275
145 223
186 224
203 393
236 341
277 342
337 393
15 342
101 116
139 408
161 167
240 460
312 336
64 234
12 44
124 285
163 213
256 404
289 352
316 455
27 352
13 454
80 178
200 280
217 449
291 398
351 449
392 450
24 54
84 105
175 223
216 224
268 414
1 70
307 342
18 239
367 393
45 342
78 290
119 291
210 409
344 409
22 358
94 234
42 44
154 285
168 183
195 286
228 234
319 352
346 455
19 60
57 352
79 111
84 455
98 353
189 471
222 419
230 280
323 471
1 420
73 296
59 398
207 296
339 415
399 466
31 70
17 172
58 173
96 465
108 290
149 291
223 240
209 342
283 291
314 358
300 460
11 357
52 358
33 116
126 307
186 358
184 285
15 476
376 455
101 250
87 352
128 353
109 111
161 301
353 471
26 76
12 178
64 368
86 127
91 471
237 296
278 297
369 415
80 312
28 122
61 70
88 173
167 466
181 364
214 312
429 466
43 430
65 189
404 409
82 358
63 116
142 409
156 307
290 307
276 409
307 476
255 286
40 132
45 476
119 425
193 374
172 251
158 353
191 301
292 353
383 471
56 76
94 368
116 127
121 471
135 369
176 178
195 420
234 348
267 296
360 487
93 143
46 297
79 245
459 466
170 363
244 312
285 313
271 415
35 138
21 240
73 430
114 431
147 379
155 240
174 482
246 358
287 359
347 410
89 374
111 133
149 425
223 374
264 375
314 492
322 353
14 200
0 302
47 148
52 492
74 251
239 318
299 369
51 267
390 487
123 143
109 245
128 487
241 364
274 312
12 312
53 313
34 71
466 482
144 431
125 189
177 379
204 482
218 380
226 241
278 431
317 359
47 498
28 256
9 14
80 446
88 307
102 205
129 308
181 498
253 374
294 375
280 477
27 31
13 133
123 493
197 442
238 251
255 420
329 369
7 318
81 267
67 369
141 318
158 487
180 246
292 487
6 93
56 210
9 364
42 312
97 211
248 380
234 482
308 431
368 482
60 329
41 87
46 431
473 498
151 447
159 308
192 256
233 257
250 426
324 375
384 426
16 30
21 374
95 323
136 324
153 493
227 442
260 390
20 149
37 318
185 216
171 318
212 319
245 267
262 436
303 437
322 487
336 385
363 488
377 386
148 334
96 144
127 211
113 313
247 313
51 401
338 431
30 278
11 36
16 380
90 329
150 380
439 483
241 498
315 447
356 448
375 498
15 155
34 205
53 447
414 426
92 375
125 323
240 273
226 375
331 391
317 493
28 390
50 149
129 442
143 340
215 216
13 267
333 437
44 334
25 92
66 93
104 385
145 386
178 334
219 335
393 488
217 262
310 453
444 453
81 401
122 402
103 160
120 329
194 278
180 380
254 329
345 447
386 448
4 154
9 498
45 155
97 345
105 206
157 396
210 222
196 324
231 345
446 499
22 171
8 273
421 442
25 442
99 391
173 340
159 442
233 391
76 407
57 165
98 166
84 268
136 458
134 385
175 386
208 334
222 232
249 335
1 233
20 283
309 386
340 453
37 452
73 109
59 211
111 401
133 160
152 402
212 453
224 278
14 468
55 469
36 227
416 448
476 499
113 447
187 396
228 397
261 345
30 412
11 170
90 463
38 273
112 222
131 464
164 412
203 340
277 289
263 391
15 289
428 458
106 407
87 165
128 166
188 217
205 386
279 335
31 233
64 181
143 474
242 453
316 402
44 468
66 227
140 176
219 469
258 397
291 345
318 448
332 346
29 345
423 464
82 171
194 412
142 222
6 361
334 392
97 479
45 289
210 356
237 459
270 407
311 408
22 305
3 63
8 407
435 474
135 182
173 474
24 351
98 300
84 402
115 469
189 418
323 418
288 397
59 345
100 346
191 464
224 412
265 413
399 413
3 413
58 120
89 187
75 289
127 479
176 341
209 289
341 408
52 305
0 115
33 63
38 407
126 254
165 182
203 474
244 475
15 423
376 402
68 249
54 351
128 300
202 249
188 351
293 367
353 418
394 419
31 367
12 125
17 469
53 126
91 418
144 244
130 346
177 192
204 295
256 485
295 413
355 464
47 311
28 69
80 259
88 120
107 362
167 413
181 311
198 480
332 480
280 290
373 481
406 429
32 188
65 136
156 254
109 408
142 356
183 357
197 255
257 306
274 475
7 131
12 475
45 423
158 300
232 249
259 352
292 300
350 470
383 418
9 177
42 125
83 126
121 418
195 367
286 485
19 141
24 485
46 244
60 142
65 486
98 434
151 260
211 311
271 362
403 481
35 85
62 188
136 137
174 429
227 255
213 357
72 152
378 424
89 321
75 423
438 475
190 373
264 322
281 491
19 491
93 440
74 198
165 316
239 265
192 419
266 368
51 214
357 486
431 435
30 91
54 485
90 142
128 434
169 435
241 311
301 362
342 363
53 260
433 481
70 429
144 378
92 188
125 136
130 480
204 429
218 327
245 430
278 378
369 496
47 445
28 203
69 204
143 153
129 255
148 497
160 322
146 424
220 373
294 322
468 475
385 440
44 147
49 491
123 440
183 491
257 440
486 492
296 368
34 368
67 316
122 215
172 332
158 434
259 486
6 40
83 260
157 209
248 327
289 328
275 430
349 379
60 276
8 86
46 378
440 497
25 255
151 394
178 497
252 446
2 271
62 322
475 491
153 440
227 389
39 338
37 265
78 266
152 215
212 266
14 281
0 383
36 40
55 282
113 260
187 209
319 328
305 430
30 225
16 327
90 276
38 86
164 225
338 378
222 395
241 445
282 446
356 395
15 102
20 446
166 271
226 322
317 440
358 441
69 338
17 148
96 441
129 389
108 266
182 215
294 456
333 384
11 333
44 281
71 384
85 282
145 333
219 282
434 436
236 451
310 400
411 452
43 56
29 158
48 400
103 107
120 276
161 277
6 174
312 446
372 497
64 344
97 292
105 153
196 271
289 462
297 323
22 118
27 462
99 338
173 287
159 389
200 390
214 288
324 456
76 354
24 164
62 456
84 215
98 113
103 457
189 231
249 282
276 385
1 180
309 333
340 400
400 451
59 158
212 400
191 277
251 328
55 416
3 226
36 174
77 175
94 344
75 102
228 344
319 462
30 359
453 462
52 118
38 220
79 221
230 390
304 339
15 236
395 457
147 355
133 457
207 406
31 180
17 282
91 231
108 400
182 349
130 159
209 452
448 468
47 124
33 226
66 174
85 416
258 344
10 242
87 462
142 169
221 462
274 288
334 339
64 478
12 288
119 185
177 355
163 457
210 303
237 406
297 457
402 473
80 422
61 180
121 231
162 232
286 298
313 401
65 299
115 416
63 226
137 175
175 467
189 365
290 417
1 314
389 396
114 191
193 484
174 242
265 360
3 360
77 309
94 478
75 236
228 478
176 288
341 355
19 304
0 62
52 252
79 355
401 406
170 473
244 422
192 232
304 473
54 298
147 489
205 467
246 468
293 314
320 417
31 314
17 416
70 242
144 191
223 484
204 242
425 482
295 360
336 361
322 463
355 411
33 360
148 310
181 258
258 478
5 32
10 376
32 135
51 377
101 494
123 253
109 355
183 304
197 202
274 422
348 371
26 320
34 181
67 129
177 489
125 299
199 248
311 489
259 299
28 366
9 124
102 315
162 366
451 469
327 433
387 484
60 89
46 191
65 433
25 68
63 360
151 207
178 310
269 428
288 478
329 479
2 84
40 376
62 135
67 479
81 377
114 325
463 479
213 304
306 495
39 151
37 78
78 79
116 371
176 422
190 320
264 269
281 438
229 248
341 489
382 490
55 95
41 197
79 489
206 264
192 366
357 433
35 382
16 140
21 484
95 433
117 192
155 484
169 382
417 484
208 310
241 258
20 259
53 207
359 479
70 376
111 377
92 135
144 325
171 428
185 326
336 495
470 495
148 444
129 202
146 371
220 320
247 423
321 372
32 269
44 94
85 95
71 197
197 336
296 315
48 213
34 315
122 162
447 484
139 331
125 433
199 382
226 485
364 449
9 258
50 259
64 157
83 207
124 208
201 428
275 377
27 275
8 33
13 377
44 444
440 444
99 151
104 495
159 202
178 444
238 495
252 393
250 320
2 218
103 270
136 218
194 388
227 336
254 439
39 285
4 264
97 455
152 162
138 264
212 213
243 280
303 331
55 229
3 39
41 331
94 157
113 207
132 449
154 208
30 172
16 274
57 275
131 224
117 326
134 495
208 444
222 342
282 393
309 496
342 444
20 393
92 269
133 270
185 460
224 388
284 439
36 337
17 95
69 285
96 388
110 286
108 213
127 455
160 403
209 265
85 229
33 39
145 280
219 229
184 208
310 347
10 55
15 399
48 347
139 465
87 275
221 275
312 393
413 445
50 393
124 342
215 460
163 270
289 409
22 65
27 409
25 336
66 337
140 286
214 235
200 337
291 455
365 404
2 352
29 455
103 404
84 162
142 332
175 280
276 332
1 127
6 471
307 399
18 296
4 398
45 399
119 348
100 106
105 450
340 347
210 466
367 450
251 275
344 466
22 415
77 122
383 394
94 291
168 240
319 409
360 410
19 117
52 65
79 168
117 460
170 286
230 337
54 111
147 302
155 163
246 281
31 127
36 471
72 128
110 420
397 450
209 399
283 348
314 415
374 466
11 414
47 71
33 173
52 415
126 364
198 240
184 342
258 291
10 189
390 410
101 307
49 117
87 409
128 410
161 358
202 359
450 461
26 133
31 477
177 302
163 404
402 420
61 127
66 471
102 128
181 421
82 415
63 173
142 466
156 364
290 364
288 291
40 189
114 138
100 240
119 482
141 241
193 431
158 410
191 358
3 307
457 477
61 477
42 235
94 425
116 184
135 426
176 235
267 353
308 354
19 251
368 405
79 302
170 420
244 369
271 472
343 348
35 195
21 297
114 488
147 436
169 195
246 415
361 365
347 467
72 262
452 483
89 431
70 189
111 190
130 240
171 241
223 431
264 432
262 359
14 257
47 205
126 498
148 257
165 426
239 375
225 477
299 426
51 324
338 354
68 493
123 200
109 302
164 201
183 251
202 493
315 370
12 369
53 370
34 128
86 318
139 144
125 246
144 488
177 436
218 437
350 364
9 71
50 72
88 364
129 365
179 482
253 431
27 88
13 190
63 307
118 206
151 154
178 257
238 308
269 375
255 477
2 31
81 324
62 82
67 426
141 375
172 442
389 477
213 251
306 442
6 150
39 98
345 370
405 421
9 421
97 268
157 319
231 268
248 437
308 488
382 437
19 385
206 211
159 365
192 313
324 432
35 329
384 483
136 381
117 139
227 499
260 447
361 499
39 448
72 396
359 426
37 375
460 478
212 376
245 324
262 493
336 442
377 443
14 391
437 494
36 150
69 98
74 442
96 201
127 268
148 391
160 216
187 319
51 458
352 386
338 488
412 437
11 93
49 385
90 386
150 437
164 335
472 488
263 314
48 160
414 483
87 88
166 381
240 330
226 432
331 448
28 447
64 104
69 448
102 396
129 499
242 376
5 463
275 324
27 222
13 324
316 325
44 391
118 340
66 150
104 442
145 443
178 391
219 392
43 166
81 458
103 217
120 386
268 284
254 386
6 284
419 453
18 109
4 211
78 160
97 402
105 263
119 161
157 453
210 279
196 381
231 402
330 381
55 176
173 397
154 155
272 376
117 273
175 443
20 340
111 458
59 268
133 217
152 459
224 335
36 284
17 42
96 335
110 233
127 402
449 453
187 453
228 454
209 212
261 402
30 469
11 227
52 228
85 176
164 469
186 228
277 346
337 397
106 464
87 222
161 171
240 464
188 274
205 443
279 392
64 238
12 48
17 392
91 341
182 459
163 217
316 459
355 387
80 182
140 233
181 234
258 454
5 8
29 402
103 351
392 454
115 176
156 177
142 279
194 469
216 228
235 470
6 418
18 243
367 397
45 346
119 295
105 397
210 413
158 223
270 464
311 465
3 120
8 464
94 238
42 48
168 187
195 290
19 64
24 408
98 357
211 234
1 424
362 403
73 300
21 110
59 402
100 403
114 301
133 351
147 249
174 352
265 470
3 470
72 75
58 177
77 419
89 244
75 346
176 398
314 362
300 464
374 413
0 172
74 121
112 413
126 311
186 362
277 480
225 290
51 137
68 306
49 64
54 408
101 254
109 115
128 357
293 424
353 475
26 80
12 182
53 183
86 131
91 475
144 301
130 403
218 250
295 470
369 419
167 470
404 413
82 362
156 311
216 362
307 480
348 481
86 481
119 429
141 188
172 255
158 357
259 409
292 357
56 80
42 182
61 424
83 183
121 475
135 373
162 476
360 491
60 199
46 301
98 491
151 317
137 419
211 368
285 317
271 419
40 486
21 244
95 193
136 194
213 414
287 363
72 209
378 481
75 480
111 137
116 481
149 429
171 188
264 379
262 306
322 357
14 204
93 497
74 255
148 204
239 322
225 424
266 425
51 271
390 491
431 492
16 250
90 199
128 491
150 250
169 492
315 317
301 419
342 420
53 317
70 486
144 435
125 193
218 384
245 487
226 245
69 261
102 209
143 210
146 481
294 379
280 481
5 276
354 430
27 35
32 379
44 204
118 153
104 255
178 204
197 446
257 497
370 374
7 322
34 425
67 373
122 272
172 389
158 491
199 492
180 250
372 420
9 368
83 317
97 215
157 266
248 384
275 487
308 435
349 436
22 41
8 143
46 435
99 261
132 209
159 312
173 210
233 261
324 379
2 328
76 277
62 379
136 328
84 138
425 431
227 446
175 256
39 395
326 425
37 322
111 271
59 81
152 272
185 220
243 390
303 441
377 390
0 440
41 441
437 441
187 266
228 267
247 317
305 487
30 282
11 40
90 333
164 282
117 436
150 384
338 435
379 436
203 210
53 451
106 277
92 379
166 328
240 277
226 379
331 395
317 497
432 447
69 395
143 344
129 446
108 323
215 220
242 323
333 441
44 338
85 339
66 97
118 287
393 492
217 266
258 267
310 457
444 457
43 113
29 215
48 457
103 164
120 333
161 334
180 384
194 282
221 385
235 283
6 231
386 452
18 56
23 400
45 159
83 451
97 349
105 210
124 452
210 226
196 328
270 277
22 175
8 277
388 498
25 446
421 446
159 446
214 345
233 395
2 462
24 221
98 170
136 462
115 339
175 390
276 442
309 390
340 457
18 406
73 113
59 215
78 457
133 164
212 457
325 334
3 283
77 232
75 159
113 451
168 350
228 401
302 350
30 416
38 277
277 293
263 395
304 396
15 293
68 119
106 411
128 170
166 462
188 221
207 463
205 390
31 237
17 339
108 457
182 406
130 216
163 164
85 473
33 283
107 232
167 283
258 401
332 350
318 452
10 299
392 401
423 468
101 417
82 175
161 468
142 226
274 345
45 293
119 242
177 412
196 462
210 360
237 463
61 237
121 288
195 237
214 479
272 457
313 458
327 356
24 355
98 304
46 114
84 406
115 473
189 422
387 407
290 474
1 371
288 401
40 299
114 248
100 350
174 299
389 453
265 417
213 227
325 468
366 469
77 366
89 191
168 484
190 243
176 345
14 17
401 463
225 237
51 84
343 458
16 63
54 355
202 253
320 474
394 423
31 371
17 473
53 130
58 474
144 248
130 350
295 417
355 468
47 315
28 73
69 74
107 366
181 315
396 469
146 294
179 242
280 294
5 89
10 433
32 192
371 412
123 310
183 361
257 310
274 479
348 428
26 377
7 135
81 84
34 238
86 428
408 479
172 202
158 304
199 305
232 253
259 356
364 372
350 474
23 79
61 371
83 130
88 474
102 372
135 320
234 299
5 439
60 146
65 490
426 469
63 417
137 366
252 316
238 418
403 485
2 141
76 90
62 192
100 484
114 382
136 141
141 485
153 310
213 361
227 259
287 310
347 361
39 208
378 428
56 377
37 135
116 428
479 480
138 187
176 479
264 326
281 495
229 305
14 151
0 253
19 495
41 254
93 444
456 496
132 372
113 130
165 320
192 423
206 321
431 439
35 439
68 387
169 439
117 249
150 197
241 315
282 316
342 367
20 316
53 264
433 485
70 433
111 434
130 484
144 382
171 485
185 383
218 331
245 434
47 449
143 157
129 259
160 326
220 377
261 378
247 480
321 429
32 326
385 444
44 151
49 495
71 254
85 152
123 444
145 203
164 445
183 495
296 372
48 270
125 490
199 439
180 197
259 490
6 44
23 213
9 315
83 264
97 162
124 265
201 485
289 332
27 332
8 90
159 259
200 260
252 450
291 378
324 326
2 275
351 429
24 34
136 275
84 85
115 152
153 444
194 445
227 393
254 496
268 394
1 50
39 342
328 445
18 219
4 321
78 270
138 321
243 337
303 388
344 389
363 439
55 286
3 96
41 388
127 162
113 264
154 265
206 455
16 331
38 90
117 383
131 281
222 399
282 450
356 399
15 106
20 450
224 445
298 394
284 496
358 445
31 50
36 394
91 101
96 445
110 343
108 270
160 460
418 496
242 270
335 461
374 389
11 337
33 96
71 388
145 337
236 455
277 456
310 404
10 112
48 404
101 230
87 332
221 332
312 450
45 106
50 450
124 399
163 327
196 275
237 276
289 466
22 122
297 327
388 445
99 342
140 343
214 292
489 497
24 168
98 117
84 219
175 337
276 389
381 405
18 353
441 456
40 112
78 404
100 163
243 471
251 332
22 472
55 420
77 179
75 106
154 399
228 348
319 466
360 467
19 174
52 122
57 466
79 225
170 343
244 292
230 394
395 461
54 168
147 359
155 220
205 337
279 286
31 184
72 185
58 287
110 477
108 404
149 405
130 163
182 353
223 354
283 405
11 471
85 420
126 421
107 179
186 472
167 230
198 297
258 348
10 246
101 364
82 122
161 415
109 225
235 364
274 292
26 190
64 482
86 241
237 410
297 461
402 477
80 426
61 184
102 185
162 236
179 405
313 405
5 252
65 303
82 472
115 420
137 179
290 421
255 400
288 348
329 349
114 195
67 349
100 297
141 298
193 488
158 467
191 415
232 416
292 467
306 365
366 416
56 190
42 292
94 482
116 241
135 483
168 431
176 292
281 308
341 359
19 308
0 66
41 67
79 359
368 462
473 478
132 185
170 477
285 427
68 200
95 303
169 252
155 354
260 370
320 421
72 319
58 421
89 488
70 246
144 195
130 297
223 488
245 247
264 489
262 416
47 262
0 416
33 364
396 416
165 483
146 241
198 431
239 432
247 293
299 483
51 381
32 139
373 432
101 498
49 308
123 257
109 359
197 206
241 478
274 426
26 324
53 427
34 185
86 375
139 201
125 303
177 493
199 252
259 303
391 422
23 26
28 370
88 421
102 319
162 370
451 473
294 489
327 437
5 386
65 437
13 247
25 72
104 365
178 314
269 432
329 483
67 483
103 140
172 499
213 308
254 309
39 155
18 32
4 134
56 324
78 83
116 375
405 478
229 252
382 494
19 442
60 443
41 201
421 422
192 370
233 371
266 319
324 489
398 438
30 42
16 144
21 488
95 437
169 386
208 314
72 453
20 263
359 483
92 139
133 140
185 330
245 381
336 499
284 309
14 448
69 155
96 258
113 427
146 375
187 376
247 427
261 325
321 376
352 443
412 494
16 494
49 442
71 201
85 99
90 443
164 392
236 268
296 319
122 166
428 438
139 335
87 145
166 438
240 387
226 489
102 453
50 263
124 212
215 330
275 381
13 381
440 448
25 206
66 207
99 155
104 499
118 397
178 448
200 207
219 449
252 397
291 325
351 376
43 223
29 325
442 494
268 341
254 443
328 392
6 341
4 268
78 217
119 218
105 320
152 166
210 336
196 438
243 284
270 387
22 285
3 43
8 387
55 233
94 161
154 212
305 381
346 382
57 279
131 228
84 382
117 330
222 346
465 499
249 449
282 397
323 398
328 424
133 274
207 223
224 392
284 443
358 392
36 341
17 99
110 290
108 217
209 269
302 460
300 387
52 285
38 387
186 285
203 454
184 212
337 454
10 59
376 382
79 442
87 279
161 228
188 331
293 347
312 397
64 295
50 397
413 449
256 465
355 444
80 239
66 341
140 290
214 239
167 393
388 392
291 459
332 460
29 459
65 116
103 408
115 233
156 234
142 336
268 475
276 336
6 475
307 403
408 455
45 403
119 352
67 162
100 110
105 454
210 470
191 228
3 177
77 126
94 295
42 105
121 398
168 244
360 414
19 121
98 414
230 341
1 481
21 167
54 115
59 459
133 408
147 306
155 167
298 475
246 285
72 132
397 454
89 301
438 455
149 352
223 301
209 403
283 352
374 470
415 471
52 419
0 229
74 178
126 368
165 296
198 244
10 193
51 194
450 465
49 121
54 465
109 172
128 414
150 173
188 465
202 363
293 481
301 342
427 481
86 188
177 306
163 408
278 358
369 476
28 183
66 475
102 132
107 476
181 425
179 352
253 301
280 404
5 199
313 352
65 250
13 60
445 471
82 419
142 470
183 471
257 420
7 245
81 194
67 296
119 486
172 312
158 414
306 312
457 481
56 137
42 239
61 481
116 188
135 430
157 189
19 255
60 256
93 204
368 409
151 374
137 476
285 374
271 476
21 301
95 250
136 251
155 301
169 199
260 317
213 471
361 369
347 471
39 318
58 368
72 266
89 435
452 487
111 194
149 486
171 245
262 363
0 363
74 312
148 261
165 430
266 482
299 430
338 358
49 255
90 256
164 205
150 307
202 497
241 425
301 476
375 425
53 374
139 148
125 250
144 492
166 251
28 317
69 318
50 76
129 369
143 267
220 487
201 245
294 436
5 333
354 487
118 210
178 261
219 262
269 379
329 430
370 431
2 35
7 379
29 138
34 482
67 430
122 329
120 256
172 446
180 307
194 205
232 497
273 498
6 154
345 374
23 323
4 81
83 374
157 323
105 133
248 441
196 251
349 493
60 390
8 200
41 148
46 492
99 318
132 266
159 369
173 267
233 318
250 487
384 487
76 334
57 92
425 488
134 312
208 261
249 262
309 313
20 210
37 379
111 328
59 138
460 482
212 380
243 447
262 497
14 395
0 497
36 154
437 498
127 272
113 374
187 323
261 272
352 390
338 492
30 339
11 97
52 98
38 200
71 148
117 493
150 441
263 318
15 216
87 92
240 334
226 436
331 452
69 452
124 159
182 329
27 226
407 447
44 395
85 396
118 344
145 447
219 396
467 498
217 323
43 170
29 272
103 221
122 463
409 493
120 390
194 339
142 149
180 441
221 442
235 340
6 288
268 288
18 113
23 457
97 406
119 165
105 267
485 488
210 283
330 385
22 232
99 452
233 452
24 278
57 226
84 329
115 396
189 345
497 498
249 396
309 447
18 463
59 272
133 221
174 222
224 339
265 340
251 442
325 391
36 288
77 289
89 114
75 216
149 165
168 407
228 458
302 407
300 334
52 232
112 283
186 232
203 401
263 452
304 453
15 350
106 468
87 226
128 227
188 278
205 447
31 294
12 52
17 396
91 345
182 463
130 273
163 221
204 222
256 412
295 340
355 391
80 186
33 340
107 289
198 407
332 407
5 12
10 356
392 458
82 232
156 181
142 283
183 284
235 474
307 350
348 351
334 453
119 299
105 401
210 417
311 469
61 294
135 243
121 345
286 412
360 361
346 463
387 464
24 412
46 171
63 340
137 289
151 187
189 479
271 289
1 428
362 407
21 114
114 305
174 356
213 284
3 474
77 423
58 181
37 58
116 351
149 299
176 402
190 300
341 469
415 418
14 74
0 176
19 418
38 468
52 366
74 125
79 469
225 294
357 413
54 412
128 361
169 362
202 310
293 428
394 480
31 428
72 429
91 479
70 356
144 305
130 407
204 356
218 254
278 305
295 474
369 423
33 474
107 423
88 181
167 474
470 475
146 351
220 300
280 351
5 146
10 490
32 249
44 74
49 418
109 469
123 367
257 367
255 294
7 192
81 141
67 243
86 485
122 142
447 464
158 361
199 362
232 310
259 413
273 311
23 136
9 238
56 84
83 187
102 429
135 377
162 480
248 254
234 356
46 305
63 474
99 131
137 423
159 182
211 372
252 373
250 300
2 198
35 146
114 439
136 198
477 491
213 418
287 367
347 418
39 265
20 23
378 485
56 434
111 141
116 485
138 244
171 192
190 434
264 383
14 208
55 209
41 311
74 259
454 480
113 187
266 429
431 496
30 152
35 496
90 203
169 496
117 306
150 254
241 372
315 321
342 424
53 321
70 490
144 439
218 388
226 249
317 367
69 265
143 214
129 316
418 419
160 383
146 485
280 485
321 486
32 383
44 208
118 157
71 311
236 378
310 327
296 429
370 378
7 326
122 276
461 496
120 203
199 496
180 254
273 445
6 101
312 373
4 28
50 373
83 321
97 219
215 440
248 388
349 440
22 45
8 147
13 491
60 337
25 316
151 455
173 214
159 316
200 317
233 265
250 434
324 383
365 384
351 486
76 281
24 91
62 383
84 142
425 435
227 450
1 107
39 399
4 378
37 326
59 85
78 327
138 378
152 276
243 394
229 496
377 394
363 496
55 343
36 101
77 102
127 219
113 321
154 322
228 271
305 491
379 440
16 388
90 337
38 147
131 338
439 491
222 456
203 214
263 265
356 456
92 383
133 384
298 451
331 399
432 451
31 107
17 209
36 451
69 399
91 158
108 327
182 276
333 445
11 394
85 343
393 496
145 394
186 395
219 343
434 497
198 220
184 322
310 461
10 169
43 117
48 461
409 440
101 287
161 338
235 287
386 456
45 163
124 456
210 230
163 384
196 332
22 179
8 281
25 450
61 107
66 451
121 158
2 466
43 467
24 225
98 174
313 328
404 446
115 343
189 292
464 497
216 395
290 344
381 462
18 410
114 118
193 411
191 338
265 287
251 389
325 338
416 456
94 405
75 163
154 456
168 354
176 215
302 354
267 333
126 128
131 472
230 451
68 123
54 225
128 174
147 416
169 175
188 225
207 467
246 395
279 343
320 344
31 241
380 395
70 169
108 461
149 462
223 411
283 462
47 185
33 287
85 477
126 478
167 287
181 185
146 164
258 405
299 406
332 354
10 303
49 231
82 179
123 180
161 472
202 473
274 349
86 298
177 416
158 174
311 416
80 483
162 293
253 411
327 360
313 462
387 411
115 477
63 287
137 236
156 478
238 288
288 405
329 406
40 303
21 61
100 354
114 252
141 355
174 303
153 180
232 473
213 231
265 421
3 421
77 370
56 247
89 195
267 467
341 416
382 417
93 314
79 416
132 242
165 190
244 483
357 360
35 309
21 411
54 359
68 257
95 360
155 411
260 427
320 478
394 427
72 376
53 134
70 303
171 355
204 303
262 473
295 421
336 422
47 319
33 421
69 78
107 370
148 371
220 247
247 350
280 298
51 438
371 416
197 263
183 365
257 314
348 432
26 381
7 139
12 483
34 242
48 140
139 258
350 478
23 83
28 427
162 427
215 253
201 355
275 304
27 202
60 150
65 494
426 473
63 421
104 422
118 320
151 268
238 422
269 489
2 145
7 489
62 196
76 94
136 145
180 417
213 365
254 366
345 484
4 191
78 140
83 484
116 432
157 433
231 382
281 499
229 309
479 484
19 499
55 156
93 448
330 361
421 479
132 376
113 134
206 325
233 428
266 376
357 494
398 495
30 99
16 201
35 443
57 202
95 494
117 253
131 151
136 495
169 443
208 371
222 269
342 371
20 320
37 489
70 437
474 490
171 489
284 366
69 212
17 22
96 315
108 140
187 433
261 382
247 484
11 207
49 499
85 156
145 207
164 449
236 325
296 376
337 377
48 274
122 223
428 495
87 202
125 494
240 444
312 320
23 217
64 218
124 269
215 387
163 197
201 489
289 336
8 94
13 438
25 263
99 212
140 213
200 264
2 279
43 280
24 38
351 433
84 89
115 156
194 449
175 207
268 398
1 54
6 398
18 223
4 325
78 274
152 223
105 377
138 325
193 224
243 341
196 495
229 443
344 393
55 290
3 100
8 444
346 439
379 387
38 94
79 95
117 387
131 285
282 454
230 264
20 454
59 382
207 280
358 449
399 450
36 398
110 347
91 105
96 449
108 274
149 275
223 224
209 326
314 342
11 341
434 444
126 291
112 393
184 269
277 460
411 460
15 460
87 336
161 285
188 388
221 336
312 454
353 455
26 60
50 454
91 455
163 331
388 449
80 296
429 450
88 157
200 398
179 275
406 466
43 414
65 173
103 465
82 342
63 100
142 393
189 239
290 291
276 393
307 460
18 357
4 459
441 460
119 409
141 168
191 285
232 286
251 336
22 476
3 234
383 455
56 60
42 162
94 352
121 455
135 353
154 403
168 301
267 280
19 178
57 470
79 229
93 127
98 471
170 347
230 398
271 399
285 297
304 347
436 466
68 70
21 224
54 172
73 414
95 173
147 363
174 466
207 414
347 394
110 481
89 358
70 116
130 167
209 460
262 286
322 337
47 132
33 234
74 235
126 425
148 184
448 476
198 301
184 403
239 302
299 353
51 251
390 471
87 470
202 420
274 296
301 399
26 194
12 296
86 245
34 55
125 173
218 364
278 415
80 430
28 240
102 189
253 358
280 461
5 256
313 409
354 410
13 117
46 65
82 476
63 234
104 235
137 183
216 476
255 404
329 353
7 302
40 250
67 353
193 492
389 404
232 420
306 369
292 471
366 420
56 194
135 487
116 245
157 246
190 194
248 364
234 466
281 312
308 415
19 312
60 313
41 71
46 415
93 261
368 466
211 482
192 240
285 431
343 409
21 358
155 358
134 235
246 476
287 477
72 323
58 425
89 492
37 302
70 250
185 200
171 302
245 251
264 493
262 420
363 472
0 420
74 369
396 420
187 246
299 487
51 385
49 312
90 313
123 261
150 364
241 482
315 431
26 328
48 87
139 205
125 307
218 498
240 257
226 359
331 375
317 477
391 426
23 30
28 374
50 133
102 323
143 324
451 477
5 390
27 149
13 251
393 472
25 76
104 369
118 267
178 318
238 369
252 267
269 436
329 487
370 488
43 93
29 195
120 313
194 262
180 364
6 211
345 431
18 36
23 380
56 328
78 87
83 431
97 329
105 190
157 380
196 308
231 329
248 498
55 103
8 257
99 375
132 323
159 426
206 272
324 493
398 442
21 492
62 493
76 391
117 200
136 442
458 493
249 319
20 267
400 488
37 436
73 93
111 385
171 436
185 334
212 437
224 262
96 262
127 329
113 431
187 380
247 431
302 330
352 447
30 396
16 498
85 103
90 447
112 206
150 498
412 498
236 272
263 375
15 273
428 442
106 391
87 149
139 339
166 442
188 201
226 493
240 391
488 493
279 319
50 267
124 216
430 488
201 436
242 437
256 335
118 401
66 211
140 160
219 453
318 432
43 227
351 380
442 498
483 499
120 447
194 396
142 206
180 498
235 397
268 345
6 345
18 170
4 272
45 273
97 463
119 222
210 340
330 442
22 289
3 47
8 391
94 165
173 458
121 268
154 216
195 217
286 335
346 386
24 335
57 283
98 284
249 453
1 351
59 329
147 176
174 279
207 227
36 345
77 346
58 104
89 171
127 463
302 464
300 391
401 443
33 47
126 238
186 289
184 216
277 407
10 63
376 386
101 181
54 335
87 283
128 284
188 335
202 233
279 453
353 402
413 453
17 453
91 402
163 278
204 279
256 469
295 397
355 448
80 243
28 53
140 294
88 104
181 295
179 222
332 464
10 413
65 120
156 238
216 289
307 407
408 459
210 474
158 284
232 233
22 423
383 402
61 351
42 109
135 300
443 453
234 279
360 418
19 125
60 126
137 346
211 295
271 346
362 464
114 362
155 171
246 289
287 290
339 480
72 136
77 480
378 408
37 115
75 407
190 357
176 459
264 306
314 423
14 131
0 233
52 423
74 182
225 351
299 300
51 198
390 418
54 469
90 126
202 367
150 177
241 295
301 346
26 141
31 485
53 244
130 464
204 413
218 311
278 362
369 480
102 136
88 238
129 239
146 408
220 357
253 305
280 408
5 203
32 306
13 64
385 424
82 423
156 372
104 182
445 475
257 424
255 351
296 352
26 491
7 249
81 198
120 126
158 418
199 419
232 367
273 368
306 316
364 486
23 193
9 295
56 141
83 244
97 142
248 311
308 362
349 363
368 413
8 70
151 378
132 136
137 480
159 239
211 429
252 430
271 480
250 357
285 378
21 305
62 306
136 255
153 424
134 182
213 475
227 373
361 373
452 491
89 439
37 249
111 198
190 491
171 249
212 250
264 440
262 367
363 419
0 367
127 142
206 435
187 193
239 383
266 486
338 362
30 209
16 311
90 260
38 70
150 311
164 209
282 430
301 480
342 481
356 379
15 86
53 378
106 204
139 152
144 496
166 255
185 497
218 445
226 306
317 424
69 322
50 80
129 373
143 271
418 476
220 491
294 440
242 250
354 491
27 96
13 198
32 440
44 265
118 214
393 419
236 435
310 384
296 486
370 435
48 384
29 142
34 486
120 260
194 209
180 311
221 312
345 378
23 327
4 85
97 276
124 379
105 137
157 327
215 497
289 446
349 497
22 102
8 204
60 394
25 373
99 322
173 271
159 373
233 322
250 491
324 440
365 441
2 389
425 492
24 148
57 96
175 317
249 266
1 164
39 456
400 435
4 435
37 383
78 384
243 451
251 312
377 451
36 158
96 209
127 276
75 86
113 378
187 327
228 328
319 446
30 343
379 497
52 102
57 446
90 394
117 497
263 322
395 441
106 338
54 148
87 96
166 389
207 390
240 338
455 492
205 317
69 456
17 266
91 215
110 457
108 384
182 333
256 282
11 451
66 158
145 451
219 400
198 277
184 379
258 328
318 379
10 226
29 276
122 467
409 497
120 394
161 395
142 153
221 446
235 344
64 462
45 220
119 169
105 271
485 492
8 338
61 164
173 405
121 215
272 384
313 385
24 282
98 231
115 400
137 159
175 451
290 401
323 349
1 298
40 226
73 174
114 175
152 467
174 226
325 395
366 396
77 293
75 220
228 462
176 272
302 411
281 288
300 338
38 338
79 339
170 457
203 405
244 406
54 282
128 231
147 473
155 334
188 282
205 451
279 400
293 298
320 401
31 298
12 56
17 400
53 57
380 452
70 226
144 175
182 467
223 468
256 416
295 344
47 242
33 344
181 242
198 411
258 462
299 463
373 412
5 16
10 360
32 119
101 478
82 236
156 185
183 288
274 406
334 457
7 62
12 406
259 283
61 298
162 350
327 417
24 416
60 73
46 175
65 417
63 344
151 191
211 242
238 345
288 462
403 412
21 118
62 119
100 411
141 412
174 360
153 237
265 478
213 288
339 427
3 478
77 427
37 62
42 406
116 355
176 406
190 304
281 422
341 473
415 422
0 180
41 181
74 129
79 473
206 248
266 299
51 145
68 314
21 468
54 416
95 417
155 468
241 242
72 433
53 191
359 463
70 360
92 119
130 411
218 258
245 361
336 479
410 428
47 376
28 134
33 478
148 428
129 186
470 479
160 253
280 355
10 494
321 356
32 253
371 473
49 422
123 371
71 181
104 129
183 422
236 248
348 489
296 299
26 438
7 196
48 197
81 145
122 146
447 468
139 315
125 417
172 263
199 366
259 417
273 315
364 433
424 484
465 485
102 433
124 192
162 484
248 258
234 360
275 361
27 259
8 17
13 361
46 309
25 186
60 207
151 325
159 186
178 428
238 479
252 377
250 304
40 494
76 151
62 253
81 495
136 202
351 356
153 371
442 474
477 495
254 423
39 269
378 489
419 490
56 438
37 196
78 197
116 489
138 248
157 490
190 438
231 439
229 366
243 264
303 315
363 366
454 484
132 433
206 382
266 433
57 259
131 208
134 479
222 326
282 377
342 428
15 33
20 377
70 494
106 151
92 253
166 202
185 444
245 495
298 321
284 423
317 371
69 269
17 79
96 372
110 270
143 218
108 197
146 489
160 387
187 490
220 438
261 439
32 387
321 490
335 388
11 264
71 315
145 264
236 382
184 192
296 433
310 331
29 89
122 280
139 449
87 259
273 449
221 259
312 377
372 428
64 275
50 377
124 326
413 429
437 497
215 444
289 393
27 393
8 151
25 320
173 218
214 219
200 321
217 490
250 438
291 439
2 336
76 285
24 95
29 439
103 388
351 490
115 213
175 264
268 455
276 316
449 489
18 280
367 434
59 89
193 281
303 449
251 259
344 450
55 347
3 157
41 449
168 224
228 275
305 495
346 496
57 393
38 151
79 152
117 444
222 460
203 218
230 321
356 460
15 167
73 337
59 439
133 388
207 337
432 455
31 111
17 213
110 404
397 434
182 280
209 383
283 332
314 399
374 450
11 398
47 55
71 449
85 347
112 450
186 399
184 326
258 275
318 326
10 173
376 496
101 291
409 444
109 152
188 445
386 460
427 461
12 219
45 167
86 168
124 460
177 286
237 337
297 388
402 404
80 353
66 455
140 404
121 162
162 163
200 455
214 353
313 332
24 229
65 230
404 450
115 347
63 157
142 450
216 399
290 348
276 450
381 466
40 173
100 224
191 342
251 393
292 394
3 291
77 240
457 461
42 219
75 167
154 460
168 358
176 219
195 461
267 337
19 235
93 184
79 286
170 404
68 127
21 281
169 179
155 281
246 399
380 399
72 246
58 348
89 415
70 173
149 466
130 224
171 225
223 415
47 189
33 291
74 292
146 168
184 460
225 461
299 410
51 308
101 425
49 235
123 184
274 353
334 404
26 251
12 353
86 302
34 112
278 472
80 487
9 55
88 348
102 246
179 466
253 415
354 467
387 415
46 122
63 291
137 240
156 482
290 482
269 359
255 461
2 15
7 359
67 410
40 307
62 66
389 461
232 477
306 426
366 477
42 353
116 302
231 252
281 369
308 472
382 421
14 25
60 370
41 128
46 472
93 318
132 246
285 488
357 364
35 313
16 71
21 415
95 364
117 123
169 313
134 292
208 241
361 483
72 380
20 190
58 482
37 359
70 307
171 359
245 308
262 477
336 426
74 426
239 493
220 251
373 493
51 442
32 200
338 472
352 370
49 369
90 370
71 128
123 318
150 421
164 319
315 488
12 487
48 144
53 488
139 262
125 364
240 314
331 432
350 482
391 483
23 87
9 189
28 431
50 190
64 88
88 482
102 380
129 483
143 381
201 359
5 447
275 308
65 498
13 308
426 477
25 133
118 324
178 375
252 324
238 426
467 478
269 493
217 303
250 251
403 493
2 149
76 98
62 200
81 442
141 493
194 319
180 421
254 370
6 268
345 488
56 385
4 195
78 144
83 488
97 386
138 195
229 313
270 314
330 365
41 262
421 483
132 380
206 329
159 483
233 432
305 308
30 103
35 447
57 206
76 448
117 257
136 499
398 499
222 273
282 324
323 325
20 324
37 493
111 442
59 252
133 201
185 391
284 370
17 26
96 319
127 386
108 144
113 488
187 437
247 488
261 386
300 314
30 453
85 160
164 453
186 212
203 381
236 329
263 432
277 330
337 381
15 330
48 278
428 499
101 104
87 206
139 396
166 499
240 448
12 32
50 324
91 325
124 273
215 391
163 201
201 493
242 494
256 392
27 340
13 442
316 443
80 166
118 458
140 217
200 268
291 386
318 489
43 284
24 42
103 335
351 437
392 438
115 160
156 161
142 263
194 453
6 402
18 227
4 329
45 330
119 279
105 381
367 381
210 397
196 499
344 397
330 499
3 104
8 448
94 222
168 171
154 273
319 340
346 443
19 48
24 392
57 340
79 99
84 443
189 459
170 217
323 459
1 408
73 284
59 386
133 335
147 233
174 336
422 438
298 402
339 403
399 454
31 58
89 228
75 330
149 279
209 330
300 448
11 345
52 346
434 448
112 397
186 346
184 273
225 274
277 464
10 120
15 464
87 340
128 341
202 290
188 392
293 408
353 459
26 64
91 459
163 335
237 284
278 285
295 454
369 403
429 454
28 110
66 402
88 161
107 403
140 351
167 454
179 279
5 126
43 418
65 177
63 104
142 397
156 295
216 346
290 295
307 464
255 274
348 465
381 413
45 464
119 413
67 223
141 172
193 362
172 239
158 341
232 290
292 341
383 459
56 64
135 357
195 408
234 336
93 131
46 285
98 475
137 403
211 352
285 301
271 403
35 126
21 228
40 470
73 418
114 419
174 470
246 346
347 398
58 295
378 465
70 120
75 464
111 121
171 172
190 414
223 362
262 290
14 188
93 481
74 239
126 429
165 357
68 424
49 182
90 183
123 131
128 475
241 352
301 403
26 198
53 301
34 59
125 177
204 470
218 368
226 229
278 419
317 347
28 244
88 295
129 296
143 194
162 244
179 413
181 486
253 362
280 465
5 260
294 363
32 363
13 121
354 414
82 480
156 429
255 408
7 306
81 255
29 65
141 306
120 183
232 424
180 234
273 425
56 198
9 352
42 300
83 301
135 491
157 250
234 470
308 419
368 470
60 317
41 75
46 419
473 486
151 435
132 193
159 296
192 244
233 245
285 435
324 363
35 260
76 261
95 311
136 312
384 414
227 430
287 481
361 430
39 379
20 137
111 255
59 65
171 306
185 204
245 255
303 425
14 322
363 476
74 373
165 491
206 492
187 250
239 440
247 301
51 389
30 266
11 24
439 471
71 75
150 368
164 266
241 486
356 436
15 143
48 91
139 209
92 363
125 311
240 261
226 363
331 379
391 430
451 481
143 328
160 497
27 153
13 255
44 322
118 271
66 81
71 425
104 373
145 374
219 323
393 476
217 250
310 441
370 492
7 440
48 441
81 389
103 148
122 390
120 317
180 368
221 369
254 317
345 435
386 436
18 40
9 486
23 384
78 91
83 435
97 333
105 194
124 436
231 333
446 487
22 159
8 261
60 451
421 430
25 430
99 379
173 328
159 430
233 379
324 497
398 446
2 446
76 395
62 497
98 154
134 373
189 272
249 323
400 492
37 440
59 199
133 148
138 492
152 390
251 369
284 317
55 457
36 215
110 164
96 266
127 333
75 143
113 435
154 436
187 384
476 487
30 400
11 158
52 159
38 261
90 451
131 452
203 328
263 379
304 380
428 446
106 395
87 153
92 497
166 446
188 205
207 447
240 395
64 169
143 462
91 272
430 492
108 441
242 441
316 390
85 457
66 215
140 164
219 457
167 267
184 436
217 384
258 385
318 436
43 231
29 333
332 334
423 452
120 451
235 401
334 380
119 226
105 328
196 446
270 395
297 498
8 395
435 462
61 221
121 272
346 390
24 339
98 288
84 390
189 406
137 216
249 457
290 458
323 406
1 355
288 385
73 231
59 333
114 232
147 180
191 452
339 350
325 452
399 401
3 401
58 108
75 277
149 226
190 227
176 329
267 447
341 396
401 447
38 395
165 170
244 463
15 411
128 288
188 339
293 355
279 457
320 458
394 407
31 355
17 457
91 406
70 283
144 232
130 334
177 180
204 283
295 401
355 452
80 247
33 401
107 350
88 108
181 299
198 468
179 226
220 227
332 468
373 469
10 417
406 417
32 176
65 124
371 396
123 294
197 243
378 486
257 294
348 412
26 361
12 463
86 412
408 463
158 288
232 237
389 457
350 458
42 113
83 114
88 458
121 406
135 304
162 407
195 355
327 474
60 130
46 232
137 350
271 350
1 489
35 73
40 417
141 469
174 417
227 243
339 484
287 294
77 484
378 412
56 361
37 119
89 309
190 361
176 463
438 463
281 479
14 135
0 237
93 428
456 480
165 304
113 114
192 407
225 355
51 202
357 474
30 79
54 473
95 474
128 422
150 181
241 299
301 350
31 489
72 490
342 351
433 469
70 417
144 366
92 176
130 468
171 469
245 418
369 484
410 485
47 433
28 191
69 192
107 484
129 243
148 485
160 310
181 433
220 361
321 413
354 361
385 428
13 68
445 479
44 135
123 428
104 186
145 187
183 479
197 377
257 428
236 305
296 356
26 495
7 253
48 254
81 202
122 203
172 320
199 423
273 372
364 490
23 197
9 299
83 248
97 146
102 490
201 469
234 417
275 418
289 316
60 264
8 74
46 366
349 367
151 382
137 484
178 485
252 434
440 485
250 361
2 259
76 208
62 310
136 259
475 479
134 186
175 187
213 479
227 377
254 480
1 34
39 326
287 428
56 495
326 356
111 202
152 203
328 429
229 423
303 372
14 269
55 270
127 146
132 490
187 197
206 439
266 490
305 418
30 213
90 264
131 265
117 367
222 383
208 485
356 383
106 208
92 310
317 428
418 480
143 275
129 377
160 444
108 254
182 203
220 495
335 445
333 372
44 269
393 423
71 372
145 321
236 439
184 249
296 490
337 491
370 439
43 44
29 146
34 490
48 388
122 337
120 264
194 213
411 440
221 316
9 433
45 90
50 434
64 332
97 280
105 141
124 383
289 450
237 260
297 311
22 106
27 450
25 377
99 326
140 327
159 377
173 275
200 378
214 276
250 495
291 496
365 445
2 393
76 342
84 203
115 270
189 219
175 321
276 373
1 168
309 321
326 490
18 337
4 439
78 388
59 146
100 147
193 338
340 388
243 455
191 265
367 491
3 214
77 163
94 332
75 90
168 281
228 332
319 450
79 209
112 157
203 275
304 327
15 224
73 394
54 152
59 496
92 444
106 342
133 445
147 343
205 321
207 394
455 496
31 168
17 270
91 219
110 461
397 491
430 439
182 337
256 286
242 388
283 389
448 456
47 112
33 214
107 163
126 405
167 214
186 456
184 383
258 332
318 383
161 399
142 157
235 348
274 276
45 224
86 225
485 496
177 343
237 394
311 343
80 410
140 461
214 410
162 220
253 338
313 389
65 287
98 235
115 404
156 405
137 163
175 455
189 353
290 405
288 332
18 471
40 230
100 281
174 230
191 399
265 348
306 349
292 451
366 400
77 297
42 276
75 224
116 225
168 415
281 292
267 394
341 343
368 446
0 50
79 343
93 241
170 461
244 410
192 220
304 461
54 286
95 287
128 235
147 477
155 338
169 236
260 354
31 302
53 61
58 405
89 472
70 230
144 179
130 281
204 230
322 451
47 246
396 400
107 297
181 246
198 415
146 225
239 416
373 416
10 364
51 365
49 292
123 241
334 461
26 308
7 66
12 410
34 169
48 67
86 359
139 185
177 477
259 287
350 405
9 112
102 303
451 457
253 472
327 421
5 370
65 421
13 231
46 179
25 56
63 348
151 195
211 246
238 349
269 416
329 467
403 416
2 72
40 364
62 123
81 365
114 313
141 416
153 241
463 467
213 292
306 483
56 308
37 66
42 410
116 359
176 410
190 308
231 309
405 462
14 82
19 426
41 185
55 83
93 375
132 303
206 252
266 303
357 421
417 472
458 473
95 421
169 370
117 180
134 349
260 488
20 247
359 467
144 313
92 123
171 416
185 314
245 365
336 483
410 432
14 432
69 139
74 483
96 242
146 359
261 309
247 411
51 499
32 257
49 426
123 375
71 185
109 477
150 478
164 376
197 324
236 252
296 303
26 442
48 201
122 150
447 472
139 319
240 371
259 421
273 319
364 437
23 144
28 488
50 247
465 489
215 314
201 416
275 365
27 263
8 21
13 365
252 381
238 483
250 308
2 206
76 155
29 309
62 257
81 499
103 258
442 478
227 324
180 478
254 427
268 325
328 376
6 325
56 442
157 494
138 252
231 443
243 268
229 370
270 371
330 422
55 217
94 145
154 196
192 488
57 263
131 212
117 314
134 483
208 432
282 381
323 382
309 484
342 432
15 37
106 155
59 309
92 257
111 499
133 258
185 448
224 376
245 499
284 427
298 325
358 376
36 325
17 83
418 427
449 494
127 443
160 391
187 494
261 443
335 392
321 494
11 268
71 319
186 269
184 196
263 489
337 438
10 43
48 335
139 453
161 212
221 263
64 279
12 89
413 433
215 448
163 258
256 449
275 499
289 397
22 53
13 499
80 223
214 223
200 325
291 443
351 494
43 341
29 443
103 392
84 150
392 495
142 320
175 268
6 459
307 387
78 335
193 285
210 454
191 212
344 454
77 110
94 279
42 89
154 330
228 279
286 449
319 397
360 398
420 449
57 397
222 464
1 465
73 341
54 99
95 100
422 495
298 459
246 269
36 459
17 217
58 218
72 116
110 408
75 387
149 336
223 285
283 336
314 403
374 454
11 402
47 59
52 403
107 110
112 454
186 403
198 228
184 330
225 331
258 279
10 177
51 178
128 398
109 156
161 346
188 449
293 465
301 326
26 121
64 413
86 172
163 392
278 342
369 460
80 357
28 167
61 115
102 116
140 408
162 167
181 409
214 357
313 336
65 234
404 454
82 403
216 403
290 352
276 454
40 177
114 126
67 280
119 470
141 229
172 296
193 419
232 347
94 413
42 223
116 172
135 414
195 465
234 393
267 341
308 342
19 239
79 290
170 408
211 409
244 357
271 460
285 358
21 285
95 234
114 476
147 424
155 285
169 183
287 404
347 455
20 60
89 419
111 178
171 229
262 347
322 398
14 245
126 486
74 296
165 414
239 363
225 465
299 414
51 312
338 342
68 481
49 239
123 188
109 290
150 291
164 189
202 481
241 409
274 357
301 460
26 255
12 357
53 358
144 476
125 234
177 424
218 425
226 286
278 476
317 404
80 491
350 352
9 59
88 352
129 353
162 301
179 470
220 471
201 229
253 419
294 420
27 76
32 420
65 368
44 245
156 486
104 296
178 245
197 487
238 296
269 363
329 414
2 19
7 363
62 70
172 430
153 188
232 481
273 482
345 358
56 255
4 65
9 409
83 358
97 256
157 307
248 425
308 476
60 374
46 476
151 492
132 250
159 353
192 301
233 302
250 471
324 420
21 419
62 420
95 368
117 127
136 369
134 296
260 435
361 487
37 363
460 466
59 122
171 363
185 261
212 364
245 312
14 379
437 482
36 138
74 430
148 379
127 256
160 204
239 497
247 358
51 446
30 323
11 81
16 425
90 374
150 425
263 302
15 200
34 250
53 492
414 471
92 420
125 368
166 369
331 436
50 194
124 143
215 261
201 363
242 364
333 482
44 379
118 328
66 138
145 431
178 379
219 380
467 482
269 497
444 498
43 154
29 256
48 498
81 446
103 205
120 374
180 425
268 272
6 272
386 493
18 97
4 199
45 200
83 492
157 441
196 369
270 318
330 369
22 216
25 487
99 436
159 487
272 364
57 210
131 159
84 313
134 430
175 431
208 379
249 380
323 329
1 278
20 328
37 497
78 498
111 446
152 447
212 498
474 498
325 375
36 272
110 221
127 390
75 200
113 492
187 441
261 390
302 391
300 318
11 215
52 216
38 318
126 165
164 457
263 436
337 385
15 334
101 108
279 380
31 278
91 329
108 498
182 447
163 205
242 498
256 396
316 447
355 375
66 272
167 324
258 442
332 391
318 493
43 288
392 442
194 457
142 267
235 458
6 406
334 437
45 334
119 283
67 93
105 385
193 232
158 211
270 452
311 453
344 401
22 350
3 108
8 452
195 278
286 396
19 52
24 396
84 447
98 345
170 221
323 463
1 412
288 442
362 391
422 442
21 98
59 390
114 289
147 237
174 340
265 458
339 407
399 458
58 165
89 232
75 334
209 334
374 401
38 452
74 109
79 453
165 227
277 468
225 278
15 468
49 52
54 396
202 294
394 464
26 68
12 170
86 119
91 463
144 289
130 391
204 340
218 238
278 289
295 458
47 356
28 114
33 458
80 304
88 165
179 283
280 335
5 130
32 233
65 181
82 350
63 108
104 109
109 453
142 401
257 351
348 469
7 176
45 468
81 125
86 469
141 176
172 243
158 345
259 397
383 463
424 464
9 222
83 171
121 463
135 361
162 464
195 412
46 289
137 407
211 356
436 474
62 233
174 474
213 402
347 402
89 366
37 176
75 468
190 418
171 176
264 367
262 294
322 345
14 192
0 294
74 243
93 485
148 192
51 259
30 136
16 238
68 428
128 479
150 238
241 356
301 407
342 408
466 474
92 233
125 181
204 474
143 198
129 300
160 367
220 418
5 264
354 418
32 367
44 192
123 485
104 243
145 244
178 192
197 434
269 310
255 412
296 413
48 311
29 69
34 413
67 361
122 260
158 479
199 480
180 238
273 429
6 85
372 408
4 12
9 356
97 203
234 474
275 475
289 373
308 423
22 29
46 423
60 321
349 424
25 300
151 439
173 198
211 490
233 249
2 316
76 265
136 316
134 243
175 244
227 434
328 486
361 434
39 383
326 413
37 310
111 259
59 69
212 311
14 326
36 85
41 429
96 136
127 203
113 305
187 254
228 255
319 373
338 423
11 28
16 372
90 321
117 424
131 322
439 475
222 440
241 490
282 491
15 147
20 491
53 439
414 418
92 367
240 265
226 367
205 244
317 485
331 383
391 434
69 383
17 193
50 141
96 486
129 434
242 311
333 429
11 378
393 480
66 85
236 496
310 445
370 496
48 445
29 203
409 424
120 321
221 373
312 491
18 44
9 490
45 147
50 491
97 337
105 198
124 440
210 214
196 316
446 491
297 368
22 163
8 265
388 486
61 91
99 383
159 434
200 435
214 333
272 311
76 399
98 158
84 260
464 481
189 276
175 378
249 327
276 430
1 225
309 378
400 496
441 497
73 101
59 203
100 204
133 152
138 496
152 394
191 322
212 445
251 373
55 461
3 271
36 219
416 440
94 389
168 338
476 491
228 389
176 199
302 338
30 404
38 265
79 266
112 214
131 456
244 333
230 435
277 281
304 384
15 281
68 107
188 209
205 378
91 276
430 496
182 394
130 204
209 497
256 343
47 169
66 219
80 117
85 461
107 220
167 271
184 440
258 389
318 440
10 287
423 456
101 405
82 163
142 214
274 333
12 333
45 281
86 282
119 230
210 348
80 467
135 174
121 276
286 343
272 445
313 446
387 395
24 343
98 292
46 102
84 394
115 461
63 271
137 220
189 410
290 462
1 359
288 389
174 287
191 456
265 405
366 457
3 405
39 62
77 354
89 179
42 333
75 281
116 282
176 333
281 349
341 400
19 349
0 107
52 297
93 298
401 451
165 174
192 277
51 72
343 446
16 51
54 343
95 344
128 292
155 395
293 359
320 462
72 360
53 118
58 462
70 287
144 236
130 338
204 287
396 481
295 405
336 406
47 303
33 405
396 457
148 355
167 405
146 282
220 231
51 422
32 180
49 349
109 400
197 247
274 467
7 123
86 416
34 226
67 174
199 293
259 344
350 462
28 411
9 169
61 359
83 118
88 462
102 360
234 287
327 478
5 427
65 478
46 236
25 113
63 405
151 252
238 406
403 473
2 129
141 473
153 298
287 298
39 196
56 365
42 467
78 124
116 416
138 175
281 483
14 139
19 483
41 242
93 432
456 484
132 360
206 309
192 411
266 360
35 427
16 185
90 134
95 478
169 427
208 355
241 303
282 304
72 494
20 304
53 252
433 473
70 421
92 180
14 489
47 437
148 489
160 314
108 124
294 314
32 314
385 432
11 191
44 139
49 483
85 140
145 191
197 381
122 207
139 376
125 478
199 427
180 185
259 478
273 376
364 494
23 201
9 303
64 202
97 150
102 494
201 473
27 320
8 78
13 422
44 489
25 247
99 196
159 247
200 248
250 365
291 366
2 263
76 212
62 314
136 263
153 432
194 433
175 191
227 381
254 484
328 433
1 38
39 330
326 360
18 207
4 309
56 499
78 258
152 207
212 258
243 325
344 377
55 274
3 84
435 495
94 202
113 252
127 150
305 422
30 217
16 319
131 269
117 371
230 248
342 489
15 94
20 438
106 212
59 366
133 315
147 213
284 484
358 433
31 38
17 140
36 382
96 433
160 448
182 207
209 310
335 449
333 376
11 325
85 274
186 326
337 495
411 444
10 100
15 444
34 494
48 392
101 218
161 269
221 320
64 336
45 94
50 438
163 315
237 264
289 454
297 315
27 454
80 280
66 382
99 330
140 331
365 449
2 397
24 156
98 105
84 207
103 449
1 172
307 444
340 392
381 393
4 443
45 444
441 444
100 151
105 495
243 459
191 269
55 408
3 218
77 167
383 439
94 336
168 285
154 387
228 336
443 490
319 454
360 455
19 162
93 111
79 213
98 455
131 403
395 449
436 450
73 398
54 156
147 347
155 208
205 325
246 326
31 172
17 274
58 275
110 465
397 495
70 100
149 393
209 444
283 393
314 460
11 459
47 116
126 409
448 460
186 460
167 218
198 285
184 387
258 336
299 337
49 162
109 213
26 178
12 280
64 470
34 39
86 229
125 157
163 449
237 398
402 465
61 172
102 173
88 275
140 465
214 414
179 393
253 342
313 393
5 240
46 49
63 218
137 167
156 409
216 460
290 409
255 388
329 337
114 183
193 476
141 286
158 455
306 353
292 455
366 404
56 178
94 470
308 399
19 296
93 245
41 55
368 450
170 465
211 466
192 224
244 414
285 415
343 393
35 240
21 342
169 240
155 342
246 460
361 410
58 409
111 235
223 476
264 477
336 353
47 250
0 404
74 353
148 302
165 471
239 420
247 281
32 127
338 399
123 245
109 347
150 348
164 246
183 296
274 414
315 415
26 312
12 414
375 466
34 173
139 189
125 291
177 481
199 240
226 343
259 291
350 409
28 358
9 116
50 117
88 409
129 410
451 461
253 476
201 286
294 477
27 133
13 235
65 425
44 302
63 352
118 251
238 353
269 420
329 471
403 420
7 420
81 369
62 127
141 420
172 487
153 245
194 246
180 348
213 296
254 297
6 195
39 143
345 415
56 312
42 414
83 415
116 363
248 482
229 240
382 482
19 430
41 189
132 307
206 256
159 410
192 358
233 359
35 374
16 132
21 476
62 477
95 425
117 184
136 426
134 353
208 302
260 492
309 354
39 493
359 471
37 420
111 369
92 127
185 318
212 421
245 369
224 246
336 487
284 297
410 436
36 195
69 143
96 246
110 144
127 313
148 436
160 261
187 364
261 313
352 431
30 380
11 138
16 482
71 189
85 87
90 431
412 482
263 359
122 154
125 425
166 426
240 375
331 493
28 492
64 149
102 441
143 442
201 420
242 421
316 370
27 267
407 488
44 436
99 143
104 487
145 488
178 436
217 364
291 313
2 210
43 211
351 364
103 262
120 431
328 380
419 498
18 154
4 256
97 447
119 206
152 154
231 447
210 324
196 426
243 272
55 221
3 31
8 375
435 442
173 442
84 370
117 318
134 487
175 488
222 334
20 385
59 313
133 262
224 380
284 431
325 432
36 329
58 88
96 380
127 447
108 205
187 498
228 499
261 447
302 448
490 499
300 375
52 273
85 221
126 222
184 200
263 493
277 391
10 47
101 165
161 216
188 319
279 437
353 386
64 283
12 93
17 437
50 385
91 386
413 437
163 262
355 432
66 329
181 279
167 381
214 227
179 206
217 498
258 499
332 448
392 499
29 447
65 104
103 396
82 273
115 221
142 324
156 222
216 273
307 391
18 288
367 442
40 47
45 391
119 340
408 443
210 458
158 268
191 216
344 458
22 407
3 165
61 335
42 93
168 232
420 453
19 109
24 453
98 402
211 279
1 469
288 499
35 53
73 345
95 104
100 448
114 346
133 396
147 294
174 397
246 273
339 464
36 463
72 120
77 464
89 289
75 391
149 340
223 289
176 443
264 290
438 443
314 407
52 407
0 217
74 166
112 458
186 407
225 335
51 182
68 351
54 453
101 299
109 160
128 402
150 161
188 453
450 453
241 279
427 469
26 125
12 227
53 228
86 176
177 294
163 396
204 397
278 346
80 361
28 171
66 463
88 222
102 120
162 171
181 413
179 340
253 289
5 187
63 165
142 458
156 356
183 459
257 408
81 182
119 474
141 233
172 300
158 402
232 351
292 402
6 8
457 469
56 125
61 469
83 228
116 176
157 177
248 295
234 397
308 346
368 397
60 244
46 346
137 464
211 413
35 187
95 238
134 166
227 357
39 306
72 254
452 475
89 423
37 233
111 182
190 475
262 351
322 402
14 249
0 351
74 300
148 249
113 228
266 470
338 346
16 295
241 413
315 362
301 464
218 429
166 239
278 480
317 408
28 305
69 306
50 64
102 254
129 357
143 255
160 424
294 424
5 321
27 80
13 182
32 424
393 403
118 198
104 300
219 250
269 367
255 469
310 368
370 419
2 23
29 126
34 470
120 244
273 486
345 362
23 311
4 69
9 413
83 362
97 260
372 465
405 413
248 429
196 239
308 480
349 481
22 86
46 480
60 378
151 496
132 254
173 255
159 357
324 424
2 373
35 321
57 80
62 424
76 322
84 183
117 131
134 300
136 373
175 301
208 249
227 491
39 440
340 368
326 470
361 491
37 367
111 316
152 317
185 265
460 470
303 486
377 435
55 384
41 486
437 486
127 260
113 362
187 311
228 312
247 362
352 378
30 327
11 85
16 429
52 86
90 378
117 481
150 429
164 327
203 255
263 306
15 204
106 322
455 476
166 373
226 424
205 301
331 440
64 96
17 250
50 198
129 491
143 389
108 368
215 265
242 368
407 435
85 384
66 142
71 486
145 435
167 194
219 384
467 486
217 311
258 312
318 363
43 158
29 260
122 451
409 481
120 378
194 327
180 429
221 430
268 276
386 497
18 101
97 394
83 496
105 255
196 373
270 322
22 220
8 322
462 492
94 96
121 199
200 492
214 390
233 440
272 368
76 456
24 266
84 317
115 384
175 435
249 384
323 333
309 435
288 312
18 451
100 261
133 209
224 327
265 328
251 430
3 328
36 276
416 497
89 102
75 204
94 446
113 496
127 394
154 497
168 395
228 446
30 461
52 220
126 169
112 271
186 220
203 389
244 390
230 492
304 441
15 338
68 164
101 112
128 215
188 266
279 384
31 282
12 40
17 384
130 261
295 328
355 379
80 174
33 328
107 277
181 226
198 395
184 497
332 395
392 446
82 220
156 169
142 271
183 272
216 220
235 462
274 390
307 338
7 46
45 338
67 97
86 339
177 457
210 405
311 457
61 282
195 282
286 400
327 401
19 56
24 400
46 159
98 349
151 175
189 467
1 416
288 446
40 344
389 498
174 344
213 272
339 411
77 411
37 46
149 287
176 390
341 457
14 62
0 164
19 406
52 354
79 457
93 355
165 231
225 282
357 401
16 108
49 56
169 350
155 452
202 298
293 416
394 468
70 344
130 395
204 344
218 242
278 293
295 462
369 411
47 360
28 118
33 462
181 360
129 170
167 462
160 237
220 288
280 339
10 478
32 237
44 62
49 406
109 457
183 406
197 304
257 355
26 422
7 180
86 473
34 283
67 231
122 130
158 349
273 299
259 401
364 417
23 124
9 226
61 416
83 175
135 365
275 345
5 484
60 191
46 293
63 462
99 119
137 411
151 309
159 170
211 360
252 361
250 288
35 134
40 478
76 135
114 427
136 186
153 355
227 304
213 406
328 356
111 129
116 473
190 422
231 423
264 371
243 248
229 350
262 298
0 298
41 299
165 365
113 175
305 345
35 484
16 242
68 432
169 484
150 242
282 361
342 412
20 361
70 478
111 479
92 237
144 427
166 186
185 428
226 237
317 355
69 253
129 304
294 371
280 473
321 474
335 372
44 196
85 197
71 299
118 145
123 489
145 248
164 490
197 438
236 366
296 417
310 315
48 315
29 73
34 417
461 484
139 433
120 191
273 433
221 243
312 361
372 412
9 360
50 361
83 309
97 207
124 310
248 376
289 377
275 479
349 428
22 33
8 135
27 377
25 304
99 253
173 202
159 304
200 305
233 253
252 495
250 422
291 423
324 371
2 320
351 474
24 79
136 320
84 130
365 372
115 197
153 489
175 248
227 438
268 439
328 490
6 439
4 366
78 315
152 264
138 366
212 315
243 382
303 433
344 434
3 141
36 89
113 309
168 208
228 259
305 479
30 274
16 376
439 479
38 135
131 326
222 444
282 495
20 495
106 269
54 79
92 371
166 320
432 439
91 146
96 490
108 315
283 316
85 331
33 141
66 89
71 433
219 331
434 485
198 208
184 310
258 259
310 449
10 157
48 449
409 428
101 275
87 377
161 326
312 495
386 444
427 445
45 151
50 495
86 152
196 320
297 372
388 490
25 438
66 439
99 387
272 315
43 455
24 213
98 162
189 280
249 331
290 332
276 434
381 450
18 398
40 157
119 450
152 398
193 399
191 326
265 275
251 377
55 465
416 444
75 151
228 393
176 203
267 321
52 167
131 460
79 270
244 337
230 439
73 455
54 213
207 455
155 265
205 382
246 383
279 331
320 332
31 229
380 383
58 332
70 157
149 450
130 208
283 450
322 378
47 173
85 465
107 224
126 466
146 152
184 444
225 445
258 393
10 291
332 342
101 409
49 219
82 167
109 270
123 168
183 219
202 461
235 409
274 337
334 388
26 235
12 337
86 286
375 389
158 162
278 456
311 404
80 471
61 229
102 230
88 332
135 178
214 471
253 399
313 450
5 297
387 399
65 348
46 106
115 465
63 275
137 224
290 466
238 276
255 445
288 393
389 445
21 49
67 394
141 343
232 461
213 219
265 409
306 410
3 409
39 66
42 337
176 337
281 353
308 456
341 404
19 353
0 111
79 404
93 302
132 230
165 178
192 281
244 471
285 472
343 450
16 55
21 399
155 399
260 415
320 466
361 467
394 415
72 364
20 174
53 122
58 466
70 291
144 240
130 342
185 241
245 292
359 394
262 461
336 410
396 461
0 461
74 410
148 359
160 184
198 476
220 235
239 477
373 477
51 426
32 184
338 456
49 353
123 302
71 112
183 353
197 251
274 471
7 127
12 471
139 246
125 348
199 297
23 71
9 173
28 415
83 122
88 466
201 343
327 482
60 138
13 292
25 117
63 409
104 410
238 410
76 82
81 426
103 185
141 477
227 251
213 353
254 354
6 252
345 472
18 77
4 179
42 471
56 369
157 421
231 370
19 487
41 246
421 467
113 122
192 415
206 313
357 482
30 87
16 189
95 482
117 241
134 410
208 359
222 257
342 359
72 498
433 477
37 477
474 478
69 200
148 493
96 303
108 128
113 472
146 420
187 421
261 370
49 487
90 488
71 246
145 195
186 196
486 488
236 313
277 314
263 416
337 365
34 364
122 211
428 483
139 380
125 482
199 431
240 432
64 206
215 375
163 185
201 477
316 427
349 375
8 82
440 493
25 251
66 252
99 200
140 201
178 493
219 494
252 442
217 421
2 267
43 268
24 26
103 319
351 421
392 422
175 195
328 437
6 386
307 314
326 364
18 211
4 313
78 262
119 263
105 365
152 211
193 212
196 483
229 431
270 432
344 381
22 330
3 88
8 432
55 278
435 499
94 206
154 257
305 426
346 427
57 324
131 273
222 391
282 442
230 252
323 443
73 268
59 370
133 319
207 268
224 437
298 386
110 335
58 145
96 437
108 262
149 263
182 211
335 453
300 432
374 381
11 329
85 278
33 88
112 381
184 257
277 448
337 499
411 448
10 104
15 448
101 222
202 274
293 392
279 494
312 442
26 48
12 150
50 442
64 340
86 99
91 443
177 217
163 319
237 268
413 494
297 319
355 489
80 284
66 386
429 438
214 284
200 386
179 263
5 110
65 161
103 453
82 330
63 88
142 381
156 279
276 381
448 458
381 397
18 345
367 499
40 104
441 448
67 207
100 155
105 499
141 156
232 274
292 325
3 222
77 171
94 340
135 341
121 443
168 289
195 392
267 268
360 459
19 166
93 115
79 217
170 335
244 284
271 387
35 110
21 212
54 160
73 402
95 161
133 453
147 351
155 212
174 454
58 279
397 499
70 104
223 346
283 397
52 464
126 413
107 171
148 172
198 289
239 290
225 392
10 238
51 239
390 459
68 408
109 217
202 408
301 387
26 182
86 233
177 351
125 161
204 454
218 352
80 418
28 228
102 177
88 279
181 470
179 397
253 346
313 397
65 295
63 222
118 121
156 413
257 465
329 341
7 290
81 239
141 290
172 357
232 408
306 357
292 459
135 475
116 233
157 234
281 300
234 454
60 301
41 59
46 403
132 177
211 470
192 228
285 419
384 398
21 346
136 296
155 346
169 244
134 223
246 464
260 362
287 465
39 363
20 121
58 413
72 311
89 480
262 408
322 459
14 306
0 408
363 460
396 408
165 475
239 424
247 285
49 300
164 250
150 352
315 419
375 470
48 75
34 177
53 419
125 295
199 244
218 486
317 465
69 363
50 121
102 311
451 465
294 481
27 137
13 239
32 481
44 306
118 255
104 357
178 306
252 255
269 424
217 234
370 476
2 80
43 81
29 183
67 475
81 373
103 132
120 301
194 250
180 352
345 419
18 24
4 126
157 368
231 317
248 486
382 486
55 91
99 363
132 311
159 414
173 312
233 363
324 481
2 430
35 378
62 481
136 430
117 188
208 306
249 307
309 358
39 497
359 475
37 424
73 81
111 373
185 322
212 425
243 492
224 250
284 301
14 440
55 441
36 199
110 148
96 250
377 492
127 317
113 419
187 368
261 317
302 318
352 435
30 384
11 142
16 486
38 245
71 193
112 194
150 486
164 384
412 486
263 363
15 261
428 430
106 379
240 379
188 189
331 497
465 497
69 497
143 446
91 256
215 322
242 425
316 374
27 271
44 440
80 97
118 389
140 148
145 492
167 251
318 420
43 215
29 317
103 266
423 436
268 333
6 333
18 158
119 210
196 430
297 482
3 35
435 446
173 446
121 256
154 204
195 205
233 497
286 323
346 374
24 323
57 271
84 374
98 272
189 390
309 492
1 339
73 215
21 25
59 317
100 318
133 266
147 164
174 267
224 384
251 487
298 333
36 333
77 334
58 92
110 282
89 159
75 261
149 210
168 452
209 261
302 452
300 379
52 277
38 379
126 226
401 431
203 446
277 395
10 51
51 52
68 221
87 271
101 169
188 323
205 492
293 339
31 339
12 97
130 318
163 266
295 385
80 231
28 41
33 385
66 333
107 334
181 283
198 452
179 210
10 401
43 349
65 108
371 380
82 277
156 226
142 328
183 329
216 277
257 278
307 395
348 396
334 498
408 447
40 51
45 395
67 154
86 396
105 446
119 344
158 272
22 411
383 390
135 288
121 390
195 339
286 457
234 267
19 113
24 457
98 406
63 385
137 334
151 232
211 283
271 334
362 452
35 57
21 159
95 108
100 452
114 350
155 159
174 401
246 277
339 468
72 124
77 468
378 396
438 447
75 395
176 447
264 294
281 463
314 411
14 119
0 221
19 463
52 411
225 339
266 340
51 186
390 406
169 407
202 355
241 283
26 129
31 473
70 401
144 350
218 299
204 401
369 468
410 469
107 468
88 226
129 227
181 417
220 345
280 396
5 191
32 294
13 52
385 412
49 463
82 411
123 412
197 361
445 463
255 339
296 340
26 479
7 237
81 186
122 187
141 237
172 304
158 406
232 355
273 356
259 458
6 12
364 474
23 181
9 283
56 129
61 473
135 422
234 401
308 350
349 351
440 469
151 366
99 176
252 418
250 345
35 191
21 293
62 294
76 192
134 170
287 412
347 463
39 310
20 68
37 237
111 186
152 187
138 289
190 479
212 238
262 355
303 356
363 407
0 355
74 304
127 130
113 232
132 474
165 422
206 423
266 474
338 350
30 197
90 248
38 58
117 351
150 299
164 197
241 417
342 469
106 192
92 294
139 140
144 484
166 243
185 485
218 433
226 294
50 68
182 187
201 237
220 479
294 428
32 428
333 356
393 407
85 254
71 356
118 202
197 495
219 254
236 423
310 372
48 372
29 130
120 248
194 197
180 299
273 490
6 146
312 418
345 366
4 73
9 417
50 418
83 366
105 125
157 315
215 485
248 433
349 485
22 90
8 192
27 434
25 361
99 310
173 259
159 361
200 362
324 428
365 429
2 377
76 326
24 136
57 84
62 428
84 187
103 429
115 254
136 377
175 305
227 495
268 496
39 444
340 372
400 423
4 423
37 371
59 130
78 372
152 321
460 474
243 439
303 490
251 300
36 146
41 490
77 147
127 264
228 316
30 331
16 433
57 434
38 192
112 141
117 485
131 383
379 485
203 259
263 310
15 208
395 429
106 326
54 136
92 428
207 378
455 480
205 305
298 496
432 496
36 496
17 254
91 203
143 393
108 372
242 372
283 373
316 321
333 490
66 146
71 490
107 147
145 439
186 440
198 265
184 367
219 388
318 367
10 214
43 162
409 485
101 332
82 90
161 383
221 434
64 450
105 259
210 275
196 377
237 378
311 327
297 429
22 224
8 326
402 445
25 495
61 152
66 496
99 444
121 203
214 394
462 496
76 460
84 321
115 388
175 439
249 388
290 389
276 491
288 316
18 455
40 214
73 162
100 265
114 163
152 455
174 214
191 383
193 456
251 434
325 383
3 332
77 281
94 450
75 208
149 157
228 450
492 496
170 445
244 394
230 496
68 168
128 219
169 220
155 322
205 439
320 389
17 388
58 389
91 337
70 214
182 455
355 383
47 230
33 332
107 281
198 399
299 451
332 399
373 400
101 466
49 276
82 224
109 327
123 225
183 276
235 466
274 394
334 445
12 394
177 461
158 219
311 461
350 389
61 286
102 287
121 337
135 235
253 456
327 405
24 404
60 61
46 163
65 405
63 332
151 179
211 230
238 333
271 281
329 451
362 399
40 348
21 106
62 107
114 297
141 400
174 348
153 225
213 276
306 467
3 466
56 292
37 50
42 394
176 394
341 461
14 66
0 168
19 410
41 169
79 461
93 359
132 287
192 338
266 287
357 405
68 302
95 405
155 456
394 472
72 421
53 179
359 451
70 348
144 297
245 349
295 466
336 467
47 364
33 466
74 467
148 416
129 174
160 241
247 395
10 482
51 483
32 241
280 343
321 344
44 66
49 410
109 461
123 359
150 462
197 308
412 462
348 477
26 426
48 185
34 287
86 477
447 456
139 303
199 354
273 303
259 405
364 421
23 128
28 472
102 421
124 180
465 473
215 298
201 400
27 247
13 349
60 195
118 365
99 123
104 467
137 415
159 174
178 416
238 467
250 292
477 483
81 483
153 359
227 308
213 410
254 411
268 309
328 360
419 478
4 236
78 185
116 477
138 236
157 478
231 427
243 252
229 354
55 201
41 303
93 493
454 472
113 179
154 180
192 472
206 370
233 473
305 349
35 488
431 488
57 247
90 195
131 196
169 488
134 467
208 416
342 416
15 21
20 365
70 482
106 139
92 241
111 483
298 309
284 411
358 360
69 257
17 67
449 478
160 375
108 185
146 477
187 478
261 427
321 478
335 376
85 201
71 303
145 252
164 494
310 319
263 473
337 422
10 27
48 319
122 268
461 488
101 145
87 247
120 195
139 437
161 196
199 488
221 247
240 489
64 263
50 365
124 314
413 417
163 242
289 381
316 484
349 432
22 37
13 483
25 308
118 499
140 258
252 499
217 478
291 427
365 376
76 273
24 83
103 376
115 201
268 443
216 253
328 494
1 99
6 443
326 421
18 268
4 370
78 319
152 268
367 422
344 438
55 335
41 437
77 94
94 263
154 314
228 263
305 483
346 484
379 432
420 433
38 139
79 140
170 258
203 206
73 325
54 83
59 427
133 376
147 274
224 494
298 443
246 253
432 443
31 99
36 443
58 202
96 494
110 392
108 319
149 320
182 268
209 371
223 269
283 320
300 489
11 386
85 335
71 437
112 438
126 336
186 387
434 489
184 314
258 263
10 161
376 484
409 432
87 381
202 331
427 449
26 105
50 499
64 397
124 448
177 274
163 376
429 495
61 99
66 443
121 150
200 443
214 341
179 320
253 269
313 320
43 459
24 217
404 438
82 387
63 145
142 438
156 336
189 284
216 387
381 454
18 402
40 161
119 454
100 212
141 213
377 379
191 330
232 331
251 381
292 382
3 279
77 228
168 346
116 156
368 377
93 172
79 274
459 495
244 341
230 443
285 342
304 392
147 408
95 218
207 459
260 285
320 336
347 439
72 234
380 387
89 403
130 212
223 403
322 382
47 177
33 279
126 470
148 229
198 346
239 347
225 449
299 398
10 295
51 296
109 274
202 465
315 342
301 444
26 239
12 341
375 393
177 408
125 218
218 409
28 285
9 43
88 336
102 234
162 285
179 454
201 213
327 352
5 301
354 455
27 60
13 162
46 110
63 279
137 228
156 470
178 229
238 280
255 449
7 347
40 295
81 296
389 449
172 414
153 172
232 465
306 414
366 465
39 70
56 239
4 49
42 341
190 239
231 240
281 357
308 460
382 409
19 357
60 358
46 460
93 306
151 476
132 234
192 285
285 476
169 301
134 280
208 229
260 419
361 471
72 368
20 178
359 398
70 295
111 296
171 347
245 296
262 465
336 414
14 363
0 465
69 70
74 414
396 465
160 188
239 481
187 291
220 239
51 430
49 357
90 358
71 116
150 409
315 476
26 373
48 132
53 476
414 455
125 352
240 302
226 404
331 420
391 471
23 75
64 76
50 178
102 368
129 471
201 347
275 296
5 435
44 363
25 121
104 414
118 312
178 363
238 414
252 312
426 465
217 291
7 481
43 138
76 86
444 482
120 358
153 306
254 358
6 256
345 476
419 425
18 81
4 183
23 425
157 425
105 235
196 353
229 301
270 302
330 353
55 148
8 302
41 250
60 492
421 471
99 420
132 368
159 471
173 369
206 317
233 420
35 435
131 143
117 245
136 487
134 414
222 261
249 364
282 312
309 415
20 312
37 481
73 138
59 240
111 430
171 481
185 379
474 482
14 497
110 205
127 374
108 132
187 425
261 374
302 375
321 425
300 302
30 441
90 492
38 302
126 149
164 441
186 200
203 369
236 317
277 318
428 487
139 384
87 194
240 436
64 210
12 20
182 431
201 481
215 379
242 482
27 328
44 497
80 154
66 256
481 498
219 498
200 256
217 425
291 374
318 477
43 272
24 30
29 374
103 323
351 425
120 492
194 441
235 442
268 390
392 426
1 46
6 390
367 369
4 317
45 318
119 267
105 369
193 216
210 385
196 487
270 436
344 385
330 487
22 334
3 92
8 436
94 210
286 380
272 482
346 431
19 36
24 380
79 87
84 431
98 329
115 498
170 205
189 447
230 256
249 498
1 396
323 447
362 375
73 272
147 221
133 323
174 324
207 272
422 426
298 390
399 442
36 390
77 391
58 149
89 216
75 318
209 318
314 334
300 436
374 385
33 92
186 334
184 261
225 262
10 108
15 452
51 109
54 380
87 328
202 278
279 498
353 447
17 498
177 221
163 323
204 324
237 272
355 493
80 288
429 442
107 391
88 149
167 442
489 493
179 267
406 458
5 114
10 458
65 165
82 334
63 92
142 385
156 283
255 262
381 401
45 452
81 109
119 401
141 160
193 350
172 227
232 278
22 468
61 396
42 154
121 447
135 345
195 396
484 499
234 324
360 463
19 170
98 463
151 289
137 391
285 289
436 458
40 458
73 406
95 165
114 407
155 216
174 458
246 334
287 335
347 386
58 283
89 350
37 160
70 108
75 452
190 402
264 351
314 468
262 278
322 329
14 176
0 278
52 468
93 469
126 417
148 176
165 345
239 294
266 397
299 345
51 243
390 463
431 464
128 463
150 222
301 391
26 186
34 47
70 458
144 407
125 165
204 458
278 407
317 335
47 474
28 232
181 474
129 284
179 401
220 402
294 351
280 453
354 402
32 351
44 176
118 125
104 227
123 469
197 418
257 469
296 397
67 345
141 294
461 464
172 361
120 171
232 412
273 413
306 361
6 69
56 186
9 340
234 458
368 458
8 115
46 407
473 474
132 181
173 182
159 284
285 423
324 351
35 248
21 350
62 351
76 249
136 300
153 469
361 418
39 367
20 125
89 484
37 294
185 192
138 346
171 294
212 295
264 485
262 412
303 413
14 310
363 464
36 69
41 413
187 238
247 289
30 254
11 12
16 356
38 115
90 305
164 254
379 408
282 475
315 423
356 424
15 131
48 79
53 423
106 249
218 490
240 249
226 351
317 469
391 418
69 367
50 125
91 126
160 485
335 486
27 141
393 464
66 69
145 362
217 238
310 429
370 480
43 85
29 187
48 429
103 136
122 378
180 356
254 305
6 203
312 475
345 423
23 372
4 130
97 321
124 424
105 182
446 475
248 490
289 491
22 147
8 249
27 491
60 439
25 418
99 367
173 316
233 367
324 485
272 295
2 434
365 486
24 193
62 485
84 244
98 142
189 260
175 362
309 362
1 209
400 480
37 428
73 85
152 378
133 136
243 496
251 357
284 305
55 445
36 203
377 496
96 254
416 424
127 321
302 322
319 491
30 388
453 491
52 147
38 249
57 491
90 439
112 198
131 440
203 316
263 367
15 265
428 434
106 383
54 193
207 435
240 383
31 209
17 311
91 260
143 450
108 429
256 327
407 496
11 496
80 101
66 203
167 255
217 372
258 373
318 424
43 219
423 440
87 491
142 198
221 491
45 265
119 214
105 316
210 332
196 434
237 435
297 486
22 281
8 383
135 158
195 209
286 327
313 430
346 378
24 327
46 86
84 378
115 445
189 394
175 496
478 497
323 394
40 271
21 29
114 220
251 491
325 440
77 338
58 96
89 163
168 456
190 215
176 317
302 456
300 383
341 384
52 281
0 91
38 383
401 435
203 450
376 378
54 327
202 225
205 496
293 343
320 446
394 395
31 343
12 101
53 102
58 446
91 394
380 497
144 220
204 271
295 389
355 440
47 287
28 45
33 389
88 96
181 287
332 456
5 61
10 405
32 164
65 112
371 384
82 281
197 231
183 333
257 282
274 451
348 400
7 107
86 400
67 158
158 276
259 328
350 446
23 51
9 153
42 101
61 343
83 102
121 394
135 292
234 271
60 118
46 220
211 287
271 338
35 61
21 163
40 405
62 164
114 354
141 457
227 231
39 180
77 472
378 400
89 297
42 451
116 400
190 349
138 159
264 298
438 451
281 467
415 467
14 123
93 416
41 226
165 292
206 293
357 462
30 67
54 461
68 359
90 118
150 169
169 411
241 287
72 478
433 457
92 164
130 456
171 457
204 405
245 406
410 473
47 421
28 179
69 180
107 472
148 473
294 298
32 298
385 416
44 123
123 416
104 174
145 175
197 365
257 416
236 293
296 344
7 241
81 190
34 344
139 360
125 462
172 308
259 462
23 185
97 134
124 237
157 185
234 405
275 406
349 355
13 406
25 231
99 180
137 472
151 370
159 231
250 349
351 401
62 298
136 247
134 174
227 365
254 468
287 416
328 417
326 344
56 483
4 293
37 241
78 242
138 293
190 483
212 242
243 309
229 411
303 360
363 411
55 258
41 360
127 134
113 236
132 478
16 303
38 62
131 253
222 371
208 473
282 422
356 371
342 473
92 298
185 489
298 366
284 468
358 417
418 468
160 432
182 191
220 483
261 484
335 433
32 432
11 309
85 258
71 360
145 309
393 411
236 427
184 237
296 478
310 376
370 427
48 376
29 134
34 478
122 325
411 428
87 304
120 252
221 304
312 422
23 319
413 474
45 78
50 422
124 371
215 489
196 247
237 248
289 438
349 489
8 196
388 417
173 263
214 264
200 366
250 483
291 484
2 381
43 382
24 140
29 484
84 191
103 433
115 258
189 207
425 484
249 258
276 361
1 156
340 376
326 478
367 479
4 427
40 84
59 134
78 376
105 479
138 427
193 326
191 253
243 443
55 392
77 151
94 320
75 78
154 371
228 320
443 474
319 438
379 489
57 438
38 196
79 197
112 145
117 489
131 387
170 315
203 263
230 366
15 212
73 382
54 140
106 330
133 433
147 331
155 192
207 382
31 156
17 258
58 259
91 207
397 479
70 84
130 135
209 428
223 326
256 274
283 377
11 443
33 202
71 494
107 151
112 495
126 393
186 444
184 371
198 269
10 218
87 438
109 197
142 145
188 490
235 336
26 162
86 213
163 433
311 331
61 156
140 449
121 207
380 464
313 377
24 274
98 223
404 495
63 202
137 151
142 495
189 341
216 444
290 393
288 320
114 167
100 269
193 460
480 490
265 336
306 337
292 439
366 388
77 285
89 110
42 264
75 212
267 382
93 229
79 331
170 449
244 398
192 208
304 449
343 377
68 172
21 326
95 275
169 224
260 342
320 393
380 444
72 291
58 393
89 460
130 269
171 270
223 460
336 337
33 336
107 285
146 213
299 455
10 352
51 353
32 111
49 280
123 229
183 280
334 449
86 347
139 173
125 275
177 465
199 224
350 393
28 342
9 100
327 409
5 358
387 460
65 409
60 65
13 219
46 167
25 44
63 336
104 337
137 285
151 183
238 337
269 404
329 455
403 404
2 60
7 404
62 111
172 471
213 280
254 281
306 471
39 127
56 296
37 54
116 347
190 296
405 450
281 414
382 466
14 70
60 415
19 414
41 173
55 71
93 363
132 291
206 240
192 342
357 409
35 358
21 460
458 461
169 358
260 476
208 286
72 425
37 404
111 353
92 111
185 302
336 471
410 420
14 420
470 471
69 127
110 128
129 178
146 347
187 348
261 297
247 399
321 348
51 487
32 245
352 415
412 466
11 122
49 414
71 173
90 415
123 363
150 466
164 364
26 430
48 189
34 291
122 138
447 460
139 307
87 117
199 358
240 359
226 461
331 477
364 425
23 132
9 234
28 476
50 235
102 425
143 426
465 477
215 302
275 353
27 251
8 9
44 420
25 178
99 127
178 420
159 178
252 369
250 296
43 195
29 297
81 487
442 466
180 466
254 415
328 364
6 313
18 138
23 482
56 430
78 189
97 431
157 482
231 431
229 358
303 307
330 410
55 205
3 15
154 184
30 148
35 492
76 493
131 200
134 471
208 420
222 318
282 369
323 370
20 369
73 195
59 297
111 487
133 246
185 436
224 364
284 415
358 364
36 313
110 262
96 364
449 482
108 189
187 482
209 241
335 380
30 498
11 256
38 359
71 307
112 308
126 206
186 257
203 426
277 375
337 426
15 375
106 493
87 251
139 441
161 200
188 303
312 369
353 370
64 267
50 369
215 436
163 246
289 385
25 312
140 262
200 313
217 482
291 431
351 482
43 329
24 87
103 380
156 206
194 498
216 257
268 447
1 103
6 447
307 375
18 272
4 374
119 324
193 273
191 200
3 149
8 493
77 98
42 77
121 370
154 318
195 319
286 437
360 386
346 488
420 437
19 93
98 386
84 488
131 334
222 452
170 262
230 313
1 453
422 483
133 380
174 381
298 447
246 257
399 499
31 103
72 104
58 206
77 448
96 498
75 375
209 375
314 391
300 493
374 442
11 390
434 493
33 149
112 442
186 391
198 216
225 319
51 166
376 488
101 283
49 93
54 437
87 385
109 144
202 335
301 314
31 453
12 211
86 160
427 453
177 278
163 380
295 499
369 448
80 345
61 103
66 447
102 104
107 448
140 396
167 499
179 324
181 397
253 273
313 324
43 463
65 222
13 32
404 442
82 391
63 149
104 150
156 340
257 392
381 458
40 165
119 458
193 407
141 217
172 284
158 386
292 386
56 109
42 211
61 453
116 160
157 161
176 211
195 453
234 381
308 330
93 176
79 278
211 397
285 346
271 448
73 463
114 464
95 222
155 273
260 289
246 391
320 340
20 48
58 340
452 459
111 166
149 458
190 459
322 386
14 233
0 335
47 181
148 233
165 402
146 160
225 453
299 402
32 58
49 227
123 176
109 278
150 279
164 177
202 469
241 397
315 346
26 243
375 397
53 346
144 464
125 222
218 413
278 464
226 274
317 392
28 289
102 238
88 340
129 341
162 289
179 458
253 407
5 305
354 459
27 64
32 408
65 356
156 474
104 284
178 233
197 475
238 284
269 351
329 402
2 7
7 351
29 110
67 402
81 300
141 351
153 176
6 126
345 346
23 295
9 397
42 345
83 346
97 244
231 244
248 413
308 464
382 413
60 362
41 120
173 239
233 290
250 459
324 408
35 305
21 407
62 408
76 306
136 357
208 233
361 475
39 424
20 182
359 402
400 403
59 110
138 403
262 469
303 470
14 367
437 470
36 126
74 418
96 177
148 367
127 244
113 346
187 295
239 485
51 434
30 311
16 413
90 362
71 120
112 121
150 413
412 413
203 239
263 290
53 480
106 306
92 408
139 254
226 408
28 423
69 424
50 182
124 131
143 373
215 249
242 352
27 198
25 125
66 126
71 470
104 418
118 316
145 419
178 367
217 295
219 368
310 486
7 485
43 142
29 244
81 434
103 193
122 435
120 362
194 311
318 347
254 362
6 260
345 480
18 85
4 187
23 429
45 188
78 136
97 378
119 137
124 481
157 429
196 357
210 255
330 357
60 496
8 306
25 475
462 476
159 475
272 352
398 491
57 198
98 199
136 491
134 418
175 419
222 265
309 419
1 266
340 486
474 486
73 142
59 244
78 486
133 193
152 435
212 486
224 311
251 414
284 362
325 363
36 260
110 209
96 311
416 481
127 378
352 496
300 306
11 203
52 204
38 306
90 496
126 153
131 497
277 322
263 424
304 425
428 491
469 492
106 440
87 198
166 491
207 492
188 250
240 440
279 368
31 266
91 317
108 486
163 193
242 486
256 384
355 363
80 158
167 312
217 429
318 481
392 430
29 378
423 497
82 204
120 496
142 255
161 497
367 373
119 271
105 373
210 389
196 491
270 440
22 338
8 440
61 266
94 214
121 317
135 215
195 266
346 435
98 333
79 91
84 435
170 209
323 451
1 400
288 430
362 379
422 430
59 378
100 379
147 225
174 328
265 446
339 395
3 446
75 322
190 272
314 338
267 492
300 440
341 441
401 492
0 148
74 97
112 389
225 266
15 456
51 113
376 435
68 282
54 384
128 333
417 436
353 451
394 452
26 56
53 159
91 451
70 328
144 277
130 379
177 225
369 395
355 497
80 292
28 102
107 395
88 153
167 446
179 271
220 272
280 323
5 118
406 462
82 338
123 339
109 441
142 389
156 287
183 390
197 288
348 457
26 406
7 164
45 456
81 113
86 457
141 164
172 231
158 333
273 283
383 451
424 452
61 400
42 158
121 451
135 349
162 452
195 400
234 328
60 175
98 467
63 446
211 344
238 447
271 395
250 272
436 462
35 118
21 220
40 462
62 221
95 169
174 462
153 339
227 288
213 390
347 390
56 406
37 164
75 456
111 113
116 457
190 406
264 355
14 180
0 282
74 231
148 180
165 349
113 159
206 350
266 401
51 247
30 124
16 226
169 468
150 226
342 396
34 51
144 411
125 169
166 170
204 462
218 360
418 423
47 478
69 237
143 186
321 458
354 406
32 355
385 473
44 180
118 129
104 231
145 232
197 422
257 473
269 298
48 299
29 57
34 401
122 248
139 417
120 175
172 365
180 226
199 468
273 417
461 468
6 73
23 242
9 344
157 242
248 360
234 462
275 463
289 361
349 412
46 411
25 288
99 237
151 427
159 288
173 186
233 237
324 355
2 304
76 253
351 458
136 304
153 473
134 231
227 422
328 474
78 299
111 247
212 299
243 366
229 468
363 468
55 315
41 417
96 124
113 293
187 242
206 484
228 243
305 463
30 258
11 16
439 463
38 119
117 412
131 310
164 258
92 355
166 304
240 253
226 355
205 232
358 474
31 79
69 371
129 422
143 320
108 299
242 299
335 490
333 417
11 366
44 314
66 73
85 315
219 315
393 468
236 484
184 294
411 485
43 89
29 191
122 382
409 412
87 361
221 361
386 428
23 376
64 377
45 135
97 325
105 186
124 428
196 304
237 305
289 495
27 495
8 253
388 474
25 422
61 79
99 371
121 130
140 372
159 422
173 320
200 423
214 321
272 299
2 438
365 490
62 489
98 146
84 248
464 469
175 366
276 418
340 433
78 433
59 191
138 484
152 382
193 383
212 433
224 258
55 449
3 259
77 208
94 377
127 325
154 428
168 326
228 377
476 479
319 495
267 305
453 495
57 495
170 372
203 320
230 423
15 269
68 95
54 197
73 439
128 146
133 490
147 388
188 197
205 366
207 439
31 213
17 315
91 264
130 192
223 383
256 331
47 157
33 259
80 105
107 208
167 259
198 326
258 377
318 428
10 275
32 34
423 444
483 495
161 444
109 254
142 202
183 203
221 495
12 321
86 270
311 388
297 490
61 213
9 23
121 264
195 213
214 455
286 331
327 332
313 434
65 332
46 90
98 280
115 449
63 259
137 208
156 450
21 33
174 275
265 393
251 495
292 496
306 394
3 393
39 50
339 342
366 445
42 321
75 269
116 270
168 460
176 321
190 219
281 337
267 439
341 388
19 337
0 95
368 491
401 439
244 455
192 265
16 39
54 331
155 383
320 450
394 399
53 106
58 450
70 275
130 326
245 276
295 393
336 394
322 496
47 291
28 49
33 393
107 342
148 343
181 291
160 168
146 270
198 460
239 461
10 409
32 168
49 337
123 286
109 388
257 286
274 455
26 353
7 111
12 455
48 112
86 404
125 332
158 280
199 281
350 450
23 55
9 157
88 450
102 348
327 466
275 276
5 415
60 122
13 276
46 224
426 445
178 343
252 292
2 117
114 358
62 168
227 235
213 337
254 338
39 184
378 404
56 353
78 112
138 163
176 455
231 354
14 127
55 128
41 230
206 297
192 399
266 348
357 466
16 173
90 122
95 466
117 225
169 415
134 394
208 343
222 241
241 291
282 292
72 482
20 292
433 461
70 409
111 410
185 359
171 461
245 410
284 338
47 425
410 477
69 184
148 477
160 302
108 112
187 405
220 353
247 456
294 302
32 302
11 179
44 127
49 471
123 420
296 348
337 349
48 246
34 348
122 195
120 122
199 415
259 466
23 189
9 291
97 138
102 482
215 359
289 308
275 410
349 359
25 235
99 184
252 426
2 251
76 200
103 303
115 128
153 420
194 421
227 369
268 370
328 421
6 370
326 348
18 195
4 297
212 246
229 415
270 416
330 467
55 262
3 72
41 364
435 483
94 190
127 138
132 482
154 241
173 483
206 431
305 410
30 205
57 308
131 257
117 359
222 375
208 477
323 427
342 477
15 82
20 426
59 354
133 303
147 201
224 421
358 421
418 472
96 421
127 488
108 246
160 436
182 195
209 298
242 246
261 488
300 416
333 364
85 262
145 313
186 314
184 241
277 432
337 483
411 432
15 432
87 308
221 308
312 426
353 427
45 82
50 426
124 375
177 201
163 303
256 494
297 303
27 442
25 369
66 370
140 319
214 268
291 488
365 437
406 438
43 386
24 144
29 488
84 195
103 437
115 262
63 72
142 365
216 314
18 329
367 483
40 88
45 432
100 139
193 330
210 499
191 257
292 309
77 155
383 427
94 324
42 134
75 82
154 375
168 273
195 376
286 494
319 442
360 443
420 494
93 99
79 201
244 268
304 319
436 438
59 488
95 145
147 335
207 386
205 313
246 314
31 160
17 262
58 263
72 161
397 483
70 88
75 432
130 139
149 381
209 432
223 330
283 381
314 448
374 499
47 104
33 206
52 448
107 155
112 499
148 156
186 448
198 273
225 376
239 274
258 324
299 325
51 223
390 443
49 150
87 442
109 201
128 443
161 391
188 494
202 392
301 371
64 458
12 268
177 335
125 145
237 386
402 453
80 402
61 160
102 161
140 453
162 212
181 454
179 381
253 330
5 228
354 382
65 279
404 499
63 206
137 155
142 499
156 397
276 499
269 274
40 222
81 223
67 325
141 274
480 494
306 341
292 443
56 166
42 268
94 458
405 495
234 438
267 386
19 284
0 42
46 387
368 438
132 161
170 453
211 454
285 403
343 381
21 330
95 279
169 228
155 330
260 346
246 448
72 295
89 464
70 222
144 171
223 464
171 274
322 443
14 290
47 238
146 217
247 269
373 408
32 115
338 387
49 284
109 335
150 336
274 402
315 403
26 300
375 454
53 403
34 161
125 279
218 470
226 331
350 397
28 346
50 105
88 397
162 346
253 464
201 274
294 465
5 362
27 121
13 223
65 413
44 290
104 341
178 290
403 408
7 408
67 459
141 408
172 475
153 233
180 336
306 475
6 183
405 454
4 110
9 454
42 402
83 403
97 301
157 352
382 470
60 419
206 244
159 398
192 346
233 347
324 465
398 414
35 362
21 464
62 465
95 413
136 414
458 465
260 480
20 239
359 459
37 408
111 357
59 167
92 115
171 408
185 306
212 409
224 234
377 476
14 424
36 183
69 131
74 475
96 234
110 132
113 403
127 301
187 352
247 403
261 301
321 352
352 419
30 368
11 126
453 471
164 368
112 178
150 470
48 193
34 295
166 414
240 363
226 465
28 480
64 137
50 239
124 188
143 430
465 481
201 408
242 409
25 182
66 183
118 373
145 476
219 425
291 301
351 352
81 491
122 492
194 368
142 178
180 470
268 317
419 486
23 486
4 244
78 193
119 194
157 486
231 435
210 312
196 414
270 363
330 414
3 19
8 363
173 430
286 307
272 409
305 357
76 497
346 358
84 358
134 475
175 476
208 424
249 425
309 476
1 323
20 373
323 374
73 199
59 301
147 148
284 419
325 420
358 368
36 317
96 368
449 486
75 245
149 194
187 486
209 245
228 487
261 435
11 260
52 261
38 363
112 312
126 210
203 430
184 188
263 481
277 379
337 430
15 379
101 153
87 255
106 497
202 205
240 497
205 476
31 323
12 81
64 271
91 374
163 250
256 441
66 317
140 266
181 267
167 369
179 194
217 486
291 435
5 41
29 435
156 210
216 261
276 312
334 482
408 431
45 379
119 328
193 277
210 446
191 204
22 395
8 497
135 272
121 374
195 323
286 441
360 390
346 492
387 493
19 97
24 441
84 492
420 441
170 266
211 267
271 318
1 457
362 436
35 41
73 333
114 334
147 282
174 385
339 452
58 210
397 430
89 277
149 328
223 277
264 278
314 395
341 498
374 446
14 103
0 205
47 51
52 395
74 154
79 498
126 344
415 447
225 323
51 170
376 492
68 339
54 441
417 493
109 148
202 339
293 457
301 318
12 215
86 164
144 334
130 436
218 283
47 401
80 349
88 210
129 211
181 401
179 328
253 277
280 380
32 278
13 36
385 396
44 103
63 153
142 446
156 344
183 447
445 447
255 323
81 170
67 272
141 221
447 493
172 288
158 390
61 457
9 267
42 215
157 165
195 457
248 283
234 385
60 232
211 401
35 175
21 277
62 278
95 226
114 468
227 345
213 447
287 396
347 447
39 294
72 242
452 463
37 221
111 170
171 221
212 222
264 412
262 339
322 390
14 237
363 391
113 216
239 355
266 458
51 304
30 181
16 283
68 473
90 232
150 283
164 181
241 401
301 452
342 453
375 401
34 108
92 278
125 226
166 227
278 468
69 294
50 52
129 345
160 412
201 221
354 463
32 412
118 186
104 288
219 238
269 355
255 457
296 458
310 356
2 11
7 355
29 114
34 458
122 305
172 422
180 283
273 474
6 130
4 57
9 401
83 350
105 109
157 299
248 417
196 227
289 418
349 469
22 74
60 366
25 345
151 484
324 412
2 361
384 463
62 412
425 464
117 119
134 288
175 289
361 479
39 428
20 186
326 458
37 355
152 305
212 356
377 423
14 371
437 474
41 474
127 248
113 350
319 418
338 468
30 315
16 417
52 74
90 366
117 469
131 367
352 366
222 485
203 243
379 469
356 485
15 192
53 484
414 463
240 310
331 428
391 479
64 84
17 238
50 186
69 428
91 187
108 356
129 479
143 377
182 305
333 474
44 371
85 372
66 130
71 474
145 423
167 182
219 372
217 299
258 300
310 490
318 351
43 146
29 248
48 490
122 439
120 366
194 315
6 264
23 433
64 434
45 192
97 382
105 243
119 141
210 259
196 361
297 413
402 429
462 480
61 136
99 428
121 187
159 479
173 377
214 378
2 495
98 203
84 305
115 372
175 423
249 372
309 423
1 270
340 490
288 300
73 146
114 147
152 439
174 198
212 490
224 315
265 316
251 418
325 367
3 316
77 265
89 90
75 192
127 382
154 485
168 383
176 244
0 18
38 310
112 259
277 326
304 429
68 152
128 203
207 496
188 254
279 372
380 424
17 372
91 321
144 147
130 249
182 439
242 490
256 388
47 214
33 316
66 264
107 265
167 316
181 214
198 383
258 434
318 485
10 332
101 450
82 208
156 157
109 311
307 326
45 326
67 85
177 445
158 203
210 393
237 496
311 445
61 270
286 388
272 490
327 389
387 440
19 44
24 388
46 147
151 163
189 455
288 434
362 383
40 332
389 486
174 332
213 260
3 450
39 107
77 399
89 224
42 378
75 326
116 327
176 378
267 496
341 445
19 394
93 343
165 219
192 322
266 271
51 117
357 389
343 491
54 388
95 389
128 337
260 456
293 404
394 456
31 404
72 405
53 163
218 230
278 281
295 450
336 451
369 399
28 106
33 450
181 348
167 450
280 327
5 122
10 466
32 225
371 445
123 343
183 394
255 270
348 461
26 410
81 117
34 271
67 219
172 235
125 389
158 337
273 287
364 405
424 456
28 456
102 405
83 163
162 456
234 332
5 472
60 179
151 297
252 349
238 451
250 276
35 122
40 466
62 225
76 123
114 415
153 343
227 292
328 344
39 241
378 461
419 462
37 168
78 169
116 461
264 359
229 338
0 286
55 185
93 477
454 456
132 405
113 163
192 456
266 405
431 472
35 472
16 230
117 282
150 230
208 400
241 348
282 349
342 400
20 349
106 123
111 467
166 174
245 467
317 343
47 482
69 241
17 51
129 292
143 190
146 461
220 410
261 411
294 359
321 462
335 360
385 477
44 184
85 185
71 287
123 477
145 236
164 478
197 426
296 405
48 303
29 61
122 252
139 421
199 472
180 230
221 231
312 349
372 400
9 348
50 349
64 247
83 297
97 195
124 298
215 416
275 467
8 123
118 483
159 292
291 411
324 359
2 308
76 257
24 67
62 359
103 360
136 308
115 185
153 477
175 236
194 478
268 427
276 288
6 427
39 375
326 405
328 478
78 303
152 252
138 354
212 303
243 370
229 472
303 421
55 319
3 129
41 421
77 78
127 195
113 297
168 196
228 247
319 365
305 467
16 364
131 314
282 483
230 293
20 483
92 359
147 258
166 308
224 478
358 478
31 83
110 376
96 478
397 406
160 493
242 303
335 494
333 421
374 422
11 370
33 129
112 422
145 370
219 319
236 488
310 437
15 489
409 416
101 263
161 314
235 263
386 432
427 433
64 381
50 483
177 258
163 360
289 499
22 155
27 499
25 426
66 427
80 325
121 134
214 325
272 303
365 494
43 443
24 201
103 494
84 252
404 422
115 319
464 473
142 422
175 370
216 371
276 422
1 217
290 320
4 488
40 145
78 437
100 196
119 438
193 387
441 489
251 365
292 366
3 263
77 212
383 484
94 381
154 432
195 433
267 309
52 155
57 499
131 448
170 376
230 427
73 443
54 201
207 443
155 253
260 269
17 319
58 320
72 218
471 489
149 438
283 438
126 454
167 263
198 330
184 432
258 381
299 382
10 279
32 38
101 397
49 207
82 155
87 499
109 258
123 156
161 448
183 207
26 223
375 377
86 274
466 495
125 202
163 494
237 443
311 392
80 459
61 217
102 218
88 320
162 269
214 459
253 387
327 336
313 438
5 285
46 94
290 454
238 264
255 433
288 381
329 382
40 279
81 280
67 382
114 228
389 433
153 156
191 448
232 449
306 398
366 449
56 223
190 223
176 325
267 443
308 444
341 392
368 495
0 99
41 100
79 392
93 290
165 166
192 269
285 460
343 438
35 285
16 43
68 233
95 336
169 285
260 403
208 213
361 455
72 352
20 162
359 382
70 279
130 330
171 331
185 229
262 449
336 398
47 295
0 449
33 397
74 398
396 449
160 172
220 223
373 465
338 444
123 290
164 291
150 393
197 239
274 459
86 408
139 234
199 285
259 336
350 454
391 455
83 110
162 403
201 331
275 280
5 419
327 470
426 449
118 296
104 398
178 347
252 296
238 398
269 465
103 173
141 465
153 290
194 291
180 393
227 239
6 240
39 188
345 460
18 65
4 167
42 459
56 357
78 116
83 460
116 408
138 167
157 409
229 285
19 475
60 476
41 234
330 337
206 301
192 403
357 470
398 471
30 75
16 177
57 178
95 470
134 398
208 347
222 245
282 296
309 399
342 347
37 465
111 414
92 172
171 465
245 414
224 291
284 342
14 481
410 481
36 240
148 481
96 291
127 358
108 116
113 460
187 409
261 358
30 425
11 183
49 475
71 234
85 132
164 425
236 301
277 302
337 353
48 250
34 352
87 178
240 420
64 194
50 296
124 245
201 465
289 312
27 312
13 414
440 481
44 481
25 239
66 240
99 188
140 189
178 481
219 482
481 482
217 409
291 358
351 409
43 256
29 358
103 307
392 410
115 132
120 476
175 183
194 425
1 30
6 374
18 199
97 492
78 250
119 251
105 353
152 199
231 492
210 369
243 317
270 420
344 369
330 471
22 318
8 420
94 194
173 487
154 245
305 414
131 261
84 415
117 363
222 379
170 189
208 481
230 240
249 482
147 205
133 307
207 256
224 425
284 476
325 477
358 425
36 374
17 132
58 133
96 425
110 323
75 302
127 492
149 251
209 302
302 493
314 318
300 420
11 317
52 318
33 76
38 420
184 245
225 246
277 436
411 436
15 436
87 312
128 313
161 261
188 364
202 262
293 380
279 482
353 431
26 36
17 482
50 430
91 431
177 205
256 498
355 477
388 425
88 133
167 426
181 324
200 374
214 272
332 493
43 390
29 492
65 149
115 266
63 76
142 369
156 267
367 487
408 488
40 92
45 436
105 487
193 334
158 313
232 262
292 313
22 452
61 380
42 138
135 329
195 380
443 482
286 498
420 498
19 154
24 498
79 205
98 447
170 323
211 324
230 374
271 375
362 493
73 390
21 200
59 492
95 149
100 493
147 339
155 200
174 442
347 370
72 165
58 267
438 488
70 92
75 436
130 143
149 385
209 436
264 335
283 385
314 452
0 262
126 401
186 452
299 329
101 344
54 498
450 498
109 205
188 498
202 396
491 499
241 324
26 170
12 272
86 221
144 391
163 441
177 339
204 442
278 391
419 442
28 216
102 165
88 267
162 216
179 385
253 334
294 335
280 437
5 232
65 283
13 93
82 452
156 401
197 402
216 452
257 453
269 278
7 278
81 227
480 498
158 447
232 396
180 206
259 499
292 447
6 53
56 170
42 272
83 273
116 221
425 457
19 288
60 289
41 47
46 391
368 442
151 407
285 407
324 335
35 232
21 334
95 283
136 284
169 232
384 386
227 402
260 350
287 453
361 402
20 109
89 468
37 278
111 227
264 469
262 396
336 345
322 447
14 294
0 396
36 53
148 294
165 463
239 412
187 222
247 273
16 340
49 288
164 238
150 340
439 443
241 458
375 458
48 63
53 407
218 474
166 284
28 350
102 299
50 109
129 402
143 300
160 469
201 278
242 279
5 366
294 469
27 125
13 227
25 52
104 345
118 243
178 294
269 412
2 68
29 171
67 463
103 120
122 362
120 289
172 479
180 340
194 238
23 356
4 114
97 305
157 356
105 166
231 305
405 458
248 474
22 131
8 233
55 79
60 423
99 351
132 299
159 402
173 300
233 351
324 469
272 279
35 366
76 367
57 125
62 469
398 418
458 469
175 346
208 294
249 295
39 485
20 243
400 464
37 412
59 171
185 310
212 413
243 480
224 238
284 289
14 428
36 187
110 136
96 238
127 305
113 407
228 357
247 407
30 372
11 130
16 474
38 233
52 131
90 423
112 182
150 474
203 300
453 475
263 351
15 249
106 367
87 125
92 469
166 418
226 469
64 141
17 295
69 485
91 244
430 464
108 413
182 362
242 413
316 362
407 480
80 85
66 187
85 429
118 377
145 480
258 357
29 305
361 367
120 423
161 424
268 321
221 475
6 321
23 490
97 439
119 198
105 300
270 367
311 368
330 418
22 265
3 23
8 367
94 141
99 485
121 244
135 142
173 434
346 362
24 311
98 260
115 429
189 378
175 480
323 378
1 327
288 357
18 496
59 305
100 306
133 254
152 496
174 255
224 372
265 373
251 475
325 424
77 322
58 80
490 491
94 491
75 249
127 439
168 440
209 249
228 491
300 367
52 265
0 75
38 367
126 214
401 419
203 434
244 435
277 383
304 486
54 311
128 260
202 209
279 429
353 378
31 327
12 85
53 86
91 378
182 496
130 306
163 254
204 255
295 373
355 424
80 219
33 373
198 440
65 96
216 265
348 384
408 435
7 91
45 383
67 142
86 384
119 332
158 260
22 399
61 327
135 276
83 86
121 378
286 445
234 255
360 394
387 497
19 101
24 445
46 204
84 496
137 322
211 271
1 461
362 440
35 45
21 147
40 389
100 440
174 389
422 491
246 265
339 456
72 112
77 456
378 384
37 91
116 384
149 332
264 282
281 451
415 451
52 399
0 209
74 158
165 276
225 327
357 446
68 343
49 101
128 394
169 395
241 271
301 322
31 461
53 220
130 440
204 389
218 287
278 338
369 456
410 457
102 112
107 456
181 405
160 282
146 384
179 332
280 384
5 179
32 282
13 40
44 107
49 451
82 399
104 158
123 400
183 451
257 400
26 467
81 174
34 328
172 292
158 394
199 395
23 169
9 271
61 461
83 220
97 118
102 462
248 287
275 390
60 236
99 164
211 405
159 215
252 406
2 231
76 180
62 282
114 472
136 231
134 158
213 451
227 349
328 401
39 298
452 467
56 467
37 225
111 174
212 226
303 344
0 343
41 344
55 242
165 410
113 220
206 411
266 462
90 236
38 46
164 185
241 405
342 457
15 62
106 180
185 473
166 231
218 421
226 282
317 400
358 401
69 298
143 247
160 416
220 467
261 468
27 72
333 344
44 241
118 190
393 395
219 242
310 360
411 412
48 360
29 118
139 478
120 236
180 287
221 288
273 478
312 406
23 303
4 61
9 405
45 62
50 406
83 354
97 252
105 113
124 355
196 231
215 473
289 422
22 78
8 180
388 401
25 349
151 488
233 298
250 467
291 468
324 416
2 365
76 314
24 124
57 72
84 175
103 417
136 365
189 191
227 483
268 484
425 468
1 140
39 432
326 462
18 309
340 360
400 411
59 118
212 360
344 479
377 427
55 376
36 134
41 478
77 135
127 252
168 253
154 355
228 304
319 422
379 473
52 78
38 180
112 129
117 473
131 371
203 247
263 298
356 489
15 196
455 468
133 417
166 365
207 366
205 293
432 484
17 242
91 191
108 360
182 309
283 361
407 427
11 427
85 376
66 134
107 135
145 427
186 428
198 253
184 355
318 355
10 202
409 473
87 422
161 371
221 422
386 489
427 490
64 438
45 196
119 145
163 417
196 365
237 366
297 417
22 212
8 314
311 315
402 433
462 484
61 140
66 484
99 432
140 433
200 484
272 360
313 361
84 309
189 325
175 427
216 428
249 376
290 377
340 494
288 304
18 443
40 202
78 494
100 253
114 151
119 495
174 202
191 371
193 444
251 422
366 372
416 489
457 490
89 94
94 438
116 197
168 387
176 248
228 438
302 387
267 366
52 212
0 22
79 315
93 213
170 433
244 382
230 484
68 156
128 207
205 427
260 326
279 376
31 274
17 376
58 377
72 275
380 428
108 494
144 151
130 253
149 495
182 443
283 495
295 320
322 423
47 218
33 320
107 269
181 218
167 320
355 371
198 387
146 197
184 489
225 490
258 438
10 336
32 95
101 454
49 264
82 212
123 213
183 264
235 454
274 382
334 433
86 331
34 141
67 89
177 449
158 207
199 208
350 377
61 274
9 84
102 275
179 495
327 393
387 444
65 393
46 151
63 320
137 269
238 321
255 490
288 438
329 439
40 336
21 94
67 439
114 285
141 388
362 387
153 213
265 454
213 264
306 455
3 454
37 38
42 382
116 331
190 280
281 398
341 449
14 54
0 156
79 449
93 347
165 223
206 224
357 393
343 495
35 342
16 100
68 290
95 393
117 152
169 342
417 444
359 439
70 336
92 95
130 387
171 388
185 286
218 234
245 337
47 352
33 454
69 111
148 404
160 229
220 280
280 331
321 332
51 471
32 229
412 450
49 398
71 157
150 450
197 296
26 414
48 173
139 291
125 393
364 409
424 460
102 409
83 167
124 168
162 460
275 337
27 235
60 183
63 454
104 455
118 353
151 301
252 353
76 127
62 229
81 471
103 230
442 450
153 347
227 296
213 398
254 399
268 297
328 348
39 245
419 466
18 122
4 224
56 414
78 173
116 465
138 224
157 466
231 415
229 342
330 394
55 189
41 291
113 167
154 168
192 460
206 358
305 337
30 132
16 234
35 476
57 235
169 476
134 455
208 404
282 353
20 353
92 229
185 420
284 399
36 297
69 245
96 348
449 466
160 363
108 173
146 465
261 415
335 364
321 466
11 240
85 189
71 291
145 240
164 482
236 358
337 410
10 15
48 307
122 256
101 133
87 235
161 184
199 476
240 477
372 404
64 251
124 302
215 420
163 230
275 471
289 369
316 472
27 369
8 127
118 487
140 246
252 487
217 466
2 312
392 467
24 71
84 122
115 189
194 482
175 240
268 431
328 482
276 292
6 431
326 409
18 256
4 358
78 307
152 256
193 257
367 410
210 426
270 477
344 426
22 375
3 133
8 477
41 425
77 82
94 251
319 369
305 471
379 420
420 421
57 369
38 127
79 128
84 472
131 318
222 436
170 246
230 297
323 488
20 487
422 467
54 71
207 313
224 482
205 240
399 483
31 87
17 189
36 431
58 190
72 88
108 307
110 380
149 308
209 359
223 257
283 308
314 375
300 477
335 498
11 374
52 375
33 133
38 477
85 323
112 426
126 324
184 302
10 149
15 493
376 472
101 267
87 369
161 318
109 128
235 267
293 437
312 487
427 437
26 93
12 195
50 487
86 144
91 488
177 262
237 313
297 364
80 329
61 87
140 380
88 190
214 329
429 483
179 308
253 257
365 498
406 499
5 155
24 205
43 447
65 206
103 498
115 323
156 324
142 426
404 426
290 324
464 477
307 493
381 442
18 390
40 149
45 493
67 252
100 200
119 442
193 391
191 318
482 494
383 488
168 334
195 437
176 195
19 211
93 160
459 483
244 329
285 330
271 432
436 499
68 103
54 205
95 206
147 396
174 499
260 273
246 375
58 324
471 493
70 149
75 493
130 200
149 442
209 493
223 391
283 442
322 370
47 165
0 319
33 267
74 268
126 458
148 217
165 386
225 437
51 284
68 453
49 211
123 160
109 262
274 329
315 330
375 381
53 330
34 88
86 278
466 499
125 206
163 498
204 499
218 397
9 31
88 324
102 222
162 273
253 391
327 340
313 442
354 443
13 150
63 267
118 166
178 217
238 268
269 335
255 437
329 386
7 335
40 283
67 386
141 335
389 437
172 402
153 160
232 453
180 263
39 58
4 37
116 278
248 397
234 499
281 345
308 448
368 499
60 346
93 294
382 397
192 273
233 274
343 442
35 289
16 47
21 391
136 341
155 391
169 289
260 407
361 459
39 408
20 166
37 335
185 233
245 284
336 402
377 403
14 351
0 453
396 453
437 454
96 161
160 176
187 279
51 418
16 397
49 345
71 104
150 397
164 295
315 464
263 274
48 120
414 443
139 238
166 341
226 392
23 63
28 407
69 408
102 356
129 459
215 233
201 335
13 284
44 351
426 453
66 110
104 402
178 351
219 352
252 300
269 469
217 279
310 470
7 469
43 126
29 228
81 418
103 177
444 470
254 346
345 464
4 171
78 120
83 464
105 223
119 121
231 362
196 341
330 341
55 136
41 238
99 408
159 459
233 408
398 475
35 423
57 182
222 249
249 352
282 300
309 403
20 300
340 470
37 469
73 126
59 228
185 367
224 295
284 346
14 485
110 193
96 295
247 464
352 480
30 429
85 136
38 290
71 238
203 357
277 306
263 408
428 475
87 182
279 352
50 300
91 301
124 249
143 491
182 419
163 177
242 470
256 368
44 485
80 142
66 244
140 193
219 486
167 296
481 486
217 413
291 362
392 414
29 362
423 481
82 188
120 480
142 239
194 429
6 378
18 203
4 305
45 306
97 496
119 255
193 204
344 373
330 475
135 199
121 301
154 249
173 491
286 368
57 316
84 419
170 193
1 384
73 260
59 362
100 363
133 311
147 209
224 429
298 378
325 481
399 430
3 430
36 378
58 137
77 379
127 496
75 306
149 255
209 306
401 476
38 424
74 81
112 373
186 322
165 199
203 491
225 250
10 96
51 97
202 266
188 368
279 486
353 435
26 40
17 486
86 91
413 486
177 209
130 363
204 312
295 430
369 379
80 276
28 86
33 430
66 378
107 379
167 430
181 328
179 255
429 430
332 497
280 307
5 102
10 446
43 394
65 153
406 446
63 80
183 374
307 440
348 441
408 492
7 148
40 96
45 440
81 97
86 441
119 389
141 148
158 317
292 317
424 436
61 384
135 333
360 451
60 159
46 261
98 451
63 430
137 379
151 277
211 328
271 379
362 497
35 102
21 204
95 153
100 497
114 395
155 204
213 374
246 322
287 323
378 441
89 338
75 440
149 389
438 492
176 492
264 339
314 456
262 266
14 164
0 266
52 456
74 215
93 457
148 164
165 333
239 282
225 384
266 385
299 333
51 231
390 451
49 158
128 451
169 452
241 328
53 277
34 35
70 446
144 395
130 497
204 446
218 344
278 395
47 462
28 220
88 271
129 272
181 462
468 492
179 389
220 390
294 339
280 441
5 236
354 390
82 456
123 457
104 215
197 406
257 457
269 282
255 384
296 385
329 333
7 282
81 231
67 333
141 282
172 349
120 159
199 452
180 210
232 400
273 401
6 57
23 226
9 328
83 277
97 175
157 226
234 446
308 395
349 396
60 293
8 103
41 51
46 395
151 411
132 169
211 462
285 411
250 390
324 339
2 288
76 237
62 339
153 457
287 457
361 406
326 385
111 231
152 232
138 334
212 283
229 452
262 400
303 401
14 298
0 400
36 57
55 299
74 349
96 108
363 452
113 277
187 226
206 468
338 395
379 396
16 344
439 447
38 103
117 396
150 344
164 242
315 411
356 412
15 119
106 237
218 478
166 288
226 339
331 355
317 457
50 113
129 406
143 304
160 473
182 232
201 282
294 473
335 474
32 473
333 401
44 298
118 247
104 349
393 452
217 226
310 417
370 468
7 416
43 73
48 417
122 366
120 293
194 242
221 345
345 411
4 118
45 119
50 463
97 309
446 463
196 288
297 340
60 427
8 237
25 406
99 355
159 406
233 355
324 473
272 283
2 422
24 181
98 130
84 232
103 474
115 299
136 422
175 350
189 248
309 350
39 489
340 417
37 416
78 417
152 366
224 242
251 345
110 140
75 119
154 412
228 361
302 310
319 479
30 376
16 478
52 135
38 237
57 479
90 427
230 407
395 474
54 181
92 473
133 474
166 422
31 197
17 299
69 489
91 248
110 490
108 417
143 438
256 315
283 418
448 485
85 433
66 191
107 192
167 243
198 310
184 412
258 361
318 412
10 259
423 428
101 377
82 135
87 479
142 186
161 428
221 479
235 377
23 494
334 356
105 304
210 320
163 474
196 422
237 423
297 474
22 269
311 372
61 197
135 146
121 248
140 490
214 439
286 315
272 417
313 418
346 366
24 315
98 264
46 74
63 243
137 192
189 382
216 485
249 433
290 434
288 361
114 208
174 259
265 377
366 429
77 326
490 495
89 151
94 495
149 202
267 423
341 372
52 269
0 79
79 372
93 270
126 218
401 423
170 490
304 490
343 418
68 213
54 315
202 213
155 367
188 315
246 485
320 434
17 433
70 259
144 208
204 259
295 377
28 33
181 275
258 495
299 496
332 444
5 49
373 445
32 152
49 321
123 270
156 218
197 219
334 490
26 337
7 95
86 388
67 146
408 439
199 265
23 39
9 141
88 434
121 382
135 280
162 383
234 259
327 450
24 449
60 106
46 208
65 450
426 429
63 377
137 326
151 224
252 276
238 378
271 326
329 496
403 445
35 49
21 151
40 393
100 444
114 342
141 445
174 393
213 321
77 460
56 337
42 439
116 388
438 439
138 147
176 439
281 455
229 265
415 455
14 111
0 213
132 332
165 280
206 281
357 450
35 399
68 347
95 450
169 399
72 466
53 224
144 342
130 444
185 343
410 461
47 409
69 168
107 460
129 219
148 461
160 286
146 388
220 337
247 440
321 389
49 455
104 162
183 455
26 471
7 229
48 230
34 332
122 179
139 348
125 450
199 399
273 348
259 450
364 466
9 275
83 224
97 122
102 466
248 291
275 394
60 240
8 50
440 461
25 219
137 460
151 358
178 461
252 410
250 337
351 389
76 184
62 286
136 235
153 404
134 162
227 353
254 456
268 354
328 405
1 10
39 302
326 332
78 230
152 179
190 471
212 230
231 472
229 399
303 348
363 399
55 246
113 224
154 225
266 466
305 394
57 292
208 461
282 410
356 359
15 66
185 477
166 235
207 236
284 456
17 112
110 303
108 230
335 421
333 348
85 246
71 348
236 415
296 466
10 72
48 364
221 292
23 307
372 461
45 66
50 410
413 462
163 287
196 235
289 426
349 477
22 82
8 184
27 426
388 405
99 302
140 303
214 252
200 354
291 472
2 369
43 370
29 472
76 318
103 421
189 195
216 298
276 349
1 144
6 488
340 364
18 313
40 72
78 364
100 123
105 467
152 313
243 431
251 292
344 483
3 190
41 482
168 257
154 359
228 308
420 478
38 184
79 185
117 477
222 493
244 252
73 370
106 318
133 421
147 319
155 180
207 370
205 297
246 298
432 488
58 247
91 195
397 467
70 72
108 364
149 365
182 313
209 416
223 314
256 262
283 365
314 432
85 380
33 190
112 483
126 381
167 190
258 308
10 206
87 426
161 375
109 185
221 426
26 150
64 442
124 493
163 421
297 421
402 437
80 386
61 144
66 488
140 437
162 196
200 488
462 488
313 365
24 262
404 483
82 432
63 190
115 380
137 139
156 381
276 483
18 447
114 155
100 257
141 258
174 206
193 448
251 426
306 325
3 324
56 150
42 252
94 442
135 443
154 493
176 252
195 494
267 370
19 268
0 26
79 319
170 437
244 386
192 196
271 489
285 387
304 437
68 160
54 262
95 263
147 453
155 314
347 484
72 279
58 381
380 432
89 448
144 155
149 499
204 206
223 448
262 376
295 324
47 222
33 324
74 325
107 273
148 274
198 391
184 493
225 494
239 392
299 443
10 340
373 392
101 458
49 268
123 217
109 319
183 268
351 448
274 386
301 489
26 284
86 335
177 453
218 454
259 263
9 88
102 279
179 499
253 448
201 258
313 499
5 346
327 397
65 397
13 207
25 32
104 325
137 273
151 171
178 274
238 325
269 392
255 494
7 392
81 341
67 443
141 392
389 494
153 217
254 269
405 438
4 94
42 386
116 335
281 402
382 454
19 402
55 59
41 161
60 403
93 351
192 330
21 448
169 346
117 156
155 448
134 325
208 274
260 464
72 413
359 443
37 392
70 340
111 341
185 290
460 495
14 408
69 115
96 218
146 335
187 336
220 284
247 387
261 285
51 475
352 403
412 454
11 110
49 402
71 161
123 351
164 352
263 331
26 418
48 177
34 279
139 295
87 105
125 397
199 346
240 347
28 464
143 414
215 290
275 341
5 480
316 342
27 239
44 408
25 166
118 357
219 409
238 459
217 336
43 183
76 131
81 475
120 403
153 351
180 454
194 352
254 403
6 301
419 470
23 470
4 228
157 470
138 228
231 419
243 244
229 346
330 398
55 193
8 347
41 295
99 465
132 413
154 172
173 414
206 362
233 465
76 481
117 290
222 306
208 408
323 358
309 460
20 357
106 131
59 285
111 475
152 476
185 424
224 352
298 301
58 60
108 177
302 420
321 470
335 368
300 347
11 244
71 295
112 296
186 245
277 363
263 465
337 414
10 19
15 363
101 137
87 239
106 481
139 429
161 188
188 291
221 239
240 481
279 409
312 357
353 358
124 306
182 476
215 424
256 425
316 476
118 491
140 250
200 301
217 470
365 368
351 470
103 368
115 193
156 194
142 296
216 245
268 435
276 296
6 435
367 414
4 362
45 363
119 312
105 414
193 261
210 430
22 379
8 481
42 65
154 306
168 204
286 425
420 425
19 81
24 425
57 373
98 374
230 301
323 492
1 441
21 127
54 75
59 419
224 486
265 487
339 436
36 435
72 92
77 436
110 384
89 261
397 414
283 312
415 431
52 379
126 328
74 138
112 430
186 379
184 306
404 415
376 476
101 271
54 425
87 373
109 132
128 374
188 425
202 323
293 441
26 97
12 199
86 148
91 492
177 266
237 317
107 436
88 194
140 384
181 385
179 312
253 261
65 210
13 20
404 430
63 137
142 430
216 379
257 380
290 328
307 497
348 498
381 446
7 205
119 446
67 256
141 205
482 498
292 374
383 492
56 97
61 441
195 441
234 369
60 216
93 164
151 334
170 384
211 385
271 436
114 452
95 210
155 261
134 138
246 379
287 380
320 328
347 431
20 36
58 328
89 395
75 497
111 154
223 395
171 205
378 498
14 221
0 323
74 272
126 462
148 221
363 375
165 390
225 441
266 442
32 46
90 216
202 457
150 267
241 385
301 436
26 231
375 385
53 334
144 452
125 210
317 380
28 277
9 35
88 328
129 329
220 447
201 205
280 498
5 293
32 396
13 154
44 221
156 462
104 272
178 221
238 272
255 441
296 442
370 391
29 98
67 390
120 216
153 164
232 457
273 458
306 406
6 114
56 231
9 385
83 334
97 232
157 283
231 232
248 401
308 452
349 453
382 401
8 160
151 468
132 226
159 329
285 468
324 396
35 293
62 396
134 272
208 221
227 463
361 463
20 170
359 390
37 339
111 288
185 237
138 391
171 339
262 457
36 114
41 458
74 406
96 165
127 232
113 334
187 283
247 334
379 453
16 401
38 160
71 108
164 299
263 278
356 469
15 176
48 124
53 468
414 447
139 242
92 396
166 345
240 294
226 396
331 412
391 463
64 68
143 361
91 171
129 463
215 237
242 340
27 186
13 288
44 355
118 304
66 114
104 406
145 407
219 356
217 283
310 474
318 335
409 453
120 350
180 401
6 248
18 73
23 417
45 176
83 468
105 227
119 125
124 469
210 243
196 345
60 484
8 294
421 463
25 463
99 412
462 464
159 463
272 340
2 479
76 428
24 238
57 186
84 289
98 187
398 479
189 305
222 253
309 407
1 254
340 474
37 473
78 474
59 232
133 181
152 423
174 182
224 299
265 300
251 402
55 490
77 249
416 469
75 176
113 468
154 469
187 417
228 418
302 367
30 433
90 484
38 294
126 141
203 361
263 412
304 413
337 361
15 310
428 479
106 428
54 238
166 479
240 428
205 407
279 356
380 408
17 356
91 305
143 495
163 181
242 474
256 372
316 423
80 146
66 248
140 197
167 300
198 367
184 469
217 417
258 418
318 469
10 316
29 366
43 264
332 367
392 418
82 192
120 484
142 243
161 485
235 434
423 485
307 310
334 413
119 259
67 69
105 361
210 377
158 187
196 479
270 428
311 429
135 203
121 305
195 254
214 496
313 475
346 423
19 28
24 372
98 321
115 490
189 439
137 249
249 490
323 439
288 418
362 367
40 316
73 264
174 316
191 485
265 434
339 383
366 486
399 434
58 141
89 208
75 310
190 260
176 362
281 378
300 428
14 34
38 428
74 85
79 429
203 495
225 254
51 101
343 475
68 270
54 372
376 423
202 270
188 372
482 486
293 388
279 490
353 439
31 388
53 147
58 491
91 439
144 265
130 367
295 434
355 485
429 434
28 90
33 434
181 332
129 142
167 434
280 311
5 106
10 450
32 209
82 326
156 275
109 429
197 276
257 327
274 496
26 394
7 152
86 445
408 496
141 152
232 270
259 373
364 389
424 440
23 96
9 198
61 388
83 147
88 491
135 337
162 440
46 265
444 461
63 434
137 383
211 332
238 435
250 260
35 106
76 107
62 209
95 157
136 158
153 327
227 276
213 378
287 327
347 378
39 225
378 445
56 394
37 152
438 496
479 497
138 204
264 343
262 270
14 168
93 461
148 168
113 147
239 286
266 389
51 235
30 112
68 404
169 456
301 383
342 384
53 281
70 450
106 107
92 209
204 450
218 348
245 451
47 466
28 224
143 174
468 496
146 445
220 394
294 343
280 445
32 343
13 101
385 461
44 168
123 461
71 271
104 219
257 461
236 338
269 286
296 389
7 286
48 287
29 45
34 389
139 405
120 163
172 353
180 214
273 405
6 61
312 333
23 230
97 179
83 281
124 282
157 230
248 348
234 450
60 297
13 451
46 399
25 276
99 225
151 415
159 276
252 467
2 292
351 446
62 343
136 292
84 102
384 394
153 461
227 410
287 461
328 462
1 67
326 389
4 338
37 286
78 287
138 338
152 236
229 456
303 405
363 456
55 303
36 61
41 405
113 281
187 230
228 231
319 349
305 451
30 246
16 348
90 297
131 298
379 400
439 451
282 467
356 416
15 123
106 241
92 343
166 292
207 293
205 220
331 359
31 67
69 359
91 118
96 462
110 360
108 287
143 308
160 477
335 478
333 405
393 456
85 303
71 405
219 303
184 282
310 421
370 472
43 77
29 179
48 421
122 370
87 349
221 349
312 467
64 365
45 123
50 467
105 174
446 467
196 292
237 293
22 139
8 241
27 483
388 462
25 410
99 359
140 360
173 308
200 411
214 309
272 287
2 426
76 375
24 185
98 134
103 478
365 478
115 303
189 252
175 354
249 303
1 201
18 370
4 472
73 77
78 421
100 180
138 472
152 370
193 371
243 488
3 247
77 196
154 416
228 365
267 293
453 483
52 139
38 241
79 242
93 140
112 190
131 432
170 360
203 308
230 411
244 309
304 360
15 257
68 83
73 427
128 134
147 376
207 427
205 354
279 303
31 201
17 303
58 304
91 252
110 494
108 421
471 473
130 180
209 473
223 371
314 489
80 93
85 437
107 196
126 438
167 247
198 314
258 365
318 416
423 432
101 381
82 139
87 483
109 242
161 432
274 309
334 360
64 499
12 309
86 258
177 376
163 478
297 478
402 494
61 201
135 150
88 304
121 252
195 201
214 443
253 371
65 320
46 78
98 268
156 438
189 386
216 489
288 365
389 417
100 314
141 315
191 432
306 382
366 433
3 381
89 155
42 309
116 258
168 448
176 309
190 207
281 325
341 376
401 427
93 274
79 376
170 494
244 443
343 422
68 217
16 27
21 371
54 319
95 320
155 371
246 489
380 489
53 94
58 438
359 366
171 315
204 263
245 264
322 484
28 37
33 381
74 382
107 330
198 448
146 258
239 449
373 449
32 156
371 376
49 325
197 223
257 274
274 443
348 392
334 494
48 100
139 218
125 320
199 269
259 320
350 438
23 43
9 145
28 387
83 94
162 387
327 454
65 454
13 264
46 212
426 433
63 381
137 330
178 331
252 280
269 449
403 449
2 105
7 449
141 449
213 325
254 326
345 444
378 392
56 341
37 99
42 443
78 100
138 151
157 393
190 341
231 342
229 269
281 459
19 459
55 116
41 218
93 408
132 336
206 285
192 387
266 336
357 454
30 59
95 454
169 403
117 213
134 382
70 397
111 398
185 347
171 449
284 326
14 465
410 465
69 172
148 465
96 275
129 223
160 290
146 392
187 393
220 341
261 342
321 393
49 459
85 116
71 218
90 460
236 285
296 336
26 475
48 234
122 183
428 455
87 162
125 454
199 403
240 404
273 352
364 470
23 177
64 178
97 126
102 470
124 229
143 471
215 347
275 398
8 54
13 398
25 223
140 173
178 465
200 224
76 188
29 342
62 290
103 291
115 116
120 460
194 409
268 358
328 409
326 336
18 183
56 475
152 183
105 337
212 234
231 476
243 301
229 403
270 404
303 352
330 455
55 250
3 60
41 352
344 353
435 471
173 471
30 193
57 296
131 245
323 415
356 363
15 70
73 240
92 290
133 291
147 189
185 481
207 240
284 460
36 358
17 116
96 409
110 307
418 460
108 234
261 476
300 404
333 352
11 301
85 250
33 60
38 404
71 352
126 251
145 301
186 302
277 420
411 420
10 76
15 420
101 194
139 486
161 245
188 348
221 296
312 414
353 415
64 312
12 122
45 70
50 414
91 415
413 466
177 189
163 291
215 481
388 409
66 358
214 256
200 358
291 476
406 426
65 133
103 425
216 302
276 353
367 471
4 419
40 76
119 369
100 127
105 471
193 318
210 487
191 245
344 487
383 415
94 312
168 261
121 415
154 363
195 364
443 466
286 482
360 431
19 138
24 482
57 430
222 497
304 307
1 498
395 425
73 374
59 476
147 323
155 184
298 492
246 302
339 493
36 492
77 493
58 251
397 471
149 369
223 318
209 420
11 435
52 436
33 194
112 487
126 385
186 436
184 363
225 364
239 262
299 313
10 210
390 431
101 328
54 482
87 430
109 189
188 482
202 380
293 498
26 154
31 498
86 205
177 323
204 426
278 375
369 493
402 441
80 390
28 200
66 492
88 251
107 493
140 441
162 200
179 369
181 442
313 369
354 370
65 267
13 77
404 487
445 488
63 194
156 385
257 437
290 385
255 364
81 211
114 159
480 482
172 329
232 380
306 329
56 154
61 498
498 499
157 206
176 256
195 498
234 426
267 374
308 375
19 272
93 221
79 323
192 200
271 493
285 391
343 369
35 216
95 267
475 488
260 334
246 436
287 437
361 386
347 488
72 283
37 262
70 210
111 211
144 159
171 262
223 452
264 453
262 380
322 431
14 278
0 380
47 226
148 278
165 447
146 205
225 498
239 396
247 257
299 447
51 345
32 103
49 272
90 273
109 323
150 324
241 442
26 288
12 390
53 391
34 149
125 267
218 458
28 334
9 92
88 385
102 283
129 386
162 334
253 452
5 350
27 109
13 211
25 36
104 329
178 278
269 396
255 498
370 448
2 52
29 155
67 447
141 396
172 463
120 273
153 221
180 324
194 222
254 273
56 288
4 98
9 442
42 390
97 289
231 289
405 442
248 458
41 165
206 232
159 386
233 335
324 453
398 402
35 350
21 452
57 109
62 453
76 351
95 401
117 160
134 329
309 330
39 469
400 448
37 396
111 345
59 155
92 103
171 396
185 294
212 397
245 345
460 499
377 464
14 412
36 171
110 120
113 391
187 340
261 289
247 391
51 479
352 407
30 356
11 114
16 458
71 165
90 407
150 458
164 356
412 458
203 284
15 233
106 351
125 401
139 299
166 402
226 453
240 351
331 469
28 468
465 469
50 227
124 176
143 418
215 294
201 396
242 397
27 243
44 412
25 170
66 171
104 463
145 464
178 412
219 413
81 479
29 289
103 238
122 480
442 458
194 356
142 166
180 458
254 407
268 305
6 305
18 130
4 232
23 474
45 233
97 423
119 182
210 300
196 402
270 351
330 402
22 249
3 7
8 351
99 469
233 469
286 295
76 485
57 243
98 244
84 346
323 362
1 311
73 187
152 480
133 238
224 356
251 459
284 407
36 305
58 64
449 474
89 131
75 233
108 181
149 182
187 474
228 475
302 424
30 490
38 351
112 300
126 198
277 367
263 469
10 23
15 367
101 141
240 485
293 311
279 413
353 362
31 311
12 69
64 259
91 362
182 480
163 238
256 429
355 408
80 203
66 305
179 182
217 474
332 424
43 321
29 423
82 249
156 198
216 249
276 300
307 367
367 418
408 419
45 367
119 316
105 418
193 265
158 244
191 192
270 485
311 486
61 311
94 259
195 311
286 429
360 378
420 429
19 85
24 429
46 188
79 136
84 480
98 378
189 496
1 445
288 475
73 321
21 131
114 322
147 270
174 373
422 475
265 491
399 491
3 491
72 96
58 198
77 440
397 418
149 316
223 265
209 367
264 266
314 383
300 485
14 91
93 384
74 142
79 486
126 332
165 260
51 158
68 327
54 429
417 481
202 327
188 429
293 445
241 255
31 445
12 203
53 204
91 496
70 373
144 322
130 424
177 270
204 373
295 491
369 440
47 389
33 491
80 337
88 198
129 199
167 491
181 389
179 316
253 265
429 491
280 368
32 266
65 214
371 486
82 383
156 332
197 333
183 435
26 451
7 209
67 260
141 209
172 276
383 496
135 394
83 204
121 496
162 497
195 445
248 271
234 373
308 322
368 373
60 220
63 491
151 338
211 389
285 338
271 440
35 163
21 265
62 266
95 214
153 384
134 142
39 282
20 40
89 399
37 209
190 451
171 209
264 400
262 327
303 328
14 225
0 327
74 276
148 225
165 394
113 204
192 497
239 343
266 446
51 292
30 169
16 271
68 461
90 220
164 169
241 389
315 338
301 440
15 46
53 338
144 456
92 266
226 266
317 384
418 436
143 231
129 333
220 451
201 209
294 400
354 451
27 56
32 400
118 174
104 276
219 226
236 395
269 343
296 446
310 344
370 395
48 344
29 102
81 292
139 462
120 220
180 271
273 462
23 287
4 45
9 389
45 46
83 338
97 236
157 287
372 441
196 215
8 164
46 456
151 472
99 282
173 231
159 333
324 400
384 451
76 298
425 452
136 349
227 467
208 225
340 344
326 446
37 343
59 102
152 293
212 344
243 411
377 411
14 359
437 462
41 462
96 169
113 338
187 287
228 288
319 406
352 354
11 61
16 405
38 164
117 457
164 303
203 231
356 473
15 180
414 451
207 350
226 400
240 298
331 416
432 468
31 124
64 72
108 344
182 293
333 462
11 411
44 359
71 462
85 360
167 170
184 339
217 287
258 288
318 339
29 236
122 427
409 457
120 354
161 355
235 304
221 406
23 421
45 180
119 129
105 231
124 473
237 350
270 298
297 401
8 298
25 467
61 124
173 365
121 175
200 468
462 468
272 344
2 483
76 432
115 360
189 309
249 360
276 463
309 411
18 427
152 427
100 237
174 186
193 428
212 478
251 406
77 253
416 473
75 180
154 473
168 371
176 232
228 422
302 371
267 350
30 437
38 298
112 247
131 489
170 417
244 366
230 468
15 314
469 484
68 140
73 484
147 433
188 242
205 411
279 360
320 361
31 258
17 360
91 309
380 412
108 478
130 237
223 428
242 478
256 376
283 479
295 304
47 202
33 304
85 494
107 253
167 304
181 202
198 371
184 473
258 422
332 371
318 473
10 320
32 79
82 196
142 247
235 438
274 366
334 417
7 22
12 366
45 314
67 73
86 315
177 433
158 191
237 484
311 433
61 258
9 68
121 309
135 207
162 310
286 376
313 479
24 376
46 135
115 494
63 304
137 253
156 495
290 495
288 422
40 320
114 269
100 371
174 320
389 474
191 489
265 438
213 248
306 439
339 387
366 490
39 95
77 387
89 212
42 366
116 315
190 264
267 484
19 382
93 331
74 89
79 433
401 484
165 207
225 258
357 377
343 479
417 428
16 84
54 376
95 377
169 326
320 495
394 444
31 392
70 320
144 269
204 320
245 321
295 438
336 439
47 336
28 94
107 387
148 388
129 146
160 213
146 315
220 264
280 315
51 455
32 213
371 433
49 382
123 331
109 433
183 382
472 485
348 449
26 398
7 156
86 449
34 259
139 275
199 326
259 377
350 495
424 444
23 100
9 202
28 444
102 393
162 444
484 495
234 320
275 321
5 460
60 167
426 490
25 146
63 438
137 387
151 285
250 264
2 162
40 454
81 455
114 403
227 280
213 382
287 331
328 332
39 229
378 449
419 450
37 156
190 398
138 208
229 326
14 172
55 173
93 465
113 151
192 444
206 342
431 460
30 116
16 218
35 460
90 167
131 168
134 439
222 286
282 337
342 388
20 337
111 455
144 403
185 404
245 455
284 383
47 470
69 229
17 39
129 280
449 450
108 157
146 449
261 399
294 347
321 450
32 347
385 465
11 224
123 465
71 275
145 224
164 466
197 414
236 342
337 394
48 291
34 393
122 240
139 409
199 460
6 65
312 337
372 388
64 235
50 337
124 286
215 404
289 353
349 404
13 455
25 280
173 178
252 471
250 398
2 296
24 55
29 399
84 106
103 348
115 173
153 465
175 224
194 466
1 71
6 415
18 240
78 291
152 240
138 342
243 358
229 460
303 409
344 410
55 307
36 65
41 409
127 183
168 184
154 286
228 235
319 353
379 404
57 353
38 111
117 404
131 302
282 471
356 420
20 471
54 55
92 347
147 246
207 297
224 466
298 415
36 415
110 364
91 122
96 466
160 481
108 291
209 343
242 291
283 292
335 482
300 461
333 409
11 358
374 410
434 461
112 410
145 358
186 359
236 476
277 477
10 133
48 425
87 353
161 302
109 112
312 471
386 420
64 369
12 179
45 127
86 128
163 348
237 297
289 487
297 348
22 143
388 466
80 313
61 71
66 415
121 122
140 364
272 291
365 482
24 189
65 190
84 240
98 138
115 307
63 117
142 410
216 359
404 410
276 410
307 477
4 476
40 133
441 477
100 184
193 375
191 302
251 353
292 354
3 251
416 420
94 369
75 127
116 128
154 420
168 318
176 179
228 369
319 487
360 488
57 487
93 144
79 246
98 488
170 364
230 415
395 482
68 87
147 380
128 138
133 482
155 241
31 205
72 206
110 498
471 477
130 184
209 477
223 375
283 426
11 492
47 149
33 251
52 493
126 442
148 201
186 493
322 354
184 420
225 421
239 319
299 370
10 267
390 488
101 385
123 144
161 436
274 313
301 416
334 364
86 262
34 72
466 483
177 380
125 190
163 482
237 431
402 498
80 447
28 257
9 15
61 205
88 308
162 257
214 447
179 426
253 375
313 426
354 427
65 324
46 82
156 442
137 200
216 493
290 442
269 319
288 369
40 267
81 268
67 370
141 319
172 386
306 386
292 488
42 313
281 329
267 431
308 432
19 329
0 87
41 88
46 432
79 380
93 278
132 206
211 499
192 257
244 447
285 448
473 499
35 273
16 31
21 375
95 324
155 375
260 391
361 443
72 340
53 98
58 442
359 370
70 267
144 216
185 217
322 488
396 437
0 437
74 386
148 335
437 438
239 453
32 160
338 432
49 329
109 380
150 381
164 279
197 227
241 499
315 448
26 345
53 448
34 206
125 324
199 273
226 376
259 324
391 443
102 340
50 150
83 98
88 442
162 391
451 494
215 217
201 319
65 458
13 268
426 437
25 93
104 386
118 284
252 284
269 453
403 453
7 453
103 161
153 278
180 381
6 228
345 448
18 53
9 499
405 499
138 155
231 346
55 120
60 464
159 443
192 391
233 392
35 407
57 166
117 217
134 386
208 335
222 233
282 284
309 387
20 284
111 402
92 160
133 161
171 453
185 351
212 454
245 402
284 330
14 469
69 176
148 469
160 294
113 448
187 397
321 397
30 413
11 171
85 120
71 222
112 223
145 171
164 413
236 289
263 392
337 341
15 290
34 340
48 238
428 459
139 356
87 166
125 458
166 459
240 408
143 475
215 351
289 300
242 454
27 300
13 402
44 469
25 227
66 228
140 177
178 469
200 228
219 470
217 397
351 397
43 244
29 346
115 120
120 464
194 413
254 464
268 362
1 18
6 362
18 187
97 480
45 290
78 238
105 341
119 239
210 357
243 305
330 459
3 64
8 408
435 475
94 182
173 475
154 233
195 234
286 352
272 454
57 300
98 301
84 403
131 249
222 367
170 177
249 470
323 419
1 368
20 418
73 244
59 346
224 413
298 362
339 363
325 465
399 414
36 362
110 311
58 121
96 413
127 480
75 290
261 480
209 290
302 481
300 408
11 305
52 306
33 64
38 408
112 357
126 255
203 475
277 424
225 234
411 424
10 80
15 424
376 403
101 198
128 301
161 249
202 250
293 368
279 470
31 368
91 419
163 295
237 244
355 465
80 260
28 70
66 362
140 311
388 413
179 239
332 481
406 430
5 86
29 480
43 378
63 64
156 255
6 496
307 424
367 475
408 476
40 80
45 424
100 131
105 475
210 491
191 249
22 440
61 368
42 126
94 316
121 419
195 368
286 486
360 435
420 486
19 142
24 486
79 193
211 312
362 481
35 86
73 378
95 137
100 481
114 379
147 327
155 188
246 306
339 497
72 153
58 255
89 322
70 80
149 373
130 131
176 476
209 424
264 323
314 440
438 476
374 491
415 492
47 96
0 250
33 198
74 199
112 491
165 317
239 266
225 368
299 317
51 215
390 435
450 486
49 142
54 486
128 435
150 194
188 486
202 384
241 312
301 363
12 260
53 261
86 209
144 379
125 137
130 481
218 328
278 379
369 497
47 446
28 204
80 394
88 255
102 153
162 204
179 373
280 425
65 271
385 441
445 492
82 440
63 198
104 199
156 389
183 492
7 266
67 317
141 266
172 333
232 384
180 194
259 487
292 435
42 260
83 261
97 159
135 451
248 328
368 430
46 379
132 153
211 446
285 395
21 322
287 441
39 339
20 97
89 456
171 266
212 267
264 457
262 384
14 282
0 384
127 159
165 451
187 210
239 400
247 261
51 349
338 379
164 226
241 446
315 395
301 497
48 51
34 153
139 169
125 271
218 462
331 339
28 338
69 339
143 288
129 390
160 457
294 457
5 354
32 457
333 385
44 282
25 40
104 333
118 231
145 334
178 282
219 283
269 400
310 401
393 436
370 452
2 56
7 400
48 401
103 108
172 467
120 277
194 226
254 277
6 175
345 395
386 396
23 344
9 446
97 293
446 447
105 154
248 462
196 272
289 463
55 67
8 221
25 390
173 288
159 390
398 406
76 355
57 113
98 114
84 216
117 164
134 333
175 334
208 282
309 334
39 473
340 401
400 452
111 349
59 159
138 452
152 350
377 468
36 175
96 226
75 103
113 395
30 360
11 118
16 462
52 119
90 411
164 360
453 463
15 237
106 355
87 113
166 406
240 355
205 334
279 283
331 473
31 181
17 283
50 231
64 129
69 473
143 422
242 401
316 350
407 468
11 468
44 416
66 175
85 417
145 468
318 396
43 191
29 293
103 242
122 484
120 411
161 412
142 170
18 134
23 478
119 186
105 288
196 406
297 458
3 11
8 355
402 474
61 181
94 129
99 473
173 422
76 489
98 248
84 350
115 417
448 474
249 417
323 366
309 468
288 345
18 484
59 293
100 294
133 242
152 484
174 243
265 361
251 463
325 412
3 361
36 309
58 68
94 479
75 237
127 427
149 186
168 428
176 289
209 237
228 479
300 355
30 494
302 428
341 356
0 63
38 355
186 253
203 422
244 423
277 371
304 474
68 197
106 489
128 248
147 490
205 468
279 417
293 315
353 366
380 469
12 73
17 417
53 74
91 366
144 192
130 294
182 484
204 243
295 361
47 259
33 361
80 207
107 310
181 259
258 479
332 428
5 33
10 377
392 479
101 495
82 253
109 356
142 304
235 495
274 423
307 371
7 79
45 371
86 372
119 320
177 490
210 438
259 300
42 73
162 367
360 382
24 433
65 434
63 361
271 310
463 480
100 428
265 495
213 305
39 152
77 444
42 423
190 321
176 423
264 270
281 439
415 439
14 95
0 197
52 387
74 146
192 367
266 316
51 162
357 434
68 331
16 141
95 434
128 382
155 485
169 383
417 485
31 449
72 450
144 326
130 428
204 377
218 275
278 326
295 495
336 496
369 444
47 393
28 151
107 444
181 393
160 270
146 372
220 321
280 372
5 167
385 388
13 28
49 439
123 388
109 490
145 147
183 439
296 316
26 455
7 213
34 316
67 264
122 163
172 280
158 382
199 383
273 332
259 434
447 485
61 449
9 259
83 208
102 450
248 275
275 378
60 224
25 203
63 495
151 342
178 445
250 321
2 219
35 167
62 270
76 168
114 460
136 219
134 146
213 439
287 388
328 389
39 286
56 455
37 213
78 214
190 455
231 456
264 404
243 281
229 383
363 383
0 331
41 332
55 230
132 450
113 208
266 450
16 275
90 224
164 173
150 275
208 445
241 393
282 394
342 445
15 50
53 342
144 460
92 270
185 461
226 270
317 388
358 389
69 286
129 337
108 214
261 456
294 404
335 405
32 404
71 332
197 471
219 230
296 450
48 348
34 450
122 297
139 466
120 224
161 225
180 275
221 276
312 394
23 291
9 393
45 50
50 394
124 343
215 461
349 461
388 389
25 337
173 235
159 337
250 455
324 404
365 405
76 302
24 112
62 404
115 230
227 471
268 472
1 128
39 420
340 348
78 348
59 106
152 297
191 225
303 466
55 364
41 466
94 292
113 342
228 292
319 410
30 307
16 409
379 461
131 359
117 461
222 477
203 235
15 184
54 112
92 404
147 303
207 354
205 281
432 472
31 128
36 472
69 420
108 348
182 297
209 400
333 466
374 467
11 415
85 364
33 174
66 122
71 466
145 415
167 174
198 241
184 343
310 482
318 343
10 190
48 482
122 431
409 461
101 308
87 410
161 359
235 308
221 410
450 462
386 477
427 478
45 184
86 185
177 303
163 405
237 354
22 200
402 421
80 370
61 128
66 472
121 179
140 421
200 472
214 370
462 472
272 348
2 487
84 297
404 467
189 313
142 467
290 365
340 482
288 292
18 431
381 483
40 190
114 139
100 241
119 483
193 432
191 359
251 410
292 411
55 498
325 359
77 257
94 426
168 375
116 185
154 477
176 236
228 426
267 354
19 252
52 200
93 201
131 493
170 421
244 370
230 472
68 144
54 246
73 488
128 195
169 196
207 488
205 415
246 416
260 314
320 365
31 262
72 263
58 365
108 482
149 483
223 432
283 483
295 308
322 411
47 206
33 308
107 257
126 499
167 308
355 359
198 375
146 185
225 478
258 426
373 376
10 324
32 83
101 442
82 200
109 303
183 252
202 494
334 421
26 268
86 319
67 77
177 437
125 247
311 437
350 365
162 314
313 483
387 432
65 381
46 139
63 308
137 257
156 499
178 258
238 309
290 499
329 427
40 324
389 478
62 83
67 427
100 375
434 476
153 201
191 493
232 494
306 443
3 442
39 99
56 268
405 422
116 319
176 370
281 386
267 488
308 489
382 438
19 386
0 144
41 145
79 437
93 335
192 314
357 381
35 330
68 278
169 330
117 140
155 432
208 258
394 448
20 207
53 155
58 499
70 324
111 325
130 375
185 274
218 222
245 325
359 427
262 494
14 392
47 340
74 443
148 392
129 150
220 268
261 269
280 319
51 459
412 438
49 386
71 145
109 437
164 336
48 161
34 263
139 279
125 381
199 330
273 279
226 433
364 397
350 499
424 448
102 397
50 207
124 156
215 274
201 376
275 325
5 464
27 223
13 325
426 494
63 442
118 341
178 392
252 341
238 443
250 268
2 166
76 115
62 217
81 459
136 166
153 335
194 336
180 438
227 284
254 387
268 285
328 336
56 402
4 212
157 454
231 403
229 330
55 177
41 279
113 155
154 156
192 448
233 449
305 325
30 120
16 222
57 223
131 172
117 274
134 443
222 290
282 341
309 444
342 392
20 341
106 115
185 408
133 218
245 459
224 336
284 387
36 285
17 43
110 234
449 454
160 351
187 454
261 403
335 352
321 454
30 470
11 228
186 229
263 449
337 398
34 397
101 121
87 223
139 413
161 172
221 223
312 341
64 239
50 341
163 218
275 459
316 460
27 357
25 284
99 233
118 475
200 285
217 454
2 300
351 454
29 403
103 352
84 110
268 419
216 229
328 470
276 280
1 75
6 419
367 398
4 346
243 362
344 414
22 363
3 121
8 465
55 311
94 239
228 239
319 357
19 65
57 357
79 116
84 460
131 306
170 234
230 285
323 476
20 475
73 301
54 59
59 403
133 352
147 250
207 301
224 470
298 419
422 455
358 470
399 471
31 75
17 177
36 419
58 178
72 76
75 347
108 295
110 368
149 296
182 244
300 465
434 465
33 121
38 465
112 414
126 312
184 290
225 291
277 481
411 481
101 255
49 65
87 357
109 116
128 358
188 409
353 476
26 81
12 183
50 475
86 132
177 250
163 352
237 301
278 302
80 317
140 368
181 369
200 419
214 317
179 296
5 143
65 194
103 486
115 311
63 121
156 312
216 363
290 312
307 481
255 291
18 378
381 430
40 137
119 430
67 240
100 188
141 189
191 306
232 307
292 358
22 497
3 255
383 476
56 81
94 373
121 476
135 374
168 322
267 301
93 148
79 250
98 492
230 419
271 420
436 487
35 143
21 245
68 91
95 194
133 486
155 245
174 487
246 363
347 415
58 312
149 430
223 379
171 189
264 380
283 430
314 497
262 307
322 358
0 307
74 256
239 323
225 425
390 492
68 441
49 199
101 389
123 148
128 492
183 199
315 318
26 215
12 317
53 318
466 487
177 384
125 194
204 487
218 385
278 436
80 451
9 19
88 312
102 210
162 261
179 430
253 379
280 482
5 277
354 431
65 328
82 497
118 154
104 256
156 446
216 497
238 256
257 498
269 323
255 425
329 374
7 323
81 272
67 374
389 425
158 492
232 441
306 390
292 492
39 46
56 215
4 25
42 317
83 318
116 266
157 267
248 385
234 487
308 436
382 385
46 436
151 452
132 210
192 261
233 262
285 452
324 380
35 277
21 379
384 431
136 329
169 277
227 447
260 395
287 498
361 447
39 396
359 374
37 323
185 221
377 391
14 339
0 441
36 98
148 339
96 149
363 493
127 216
146 266
187 267
239 457
247 318
51 406
338 436
49 333
71 92
150 385
164 283
315 452
48 108
34 210
53 452
139 226
125 328
166 329
199 277
226 380
240 278
317 498
391 447
28 395
102 344
50 154
129 447
143 345
451 498
215 221
242 324
27 170
13 272
44 339
25 97
66 98
104 390
178 339
219 340
2 113
43 114
122 407
103 165
120 334
194 283
180 385
6 232
345 452
4 159
78 108
83 452
97 350
105 211
196 329
270 278
22 176
421 447
99 396
173 345
159 447
272 324
2 463
35 411
57 170
136 463
117 221
398 463
134 390
175 391
222 237
249 340
340 458
37 457
73 114
185 355
133 165
212 458
224 283
284 334
325 335
55 474
36 232
110 181
96 283
113 452
187 401
261 350
352 468
30 417
85 124
164 417
112 227
277 294
263 396
337 345
15 294
428 463
106 412
188 222
205 391
279 340
50 288
91 289
143 479
163 165
242 458
316 407
44 473
80 130
85 474
140 181
200 232
217 401
258 402
291 350
318 453
332 351
392 402
103 299
423 469
82 176
115 124
120 468
142 227
194 417
268 366
6 366
18 191
97 484
45 294
119 243
105 345
210 361
311 413
22 310
3 68
8 412
135 187
121 289
173 479
195 238
214 480
346 407
24 356
98 305
115 474
170 181
230 232
323 423
1 372
21 58
59 350
147 197
191 469
224 417
339 367
36 366
77 367
89 192
75 294
209 294
302 485
52 310
186 310
165 187
277 428
225 238
10 84
68 254
54 356
101 202
128 305
188 356
293 372
279 474
394 424
31 372
12 130
17 474
130 351
163 299
204 300
256 490
355 469
80 264
28 74
33 418
88 125
107 367
167 418
181 316
280 295
5 90
10 434
65 141
82 310
142 361
183 362
216 310
257 311
307 428
348 429
81 85
67 187
119 377
210 495
158 305
232 254
292 305
61 372
42 130
83 131
121 423
135 321
234 300
327 491
19 146
24 490
46 249
63 418
137 367
211 316
35 90
40 434
100 485
114 383
136 142
227 260
287 311
347 362
39 209
72 157
378 429
89 326
438 480
116 429
190 378
264 327
281 496
415 496
14 152
19 496
52 444
93 445
148 152
165 321
113 131
225 372
357 491
390 439
68 388
16 198
54 490
90 147
128 439
431 440
241 316
53 265
144 383
204 434
47 450
102 157
143 158
129 260
146 429
179 377
220 378
280 429
5 224
294 327
44 152
49 496
82 444
104 203
183 496
257 445
269 270
255 372
296 373
81 219
34 373
120 147
199 440
232 388
259 491
273 389
6 45
23 214
9 316
97 163
135 455
248 332
275 435
308 383
60 281
8 91
99 209
132 157
159 260
211 450
250 378
324 327
35 224
76 225
136 276
84 86
475 496
153 445
134 203
213 496
227 394
287 445
361 394
39 343
20 101
37 270
138 322
212 271
264 461
243 338
229 440
14 286
0 388
36 45
41 389
55 287
363 440
127 163
165 455
206 456
247 265
305 435
30 230
16 332
90 281
38 91
117 384
164 230
338 383
379 384
241 450
282 451
315 399
356 400
20 451
53 399
106 225
166 276
331 343
317 445
358 446
391 394
418 497
50 101
129 394
160 461
294 461
335 462
27 117
333 389
44 286
393 440
71 389
145 338
219 287
236 456
310 405
370 456
43 61
29 163
48 405
103 112
120 281
194 230
180 332
6 179
312 451
386 400
9 450
97 297
446 451
289 467
297 328
27 467
388 446
25 394
99 343
233 343
365 462
2 410
76 359
24 169
57 117
62 461
84 220
98 118
103 462
115 287
249 287
309 338
1 185
39 477
18 354
441 457
78 405
152 354
138 456
212 405
243 472
224 230
55 421
3 231
77 180
127 297
75 107
113 399
168 298
228 349
30 364
16 466
52 123
57 467
112 174
453 467
263 343
304 344
395 462
106 359
54 169
133 462
166 410
207 411
205 338
279 287
69 477
17 287
430 456
256 303
316 354
407 472
11 472
85 421
33 231
66 179
107 180
145 472
219 421
448 473
184 400
258 349
10 247
122 488
101 365
82 123
87 467
142 174
161 416
221 467
235 365
274 293
334 344
64 483
45 241
86 242
119 190
210 308
163 462
196 410
237 411
22 257
8 359
402 478
61 185
99 477
121 236
214 427
272 405
346 354
24 303
46 62
84 354
115 421
63 231
137 180
189 370
249 421
288 349
40 247
114 196
152 488
174 247
193 489
389 401
265 365
251 467
3 365
58 72
89 139
94 483
116 242
149 190
168 432
190 191
281 309
19 309
0 67
52 257
93 258
401 411
170 478
304 478
147 494
155 355
205 472
246 473
260 371
293 319
31 319
72 320
53 78
58 422
320 422
70 247
144 196
182 488
223 489
380 473
295 365
322 468
47 263
33 365
107 314
181 263
355 416
146 242
179 190
258 483
10 381
32 140
101 499
49 309
82 257
109 360
183 309
197 207
274 427
348 376
26 325
7 83
12 427
34 186
86 376
375 479
177 494
158 252
408 427
311 494
259 304
350 422
23 27
9 129
61 319
88 422
102 320
135 268
162 371
253 489
234 247
5 387
387 489
65 438
46 196
63 365
151 212
238 366
288 483
403 433
35 37
21 139
40 381
62 140
100 432
141 433
153 258
213 309
3 499
39 156
37 83
190 325
176 427
264 274
229 253
382 495
14 99
41 202
74 150
132 320
165 268
192 371
357 438
30 43
16 145
21 489
35 387
68 335
90 94
95 438
117 197
155 489
241 263
458 490
72 454
20 264
53 212
359 484
130 432
171 433
185 331
47 397
69 156
148 449
321 377
32 274
371 494
385 392
49 443
109 494
150 495
183 443
197 341
236 269
296 320
26 459
34 320
122 167
447 489
199 387
273 336
259 438
364 454
23 161
97 110
83 212
102 454
124 213
275 382
8 38
13 382
440 449
25 207
63 499
118 398
151 346
178 449
252 398
250 325
76 172
62 274
442 495
153 392
227 341
180 495
213 443
254 444
6 342
39 290
18 167
4 269
56 459
78 218
152 167
212 218
231 460
243 285
229 387
303 336
330 439
363 387
113 212
266 454
30 177
16 279
117 331
282 398
15 54
20 398
92 274
133 275
166 223
185 465
207 224
284 444
358 393
17 100
96 393
110 291
160 408
108 218
261 460
335 409
11 285
85 234
145 285
186 286
219 234
277 404
296 454
310 352
10 60
34 454
122 301
139 470
87 280
64 296
45 54
50 398
124 347
413 450
215 465
196 223
289 414
25 341
214 240
200 342
291 460
24 116
29 460
84 167
103 409
175 285
216 286
268 476
276 337
307 404
340 352
18 301
4 403
78 352
119 353
152 301
193 302
210 471
243 419
251 280
55 368
443 450
168 245
319 414
379 465
420 466
19 122
38 172
52 70
57 414
131 363
230 342
395 409
54 116
133 409
147 307
155 168
207 358
205 285
246 286
298 476
432 476
17 234
58 235
110 425
397 455
108 352
149 353
182 301
209 404
223 302
283 353
314 420
11 419
85 368
126 369
112 471
186 420
198 245
184 347
10 194
450 466
87 414
109 173
235 312
64 430
12 240
86 189
177 307
237 358
80 374
61 132
102 133
88 235
140 425
162 184
200 476
179 353
253 302
313 353
43 492
65 251
404 471
82 420
156 369
216 420
290 369
288 296
18 435
381 487
114 143
100 245
141 246
191 363
232 364
265 312
306 313
56 138
42 240
116 189
195 482
176 240
93 205
170 425
244 374
285 375
271 477
343 353
35 200
68 148
73 492
169 200
155 302
260 318
380 420
72 267
89 436
149 487
130 245
171 246
223 436
283 487
262 364
295 312
322 415
0 364
74 313
148 262
198 379
146 189
239 380
32 87
101 446
109 307
150 308
183 256
202 498
274 374
301 477
26 272
7 30
12 374
34 133
53 375
86 323
139 149
125 251
199 200
218 442
278 493
28 318
9 76
88 369
102 267
162 318
179 487
327 385
313 487
5 334
27 93
13 195
65 385
118 211
104 313
151 159
178 262
238 313
269 380
255 482
329 431
2 36
7 380
40 328
494 498
172 447
153 205
213 256
306 447
345 375
56 272
4 82
42 374
83 375
231 273
405 426
248 442
308 493
19 390
41 149
132 267
206 216
192 318
233 319
266 267
324 437
343 487
35 334
21 436
57 93
136 386
117 144
155 436
169 334
134 313
208 262
384 488
39 453
20 211
72 401
37 380
111 329
460 483
245 329
336 447
14 396
69 103
74 447
96 206
160 221
146 323
261 273
247 375
51 463
338 493
412 442
11 98
16 442
49 390
71 149
90 391
263 319
414 488
139 283
87 93
199 334
226 437
331 453
364 401
28 452
64 109
50 211
69 453
102 401
124 160
201 380
5 468
27 227
13 329
407 448
44 396
25 154
66 155
104 447
219 397
467 499
217 324
76 119
29 273
81 463
103 222
122 464
120 391
180 442
268 289
328 340
18 114
4 216
97 407
119 166
105 268
157 458
196 386
330 386
41 283
94 109
99 453
132 401
173 402
305 329
497 499
222 294
208 396
282 345
73 171
59 273
133 222
152 464
224 340
284 391
36 289
17 47
96 340
449 458
127 407
149 166
302 408
11 232
52 233
38 335
71 283
85 181
112 284
164 474
186 233
277 351
15 351
101 125
87 227
161 176
279 397
312 345
124 294
163 222
256 413
316 464
27 361
80 187
200 289
217 458
392 459
24 63
29 407
82 233
115 181
142 284
156 182
194 474
216 233
235 475
268 423
307 351
367 402
4 350
105 402
193 249
210 418
344 418
22 367
3 125
94 243
42 53
135 244
154 294
168 192
195 295
286 413
360 362
346 464
19 69
24 413
79 120
98 362
189 480
230 289
323 480
1 429
362 408
73 305
422 459
133 356
174 357
207 305
224 474
265 475
298 423
399 475
3 475
72 80
58 182
77 424
110 372
75 351
149 300
209 351
283 300
300 469
374 418
52 367
126 316
74 126
277 485
225 295
10 141
15 485
51 142
376 464
101 259
49 69
128 362
109 120
188 413
202 311
293 429
353 480
427 429
12 187
86 136
91 480
130 408
163 356
204 357
218 255
295 475
369 424
429 475
66 423
107 424
181 373
167 475
179 300
280 352
5 147
406 491
65 198
82 367
156 316
104 126
142 418
216 367
348 486
381 434
7 193
40 141
45 485
67 244
81 142
119 434
141 193
172 260
232 311
292 362
56 85
61 429
116 136
135 378
248 255
234 357
46 306
459 475
151 322
137 424
211 373
285 322
436 491
477 492
95 198
155 249
213 419
20 24
58 316
89 383
37 193
70 141
75 485
111 142
116 486
149 434
171 193
322 362
14 209
74 260
454 481
165 378
113 188
225 429
266 430
299 378
51 276
390 496
123 152
128 496
150 255
169 497
202 445
301 424
26 219
53 322
34 80
144 440
125 198
204 491
218 389
226 250
28 265
69 266
102 214
143 215
146 486
179 434
294 384
280 486
354 435
27 40
44 209
104 260
178 209
197 451
255 429
370 379
29 86
122 277
461 497
180 255
273 446
23 271
4 29
56 219
83 322
157 271
248 389
196 199
308 440
349 441
382 389
60 338
46 440
151 456
99 266
132 214
285 456
233 266
250 435
324 384
2 333
21 383
35 281
62 384
384 435
227 451
208 209
361 451
39 400
20 158
326 430
359 378
37 327
111 276
59 86
138 379
152 277
171 327
185 225
229 497
262 445
303 446
14 343
0 445
41 446
74 394
363 497
437 446
127 220
187 271
338 440
30 287
11 45
379 441
71 96
150 389
164 287
439 492
203 215
315 456
356 457
15 164
414 435
106 282
92 384
240 282
331 400
50 158
91 159
129 451
143 349
182 277
215 225
27 174
333 446
44 343
118 292
104 394
393 497
219 344
217 271
318 323
43 118
29 220
48 462
122 411
444 462
194 287
235 288
386 457
4 163
45 164
124 457
105 215
157 405
196 333
270 282
330 333
60 472
8 282
421 451
99 400
173 349
121 159
159 451
233 400
76 416
24 226
98 175
84 277
136 467
189 293
175 395
309 395
340 462
18 411
37 461
78 462
59 220
133 169
152 411
212 462
224 287
251 390
325 339
110 185
416 457
75 164
168 355
228 406
302 355
30 421
52 180
38 282
112 231
131 473
203 349
277 298
230 452
263 400
304 401
15 298
428 467
87 174
166 467
207 468
188 226
279 344
31 242
17 344
91 293
380 396
182 411
85 478
107 237
140 185
181 186
219 478
198 355
332 355
10 304
392 406
101 422
82 180
161 473
119 247
105 349
210 365
196 467
311 417
22 314
8 416
61 242
135 191
121 293
195 242
286 360
346 411
387 412
98 309
46 119
115 478
63 288
137 237
170 185
189 427
290 479
1 376
40 304
73 252
100 355
174 304
213 232
325 473
339 371
3 422
77 371
58 129
399 422
89 196
168 489
116 299
149 247
176 350
190 248
281 366
267 468
341 417
14 22
0 124
38 416
52 314
79 417
126 263
165 191
244 484
225 242
343 463
68 258
169 310
155 412
188 360
202 258
279 478
320 479
31 376
17 478
53 135
58 479
91 427
70 304
130 355
369 371
355 473
47 320
28 78
33 422
88 129
107 371
129 130
167 422
146 299
181 320
198 489
332 489
10 438
373 490
32 197
371 417
49 366
123 315
156 263
183 366
348 433
408 484
12 484
81 89
67 191
158 309
199 310
232 258
259 361
350 479
424 428
61 376
102 377
83 135
88 479
135 325
162 428
327 495
24 494
60 151
65 495
426 474
151 269
137 371
211 320
252 321
238 423
405 496
35 94
114 387
100 489
136 146
141 490
174 438
153 315
347 366
39 213
378 433
56 382
37 140
42 484
116 433
138 192
190 382
438 484
229 310
14 156
0 258
41 259
74 207
132 377
113 135
431 444
30 100
35 444
95 495
169 444
491 495
241 320
282 321
53 269
433 490
92 197
130 489
185 388
204 438
218 336
245 439
143 162
468 484
160 331
146 433
294 331
247 485
321 434
32 331
44 156
123 449
71 259
197 398
257 449
48 275
34 377
122 224
199 444
273 393
259 495
6 49
23 218
124 270
157 218
215 388
289 337
275 439
349 388
8 95
13 439
25 264
99 213
151 403
159 264
250 382
324 331
2 280
76 229
24 39
62 331
84 90
153 449
134 207
175 208
227 398
328 450
1 55
4 326
37 274
138 326
212 275
243 342
229 444
303 393
330 496
36 49
41 393
127 167
206 460
154 270
319 337
305 439
16 336
57 337
38 95
90 285
117 388
131 286
230 265
356 404
20 455
106 229
166 280
207 281
298 399
331 347
358 450
143 296
91 106
160 465
242 275
335 466
11 342
393 444
71 393
145 342
434 445
184 270
217 218
43 65
48 409
122 358
87 337
120 285
221 337
23 352
64 353
50 455
446 455
163 332
237 281
289 471
22 127
8 229
25 398
173 296
214 297
200 399
272 275
2 414
24 173
98 122
84 224
115 291
189 240
249 291
290 292
1 189
4 460
40 117
78 409
138 460
193 359
441 461
243 476
191 286
251 337
3 235
77 184
94 353
75 111
168 302
228 353
52 127
93 128
79 230
131 420
170 348
230 399
304 348
395 466
68 71
54 173
106 363
133 466
205 342
246 343
31 189
17 291
58 292
110 482
149 410
182 358
209 461
223 359
256 307
283 410
314 477
11 476
33 235
126 426
186 477
167 235
198 302
258 353
299 354
318 404
10 251
101 369
82 127
87 471
109 230
161 420
221 471
334 348
26 195
12 297
64 487
86 246
297 466
402 482
80 431
61 189
135 138
140 482
162 241
214 431
179 410
253 359
313 410
24 307
65 308
46 66
63 235
137 184
156 426
189 374
216 477
290 426
329 354
40 251
389 405
193 493
141 303
174 251
191 420
232 421
265 369
292 472
3 369
77 318
89 143
168 436
190 195
341 364
19 313
0 71
41 72
79 364
93 262
368 467
473 483
244 431
192 241
285 432
68 205
21 359
54 307
169 257
155 359
260 375
320 426
380 477
53 82
58 426
89 493
130 302
171 303
204 251
223 493
262 421
295 369
336 370
47 267
33 369
396 421
148 319
165 488
239 437
299 488
10 385
51 386
32 144
71 72
197 211
257 262
274 431
315 432
12 431
48 88
139 206
125 308
199 257
259 308
350 426
28 375
9 133
88 426
253 493
201 303
327 442
5 391
65 442
25 77
63 369
104 370
137 318
151 216
178 319
238 370
252 268
329 488
2 93
7 437
40 385
62 144
141 437
153 262
254 314
345 432
56 329
4 139
42 431
116 380
190 329
231 330
248 499
229 257
19 447
93 396
266 324
357 442
398 443
30 47
35 391
90 98
95 442
155 493
169 391
134 370
208 319
72 458
433 437
37 437
70 385
92 144
111 386
171 437
185 335
245 386
284 314
14 453
160 278
146 380
220 329
261 330
321 381
352 448
412 499
11 155
49 447
85 104
123 396
145 155
150 499
164 397
236 273
263 376
26 463
296 324
34 324
488 494
87 150
226 494
64 166
50 268
102 458
215 335
201 437
275 386
8 42
440 453
44 453
25 211
118 402
140 161
178 453
252 402
217 381
250 329
291 330
76 176
29 330
103 279
442 499
153 396
194 397
180 499
254 448
268 346
328 397
1 2
6 346
18 171
4 273
56 463
97 464
105 325
138 273
231 464
243 289
196 443
270 392
303 340
330 443
55 238
3 48
435 459
94 166
173 459
154 217
346 387
38 42
222 351
282 402
323 403
15 58
73 228
59 330
106 176
147 177
207 228
298 346
284 448
358 397
58 105
96 397
127 464
108 222
209 274
302 465
300 392
71 340
126 239
186 290
236 407
337 459
10 64
87 284
161 233
188 336
221 284
353 403
413 454
12 110
45 58
215 469
163 279
388 397
80 244
66 346
140 295
88 105
291 464
332 465
406 414
43 362
29 464
103 413
115 238
142 341
268 480
1 136
6 480
18 305
45 408
119 357
100 115
105 459
193 306
210 475
251 284
344 475
22 424
77 131
443 454
446 476
121 403
154 351
286 470
360 419
420 470
19 126
57 418
170 295
230 346
271 347
1 486
362 465
395 413
73 362
21 172
54 120
59 464
155 172
174 414
339 481
72 137
58 239
77 481
110 429
149 357
223 306
209 408
283 357
314 424
374 475
52 424
126 373
107 131
112 475
186 424
198 249
184 351
239 250
299 301
10 198
51 199
390 419
101 316
87 418
202 368
293 486
427 486
26 142
12 244
31 486
177 311
163 413
204 414
237 362
80 378
28 188
66 480
102 137
107 481
162 188
181 430
179 357
253 306
5 204
43 496
65 255
13 65
354 358
82 424
63 182
142 475
216 424
257 425
290 373
445 476
381 491
7 250
40 198
67 301
119 491
141 250
193 440
158 419
232 368
306 317
292 419
56 142
42 244
135 435
195 486
248 312
19 260
93 209
46 363
368 414
151 379
137 481
170 429
271 481
343 357
21 306
95 255
475 476
134 183
213 476
246 424
260 322
320 373
347 476
20 81
361 374
89 440
70 198
149 491
190 492
264 441
452 492
322 419
14 266
363 420
74 317
148 266
146 193
187 194
225 486
266 487
299 435
32 91
49 260
90 261
164 210
241 430
315 379
301 481
26 276
375 430
53 379
139 153
144 497
199 204
218 446
226 307
317 425
28 322
102 271
50 81
88 373
143 272
179 491
201 250
294 441
5 338
354 492
27 97
32 441
44 266
118 215
104 317
238 317
269 384
255 486
296 487
370 436
2 40
7 384
29 143
67 435
81 333
141 384
120 261
153 209
180 312
194 210
23 328
9 430
83 379
157 328
105 138
231 277
405 430
308 497
349 498
382 446
8 205
46 497
173 272
159 374
233 323
324 441
35 338
21 440
57 97
62 441
76 339
117 148
136 390
384 492
39 457
326 487
359 435
400 436
111 333
59 143
138 436
185 282
212 385
460 487
14 400
36 159
74 451
96 210
127 277
113 379
247 379
352 395
338 497
30 344
11 102
164 344
150 446
263 323
15 221
48 169
106 339
87 97
139 287
166 390
240 339
331 457
69 457
143 406
124 164
430 436
201 384
256 283
316 334
13 333
66 159
104 451
318 380
43 175
29 277
103 226
122 468
409 498
120 395
194 344
142 154
180 446
254 395
268 293
23 462
4 220
45 221
97 411
105 272
119 170
157 462
196 390
270 339
330 390
94 113
173 406
121 216
154 164
233 457
272 385
76 473
189 350
175 452
323 350
1 299
59 277
133 226
174 227
224 344
251 447
284 395
325 396
36 293
77 294
96 344
89 119
127 411
300 339
30 478
52 237
112 288
186 237
203 406
263 457
304 458
337 406
10 11
101 129
87 231
106 473
128 232
279 401
31 299
17 401
91 350
380 453
182 468
163 226
204 227
295 345
66 293
181 243
167 345
198 412
217 462
332 412
5 17
10 361
43 309
156 186
307 355
334 458
367 406
7 63
45 355
67 114
105 406
119 304
193 253
158 232
270 473
311 474
22 371
135 248
387 469
19 73
79 124
189 484
211 243
271 294
288 463
463 464
174 361
399 479
72 84
58 186
77 428
37 63
75 355
149 304
176 407
223 253
281 423
300 473
314 371
14 79
0 181
52 371
74 130
79 474
165 248
225 299
68 315
49 73
54 417
202 315
155 469
188 417
241 243
394 485
26 89
12 191
31 433
53 192
91 484
70 361
218 259
204 361
295 479
429 479
33 479
107 428
88 186
129 187
167 479
181 377
470 480
220 305
280 356
406 495
65 202
82 371
123 372
104 130
109 474
183 423
255 299
26 439
7 197
482 490
67 248
447 469
172 264
232 315
273 316
259 418
364 434
424 485
23 141
56 89
135 382
162 485
248 259
234 361
308 310
46 310
151 326
35 151
21 253
40 495
76 152
95 202
114 444
136 203
174 495
227 321
287 372
347 423
39 270
20 28
111 146
190 439
138 249
262 315
303 316
363 367
148 213
454 485
165 382
113 192
206 383
266 434
30 157
68 449
90 208
241 377
315 326
15 34
53 326
106 152
92 254
144 444
166 203
204 495
218 393
317 372
28 269
69 270
143 219
129 321
418 424
160 388
220 439
27 44
13 146
32 388
44 213
71 316
145 265
269 331
296 434
7 331
34 434
122 281
180 259
4 33
9 377
83 326
97 224
124 327
196 203
275 496
289 394
22 50
8 152
46 444
25 321
99 270
159 321
365 389
2 337
76 286
62 388
136 337
227 455
1 112
39 404
326 434
4 383
37 331
78 332
152 281
212 332
243 399
377 399
55 348
36 106
41 450
96 157
127 224
228 276
30 291
11 49
16 393
38 152
90 342
117 445
131 343
222 461
439 496
356 461
414 439
106 286
92 388
207 338
240 286
205 265
31 112
17 214
69 404
110 405
182 281
333 450
11 399
71 450
184 327
258 276
310 466
318 327
48 466
29 224
409 445
87 394
120 342
161 343
221 394
235 292
386 461
23 409
64 410
45 168
124 461
105 219
210 235
196 337
237 338
297 389
22 184
25 455
99 404
173 353
121 163
214 354
272 332
2 471
43 472
24 230
76 420
84 281
115 348
276 451
1 246
381 467
18 415
40 174
59 224
73 122
78 466
114 123
152 415
193 416
265 292
251 394
325 343
3 292
416 461
94 410
168 359
154 461
176 220
38 286
93 185
112 235
126 133
131 477
203 353
244 354
230 456
304 405
15 302
469 472
106 420
54 230
147 421
207 472
205 399
279 348
320 349
31 246
380 400
58 349
182 415
130 225
223 416
256 364
283 467
47 190
33 292
85 482
107 241
167 292
181 190
198 359
184 461
258 410
318 461
32 67
123 185
142 235
183 236
235 426
274 354
334 405
26 252
12 354
45 302
86 303
311 421
80 488
135 195
88 349
195 246
214 488
253 416
327 365
313 467
65 365
115 482
63 292
189 431
238 293
1 380
389 462
21 66
62 67
114 257
141 360
174 308
153 185
191 477
265 426
306 427
3 426
56 252
42 354
89 200
190 252
14 26
93 319
74 77
79 421
165 195
192 298
51 93
357 365
343 467
68 262
16 72
21 416
54 364
155 416
260 432
31 380
58 483
359 411
70 308
144 257
171 360
204 308
245 309
295 426
336 427
369 375
47 324
33 426
69 83
74 427
129 134
148 376
396 478
146 303
239 494
10 442
51 443
32 201
123 319
472 473
274 488
348 437
7 144
12 488
34 247
81 93
86 437
139 263
125 365
199 314
259 365
364 381
350 483
424 432
23 88
9 190
28 432
88 483
102 381
162 432
234 308
327 499
65 499
13 309
25 134
63 426
104 427
137 375
151 273
238 427
269 494
403 494
2 150
7 494
40 442
141 494
213 370
254 371
287 319
345 489
378 437
419 438
42 488
190 386
138 196
231 387
229 314
14 160
55 161
41 263
206 330
357 499
305 309
30 104
16 206
35 448
131 156
169 448
431 448
134 427
208 376
222 274
342 376
20 325
185 392
171 494
245 443
317 319
96 320
129 268
160 335
108 145
146 437
187 438
220 386
247 489
261 387
335 336
385 453
11 212
44 160
71 263
85 161
145 212
164 454
236 330
337 382
48 279
29 37
120 155
125 499
199 448
312 325
23 222
64 223
97 171
372 376
215 392
201 494
289 341
349 392
27 341
25 268
99 217
140 218
159 268
200 269
252 459
217 438
250 386
351 438
43 285
24 43
29 387
62 335
84 94
115 161
153 453
175 212
194 454
268 403
328 454
6 403
326 381
18 228
367 382
78 279
212 279
229 448
270 449
303 397
344 398
55 295
3 105
41 397
94 223
206 464
154 274
319 341
305 443
38 99
79 100
117 392
282 459
230 269
323 460
356 408
15 115
20 459
106 233
59 387
92 335
133 336
147 234
207 285
224 454
205 212
358 454
36 403
17 161
91 110
96 454
108 279
182 228
223 229
335 470
300 449
374 398
11 346
85 295
38 449
112 398
145 346
186 347
434 449
184 274
277 465
10 121
15 465
161 290
188 393
221 341
312 459
86 116
91 460
177 234
289 475
27 475
388 454
25 402
66 403
140 352
214 301
200 403
406 471
43 419
65 178
98 126
103 470
156 296
142 398
216 347
1 193
307 465
4 464
40 121
45 465
78 413
100 172
119 414
441 465
251 341
22 481
3 239
42 167
75 115
121 460
154 408
267 285
79 234
170 352
244 301
230 403
271 404
304 352
395 470
436 471
68 75
54 177
73 419
147 368
155 229
174 471
31 193
72 194
58 296
110 486
89 363
70 121
75 465
130 172
149 414
223 363
283 414
314 481
322 342
52 481
107 188
148 189
186 481
198 306
184 408
225 409
299 358
10 255
51 256
390 476
101 373
49 183
123 132
202 425
301 404
64 491
334 352
34 60
466 471
125 178
163 470
204 471
237 419
278 420
80 435
28 245
102 194
88 296
140 486
162 245
181 487
313 414
5 261
354 415
65 312
13 122
46 70
63 239
104 240
156 430
290 430
238 240
255 409
329 358
389 409
81 256
114 204
141 307
158 476
232 425
306 374
292 476
366 425
135 492
116 250
234 471
267 419
308 420
368 471
170 486
211 487
192 245
35 261
16 19
21 363
169 261
155 363
134 240
287 482
320 430
361 431
72 328
37 307
144 204
223 497
171 307
264 498
262 425
336 374
14 323
47 271
148 323
96 133
146 250
187 251
299 492
247 302
51 390
32 148
338 420
11 25
49 317
197 215
150 369
241 487
26 333
375 487
414 415
139 210
125 312
240 262
226 364
259 312
350 430
28 379
9 137
102 328
143 329
162 379
253 497
201 307
294 498
5 395
32 498
13 256
44 323
25 81
104 374
118 272
178 323
238 374
329 492
370 493
7 441
81 390
29 200
62 148
67 492
103 149
141 441
403 441
254 318
397 463
6 216
345 436
18 41
4 143
9 487
56 333
78 92
97 334
157 385
405 487
55 108
421 431
132 328
206 277
159 431
233 380
398 447
30 51
21 497
57 154
62 498
208 323
20 272
359 492
433 441
37 441
92 148
133 149
171 441
185 339
212 442
284 318
110 165
96 267
148 457
127 334
187 385
321 385
352 452
30 401
11 159
90 452
112 211
145 159
203 329
277 278
263 380
15 278
48 226
488 498
92 498
125 446
166 447
240 396
64 170
50 272
124 221
201 441
242 442
256 340
316 391
27 288
44 457
25 215
80 114
178 457
219 458
200 216
217 385
291 334
43 232
103 283
120 452
268 350
254 452
1 6
6 350
18 175
4 277
97 468
119 227
196 447
270 396
344 345
330 447
8 396
154 221
195 222
286 340
272 442
346 391
57 288
131 237
84 391
189 407
249 458
323 407
1 356
73 232
59 334
133 283
147 181
298 350
284 452
325 453
339 351
36 350
110 299
58 109
89 176
75 278
108 226
127 468
149 227
33 52
38 396
112 345
203 463
337 463
10 68
15 412
51 69
376 391
87 288
161 237
188 340
279 458
17 458
177 181
163 283
204 284
355 453
28 58
88 109
181 300
214 248
179 227
332 469
43 366
29 468
65 125
82 294
372 457
142 345
216 294
257 295
276 345
307 412
367 463
408 464
40 68
45 412
67 171
105 463
193 310
210 479
158 289
191 237
22 428
383 407
61 356
94 304
121 407
195 356
443 458
420 474
19 130
24 474
98 423
137 351
170 299
211 300
244 248
271 351
114 367
95 125
100 469
147 315
155 176
417 486
339 485
287 295
72 141
58 243
77 485
89 310
75 412
149 361
190 362
176 464
209 412
223 310
264 311
314 428
438 464
415 480
14 136
47 84
52 428
112 479
126 377
165 305
51 203
390 423
68 372
49 130
54 474
109 181
128 423
150 182
188 474
202 372
241 300
450 474
301 351
26 146
12 248
144 367
130 469
204 418
218 316
278 367
369 485
47 434
28 192
80 382
88 243
102 141
129 244
162 192
179 361
181 434
220 362
253 310
294 311
354 362
385 429
445 480
44 136
82 428
104 187
142 479
183 480
197 378
255 356
26 496
81 203
141 254
172 321
158 423
232 372
259 475
292 423
56 146
9 300
61 490
135 439
157 198
195 490
308 367
60 265
46 367
151 383
137 485
211 434
285 383
250 362
35 208
21 310
136 260
475 480
361 378
39 327
452 496
37 254
190 496
262 372
14 270
74 321
148 270
127 147
113 249
165 439
187 198
206 440
239 388
51 337
247 249
266 491
30 214
16 316
90 265
338 367
241 434
315 383
301 485
342 486
15 91
92 311
125 259
166 260
28 326
129 378
160 445
220 496
242 255
32 445
13 203
44 270
118 219
104 321
145 322
236 440
370 440
7 388
48 389
120 265
180 316
254 265
6 163
345 383
372 486
4 90
9 434
45 91
157 332
248 450
196 260
22 107
8 209
99 327
173 276
233 327
250 496
2 394
57 101
98 102
84 204
134 321
175 322
1 169
39 461
340 389
78 389
59 147
138 440
152 338
212 389
243 456
14 404
96 214
127 281
75 91
113 383
228 333
261 281
319 451
16 450
52 107
38 209
90 399
131 400
164 348
203 276
263 327
304 328
15 225
455 497
87 101
92 445
166 394
240 343
31 169
64 117
69 461
91 220
430 440
108 389
242 389
316 338
407 456
11 456
85 405
145 456
219 405
167 215
184 384
258 333
43 179
29 281
82 107
87 451
142 158
221 451
235 349
97 415
105 276
485 497
210 292
196 394
237 395
297 446
8 343
402 462
94 117
99 461
121 220
214 411
286 287
76 477
24 287
115 405
249 405
290 406
309 456
1 303
288 333
18 472
59 281
114 180
152 472
174 231
193 473
191 400
325 400
77 298
94 467
75 225
127 415
149 174
168 416
176 277
228 467
341 344
52 241
112 292
170 462
203 410
244 411
15 359
106 477
147 478
293 303
353 354
31 303
17 405
380 457
130 282
204 231
295 349
47 247
107 298
198 416
258 467
332 416
373 417
5 21
32 124
82 241
109 344
183 293
235 483
274 411
348 360
7 67
12 411
45 359
67 118
158 236
350 406
9 113
42 61
135 252
162 355
195 303
253 473
24 421
60 78
65 422
98 370
189 488
137 298
271 298
362 416
403 417
21 123
100 416
174 365
265 483
306 484
339 432
77 432
37 67
75 359
190 309
176 411
415 427
14 83
93 376
165 252
225 303
266 304
51 150
357 422
68 319
16 129
95 422
169 371
155 473
417 473
241 247
394 489
31 437
53 196
70 365
92 124
130 416
204 365
218 263
245 366
295 483
369 432
410 433
47 381
470 484
69 140
181 381
160 258
146 360
220 309
10 499
32 258
13 16
49 427
123 376
104 134
109 478
236 253
348 494
26 443
48 202
86 494
139 320
125 422
199 371
23 145
28 489
83 196
102 438
162 489
275 366
308 314
60 212
13 366
46 314
99 140
178 433
250 309
2 207
40 499
76 156
114 448
136 207
153 376
213 427
254 428
287 376
328 377
37 201
78 202
111 150
231 444
264 392
243 269
303 320
14 217
41 320
132 438
206 387
192 489
305 366
30 161
16 263
90 212
131 213
117 315
241 381
282 382
342 433
15 38
20 382
70 499
106 156
144 448
226 258
358 377
17 84
96 377
143 223
449 495
146 494
187 495
294 392
321 495
11 269
44 217
197 459
145 269
370 387
34 438
122 285
161 213
273 454
6 110
23 279
9 381
124 331
215 449
289 398
349 449
22 54
8 156
27 398
25 325
159 325
200 326
250 443
2 341
76 290
24 100
29 444
84 151
103 393
115 218
227 459
175 269
351 495
276 321
1 116
6 460
326 438
18 285
59 94
138 387
152 285
212 336
243 403
191 213
251 264
3 162
36 110
94 280
127 228
168 229
228 280
319 398
379 449
52 54
38 156
57 398
117 449
203 223
15 172
106 290
92 392
133 393
298 460
432 460
397 439
182 285
209 388
242 336
374 455
11 403
47 60
71 454
85 352
107 111
112 455
186 404
198 229
48 470
101 296
161 347
109 157
221 398
235 296
386 465
12 224
124 465
177 291
163 393
297 393
402 409
25 459
61 116
80 358
121 167
140 409
214 358
272 336
313 337
43 476
65 235
84 285
98 183
115 352
189 301
142 455
276 455
1 250
381 471
18 419
78 470
114 127
100 229
119 471
193 420
325 347
3 296
457 466
168 363
116 173
154 465
228 414
19 240
93 189
79 291
368 394
170 409
244 358
304 409
469 476
68 132
54 234
73 476
95 235
155 286
169 184
205 403
320 353
31 250
149 471
130 229
223 420
295 296
322 399
126 487
148 246
181 194
198 363
146 173
184 465
10 312
51 313
32 71
101 430
123 189
109 291
183 240
202 482
301 461
26 256
12 358
334 409
34 117
375 410
125 235
158 183
278 477
311 425
80 492
28 302
9 60
179 471
253 420
313 471
5 318
354 472
65 369
46 127
387 420
156 487
290 487
238 297
255 466
329 415
40 312
81 313
67 415
141 364
389 466
172 431
153 189
191 481
213 240
232 482
56 256
42 358
116 307
190 256
176 358
231 257
405 410
281 374
267 476
382 426
19 374
0 132
46 477
79 425
93 323
244 492
192 302
285 493
357 369
343 471
384 472
21 420
95 369
417 420
155 420
260 436
208 246
320 487
394 436
72 385
53 143
58 487
70 312
111 313
171 364
245 313
336 431
47 328
0 482
396 482
239 498
220 256
247 359
373 498
51 447
32 205
338 477
412 426
49 374
123 323
109 425
164 324
472 477
26 390
53 493
34 251
414 472
139 267
125 369
259 369
364 385
350 487
391 488
23 92
28 436
64 93
83 143
88 487
102 385
124 144
162 436
275 313
5 452
27 211
467 483
252 329
269 498
403 498
7 498
76 103
62 205
444 499
153 323
227 272
268 273
6 273
39 221
345 493
18 98
4 200
42 492
83 493
97 391
138 200
157 442
231 391
229 318
479 493
330 370
55 165
41 267
421 488
132 385
206 334
233 437
305 313
30 108
16 210
131 160
134 431
208 380
222 278
282 329
20 329
433 498
474 499
111 447
92 205
133 206
185 396
212 499
284 375
36 273
17 31
96 324
110 222
127 391
160 339
187 442
261 391
30 458
11 216
85 165
71 267
112 268
145 216
164 458
186 217
236 334
277 335
337 386
15 335
34 385
48 283
101 109
139 401
240 453
64 227
50 329
215 396
163 206
275 447
289 345
27 345
13 447
25 272
80 171
118 463
140 222
200 273
217 442
351 442
392 443
24 47
103 340
84 98
194 458
142 268
175 216
216 217
328 458
6 407
307 335
18 232
4 334
367 386
193 233
210 402
243 350
270 453
344 402
22 351
3 109
8 453
94 227
168 176
319 345
272 499
305 447
19 53
57 345
98 346
131 294
222 412
170 222
1 413
20 463
422 443
59 391
207 289
205 216
339 408
358 458
31 63
17 165
36 407
110 356
75 335
108 283
149 284
209 335
223 233
283 284
314 351
300 453
374 402
434 453
33 109
38 453
112 402
126 300
184 278
277 469
10 125
15 469
101 243
49 53
87 345
161 294
202 295
293 413
31 413
12 171
86 120
163 340
237 289
278 290
369 408
388 458
80 305
28 115
61 63
66 407
88 166
140 356
167 459
181 357
214 305
384 432
406 475
5 131
82 351
156 300
216 351
290 300
441 469
40 125
45 469
67 228
81 126
100 176
119 418
141 177
158 346
191 294
193 367
292 346
425 483
56 69
195 413
19 187
93 136
46 290
79 238
170 356
285 306
436 475
68 79
73 423
95 182
246 351
347 403
70 125
75 469
130 176
171 177
223 367
264 368
314 485
14 193
0 295
47 141
74 244
148 193
165 362
239 311
299 362
390 480
68 429
123 136
109 238
128 480
150 239
301 408
26 203
12 305
53 306
34 64
86 254
144 424
125 182
177 372
218 373
278 424
80 439
28 249
102 198
88 300
129 301
162 249
253 367
294 368
280 470
65 316
385 486
118 142
104 244
178 193
238 244
255 413
329 362
389 413
81 260
67 362
141 311
172 378
232 429
180 239
306 378
6 86
4 13
9 357
97 204
248 373
234 475
19 321
368 475
46 424
473 491
151 440
132 198
192 249
233 250
35 265
62 368
95 316
136 317
227 435
260 383
287 486
361 435
39 384
20 142
72 332
37 311
185 209
212 312
245 260
336 378
322 480
14 327
363 481
36 86
74 378
96 137
148 327
127 204
113 306
165 496
187 255
247 306
51 394
338 424
30 271
11 29
90 322
71 80
164 271
439 476
241 491
375 491
48 96
53 440
414 419
139 214
125 316
240 266
226 368
317 486
391 435
143 333
201 311
333 430
44 327
25 85
66 86
104 378
118 276
145 379
178 327
269 445
217 255
2 101
7 445
48 446
67 496
444 446
120 322
194 271
180 373
417 425
6 220
345 440
386 441
18 45
23 389
97 338
405 491
446 492
210 215
22 164
55 112
60 456
421 435
25 435
99 384
159 435
233 384
272 312
2 451
76 400
57 158
98 159
84 261
117 209
136 451
398 451
175 379
208 327
309 379
20 276
340 446
400 497
37 445
73 102
111 394
133 153
152 395
212 446
224 271
284 322
14 461
36 220
96 271
416 441
476 492
113 440
228 390
261 338
302 339
352 456
30 405
11 163
85 112
38 266
112 215
131 457
164 405
277 282
428 451
106 400
87 158
128 159
240 400
279 328
50 276
91 277
430 497
108 446
182 395
256 344
44 461
80 118
66 220
85 462
140 169
167 272
217 389
291 338
43 236
29 338
423 457
194 405
424 429
6 354
45 282
105 333
210 349
158 159
196 451
270 400
311 401
344 349
3 56
8 400
435 467
61 226
94 174
121 277
135 175
173 467
214 468
286 344
346 395
98 293
189 411
249 462
1 360
73 236
21 46
59 338
100 339
114 237
133 287
147 185
174 288
191 457
224 405
325 457
3 406
36 354
58 113
77 355
89 180
127 472
168 473
209 282
401 452
0 108
79 401
112 349
126 247
186 298
165 175
203 467
225 226
244 468
277 416
15 416
376 395
68 242
128 293
202 242
188 344
353 411
31 360
12 118
17 462
144 237
204 288
355 457
80 252
28 62
33 406
66 354
107 355
167 406
181 304
198 473
280 283
10 422
406 422
65 129
371 401
156 247
109 401
183 350
274 468
307 416
12 468
119 365
67 175
210 483
158 293
259 345
22 432
61 360
42 118
83 119
121 411
162 412
327 479
360 427
24 478
60 135
65 479
98 427
63 406
151 253
211 304
35 78
21 180
40 422
95 129
100 473
114 371
227 248
213 350
347 350
39 197
378 417
438 468
37 124
42 468
75 416
116 417
190 366
264 315
415 484
14 140
0 242
19 484
52 432
93 433
456 485
113 119
225 360
239 258
266 361
51 207
357 479
390 427
30 84
16 186
54 478
90 135
95 479
169 428
293 494
301 355
31 494
72 495
53 253
144 371
92 181
125 129
130 473
218 320
245 423
28 196
102 145
148 490
129 248
146 417
220 366
294 315
280 417
5 212
354 366
32 315
13 73
385 433
44 140
445 484
104 191
197 382
255 360
7 258
81 207
34 361
67 309
122 208
172 325
120 135
125 479
158 427
180 186
199 428
273 377
6 33
61 494
9 304
83 253
97 151
248 320
275 423
308 371
349 372
8 79
46 371
25 248
99 197
132 145
137 489
178 490
211 438
252 439
2 264
35 212
76 213
136 264
153 433
134 191
213 484
227 382
287 433
328 434
39 331
361 382
326 361
37 258
78 259
111 207
138 310
152 208
212 259
243 326
229 428
303 377
14 274
0 376
55 275
127 151
113 253
132 495
187 202
206 444
247 253
266 495
305 423
30 218
338 371
90 269
38 79
117 372
150 320
342 490
20 439
53 387
106 213
92 315
166 264
226 315
358 434
69 331
17 141
50 89
129 382
143 280
160 449
182 208
294 449
242 259
335 450
32 449
333 377
71 377
145 326
219 275
310 393
296 495
370 444
411 445
48 393
29 151
34 495
122 342
161 270
194 218
221 321
6 167
312 439
386 388
372 490
9 438
45 95
50 439
105 146
124 388
196 264
289 455
297 316
27 455
25 382
99 331
173 280
159 382
324 449
365 450
2 398
76 347
24 157
62 449
103 450
175 326
249 275
309 326
1 173
39 465
326 495
18 342
340 393
400 444
59 151
138 444
212 393
441 445
243 460
191 270
251 321
377 460
3 219
36 167
77 168
75 95
113 387
154 388
168 286
30 352
16 454
453 455
38 213
112 162
131 404
244 281
15 229
395 450
106 347
92 449
133 450
147 348
207 399
205 326
31 173
17 275
69 465
110 466
397 496
108 393
182 342
430 444
209 445
283 394
11 460
448 461
33 219
107 168
145 460
167 219
184 388
318 388
101 353
82 111
87 455
142 162
161 404
221 455
235 353
274 281
64 471
45 229
119 178
163 450
237 399
311 348
297 450
22 245
80 415
140 466
214 415
272 393
313 394
24 291
98 240
46 50
84 342
115 409
63 219
137 168
175 460
216 461
290 410
18 476
40 235
114 184
100 286
174 235
193 477
191 404
251 455
292 456
325 404
3 353
366 405
75 229
116 230
168 420
176 281
228 471
267 399
341 348
93 246
79 348
170 466
244 415
192 225
304 466
343 394
68 189
147 482
155 343
260 359
246 461
31 307
72 308
58 410
380 461
70 235
144 184
130 286
223 477
295 353
322 456
355 404
33 353
107 302
181 251
167 353
396 405
258 471
299 472
373 421
5 25
32 128
101 487
49 297
109 348
183 297
274 415
334 466
26 313
7 71
67 122
199 241
311 482
350 410
61 307
88 410
234 235
151 200
137 302
178 303
211 251
329 472
403 421
2 77
40 369
81 370
114 318
463 472
306 488
3 487
56 313
42 415
116 364
176 415
231 314
281 431
229 241
382 483
14 87
0 189
19 431
41 190
55 88
79 482
132 308
165 256
192 359
206 257
266 308
30 31
16 133
21 477
68 323
95 426
117 185
155 477
169 375
208 303
260 493
458 478
72 442
359 472
111 370
92 128
144 318
185 319
336 488
410 437
14 437
470 488
74 488
148 437
129 195
160 262
146 364
220 313
261 314
247 416
321 365
32 262
371 482
412 483
44 87
49 431
71 190
109 482
123 380
164 381
236 257
296 308
26 447
48 206
34 308
122 155
447 477
139 324
199 375
273 324
226 478
259 426
364 442
465 494
9 251
83 200
97 98
102 442
162 493
215 319
201 421
275 370
13 370
44 437
25 195
63 487
99 144
104 488
118 386
159 195
238 488
250 313
252 386
351 365
62 262
103 263
136 211
442 483
194 381
180 483
227 329
254 432
268 330
6 330
39 278
328 381
18 155
4 257
97 448
116 498
152 155
157 499
231 448
419 499
303 324
3 32
41 324
435 443
132 442
206 391
154 201
192 493
233 494
305 370
30 165
16 267
117 319
222 335
208 437
282 386
15 42
20 386
92 262
166 211
207 212
224 381
358 381
36 330
110 279
96 381
418 432
127 448
108 206
160 396
187 499
261 448
321 499
449 499
11 273
85 222
145 273
186 274
219 222
236 391
263 494
337 443
10 48
48 340
122 289
139 458
372 437
50 386
124 335
289 402
27 402
66 330
99 278
200 330
217 499
365 397
351 499
43 346
24 104
29 448
84 155
425 448
115 222
175 273
268 464
1 120
6 464
307 392
18 289
4 391
78 340
119 341
105 443
193 290
210 459
191 217
243 407
251 268
22 408
3 166
77 115
94 284
154 335
195 336
228 284
319 402
360 403
420 454
52 58
131 351
117 453
170 279
230 330
395 397
73 346
54 104
59 448
133 397
147 295
155 156
205 273
298 464
17 222
58 223
110 413
75 392
108 340
223 290
314 408
374 459
11 407
47 64
33 166
52 408
107 115
112 459
126 357
186 408
225 336
258 284
390 403
87 402
128 403
202 352
188 454
235 300
431 443
293 470
427 470
64 418
12 228
177 295
163 397
237 346
278 347
297 397
80 362
61 120
102 121
88 223
162 172
181 414
200 464
179 341
253 290
313 341
5 188
65 239
404 459
115 356
156 357
142 459
216 408
276 459
255 336
18 423
119 475
100 233
193 424
158 403
191 351
292 403
3 300
61 470
42 228
116 177
135 419
176 228
195 470
308 347
19 244
79 295
211 414
244 362
271 465
285 363
68 136
114 481
95 239
147 429
155 290
320 357
72 255
58 357
89 424
223 424
262 352
322 403
47 198
0 352
126 491
165 419
146 177
225 470
239 368
299 419
338 347
68 486
49 244
101 434
202 486
241 414
274 362
301 465
315 363
375 414
53 363
86 311
177 429
125 239
218 430
278 481
350 357
9 64
102 255
162 306
201 234
294 425
5 322
354 476
27 81
13 183
65 373
63 300
104 301
156 491
178 250
197 492
238 301
269 368
255 470
2 24
7 368
67 419
141 368
389 470
172 435
153 193
232 486
180 296
306 435
6 143
405 414
83 363
116 311
157 312
231 261
248 430
382 430
19 378
60 379
41 137
132 255
192 306
233 307
324 425
357 373
35 322
95 373
169 322
361 492
72 389
20 199
37 368
111 317
185 266
460 471
245 317
336 435
14 384
0 486
36 143
69 91
96 194
148 384
127 261
113 363
160 209
187 312
437 487
51 451
338 481
11 86
49 378
71 137
150 430
315 497
48 153
34 255
53 497
414 476
199 322
240 323
226 425
331 441
391 492
28 440
64 97
50 199
69 441
102 389
124 148
129 492
143 390
201 368
242 369
275 317
316 318
27 215
13 317
407 436
44 384
25 142
66 143
178 384
219 385
252 333
217 312
2 158
43 159
29 261
103 210
120 379
194 328
180 430
268 277
6 277
345 497
18 102
23 446
78 153
97 395
105 256
119 154
196 374
229 322
270 323
330 374
22 221
55 169
421 492
99 441
132 389
173 390
233 441
305 317
35 456
57 215
131 164
84 318
134 435
175 436
222 282
20 333
152 452
284 379
325 380
96 328
127 395
113 497
149 154
247 497
300 323
30 462
52 221
38 323
85 169
112 272
126 170
164 462
203 390
277 339
263 441
337 390
15 339
106 457
161 164
240 457
205 436
279 385
64 231
12 41
182 452
215 400
256 401
316 452
355 380
80 175
66 277
118 467
167 329
200 277
217 446
258 447
291 395
43 293
29 395
103 344
392 447
115 169
194 462
142 272
216 221
235 463
268 411
6 411
307 339
367 390
119 288
67 98
193 237
210 406
270 457
311 458
3 113
8 457
168 180
121 334
19 57
24 401
79 108
84 452
189 468
323 468
271 278
73 293
59 395
100 396
147 242
422 447
265 463
58 170
89 237
149 288
209 339
283 288
314 355
300 457
341 458
52 355
0 165
112 406
165 232
277 473
225 283
15 473
51 130
376 452
101 247
49 57
54 401
128 350
188 401
353 468
394 469
26 73
53 176
86 124
177 242
163 344
204 345
218 243
278 294
295 463
369 412
80 309
28 119
66 411
107 412
167 463
181 361
280 340
5 135
10 479
65 186
406 479
82 355
156 304
183 407
255 283
7 181
67 232
141 181
172 248
158 350
22 489
383 468
424 469
135 366
121 468
195 417
234 345
360 484
60 192
459 463
63 463
137 412
151 310
436 479
35 135
21 237
40 479
114 428
136 187
174 479
287 356
347 407
39 254
72 202
89 371
75 473
116 474
264 372
262 299
14 197
0 299
52 489
148 197
398 460
454 469
165 366
113 176
239 315
266 418
299 366
51 264
16 243
49 191
128 484
150 243
169 485
202 433
241 361
466 479
70 479
144 428
125 186
166 187
204 479
218 377
226 238
278 428
317 356
47 495
69 254
102 202
129 305
160 372
146 474
220 423
280 474
5 269
354 423
32 372
385 490
44 197
123 490
104 248
178 197
257 490
255 417
296 418
329 366
34 418
122 265
158 484
199 485
273 434
6 90
97 208
83 310
248 377
275 480
349 429
8 136
41 84
46 428
99 254
211 495
252 496
233 254
250 423
324 372
2 321
76 270
62 372
136 321
153 490
287 490
328 491
39 388
20 146
326 418
37 315
59 74
138 367
212 316
229 485
262 433
303 434
363 485
0 433
36 90
41 434
96 141
187 259
247 310
30 275
11 33
16 377
90 326
150 377
164 275
439 480
241 495
282 496
20 496
53 444
414 423
92 372
166 321
240 270
317 490
391 439
432 440
17 198
50 146
91 147
129 439
143 337
242 316
333 434
71 434
145 383
219 332
43 106
29 208
48 450
103 157
409 429
120 326
194 275
180 377
221 378
235 276
312 496
18 49
9 495
23 393
50 496
83 444
105 203
446 496
196 321
8 270
388 491
25 439
421 439
173 337
121 147
159 439
200 440
2 455
76 404
57 162
136 455
84 265
249 332
309 383
340 450
73 106
59 208
325 327
55 466
36 224
77 225
416 445
476 496
75 152
154 445
168 343
302 343
30 409
131 461
203 337
277 286
68 112
128 163
166 455
207 456
205 383
31 230
17 332
380 384
108 450
182 399
256 348
283 451
80 122
33 276
66 224
85 466
107 225
167 276
219 466
184 445
332 343
392 394
101 410
161 461
235 410
183 220
274 338
45 286
196 455
311 405
22 302
135 179
121 281
195 230
214 472
286 348
327 349
387 400
24 348
98 297
115 466
63 276
189 415
249 466
1 364
40 292
114 241
389 446
191 461
265 410
213 220
399 410
89 184
116 287
149 235
281 354
19 354
0 112
52 302
165 179
244 472
343 451
68 246
16 56
54 348
128 297
155 400
202 246
260 416
279 466
293 364
320 467
31 364
17 466
394 416
70 292
144 241
204 292
295 410
355 461
28 66
33 410
88 117
167 410
146 287
220 236
5 82
32 185
371 405
82 302
123 303
109 405
257 303
348 421
26 370
7 128
12 472
67 179
86 421
408 472
199 298
232 246
259 349
364 365
350 467
23 72
9 174
61 364
83 123
135 313
162 416
234 292
327 483
5 432
65 483
46 241
426 462
63 410
137 359
151 257
252 309
238 411
362 477
2 134
21 184
35 82
40 426
76 83
100 477
153 303
213 354
287 303
39 201
378 421
56 370
37 128
438 472
190 370
138 180
264 319
229 298
14 144
0 246
74 195
456 489
132 365
113 123
206 314
266 365
357 483
431 432
30 88
16 190
35 432
95 483
150 190
169 432
241 308
342 360
20 309
53 257
433 478
130 477
218 324
47 442
69 201
143 150
129 252
468 472
146 421
220 370
294 319
321 422
32 319
385 437
44 144
49 488
71 247
85 145
145 196
197 386
486 489
236 314
296 365
7 262
139 381
125 483
199 432
180 190
259 483
273 381
23 206
50 309
124 258
248 324
201 478
275 427
349 376
27 325
8 83
25 252
118 443
178 494
252 443
200 253
250 370
351 422
76 217
24 27
62 319
103 320
136 268
175 196
213 488
254 489
1 43
326 365
18 212
4 314
152 212
243 330
229 432
330 484
55 279
36 37
363 432
127 155
113 257
154 258
206 448
266 499
305 427
30 222
117 376
208 494
282 443
230 253
20 443
106 217
166 268
207 269
224 438
298 387
331 335
358 438
36 387
17 145
69 335
96 438
110 336
418 489
182 212
335 454
374 382
11 330
71 381
186 331
219 279
277 449
296 499
411 449
10 105
34 499
43 53
48 397
122 346
161 274
221 325
386 392
372 494
413 495
50 443
105 150
163 320
297 320
388 438
25 386
66 387
140 336
200 387
2 402
43 403
103 454
84 212
115 279
63 89
1 177
340 397
441 449
78 397
152 346
100 156
243 464
22 465
55 413
77 172
94 341
75 99
228 341
319 459
267 269
360 460
19 167
38 217
52 115
79 218
93 116
170 336
244 285
304 336
395 454
54 161
147 352
155 213
205 330
31 177
17 279
58 280
91 228
110 470
70 105
149 398
182 346
223 347
283 398
448 465
47 121
52 465
85 413
107 172
126 414
167 223
10 239
390 460
82 115
87 459
109 218
161 408
235 357
274 285
26 183
64 475
86 234
177 352
237 403
311 352
297 454
80 419
140 470
214 419
162 229
5 245
24 295
46 54
82 465
156 414
216 465
290 414
329 342
40 239
114 188
193 481
141 291
232 409
366 409
3 357
77 306
56 183
42 285
94 475
116 234
135 476
267 403
341 352
19 301
93 250
41 60
79 352
170 470
244 419
21 347
54 295
95 296
147 486
58 414
89 481
70 239
171 291
295 357
336 358
322 460
47 255
0 409
33 357
74 358
148 307
146 234
299 476
10 373
51 374
32 132
101 491
49 301
109 352
150 353
183 301
315 420
348 368
26 317
7 75
48 76
34 178
86 368
139 194
125 296
177 486
218 487
259 296
391 415
102 312
162 363
253 481
201 291
327 430
5 379
60 86
13 240
25 65
63 357
118 256
151 204
178 307
238 358
252 256
269 425
329 476
2 81
7 425
40 373
81 374
463 476
172 492
153 250
306 492
345 420
18 25
4 127
83 420
116 368
157 369
231 318
382 487
19 435
55 92
41 194
233 364
266 312
324 482
357 430
30 35
16 137
21 481
35 379
117 189
136 431
169 379
208 307
39 498
20 256
37 425
185 323
171 425
377 493
14 441
110 149
96 251
148 441
160 266
113 420
146 368
187 369
247 420
261 318
321 369
11 143
16 487
71 194
85 92
90 436
150 487
164 385
236 261
48 210
122 159
139 328
87 138
125 430
199 379
226 482
331 498
364 446
28 497
64 154
50 256
102 446
465 498
215 323
201 425
275 374
27 272
8 30
13 374
407 493
118 390
104 492
140 149
219 442
252 390
217 369
291 318
351 369
29 318
103 267
442 487
120 436
180 487
254 436
268 334
6 334
18 159
4 261
78 210
97 452
105 313
119 211
231 452
196 431
229 379
270 380
55 226
3 36
435 447
495 498
94 154
99 498
154 205
173 447
233 498
131 221
117 323
134 492
208 441
222 339
249 442
309 493
323 391
73 216
59 318
106 164
147 165
185 457
284 436
36 334
17 92
58 93
96 385
127 452
149 211
209 262
335 401
85 226
33 36
112 329
186 278
203 447
337 447
87 272
161 221
202 222
279 442
413 442
12 98
17 442
124 339
256 458
27 406
80 232
66 334
214 232
167 386
179 211
332 453
365 401
43 350
24 108
29 452
65 109
156 227
142 329
268 468
276 329
6 468
307 396
367 447
45 396
119 345
100 103
105 447
193 294
210 463
344 463
22 412
3 170
383 391
168 237
360 407
420 458
19 114
24 458
57 406
79 165
98 407
230 334
271 335
1 474
362 453
395 401
21 160
54 108
59 452
100 453
133 401
155 160
174 402
246 278
298 468
339 469
77 469
58 227
110 417
397 447
75 396
149 345
374 463
415 464
52 412
33 170
112 463
186 412
198 237
225 340
10 186
51 187
390 407
101 304
49 114
54 458
128 407
202 356
427 474
26 130
12 232
31 474
86 181
130 453
163 401
204 402
218 300
80 366
66 468
102 125
88 227
107 469
162 176
179 345
253 294
280 397
13 53
82 412
63 170
156 361
183 464
216 412
257 413
255 340
381 479
40 186
81 187
67 289
119 479
141 238
158 407
292 407
457 474
56 130
42 232
61 474
116 181
157 182
234 402
308 351
19 248
93 197
368 402
151 367
211 418
285 367
271 469
343 345
35 192
21 294
95 243
114 485
134 171
246 412
361 362
20 69
58 361
89 428
70 186
111 187
452 480
171 238
14 254
363 408
74 305
148 254
165 423
113 233
146 181
239 372
299 423
51 321
338 351
49 248
123 197
164 198
150 300
202 490
241 418
315 367
53 367
34 125
144 485
125 243
218 434
278 485
226 295
28 310
69 311
102 259
143 260
179 479
220 480
201 238
294 429
5 326
354 480
27 85
13 187
44 254
118 203
104 305
393 408
219 255
238 305
269 372
255 474
296 475
7 372
81 321
29 131
67 423
141 372
172 439
153 197
232 490
180 300
273 491
6 147
345 367
405 418
4 74
9 418
83 367
105 126
157 316
231 265
248 434
196 244
60 383
173 260
159 362
324 429
2 378
21 428
35 326
62 429
76 327
117 136
136 378
134 305
208 254
227 496
361 496
400 424
37 372
59 131
138 424
152 322
185 270
262 490
377 440
14 388
0 490
36 147
41 491
55 389
96 198
127 265
113 367
187 316
261 265
437 491
338 485
30 332
16 434
90 383
38 193
71 141
112 142
150 434
164 332
203 260
412 434
263 311
15 209
414 480
106 327
92 429
226 429
331 445
432 497
64 101
50 203
69 445
91 204
129 496
215 270
316 322
333 491
44 388
85 389
66 147
219 389
43 163
122 456
103 214
409 486
120 383
194 332
180 434
221 435
235 333
268 281
6 281
18 106
4 208
157 450
105 260
210 276
196 378
270 327
421 496
462 497
99 445
173 394
121 204
159 496
272 373
76 461
57 219
175 440
249 389
309 440
18 456
73 163
59 265
133 214
174 215
224 332
251 435
325 384
36 281
89 107
127 399
149 158
300 327
52 225
38 327
186 225
492 497
277 343
263 445
304 446
15 343
101 117
54 271
87 219
106 461
188 271
279 389
12 45
17 389
91 338
182 456
163 214
316 456
355 384
140 230
167 333
198 400
10 349
392 451
82 225
156 174
142 276
216 225
235 467
307 343
334 446
119 292
193 241
311 462
8 461
61 287
42 45
121 338
135 236
195 287
286 405
346 456
387 457
24 405
60 62
46 164
98 354
189 472
137 282
271 282
288 451
73 297
114 298
422 451
174 349
213 277
339 416
399 467
77 416
58 174
89 241
75 343
116 344
190 293
176 395
223 241
341 462
14 67
0 169
38 461
74 118
79 462
93 360
165 236
225 287
51 134
417 457
49 61
128 354
188 405
293 421
26 77
31 421
53 180
91 472
70 349
144 298
204 349
278 298
295 467
47 365
28 123
33 467
107 416
167 467
181 365
429 467
146 344
179 292
220 293
5 139
10 483
32 242
371 462
44 67
49 411
104 118
183 411
197 309
255 287
348 478
26 427
7 185
86 478
67 236
141 185
447 457
172 252
273 304
259 406
364 422
424 473
23 129
9 231
61 421
83 180
102 422
135 370
63 467
151 314
159 175
252 366
271 416
250 293
35 139
21 241
40 483
76 140
136 191
477 484
153 360
287 360
39 258
378 478
56 427
37 185
89 375
116 478
138 237
171 185
190 427
264 376
229 355
132 422
113 180
165 370
192 473
206 371
266 422
30 145
35 489
68 437
90 196
150 247
169 489
241 365
15 22
53 314
70 483
144 432
92 242
204 483
218 381
245 484
317 360
47 499
69 258
129 309
146 478
220 427
280 478
321 479
335 377
27 32
13 134
32 376
44 201
118 150
71 304
104 252
145 253
197 443
385 494
236 371
310 320
7 319
461 489
139 438
120 196
180 247
273 438
312 366
23 263
9 365
83 314
97 212
157 263
372 417
215 433
248 381
275 484
289 382
27 382
8 140
13 484
60 330
151 448
99 258
173 207
233 258
250 427
324 376
365 377
2 325
351 479
24 84
62 376
84 135
136 325
115 202
134 252
175 253
227 443
268 444
4 371
37 319
59 78
78 320
152 269
212 320
243 387
229 489
303 438
363 489
55 336
36 94
41 438
113 314
168 213
379 433
57 382
38 140
90 330
117 433
439 484
203 207
106 274
207 326
298 444
331 392
358 495
432 444
17 202
91 151
108 320
182 269
333 438
11 387
85 336
145 387
184 315
258 264
310 454
10 162
43 110
161 331
235 280
386 449
23 397
64 398
45 156
124 449
210 223
196 325
237 326
270 274
297 377
22 172
8 274
388 495
25 443
61 100
140 393
121 151
214 342
272 320
2 459
43 460
24 218
76 408
84 269
98 167
313 321
189 285
175 387
290 337
276 439
340 454
40 162
78 454
100 213
193 404
191 331
265 280
251 382
325 331
55 470
416 449
75 156
154 449
168 347
176 208
38 274
131 465
170 393
203 341
230 444
304 393
106 408
54 218
128 167
147 409
188 218
246 388
279 336
320 337
31 234
17 336
70 162
108 454
149 455
223 404
47 178
33 280
85 470
107 229
126 471
198 347
184 449
299 399
32 55
101 414
82 172
123 173
161 465
183 224
202 466
274 342
86 291
237 460
311 409
80 476
88 337
121 285
162 286
253 404
327 353
387 404
24 352
65 353
46 111
115 470
189 419
137 229
290 471
238 281
288 398
389 450
21 54
100 347
114 245
141 348
174 296
153 173
232 466
213 224
306 415
366 466
56 240
168 481
116 291
190 240
281 358
267 460
341 409
19 358
0 116
41 117
165 183
244 476
192 286
285 477
21 404
54 352
169 302
58 471
130 347
171 348
204 296
245 297
262 466
295 414
336 415
47 312
33 414
74 415
107 363
160 189
146 291
198 481
220 240
239 482
373 482
51 431
32 189
49 358
123 307
197 256
257 307
26 374
7 132
12 476
34 235
86 425
139 251
199 302
259 353
364 369
350 471
23 76
9 178
83 127
88 471
162 420
215 246
201 348
234 296
5 436
275 297
27 195
60 143
327 487
426 466
25 122
104 415
151 261
252 313
238 415
269 482
2 138
40 430
62 189
76 87
136 138
141 482
227 256
254 359
287 307
39 205
345 477
378 425
419 426
4 184
37 132
42 476
78 133
157 426
190 374
281 492
330 354
93 441
41 251
456 493
132 369
113 127
192 420
206 318
398 488
30 92
16 194
35 436
90 143
95 487
131 144
134 415
208 364
222 262
342 364
20 313
433 482
185 380
171 482
245 431
284 359
14 498
410 498
69 205
110 206
160 323
146 425
220 374
261 375
247 477
11 200
49 492
85 149
90 493
145 200
164 442
486 493
236 318
296 369
48 267
87 195
125 487
199 436
240 437
312 313
23 210
124 262
215 380
201 482
289 329
316 432
27 329
8 87
13 431
44 498
25 256
99 205
118 447
178 498
440 498
481 499
250 374
291 375
351 426
24 31
29 375
153 441
194 442
268 391
254 493
326 369
18 216
4 318
367 370
152 216
105 370
138 318
193 217
196 488
229 436
344 386
3 93
8 437
41 385
154 262
319 329
305 431
346 432
38 87
79 88
117 380
222 396
208 498
249 499
230 257
356 396
15 103
20 447
147 222
224 442
298 391
284 493
358 442
399 443
31 47
36 391
58 150
91 98
96 442
108 267
110 340
182 216
335 458
418 493
314 335
300 437
374 386
11 334
85 283
38 437
71 385
112 386
126 284
186 335
236 452
184 262
434 437
411 453
10 109
15 453
376 432
87 329
221 329
279 499
353 448
64 345
12 155
50 447
86 104
177 222
163 324
237 273
27 463
388 442
80 289
66 391
489 494
88 150
214 289
24 165
103 458
115 283
156 284
142 386
189 232
216 335
276 386
1 181
381 402
18 350
4 452
40 109
100 160
141 161
193 351
22 469
3 227
77 176
94 345
42 155
121 448
154 396
168 294
195 397
443 499
360 464
98 464
79 222
170 340
244 289
230 391
271 392
395 458
21 217
95 166
133 458
147 356
155 217
246 335
72 182
58 284
70 109
149 402
223 351
209 453
314 469
262 279
47 125
33 227
52 469
74 228
107 176
148 177
184 396
225 397
299 346
10 243
101 361
128 464
109 222
202 413
334 340
12 289
34 48
125 166
163 458
80 423
28 233
102 182
140 474
162 233
179 402
253 351
5 249
65 300
13 110
63 227
104 228
137 176
216 469
269 295
255 397
329 346
7 295
389 397
67 346
141 295
193 485
172 362
232 413
292 464
56 187
135 480
157 239
281 305
234 459
308 408
19 305
60 306
41 64
46 408
93 254
151 424
473 475
211 475
192 233
285 424
343 402
35 249
21 351
95 300
169 249
155 351
384 403
260 367
246 469
72 316
37 295
111 244
185 193
171 295
223 485
336 362
322 464
363 465
148 311
96 121
165 480
146 238
299 480
247 290
373 429
32 136
11 13
164 255
315 424
26 321
34 182
139 198
125 300
240 250
226 352
317 470
350 418
28 367
102 316
391 419
129 419
451 470
294 486
5 383
32 486
13 244
393 465
118 260
269 429
329 480
370 481
2 85
7 429
29 188
62 136
103 137
120 306
194 255
254 306
345 424
23 373
4 131
56 321
78 80
97 322
105 183
157 373
231 322
248 491
405 475
382 491
55 96
8 250
41 198
132 316
206 265
159 419
324 486
35 383
21 485
62 486
458 486
134 362
309 363
359 480
400 481
37 429
111 378
133 137
138 481
171 429
212 430
224 255
284 306
14 445
377 497
74 496
110 153
127 322
187 373
321 373
352 440
30 389
11 147
16 491
85 96
90 440
164 389
453 492
236 265
263 368
15 266
48 214
428 435
449 490
106 384
92 486
240 384
226 486
64 158
143 451
124 209
201 429
256 328
27 276
13 378
407 497
118 394
66 204
145 497
200 204
318 425
43 220
29 322
120 440
194 389
180 491
254 440
268 338
6 338
18 163
4 265
119 215
105 317
196 435
270 384
330 435
22 282
3 40
8 384
435 451
154 209
195 210
272 430
24 328
98 277
84 379
134 496
175 497
189 395
249 446
309 497
323 395
59 322
133 271
147 169
207 220
224 389
298 338
325 441
77 339
58 97
96 389
127 456
75 266
149 215
209 266
300 384
52 282
33 40
38 384
186 282
401 436
184 209
277 400
10 56
15 400
51 57
376 379
54 328
87 276
128 277
188 328
202 226
205 497
279 446
293 344
353 395
380 498
17 446
163 271
295 390
355 441
80 236
28 46
140 287
88 97
181 288
179 215
332 457
10 406
43 354
82 282
156 231
307 400
348 401
367 451
7 108
40 56
45 400
67 159
119 349
172 175
158 277
193 298
210 467
383 395
443 446
42 102
135 293
195 344
234 272
420 462
24 462
60 119
46 221
79 169
137 339
170 287
211 288
271 339
362 457
35 62
73 354
95 113
114 355
174 406
246 282
77 473
89 298
37 108
75 400
149 349
190 350
223 298
264 299
281 468
438 452
415 468
52 416
0 226
74 175
93 417
225 344
51 191
390 411
68 360
54 462
90 119
109 169
202 360
301 339
26 134
12 236
31 478
70 406
144 355
130 457
204 406
278 355
369 473
102 129
107 473
129 232
162 180
181 422
220 350
294 299
65 247
445 468
44 124
82 416
104 175
123 417
183 468
255 344
26 484
7 242
81 191
67 293
158 411
232 360
273 361
259 463
6 17
23 186
42 236
56 134
61 478
97 135
135 427
157 186
234 406
308 355
60 253
151 371
159 232
285 371
35 196
21 298
76 197
95 247
114 489
136 248
153 417
134 175
213 468
227 366
287 417
347 468
39 315
20 73
37 242
111 191
138 294
264 433
262 360
303 361
363 412
0 360
41 361
148 258
165 427
113 237
239 376
51 325
338 355
30 202
68 494
90 253
241 422
301 473
342 474
356 372
15 79
53 371
139 145
144 489
166 248
226 299
317 417
28 314
50 73
129 366
143 264
160 433
242 243
27 89
13 191
44 258
118 207
393 412
269 376
310 377
7 376
48 377
34 479
122 326
139 495
172 443
194 202
221 305
312 423
345 371
4 78
124 372
157 320
248 438
196 248
289 439
99 315
173 264
159 366
233 315
250 484
2 382
76 331
57 89
384 484
84 192
189 208
175 310
249 259
309 310
340 377
400 428
4 428
37 376
78 377
460 479
243 444
303 495
377 444
55 393
41 495
96 202
127 269
75 79
113 371
154 372
187 320
228 321
319 439
352 387
379 490
11 94
16 438
38 197
52 95
90 387
112 146
131 388
203 264
263 315
414 484
54 141
87 89
166 382
331 449
31 157
64 105
108 377
182 326
333 495
11 444
85 393
66 151
107 152
219 393
467 495
184 372
258 321
318 372
43 167
122 460
82 95
120 387
161 388
23 454
64 455
45 213
119 162
105 264
196 382
270 331
311 332
22 229
8 331
402 450
61 157
173 398
272 377
76 465
84 326
467 470
249 393
276 496
1 291
288 321
18 460
40 219
59 269
73 167
100 270
114 168
191 388
265 337
251 439
325 388
77 286
94 455
75 213
149 162
168 404
209 213
228 455
300 331
52 229
0 39
170 450
244 399
15 347
54 275
128 224
147 466
155 327
205 444
279 393
320 394
31 291
12 49
17 393
58 394
380 445
70 219
182 460
130 270
204 219
295 337
355 388
33 337
107 286
181 235
198 404
373 405
10 353
101 471
82 229
109 332
235 471
274 399
334 450
26 297
12 399
45 347
67 106
86 348
177 466
158 224
350 394
9 101
162 343
195 291
253 461
327 410
24 409
60 66
46 168
65 410
63 337
137 286
151 184
211 235
238 338
288 455
403 405
114 302
62 112
100 404
174 353
153 230
265 471
213 281
306 472
339 420
3 471
39 128
77 420
56 297
42 399
89 245
116 348
176 399
190 297
341 466
14 71
0 173
19 415
79 466
165 240
206 241
192 343
266 292
51 138
68 307
16 117
21 461
95 410
155 461
169 359
417 461
260 477
31 425
72 426
53 184
359 456
70 353
144 302
92 112
204 353
245 354
336 472
410 421
47 369
33 471
69 128
107 420
148 421
146 348
220 297
10 487
51 488
32 246
321 349
371 466
49 415
123 364
104 122
183 415
197 313
412 467
236 241
348 482
7 189
48 190
34 292
81 138
122 139
139 308
172 256
199 359
273 308
364 426
424 477
23 133
9 235
28 477
83 184
102 426
248 251
201 405
5 493
60 200
13 354
46 302
25 179
104 472
137 420
151 318
159 179
238 472
250 297
2 195
40 487
76 144
81 488
442 467
477 488
153 364
227 313
254 416
287 364
328 365
419 483
56 431
37 189
111 138
116 482
190 431
231 432
303 308
14 205
93 498
454 477
113 184
154 185
192 477
206 375
266 426
305 354
30 149
16 251
35 493
57 252
131 201
134 472
208 421
282 370
15 26
20 370
70 487
166 195
245 488
226 246
284 416
317 364
69 262
17 72
110 263
129 313
143 211
146 482
160 380
187 483
261 432
321 483
449 483
32 380
385 498
11 257
85 206
71 308
123 498
145 257
164 499
236 375
184 185
310 324
337 427
370 375
48 324
34 426
122 273
87 252
120 200
199 493
221 252
240 494
273 442
312 370
23 267
64 268
50 370
97 216
372 421
215 437
289 386
275 488
349 437
22 42
13 488
140 263
159 313
173 211
200 314
217 483
250 431
291 432
2 329
43 330
29 432
76 278
84 139
425 432
115 206
153 498
268 448
328 499
276 309
1 104
18 273
4 375
78 324
59 82
105 427
138 375
212 324
243 391
191 201
229 493
251 252
270 494
303 442
168 217
228 268
319 386
305 488
30 283
420 438
57 386
38 144
79 145
131 335
222 453
230 314
73 330
92 380
133 381
207 330
358 499
36 448
17 206
91 155
96 499
397 427
108 324
300 494
333 442
11 391
47 48
85 340
112 443
126 341
145 391
374 443
198 217
184 319
10 166
48 458
101 284
87 386
235 284
64 402
45 160
177 279
237 330
297 381
388 499
25 447
61 104
66 448
80 346
121 155
140 397
200 448
214 346
253 274
43 464
24 222
65 223
404 443
63 150
189 289
216 392
290 341
276 443
1 238
18 407
40 166
78 458
100 217
114 115
191 335
265 284
292 387
3 284
416 453
94 402
42 212
75 160
116 161
154 453
195 454
93 177
244 346
271 449
73 464
147 413
95 223
320 341
31 238
72 239
380 392
89 408
149 459
130 217
322 387
47 182
126 475
107 233
148 234
198 351
146 161
184 453
225 454
239 352
10 300
51 301
32 59
299 403
101 418
49 228
109 279
202 470
274 346
301 449
26 244
12 346
375 398
34 105
177 413
125 223
237 464
278 465
28 290
9 48
88 341
162 290
253 408
201 218
313 459
5 306
65 357
63 284
104 285
137 233
156 475
238 285
329 403
389 454
81 301
67 403
114 249
141 352
153 177
232 470
213 228
306 419
366 470
39 75
116 295
157 296
231 245
281 362
267 464
308 465
14 18
41 121
46 465
79 413
192 290
285 481
343 459
35 306
16 64
95 357
169 306
134 285
208 234
260 424
320 475
20 183
58 475
359 403
37 352
111 301
185 250
171 352
336 419
14 368
0 470
69 75
148 368
96 178
146 295
247 347
51 435
32 193
11 70
49 362
71 121
90 363
109 413
150 414
164 312
197 260
315 481
12 480
53 481
34 239
199 306
226 409
259 357
364 373
350 475
391 476
23 80
9 182
102 373
124 132
143 374
162 424
215 250
201 352
275 301
5 440
13 301
426 470
25 126
104 419
118 317
178 368
238 419
467 471
269 486
403 486
2 142
81 435
29 245
62 193
103 194
444 487
120 363
153 311
194 312
254 363
6 261
419 430
23 430
4 188
42 480
56 378
78 137
138 188
231 379
479 481
270 307
330 358
55 153
41 255
456 497
421 476
173 374
159 476
206 322
233 425
398 492
30 96
35 440
57 199
76 441
131 148
136 492
208 368
282 317
20 317
37 486
92 193
185 384
212 487
224 312
17 19
127 379
113 481
187 430
247 481
486 497
85 153
71 255
112 256
186 205
236 322
277 323
263 425
15 323
48 271
428 492
87 199
64 215
124 266
215 384
163 194
201 486
242 487
256 385
27 333
13 435
289 333
316 436
25 260
66 261
118 451
200 261
291 379
392 431
29 379
103 328
115 153
175 204
268 395
6 395
307 323
18 220
78 271
193 221
210 390
270 441
154 266
195 267
286 385
272 487
57 333
98 334
189 452
170 210
323 452
73 277
59 379
422 431
224 446
298 395
284 497
325 498
399 447
36 395
58 154
96 446
108 271
209 323
300 441
11 338
52 339
38 441
112 390
126 288
401 493
434 441
277 457
10 113
101 231
87 333
128 334
293 401
353 452
26 57
31 401
64 349
91 452
177 226
163 328
369 396
80 293
429 447
489 498
406 463
5 119
43 411
65 170
82 339
63 97
142 390
216 339
307 457
255 267
40 113
81 114
193 355
141 165
158 334
191 282
232 283
292 334
383 452
61 401
94 349
121 452
195 401
234 329
360 468
19 175
93 124
46 278
79 226
137 396
170 344
211 345
271 396
285 294
436 463
21 221
95 170
147 360
174 463
287 340
347 391
72 186
89 355
70 113
75 457
111 114
149 406
190 407
209 457
264 356
262 283
314 473
322 334
14 181
0 283
52 473
74 232
126 422
165 350
225 401
299 350
390 468
49 175
202 417
241 345
26 191
12 293
53 294
144 412
125 170
47 479
28 237
80 427
129 289
162 237
179 406
220 407
253 355
280 458
294 356
32 356
385 474
44 181
118 130
104 232
123 474
178 181
197 423
255 401
329 350
7 299
29 58
67 350
141 299
461 469
232 417
306 366
292 468
56 191
42 293
83 294
97 192
135 484
248 361
234 463
308 412
368 463
60 310
41 68
46 412
151 428
211 479
159 289
250 407
35 253
21 355
136 305
153 474
134 232
227 423
287 474
39 372
20 130
111 248
212 300
245 248
262 417
303 418
336 366
363 469
0 417
36 74
74 366
127 192
113 294
187 243
206 485
239 433
51 382
30 259
11 17
90 310
439 464
241 479
315 428
356 429
15 136
48 84
53 428
92 356
125 304
218 495
226 356
240 254
331 372
317 474
391 423
28 371
69 372
50 130
143 321
451 474
160 490
201 299
242 300
27 146
32 490
66 74
104 366
145 367
219 316
236 485
217 243
310 434
7 433
48 434
122 383
103 141
180 361
6 208
386 429
18 33
4 135
9 479
45 136
78 84
83 428
105 187
231 326
196 305
248 495
60 444
8 254
421 423
25 423
173 321
324 490
398 439
2 439
57 146
62 490
134 366
189 265
208 315
1 214
400 485
37 433
78 434
59 192
133 141
224 259
251 362
14 449
110 157
96 259
416 429
127 326
75 136
187 377
228 378
319 496
30 393
11 151
52 152
131 445
112 203
164 393
453 496
203 321
263 372
304 373
15 270
106 388
92 490
166 439
207 440
188 198
226 490
240 388
205 367
279 316
31 214
17 316
91 265
143 455
108 434
182 383
256 332
242 434
316 383
80 106
66 208
85 450
167 260
217 377
291 326
29 326
423 445
483 496
82 152
87 496
161 445
194 393
235 394
97 460
45 270
105 321
210 337
237 440
270 388
297 491
22 286
3 44
8 388
311 389
61 214
94 162
135 163
173 455
195 214
214 456
272 434
346 383
98 281
46 91
290 451
1 348
288 378
73 224
59 326
147 173
174 276
191 445
224 393
339 343
325 445
77 343
58 101
127 460
75 270
209 270
302 461
300 388
341 389
52 286
0 96
33 44
79 389
112 337
126 235
401 440
376 383
128 281
202 230
188 332
293 348
279 450
353 399
31 348
12 106
17 450
256 466
204 276
295 394
80 240
107 343
181 292
167 394
198 461
332 461
373 462
5 66
10 410
32 169
371 389
406 410
197 236
183 338
257 287
348 405
12 456
45 404
172 179
259 333
350 451
383 399
9 158
83 107
162 400
195 348
327 467
24 466
60 123
46 225
65 467
98 415
63 394
137 343
151 241
271 343
1 482
362 461
403 462
35 66
21 168
62 169
95 117
100 461
114 359
174 410
39 185
378 405
438 456
37 112
116 405
190 354
264 303
281 472
14 128
0 230
19 472
239 246
51 195
357 467
30 72
54 466
68 364
90 123
95 467
128 415
150 174
169 416
241 292
433 462
92 169
204 410
218 308
410 478
47 426
28 184
69 185
107 477
129 236
148 478
181 426
220 354
321 406
32 303
385 421
44 128
197 370
145 180
183 472
257 421
236 298
255 348
296 349
26 488
7 246
81 195
34 349
122 196
139 365
120 123
125 467
158 415
259 467
273 365
23 190
9 292
83 241
97 139
102 483
248 308
289 309
275 411
349 360
60 257
46 359
151 375
137 477
178 478
159 236
2 252
76 201
62 303
114 493
136 252
351 406
153 421
134 179
175 180
254 473
287 421
361 370
1 27
20 77
39 319
56 488
37 246
452 488
152 196
243 314
229 416
55 263
41 365
127 139
132 483
305 411
30 206
16 308
90 257
38 67
164 206
338 359
222 376
208 478
241 426
282 427
342 478
144 493
92 303
185 494
284 473
358 422
418 473
50 77
96 422
108 247
182 196
242 247
335 438
333 365
219 263
310 381
296 483
337 484
370 432
48 381
122 330
194 206
221 309
23 324
9 426
50 427
64 325
97 273
372 478
215 494
196 252
289 443
349 494
22 99
8 201
27 443
388 422
25 370
99 319
173 268
200 371
291 489
365 438
2 386
425 489
24 145
29 489
62 437
103 438
115 263
189 212
249 263
276 366
1 161
340 381
326 483
18 330
78 381
100 140
138 432
212 381
243 448
251 309
55 397
36 155
77 156
94 325
127 273
154 376
168 274
30 340
420 495
52 99
38 201
57 443
112 150
117 494
203 268
230 371
304 320
395 438
455 489
59 489
92 437
133 438
147 336
207 387
205 314
110 454
91 212
397 484
430 432
256 279
242 381
47 105
33 207
71 499
85 397
107 156
167 207
186 449
184 376
198 274
318 376
10 223
101 341
87 443
161 392
109 202
142 150
235 341
86 218
485 489
177 336
163 438
237 387
297 438
402 454
61 161
140 454
214 403
162 213
253 331
65 280
84 330
98 228
63 207
137 156
175 448
189 346
216 449
1 295
288 325
18 464
100 274
174 223
193 465
480 495
265 341
251 443
292 444
306 342
3 341
77 290
366 393
89 115
42 269
94 459
168 408
228 459
281 285
267 387
19 285
79 336
244 403
192 213
304 454
343 382
54 279
128 228
147 470
260 347
293 295
31 295
72 296
53 54
58 398
380 449
223 465
295 341
47 239
33 341
107 290
181 239
198 408
239 409
258 459
373 409
51 358
123 234
109 336
274 403
334 454
375 455
7 59
12 403
67 110
86 352
177 470
125 280
199 229
311 470
259 280
102 296
253 465
327 414
387 465
60 70
46 172
65 414
151 188
137 290
211 239
269 409
329 460
403 409
40 357
81 358
62 116
67 460
114 306
172 476
153 234
213 285
39 132
405 455
37 59
190 301
176 403
231 302
281 419
341 470
14 75
0 177
19 419
41 178
55 76
79 470
206 245
192 347
357 414
35 363
417 465
169 363
117 173
208 291
394 481
72 430
20 240
111 358
144 306
171 409
245 358
410 425
14 425
47 373
74 476
148 425
96 235
129 183
160 250
146 352
470 476
261 302
247 404
321 353
51 492
412 471
11 127
71 178
150 471
164 369
236 245
26 435
48 194
125 414
259 414
23 137
9 239
50 240
64 138
83 188
102 430
215 307
201 409
275 358
8 14
13 358
44 425
25 183
252 374
238 476
2 199
351 353
62 250
136 199
442 471
153 368
194 369
180 471
227 317
254 420
268 318
6 318
39 266
328 369
18 143
4 245
78 194
138 245
231 436
243 261
330 415
55 210
3 20
41 312
94 138
192 481
305 358
30 153
117 307
222 323
208 425
309 477
15 30
20 374
106 148
59 302
92 250
111 492
245 492
224 369
298 318
284 420
110 267
96 369
127 436
108 194
261 436
300 364
85 210
71 312
112 313
186 262
236 379
277 380
263 482
310 328
337 431
10 36
34 430
48 328
101 154
87 256
139 446
161 205
221 256
353 375
372 425
413 426
50 374
124 323
163 251
275 492
289 390
22 46
13 492
27 390
25 317
66 318
80 216
140 267
200 318
214 216
291 436
351 487
392 488
24 92
29 436
84 143
103 385
142 313
216 262
1 108
6 452
307 380
18 277
367 431
78 328
119 329
193 278
243 395
191 205
270 498
251 256
344 447
22 396
3 154
8 498
77 103
94 272
168 221
154 323
195 324
228 272
319 390
346 493
420 442
19 98
57 390
84 493
98 391
131 339
170 267
1 458
73 334
54 92
59 436
133 385
147 283
422 488
205 261
339 453
31 108
36 452
72 109
397 431
75 380
108 328
149 329
209 380
283 329
314 396
300 498
374 447
11 395
47 52
33 154
38 498
52 396
112 447
126 345
186 396
184 323
225 324
258 272
390 391
376 493
101 288
49 98
87 390
109 149
128 391
161 339
188 442
202 340
293 458
427 458
64 406
177 283
237 334
278 335
80 350
61 108
66 452
88 211
102 109
140 401
214 350
179 329
253 278
5 176
65 227
82 396
156 345
142 447
216 396
464 498
276 447
81 171
119 463
193 412
191 339
232 340
292 391
3 288
56 114
42 216
116 165
195 458
19 232
46 335
79 283
170 401
285 351
271 453
35 176
73 468
95 227
147 417
155 278
260 294
246 396
320 345
347 448
72 243
58 345
452 464
89 412
111 171
149 463
223 412
264 413
262 340
322 391
14 238
33 288
47 186
148 238
225 458
299 407
32 63
123 181
164 182
183 232
202 474
315 351
301 453
26 248
12 350
53 351
34 109
86 299
375 402
125 227
218 418
278 469
226 279
102 243
88 345
129 346
162 294
179 463
201 222
294 413
5 310
327 361
27 69
13 171
65 361
118 187
156 479
178 238
197 480
269 356
255 458
329 407
2 12
81 305
67 407
141 356
389 458
172 423
232 474
306 423
39 79
56 248
42 350
157 300
248 418
46 469
151 485
132 243
192 294
324 413
357 361
35 310
16 68
21 412
62 413
95 361
117 120
134 289
208 238
260 428
361 480
185 254
171 356
212 357
336 423
0 474
437 475
148 372
96 182
127 249
113 351
160 197
187 300
51 439
352 367
30 316
11 74
16 418
164 316
150 418
412 418
263 295
48 141
34 243
53 485
139 259
240 311
226 413
331 429
391 480
28 428
143 378
215 254
201 356
275 305
333 475
44 372
25 130
66 131
178 372
269 490
217 300
310 491
2 146
444 491
29 249
103 198
122 440
194 316
180 418
254 367
419 434
18 90
4 192
23 434
78 141
83 485
97 383
105 244
119 142
157 434
196 362
270 311
330 362
22 209
8 311
421 480
25 480
173 378
159 480
233 429
398 496
2 496
76 445
57 203
84 306
117 254
222 270
175 424
208 372
309 424
20 321
340 491
474 491
73 147
59 249
133 198
152 440
224 316
36 265
17 23
110 214
416 486
127 383
75 193
302 384
30 450
11 208
85 157
164 450
112 260
203 378
277 327
263 429
87 203
166 496
188 255
31 271
17 373
50 321
91 322
108 491
163 198
242 491
355 368
66 265
140 214
181 215
167 317
200 265
217 434
258 435
291 383
318 486
332 384
392 435
103 332
82 209
156 158
142 260
307 327
67 86
105 378
193 225
210 394
344 394
22 343
3 101
195 271
286 389
272 491
346 440
19 45
24 389
79 96
84 440
170 214
211 215
1 405
362 384
422 435
59 383
100 384
114 282
174 333
224 450
339 400
399 451
3 451
36 399
89 225
75 327
176 379
314 343
300 445
341 446
52 343
0 153
33 101
38 445
74 102
79 446
401 497
225 271
54 389
128 338
188 389
353 456
26 61
12 163
31 405
53 164
86 112
91 456
130 384
369 400
80 297
33 451
429 451
88 158
181 349
406 467
5 123
10 467
65 174
371 446
82 343
156 292
142 394
183 395
307 461
255 271
348 462
7 169
81 118
67 220
86 462
119 410
141 169
158 338
172 236
232 287
292 338
22 477
383 456
424 457
56 61
42 163
135 354
162 457
195 405
60 180
98 472
63 451
137 400
285 298
271 400
35 123
21 225
95 174
114 416
136 175
227 293
213 395
72 190
378 462
89 359
37 169
75 461
111 118
116 462
264 360
322 338
0 287
74 236
93 478
148 185
454 457
113 164
192 457
239 303
266 406
51 252
390 472
30 129
49 179
90 180
169 473
150 231
241 349
301 400
342 401
34 56
466 467
70 467
92 226
125 174
317 344
47 483
28 241
69 242
102 190
129 293
143 191
160 360
181 483
220 411
294 360
5 257
13 118
44 185
123 478
104 236
178 185
257 478
255 405
7 303
29 62
34 406
67 354
122 253
120 180
158 472
172 370
180 231
199 473
273 422
6 78
23 247
4 5
83 298
97 196
372 401
248 365
275 468
308 416
349 417
60 314
151 432
99 242
132 190
159 293
173 191
211 483
233 242
250 411
252 484
324 360
35 257
384 411
134 236
227 427
287 478
361 427
37 303
78 304
59 62
152 253
185 201
243 371
229 473
303 422
363 473
0 421
41 422
55 320
96 129
127 196
206 489
187 247
228 248
247 298
305 468
379 417
11 21
439 468
38 124
131 315
150 365
164 263
15 140
20 484
53 432
106 258
92 360
166 309
226 360
205 237
331 376
358 479
69 376
50 134
129 427
143 325
160 494
182 253
294 494
242 304
333 422
11 371
118 268
66 78
393 473
219 320
217 247
310 438
370 489
411 490
43 94
122 387
103 145
409 417
120 314
161 315
180 365
221 366
235 264
6 212
312 484
18 37
9 483
23 381
45 140
64 382
83 432
97 330
446 484
196 309
297 361
22 156
8 258
421 427
25 427
99 376
173 325
121 135
159 427
200 428
214 326
233 376
324 494
365 495
76 392
24 202
62 494
84 253
103 495
115 320
136 443
175 371
249 320
276 423
18 387
400 489
73 94
441 490
100 197
133 145
138 489
212 438
224 263
251 366
3 264
416 433
476 484
113 432
154 433
168 331
16 499
38 258
203 325
244 326
230 428
395 495
54 202
92 494
128 151
133 495
147 393
166 443
188 202
207 444
17 320
91 269
430 489
471 490
108 438
182 387
130 197
209 490
242 438
283 439
167 264
184 433
258 382
318 433
101 398
161 449
142 207
274 326
334 377
119 223
210 341
237 444
80 460
135 167
121 269
195 218
327 337
387 388
24 336
63 264
189 403
290 455
1 352
40 280
389 434
174 280
191 449
339 347
325 449
3 398
39 55
77 347
89 172
75 274
168 465
190 224
176 326
341 393
52 290
401 444
165 167
192 270
51 65
343 439
128 285
202 234
260 404
293 352
320 455
394 404
17 454
53 111
58 455
70 280
144 229
245 281
295 398
396 450
28 54
160 173
146 275
220 224
10 414
32 173
371 393
82 290
197 240
183 342
257 291
348 409
26 358
7 116
12 460
34 219
67 167
86 409
172 183
199 286
232 234
23 60
61 352
88 455
102 353
135 301
162 404
234 280
275 281
60 127
46 229
65 471
426 450
63 398
211 296
252 297
2 122
35 70
40 414
141 466
39 189
438 460
37 116
190 358
138 168
176 460
231 359
281 476
229 286
14 132
0 234
19 476
41 235
55 133
93 425
132 353
165 301
192 404
30 76
16 178
35 420
68 368
90 127
95 471
413 489
208 348
282 297
20 297
111 415
92 173
144 363
171 466
245 415
14 482
47 430
69 189
148 482
160 307
146 409
220 358
261 359
280 409
294 307
32 307
44 132
85 133
123 425
145 184
164 426
183 476
197 374
236 302
296 353
26 492
48 251
34 353
122 200
139 369
125 471
199 420
273 369
259 471
6 25
23 194
97 143
215 364
289 313
349 364
27 313
8 71
25 240
118 431
178 482
159 240
200 241
252 431
76 205
62 307
115 133
153 425
175 184
254 477
328 426
1 31
326 353
56 492
97 493
78 251
138 302
212 251
231 493
243 318
229 420
330 472
55 267
41 369
127 143
113 245
132 487
305 415
30 210
16 312
38 71
117 364
208 482
282 431
230 241
356 380
20 431
106 205
92 307
133 308
166 256
224 426
284 477
17 133
110 324
108 251
182 200
261 493
85 267
186 319
219 267
236 436
310 385
337 488
10 93
34 487
48 385
161 262
221 313
312 431
372 482
64 329
45 87
50 431
86 88
413 483
177 206
163 308
237 257
289 447
297 308
25 374
66 375
99 323
140 324
200 375
291 493
2 390
43 391
24 149
29 493
84 200
103 442
425 493
189 216
175 318
249 267
276 370
18 334
4 436
40 93
78 385
152 334
243 452
251 313
292 314
22 453
77 160
443 483
75 87
154 380
420 499
19 155
57 447
79 206
117 498
131 396
170 324
230 375
304 324
395 442
455 493
54 149
59 493
147 340
246 319
110 458
58 268
397 488
70 93
108 385
223 335
209 437
314 453
11 452
47 109
33 211
85 401
107 160
126 402
184 380
258 329
299 330
10 227
450 499
49 155
82 103
109 206
161 396
188 499
235 345
64 463
485 493
177 340
163 442
278 392
311 340
80 407
61 165
102 166
140 458
179 386
253 335
63 211
156 402
216 453
18 468
40 227
114 176
67 330
100 278
141 279
193 469
158 448
191 396
232 397
292 448
306 346
3 345
56 171
94 463
116 222
135 464
176 273
267 391
308 392
19 289
368 443
132 166
170 458
192 217
211 459
285 408
343 386
35 233
147 474
155 335
260 351
320 402
361 403
53 58
58 402
89 469
70 227
144 176
130 278
223 469
264 470
262 397
322 448
47 243
0 397
396 397
148 295
165 464
146 222
299 464
247 274
373 413
51 362
32 120
101 479
49 289
123 238
109 340
183 289
241 459
26 305
375 459
53 408
34 166
139 182
177 474
350 402
391 403
28 351
9 109
451 454
294 470
5 367
65 418
27 126
13 228
63 345
104 346
151 192
178 295
238 346
269 413
403 413
81 362
62 120
103 121
141 413
172 480
153 238
180 341
254 290
306 480
6 188
39 136
345 408
56 305
405 459
83 408
231 306
248 475
19 423
55 80
41 182
60 424
192 351
233 352
266 300
324 470
357 418
35 367
16 125
21 469
57 126
95 418
117 177
398 419
134 346
260 485
458 470
39 486
72 434
359 464
37 413
92 120
171 413
185 311
245 362
410 429
36 188
74 480
146 356
187 357
261 306
247 408
321 357
51 496
16 475
71 182
150 475
236 249
263 352
48 198
34 300
87 126
125 418
166 419
199 367
240 368
331 486
465 486
64 142
143 435
215 311
201 413
275 362
316 363
27 260
13 362
407 481
66 188
104 480
178 429
219 430
217 357
291 306
2 203
81 496
29 306
103 255
442 475
268 322
419 491
18 147
4 249
97 440
105 301
231 440
210 317
243 265
55 214
8 368
94 142
132 434
154 193
233 486
346 363
57 260
84 363
117 311
208 429
249 430
323 379
20 378
111 496
147 153
133 255
152 497
284 424
358 373
490 492
108 198
149 199
261 440
11 265
52 266
38 368
85 214
126 215
186 266
337 435
15 384
101 158
202 210
188 312
293 328
353 379
64 276
12 86
17 430
50 378
215 445
256 446
316 497
355 425
80 220
66 322
200 322
179 199
5 46
24 96
65 97
103 389
392 492
82 266
115 214
142 317
216 266
268 456
276 317
6 456
18 281
367 435
45 384
408 436
193 282
210 451
22 400
77 107
448 454
94 276
42 86
195 328
286 446
360 395
346 497
420 446
19 102
24 446
79 153
84 497
170 271
271 323
1 462
362 441
73 338
21 148
100 441
147 287
174 390
422 492
246 266
339 457
36 456
72 113
77 457
89 282
75 384
149 333
209 384
314 400
47 56
52 400
74 159
112 451
126 349
186 400
198 225
10 174
390 395
54 446
128 395
150 154
188 446
293 462
241 272
301 323
26 118
12 220
53 221
86 169
177 287
130 441
163 389
204 390
218 288
278 339
369 457
28 164
102 113
107 457
162 164
181 406
179 333
253 282
313 333
5 180
13 41
404 451
82 400
156 349
104 159
183 452
216 400
257 401
445 452
81 175
67 277
158 395
232 344
292 395
457 462
56 118
135 411
83 221
157 170
195 462
248 288
234 390
308 339
19 236
46 339
137 457
211 406
285 355
21 282
95 231
169 180
227 350
246 400
260 298
39 299
72 247
89 416
37 226
111 175
149 467
171 226
262 344
322 395
14 242
0 344
148 242
113 221
225 462
239 360
338 339
164 186
202 478
241 406
315 355
375 406
53 355
34 113
144 473
218 422
278 473
317 401
28 298
69 299
102 247
129 350
143 248
179 467
294 417
5 314
354 468
27 73
32 417
118 191
197 484
178 242
269 360
255 462
296 463
329 411
2 16
7 360
29 119
34 463
81 309
172 427
232 478
180 288
345 355
372 458
4 62
9 406
157 304
105 114
231 253
405 406
248 422
308 473
382 422
22 79
8 181
41 129
60 371
99 299
132 247
285 489
233 299
2 366
35 314
62 417
76 315
84 176
117 124
384 468
227 484
208 242
39 433
340 361
37 360
460 463
152 310
138 412
185 258
212 361
243 428
377 428
0 478
96 186
127 253
113 355
338 473
30 320
16 422
52 79
90 371
117 474
164 320
379 474
263 299
356 490
15 197
53 489
414 468
106 315
92 417
166 366
240 315
226 417
455 469
331 433
432 485
69 433
17 243
50 191
91 192
124 140
129 484
143 382
182 310
215 258
256 259
27 207
333 479
407 428
44 376
85 377
66 135
217 304
310 495
318 356
43 151
29 253
48 495
103 202
409 474
120 371
194 320
180 422
221 423
268 269
386 490
18 94
4 196
23 438
45 197
97 387
119 146
124 490
210 264
270 315
297 418
22 213
8 315
421 484
173 382
121 192
159 484
24 259
84 310
189 326
175 428
249 377
1 275
288 305
474 495
73 151
78 495
174 203
212 495
224 320
265 321
325 372
3 321
89 95
75 197
113 489
228 439
302 388
300 315
52 213
126 162
186 213
277 331
263 433
304 434
68 157
106 449
128 208
188 259
205 428
279 377
31 275
17 377
91 326
380 429
130 254
256 393
295 321
355 372
80 167
33 321
66 269
107 270
184 490
258 439
10 337
392 439
82 213
156 162
235 455
183 265
274 383
307 331
7 39
86 332
67 90
119 280
210 398
158 208
311 450
22 347
61 275
121 326
195 275
313 496
346 444
24 393
98 342
387 445
151 168
211 219
1 409
288 439
362 388
40 337
114 286
100 388
422 439
339 404
77 404
58 162
89 229
149 280
190 281
176 383
281 399
93 348
165 224
266 276
51 122
68 291
16 101
54 393
128 342
155 445
417 445
260 461
293 409
394 461
31 409
72 410
70 337
144 286
130 388
204 337
218 235
295 455
47 353
28 111
33 455
69 112
88 162
107 404
129 163
167 455
181 353
429 455
10 471
32 230
371 450
44 55
82 347
197 297
183 399
257 348
255 275
26 415
7 173
81 122
34 276
67 224
122 123
141 173
158 342
172 240
199 343
232 291
259 394
273 292
364 410
61 409
102 410
135 358
234 337
5 477
99 112
137 404
211 353
238 456
2 179
21 229
35 127
40 471
62 230
136 179
153 348
227 297
347 399
39 246
378 466
37 173
111 122
116 466
138 225
171 173
264 364
229 343
262 291
55 190
41 292
93 482
454 461
132 410
165 358
192 461
266 410
431 477
30 133
35 477
68 425
117 287
241 353
342 405
70 471
106 128
92 230
144 420
185 421
218 369
226 230
245 472
317 348
69 246
129 297
160 364
146 466
294 364
280 466
321 467
335 365
32 364
385 482
44 189
123 482
71 292
145 241
197 431
236 359
296 410
48 308
29 66
34 410
461 477
139 426
120 184
180 235
221 236
273 426
6 82
312 354
23 251
4 9
50 354
83 302
97 200
124 303
372 405
215 421
248 369
289 370
22 26
13 472
25 297
151 436
159 297
200 298
233 246
250 415
324 364
351 467
24 72
62 364
103 365
136 313
268 432
328 483
6 432
39 380
326 410
18 257
4 359
212 308
243 375
303 426
363 477
55 324
127 200
113 302
168 201
206 493
228 252
319 370
305 472
30 267
16 369
379 421
439 472
222 437
230 298
356 437
15 144
20 488
54 72
92 364
133 365
207 314
224 483
205 241
331 380
31 88
17 190
36 432
69 380
91 139
96 483
108 308
182 257
335 499
283 309
333 426
374 427
11 375
85 324
66 82
434 478
236 493
184 303
277 494
310 442
411 494
48 442
122 391
446 497
101 268
87 370
161 319
312 488
386 437
446 488
86 145
105 195
210 211
237 314
297 365
22 160
388 483
25 431
66 432
140 381
121 139
200 432
214 330
272 308
2 447
365 499
24 206
98 155
84 257
115 324
63 134
464 478
249 324
276 427
1 222
340 442
381 443
4 493
40 150
73 98
100 201
119 443
152 391
193 392
191 319
265 268
251 370
55 458
77 217
476 488
75 144
116 145
168 335
176 196
228 386
302 335
52 160
93 161
79 263
230 432
395 499
68 104
73 448
133 499
147 397
155 258
188 206
246 376
320 325
31 222
72 223
471 494
70 150
108 442
130 201
149 443
209 494
223 392
47 166
85 458
107 217
126 459
167 268
198 335
184 437
258 386
332 335
10 284
82 160
123 161
161 453
235 402
274 330
334 381
237 448
311 397
102 223
88 325
121 273
214 464
253 392
327 341
5 290
24 340
65 341
387 392
115 458
63 268
329 387
40 284
100 335
141 336
153 161
191 453
265 402
306 403
366 454
3 402
39 59
77 351
56 228
42 330
116 279
168 469
190 228
281 346
267 448
341 397
0 104
79 397
165 171
244 464
192 274
343 443
35 290
54 340
169 290
155 392
260 408
320 459
394 408
53 115
359 387
144 233
171 336
245 285
262 454
47 300
0 454
107 351
148 352
396 454
160 177
146 279
198 469
220 228
239 470
10 418
51 419
32 177
371 397
373 470
49 346
123 295
71 105
150 398
197 244
274 464
348 413
26 362
7 120
12 464
48 121
53 465
86 413
139 239
125 341
199 290
350 459
9 166
102 357
162 408
215 234
327 475
275 285
5 424
60 131
13 285
426 454
25 110
63 402
118 301
178 352
238 403
403 470
7 470
81 419
62 177
141 470
444 471
153 295
227 244
213 346
254 347
39 193
345 465
18 70
4 172
42 464
78 121
83 465
116 413
138 172
231 363
229 290
281 480
456 481
55 137
421 460
132 357
233 409
266 357
357 475
398 476
90 131
95 475
117 234
131 132
134 403
208 352
222 250
282 301
342 352
72 491
20 301
433 470
37 470
111 419
92 177
133 178
245 419
284 347
14 486
69 193
110 194
96 296
148 486
160 311
187 414
261 363
321 414
11 188
49 480
71 239
85 137
90 481
164 430
263 409
296 357
122 204
428 476
87 183
120 131
125 475
166 476
364 491
23 198
64 199
143 492
124 250
215 368
201 470
289 317
8 75
13 419
440 486
118 435
481 487
178 486
219 487
200 245
217 414
291 363
351 414
43 261
29 363
103 312
120 481
175 188
268 379
328 430
6 379
326 357
4 306
119 256
105 358
193 205
231 497
243 322
270 425
344 374
330 476
3 81
41 373
435 492
94 199
132 491
154 250
173 492
305 419
346 420
57 317
38 75
117 368
170 194
230 245
323 436
73 261
106 209
207 261
224 430
298 379
284 481
358 430
399 431
31 35
36 379
58 138
96 430
110 328
108 255
149 256
182 204
209 307
261 497
302 498
11 322
52 323
38 425
71 373
85 271
112 374
126 272
186 323
184 250
203 492
277 441
337 492
15 441
411 441
101 215
87 317
161 266
202 267
221 317
279 487
312 435
353 436
64 333
12 143
17 487
86 92
91 436
124 384
177 210
163 312
237 261
413 487
388 430
80 277
66 379
140 328
88 138
167 431
200 379
214 277
429 431
291 497
332 498
406 447
29 497
65 154
82 323
63 81
142 374
156 272
307 441
381 390
367 492
40 97
45 441
193 339
141 149
191 266
292 318
22 457
3 215
94 333
42 143
121 436
135 334
195 385
360 452
19 159
57 451
170 328
244 277
230 379
362 498
395 446
73 395
21 205
59 497
174 447
436 447
496 498
72 170
58 272
397 492
438 493
75 441
149 390
130 148
223 339
314 457
262 267
448 457
47 113
52 457
74 216
107 164
198 282
239 283
225 385
299 334
10 231
68 401
49 159
109 210
202 401
274 277
301 380
12 277
34 36
177 344
163 446
204 447
218 345
28 221
102 170
88 272
162 221
181 463
468 493
179 390
253 339
280 442
313 390
354 391
65 288
13 98
63 215
104 216
216 457
255 385
329 334
7 283
81 232
141 283
172 350
56 175
42 277
116 226
135 468
157 227
248 345
234 447
281 293
308 396
19 293
60 294
41 52
46 396
93 242
343 390
384 391
21 339
95 288
134 216
287 458
72 304
20 114
89 473
37 283
111 232
171 283
336 350
363 453
0 401
74 350
396 401
165 468
113 278
146 226
187 227
239 417
299 468
51 366
338 396
49 293
164 243
150 345
315 412
26 309
375 463
53 412
139 186
125 288
166 289
199 237
218 479
226 340
331 356
317 458
28 355
69 356
88 406
102 304
201 283
294 474
5 371
32 474
44 299
25 57
104 350
118 248
178 299
393 453
370 469
7 417
29 176
141 417
153 242
194 243
180 345
6 192
345 412
23 361
9 463
56 309
83 412
231 310
446 464
196 289
60 428
8 238
41 186
99 356
132 304
159 407
173 305
206 253
233 356
398 423
35 371
21 473
57 130
62 474
76 372
117 181
458 474
208 299
249 300
39 490
400 469
37 417
73 74
111 366
152 367
171 417
185 315
224 243
284 294
14 433
55 434
36 192
74 484
96 243
377 485
127 310
113 412
261 310
321 361
412 479
11 135
16 479
90 428
112 187
150 479
203 305
263 356
15 254
92 474
166 423
240 372
226 474
279 300
465 490
64 146
69 490
91 249
124 197
182 367
215 315
256 316
27 264
407 485
44 433
80 90
85 434
140 141
219 434
217 361
291 310
318 413
29 310
442 479
142 187
180 479
221 480
268 326
4 253
119 203
105 305
157 495
270 372
297 475
22 270
3 28
8 372
94 146
99 490
121 249
154 197
233 490
346 367
24 316
57 264
84 367
98 265
115 434
189 383
323 383
309 485
1 332
59 310
147 157
207 208
224 377
298 326
251 480
325 429
77 327
110 275
490 496
89 152
75 254
168 445
228 496
302 445
52 270
38 372
126 219
186 270
203 439
184 197
263 490
277 388
304 491
54 316
87 264
128 265
202 214
205 485
279 434
31 332
17 434
413 434
163 259
204 260
295 378
355 429
28 34
66 326
107 327
140 275
167 378
181 276
179 203
198 445
258 496
332 445
5 50
10 394
43 342
65 101
156 219
216 270
257 271
334 491
7 96
45 388
67 147
158 265
61 332
42 90
121 383
135 281
195 332
286 450
234 260
360 399
60 107
46 209
63 378
137 327
211 276
271 327
1 466
362 445
73 342
174 394
213 322
246 270
339 461
72 117
58 219
378 389
37 96
75 388
116 389
149 337
190 338
223 286
264 287
314 404
14 112
0 214
74 163
93 405
126 353
165 281
266 333
51 179
390 399
68 348
49 106
54 450
90 107
128 399
150 158
188 450
301 327
26 122
31 466
70 394
493 497
130 445
218 292
369 461
28 168
102 117
88 219
107 461
146 389
179 337
220 338
5 184
13 45
44 112
49 456
82 404
104 163
156 353
197 354
257 405
255 332
296 333
7 230
81 179
172 297
158 399
232 348
273 349
364 467
23 174
9 276
56 122
83 225
102 467
234 394
308 343
60 241
151 359
211 410
159 220
252 411
271 461
35 184
21 286
62 287
76 185
287 405
39 303
326 333
452 472
37 230
111 179
138 282
171 230
229 400
262 348
14 246
0 348
41 349
363 400
132 467
206 416
266 467
30 190
16 292
68 482
38 51
90 241
150 292
164 190
241 410
282 411
315 359
342 462
53 359
106 185
144 477
166 236
185 478
226 287
69 303
50 61
129 354
143 252
160 421
220 472
201 230
32 421
333 349
118 195
219 247
236 416
48 365
29 123
34 467
139 483
120 241
180 292
221 293
273 483
6 139
312 411
345 359
23 308
4 66
9 410
45 67
105 118
124 360
248 426
196 236
289 427
349 478
60 375
8 185
25 354
99 303
151 493
159 354
233 303
250 472
324 421
365 422
425 473
24 129
57 77
115 247
134 297
268 489
1 145
340 365
326 467
4 416
59 123
138 416
212 365
303 483
377 432
36 139
41 483
77 140
127 257
168 258
187 308
228 309
30 324
16 426
52 83
90 375
131 376
379 478
230 355
356 494
395 422
106 319
92 421
166 370
207 371
240 319
455 473
205 298
331 437
69 437
143 386
91 196
108 365
256 263
283 366
333 483
11 432
85 381
145 432
198 258
217 308
258 309
310 499
318 360
10 207
43 155
122 448
82 83
87 427
120 375
161 376
221 427
235 325
23 442
45 201
124 494
210 268
237 371
311 320
297 422
22 217
8 319
462 489
61 145
140 438
121 196
173 386
214 387
272 365
76 453
24 263
98 212
84 314
115 381
189 330
175 432
249 381
323 330
1 279
340 499
18 448
40 207
78 499
114 156
174 207
251 427
325 376
3 325
77 274
416 494
89 99
94 443
149 150
154 494
228 443
302 392
267 371
0 27
79 320
126 166
170 438
244 387
343 366
54 263
147 454
155 315
188 263
279 381
31 279
17 381
58 382
70 207
144 156
130 258
204 207
223 449
256 397
295 325
355 376
47 223
33 325
107 274
181 223
198 392
258 443
332 392
318 494
10 341
101 459
82 217
123 218
156 166
183 269
235 459
334 438
26 285
12 387
86 336
67 94
177 454
158 212
311 454
259 264
350 382
135 228
162 331
327 398
24 397
65 398
63 325
137 274
189 464
211 223
271 274
329 444
362 392
389 495
62 100
100 392
141 393
174 341
153 218
265 459
306 460
3 459
39 116
77 408
56 285
116 336
190 285
281 403
382 455
14 59
0 161
19 403
41 162
74 110
206 229
400 429
68 295
21 449
169 347
260 465
72 414
53 172
359 444
92 100
204 341
218 239
245 342
47 357
33 459
74 460
146 336
280 336
10 475
321 337
32 234
371 454
44 59
49 403
71 162
104 110
109 454
183 403
257 352
48 178
86 470
447 449
139 296
125 398
172 244
199 347
259 398
273 296
364 414
23 121
28 465
102 414
162 465
201 393
234 341
5 481
275 342
27 240
13 342
63 459
99 116
104 460
137 408
159 167
178 409
252 358
250 285
40 475
76 132
153 352
213 403
254 404
268 302
287 352
39 250
328 353
378 470
37 177
78 178
116 470
138 229
231 420
243 245
229 347
55 194
41 296
93 486
454 465
132 414
113 172
154 173
206 363
266 414
431 481
30 137
90 188
131 189
117 291
169 481
134 460
208 409
222 307
282 358
342 409
111 476
166 183
298 302
317 352
17 60
96 353
143 199
449 471
108 178
335 369
321 471
85 194
164 487
236 363
337 415
10 20
29 70
48 312
122 261
87 240
120 188
161 189
199 481
221 240
240 482
273 430
312 358
23 255
372 409
50 358
124 307
215 425
289 374
275 476
316 477
22 30
27 374
25 301
99 250
118 492
252 492
200 302
217 471
291 420
365 369
2 317
43 318
24 76
76 266
103 369
351 471
194 487
175 245
268 436
328 487
6 436
18 261
4 363
367 415
152 261
105 415
193 262
229 481
270 482
344 431
8 482
41 430
94 256
206 497
228 256
319 374
305 476
346 477
379 425
57 374
38 132
79 133
117 425
131 323
222 441
170 251
282 492
230 302
323 493
356 441
15 148
20 492
73 318
54 76
106 266
207 318
224 487
205 245
298 436
358 487
432 436
31 92
17 194
36 436
58 195
91 143
397 415
223 262
209 364
283 313
314 380
374 431
11 379
434 482
33 138
38 482
112 431
186 380
184 307
411 498
376 477
101 272
409 425
161 323
109 133
188 426
221 374
235 272
353 493
427 442
26 98
45 148
50 492
64 390
86 149
124 441
163 369
237 318
297 369
66 436
140 385
88 195
200 436
253 262
24 210
65 211
404 431
115 328
63 138
142 431
156 329
189 277
464 482
307 498
381 447
4 497
45 498
119 447
100 205
141 206
193 396
441 498
265 272
251 374
3 272
383 493
94 390
42 200
116 149
168 339
176 200
195 442
267 318
19 216
93 165
79 267
459 488
230 436
304 385
68 108
54 210
73 452
95 211
147 401
155 262
207 452
246 380
72 227
58 329
89 396
70 154
75 498
223 396
171 206
209 498
283 447
471 498
262 324
322 375
47 170
74 273
107 221
198 339
184 441
299 391
51 289
101 406
49 216
123 165
274 334
334 385
26 232
12 334
86 283
34 93
375 386
218 402
237 452
278 453
80 468
28 278
9 36
88 329
102 227
162 278
179 447
253 396
201 206
313 447
5 294
327 345
387 396
13 155
46 103
156 463
104 273
137 221
290 463
269 340
7 340
40 288
67 391
141 340
172 407
232 458
213 216
366 458
39 63
4 42
42 334
116 283
157 284
231 233
248 402
267 452
281 350
308 453
19 350
60 351
41 109
46 453
93 299
151 469
132 227
192 278
35 294
16 52
21 396
95 345
155 396
169 294
384 448
260 412
208 222
361 464
72 361
20 171
58 463
359 391
37 340
171 340
245 289
262 458
336 407
14 356
0 458
74 407
396 458
96 166
437 459
146 283
187 284
220 232
51 423
32 181
338 453
11 58
49 350
71 109
123 299
150 402
164 300
315 469
26 366
125 345
199 294
226 397
331 413
350 463
391 464
28 412
9 170
50 171
88 463
102 361
129 464
143 362
215 238
275 289
13 289
426 458
104 407
269 474
43 131
62 181
76 79
103 182
120 351
153 299
180 402
254 351
6 249
23 418
4 176
56 366
78 125
83 469
105 228
138 176
157 418
229 294
231 367
270 295
55 141
41 243
421 464
132 361
173 362
159 464
35 428
76 429
136 480
117 238
134 407
208 356
20 305
37 474
474 475
185 372
133 182
212 475
224 300
14 490
36 249
110 198
96 300
187 418
261 367
30 434
11 192
38 295
71 243
126 142
164 434
186 193
203 362
236 310
263 413
48 259
428 480
87 187
12 13
50 305
91 306
124 254
143 496
163 182
242 475
256 373
289 321
27 321
13 423
44 490
80 147
140 198
219 491
200 249
291 367
318 470
351 418
29 367
392 419
115 141
120 485
142 244
194 434
254 485
268 383
1 39
6 383
307 311
4 310
45 311
119 260
193 209
196 480
270 429
344 378
3 85
8 429
435 496
121 306
154 254
195 255
19 29
98 322
84 424
189 440
170 198
323 440
362 368
73 265
59 367
133 316
147 214
174 317
207 265
224 434
284 485
325 486
58 142
89 209
149 260
314 327
374 378
401 481
33 85
38 429
74 86
112 378
184 254
225 255
337 496
101 219
54 373
128 322
188 373
293 389
279 491
26 45
12 147
17 491
31 389
86 96
91 440
413 491
163 316
204 317
237 265
369 384
355 486
429 435
66 383
140 332
88 142
181 333
43 399
65 158
82 327
156 276
142 378
216 327
257 328
348 446
367 496
381 394
40 101
45 445
67 204
105 496
193 343
408 497
158 322
232 271
292 322
383 440
42 147
135 338
195 389
484 492
360 456
60 164
93 112
98 456
211 333
436 451
35 107
21 209
40 451
95 158
114 400
155 209
174 451
246 327
58 276
89 343
70 101
190 395
223 343
264 344
314 461
52 461
0 271
74 220
126 410
148 169
165 338
239 287
225 389
299 338
431 457
68 405
128 456
109 214
150 215
202 405
301 384
26 179
12 281
53 282
34 40
144 400
125 158
204 451
218 349
317 328
47 467
102 174
88 276
129 277
181 467
468 497
294 344
354 395
82 461
104 220
269 287
329 338
29 46
120 164
158 456
232 405
273 406
23 231
9 333
56 179
83 282
97 180
157 231
234 451
308 400
368 451
60 298
46 400
151 416
132 174
324 344
21 343
62 344
95 292
136 293
153 462
134 220
287 462
361 411
39 360
20 118
89 477
138 339
171 287
212 288
264 478
262 405
303 406
336 354
14 303
0 405
36 62
74 354
96 113
165 472
113 282
187 231
239 421
247 282
30 247
16 349
150 349
241 467
315 416
356 417
15 124
48 72
53 416
218 483
226 344
331 360
391 411
28 359
69 360
143 309
201 287
32 478
44 303
25 61
104 354
118 252
145 355
236 473
217 231
269 421
310 422
370 473
48 422
122 371
103 129
172 488
120 298
194 247
180 349
221 350
254 298
6 196
345 416
386 417
4 123
9 467
45 124
83 416
105 175
124 417
248 483
196 293
289 484
446 468
22 140
25 411
99 360
173 309
159 411
324 478
272 288
365 479
398 427
62 478
136 427
189 253
175 355
249 304
309 355
340 422
4 473
37 421
59 180
73 78
138 473
284 298
372 488
55 438
36 196
96 247
127 314
75 124
113 416
154 417
187 365
302 315
319 484
352 432
30 381
11 139
16 483
38 242
90 432
112 191
453 484
203 309
263 360
304 361
15 258
395 479
106 376
92 478
128 135
166 427
207 428
240 376
279 304
31 202
64 150
91 253
430 473
182 371
242 422
11 489
448 490
66 196
107 197
145 489
184 417
217 365
258 366
318 417
43 212
29 314
423 433
483 484
82 140
87 484
120 432
161 433
235 382
23 499
119 207
105 309
210 325
196 427
270 376
311 377
8 376
402 495
61 202
94 150
121 253
135 151
140 495
195 202
214 444
98 269
46 79
84 371
115 438
189 387
175 489
478 490
290 439
323 387
40 264
73 212
114 213
174 264
191 433
325 433
77 331
58 89
75 258
190 208
0 84
79 377
112 325
304 495
15 392
54 320
202 218
155 372
188 320
293 336
279 438
320 439
353 387
380 490
17 438
53 95
58 439
70 264
144 213
295 382
355 433
47 280
28 38
33 382
88 89
167 382
179 207
332 449
373 450
5 54
10 398
32 157
65 105
371 377
123 275
142 325
334 495
26 342
7 100
45 392
67 151
86 393
408 444
259 321
350 439
9 146
83 95
121 387
135 285
327 455
60 111
46 213
65 455
98 403
151 229
137 331
211 280
426 434
271 331
362 449
40 398
21 156
62 157
95 105
114 347
141 450
153 275
174 398
213 326
77 465
378 393
89 290
37 100
176 444
264 291
14 116
0 218
19 460
74 167
93 409
206 286
192 388
51 183
68 352
95 455
169 404
150 162
241 280
72 471
53 229
433 450
70 398
144 347
218 296
171 450
204 398
245 399
369 465
410 466
47 414
28 172
69 173
107 465
148 466
160 291
280 393
321 394
445 460
44 116
49 460
104 167
123 409
145 168
183 460
257 409
236 286
296 337
26 476
122 184
139 353
125 455
172 301
273 353
9 280
102 471
157 178
201 450
275 399
289 297
60 245
46 347
440 466
25 224
99 173
137 465
178 466
250 342
76 189
62 291
136 240
153 409
213 460
254 461
39 307
326 337
56 476
78 235
111 183
152 184
190 476
243 302
229 404
303 353
14 250
55 251
41 353
363 404
132 471
206 420
305 399
57 297
38 55
117 348
208 466
282 415
356 364
15 71
106 189
92 291
166 240
284 461
317 409
69 307
17 117
96 410
110 308
143 256
160 425
182 184
220 476
261 477
393 404
71 353
219 251
296 471
370 420
411 421
29 127
122 318
87 297
161 246
221 297
23 312
9 414
372 466
124 364
215 482
196 240
237 241
349 482
22 87
8 189
27 431
99 307
140 308
173 256
214 257
250 476
291 477
365 426
2 374
43 375
24 133
62 425
76 323
84 184
103 426
425 477
268 493
249 251
1 149
6 493
326 471
340 369
4 420
400 420
59 127
193 319
243 436
191 246
344 488
55 385
41 487
77 144
154 364
319 431
30 328
379 482
52 87
38 189
79 190
131 380
420 483
222 498
170 308
203 256
230 359
244 257
356 498
395 426
73 375
54 133
92 425
106 323
207 375
455 477
205 302
432 493
397 472
182 318
209 421
333 487
374 488
47 93
33 195
85 385
107 144
167 195
186 437
198 262
184 364
10 211
409 482
82 87
161 380
109 190
188 483
235 329
386 498
45 205
86 206
237 375
311 324
402 442
80 391
61 149
140 442
121 200
162 201
462 493
253 319
24 267
98 216
63 195
156 386
189 334
1 283
18 452
40 211
114 160
100 262
193 453
480 483
251 431
306 330
366 381
77 278
416 498
89 103
42 257
116 206
168 396
176 257
195 499
19 273
93 222
368 427
492 493
170 442
244 391
192 201
343 370
68 165
147 458
128 216
169 217
155 319
380 437
89 453
130 262
204 211
223 453
47 227
107 278
148 279
181 227
198 396
239 397
225 499
299 448
373 397
10 345
51 346
101 463
49 273
123 222
109 324
183 273
274 391
301 494
26 289
12 391
86 340
375 443
139 166
177 458
259 268
350 386
28 335
9 93
61 283
102 284
162 335
201 263
327 402
5 351
387 453
13 212
63 329
104 330
137 278
151 176
178 279
211 227
238 330
255 499
329 448
114 294
62 104
172 464
153 222
306 464
39 120
56 289
37 47
42 391
157 341
176 391
190 289
231 290
382 459
14 63
19 407
41 166
93 356
192 335
357 402
35 351
16 109
21 453
169 351
117 161
208 279
72 418
20 228
359 448
70 345
144 294
92 104
185 295
245 346
336 464
410 413
14 413
96 223
146 340
220 289
261 290
247 392
321 341
32 238
352 408
412 459
11 115
49 407
71 166
150 459
164 357
26 423
48 182
34 284
447 453
139 300
199 351
226 454
23 125
28 469
50 228
102 418
124 177
162 469
465 470
201 397
5 485
13 346
44 413
25 171
99 120
104 464
118 362
159 171
178 413
238 464
217 341
250 289
252 362
2 187
76 136
62 238
120 408
153 356
194 357
254 408
268 306
328 357
6 306
18 131
425 428
78 182
138 233
243 249
229 351
270 352
3 8
41 300
94 126
132 418
173 419
192 469
206 367
233 470
30 141
76 486
57 244
131 193
222 311
282 362
323 363
309 465
15 18
106 136
92 238
111 480
185 429
245 480
298 306
284 408
36 306
17 64
449 475
127 424
108 182
261 424
335 373
321 475
11 249
71 300
112 301
145 249
164 491
186 250
203 419
236 367
263 470
277 368
337 419
15 368
87 244
161 193
221 244
312 362
353 363
64 260
50 362
124 311
413 414
163 239
256 430
316 481
118 496
66 306
140 255
200 306
291 424
392 476
24 80
29 424
65 81
194 491
268 440
216 250
1 96
6 440
307 368
18 265
367 419
45 368
78 316
105 419
193 266
210 435
191 193
344 435
22 384
3 142
8 486
168 209
154 311
195 312
286 430
319 378
360 379
420 430
57 378
98 379
79 137
84 481
131 327
189 497
222 445
230 306
271 307
1 446
73 322
54 80
133 373
147 271
207 322
224 491
205 249
298 440
339 441
399 492
31 96
36 440
72 97
110 389
89 266
75 368
108 316
149 317
223 266
283 317
397 419
300 486
11 383
33 142
112 435
184 311
225 312
258 260
10 158
376 481
49 86
87 378
109 137
128 379
161 327
202 328
293 446
353 497
301 307
427 446
12 204
86 153
91 497
237 322
80 338
28 148
66 440
140 389
167 492
181 390
214 338
179 317
253 266
429 492
5 164
404 435
82 384
63 142
142 435
156 333
257 385
276 435
381 451
81 159
67 261
119 451
158 379
292 379
383 497
56 102
42 204
61 446
94 394
176 204
195 446
267 322
308 323
19 220
93 169
46 323
79 271
368 374
459 492
170 389
211 390
244 338
271 441
285 339
21 266
95 215
147 405
260 282
72 231
70 158
111 159
223 400
14 226
0 328
74 277
126 467
148 226
165 395
239 344
225 446
299 395
51 293
32 51
68 462
49 220
123 169
109 271
202 462
315 339
301 441
53 339
34 97
177 405
218 406
226 267
80 472
28 282
102 231
88 333
201 210
294 401
5 298
354 452
65 349
44 226
156 467
104 277
178 226
269 344
329 395
370 396
7 344
81 293
29 103
141 344
172 411
153 169
180 272
273 463
306 411
39 67
56 236
4 46
9 390
42 338
83 339
231 237
248 406
308 457
41 113
46 457
151 473
192 282
285 473
250 452
21 400
62 401
95 349
227 468
208 226
39 417
37 344
59 103
171 344
185 242
245 293
303 463
14 360
437 463
36 119
148 360
187 288
247 339
30 304
16 406
90 355
71 113
112 114
150 406
164 304
263 283
356 474
53 473
414 452
139 247
125 349
166 350
240 299
28 416
64 73
69 417
129 468
143 366
215 242
201 344
27 191
13 293
44 360
118 309
66 119
178 360
217 288
310 479
48 479
29 237
103 186
122 428
194 304
180 406
345 473
419 422
18 78
4 180
23 422
78 129
83 473
97 371
105 232
119 130
157 422
196 350
330 350
22 197
8 299
421 468
99 417
173 366
159 468
272 345
2 484
76 433
398 484
131 140
134 411
175 412
189 310
222 258
249 361
309 412
37 478
78 479
111 427
133 186
212 479
474 479
224 304
251 407
284 355
55 495
110 202
96 304
416 474
108 129
113 473
187 422
228 423
261 371
302 372
352 489
52 197
38 299
90 489
112 248
131 490
164 438
186 197
277 315
428 484
469 485
106 433
128 192
240 433
205 412
12 17
17 361
108 479
182 428
256 377
242 479
44 494
80 151
85 495
140 202
355 356
167 305
481 495
184 474
217 422
332 372
318 474
43 269
392 423
423 490
82 197
120 489
194 438
235 439
307 315
334 418
45 315
119 264
67 74
210 382
158 192
196 484
311 434
344 382
8 433
61 259
135 208
121 310
195 259
272 479
346 428
19 33
24 377
46 136
170 202
290 496
323 444
288 423
362 372
73 269
59 371
100 372
114 270
422 423
191 490
265 439
339 388
399 439
3 439
77 388
58 146
149 264
176 367
209 315
314 331
300 433
341 434
14 39
52 331
74 90
112 382
401 485
51 106
68 275
54 377
128 326
202 275
417 429
279 495
353 444
394 445
26 49
17 495
31 393
91 444
144 270
130 372
204 321
218 219
369 388
355 490
28 95
33 439
88 146
107 388
181 337
65 162
82 331
156 280
142 382
183 383
197 281
257 332
255 259
348 450
7 157
81 106
67 208
86 450
158 326
259 378
424 445
162 445
195 393
98 460
63 439
137 388
250 265
436 455
35 111
21 213
114 404
227 281
287 332
39 230
378 450
37 157
116 450
190 399
264 348
14 173
74 224
113 152
192 445
239 291
431 461
30 117
68 409
169 461
150 219
74 98
241 337
342 389
53 286
34 44
144 404
125 162
204 455
218 353
245 456
278 404
69 230
143 179
146 450
220 399
294 348
385 466
13 106
44 173
118 122
104 224
197 415
269 291
255 393
81 240
29 50
139 410
120 168
172 358
180 219
199 461
6 66
23 235
9 337
83 286
97 184
372 389
248 353
234 455
308 404
349 405
60 302
8 112
13 456
250 399
324 348
351 451
76 246
384 399
136 297
134 224
287 466
361 415
1 72
20 122
78 292
152 241
138 343
264 482
243 359
229 461
363 461
55 308
127 184
113 286
187 235
206 477
228 236
319 354
30 251
16 353
90 302
38 112
117 405
164 251
439 456
241 471
282 472
356 421
15 128
92 348
240 246
226 348
205 225
317 466
31 72
17 174
69 364
91 123
129 415
108 292
143 313
160 482
182 241
242 292
294 482
335 483
333 410
393 461
85 308
434 462
145 359
219 308
217 235
370 477
411 478
122 375
103 133
120 302
161 303
194 251
221 354
235 252
6 200
312 472
386 421
9 471
64 370
97 318
105 179
124 421
446 472
297 349
27 488
8 246
25 415
61 72
99 364
121 123
159 415
200 416
214 314
2 431
76 380
24 190
62 482
84 241
276 411
1 206
309 359
340 426
400 477
441 478
100 185
243 493
224 251
251 354
3 252
36 200
77 201
416 421
94 370
127 318
154 421
168 319
176 180
302 319
319 488
30 385
52 144
57 488
79 247
112 195
131 437
244 314
230 416
15 262
395 483
106 380
54 190
128 139
133 483
147 381
279 308
17 308
430 477
471 478
182 375
130 185
209 478
242 426
256 324
47 150
33 252
85 442
167 252
198 319
258 370
318 421
101 386
87 488
161 437
142 195
183 196
221 488
235 386
483 488
177 381
163 483
237 432
311 381
22 278
402 499
80 448
61 206
214 448
162 258
253 376
272 426
286 324
24 324
65 325
46 83
98 273
115 442
63 252
137 201
189 391
216 494
290 443
1 340
478 494
288 370
40 268
21 26
114 217
174 268
389 422
265 386
251 488
306 387
39 43
77 335
89 160
168 453
116 263
190 212
176 314
281 330
19 330
0 88
79 381
368 484
401 432
244 448
304 499
51 53
128 273
155 376
205 493
260 392
293 340
380 494
72 341
53 99
58 443
70 268
130 319
204 268
245 269
336 387
355 437
47 284
33 386
107 335
148 336
181 284
198 453
146 263
373 454
5 58
10 402
371 381
49 330
123 279
197 228
183 330
257 279
348 397
334 499
48 105
67 155
86 397
125 325
158 273
259 325
350 443
9 150
88 443
451 495
234 268
327 459
5 408
65 459
46 217
25 94
63 386
137 335
151 233
211 284
238 387
252 285
403 454
40 402
62 161
227 228
213 330
39 177
378 397
56 346
37 104
78 105
116 397
190 346
231 347
264 295
281 464
229 274
456 465
0 222
41 223
55 121
266 341
30 64
16 166
35 408
95 459
150 166
169 408
241 284
72 475
20 285
53 233
433 454
111 403
92 161
144 351
245 403
14 470
146 397
220 346
294 295
32 295
385 413
44 120
49 464
71 223
85 121
123 413
145 172
164 414
236 290
26 480
48 239
34 341
139 357
199 408
259 459
6 13
23 182
64 183
83 233
97 131
102 475
124 234
215 352
201 454
289 301
349 352
27 301
13 403
118 419
159 228
200 229
252 419
291 347
351 398
76 193
29 347
62 295
103 296
115 121
153 413
328 414
1 19
6 363
39 311
56 480
18 188
4 290
78 239
138 290
152 188
212 239
243 306
229 408
303 357
330 460
55 255
41 357
435 476
94 183
132 475
305 403
30 198
16 300
57 301
38 59
117 352
342 470
15 75
20 419
92 295
133 296
147 194
224 414
298 363
36 363
110 312
96 414
418 465
127 481
108 239
261 481
335 430
333 357
11 306
33 65
112 358
277 425
310 373
411 425
15 425
101 199
87 301
139 491
161 250
312 419
372 470
64 317
45 75
50 419
124 368
215 486
163 296
237 245
289 435
22 91
27 435
388 414
25 362
66 363
80 261
140 312
365 430
43 379
24 137
103 430
84 188
63 65
142 358
175 306
189 204
276 358
6 497
307 425
340 373
18 322
4 424
40 81
78 373
100 132
105 476
193 323
243 440
191 250
367 476
344 492
22 441
77 148
383 420
94 317
168 266
443 471
286 487
360 436
420 487
19 143
98 436
79 194
131 384
170 312
244 261
230 363
395 430
73 379
54 137
59 481
207 379
155 189
298 497
246 307
339 498
31 153
58 256
397 476
75 425
108 373
209 425
283 374
314 441
374 492
11 440
47 97
33 199
52 441
107 148
186 441
258 317
10 215
450 487
82 91
128 436
109 194
188 487
26 159
12 261
64 451
86 210
163 430
237 379
278 380
402 446
80 395
66 497
88 256
181 447
253 323
313 374
65 272
404 492
82 441
63 199
137 148
156 390
276 492
255 369
81 216
480 487
191 384
232 385
306 334
292 436
366 385
3 333
56 159
42 261
94 451
135 452
176 261
267 379
308 380
368 431
0 35
79 328
93 226
170 446
211 447
192 205
244 395
285 396
343 374
35 221
21 323
68 169
147 462
155 323
169 221
260 339
20 98
58 390
130 266
264 458
262 385
47 231
0 385
33 333
74 334
148 283
239 401
32 108
338 380
49 277
109 328
164 227
183 277
241 447
315 396
301 498
12 395
48 52
34 154
53 396
139 170
125 272
177 462
226 324
350 390
28 339
50 98
129 391
162 339
253 457
201 267
327 406
27 114
13 216
32 458
44 283
25 41
118 232
178 283
269 401
2 57
81 350
62 108
153 226
194 227
180 329
306 468
6 176
345 396
405 447
97 294
157 345
231 294
382 463
55 68
41 170
206 237
192 339
357 406
398 407
21 457
57 114
62 458
117 165
136 407
134 334
309 335
39 474
20 232
72 422
359 452
400 453
111 350
92 108
171 401
185 299
212 402
245 350
224 227
377 469
410 417
69 124
74 468
110 125
148 417
127 294
113 396
160 242
261 294
321 345
51 484
30 361
11 119
90 412
71 170
164 361
412 463
48 186
122 135
139 304
87 114
92 458
166 407
28 473
465 474
50 232
143 423
215 299
5 489
316 351
13 350
407 469
44 417
25 175
66 176
104 468
118 366
178 417
43 192
29 294
122 485
442 463
120 412
194 361
142 171
180 463
254 412
268 310
6 310
419 479
18 135
23 479
97 428
105 289
231 428
210 305
196 407
270 356
330 407
22 254
8 356
55 202
94 130
99 474
154 181
173 423
233 474
305 350
346 351
57 248
84 351
117 299
134 468
175 469
208 417
222 315
323 367
20 366
73 192
59 294
111 484
133 243
152 485
224 361
284 412
325 413
36 310
17 68
58 69
96 361
110 259
75 238
108 186
127 428
149 187
187 479
449 479
30 495
11 253
85 202
38 356
112 305
126 203
164 495
263 474
10 28
15 372
101 146
106 490
128 249
161 197
188 300
240 490
64 264
17 418
50 366
355 413
167 362
200 310
179 187
217 479
258 480
291 428
5 34
29 428
43 326
65 85
332 429
82 254
156 203
194 495
392 480
18 269
408 424
45 372
119 321
67 131
105 423
193 270
158 249
270 490
311 491
8 490
94 264
42 74
195 316
286 434
360 383
346 485
420 434
24 434
98 383
79 141
170 259
211 260
271 311
362 429
73 326
21 136
114 327
147 275
422 480
224 495
265 496
399 496
3 496
36 444
58 203
72 101
77 445
75 372
89 270
397 423
209 372
264 271
314 388
300 490
0 198
33 146
38 490
74 147
126 337
165 265
225 316
376 485
54 434
109 141
188 434
202 332
293 450
241 260
427 450
26 106
12 208
31 450
177 275
130 429
204 378
218 276
278 327
295 496
369 445
28 152
66 444
167 496
179 321
253 270
13 29
82 388
156 337
104 147
109 491
183 440
197 338
257 389
255 316
81 163
141 214
447 486
172 281
259 435
292 383
61 450
97 107
116 157
157 158
234 378
308 327
19 224
46 327
459 496
63 496
137 445
151 343
271 445
21 270
134 147
227 338
260 286
287 389
347 440
72 235
20 45
89 404
190 456
171 214
212 215
262 332
322 383
14 230
0 332
74 281
165 399
113 209
146 157
239 348
266 451
16 276
90 225
164 174
150 276
315 343
301 445
342 446
375 394
53 343
34 101
144 461
92 271
166 220
218 410
226 271
317 389
69 287
129 338
160 405
201 214
354 456
27 61
13 163
32 405
44 230
118 179
104 281
178 230
197 472
219 231
296 451
370 400
7 348
81 297
29 107
122 298
172 415
120 225
180 276
23 292
9 394
83 343
157 292
308 461
349 462
22 67
8 169
46 461
99 287
132 235
159 338
173 236
233 287
250 456
324 405
35 302
76 303
57 61
62 405
84 164
136 354
384 456
134 281
175 282
227 472
361 472
39 421
340 349
59 107
152 298
212 349
243 416
14 364
0 466
36 123
41 467
55 365
96 174
127 241
437 467
187 292
228 293
352 359
30 308
16 410
38 169
112 118
150 410
164 308
203 236
263 287
356 478
15 185
53 477
106 303
455 457
166 354
240 303
226 405
432 473
64 77
50 179
69 421
91 180
129 472
108 349
143 370
85 365
66 123
118 313
219 365
217 292
258 293
318 344
43 139
48 483
122 432
444 483
120 359
235 309
221 411
6 257
386 478
18 82
23 426
45 185
64 427
83 477
97 375
105 236
119 134
124 478
210 252
270 303
297 406
22 201
421 472
99 421
173 370
121 180
159 472
272 349
76 437
24 247
115 365
175 416
276 468
1 263
309 416
340 483
100 242
212 483
224 308
325 360
55 499
3 309
36 257
127 375
75 185
113 477
154 478
168 376
302 376
468 471
300 303
30 442
52 201
38 303
126 150
131 494
186 201
244 371
230 473
15 319
469 489
54 247
166 488
205 416
279 365
31 263
380 417
91 314
163 190
242 483
256 381
283 484
295 309
85 499
107 258
167 309
198 376
184 478
318 478
392 427
423 494
101 443
161 494
142 252
183 253
235 443
274 371
7 27
45 319
67 78
86 320
158 196
311 438
61 263
135 212
121 314
272 483
313 484
327 382
19 37
24 381
46 140
115 499
63 309
137 258
189 448
362 376
40 325
21 83
114 274
174 325
389 479
422 427
191 494
265 443
213 253
3 443
77 392
89 217
75 319
116 320
190 269
176 371
281 387
14 43
19 387
74 94
79 438
93 336
401 489
225 263
51 110
54 381
128 330
202 279
293 397
394 449
31 397
70 325
130 376
204 325
218 223
245 326
396 495
28 99
69 100
181 341
129 151
167 443
5 115
10 459
32 218
123 336
109 438
183 387
472 490
26 403
7 161
81 110
34 264
67 212
86 454
158 330
199 331
232 279
259 382
364 398
23 105
9 207
83 156
135 346
162 449
234 325
275 326
5 465
63 443
99 100
137 392
211 341
238 444
252 342
285 290
250 269
35 115
40 459
81 460
136 167
153 336
213 387
287 336
328 337
378 454
56 403
37 161
116 454
138 213
231 404
264 352
229 331
41 280
132 398
165 346
192 449
206 347
266 398
431 465
30 121
16 223
35 465
68 413
90 172
117 275
169 465
241 341
342 393
20 342
53 290
106 116
92 218
111 460
144 408
166 167
47 475
69 234
17 44
146 454
220 403
261 404
280 454
294 352
321 455
385 470
123 470
164 471
236 347
48 296
29 54
199 465
180 223
273 414
6 70
9 341
50 342
124 291
349 409
27 358
8 116
25 285
99 234
118 476
159 285
200 286
250 403
2 301
103 353
84 111
136 301
194 471
268 420
328 471
6 420
39 368
326 398
4 347
78 296
152 245
138 347
212 296
243 363
303 414
344 415
55 312
36 70
41 414
127 188
113 290
154 291
206 481
228 240
319 358
30 255
379 409
57 358
131 307
439 460
222 425
282 476
230 286
15 132
20 476
54 60
92 352
207 302
224 471
205 229
298 420
358 471
31 76
17 178
36 420
69 368
91 127
96 471
108 296
110 369
283 297
333 414
374 415
11 363
85 312
66 70
145 363
186 364
219 312
310 430
10 138
122 379
235 256
221 358
312 476
386 425
64 374
45 132
50 476
124 425
177 251
163 353
196 301
237 302
289 492
22 148
27 492
25 419
61 76
66 420
80 318
99 368
140 369
200 420
214 318
272 296
2 435
43 436
24 194
98 143
84 245
103 487
115 312
63 122
365 487
216 364
249 312
276 415
1 210
290 313
340 430
4 481
40 138
78 430
119 431
152 379
441 482
243 497
22 498
55 446
416 425
94 374
116 133
154 425
228 374
302 323
319 492
19 200
93 149
131 441
170 369
304 369
68 92
54 194
73 436
128 143
147 385
155 246
260 262
279 312
17 312
58 313
70 138
108 430
130 189
149 431
182 379
209 482
223 380
283 431
314 498
11 497
47 154
33 256
52 498
85 446
186 498
322 359
198 323
184 425
225 426
423 441
109 251
183 200
12 318
86 267
34 77
177 385
278 437
297 487
80 452
61 210
9 20
102 211
135 159
162 262
214 452
253 380
5 278
65 329
46 87
478 498
82 498
115 446
290 447
238 257
255 426
288 374
40 272
21 30
67 375
100 323
114 221
141 324
158 493
191 441
232 442
306 391
3 390
39 47
56 216
429 441
176 318
281 334
267 436
308 437
341 385
19 334
93 283
41 93
79 385
382 386
132 211
192 262
343 431
21 380
95 329
260 396
246 498
320 447
361 448
470 492
20 155
359 375
70 272
245 273
262 442
322 493
47 288
33 390
74 391
148 340
396 442
160 165
146 267
239 458
247 319
32 165
49 334
71 93
197 232
274 452
315 453
26 350
12 452
48 109
34 211
86 401
125 329
391 448
28 396
9 154
83 103
88 447
451 499
201 324
5 412
27 171
13 273
65 463
63 390
104 391
118 289
151 237
178 340
2 114
7 458
81 407
141 458
227 232
180 386
213 334
254 335
6 233
345 453
56 350
4 160
83 453
116 401
138 160
157 402
231 351
19 468
60 469
132 345
206 294
266 345
357 463
398 464
30 68
16 170
35 412
57 171
95 463
117 222
134 391
208 340
222 238
477 496
433 458
92 165
171 458
224 284
410 474
14 474
36 233
69 181
110 182
113 453
146 401
261 351
247 453
352 469
49 468
90 469
71 227
145 176
164 418
236 294
296 345
48 243
34 345
122 192
139 361
125 463
166 464
64 187
50 289
102 479
124 238
215 356
201 458
275 407
289 305
316 408
349 356
8 63
13 407
440 474
118 423
66 233
140 182
178 474
219 475
252 423
217 402
291 351
2 248
43 249
29 351
103 300
351 402
392 403
115 125
120 469
175 176
194 418
254 469
1 23
326 345
18 192
4 294
78 243
97 485
152 192
210 362
196 464
243 310
270 413
330 464
3 69
8 413
435 480
94 187
132 479
154 238
173 480
272 459
346 408
57 305
38 63
84 408
117 356
170 182
208 474
230 233
249 475
282 423
20 423
323 424
73 249
147 198
207 249
298 367
284 469
325 470
358 418
17 125
58 126
96 418
108 243
182 192
261 485
209 295
302 486
335 434
85 259
33 69
38 413
112 362
126 260
186 311
184 238
277 429
337 480
10 85
101 203
87 305
161 254
202 255
188 357
293 373
413 475
17 475
91 424
163 300
237 249
256 491
297 300
80 265
66 367
140 316
88 126
167 419
200 367
214 265
179 244
332 486
406 435
5 91
24 141
29 485
43 383
103 434
82 311
63 69
115 259
156 260
276 362
18 326
408 481
40 85
45 429
67 188
100 136
105 480
119 378
232 255
292 306
22 445
3 203
77 152
443 475
42 131
135 322
168 270
195 373
360 440
19 147
24 491
79 198
244 265
230 367
271 368
362 486
147 332
95 142
100 486
155 193
347 363
58 260
397 480
438 481
75 429
149 378
223 327
209 429
374 496
415 497
47 101
52 445
74 204
148 153
239 271
225 373
299 322
10 219
51 220
390 440
68 389
101 337
128 440
202 389
241 317
301 368
26 163
53 266
86 214
130 486
204 435
218 333
181 451
179 378
280 430
313 378
354 379
65 276
13 86
404 496
445 497
63 203
104 204
142 496
156 394
183 497
216 445
269 271
255 373
7 271
81 220
67 322
141 271
480 491
158 440
306 338
292 440
135 456
157 215
248 333
234 435
368 435
46 384
151 400
132 158
285 400
324 328
343 378
35 225
21 327
95 276
169 225
134 204
227 395
246 445
287 446
347 497
39 344
20 102
72 292
171 271
264 462
262 389
336 338
322 440
363 441
0 389
74 338
148 287
96 97
165 456
146 214
187 215
299 456
51 354
338 384
16 333
49 281
90 282
164 231
241 451
315 400
375 451
34 158
139 174
166 277
199 225
226 328
28 343
69 344
143 293
160 462
201 271
294 462
5 359
32 462
13 220
393 441
25 45
178 287
269 405
310 406
329 456
370 457
2 61
7 405
29 164
43 62
67 456
81 354
103 113
120 282
172 472
194 231
254 282
6 180
405 451
4 107
9 451
83 400
105 159
157 349
446 452
248 467
196 277
382 467
22 124
8 226
41 174
60 416
132 292
159 395
233 344
398 411
35 359
458 462
136 411
84 221
134 338
249 288
39 478
20 236
400 457
37 405
111 354
152 355
138 457
185 303
212 406
243 473
377 473
14 421
55 422
36 180
187 349
261 298
247 400
30 365
11 123
52 124
38 226
71 174
90 416
460 472
203 293
263 344
15 242
92 462
166 411
331 478
17 288
124 185
430 457
242 406
316 355
85 422
66 180
145 473
167 232
217 349
291 298
29 298
103 247
122 489
120 416
194 365
180 467
268 314
6 314
18 139
4 241
23 483
97 432
105 293
210 309
196 411
270 360
22 258
3 16
8 360
94 134
173 427
233 478
286 304
272 406
346 355
76 494
84 355
175 473
249 422
323 371
288 350
18 489
152 489
133 247
174 248
224 365
298 314
3 366
36 314
89 140
75 242
127 432
168 433
209 242
30 499
341 361
52 258
38 360
112 309
126 207
401 412
203 427
263 478
304 479
10 32
15 376
68 202
101 150
205 473
279 422
293 320
353 371
31 320
12 78
17 422
91 371
380 474
413 422
182 489
130 299
204 248
295 366
355 417
80 212
33 366
66 314
167 366
179 191
392 484
65 89
82 258
156 207
183 310
216 258
274 428
348 377
408 428
67 135
210 443
158 253
311 495
22 392
8 494
42 78
135 269
327 439
346 489
19 94
24 438
46 197
60 95
84 489
137 315
211 264
288 484
35 38
21 140
100 433
114 331
213 310
246 258
339 449
39 157
58 207
77 449
89 274
37 84
75 376
116 377
176 428
264 275
281 444
314 392
19 444
52 392
74 151
93 393
165 269
225 320
266 321
51 167
357 439
376 489
68 336
16 146
54 438
90 95
155 490
202 336
417 490
293 454
301 315
31 454
72 455
53 213
70 382
144 331
369 449
47 398
69 157
107 449
129 208
181 398
146 377
179 325
5 172
13 33
82 392
123 393
104 151
183 444
257 393
255 320
296 321
26 460
7 218
81 167
34 321
122 168
447 490
172 285
199 388
232 336
273 337
364 455
23 162
61 454
97 111
157 162
248 280
46 331
440 450
151 347
99 157
137 449
211 398
252 399
250 326
2 224
21 274
62 275
136 224
153 393
227 342
213 444
287 393
39 291
20 49
452 460
37 218
111 167
152 168
171 218
212 219
264 409
229 388
262 336
14 234
0 336
55 235
74 285
165 403
113 213
206 404
266 455
30 178
16 280
90 229
38 39
150 280
164 178
241 398
282 399
315 347
342 450
53 347
106 173
185 466
166 224
218 414
317 393
69 291
143 240
160 409
220 460
294 409
32 409
85 235
71 337
296 455
370 404
7 352
48 353
29 111
34 455
120 229
273 471
221 281
6 127
312 399
50 399
105 106
215 466
248 414
22 71
8 173
60 363
388 394
25 342
99 291
151 481
159 342
173 240
324 409
365 410
2 358
76 307
24 117
57 65
84 168
103 410
115 235
136 358
175 286
227 476
268 477
39 425
400 404
78 353
152 302
138 404
212 353
243 420
303 471
251 281
344 472
55 369
36 127
41 471
77 128
377 420
127 245
113 347
168 246
30 312
379 466
57 415
131 364
117 466
222 482
203 240
230 343
263 291
15 189
455 461
54 117
92 409
166 358
207 359
298 477
432 477
36 477
69 425
91 184
110 426
182 302
242 353
283 354
374 472
85 369
33 179
66 127
71 471
107 128
145 420
186 421
184 348
219 369
310 487
318 348
10 195
48 487
122 436
409 466
101 313
235 313
427 483
119 138
105 240
124 482
210 256
163 410
297 410
99 425
140 426
121 184
272 353
2 492
24 251
84 302
404 472
63 179
249 369
290 370
1 267
340 487
288 297
18 436
381 488
40 195
114 144
100 246
119 488
152 436
174 195
193 437
251 415
3 313
77 262
94 431
75 189
154 482
228 431
176 241
302 380
267 359
19 257
0 15
38 307
79 308
93 206
126 154
131 498
244 375
230 477
343 354
68 149
73 493
147 442
469 493
205 420
279 369
31 267
380 421
91 318
70 195
108 487
130 246
283 488
295 313
355 364
47 211
107 262
181 211
167 313
146 190
258 431
332 380
373 381
10 329
32 88
423 498
101 447
49 257
161 498
109 308
235 447
274 375
334 426
26 273
12 375
86 324
67 82
177 442
158 200
199 201
237 493
311 442
350 370
9 77
88 370
121 318
179 488
253 437
5 335
387 437
65 386
46 144
137 262
238 314
329 432
362 380
40 329
114 278
62 88
67 432
100 380
141 381
174 329
232 499
213 257
265 447
306 448
366 499
494 499
190 273
176 375
281 391
267 493
341 442
14 47
0 149
41 150
