# family=hard seed=0
500 75652
165 216
192 319
266 268
357 386
343 488
417 437
169 335
155 437
394 453
72 402
53 160
359 432
144 278
262 499
295 447
336 448
47 345
69 104
107 396
129 155
160 222
10 463
32 222
338 494
371 442
44 47
49 391
109 442
150 443
412 443
472 494
48 166
34 268
86 458
139 284
199 335
273 284
259 386
364 402
28 453
102 402
83 160
124 161
215 279
275 330
60 176
426 499
25 155
63 447
99 104
118 346
151 294
178 397
238 448
252 346
2 171
76 120
136 171
213 391
254 392
328 341
378 458
419 459
56 407
4 217
37 165
78 166
116 458
138 217
157 459
231 408
330 387
113 160
154 161
206 351
233 454
266 402
305 330
16 227
57 228
90 176
169 469
134 448
282 346
342 397
106 120
92 222
111 464
133 223
185 413
245 464
284 392
110 239
96 341
143 187
187 459
11 233
164 475
186 234
236 351
263 454
296 402
337 403
48 300
34 402
122 249
101 126
23 243
64 244
372 397
215 413
163 223
275 464
8 120
25 289
66 290
99 238
173 187
200 290
252 480
217 459
291 408
43 306
24 64
76 254
84 115
115 182
175 233
276 285
1 80
6 424
326 402
18 249
367 403
78 300
193 250
243 367
229 469
270 470
8 470
41 418
168 193
154 295
319 362
305 464
379 413
57 362
38 120
131 311
282 480
230 290
323 481
20 480
73 306
147 255
133 357
207 306
224 475
205 233
298 424
31 80
17 182
58 183
91 131
96 475
108 300
110 373
149 301
182 249
335 491
397 403
314 368
11 367
52 368
33 126
71 418
112 419
186 368
434 470
15 486
87 362
161 311
202 312
188 414
221 362
235 260
427 430
64 378
12 188
91 481
237 306
297 357
27 496
388 475
80 322
61 80
140 373
121 131
167 476
429 476
179 301
365 491
43 440
24 198
65 199
103 491
404 419
82 368
63 126
142 419
156 317
216 368
276 419
290 317
464 470
18 383
4 485
40 142
45 486
100 193
141 194
193 384
191 311
77 209
42 188
121 481
176 188
267 306
57 496
230 424
271 425
436 492
73 440
54 198
95 199
133 491
174 492
246 368
72 215
58 317
89 384
70 142
75 486
130 193
149 435
283 435
471 486
322 363
33 260
74 261
107 209
148 210
165 379
198 327
225 430
239 328
299 379
10 276
51 277
32 35
101 394
123 153
109 255
128 497
183 204
202 446
274 322
301 425
26 220
177 389
278 441
80 456
28 266
9 24
179 435
354 436
65 333
63 260
104 261
118 159
137 209
156 451
269 328
255 430
329 379
7 328
81 277
141 328
172 395
232 446
292 497
42 322
116 271
190 220
248 390
234 492
93 287
41 97
151 457
132 215
192 266
285 457
343 435
35 282
16 40
21 384
384 436
155 384
134 261
208 210
260 400
72 349
58 451
245 277
14 344
363 498
396 446
96 154
160 169
113 323
187 272
239 462
11 46
49 338
71 97
90 339
123 287
150 390
26 354
48 113
53 457
414 436
139 231
125 333
166 334
226 385
23 56
28 400
50 159
88 451
129 452
215 226
201 328
275 277
5 416
27 175
25 102
118 293
178 344
252 293
238 395
7 462
81 411
444 463
103 170
141 462
120 339
254 339
23 406
4 164
56 354
78 113
83 457
97 355
157 406
231 355
229 282
60 473
41 231
421 452
132 349
173 350
159 452
206 298
398 468
35 416
76 417
57 175
134 395
222 242
249 345
282 293
20 293
37 462
111 411
59 221
224 288
55 479
110 186
96 288
108 113
113 457
247 457
302 356
352 473
90 473
38 283
71 231
126 130
164 422
277 299
263 401
15 299
106 417
166 468
240 417
64 191
50 293
143 484
215 360
242 463
85 479
66 237
118 427
219 479
200 237
318 458
43 253
392 407
423 474
115 129
120 473
142 232
194 422
235 423
268 371
18 196
4 298
97 489
105 350
193 197
210 366
196 468
344 366
330 468
22 315
8 417
435 484
94 191
173 484
154 242
195 243
286 361
57 309
98 310
84 412
115 479
189 428
323 428
1 377
21 63
59 355
133 304
207 253
224 422
265 423
298 371
325 474
339 372
77 372
110 320
127 489
75 299
149 248
168 490
209 299
302 490
314 315
300 417
52 315
401 469
112 366
186 315
165 192
203 484
277 433
15 433
376 412
68 259
188 361
353 428
31 377
12 135
17 479
91 428
413 479
177 202
256 495
204 305
237 253
295 423
369 372
80 269
28 79
66 371
140 320
167 423
181 321
198 490
179 248
332 490
280 300
5 95
10 439
43 387
406 439
82 315
63 73
142 366
156 264
216 315
257 316
348 434
381 382
408 485
7 141
40 89
67 192
81 90
105 484
172 208
158 310
193 331
232 259
292 310
22 449
383 428
443 479
42 135
135 326
360 444
24 495
60 152
46 254
63 423
137 372
151 270
271 372
362 490
73 387
21 197
95 146
100 490
174 439
213 367
246 315
347 367
58 264
378 434
438 485
37 141
116 434
176 485
52 449
93 450
74 208
126 398
165 326
266 378
299 326
51 224
431 445
68 393
49 151
54 495
128 444
150 203
169 445
188 495
491 496
301 372
26 167
144 388
130 490
204 439
218 337
47 455
28 213
102 162
143 163
181 455
468 485
146 434
179 382
220 383
280 434
5 229
294 332
354 383
385 450
44 157
82 449
104 208
123 450
156 398
257 450
296 378
81 224
67 326
120 152
158 444
180 203
232 393
259 496
6 50
9 321
83 270
97 168
135 460
157 219
248 337
234 439
8 96
41 44
46 388
151 404
211 455
159 265
252 456
285 404
250 383
324 332
35 229
21 331
62 332
136 281
153 450
134 208
227 399
287 450
361 399
20 106
326 378
111 224
138 327
171 275
212 276
264 466
14 291
41 394
74 342
96 101
127 168
113 270
165 460
338 388
30 235
16 337
90 286
38 96
150 337
164 235
379 389
439 440
15 112
53 404
106 230
92 332
139 178
166 281
226 332
331 348
317 450
391 399
50 106
91 107
160 466
294 466
27 122
13 224
44 291
71 394
104 342
145 343
219 292
236 461
310 410
370 461
7 409
43 66
48 410
103 117
122 359
120 286
194 235
180 337
221 338
235 236
6 184
386 405
4 111
9 455
45 112
83 404
105 163
446 456
248 471
196 281
289 472
60 420
8 230
25 399
99 348
173 297
233 348
272 276
2 415
76 364
24 174
62 466
98 123
136 415
365 467
134 342
189 241
309 343
39 482
340 410
37 409
78 410
59 168
138 461
152 359
212 410
243 477
224 235
251 338
284 286
377 477
36 184
110 133
127 302
154 405
30 369
16 471
453 472
38 230
131 421
203 297
230 400
15 246
395 467
106 364
54 174
92 466
166 415
207 416
331 482
279 292
430 461
182 359
256 308
242 410
283 411
407 477
448 478
80 82
66 184
85 426
107 185
145 477
167 236
217 353
258 354
318 405
10 252
122 493
101 370
87 472
161 421
235 370
334 349
64 488
45 246
119 195
105 297
210 313
196 415
237 416
311 365
22 262
8 364
402 483
61 190
99 482
135 139
173 431
286 308
313 411
76 498
24 308
98 257
84 359
346 359
115 426
189 375
175 477
216 478
290 427
1 324
288 354
18 493
40 252
114 201
100 303
152 493
193 494
191 421
265 370
251 472
58 77
94 488
75 246
228 488
176 298
281 314
52 262
0 72
79 365
93 263
401 416
203 431
244 432
304 483
343 411
68 206
54 308
106 498
147 499
155 360
188 308
205 477
293 324
31 324
12 82
17 426
53 83
91 375
70 252
182 493
130 303
204 252
295 370
355 421
181 268
167 370
198 437
179 195
258 488
299 489
332 437
5 42
10 386
32 145
65 93
373 438
82 262
156 211
109 365
197 212
334 483
26 330
7 88
86 381
177 499
158 257
311 499
259 309
350 427
23 32
9 134
61 324
88 427
121 375
135 273
162 376
253 494
234 252
387 494
24 442
60 99
65 443
211 268
238 371
271 319
329 489
362 437
114 335
141 438
213 314
39 161
77 453
37 88
138 140
264 279
281 448
229 258
341 499
14 104
0 206
41 207
74 155
79 499
165 273
206 274
192 376
266 325
357 443
30 48
21 494
90 99
169 392
155 494
417 494
301 319
72 459
359 489
433 438
144 335
130 437
171 438
204 386
218 284
410 454
69 161
107 453
129 212
160 279
146 381
220 330
385 397
371 499
445 448
49 448
123 397
71 207
104 155
183 448
236 274
26 464
7 222
48 223
34 325
122 172
447 494
139 341
172 289
199 392
273 341
259 443
364 459
23 166
124 218
157 166
215 336
201 438
234 386
248 284
60 233
8 43
25 212
137 453
151 351
159 212
252 403
250 330
2 228
351 382
62 279
268 347
287 397
328 398
1 3
39 295
4 274
37 222
78 223
138 274
152 172
190 464
243 290
229 392
303 341
363 392
55 239
41 341
113 217
154 218
206 408
266 459
305 387
30 182
16 284
57 285
90 233
117 336
131 234
208 454
282 403
342 454
15 59
20 403
106 177
185 470
207 229
298 347
358 398
418 449
143 244
96 398
261 465
333 341
11 290
145 290
219 239
184 218
296 459
310 357
370 408
10 65
34 459
48 357
120 233
161 234
273 475
221 285
372 454
413 455
45 59
124 352
215 470
196 228
349 470
22 75
27 419
99 295
140 296
173 244
200 347
214 245
250 464
365 414
2 362
43 363
76 311
103 414
115 239
175 290
268 481
276 342
1 137
6 481
326 459
18 306
340 357
40 65
78 357
100 116
138 408
152 306
243 424
191 234
303 475
251 285
55 373
41 475
94 301
168 250
154 352
443 455
420 471
52 75
38 177
222 486
170 296
203 244
230 347
15 193
395 414
73 363
59 465
106 311
147 312
207 363
455 465
205 290
432 481
36 481
17 239
91 188
397 460
314 425
374 476
47 81
33 183
85 373
126 374
186 425
198 250
184 352
258 301
318 352
10 199
409 470
450 471
161 368
109 178
188 471
427 487
26 143
12 245
64 435
86 194
80 379
61 137
66 481
88 240
200 481
214 379
462 481
253 307
43 497
65 256
404 476
115 373
63 183
142 476
156 374
189 322
216 425
276 476
381 492
18 440
114 148
100 250
141 251
193 441
265 317
306 318
77 266
89 91
42 245
94 435
116 194
154 486
168 384
195 487
267 363
19 261
0 19
79 312
93 210
244 379
271 482
343 358
68 153
54 255
73 497
95 256
147 446
155 307
169 205
207 497
260 323
320 374
72 272
58 374
89 441
70 199
149 492
223 441
171 251
283 492
262 369
322 420
33 317
74 318
107 266
148 267
146 194
184 486
225 487
239 385
10 333
51 334
49 261
274 379
315 380
301 482
26 277
334 430
86 328
34 138
375 431
139 154
125 256
177 446
218 447
278 498
350 374
102 272
162 323
253 441
327 390
354 493
387 441
65 390
13 200
46 148
63 317
104 318
137 266
255 487
2 41
81 334
67 436
141 385
389 487
172 452
153 210
213 261
254 262
306 452
39 108
345 380
405 431
4 87
42 379
190 277
248 447
281 395
14 51
93 344
132 272
206 221
357 390
343 492
384 493
16 97
95 390
417 441
37 385
70 333
111 334
74 452
148 401
129 159
146 328
187 329
51 468
352 396
412 447
11 103
49 395
71 154
164 345
26 411
34 272
414 493
139 288
125 390
199 339
240 340
226 442
273 288
331 458
364 406
28 457
64 114
201 385
44 401
25 159
99 108
104 452
252 350
250 277
2 175
43 176
76 124
81 468
103 227
120 396
153 344
180 447
268 294
328 345
419 463
18 119
4 221
23 463
56 411
78 170
97 412
105 273
138 221
157 463
229 339
231 412
270 340
55 186
8 340
330 391
94 114
173 407
154 165
206 355
35 473
76 474
57 232
131 181
208 401
282 350
323 351
20 350
73 176
106 124
133 227
185 417
284 396
36 294
17 52
110 243
127 412
108 170
187 463
209 222
335 361
300 340
30 479
85 186
38 340
112 289
126 187
164 479
203 407
236 355
263 458
277 356
337 407
10 12
15 356
106 474
87 232
139 422
161 181
188 284
240 474
124 299
163 227
256 418
316 469
27 366
13 468
80 192
118 484
200 294
291 412
351 463
392 464
29 412
65 69
103 361
115 186
194 479
142 289
268 428
276 289
1 84
6 428
307 356
18 253
4 355
45 356
367 407
210 423
270 474
22 372
3 130
8 474
77 79
94 248
42 58
121 351
154 299
168 197
195 300
360 367
24 418
57 366
222 433
170 243
230 294
271 295
1 434
323 485
362 413
422 464
174 362
207 310
265 480
298 428
339 429
399 480
31 84
36 428
58 187
72 85
77 429
75 356
110 377
149 305
209 356
283 305
482 492
415 424
52 372
38 474
126 321
186 372
434 474
184 299
277 490
51 147
376 469
101 264
49 74
54 418
109 125
188 418
202 316
31 434
86 141
177 259
237 310
295 480
369 429
80 326
61 84
107 429
88 187
140 377
181 378
429 480
406 496
10 496
65 203
82 372
156 321
104 131
142 423
216 372
257 373
464 474
307 490
255 300
482 491
119 439
67 249
193 388
292 367
383 485
135 383
234 362
267 310
19 208
60 209
79 259
93 157
459 480
137 429
170 377
211 378
436 496
73 444
95 203
174 496
155 254
246 372
320 321
378 491
89 388
37 198
75 490
111 147
171 198
190 440
223 388
322 367
14 214
0 316
126 455
148 214
299 383
51 281
32 39
49 208
123 157
150 260
241 378
315 327
301 429
26 224
375 378
53 327
34 85
466 496
144 445
125 203
218 394
226 255
317 373
28 270
9 28
88 321
102 219
162 270
220 440
294 389
280 491
354 440
27 45
13 147
65 337
44 214
118 163
156 455
255 434
329 383
370 384
7 332
81 281
120 209
153 157
180 260
232 450
23 276
42 326
157 276
234 496
308 445
382 394
368 496
60 343
46 445
132 219
173 220
159 322
233 271
285 461
35 286
384 440
134 265
208 214
227 456
361 456
39 405
20 163
326 435
59 91
138 384
171 332
212 333
262 450
303 451
336 399
14 348
0 450
36 107
74 399
96 158
377 400
113 327
239 466
51 415
30 292
11 50
90 343
164 292
150 394
379 446
203 220
315 461
263 271
15 169
48 117
106 287
240 287
226 389
331 405
391 456
69 405
143 354
201 332
242 333
13 281
333 451
44 348
25 106
71 451
118 297
219 349
269 466
217 276
310 467
7 466
318 328
103 174
180 394
345 461
386 462
18 66
4 168
23 410
45 169
78 117
124 462
157 410
210 236
270 287
25 456
121 164
159 456
272 333
2 472
398 472
189 298
222 246
249 349
37 466
78 467
59 225
133 174
224 292
251 395
284 343
110 190
96 292
127 359
75 169
108 117
187 410
228 411
11 184
90 477
38 287
112 236
126 134
263 405
304 406
337 354
428 472
469 473
106 421
128 180
166 472
207 473
240 421
205 400
279 349
31 247
64 195
143 488
108 467
163 174
242 467
256 365
316 416
80 139
85 483
167 293
217 410
318 462
43 257
29 359
392 411
120 477
142 236
235 427
45 303
105 354
193 201
237 473
311 422
22 319
61 247
135 196
214 489
195 247
286 365
272 467
346 416
387 417
24 365
98 314
46 124
84 416
115 483
249 483
290 484
323 432
1 381
288 411
40 309
73 257
100 360
114 258
174 309
399 427
3 427
58 134
190 253
176 355
209 303
302 494
314 319
267 473
300 421
14 27
0 129
38 421
79 422
112 370
401 473
244 489
225 247
15 437
376 416
68 263
54 365
128 314
155 417
279 483
26 37
12 139
17 483
58 484
91 432
144 258
130 360
204 309
256 499
355 478
80 273
33 427
107 376
88 134
129 135
167 427
181 325
198 494
332 494
406 443
10 443
32 202
82 319
123 320
142 370
156 268
183 371
274 489
348 438
26 387
7 145
158 314
259 366
61 381
9 191
83 140
88 484
121 432
162 433
286 499
98 448
46 258
238 428
271 376
250 253
362 494
436 443
114 392
62 202
95 150
100 494
136 151
141 495
153 320
213 371
227 269
39 218
378 438
56 387
89 335
116 438
438 489
264 336
74 212
148 161
113 140
206 331
239 279
266 382
51 228
431 449
68 397
90 156
169 449
150 207
241 325
370 433
342 377
433 495
70 443
144 392
92 202
130 494
204 443
245 444
28 217
143 167
129 269
468 489
160 336
146 438
280 438
321 439
32 336
385 454
44 161
197 403
257 454
236 331
269 279
296 382
48 280
29 38
34 382
122 229
139 398
199 449
180 207
273 398
6 54
23 223
9 325
83 274
97 172
157 223
372 377
248 341
201 495
289 342
60 290
151 408
99 218
159 269
252 460
250 387
351 439
76 234
62 336
136 285
84 95
384 387
287 454
328 455
1 60
39 352
111 228
138 331
212 280
243 347
14 295
363 449
36 54
96 105
206 465
154 275
187 223
319 342
305 444
379 393
16 341
57 342
90 290
117 393
164 239
439 444
222 409
356 409
106 234
92 336
331 352
317 454
358 455
31 60
17 162
129 403
160 470
333 398
11 347
85 296
393 449
145 347
370 465
411 466
48 414
87 342
120 290
194 239
221 342
235 240
312 460
386 409
23 357
9 459
45 116
50 460
64 358
97 306
124 409
393 477
196 285
289 476
297 337
22 132
388 455
25 403
99 352
140 353
159 403
173 301
200 404
214 302
272 280
76 368
24 178
62 470
84 229
115 296
189 245
175 347
276 399
1 194
309 347
18 363
4 465
400 465
152 363
100 173
138 465
193 364
212 414
243 481
251 342
3 240
94 358
168 307
154 409
228 358
302 307
52 132
38 234
57 476
112 183
131 425
170 353
244 302
230 404
304 353
15 250
395 471
68 76
54 178
133 471
147 369
207 420
31 194
110 487
91 245
108 414
223 364
256 312
11 481
85 430
33 240
448 482
167 240
198 307
318 409
10 256
423 425
87 476
109 235
183 184
221 476
235 374
274 302
334 353
12 302
45 250
86 251
177 369
163 471
237 420
311 369
402 487
80 436
135 143
214 436
162 246
313 415
24 312
65 313
98 261
115 430
156 431
137 189
189 379
1 328
114 205
100 307
174 256
193 498
265 374
251 476
306 375
89 148
42 302
75 250
176 302
267 420
341 369
19 318
0 76
368 472
401 420
244 436
304 487
343 415
68 210
54 312
95 313
128 261
155 364
169 262
246 482
31 328
72 329
58 431
380 482
89 498
70 256
130 307
171 308
223 498
245 257
295 374
336 375
322 477
47 272
33 374
148 324
198 441
32 149
123 267
109 369
257 267
348 385
334 487
375 488
48 93
125 313
199 262
350 431
23 36
28 380
83 87
88 431
102 329
162 380
451 483
253 498
201 308
234 256
327 447
387 498
46 205
25 82
63 374
104 375
137 323
178 324
211 272
329 493
463 493
213 318
254 319
378 385
405 488
42 436
78 93
116 385
138 144
176 436
190 334
231 335
281 452
14 108
55 109
93 401
192 380
266 329
30 52
16 154
21 498
90 103
117 206
155 498
417 498
458 499
208 324
72 463
359 493
70 390
111 391
144 339
171 442
185 340
284 319
410 458
148 458
96 268
129 216
160 283
261 335
247 437
352 453
385 401
11 160
44 108
71 211
85 109
90 453
164 402
197 350
236 278
296 329
34 329
122 176
447 498
139 345
125 447
199 396
240 397
226 499
273 345
364 463
23 170
9 272
50 273
143 464
215 340
201 442
27 289
440 458
44 458
25 216
99 165
200 217
250 334
291 335
62 283
103 284
194 402
268 351
328 402
1 7
6 351
326 329
56 468
4 278
97 469
152 176
138 278
231 469
303 345
55 243
3 53
94 171
173 464
206 412
305 391
30 186
57 289
38 47
117 340
282 407
323 408
106 181
147 182
133 284
207 233
224 402
418 453
17 109
96 402
335 418
300 397
85 243
33 53
71 345
112 346
145 294
186 295
184 222
337 464
411 413
139 479
221 289
312 407
353 408
64 305
12 115
45 63
50 407
413 459
215 474
256 475
289 423
25 350
214 249
200 351
365 418
406 419
43 367
24 125
29 469
65 126
103 418
115 243
156 244
189 192
268 485
6 485
307 413
18 310
4 412
45 413
78 361
100 120
119 362
193 311
210 480
191 238
367 464
251 289
344 480
77 136
443 459
154 356
195 357
286 475
420 475
98 424
131 372
73 367
54 125
59 469
95 126
133 418
207 367
205 294
246 295
298 485
339 486
31 141
58 244
89 311
75 413
223 311
209 413
283 362
314 429
374 480
11 428
126 378
112 480
186 429
184 356
225 357
239 255
258 305
51 204
101 321
49 131
87 423
109 182
128 424
161 372
188 475
202 373
293 491
301 352
26 147
31 491
64 439
86 198
427 491
177 316
125 126
163 418
204 419
237 367
278 368
311 316
80 383
66 485
102 142
88 244
140 434
181 435
214 383
179 362
313 362
354 363
65 260
13 70
82 429
142 480
216 429
257 430
290 378
381 496
40 203
81 204
67 306
114 152
141 255
172 322
191 372
193 445
366 373
94 439
135 440
195 491
234 419
368 419
170 434
211 435
192 193
271 486
343 362
35 209
21 311
95 260
169 209
246 429
287 430
320 378
347 481
361 379
452 497
89 445
111 204
190 497
171 255
223 445
262 373
322 424
14 271
0 373
47 219
74 322
148 271
165 440
146 198
299 440
373 389
51 338
32 96
338 368
49 265
123 214
109 316
241 435
315 384
301 486
375 435
12 383
53 384
34 142
177 450
125 260
199 209
218 451
226 312
259 260
350 378
9 85
50 86
102 276
129 379
220 497
201 255
253 445
354 497
27 102
13 204
32 446
65 394
118 220
104 322
238 322
269 389
255 491
370 441
7 389
29 148
62 96
194 215
306 456
254 266
6 164
39 112
345 384
56 281
4 91
9 435
42 383
83 384
97 282
231 282
248 451
382 451
41 158
159 379
250 497
324 446
35 343
57 102
62 446
95 394
208 271
309 323
20 220
400 441
37 389
111 338
59 148
185 287
212 390
336 456
377 457
14 405
36 164
74 456
96 215
110 113
127 282
187 333
261 282
247 384
51 472
352 400
30 349
11 107
90 400
164 349
112 159
203 277
263 328
15 226
48 174
139 292
87 102
92 446
331 462
64 118
124 169
256 288
275 338
13 338
407 457
44 405
118 354
66 164
178 405
318 385
43 180
29 282
81 472
122 473
442 451
142 159
180 451
254 400
268 298
6 298
328 349
419 467
18 123
4 225
45 226
97 416
105 277
231 416
210 293
330 395
22 242
8 344
99 462
173 411
154 169
233 462
272 390
305 338
98 237
84 339
134 456
175 457
189 355
208 405
222 303
249 406
309 457
111 472
152 473
224 349
251 452
96 349
449 467
187 467
300 344
52 242
164 483
112 293
186 242
203 411
277 360
304 463
106 478
87 236
128 237
161 185
188 288
240 478
205 457
293 304
353 355
31 304
12 62
17 406
64 252
91 355
316 473
355 401
66 298
167 350
217 467
291 416
43 314
65 73
235 484
276 293
334 463
367 411
45 360
119 309
67 119
105 411
193 258
311 479
61 304
42 62
135 253
195 304
286 422
360 371
346 473
19 78
24 422
46 181
79 129
84 473
189 489
170 247
288 468
73 314
147 263
100 417
399 484
58 191
397 411
89 258
149 309
176 412
209 360
341 479
415 428
14 84
0 186
52 376
79 479
112 427
126 325
165 253
225 304
15 494
68 320
49 78
54 422
109 129
202 320
417 474
293 438
26 94
12 196
31 438
53 197
91 489
130 417
204 366
278 315
295 484
369 433
47 382
28 140
33 484
80 330
107 433
129 192
179 309
280 361
32 259
13 17
371 479
44 84
109 479
183 428
257 377
7 202
86 495
67 253
141 202
447 474
172 269
158 371
232 320
482 495
259 423
292 371
383 489
424 490
42 196
83 197
121 489
162 490
248 264
308 315
46 315
459 484
151 331
211 382
285 331
271 433
35 156
21 258
62 259
95 207
114 449
136 208
134 135
213 428
227 326
89 392
37 202
190 444
171 202
264 393
262 320
303 321
14 218
0 320
74 269
113 197
192 490
30 162
16 264
90 213
241 382
342 434
375 382
53 331
144 449
92 259
166 208
218 398
69 275
143 224
418 429
220 444
201 202
321 496
354 444
27 49
13 151
32 393
118 167
104 269
145 270
197 460
236 388
255 438
269 336
296 439
370 388
81 285
29 95
34 439
139 455
172 403
273 455
23 280
4 38
9 382
97 229
372 434
289 399
349 450
60 347
46 449
25 326
151 465
250 444
324 393
2 342
351 496
425 445
136 342
439 499
134 269
175 270
208 218
227 460
361 460
20 167
326 439
37 336
78 337
59 95
138 388
212 337
243 404
377 404
14 352
36 111
96 162
113 331
228 281
319 399
338 449
379 450
16 398
52 55
90 347
117 450
222 466
203 224
15 173
106 291
166 342
226 393
205 270
31 117
17 219
69 409
91 168
129 460
108 337
182 286
85 353
66 111
71 455
258 281
318 332
43 127
29 229
48 471
409 450
161 348
235 297
6 245
386 466
23 414
45 173
124 466
210 240
196 342
270 291
297 394
22 189
8 291
25 460
99 409
121 168
200 461
214 359
272 337
2 476
76 425
98 184
84 286
115 353
309 404
1 251
340 471
114 128
100 230
152 420
212 471
191 348
224 296
251 399
325 348
36 245
416 466
94 415
75 173
127 363
168 364
30 430
52 189
131 482
79 292
203 358
244 359
230 461
304 410
15 307
469 477
68 133
106 425
207 477
188 235
205 404
31 251
91 302
182 420
130 230
242 471
256 369
283 472
295 297
107 246
167 297
184 466
258 415
332 364
423 482
82 189
161 482
109 292
183 241
334 410
7 15
12 359
86 308
237 477
311 426
22 323
350 354
80 493
121 302
162 303
253 421
46 128
84 420
189 436
137 246
290 488
1 385
288 415
362 364
389 467
21 71
62 72
100 364
174 313
213 241
3 431
39 88
77 380
42 359
75 307
168 498
190 257
341 426
14 31
93 324
401 477
165 200
244 493
192 303
225 251
51 98
16 77
54 369
95 370
128 318
169 319
293 385
320 488
31 385
72 386
53 144
58 488
70 313
130 364
204 313
295 431
336 432
355 482
47 329
33 431
107 380
148 381
181 329
160 206
198 498
280 308
5 103
371 426
49 375
123 324
472 478
183 375
257 324
274 493
348 442
26 391
7 149
48 150
34 252
67 200
81 98
86 442
125 370
158 318
199 319
350 488
424 437
61 385
83 144
88 488
162 437
234 313
275 314
46 262
426 483
25 139
151 278
211 329
252 330
403 499
2 155
35 103
62 206
76 104
81 448
114 396
136 155
141 499
153 324
213 375
227 273
39 222
378 442
419 443
42 493
78 150
116 442
176 493
264 340
479 494
55 166
41 268
93 458
132 386
113 144
192 437
206 335
266 386
431 453
35 453
16 211
131 161
150 211
169 453
241 329
282 330
342 381
53 278
70 447
111 448
92 206
144 396
171 499
185 397
400 420
47 463
17 32
96 325
143 171
160 340
108 150
261 392
294 340
321 443
335 341
32 340
11 217
85 166
123 458
164 459
236 335
296 386
48 284
34 386
139 402
120 160
199 453
273 402
312 330
23 227
64 228
50 330
83 278
97 176
215 397
289 346
275 448
349 397
8 104
25 273
118 464
159 273
200 274
250 391
291 392
351 443
24 48
29 392
62 340
136 289
115 166
153 458
194 459
268 408
1 64
6 408
39 356
18 233
4 335
326 386
367 387
243 351
229 453
303 402
344 403
94 228
127 176
168 177
206 469
319 346
305 448
30 243
379 397
57 346
131 295
117 397
439 448
282 464
230 274
356 413
20 464
106 238
147 239
207 290
224 459
205 217
298 408
358 459
31 64
110 357
91 115
96 459
108 284
182 233
209 336
283 285
335 475
333 402
374 403
434 454
33 110
71 402
186 352
236 469
184 279
277 470
310 418
10 126
15 470
48 418
101 244
87 346
235 244
221 346
386 413
45 120
50 464
86 121
124 413
177 239
289 480
27 480
388 459
80 306
66 408
140 357
214 306
200 408
272 284
406 476
24 182
98 131
84 233
115 300
63 110
189 249
216 352
290 301
276 403
1 198
307 470
340 418
4 469
40 126
45 470
100 177
193 368
441 470
243 485
251 346
292 347
22 486
3 244
75 120
154 413
228 362
360 481
19 188
52 136
57 480
79 239
93 137
244 306
230 408
304 357
395 475
73 424
54 182
95 183
128 131
155 234
207 424
246 352
17 300
58 301
72 199
110 491
75 470
108 418
130 177
223 368
283 419
314 486
448 486
52 486
33 244
107 193
186 486
167 244
198 311
225 414
258 362
299 363
10 260
51 261
390 481
49 188
82 136
161 429
334 357
26 204
64 496
177 373
237 424
278 425
311 373
402 491
80 440
61 198
102 199
135 147
140 491
214 440
179 419
253 368
313 419
5 266
46 75
63 244
178 194
216 486
238 245
288 362
40 260
81 261
100 311
114 209
141 312
389 414
191 429
232 430
306 379
292 481
94 496
42 306
135 497
281 322
308 425
341 373
19 322
93 271
79 373
368 476
473 492
132 199
170 491
285 441
343 419
16 24
21 368
169 266
260 384
246 486
320 435
361 436
58 435
359 363
70 260
111 261
130 311
171 312
245 261
322 481
396 430
33 378
74 379
148 328
165 497
146 255
239 446
299 497
247 307
373 446
51 395
338 425
371 373
49 322
123 271
71 81
109 373
197 220
274 440
26 338
375 492
53 441
34 199
86 389
414 420
199 266
259 317
350 435
28 384
9 142
88 435
129 436
451 487
201 312
327 451
5 400
27 159
65 451
25 86
118 277
178 328
252 277
238 379
329 497
403 446
2 102
62 153
67 497
153 271
180 374
254 323
6 221
39 169
345 441
18 46
9 492
56 338
97 339
138 148
231 339
405 492
229 266
441 476
19 456
55 113
41 215
456 457
132 333
159 436
192 384
233 385
398 452
30 56
16 158
134 379
208 328
309 380
72 467
20 277
400 498
433 446
111 395
92 153
171 446
185 344
212 447
245 395
224 272
284 323
410 462
148 462
96 272
127 339
261 339
30 406
11 164
71 215
164 406
277 283
34 333
125 451
240 401
64 175
50 277
124 226
430 498
215 344
201 446
242 447
275 395
289 293
13 395
44 462
25 220
66 221
99 169
178 462
200 221
219 463
217 390
291 339
351 390
29 339
103 288
142 216
254 457
328 406
1 11
6 355
18 180
4 282
45 283
78 231
97 473
231 473
243 298
196 452
270 401
344 350
330 452
22 299
3 57
55 247
435 468
94 175
173 468
154 226
195 227
272 447
305 395
346 396
117 344
208 462
249 463
73 237
59 339
133 288
284 457
325 458
36 355
17 113
58 114
75 283
108 231
149 232
209 283
261 473
302 474
126 248
112 350
186 299
184 226
225 227
411 417
10 73
15 417
376 396
101 191
128 294
202 243
188 345
293 361
279 463
31 361
50 411
64 309
91 412
177 186
256 479
388 406
80 253
66 355
140 304
88 114
200 355
214 253
291 473
5 79
43 371
65 130
103 422
82 299
142 350
216 299
6 489
307 417
18 314
408 469
40 73
119 366
67 176
105 468
191 242
344 484
292 294
3 191
443 463
42 119
121 412
135 310
24 479
211 305
244 253
271 356
1 495
362 474
35 79
21 181
59 473
95 130
100 474
114 372
133 422
147 320
246 299
339 490
36 489
72 146
58 248
77 490
89 315
70 73
397 468
438 469
176 469
264 316
47 89
33 191
52 433
74 192
112 484
126 382
239 259
299 310
51 208
68 377
49 135
128 428
202 377
188 479
450 479
26 151
12 253
86 202
144 372
130 474
218 321
278 372
47 439
66 489
102 146
88 248
253 315
294 316
280 418
354 367
385 434
445 485
63 191
104 192
142 484
197 383
257 434
255 361
7 259
81 208
141 259
158 428
180 187
292 428
56 151
42 253
83 254
97 152
157 203
195 495
234 423
46 372
132 146
137 490
159 249
192 197
285 388
35 213
21 315
136 265
169 213
475 485
134 192
213 485
287 434
361 383
347 485
72 280
20 90
89 449
37 259
264 450
212 260
363 429
148 275
487 495
127 152
113 254
146 202
165 444
239 393
51 342
338 372
16 321
164 219
150 321
241 439
375 439
53 388
34 146
92 316
166 265
317 434
102 280
50 90
160 450
201 259
242 260
5 347
27 106
13 208
32 450
44 275
25 33
118 224
145 327
178 275
219 276
393 429
310 394
296 496
43 50
34 496
67 444
81 342
180 321
254 270
6 168
23 337
97 286
83 388
157 337
372 491
405 439
248 455
22 112
8 214
55 60
60 404
25 383
99 332
132 280
159 383
173 281
324 450
398 399
2 399
76 348
136 399
134 326
208 275
309 327
39 466
20 224
326 496
340 394
37 393
78 394
185 291
138 445
212 394
400 445
243 461
36 168
110 117
96 219
127 286
113 388
187 337
228 338
261 286
30 353
11 111
38 214
112 163
203 281
263 332
87 106
92 450
240 348
205 327
69 466
143 415
430 445
108 394
242 394
407 461
85 410
118 358
219 410
167 220
258 338
29 286
103 235
82 112
161 405
142 163
180 455
194 353
235 354
6 302
18 127
64 472
119 179
105 281
210 297
196 399
297 451
22 246
3 4
8 348
402 467
173 415
272 394
24 292
98 241
84 343
323 359
1 308
288 338
18 477
152 477
191 405
265 354
251 456
3 354
58 61
89 128
94 472
127 420
149 179
168 421
228 472
300 348
30 487
341 349
52 246
38 348
126 195
244 416
277 364
304 467
15 364
68 190
54 292
106 482
128 241
147 483
188 292
205 461
380 462
53 67
144 185
130 287
204 236
256 426
80 200
66 302
107 303
181 252
167 354
258 472
332 421
65 77
101 488
82 246
156 195
235 488
307 364
408 416
7 72
45 364
67 123
86 365
119 313
210 431
158 241
259 293
22 380
61 308
42 66
121 359
195 308
286 426
234 236
360 375
19 82
60 83
84 477
63 354
137 303
189 493
211 252
271 303
40 370
21 128
100 421
174 370
422 472
213 298
339 437
3 488
72 93
89 262
75 364
149 313
176 416
341 483
14 88
19 432
52 380
74 139
79 483
93 381
192 360
225 308
357 427
417 478
16 134
49 82
169 376
155 478
241 252
301 303
31 442
72 443
394 494
70 370
144 319
130 421
204 370
245 371
278 319
369 437
33 488
69 145
181 386
129 196
160 263
179 313
280 365
5 160
32 263
13 21
371 483
44 88
49 432
82 380
104 139
123 381
197 330
257 381
348 499
26 448
7 206
81 155
67 257
86 499
172 273
125 427
158 375
199 376
273 325
364 443
424 494
23 150
28 494
61 442
97 99
248 268
234 370
60 217
8 27
46 319
63 488
99 145
178 438
159 196
211 386
285 335
2 212
35 160
76 161
136 212
213 432
328 382
347 432
39 279
20 37
378 499
56 448
37 206
111 155
116 499
264 397
243 274
229 376
303 325
14 222
0 324
55 223
363 376
454 494
132 443
113 201
165 391
266 443
68 458
16 268
90 217
164 166
117 320
150 268
208 438
241 386
15 43
53 335
144 453
185 454
226 263
317 381
358 382
69 279
17 89
143 228
418 433
146 499
220 448
261 449
27 53
85 223
71 325
118 171
145 274
236 392
310 341
370 392
29 99
273 459
312 387
372 438
9 386
97 233
215 454
289 403
159 330
200 331
233 279
291 449
324 397
2 346
365 398
24 105
136 346
84 156
425 449
115 223
227 464
175 274
268 465
1 121
6 465
39 413
326 443
4 392
78 341
243 408
191 218
303 459
251 269
55 357
36 115
77 116
228 285
16 402
57 403
131 352
117 454
230 331
356 470
15 177
395 398
54 105
92 397
207 347
432 465
36 465
17 223
69 413
91 172
110 414
283 342
333 459
407 408
11 408
85 357
33 167
107 116
145 408
219 357
198 234
184 336
310 475
10 183
48 475
122 424
101 301
87 403
221 403
427 471
45 177
86 178
119 126
210 244
163 398
297 398
22 193
402 414
25 464
61 121
99 413
121 172
140 414
200 465
214 363
462 465
272 341
313 342
43 481
24 239
98 188
84 290
404 460
175 408
216 409
249 357
276 460
1 255
290 358
340 475
381 476
78 475
114 132
100 234
174 183
193 425
251 403
292 404
55 491
325 352
77 250
416 470
457 471
94 419
168 368
116 178
195 471
302 368
52 193
93 194
79 296
131 486
170 414
230 465
68 137
54 239
73 481
128 188
155 291
169 189
207 481
205 408
246 409
279 357
320 358
380 409
58 358
70 183
149 476
130 234
223 425
283 476
295 301
85 491
181 199
146 178
258 419
299 420
101 435
82 193
161 486
202 487
235 435
334 414
26 261
12 363
86 312
34 122
67 70
237 481
278 482
9 65
88 358
102 256
135 204
179 476
313 476
5 323
387 425
65 374
115 491
63 301
290 492
238 302
288 419
329 420
2 25
21 75
62 76
100 368
114 266
389 471
191 486
232 487
306 436
3 435
39 92
56 261
42 363
116 312
190 261
405 415
267 481
308 482
382 431
19 379
41 138
79 430
132 256
165 204
192 307
244 497
285 498
357 374
343 476
35 323
16 81
21 425
95 374
117 133
417 425
320 492
361 493
72 390
20 200
144 266
185 267
171 369
245 318
262 487
336 436
47 333
0 487
33 435
69 92
74 436
129 143
148 385
146 312
247 364
280 312
51 452
32 210
338 482
371 430
412 431
123 328
71 138
109 430
183 379
197 277
472 482
274 497
315 498
26 395
48 154
34 256
53 498
125 374
199 323
364 390
350 492
391 493
424 441
9 199
88 492
102 390
124 149
162 441
215 267
13 318
426 487
104 436
252 334
238 436
76 108
81 452
153 328
194 329
180 431
213 379
345 498
56 395
4 205
78 154
83 498
116 446
138 205
157 447
41 272
421 493
113 148
192 441
233 442
266 390
305 318
30 113
16 215
35 457
57 216
117 267
169 457
134 436
222 283
282 334
342 385
20 334
106 108
111 452
133 211
245 452
284 380
69 226
110 227
96 329
127 396
108 154
113 498
160 344
187 447
247 498
261 396
321 447
85 170
71 272
186 222
415 426
296 390
337 391
122 237
101 114
161 165
199 457
312 334
372 385
215 401
289 350
316 453
27 350
8 108
99 226
140 227
200 278
2 293
43 294
29 396
103 345
351 447
194 463
175 221
216 222
328 463
1 68
307 340
18 237
367 391
78 288
152 237
105 391
193 238
243 355
270 458
8 458
94 232
228 232
319 350
305 452
346 453
19 58
57 350
79 109
84 453
117 401
230 278
323 469
20 468
59 396
133 345
147 243
207 294
224 463
205 221
298 412
31 68
17 170
36 412
58 171
91 119
182 237
223 238
283 289
374 407
11 355
85 304
33 114
38 458
112 407
126 305
186 356
434 458
184 283
277 474
411 474
10 130
376 453
49 58
87 350
202 300
188 402
235 248
353 469
86 125
91 469
177 243
237 294
380 471
388 463
80 310
66 412
88 171
167 464
200 412
179 289
43 428
24 186
404 407
82 356
63 114
115 304
142 407
216 356
276 407
307 474
141 182
191 299
232 300
292 351
22 490
3 248
94 366
42 176
116 125
121 469
168 315
195 418
267 294
360 485
19 192
79 243
459 464
170 361
244 310
230 412
271 413
35 136
68 84
73 428
95 187
133 479
155 238
246 356
347 408
72 203
89 372
70 130
75 474
130 181
171 182
209 474
223 372
262 300
322 351
47 146
0 300
33 248
52 490
74 249
148 198
165 367
239 316
299 367
10 264
390 485
68 434
101 382
123 141
202 434
150 244
183 192
241 362
301 413
26 208
12 310
53 311
86 259
466 480
177 377
125 187
9 12
88 305
102 203
179 423
253 372
294 373
280 475
5 270
313 423
27 29
13 131
65 321
82 490
118 147
104 249
156 439
178 198
269 316
255 418
329 367
389 418
81 265
172 383
158 485
306 383
292 485
56 208
4 18
42 310
157 260
248 378
234 480
281 326
308 429
60 327
41 85
46 429
473 496
151 445
211 496
192 254
233 255
285 445
324 373
343 423
384 424
16 28
95 321
136 322
169 270
134 249
227 440
246 490
287 491
39 389
72 337
359 367
111 265
185 214
171 316
245 265
262 434
377 384
363 486
36 91
74 383
113 311
146 259
239 450
247 311
51 399
338 429
49 326
439 481
150 378
375 496
48 101
414 424
125 321
166 322
240 271
226 373
391 440
23 44
28 388
102 337
129 440
201 316
5 404
27 163
13 265
44 332
118 281
104 383
178 332
252 281
393 486
217 260
310 451
2 106
444 451
29 209
103 158
194 276
254 327
345 445
18 50
4 152
9 496
23 394
78 101
105 204
231 343
446 497
229 270
60 461
41 219
421 440
99 389
132 337
159 440
173 338
35 404
57 163
84 266
134 383
208 332
222 230
309 384
20 281
37 450
73 107
152 400
133 158
284 327
14 466
55 467
36 225
96 276
127 343
113 445
261 343
247 445
302 344
30 410
11 168
52 169
38 271
85 117
164 410
203 338
277 287
263 389
337 338
15 287
428 456
106 405
87 163
240 405
188 215
64 179
50 281
91 282
124 230
143 472
182 400
215 348
242 451
316 400
44 466
80 123
66 225
85 467
140 174
167 277
200 225
291 343
332 344
318 446
43 241
103 292
115 117
120 461
142 220
194 410
268 359
6 359
45 287
105 338
270 405
330 456
435 472
173 472
121 282
195 231
286 349
272 451
346 400
98 298
115 467
249 467
323 416
288 395
73 241
59 343
133 292
147 190
174 293
224 410
298 359
339 360
399 411
3 411
36 359
127 477
168 478
149 236
302 478
341 406
52 303
33 61
126 252
186 303
165 180
203 472
225 231
10 77
15 421
68 247
54 349
128 298
202 247
188 349
293 365
394 417
413 467
17 467
177 190
130 344
349 374
295 411
28 67
66 359
88 118
107 360
167 411
179 236
332 478
371 406
82 303
183 355
274 473
348 422
7 129
40 77
45 421
86 422
172 196
210 488
383 416
61 365
42 123
83 124
195 365
443 467
286 483
234 293
327 484
360 432
24 483
60 140
46 242
63 411
211 309
1 499
362 478
35 83
155 185
347 355
39 202
72 150
378 422
37 129
75 421
116 422
149 370
176 473
281 489
415 489
165 314
113 124
225 365
266 366
299 314
51 212
357 484
390 432
68 381
49 139
54 483
90 140
150 191
169 433
202 381
293 499
31 499
70 427
125 134
204 427
218 325
278 376
28 201
102 150
181 443
129 253
468 473
179 370
294 320
280 422
354 371
13 78
44 145
49 489
82 437
104 196
123 438
183 489
255 365
7 263
81 212
122 213
141 263
172 330
120 140
158 432
199 433
259 484
6 38
23 207
9 309
83 258
97 156
135 448
248 325
234 427
308 376
349 377
60 274
8 84
99 202
132 150
211 443
252 444
285 392
250 371
2 269
21 319
35 217
62 320
136 269
475 489
153 438
227 387
287 438
361 387
347 489
39 336
20 94
326 366
37 263
212 264
262 381
363 433
55 280
36 38
41 382
74 330
127 156
187 207
247 258
338 376
30 223
90 274
38 84
241 443
282 444
315 392
356 393
15 100
20 444
106 218
92 320
331 336
317 438
50 94
91 95
160 454
182 213
242 264
335 455
32 454
333 382
393 433
118 228
145 331
310 398
43 54
48 398
122 347
194 223
221 326
6 172
312 444
386 393
372 495
9 443
97 290
124 393
248 459
196 269
297 321
22 116
8 218
60 408
388 439
99 336
173 285
159 387
200 388
324 454
398 403
2 403
24 162
103 455
84 213
115 280
175 331
309 331
1 178
39 470
340 398
18 347
4 449
400 449
59 156
138 449
152 347
212 398
243 465
441 450
55 414
110 121
127 290
168 291
154 393
319 460
30 357
16 459
57 460
38 218
453 460
203 285
230 388
304 337
106 352
54 162
87 110
92 454
133 455
166 403
207 404
205 331
331 470
17 280
91 229
108 398
182 347
242 398
407 465
11 465
85 414
33 224
66 172
448 466
198 291
184 393
258 342
318 393
122 481
82 116
87 460
142 167
161 409
221 460
235 358
64 476
45 234
105 285
210 301
163 455
311 353
297 455
121 229
346 347
24 296
98 245
46 55
84 347
63 224
137 173
189 363
216 466
249 414
1 312
288 342
18 481
40 240
73 188
152 481
193 482
325 409
366 410
3 358
89 132
168 425
116 235
149 183
176 286
228 476
267 404
341 353
401 404
0 60
79 353
170 471
244 420
304 471
68 194
54 296
128 245
147 487
155 348
246 466
320 415
31 312
17 414
53 71
58 415
72 313
70 240
182 481
130 291
380 466
295 358
396 410
181 256
167 358
198 425
146 235
258 476
299 477
373 426
10 374
32 133
101 492
49 302
82 250
109 353
123 251
183 302
197 200
235 492
274 420
334 471
26 318
7 76
12 420
86 369
408 420
177 487
158 245
199 246
61 312
9 122
102 313
135 261
253 482
234 240
327 431
387 482
60 87
46 189
65 431
63 358
211 256
403 426
40 374
21 132
62 133
100 425
141 426
174 374
153 251
213 302
306 493
39 149
42 420
190 318
281 436
341 487
382 488
14 92
0 194
41 195
74 143
79 487
415 436
165 261
35 380
16 138
21 482
54 430
95 431
155 482
169 380
241 256
72 447
53 205
359 477
70 374
144 323
130 425
171 426
218 272
245 375
295 492
336 493
47 390
470 493
74 493
129 200
160 267
146 369
280 369
32 267
371 487
49 436
85 93
71 195
109 487
183 436
197 334
26 452
7 210
34 313
139 329
199 380
273 329
364 447
424 498
23 154
28 498
83 205
97 103
124 206
162 498
215 324
201 426
248 272
275 375
60 221
13 375
440 442
25 200
63 492
118 391
159 200
178 442
200 201
252 391
2 216
442 488
153 385
227 334
180 488
268 335
328 386
39 283
37 210
78 211
138 262
231 453
243 278
330 432
363 380
41 329
495 499
132 447
113 205
154 206
192 498
206 396
266 447
305 375
16 272
57 273
90 221
117 324
134 493
15 47
20 391
106 165
298 335
284 437
358 386
69 283
17 93
110 284
418 437
160 401
261 453
85 227
71 329
186 279
236 396
263 499
337 448
48 345
34 447
101 171
120 221
139 463
161 222
221 273
23 288
64 289
45 47
124 340
372 442
215 458
163 268
196 216
22 63
25 334
140 284
173 232
200 335
365 402
2 350
43 351
24 109
76 299
84 160
103 402
425 453
175 278
268 469
1 125
6 469
326 447
18 294
367 448
40 53
78 345
105 448
119 346
138 396
152 294
251 273
344 464
55 361
3 171
41 463
77 120
154 340
228 289
319 407
52 63
38 165
79 166
117 458
170 284
230 335
73 351
106 299
133 402
147 300
207 351
205 278
246 279
36 469
17 227
58 228
91 176
108 345
149 346
182 294
283 346
314 413
374 464
47 69
33 171
71 463
107 120
112 464
126 362
186 413
258 289
409 458
450 459
161 356
235 305
188 459
221 407
427 475
12 233
124 474
177 300
163 402
237 351
297 402
402 418
80 367
66 469
140 418
88 228
121 176
162 177
200 469
179 346
214 367
24 243
404 464
82 413
63 171
156 362
216 413
290 362
276 464
18 428
40 187
114 136
232 357
77 254
56 131
42 233
94 423
116 182
168 372
176 233
195 475
93 198
79 300
244 367
230 469
271 470
285 368
73 485
21 295
54 243
155 295
260 311
320 362
347 465
72 260
58 362
89 429
149 480
130 238
223 429
262 357
322 408
126 496
74 306
148 255
165 424
146 182
225 475
239 373
299 424
51 322
32 80
68 491
49 249
123 198
202 491
183 249
315 368
375 419
12 367
86 316
139 142
125 244
177 434
218 435
278 486
9 69
88 362
102 260
162 311
179 480
201 239
313 480
5 327
327 378
354 481
13 188
63 305
104 306
118 204
137 254
151 152
156 496
178 255
238 306
269 373
2 29
389 475
62 80
141 373
172 440
153 198
232 491
180 301
213 249
306 440
366 491
39 96
345 368
405 419
4 75
42 367
281 383
19 383
60 384
41 142
132 260
206 209
233 312
357 378
35 327
16 85
21 429
57 86
95 378
117 137
155 429
134 306
169 327
208 255
361 497
20 204
359 424
111 322
185 271
171 373
245 322
262 491
336 440
14 389
0 491
69 96
148 389
96 199
396 491
160 214
113 368
187 317
220 265
247 368
51 456
338 486
11 91
16 435
49 383
71 142
263 312
26 399
414 481
139 276
125 378
166 379
199 327
240 328
273 276
364 394
391 497
28 445
64 102
102 394
124 153
129 497
143 395
215 271
5 461
426 491
25 147
104 440
118 338
178 389
219 390
252 338
467 492
217 317
43 164
76 112
81 456
153 332
328 333
6 282
419 451
18 107
4 209
56 399
78 158
105 261
138 209
231 400
420 483
196 379
229 327
270 328
8 328
41 276
421 497
94 102
132 394
159 497
173 395
305 322
35 461
76 462
57 220
131 169
117 271
222 287
208 389
323 339
309 441
73 164
111 456
133 215
152 457
185 405
224 333
36 282
17 40
110 231
449 451
127 400
108 158
187 451
261 400
335 349
300 328
11 225
85 174
38 328
71 276
112 277
126 175
164 467
186 226
203 395
277 344
337 395
15 344
101 118
87 220
161 169
240 462
188 272
279 390
312 338
12 46
91 339
182 457
163 215
256 406
27 354
432 443
118 472
217 451
332 401
43 298
24 56
29 400
103 349
156 175
235 468
216 226
268 416
6 416
18 241
4 343
367 395
105 395
193 242
210 411
270 462
22 360
3 118
42 46
121 339
168 185
195 288
286 406
24 406
79 113
84 457
271 283
73 298
54 56
147 247
174 350
422 452
298 416
339 417
399 468
72 73
58 175
77 417
110 365
75 344
223 242
283 293
314 360
374 411
33 118
38 462
74 119
165 237
184 287
225 288
277 478
10 134
15 478
376 457
54 406
87 354
109 113
128 355
188 406
293 422
353 473
26 78
12 180
31 422
86 129
91 473
177 247
218 248
204 350
295 468
80 314
88 175
167 468
181 366
65 191
404 411
142 411
257 361
290 309
348 479
381 427
7 186
40 134
45 478
67 237
81 135
119 427
141 186
172 253
232 304
292 355
22 494
383 473
61 422
42 180
116 129
121 473
135 371
234 350
360 489
19 196
60 197
46 299
98 489
459 468
63 468
170 365
211 366
285 315
271 417
436 484
21 242
95 191
114 433
155 242
174 484
213 412
287 361
347 412
72 207
70 134
111 135
116 479
223 376
264 377
322 355
14 202
0 304
52 494
126 443
148 202
165 371
239 320
225 422
266 423
299 371
51 269
390 489
431 490
49 196
90 197
169 490
150 248
241 366
301 417
26 212
466 484
144 433
125 191
218 382
278 433
317 361
129 310
146 479
220 428
294 377
280 479
5 274
354 428
27 33
13 135
32 377
44 202
82 494
104 253
178 202
385 495
269 320
255 422
296 423
329 371
29 79
141 320
172 387
158 489
199 490
232 438
273 439
23 264
9 366
56 212
83 315
157 264
248 382
234 484
308 433
349 434
41 89
151 449
132 207
173 208
159 310
233 259
250 428
35 274
21 376
136 326
227 444
361 444
20 151
326 423
359 371
59 79
138 372
185 218
212 321
229 490
262 438
14 336
0 438
41 439
437 439
187 264
247 315
16 382
90 331
38 141
439 485
203 208
315 449
15 157
53 449
414 428
106 275
92 377
139 223
166 326
226 377
240 275
331 393
391 444
432 445
69 393
143 342
91 152
129 444
215 218
201 320
242 321
27 167
13 269
44 336
66 95
104 387
219 337
7 454
43 111
29 213
48 455
409 434
120 331
194 280
180 382
221 383
6 229
386 450
18 54
4 156
23 398
45 157
83 449
97 347
105 208
210 224
270 275
22 173
8 275
60 465
421 444
25 444
99 393
173 342
121 152
398 460
2 460
57 167
98 168
84 270
136 460
134 387
175 388
189 286
222 234
249 337
1 235
340 455
37 454
73 111
152 404
212 455
265 281
251 383
284 331
36 229
77 230
416 450
127 347
75 157
113 449
168 348
187 398
228 399
90 465
38 275
203 342
277 291
230 445
263 393
304 394
337 342
87 167
128 168
166 460
188 219
240 409
279 337
31 235
143 476
91 286
108 455
182 404
283 456
80 127
140 178
198 348
184 450
332 348
318 450
43 245
392 399
101 415
142 224
235 415
334 394
158 168
196 460
270 409
311 410
135 184
121 286
214 477
286 353
272 455
313 456
24 353
46 112
115 471
137 230
249 471
323 420
288 399
40 297
21 55
73 245
174 297
265 415
366 467
399 415
89 189
75 291
149 240
168 482
176 343
190 241
281 359
267 461
52 307
0 117
38 409
79 410
126 256
165 184
203 476
225 235
343 456
54 353
279 471
320 472
394 421
31 369
12 127
17 471
53 128
58 472
91 420
144 246
130 348
295 415
47 313
28 71
107 364
396 467
198 482
220 241
280 292
5 87
10 431
32 190
65 138
156 256
109 410
183 359
348 426
408 477
7 133
12 477
67 184
81 82
86 426
172 200
259 354
364 370
350 472
61 369
9 179
121 420
162 421
234 297
24 487
60 144
46 246
426 467
63 415
151 262
362 482
35 87
40 431
76 88
100 482
141 483
174 431
153 308
227 257
39 206
378 426
56 375
37 133
42 477
89 323
116 426
138 185
438 477
281 493
93 442
41 252
74 200
113 128
192 421
239 267
266 370
431 437
30 93
54 487
68 385
90 144
169 437
241 313
282 314
342 365
53 262
433 483
70 431
92 190
130 482
171 483
204 431
218 329
47 447
69 206
107 498
129 257
468 477
160 324
220 375
280 426
321 427
385 442
49 493
123 442
71 252
104 200
145 201
197 391
257 442
236 319
296 370
7 267
34 370
139 386
125 488
199 437
180 195
273 386
6 42
312 314
23 211
97 160
83 262
124 263
157 211
349 381
60 278
8 88
25 257
137 498
178 499
159 257
252 448
250 375
2 273
76 222
475 493
153 442
134 200
175 201
213 493
268 392
328 443
1 48
4 319
78 268
152 217
138 319
243 335
303 386
330 489
55 284
363 437
127 160
113 262
187 211
206 453
305 432
30 227
16 329
57 330
90 278
117 381
131 279
379 381
208 499
282 448
356 397
15 104
20 448
92 324
166 273
284 494
317 442
358 443
31 48
69 340
91 99
110 341
143 289
108 268
160 458
418 494
242 268
333 386
85 284
434 438
236 453
310 402
370 453
411 454
43 58
29 160
48 402
122 351
87 330
120 278
161 279
23 345
64 346
45 104
50 448
105 155
124 397
372 499
196 273
237 274
289 464
297 325
22 120
8 222
27 464
388 443
140 341
173 289
200 392
214 290
24 166
98 115
103 459
175 335
276 387
1 182
340 402
381 403
18 351
59 160
100 161
152 351
193 352
243 469
251 330
55 418
3 228
77 177
94 346
228 346
319 464
52 120
38 222
79 223
93 121
131 413
230 392
304 341
395 459
73 408
133 459
207 408
155 218
205 335
279 284
58 285
108 402
223 352
283 403
314 470
448 470
33 228
107 177
167 228
198 295
318 397
101 362
82 120
87 464
109 223
235 362
64 480
12 290
177 357
237 408
311 357
297 459
402 475
80 424
140 475
88 285
253 352
286 300
313 403
65 301
46 59
115 418
63 228
137 177
156 419
189 367
1 316
288 346
18 485
329 347
389 398
114 193
193 486
174 244
306 363
292 465
3 362
56 188
89 136
168 429
341 357
19 306
368 460
79 357
401 408
170 475
192 234
147 491
260 368
246 470
320 419
72 317
53 75
58 419
130 295
204 244
223 486
336 363
47 260
33 362
74 363
396 414
146 239
239 430
299 481
10 378
32 137
109 357
183 306
197 204
315 425
26 322
7 80
12 424
34 183
48 81
86 373
139 199
125 301
218 492
23 24
9 126
28 368
88 419
102 317
451 471
253 486
201 296
5 384
387 486
60 91
13 245
65 435
25 70
63 362
178 312
269 430
2 86
40 378
62 137
67 481
81 379
172 497
153 255
213 306
254 307
306 497
39 153
345 425
56 322
4 132
37 80
78 81
190 322
231 323
248 492
382 492
14 96
55 97
60 441
132 317
206 266
192 368
357 435
398 436
30 40
16 142
35 384
57 143
95 435
117 194
169 384
417 486
458 487
72 451
111 379
92 137
171 430
245 379
284 307
14 446
410 446
148 446
129 204
146 373
187 374
220 322
247 425
321 374
32 271
352 441
11 148
44 96
71 199
123 389
145 148
164 390
236 266
296 317
48 215
122 164
139 333
199 384
240 385
226 487
273 333
364 451
23 158
9 260
50 261
124 210
143 452
201 430
275 379
8 35
13 379
44 446
25 204
118 395
140 154
178 446
238 497
252 395
217 374
250 322
291 323
43 221
29 323
62 271
76 169
103 272
120 441
442 492
268 339
328 390
18 164
4 266
56 456
78 215
97 457
152 164
330 436
55 231
3 41
41 333
435 452
94 159
154 210
57 277
131 226
117 328
222 344
208 446
309 498
20 395
106 169
147 170
133 272
185 462
207 221
224 390
284 441
17 97
110 288
108 215
261 457
300 385
112 334
203 452
337 452
48 349
376 380
139 467
87 277
161 226
188 329
312 395
64 293
12 103
45 51
413 447
215 462
163 272
256 463
289 411
80 237
66 339
140 288
291 457
332 458
365 406
43 355
406 407
65 114
103 406
115 231
216 283
1 129
6 473
307 401
367 452
4 400
40 57
45 401
100 108
105 452
193 299
210 468
251 277
344 468
383 396
443 447
360 412
420 463
19 119
24 463
57 411
79 170
170 288
230 339
362 458
73 355
21 165
59 457
95 114
133 406
174 407
246 283
31 129
36 473
58 232
397 452
75 401
149 350
223 299
283 350
314 417
374 468
415 469
198 242
184 344
225 345
101 309
450 463
128 412
109 170
202 361
293 479
301 340
26 135
12 237
31 479
86 186
427 479
177 304
163 406
204 407
237 355
278 356
369 474
80 371
28 181
61 129
88 232
107 474
181 423
253 299
5 197
65 248
13 58
445 469
63 175
156 366
216 417
257 418
255 345
381 484
7 243
40 191
67 294
81 192
114 140
172 310
193 433
232 361
292 412
457 479
56 135
42 237
61 479
116 186
157 187
176 237
267 355
368 407
79 304
137 474
170 422
211 423
285 372
343 350
35 197
21 299
73 489
95 248
114 490
155 299
134 176
246 417
260 315
287 418
320 366
347 469
20 74
361 367
89 433
70 191
111 192
149 484
223 433
47 207
0 361
74 310
165 428
239 377
299 428
373 377
51 326
32 84
338 356
68 495
123 202
109 304
164 203
301 474
26 269
375 423
139 146
144 490
218 439
226 300
350 366
28 315
102 264
50 74
88 366
162 315
220 485
201 243
294 434
354 485
27 90
13 192
32 434
65 382
118 208
178 259
255 479
329 428
2 33
7 377
29 136
62 84
81 326
141 377
120 254
153 202
180 305
194 203
273 496
306 444
6 152
345 372
56 269
4 79
42 371
83 372
97 270
405 423
308 490
60 388
41 146
46 490
132 264
173 265
159 367
250 485
324 434
21 433
57 90
62 434
76 332
95 382
136 383
208 259
309 311
39 450
20 208
359 428
400 429
460 480
59 136
171 377
185 275
212 378
336 444
377 445
14 393
437 496
36 152
74 444
96 203
148 393
261 270
247 372
51 460
352 388
338 490
30 337
11 95
90 388
164 337
112 147
150 439
379 491
412 439
203 265
263 316
414 485
106 332
139 280
240 332
331 450
64 106
50 208
69 450
124 157
143 399
215 275
256 276
242 378
407 445
44 393
25 151
66 152
71 496
104 444
145 445
219 394
467 496
217 321
318 373
43 168
29 270
122 461
142 147
180 439
254 388
419 455
23 455
97 404
119 163
105 265
210 281
196 383
270 332
22 230
8 332
94 106
99 450
121 209
154 157
233 450
272 378
76 466
98 225
84 327
131 173
134 444
175 445
222 291
249 394
309 445
1 292
59 270
133 219
152 461
174 220
36 286
110 235
96 337
89 112
127 404
302 405
30 471
11 229
52 230
38 332
126 179
186 230
203 399
277 348
304 451
101 122
87 224
106 466
128 225
161 173
279 394
31 292
12 50
64 240
91 343
163 219
204 220
256 410
80 184
140 235
167 338
217 455
5 10
29 404
43 302
392 456
82 230
156 179
142 281
216 230
276 281
367 399
193 246
210 415
158 225
270 466
22 364
94 240
121 343
195 292
286 410
346 461
24 410
98 359
46 169
84 461
137 287
170 235
211 236
271 287
362 405
21 112
59 404
147 251
174 354
265 472
399 472
72 77
77 421
190 298
176 400
209 348
223 246
300 466
415 416
52 364
0 174
38 466
74 123
93 365
112 415
225 292
15 482
51 139
417 462
155 462
293 426
353 477
26 82
31 426
53 185
144 303
130 405
204 354
47 370
28 128
429 472
181 370
129 180
167 472
179 297
220 298
280 349
5 144
10 488
32 247
65 195
371 467
44 72
82 364
104 123
109 467
142 415
156 313
183 416
257 365
348 483
7 190
81 139
67 241
86 483
141 190
172 257
158 359
232 308
273 309
447 462
383 477
424 478
56 82
42 184
135 375
162 478
248 252
234 354
60 201
46 303
98 493
63 472
159 180
238 473
436 488
35 144
40 488
62 247
477 489
227 314
213 416
56 432
190 432
264 381
303 309
14 206
0 308
74 257
93 499
148 206
454 478
113 185
192 478
206 376
239 324
266 427
431 494
68 442
16 252
169 494
241 370
301 421
15 27
53 319
466 488
70 488
125 195
166 196
204 488
218 386
226 247
317 365
28 262
69 263
129 314
220 432
321 484
32 381
13 139
385 499
44 206
118 155
178 206
236 376
269 324
296 427
370 376
7 324
81 273
29 83
34 427
122 274
139 443
199 494
273 443
221 253
23 268
4 26
9 370
97 217
157 268
248 386
234 488
289 387
349 438
22 43
13 489
46 437
173 212
159 314
250 432
324 381
2 330
76 279
351 484
384 432
425 433
134 257
175 258
227 448
287 499
326 427
37 324
111 273
138 376
303 443
251 253
14 340
55 341
437 443
30 284
11 42
16 386
38 145
57 387
90 335
131 336
222 454
439 489
15 161
92 381
240 279
331 397
317 499
432 449
17 207
91 156
110 398
182 274
11 392
44 340
85 341
145 392
219 341
434 495
217 268
258 269
318 320
29 217
122 408
120 335
161 336
194 284
221 387
386 454
23 402
64 403
45 161
97 351
124 454
196 330
237 331
270 279
8 279
25 448
99 397
140 398
121 156
173 346
200 449
2 464
98 172
84 274
464 495
189 290
175 392
249 341
290 342
276 444
340 459
59 217
114 116
152 408
193 409
212 459
265 285
3 285
77 234
416 454
168 352
176 213
30 418
52 177
38 279
112 228
131 470
170 398
244 347
304 398
73 465
54 223
106 413
207 465
205 392
31 239
182 408
223 409
47 183
33 285
85 475
107 234
126 476
167 285
181 183
184 454
198 352
332 352
32 60
101 419
109 280
142 228
183 229
235 419
334 398
12 347
45 295
177 414
158 172
237 465
311 414
80 481
61 239
9 49
121 290
135 188
162 291
195 239
253 409
327 358
65 358
46 116
98 306
115 475
63 285
156 476
189 424
1 373
288 403
40 301
21 59
100 352
389 455
265 419
213 229
339 368
3 419
77 368
42 347
116 296
168 486
190 245
267 465
19 363
0 121
401 465
165 188
244 481
192 291
225 239
51 86
357 358
343 460
128 306
320 476
394 425
72 374
53 132
58 476
130 352
171 353
204 301
245 302
336 420
396 471
33 419
148 369
198 486
220 245
280 296
10 435
373 487
49 363
123 312
197 261
183 363
257 312
26 379
7 137
48 138
34 240
81 86
86 430
139 256
172 204
199 307
259 358
364 374
28 425
61 373
83 132
88 476
162 425
234 301
327 492
5 441
60 148
13 302
65 492
426 471
63 419
104 420
137 368
151 266
211 317
238 420
269 487
2 143
40 435
141 487
153 312
227 261
254 364
39 210
42 481
78 138
116 430
138 189
157 431
190 379
231 380
19 497
55 154
456 498
132 374
206 323
357 492
431 441
35 441
16 199
95 492
131 149
117 251
169 441
222 267
208 369
342 369
20 318
37 487
70 435
111 436
171 487
284 364
17 20
129 261
143 159
146 430
187 431
220 379
261 380
321 431
352 498
385 446
44 153
49 497
90 498
123 446
145 205
164 447
486 498
236 323
337 375
48 272
29 30
34 374
122 221
120 148
125 492
199 441
240 442
6 46
64 216
50 318
97 164
215 385
201 487
275 436
289 334
349 385
27 334
13 436
25 261
99 210
118 452
159 261
200 262
217 431
291 380
2 277
76 226
24 36
29 380
62 328
84 87
103 329
115 154
120 498
153 446
194 447
254 498
1 52
328 447
326 374
18 221
4 323
367 375
152 221
138 323
212 272
243 339
229 441
344 391
330 493
55 288
41 390
206 457
154 267
30 231
131 283
222 401
282 452
323 453
356 401
15 108
20 452
59 380
92 328
133 329
207 278
224 447
298 396
358 447
31 52
17 154
91 103
96 447
110 345
108 272
182 221
242 272
335 463
11 339
71 390
186 340
236 457
277 458
411 458
10 114
15 458
48 406
221 334
312 452
353 453
64 350
45 108
50 452
86 109
124 401
177 227
289 468
237 278
388 447
80 294
140 345
214 294
200 396
489 499
365 463
406 464
43 412
24 170
98 119
115 288
63 98
189 237
216 340
276 391
1 186
381 407
18 355
4 457
40 114
45 458
78 406
100 165
119 407
193 356
191 283
441 458
251 334
292 335
22 474
77 181
383 453
94 350
42 160
75 108
168 299
195 402
228 350
319 468
267 278
360 469
93 125
79 227
131 417
170 345
244 294
230 396
271 397
436 464
73 412
54 170
133 463
147 361
155 222
246 340
31 186
110 479
130 165
322 335
52 474
33 232
107 181
448 474
198 299
184 401
225 402
258 350
299 351
101 366
49 176
87 468
109 227
128 469
161 417
301 397
64 484
334 345
86 243
177 361
163 463
204 464
237 412
278 413
402 479
80 428
28 238
61 186
88 289
140 479
162 238
181 480
179 407
214 428
253 356
5 254
65 305
46 63
82 474
63 232
137 181
156 423
216 474
290 423
269 300
255 402
329 351
40 248
81 249
193 490
389 402
172 367
158 469
191 417
232 418
306 367
56 192
42 294
94 484
116 243
135 485
176 294
190 192
234 464
308 413
19 310
0 68
46 413
368 464
473 480
170 479
211 480
244 428
343 407
384 408
147 495
95 305
169 254
155 356
246 474
320 423
361 424
53 79
58 423
89 490
70 248
111 249
144 197
171 300
262 418
336 367
322 469
47 264
0 418
396 418
96 126
165 485
146 243
239 434
299 485
373 434
51 383
32 141
338 413
123 259
164 260
150 362
197 208
241 480
315 429
375 480
12 428
48 85
34 187
53 429
125 305
199 254
226 357
259 305
317 475
350 423
23 28
9 130
28 372
50 131
88 423
102 321
129 424
162 372
201 300
253 490
294 491
27 147
13 249
32 491
44 316
65 439
118 265
178 316
252 265
238 367
370 486
403 434
29 193
62 141
67 485
141 434
153 259
194 260
254 311
345 429
4 136
9 480
42 428
78 85
83 429
97 327
157 378
231 327
248 496
382 496
41 203
132 321
192 372
233 373
324 491
398 440
30 44
21 490
35 388
57 147
62 491
95 439
136 440
134 367
458 491
20 265
359 485
400 486
111 383
185 332
171 434
284 311
14 450
36 209
148 450
96 260
127 327
113 429
160 275
187 378
261 327
321 378
352 445
30 394
16 496
85 101
71 203
90 445
145 152
164 394
203 322
236 270
15 271
48 219
488 491
87 147
92 491
125 439
166 440
226 491
240 389
64 163
50 265
124 214
143 456
430 486
201 434
242 435
275 383
316 384
27 281
25 208
66 209
118 399
140 158
178 450
217 378
318 430
43 225
103 276
483 497
194 394
268 343
6 343
4 270
78 219
97 461
231 461
243 286
196 440
270 389
3 45
435 456
173 456
195 215
272 435
305 383
346 384
57 281
98 282
84 384
249 451
323 400
1 349
147 174
133 276
207 225
298 343
339 344
110 292
58 102
75 271
108 219
300 389
11 286
52 287
33 45
126 236
203 456
184 214
337 456
15 405
87 281
128 282
202 231
293 349
353 400
12 107
91 400
355 446
80 241
28 51
66 343
88 102
214 241
179 220
291 461
406 411
5 67
367 456
45 405
119 354
100 112
210 472
61 349
42 107
94 297
121 400
135 298
443 451
360 416
420 467
19 123
24 467
46 226
79 174
170 292
211 293
271 344
362 462
35 67
21 169
73 359
147 308
155 169
174 411
246 287
339 478
72 134
58 236
397 456
89 303
438 457
149 354
209 405
415 473
52 421
126 370
74 180
112 472
239 247
51 196
390 416
450 467
128 416
150 175
293 483
301 344
26 139
12 241
31 483
144 360
130 462
177 308
278 360
369 478
80 375
28 185
102 134
107 478
162 185
181 427
179 354
294 304
280 406
5 201
354 355
32 304
13 62
385 422
142 472
197 371
257 422
255 349
81 196
172 314
158 416
259 468
6 22
56 139
97 140
83 242
135 432
157 191
195 483
248 309
234 411
308 360
368 411
46 360
132 134
137 478
159 237
211 427
250 355
35 201
114 494
62 304
95 252
136 253
227 371
260 319
20 78
452 489
89 437
190 489
171 247
212 248
264 438
262 365
322 416
14 263
363 417
74 314
148 263
165 432
113 242
206 433
225 483
266 484
338 360
30 207
150 309
315 376
375 427
15 84
125 252
218 443
278 494
317 422
28 319
69 320
143 269
418 474
160 438
220 489
201 247
242 248
294 438
27 94
32 438
333 366
393 417
118 212
104 314
219 264
236 433
255 483
269 381
296 484
2 37
7 381
29 140
48 382
81 330
122 331
120 258
172 448
194 207
254 258
6 156
345 376
23 325
4 83
45 84
157 325
105 135
372 479
405 427
248 443
196 253
308 494
349 495
22 100
8 202
46 494
60 392
25 371
99 320
173 269
233 320
2 387
76 336
57 94
136 387
84 197
117 145
425 490
134 314
175 315
249 264
39 454
20 212
326 484
400 433
37 381
78 382
460 484
138 433
212 382
243 449
377 449
96 207
75 84
113 376
187 325
228 326
352 392
379 495
11 99
90 392
112 151
203 269
263 320
414 489
106 336
87 94
92 438
226 438
331 454
50 212
91 213
143 403
430 433
108 382
182 331
256 280
407 449
11 449
44 397
85 398
145 449
219 398
217 325
318 377
43 172
122 465
103 223
409 495
120 392
142 151
235 342
6 290
97 408
119 167
105 269
485 490
210 285
270 336
311 337
297 439
22 234
8 336
402 455
94 110
99 454
121 213
214 404
24 280
98 229
84 331
189 347
175 449
309 449
1 296
288 326
18 465
59 274
114 173
174 224
191 393
224 341
251 444
265 342
325 393
3 342
36 290
77 291
89 116
75 218
94 460
127 408
168 409
176 270
209 218
228 460
302 409
30 475
52 234
38 336
112 285
203 403
244 404
277 352
304 455
15 352
68 178
54 280
128 229
147 471
188 280
205 449
279 398
320 399
31 296
17 398
53 55
380 450
144 173
130 275
182 465
204 224
256 414
295 342
355 393
47 240
33 342
80 188
167 342
198 409
258 460
101 476
82 234
156 183
109 337
183 286
235 476
274 404
307 352
334 455
7 60
12 404
45 352
177 471
158 229
22 368
350 399
61 296
42 54
121 347
162 348
195 296
253 466
286 414
360 363
19 70
65 415
24 414
46 173
60 71
63 342
84 465
98 363
137 291
151 189
1 430
189 481
211 240
288 460
403 410
40 358
114 307
422 460
306 477
72 81
77 425
89 250
42 404
75 352
116 353
176 404
190 302
14 76
19 420
74 127
79 471
192 348
225 296
357 415
68 312
16 122
49 70
54 414
128 363
155 466
417 466
260 482
293 430
394 482
31 430
70 358
144 307
130 409
204 358
218 256
245 359
336 477
47 374
28 132
33 476
69 133
146 353
280 353
5 148
10 492
371 471
44 76
197 318
257 369
255 296
348 487
81 143
86 487
122 144
158 363
199 364
259 415
364 431
23 138
9 240
28 482
61 430
102 431
248 256
234 358
275 359
60 205
8 15
46 307
25 184
99 133
151 323
178 426
211 374
238 477
252 375
250 302
35 148
81 493
153 369
213 420
287 369
328 370
39 267
56 436
37 194
78 195
116 487
138 246
231 437
264 385
243 262
303 313
14 210
0 312
41 313
363 364
132 431
113 189
266 431
305 359
30 154
16 256
431 498
169 498
150 256
208 426
241 374
15 31
70 492
92 251
226 251
69 267
143 216
108 195
220 436
261 437
294 385
321 488
11 262
71 313
145 262
310 329
296 431
370 380
48 329
29 87
34 431
122 278
461 498
120 205
312 375
372 426
97 221
124 324
215 442
196 200
275 493
349 442
8 149
13 493
25 318
99 267
173 216
159 318
200 319
214 217
291 437
365 386
351 488
76 283
29 437
62 385
84 144
103 386
115 211
227 452
175 262
425 437
276 314
6 453
39 401
18 278
4 380
78 329
138 380
243 396
303 447
344 448
55 345
36 103
41 447
77 104
94 273
127 221
154 324
319 391
379 442
16 390
57 391
420 443
117 442
439 493
222 458
203 216
356 458
15 165
106 283
59 437
92 385
207 335
205 262
298 453
432 453
91 160
397 432
108 329
242 329
300 499
11 396
47 53
66 103
71 447
85 345
112 448
145 396
198 222
184 324
258 273
310 463
318 324
10 171
48 463
409 442
87 391
109 150
427 459
64 407
45 165
124 458
177 284
163 386
22 181
25 452
61 109
66 453
80 351
121 160
200 453
214 351
272 329
313 330
43 469
84 278
115 345
63 155
142 448
189 294
290 346
276 448
464 499
18 412
40 171
114 120
193 413
251 391
77 238
457 459
42 217
116 166
154 458
168 356
176 217
195 459
267 335
19 233
93 182
131 474
170 402
244 351
230 453
304 402
54 227
95 228
169 177
205 396
246 397
17 345
58 346
72 244
108 463
149 464
130 222
47 187
33 289
107 238
148 239
167 289
181 187
198 356
146 166
184 458
258 407
299 408
10 305
51 306
32 64
82 181
123 182
109 284
161 474
183 233
202 475
274 351
334 402
26 249
12 351
375 403
177 418
125 228
311 418
80 485
28 295
9 53
162 295
179 464
253 413
327 362
387 413
63 289
156 480
290 480
255 459
288 407
329 408
2 13
40 305
67 408
81 306
114 254
141 357
153 182
366 475
3 423
42 351
116 300
281 367
308 470
382 419
14 23
0 125
41 126
244 485
285 486
35 311
21 413
95 362
260 429
208 239
320 480
58 480
70 305
130 356
171 357
245 306
262 475
14 373
0 475
47 321
69 80
129 131
396 475
160 198
146 300
247 352
373 491
32 198
352 368
371 418
49 367
123 316
109 418
150 419
164 317
12 485
48 142
414 465
139 260
125 362
199 311
226 414
259 362
391 481
23 85
28 429
83 136
88 480
102 378
124 137
129 481
162 429
201 357
215 255
5 445
65 496
13 306
426 475
25 131
104 424
178 373
269 491
7 491
81 440
62 198
103 199
141 491
194 317
254 368
6 266
345 486
419 435
56 383
42 485
78 142
97 384
138 193
479 486
229 311
330 363
55 158
132 378
206 327
159 481
192 429
398 497
30 101
16 203
35 445
95 496
136 497
222 271
282 322
309 425
342 373
20 322
111 440
185 389
171 491
212 492
224 317
284 368
36 266
110 215
96 317
127 384
160 332
187 435
321 435
30 451
11 209
85 158
71 260
145 209
164 451
186 210
236 327
277 328
263 430
337 379
48 276
34 378
428 497
101 102
87 204
166 497
240 446
372 373
64 220
124 271
215 389
242 492
316 441
27 338
13 440
66 266
99 214
200 266
217 435
291 384
2 281
351 435
392 436
84 91
115 158
194 451
142 261
175 209
268 400
328 451
6 400
307 328
18 225
4 327
45 328
119 277
105 379
152 225
193 226
210 395
243 343
270 446
344 395
330 497
22 344
3 102
8 446
94 220
154 271
272 492
305 440
346 441
19 46
57 338
79 97
98 339
131 287
222 405
230 266
20 456
73 282
59 384
133 333
147 231
207 282
422 436
205 209
358 451
399 452
36 400
110 349
182 225
300 446
374 395
11 343
434 446
38 446
186 344
184 271
225 272
411 462
10 118
376 441
101 236
87 338
161 287
188 390
293 406
26 62
12 164
31 406
50 456
64 354
91 457
163 333
237 282
278 283
388 451
80 298
429 452
140 349
88 159
167 452
181 350
214 298
179 277
43 416
65 175
82 344
63 102
156 293
216 344
307 462
381 411
18 359
40 118
45 462
67 221
141 170
193 360
158 339
191 287
232 288
292 339
3 236
383 457
56 62
61 406
121 457
360 473
19 180
93 129
79 231
170 349
211 350
244 298
436 468
35 124
95 175
133 467
155 226
174 468
246 344
347 396
72 191
58 293
70 118
75 462
130 169
149 411
209 462
264 361
314 478
322 339
47 134
0 288
33 236
52 478
74 237
126 427
225 406
299 355
482 483
68 422
123 129
109 231
128 473
150 232
202 422
241 350
274 298
301 401
26 196
86 247
466 468
144 417
177 365
204 468
218 366
80 432
28 242
102 191
88 293
162 242
181 484
179 411
253 360
294 361
5 258
354 412
385 479
44 186
63 236
82 478
104 237
118 135
156 427
178 186
197 428
255 406
257 479
329 355
389 406
81 253
67 355
172 371
158 473
292 473
42 298
83 299
97 197
135 489
234 468
368 468
41 73
151 433
211 484
159 294
192 242
233 243
285 433
324 361
35 258
21 360
95 309
136 310
169 258
227 428
287 479
361 428
39 377
72 325
111 253
171 304
212 305
264 495
262 422
336 371
322 473
14 320
0 422
36 79
74 371
363 474
127 197
146 247
239 438
30 264
11 22
16 366
49 314
71 73
439 469
375 484
48 89
53 433
92 361
125 309
166 310
331 377
317 479
391 428
28 376
50 135
129 428
160 495
201 304
242 305
5 392
294 495
13 253
393 474
118 269
66 79
104 371
178 320
252 269
269 438
217 248
7 438
43 95
67 489
81 387
122 388
194 264
254 315
6 213
18 38
4 140
23 382
78 89
83 433
105 192
157 382
405 484
196 310
446 485
22 157
8 259
55 105
60 449
132 325
159 428
324 495
272 305
35 392
76 393
57 151
136 444
208 320
249 321
309 372
20 269
340 439
400 490
37 438
78 439
59 197
133 146
152 388
212 439
284 315
14 454
55 455
36 213
110 162
113 433
261 331
247 433
302 332
352 449
30 398
52 157
38 259
164 398
203 326
263 377
428 444
106 393
87 151
226 495
205 372
17 321
50 269
91 270
143 460
430 490
256 337
242 439
85 455
66 213
140 162
219 455
200 213
217 382
291 331
318 434
43 229
29 331
82 157
161 450
194 398
235 399
6 347
97 465
210 342
196 444
270 393
311 394
297 496
3 49
8 393
435 460
135 168
121 270
173 460
195 219
286 337
272 439
346 388
24 337
115 455
249 455
323 404
1 353
288 383
21 39
100 332
133 280
174 281
191 450
224 398
265 399
339 348
77 348
58 106
127 465
75 275
300 393
341 394
52 291
33 49
38 393
112 342
126 240
186 291
203 460
244 461
277 409
401 445
101 183
54 337
128 286
202 235
279 455
353 404
394 405
12 111
53 112
91 404
144 230
130 332
204 281
295 399
355 450
33 399
66 347
107 348
167 399
181 297
179 224
406 415
10 415
65 122
197 241
257 292
274 461
307 409
408 461
7 117
45 409
86 410
119 358
210 476
158 286
232 235
22 425
61 353
135 302
83 112
121 404
195 353
286 471
234 281
327 472
19 127
98 420
63 399
211 297
271 348
1 487
35 71
100 466
174 415
339 482
287 292
72 138
77 482
89 307
37 117
75 409
149 358
176 461
281 477
0 235
93 426
239 251
192 405
299 302
357 472
49 127
54 471
169 421
150 179
202 369
293 487
301 348
342 349
53 246
70 415
144 364
130 466
204 415
218 313
245 416
278 364
369 482
47 431
28 189
69 190
107 482
148 483
181 431
160 308
146 410
220 359
294 308
280 410
5 205
354 359
32 308
13 66
44 133
49 477
197 375
257 426
255 353
296 354
26 493
81 200
67 302
122 201
172 318
120 128
125 472
158 420
199 421
232 369
273 370
364 488
23 195
61 487
83 246
97 144
135 436
157 195
349 365
60 262
8 72
440 483
151 380
132 138
137 482
159 241
211 431
285 380
250 359
2 257
35 205
62 308
76 206
114 498
153 426
134 184
227 375
287 426
328 427
361 375
39 324
20 82
452 493
37 251
190 493
138 303
212 252
231 494
243 319
229 421
264 442
14 267
0 369
41 370
127 144
113 246
132 488
206 437
266 488
338 364
30 211
16 313
38 72
117 365
150 313
164 211
208 483
282 432
356 381
342 483
422 478
15 88
53 380
106 206
92 308
144 498
185 499
226 308
317 426
69 324
17 134
129 375
418 478
160 442
220 493
261 494
242 252
294 442
335 443
333 370
44 267
85 268
71 370
118 216
145 319
393 421
236 437
296 488
370 437
48 386
194 211
312 432
9 431
45 88
83 380
215 499
196 257
289 448
297 309
22 104
27 448
388 427
200 376
233 324
250 493
291 494
324 442
2 391
76 340
24 150
62 442
84 201
103 443
115 268
136 391
189 217
249 268
425 494
309 319
1 166
39 458
340 386
18 335
4 437
78 386
59 144
152 335
400 437
243 453
251 314
377 453
77 161
127 278
75 88
168 279
228 330
30 345
52 104
38 206
57 448
117 499
263 324
304 325
15 222
395 443
455 494
54 150
133 443
31 166
110 459
91 217
182 335
316 335
11 453
85 402
33 212
145 453
219 402
167 212
448 454
184 381
318 381
122 469
82 104
161 397
142 155
235 346
64 464
86 223
119 171
485 494
210 289
163 443
196 391
237 392
311 341
80 408
99 458
140 459
313 387
24 284
98 233
115 402
63 212
137 161
175 453
189 351
216 454
1 300
290 403
18 469
40 228
152 469
100 279
174 228
191 397
251 448
366 398
3 346
77 295
89 120
94 464
149 171
168 413
176 274
302 413
281 290
267 392
0 48
79 341
93 239
170 459
244 408
304 459
54 284
128 233
169 234
205 453
260 352
293 300
31 300
17 402
53 59
58 403
72 301
70 228
144 177
380 454
295 346
355 397
396 398
107 295
181 244
167 346
198 413
146 223
299 465
373 414
5 18
10 362
32 121
101 480
82 238
235 480
183 290
12 408
86 357
34 167
67 115
177 475
350 403
61 300
162 352
253 470
327 419
387 470
60 75
65 419
151 193
211 244
238 347
288 464
403 414
2 70
40 362
67 465
114 311
141 414
153 239
213 290
306 481
39 137
56 306
37 64
42 408
116 357
176 408
190 306
405 460
341 475
382 476
19 424
93 373
79 475
165 249
206 250
192 352
266 301
35 368
16 126
21 470
95 419
155 470
169 368
417 470
260 486
241 244
458 471
394 486
20 245
359 465
70 362
144 311
92 121
130 413
171 414
185 312
245 363
410 430
47 378
33 480
74 481
148 430
129 188
160 255
146 357
220 306
247 409
51 497
32 255
371 475
44 80
49 424
71 183
123 373
150 476
183 424
197 322
296 301
26 440
48 199
34 301
86 491
122 148
447 470
125 419
199 368
273 317
259 419
28 486
9 244
50 245
102 435
124 194
162 486
215 312
201 414
248 260
275 363
13 363
63 480
104 481
178 430
159 188
238 481
291 307
2 204
351 358
62 255
103 256
136 204
477 497
194 374
180 476
213 424
227 322
268 323
6 323
39 271
419 492
18 148
78 199
157 492
138 250
231 441
229 368
330 420
55 215
41 317
363 368
132 435
206 384
192 486
266 435
131 210
117 312
134 481
208 430
222 328
20 379
111 497
185 446
133 256
166 204
245 497
298 323
358 374
69 271
418 425
96 374
449 492
127 441
146 491
187 492
335 390
236 384
184 194
263 487
277 385
310 333
48 333
34 435
122 282
337 436
101 159
139 451
161 210
221 261
312 379
372 430
64 277
413 431
163 256
196 204
22 51
27 395
25 322
99 271
214 221
291 441
365 390
2 338
351 492
29 441
103 390
84 148
392 493
425 441
175 266
276 318
367 436
4 384
40 41
119 334
105 436
193 283
210 452
191 210
243 400
344 452
22 401
55 349
94 277
168 226
228 277
319 395
305 497
346 498
360 396
57 395
131 344
84 498
420 447
222 462
230 323
422 493
59 441
133 390
147 288
207 339
205 266
298 457
31 113
17 215
36 457
58 216
91 164
397 436
182 282
283 334
314 401
374 452
11 400
47 57
33 159
85 349
107 108
186 401
184 328
10 175
390 396
49 103
87 395
109 154
188 447
235 293
293 463
427 463
26 119
12 221
64 411
177 288
163 390
402 406
66 457
102 114
88 216
140 406
162 165
200 457
179 334
214 355
313 334
65 232
404 452
115 349
63 159
142 452
216 401
290 350
276 452
381 468
114 124
191 344
265 293
292 396
3 293
403 422
56 119
42 221
135 412
168 360
176 221
267 339
19 237
93 186
79 288
170 406
271 458
68 129
147 422
95 232
169 181
155 283
246 401
320 350
70 175
149 468
171 227
262 345
74 294
148 243
165 412
146 170
225 463
239 361
299 412
51 310
32 68
338 340
101 427
150 289
183 237
241 407
274 355
301 458
315 356
7 11
12 355
34 114
53 356
177 422
218 423
278 474
80 489
28 299
9 57
102 248
162 299
179 468
313 468
354 469
27 74
13 176
65 366
63 293
118 192
156 484
238 294
255 463
2 17
81 310
62 68
141 361
153 186
232 479
180 289
39 84
405 407
42 355
116 304
157 305
248 423
281 371
308 474
19 371
60 372
151 490
324 418
357 366
384 469
16 73
21 417
136 367
117 125
169 315
260 433
208 243
361 485
72 382
20 192
359 412
37 361
185 259
262 479
336 428
377 429
14 377
396 479
69 84
74 428
148 377
437 480
113 356
187 305
239 495
247 356
412 423
49 371
472 474
71 130
315 490
263 300
48 146
34 248
53 490
139 264
125 366
199 315
226 418
331 434
391 485
28 433
69 434
50 192
102 382
124 141
129 485
215 259
201 361
407 429
44 377
467 480
66 136
252 326
269 495
2 151
43 152
29 254
76 100
81 444
122 445
120 372
194 321
6 270
345 490
419 439
78 146
119 147
105 249
138 197
157 439
196 367
270 316
55 162
41 264
99 434
132 382
159 485
233 434
305 310
131 157
117 259
208 377
249 378
323 327
20 326
340 496
37 495
73 152
59 254
111 444
133 203
152 445
474 496
284 372
36 270
17 28
96 321
110 219
127 388
108 146
113 490
187 439
247 490
261 388
302 389
335 337
300 316
30 455
85 162
71 264
112 265
126 163
164 455
263 434
15 332
101 106
87 208
106 450
188 260
312 326
64 224
17 378
50 326
91 327
124 275
215 393
163 203
242 496
256 394
316 445
355 373
80 168
66 270
118 460
167 322
200 270
318 491
24 44
29 388
103 337
82 214
115 162
142 265
156 163
194 455
235 456
268 404
18 229
367 383
45 332
119 281
105 383
193 230
210 399
270 450
344 399
22 348
135 225
121 327
168 173
195 276
286 394
346 445
19 50
24 394
79 101
84 445
98 343
189 461
170 219
1 410
288 440
362 389
422 440
21 96
133 337
174 338
224 455
298 404
3 456
36 404
77 405
75 332
209 332
300 450
341 451
374 399
52 348
33 106
38 450
126 297
186 348
165 225
225 276
403 427
10 122
15 466
376 445
49 50
54 394
128 343
188 394
394 462
12 168
86 117
91 461
177 235
130 389
204 338
278 287
369 405
107 405
88 163
167 456
5 128
10 472
65 179
371 451
63 106
216 348
257 349
255 276
348 467
381 415
40 122
45 466
81 123
119 415
292 343
22 482
383 461
61 410
135 359
83 169
116 117
195 410
234 338
360 477
19 184
60 185
93 133
98 477
211 354
285 303
35 128
21 230
40 472
95 179
136 180
213 400
246 348
378 467
89 364
37 174
70 122
75 466
116 467
149 415
171 174
314 482
262 292
322 343
148 190
454 462
165 359
113 169
266 411
299 359
51 257
68 426
49 184
90 185
123 133
128 477
150 236
169 478
202 426
241 354
26 200
53 303
34 61
70 472
125 179
166 180
204 472
218 370
278 421
102 195
88 297
129 298
181 488
146 467
294 365
280 467
5 262
354 416
385 483
13 123
82 482
118 139
197 432
178 190
257 483
296 411
329 359
7 308
81 257
67 359
122 258
461 478
172 375
120 185
158 477
199 478
232 426
23 252
9 354
56 200
83 303
97 201
135 493
308 421
349 422
8 129
41 77
46 421
151 437
132 195
173 196
159 298
233 247
252 489
285 437
250 416
324 365
35 262
21 364
62 365
76 263
384 416
134 241
227 432
287 483
361 432
39 381
20 139
326 411
59 67
138 360
152 258
212 309
229 478
14 324
0 426
36 83
363 478
127 201
113 303
187 252
206 494
338 421
30 268
11 26
16 370
379 422
117 422
150 370
439 473
241 488
282 489
315 437
356 438
53 437
414 416
106 263
92 365
240 263
226 365
317 483
391 432
143 330
91 140
129 432
160 499
182 258
429 497
242 309
333 427
44 324
85 325
66 83
118 273
145 376
219 325
217 252
310 443
370 494
43 99
103 150
409 422
120 319
235 269
6 217
23 386
9 488
83 437
97 335
105 196
124 438
446 489
196 314
22 161
8 263
60 453
421 432
25 432
173 330
121 140
159 432
200 433
233 381
324 499
398 448
24 207
57 155
62 499
84 258
98 156
115 325
136 448
189 274
309 376
4 494
73 99
59 201
78 443
152 392
224 268
251 371
36 217
77 218
127 335
75 145
154 438
168 336
302 336
131 454
112 212
277 279
230 433
263 381
15 279
68 105
54 207
92 499
106 397
128 156
166 448
207 449
31 223
17 325
91 274
430 494
471 495
108 443
130 202
256 341
283 444
80 115
66 217
85 459
107 218
167 269
198 336
101 403
82 161
161 454
334 382
45 279
86 280
105 330
119 228
196 448
237 449
311 398
22 295
135 172
121 274
195 223
286 341
387 393
24 341
46 100
84 392
189 408
290 460
1 357
73 233
100 336
174 285
265 403
339 352
325 454
366 455
3 403
77 352
399 403
89 177
75 279
116 280
149 228
168 470
176 331
190 229
281 347
38 397
79 398
93 296
165 172
244 465
343 444
54 341
169 291
155 393
188 341
202 239
279 459
394 409
31 357
53 116
58 460
91 408
70 285
204 285
295 403
355 454
47 301
28 59
33 403
107 352
167 403
181 301
396 455
146 280
220 229
332 470
32 178
371 398
49 347
123 296
257 296
274 465
348 414
408 465
7 121
12 465
67 172
86 414
172 188
158 290
199 291
350 460
23 65
9 167
61 357
83 116
102 358
121 408
162 409
60 132
46 234
65 476
63 403
211 301
252 302
238 404
35 75
114 368
100 470
153 296
227 245
213 347
287 296
39 194
77 486
378 414
56 363
37 121
42 465
190 363
176 465
438 465
281 481
19 481
0 239
41 240
93 430
456 482
132 358
113 116
165 306
266 358
357 476
30 81
16 183
35 425
54 475
68 373
150 183
282 302
342 353
72 492
53 250
433 471
70 419
144 368
130 470
171 471
185 369
69 194
148 487
160 312
321 415
32 312
44 137
49 481
71 240
85 138
123 430
145 189
183 481
197 379
236 307
296 358
26 497
7 255
139 374
120 132
125 476
259 476
6 30
364 492
23 199
9 301
83 250
157 199
248 317
201 471
275 420
289 318
349 369
27 318
440 487
25 245
99 194
118 436
151 384
178 487
200 246
252 436
2 261
76 210
475 481
153 430
134 188
175 189
213 481
1 36
39 328
56 497
138 307
231 498
303 374
330 477
41 374
127 148
132 492
154 251
206 441
305 420
16 317
117 369
208 487
230 246
356 385
20 436
92 312
133 313
166 261
207 262
298 380
358 431
143 277
160 446
108 256
182 205
261 498
242 256
333 374
393 425
85 272
71 374
186 324
219 272
236 441
184 251
296 492
310 390
337 493
43 46
34 492
122 339
411 442
101 216
87 318
120 266
312 436
372 487
64 334
50 436
124 385
163 313
196 261
237 262
297 313
27 452
388 431
25 379
66 380
99 328
173 277
2 395
43 396
24 154
76 344
98 103
115 272
175 323
249 272
1 170
367 493
40 98
78 390
105 493
119 391
138 441
152 339
193 340
243 457
251 318
22 458
55 406
77 165
94 334
168 283
228 334
57 452
38 210
93 109
131 401
244 278
230 380
304 329
395 447
106 344
54 154
59 498
133 447
155 206
207 396
455 498
205 323
246 324
496 499
31 170
110 463
58 273
91 221
397 493
70 98
108 390
223 340
209 442
314 458
11 457
47 114
85 406
126 407
299 335
10 232
390 453
87 452
109 211
202 402
221 452
26 176
237 396
297 447
80 412
61 170
140 463
88 273
214 412
253 340
46 47
156 407
290 407
18 473
329 335
193 474
191 401
232 402
306 351
366 402
89 124
42 278
94 468
116 227
168 417
176 278
281 294
341 345
19 294
0 52
41 53
79 345
93 243
244 412
285 413
68 186
21 340
54 288
147 479
155 340
260 356
246 458
320 407
380 458
53 63
58 407
89 474
144 181
130 283
171 284
204 232
262 402
47 248
74 351
148 300
165 469
146 227
198 417
239 418
247 279
10 366
51 367
373 418
101 484
123 243
109 345
183 294
315 413
348 361
26 310
7 68
12 412
34 171
139 187
125 289
177 479
350 407
28 356
9 114
102 305
451 459
201 284
27 131
13 233
25 58
104 351
118 249
137 299
178 300
238 351
269 418
329 469
7 418
40 366
62 125
141 418
463 469
153 243
213 294
254 295
345 413
405 464
4 120
37 68
42 412
157 362
190 310
231 311
248 480
229 238
281 428
382 480
19 428
55 85
132 305
206 254
266 305
35 372
458 475
57 131
117 182
155 474
134 351
359 469
37 418
111 367
92 125
185 316
410 434
74 485
110 142
148 434
160 259
113 413
187 362
220 310
412 480
49 428
123 377
164 378
150 480
236 254
263 357
34 305
139 321
87 131
125 423
166 424
199 372
240 373
273 321
364 439
64 147
50 249
102 439
143 440
275 367
316 368
27 265
8 23
44 434
25 192
99 141
219 435
252 383
2 208
43 209
351 362
103 260
442 480
153 377
194 378
180 480
254 429
328 378
6 327
419 496
18 152
23 496
78 203
97 445
138 254
157 496
243 270
196 424
229 372
330 424
8 373
41 321
435 440
99 491
305 367
346 368
57 265
208 434
323 384
309 486
15 39
20 383
106 157
147 158
185 450
207 209
298 327
284 429
358 378
36 327
17 85
58 86
96 378
127 445
449 496
187 496
261 445
335 394
490 497
11 270
85 219
126 220
184 198
263 491
277 389
337 440
161 214
188 317
353 384
12 91
124 332
163 260
27 399
80 225
66 327
140 276
200 327
217 496
332 446
365 394
43 343
24 101
103 394
115 219
216 271
276 322
6 461
307 389
18 286
40 45
45 389
105 440
191 214
251 265
344 456
22 405
3 163
383 384
94 281
42 91
154 332
168 230
195 333
360 400
420 451
19 107
98 400
79 158
271 328
362 446
73 343
21 153
54 101
133 394
174 395
207 343
422 497
298 461
36 461
72 118
58 220
77 462
89 287
75 389
110 410
149 338
209 389
223 287
283 338
314 405
397 440
415 457
52 405
126 354
74 164
112 456
186 405
198 230
225 333
51 180
68 349
54 451
87 399
128 400
188 451
202 349
427 467
26 123
31 467
86 174
177 292
163 394
204 395
237 343
80 359
66 461
102 118
107 462
140 410
162 169
179 338
253 287
280 390
5 185
43 477
65 236
313 338
404 456
104 164
216 405
257 406
255 333
7 231
40 179
67 282
81 180
119 472
141 231
158 400
172 298
193 421
232 349
457 467
56 123
42 225
61 467
248 293
267 343
308 344
19 241
368 395
151 360
137 462
170 410
285 360
271 462
35 185
21 287
73 477
114 478
155 287
169 185
134 164
213 457
246 405
347 457
72 252
58 354
452 473
89 421
70 179
149 472
171 231
264 422
14 247
126 488
74 298
165 416
239 365
225 467
266 468
299 416
51 314
32 72
338 344
49 241
90 242
123 190
164 191
202 483
241 411
301 462
375 411
278 478
317 406
9 61
102 252
143 253
179 472
201 231
354 473
27 78
32 422
118 196
104 298
197 489
238 298
255 467
329 416
370 417
2 21
7 365
67 416
81 314
153 190
232 483
180 293
273 484
6 140
23 309
405 411
157 309
231 258
248 427
308 478
349 479
60 376
41 134
151 494
132 252
173 253
159 355
233 304
250 473
324 422
384 473
21 421
57 78
76 320
117 129
136 371
134 298
208 247
361 489
326 468
359 416
400 417
111 314
185 263
171 365
460 468
262 483
377 433
0 483
41 484
74 432
96 191
437 484
187 309
247 360
338 478
412 427
90 376
38 186
71 134
203 253
315 494
106 320
139 268
166 371
331 438
391 489
91 197
124 145
182 315
27 212
13 314
44 381
118 330
71 484
145 433
467 484
217 309
43 156
29 258
103 207
122 449
409 479
194 325
180 427
235 326
254 376
268 274
345 494
386 495
18 99
23 443
45 202
97 392
105 253
119 151
124 495
157 443
196 371
210 269
297 423
22 218
330 371
421 489
25 489
462 490
233 438
24 264
98 213
115 382
134 432
189 331
249 382
1 280
37 499
152 449
133 207
174 208
265 326
77 275
89 100
75 202
113 494
127 392
168 393
228 444
302 393
30 459
52 218
38 320
112 269
126 167
186 218
203 387
230 490
263 438
15 336
101 110
54 264
106 454
128 213
188 264
240 454
205 433
279 382
17 382
163 207
256 398
316 449
66 274
181 224
198 393
217 443
258 444
332 393
318 495
10 342
392 444
101 460
82 218
156 167
216 218
307 336
119 285
105 387
193 234
210 403
158 213
270 454
22 352
8 454
61 280
135 229
121 331
195 280
286 398
346 449
24 398
98 347
46 157
79 105
84 449
137 275
211 224
323 465
271 275
1 414
288 444
362 393
40 342
73 290
100 393
114 291
422 444
339 409
77 409
75 336
149 285
190 286
176 388
341 455
52 352
126 301
79 455
165 229
225 280
417 450
128 347
202 296
155 450
188 398
293 414
394 466
91 465
144 291
130 393
218 240
278 291
295 460
429 460
33 460
167 460
220 286
5 132
10 476
65 183
44 60
82 352
104 111
123 353
156 301
183 404
197 302
257 353
255 280
348 471
7 178
81 127
67 229
86 471
447 450
158 347
232 296
259 399
23 122
61 414
83 173
121 465
162 466
234 342
46 291
459 460
151 307
271 409
250 286
35 132
21 234
40 476
114 425
136 184
174 476
213 404
287 353
347 404
378 471
56 420
111 127
116 471
264 369
0 296
74 245
113 173
192 466
206 364
239 312
30 138
68 430
90 189
169 482
241 358
282 359
342 410
53 307
106 133
144 425
245 477
143 200
160 369
220 420
280 471
321 472
335 370
44 194
118 143
71 297
104 245
123 487
145 246
197 436
236 364
257 487
269 312
296 415
48 313
29 71
122 262
461 482
139 431
120 189
172 379
180 240
221 241
6 87
312 359
23 256
4 14
83 307
124 308
157 256
215 426
248 374
275 477
349 426
25 302
99 251
173 200
159 302
233 251
252 493
250 420
365 370
2 318
76 267
62 369
136 318
84 128
351 472
153 487
134 245
175 246
227 436
268 437
287 487
1 93
326 415
37 312
59 71
212 313
243 380
303 431
377 380
55 329
36 87
77 88
127 205
113 307
228 257
30 272
11 30
16 374
38 133
57 375
222 442
282 493
15 149
20 493
54 77
166 318
207 319
205 246
331 385
432 437
31 93
108 313
182 262
242 313
333 431
11 380
85 329
393 482
145 380
219 329
236 498
184 308
310 447
10 155
43 103
48 447
122 396
409 426
87 375
120 323
161 324
221 375
312 493
386 442
23 390
64 391
45 149
124 442
210 216
196 318
237 319
297 370
8 267
388 488
25 436
140 386
173 334
214 335
272 313
76 401
24 211
98 160
84 262
115 329
189 278
464 483
249 329
290 330
340 447
381 448
18 396
4 498
73 103
59 205
78 447
152 396
193 397
441 499
191 324
265 273
416 442
476 493
75 149
154 442
168 340
176 201
228 391
302 340
52 165
38 267
131 458
170 386
230 437
15 283
73 453
106 401
128 160
147 402
155 263
320 330
380 381
182 396
223 397
209 499
256 345
85 463
33 273
107 222
126 464
184 442
258 391
332 340
318 442
10 289
32 48
101 407
82 165
123 166
109 268
161 458
183 217
235 407
12 335
86 284
177 402
237 453
311 402
80 469
61 227
88 330
253 397
286 345
387 397
24 345
65 346
46 104
63 273
137 222
189 412
290 464
238 274
1 361
329 392
40 289
114 238
389 443
141 341
174 289
153 166
339 356
366 459
3 407
77 356
56 233
42 335
89 181
116 284
168 474
267 453
19 351
93 300
79 402
401 453
165 176
192 279
343 448
68 243
95 346
169 295
155 397
260 413
394 413
53 120
359 392
130 340
171 341
295 407
47 305
33 407
74 408
107 356
198 474
146 284
239 475
373 475
10 423
51 424
32 182
123 300
71 110
183 351
197 249
257 300
274 469
315 470
48 126
86 418
139 244
125 346
199 295
259 346
28 413
9 171
83 120
88 464
102 362
162 413
201 341
234 289
5 429
60 136
13 290
25 115
137 356
151 254
178 357
238 408
2 131
40 423
76 80
81 424
141 475
153 300
227 249
213 351
287 300
39 198
56 367
4 177
37 125
42 469
78 126
116 418
190 367
14 141
60 486
19 485
41 244
55 142
132 362
206 311
192 413
398 481
35 429
57 188
90 136
117 239
131 137
134 408
208 357
222 255
282 306
342 357
72 496
20 306
433 475
37 475
70 423
92 182
111 424
171 475
185 373
410 491
110 199
96 301
129 249
143 147
148 491
160 316
220 367
247 470
261 368
352 486
11 193
44 141
49 485
123 434
164 435
337 363
48 260
34 362
428 481
139 378
125 480
364 496
23 203
9 305
50 306
64 204
124 255
201 475
349 373
13 424
481 492
118 440
140 199
178 491
200 250
252 440
217 419
250 367
291 368
2 265
76 214
62 316
351 419
115 142
120 486
153 434
268 384
6 384
326 362
18 209
4 311
78 260
138 311
193 210
229 429
270 430
55 276
3 86
8 430
435 497
94 204
173 497
154 255
206 445
319 322
305 424
131 271
79 81
222 389
170 199
208 491
230 250
282 440
323 441
15 96
20 440
356 389
73 266
106 214
224 435
298 384
284 486
36 384
418 486
108 260
182 209
335 451
314 328
300 430
333 378
11 327
33 86
38 430
71 378
112 379
186 328
203 497
184 255
236 445
337 497
411 446
48 394
376 425
101 220
221 322
312 440
386 389
64 338
12 148
124 389
289 456
237 266
297 317
27 456
429 436
200 384
365 451
24 158
65 159
98 107
115 276
189 225
276 379
1 174
307 446
381 395
18 343
4 445
119 395
191 271
251 322
22 462
3 220
77 169
383 441
94 338
42 148
75 96
154 389
443 492
360 457
57 456
93 113
170 333
230 384
271 385
304 333
395 451
21 210
54 158
95 159
147 349
174 452
207 400
246 328
31 174
72 175
397 497
89 344
70 102
75 446
130 153
209 446
283 395
448 462
47 118
33 220
186 462
198 287
239 288
225 390
299 339
51 237
101 354
49 164
87 456
109 215
202 406
26 180
12 282
34 41
177 349
125 159
163 451
237 400
278 401
61 174
140 467
181 468
162 226
253 344
313 395
5 242
354 396
63 220
137 169
255 390
7 288
40 236
114 185
193 478
172 355
158 457
232 406
306 355
56 180
157 232
176 282
267 400
19 298
93 247
41 57
132 175
170 467
192 226
285 417
35 242
384 396
95 293
155 344
361 412
72 309
20 119
58 411
89 478
37 288
70 236
111 237
185 186
223 478
336 355
322 457
14 304
0 406
47 252
148 304
96 114
146 231
299 473
247 283
51 371
32 129
338 401
90 299
109 349
123 247
150 350
164 248
315 417
26 314
48 73
34 175
199 242
240 243
226 345
317 463
391 412
9 118
102 309
162 360
451 463
253 478
201 288
5 376
27 135
13 237
65 427
25 62
104 355
118 253
178 304
269 422
217 232
329 473
370 474
2 78
7 422
67 473
81 371
103 130
141 422
120 299
153 247
172 489
194 248
306 489
6 197
345 417
56 314
4 124
9 468
42 416
97 315
446 469
248 484
229 242
60 433
41 191
132 309
206 258
233 361
324 479
35 376
21 478
57 135
62 479
76 377
136 428
458 479
134 355
20 253
359 473
37 422
73 79
59 181
92 129
111 371
138 474
171 422
212 423
336 489
284 299
14 438
377 490
36 197
74 489
110 146
113 417
187 366
261 315
247 417
321 366
352 433
11 140
90 433
453 485
150 484
236 258
263 361
48 207
139 325
87 135
226 479
331 495
465 495
69 495
50 253
143 444
430 474
215 320
256 321
242 423
27 269
407 490
25 196
66 197
80 95
118 387
140 146
145 490
219 439
291 315
351 366
29 315
103 264
442 484
120 433
194 382
142 192
268 331
6 331
18 156
4 258
45 259
78 207
97 449
210 326
270 377
330 428
22 275
3 33
8 377
99 495
173 444
121 254
154 202
195 203
286 321
272 423
57 269
98 270
84 372
189 388
175 490
222 336
249 439
309 490
1 337
323 388
73 213
59 315
133 264
325 434
36 331
110 280
96 382
127 449
149 208
300 377
52 275
38 377
112 326
186 275
203 444
184 202
263 495
15 393
101 167
54 321
87 269
161 218
188 321
293 337
279 439
353 388
31 337
12 95
17 439
64 285
91 388
163 264
204 265
256 455
355 434
80 229
28 39
66 331
214 229
179 208
332 450
10 399
29 449
43 347
82 275
216 275
257 276
276 326
334 496
367 444
40 49
67 152
210 460
22 409
61 337
42 95
121 388
135 286
195 337
286 455
234 265
420 455
24 455
98 404
79 162
137 332
170 280
211 281
1 471
362 450
35 55
40 399
73 347
95 106
155 157
339 466
72 122
378 394
397 444
89 291
149 342
190 343
176 445
209 393
223 291
264 292
314 409
415 461
14 117
0 219
47 65
74 168
112 460
165 286
68 353
49 111
54 455
109 162
128 404
202 353
450 455
301 332
26 127
12 229
31 471
70 399
144 348
130 450
278 348
369 466
102 122
88 224
280 394
32 292
13 50
65 240
385 410
156 358
104 168
445 461
257 410
255 337
26 477
7 235
141 235
172 302
232 353
259 456
6 10
364 472
56 127
9 281
42 229
61 471
83 230
97 128
135 420
157 179
234 399
60 246
46 348
137 466
159 225
271 466
285 364
250 343
35 189
21 291
114 482
136 241
134 168
213 461
227 359
287 410
347 461
39 308
20 66
452 477
56 477
37 235
89 425
111 184
190 477
212 236
264 426
262 353
303 354
14 251
0 353
363 405
148 251
127 128
165 420
206 421
239 369
266 472
30 195
16 297
90 246
241 415
315 364
301 466
342 467
356 365
15 72
53 364
106 190
92 292
144 482
166 241
28 307
69 308
160 426
220 477
354 477
27 82
13 184
333 354
44 251
145 303
236 421
310 370
296 472
370 421
7 369
48 370
34 472
122 319
139 488
172 436
194 195
180 297
273 488
345 364
23 313
4 71
97 262
231 262
248 431
196 241
289 432
349 483
60 380
8 190
46 482
25 359
99 308
173 257
159 359
233 308
2 375
76 324
57 82
62 426
136 375
425 478
134 302
175 303
208 251
227 493
340 370
326 472
400 421
4 421
37 369
59 128
138 421
212 370
460 472
243 437
303 488
251 298
14 385
55 386
36 144
41 488
377 437
437 488
127 262
113 364
154 365
187 313
228 314
319 432
379 483
11 87
16 431
38 190
52 88
57 432
90 380
112 139
131 381
164 329
263 308
304 309
356 499
15 206
106 324
166 375
207 376
226 426
331 442
432 494
31 150
64 98
69 442
91 201
110 443
129 493
182 319
11 437
44 385
66 144
71 488
219 386
167 196
467 488
184 365
258 314
318 365
43 160
29 262
82 88
87 432
120 380
161 381
64 448
97 396
119 155
124 499
210 273
196 375
270 324
311 325
402 443
462 494
94 98
99 442
159 493
76 458
24 268
98 217
84 319
115 386
249 386
323 335
1 284
288 314
18 453
59 262
152 453
174 212
193 454
265 330
3 330
77 279
89 104
75 206
149 155
154 499
168 397
176 258
228 448
302 397
267 376
52 222
38 324
244 392
230 494
304 443
15 340
68 166
147 459
205 437
279 386
320 387
91 335
182 453
223 454
256 402
355 381
80 176
33 330
107 279
181 228
167 330
198 397
258 448
332 397
318 499
10 346
373 398
101 464
156 171
109 325
142 273
183 274
235 464
274 392
334 443
7 48
12 392
45 340
67 99
177 459
311 459
259 269
61 284
135 233
162 336
253 454
327 403
387 454
24 402
65 403
46 161
98 351
63 330
137 279
211 228
271 279
362 397
40 346
114 295
62 105
100 397
174 346
153 223
77 413
56 290
37 48
75 340
89 238
176 392
281 408
14 64
0 166
74 115
79 459
93 357
165 233
206 234
357 403
68 300
16 110
169 352
260 470
31 418
72 419
70 346
171 398
204 346
278 295
336 465
369 413
47 362
33 464
69 121
148 414
181 362
160 239
146 341
321 342
32 239
44 64
49 408
104 115
123 357
257 357
26 424
48 183
34 285
81 131
86 475
172 249
125 403
199 352
273 301
259 403
447 454
364 419
424 470
23 126
9 228
28 470
83 177
162 470
275 347
60 193
13 347
46 295
63 464
104 465
137 413
151 311
159 172
178 414
211 362
238 465
250 290
40 480
76 137
62 239
81 481
114 429
477 481
153 357
227 306
213 408
254 409
287 357
39 255
378 475
56 424
78 183
111 131
116 475
138 234
190 424
264 373
229 352
55 199
41 301
454 470
132 419
113 177
206 368
305 347
30 142
16 244
35 486
131 194
117 296
169 486
431 486
208 414
342 414
15 19
20 363
106 137
185 430
166 188
245 481
226 239
284 409
317 357
69 255
143 204
96 358
129 306
160 373
108 183
220 424
335 374
321 476
385 491
44 198
85 199
123 491
145 250
164 492
296 419
337 420
48 317
34 419
461 486
161 194
240 487
221 245
273 435
312 363
372 414
97 209
124 312
215 430
289 379
275 481
27 379
25 306
99 255
118 497
159 306
173 204
217 476
291 425
365 374
351 476
76 271
24 81
29 425
115 199
153 491
268 441
328 492
276 302
326 419
18 266
4 368
243 384
191 194
303 435
344 436
55 333
94 261
127 209
154 312
228 261
319 379
30 276
420 431
38 137
79 138
117 430
170 256
203 204
282 497
323 498
356 446
15 153
20 497
106 271
54 81
59 425
92 373
133 374
207 323
224 492
298 441
432 441
17 199
91 148
397 420
182 266
242 317
300 487
374 436
11 384
85 333
33 143
145 384
198 210
184 312
258 261
10 159
101 277
161 328
109 138
353 498
386 446
12 205
45 153
50 497
86 154
177 272
163 374
297 374
80 339
61 97
140 390
121 148
200 441
214 339
313 318
43 457
115 333
63 143
189 282
464 487
276 436
381 452
119 452
100 210
251 379
325 328
3 277
77 226
75 153
195 447
176 205
228 395
267 323
19 221
93 170
131 462
170 390
244 339
68 113
54 215
73 457
95 216
147 406
155 267
207 457
205 384
246 385
260 283
31 231
72 232
380 385
89 401
70 159
149 452
223 401
322 380
47 175
33 277
126 468
198 344
146 154
184 446
225 447
239 345
10 293
258 395
49 221
123 170
161 462
202 463
301 442
26 237
12 339
86 288
334 390
177 406
125 216
158 164
237 457
9 41
102 232
162 283
214 473
253 401
327 350
5 299
387 401
65 350
13 160
46 108
63 277
137 226
156 468
178 227
238 278
290 468
255 447
329 396
40 293
81 294
114 242
141 345
389 447
172 412
153 170
191 462
232 463
306 412
366 463
56 237
42 339
190 237
267 457
308 458
382 407
0 113
41 114
46 458
79 406
93 304
132 232
192 283
285 474
384 453
16 57
21 401
95 350
169 299
260 417
208 227
320 468
361 469
72 366
20 176
53 124
58 468
70 293
185 243
171 345
262 463
336 412
14 361
0 463
74 412
160 186
146 288
220 237
247 340
373 479
51 428
32 186
338 458
11 63
109 406
150 407
164 305
197 253
12 473
48 130
34 232
53 474
139 248
259 350
364 366
391 469
23 73
9 175
50 176
88 468
162 417
215 243
275 294
5 433
27 192
13 294
65 484
44 361
25 119
104 412
118 310
178 361
238 412
252 310
269 479
217 289
403 479
7 479
81 428
29 238
103 187
141 479
153 304
180 407
254 356
42 473
83 474
97 372
157 423
231 372
229 299
330 351
60 490
421 469
132 366
206 315
192 417
233 418
30 89
131 141
117 243
136 485
134 412
282 310
309 413
342 361
20 310
433 479
111 428
59 238
133 187
171 479
245 428
224 305
284 356
14 495
148 495
96 305
160 320
187 423
261 372
247 474
352 490
11 197
85 146
71 248
112 249
145 197
486 490
203 367
236 315
263 418
277 316
428 485
139 382
166 485
240 434
64 208
12 18
124 259
163 187
256 378
289 326
316 429
27 326
13 428
481 496
25 253
66 254
80 152
118 444
178 495
200 254
219 496
217 423
291 372
318 475
392 424
24 28
103 321
115 146
120 490
142 249
254 490
328 439
6 388
307 316
45 316
119 265
105 367
193 214
210 383
243 331
270 434
344 383
330 485
3 90
8 434
195 260
305 428
346 429
57 326
98 327
84 429
131 275
189 445
208 495
230 254
323 445
59 372
133 321
224 439
298 388
339 389
399 440
31 44
17 146
36 388
58 147
96 439
110 337
314 332
374 383
11 331
52 332
38 434
112 383
126 281
184 259
225 260
277 450
10 106
15 450
376 429
128 327
202 276
188 378
413 496
12 152
17 496
86 101
91 445
177 219
163 321
355 491
429 440
140 337
181 338
167 440
214 286
406 456
43 404
82 332
63 90
142 383
216 332
307 450
381 399
40 106
45 450
67 209
119 399
141 158
158 327
232 276
292 327
22 466
383 445
61 394
42 152
94 342
135 343
195 394
443 496
484 497
267 270
360 461
19 168
93 117
79 219
98 461
170 337
244 286
436 456
73 404
147 353
174 456
155 214
246 332
72 179
70 106
75 450
149 399
223 348
264 349
314 466
262 276
14 174
52 466
74 225
239 292
225 394
299 343
51 241
390 461
128 461
109 219
150 220
202 410
241 338
274 286
26 184
34 45
144 405
125 163
218 354
278 405
317 333
80 420
28 230
102 179
181 472
162 230
179 399
280 451
5 246
354 400
385 467
13 107
118 123
104 225
156 415
197 416
329 343
389 394
81 241
67 343
172 359
158 461
232 410
180 220
292 461
306 359
56 184
9 338
42 286
97 185
135 477
157 236
248 354
368 456
60 303
41 61
151 421
132 179
159 282
285 421
324 349
35 246
21 348
136 298
134 225
227 416
39 365
20 123
89 482
37 292
111 241
264 483
212 293
322 461
0 410
74 359
148 308
127 185
113 287
165 477
187 236
51 375
90 303
164 252
241 472
315 421
375 472
15 129
34 179
53 421
218 488
240 247
226 349
391 416
28 364
69 365
50 123
160 483
201 292
242 293
294 483
27 139
13 241
32 483
44 308
25 66
104 359
118 257
145 360
178 308
393 462
236 478
217 236
310 427
7 426
43 83
29 185
103 134
122 376
172 493
180 354
386 422
18 26
4 128
9 472
23 370
83 421
97 319
105 180
248 488
196 298
289 489
446 473
22 145
8 247
55 93
25 416
99 365
173 314
272 293
398 432
76 381
62 483
98 140
136 432
458 483
134 359
175 360
208 308
249 309
1 207
20 257
39 499
340 427
37 426
111 375
133 134
138 478
212 427
284 303
14 442
55 443
377 494
416 422
127 319
75 129
113 421
187 370
261 319
302 320
352 437
11 144
16 488
38 247
52 145
112 196
453 489
203 314
263 365
428 432
106 381
87 139
166 432
188 191
226 483
205 360
279 309
31 207
17 309
50 257
69 499
91 258
108 427
256 325
242 427
407 494
85 443
66 201
140 150
145 494
167 253
217 370
291 319
483 489
82 145
161 438
221 489
6 335
45 263
119 212
196 432
270 381
3 37
8 381
435 448
61 207
94 155
99 499
121 258
135 156
173 448
195 207
214 449
286 325
346 376
24 325
98 274
84 376
175 494
249 443
323 392
309 494
21 27
100 320
147 166
174 269
191 438
224 386
3 387
36 335
77 336
89 161
75 263
127 453
149 212
168 454
176 315
209 263
52 279
33 37
38 381
79 382
112 330
126 228
203 448
277 397
401 433
15 397
68 223
128 274
202 223
188 325
205 494
279 443
353 392
380 495
12 99
17 443
53 100
204 269
80 233
28 43
181 285
167 387
198 454
179 212
10 403
65 110
109 382
183 331
197 229
257 280
307 397
348 398
408 449
45 397
86 398
67 156
210 464
158 274
350 444
383 392
61 341
135 290
83 100
121 392
162 393
286 459
234 269
327 460
19 115
24 459
46 218
60 116
98 408
63 387
137 336
211 285
271 336
1 475
362 454
403 455
35 59
40 403
95 110
100 454
213 331
339 470
77 470
438 449
75 397
116 398
190 347
176 449
264 296
281 465
415 465
14 121
0 223
19 465
74 172
93 414
456 466
165 290
192 393
266 342
30 65
16 167
68 357
90 116
95 460
128 408
150 167
241 285
31 475
433 455
70 403
144 352
92 162
204 403
218 301
245 404
278 352
69 178
107 470
129 229
146 398
220 347
294 296
280 398
32 296
13 54
445 465
49 465
104 172
183 465
197 363
257 414
255 341
296 342
26 481
48 240
34 342
67 290
81 188
122 189
158 408
273 358
6 14
9 285
83 234
97 132
157 183
248 301
234 403
308 352
60 250
440 471
151 368
137 470
211 419
252 420
250 347
2 245
76 194
114 486
136 245
153 414
227 363
287 414
20 70
452 481
37 239
78 240
111 188
138 291
152 189
190 481
212 240
229 409
243 307
14 255
55 256
363 409
127 132
113 234
132 476
266 476
30 199
16 301
90 250
38 60
117 353
131 251
164 199
282 420
356 369
342 471
20 420
53 368
106 194
92 296
226 296
317 414
358 415
418 466
17 122
50 70
96 415
129 363
143 261
160 430
220 481
335 431
333 358
11 307
85 256
71 358
145 307
197 497
310 374
296 476
370 425
411 426
48 374
34 476
122 323
139 492
161 251
273 492
312 420
23 317
9 419
97 266
124 369
372 471
349 487
22 92
8 194
27 436
388 415
214 262
200 364
250 481
365 431
2 379
425 482
24 138
29 482
103 431
136 379
115 256
189 205
175 307
227 497
249 256
276 359
326 476
367 477
4 425
78 374
59 132
100 133
138 425
152 323
243 441
191 251
251 302
344 493
55 390
41 492
377 441
94 318
127 266
228 318
319 436
117 487
203 261
230 364
395 431
106 328
54 138
59 482
207 380
205 307
432 498
31 154
17 256
36 498
110 447
397 477
130 133
209 426
242 374
256 272
283 375
374 493
407 441
47 98
66 148
71 492
112 493
145 441
198 267
184 369
409 487
101 334
82 92
87 436
109 195
161 385
221 436
235 334
450 488
86 211
177 329
163 431
210 277
237 380
22 226
25 497
80 396
140 447
214 396
162 206
462 498
313 375
189 339
137 149
142 493
175 441
216 442
1 288
276 493
290 391
18 457
114 165
100 267
174 216
193 458
480 488
191 385
265 334
251 436
292 437
325 385
366 386
89 108
75 210
116 211
149 159
168 401
176 262
228 452
52 226
93 227
170 447
244 396
343 375
68 170
95 273
169 222
155 324
260 340
320 391
380 442
70 216
144 165
130 267
204 216
223 458
295 334
355 385
33 334
107 283
181 232
198 401
373 402
10 350
51 351
32 109
123 227
109 329
183 278
26 294
7 52
375 448
34 155
67 103
158 221
259 273
350 391
28 340
9 98
135 237
253 458
327 407
5 356
387 458
60 63
65 407
137 283
114 299
62 109
100 401
213 278
3 468
39 125
37 52
42 396
116 345
176 396
231 295
281 412
341 463
55 69
93 361
192 340
417 458
16 114
95 407
169 356
117 166
155 458
458 459
260 474
72 423
20 233
53 181
359 453
70 350
111 351
185 300
410 418
14 418
69 125
74 469
129 176
160 243
220 294
261 295
247 397
321 346
51 485
412 464
123 361
71 171
109 463
150 464
197 310
236 238
26 428
48 187
34 289
86 479
122 136
139 305
125 407
199 356
447 458
226 459
259 407
424 474
50 233
83 181
162 474
215 300
27 249
118 367
99 125
178 418
159 176
238 469
252 367
477 485
76 141
62 243
81 485
136 192
194 362
180 464
254 413
328 362
39 259
419 480
4 238
78 187
97 429
138 238
157 480
231 429
229 356
303 305
330 408
55 203
3 13
41 305
454 474
94 131
113 181
132 423
233 475
305 351
30 146
16 248
131 198
134 469
208 418
342 418
15 23
111 485
185 434
133 244
166 192
245 485
224 362
298 311
358 362
36 311
17 69
449 480
127 429
160 377
187 480
209 239
335 378
11 254
71 305
186 255
236 372
277 373
263 475
310 321
337 424
10 29
48 321
122 270
139 439
87 249
161 198
221 249
413 419
124 316
289 383
316 486
22 39
13 485
25 310
66 311
80 209
99 259
140 260
200 311
217 480
291 429
365 378
351 480
43 327
392 481
103 378
425 429
142 306
175 254
216 255
268 445
1 101
276 306
328 496
18 270
367 424
78 321
152 270
105 424
193 271
243 388
344 440
55 337
3 147
77 96
168 214
154 316
195 317
228 265
319 383
420 435
19 91
98 384
79 142
230 311
422 481
54 85
59 429
133 378
147 276
207 327
298 445
246 255
358 496
36 445
17 203
110 394
397 424
108 321
223 271
283 322
314 389
85 337
33 147
112 440
126 338
186 389
225 317
10 163
376 486
49 91
87 383
109 142
128 384
161 332
202 333
427 451
26 107
86 158
163 378
278 328
388 496
80 343
61 101
66 445
88 204
140 394
167 497
181 395
179 322
200 445
214 343
253 271
43 461
65 220
82 389
156 338
142 440
464 491
290 338
276 440
18 404
119 456
67 266
141 215
158 384
232 333
292 384
56 107
61 451
135 400
176 209
308 328
19 225
368 379
170 394
285 344
271 446
35 169
21 271
68 117
95 220
147 410
155 271
320 338
347 441
72 236
20 46
58 338
89 405
70 163
149 456
130 214
171 215
223 405
264 406
452 457
262 333
47 179
0 333
33 281
74 282
126 472
148 231
299 400
32 56
68 467
49 225
123 174
109 276
202 467
241 395
301 446
26 241
53 344
34 102
86 292
144 462
125 220
218 411
278 462
80 477
28 287
9 45
88 338
162 287
179 456
253 405
5 303
354 457
13 164
44 231
118 180
255 451
329 400
389 451
81 298
67 400
141 349
172 416
153 174
232 467
180 277
306 416
6 124
56 241
42 343
157 293
382 411
60 360
41 118
46 462
159 339
384 457
16 61
21 405
57 62
136 355
169 303
134 282
208 231
260 421
39 422
72 370
37 349
212 350
245 298
262 467
336 416
14 365
69 72
36 124
96 175
148 365
127 242
113 344
146 292
160 190
187 293
239 483
352 360
338 462
11 67
49 359
71 118
90 360
150 411
263 288
53 478
92 406
125 354
166 355
199 303
226 406
240 304
64 78
50 180
69 422
102 370
124 129
215 247
242 350
407 417
44 365
25 123
66 124
104 416
118 314
145 417
178 365
219 366
217 293
310 484
2 139
43 140
29 242
81 432
122 433
444 484
120 360
194 309
180 411
254 360
6 258
419 427
18 83
4 185
83 478
97 376
119 135
157 427
231 376
210 253
196 355
270 304
60 494
8 304
421 473
132 370
173 371
159 473
233 422
272 350
35 437
57 196
131 145
84 299
136 489
222 263
309 417
340 484
37 483
73 140
59 242
78 484
111 432
133 191
152 433
212 484
224 309
325 361
36 258
96 309
108 134
187 427
228 428
247 478
352 494
300 304
30 443
52 202
126 151
203 371
277 320
263 422
337 371
106 438
87 196
166 489
240 438
205 417
279 366
64 212
17 366
50 314
256 382
242 484
316 433
44 499
118 448
355 361
200 258
217 427
258 428
332 377
82 202
120 494
142 253
194 443
235 444
307 320
367 371
119 269
67 79
105 371
446 483
270 438
344 387
121 315
286 382
272 484
346 433
19 38
24 382
79 89
98 331
170 207
230 258
323 449
1 398
288 428
362 377
73 274
21 84
59 376
100 377
133 325
174 326
191 495
224 443
265 444
325 495
399 444
77 393
58 151
89 218
149 269
314 336
300 438
341 439
374 387
401 490
33 94
74 95
112 387
186 336
165 213
277 454
225 264
15 454
101 228
128 331
202 280
188 382
353 449
26 54
12 156
31 398
86 105
144 275
177 223
204 326
218 224
369 393
355 495
80 290
28 100
429 444
88 151
167 444
181 342
489 495
179 269
280 321
5 116
406 460
65 167
371 439
63 94
183 388
216 336
257 337
307 454
255 264
348 455
7 162
81 111
141 162
22 470
424 450
61 398
135 347
195 398
234 326
19 172
46 275
63 444
137 393
151 291
211 342
271 393
285 291
95 167
136 168
227 286
287 337
347 388
39 235
72 183
89 352
37 162
75 454
116 455
149 403
190 404
264 353
262 280
14 178
52 470
74 229
93 471
113 157
225 398
239 296
266 399
51 245
390 465
431 466
68 414
49 172
128 465
202 414
150 224
301 393
342 394
34 49
70 460
125 167
166 168
204 460
218 358
245 461
278 409
317 337
47 476
28 234
102 183
143 184
179 403
220 404
294 353
5 250
354 404
32 353
104 229
197 420
257 471
269 296
255 398
296 399
7 296
81 245
29 55
34 399
67 347
172 363
120 173
158 465
199 466
232 414
461 466
6 71
9 342
83 291
97 189
135 481
248 358
275 461
308 409
60 307
8 117
473 476
99 235
132 183
159 286
173 184
211 476
233 235
250 404
285 425
324 353
2 302
35 250
76 251
384 404
84 112
153 471
134 229
39 369
20 127
326 399
37 296
111 245
152 246
138 348
185 194
212 297
264 487
229 466
303 415
14 312
0 414
55 313
96 122
127 189
113 291
187 240
247 291
305 461
379 410
11 14
16 358
38 117
117 410
150 358
164 256
439 461
241 476
282 477
15 133
92 353
166 302
240 251
226 353
331 369
317 471
69 369
50 127
91 128
143 318
182 246
294 487
44 312
85 313
66 71
71 415
118 261
145 364
219 313
236 482
217 240
411 483
48 431
29 189
103 138
122 380
120 307
194 256
235 257
221 359
6 205
386 426
18 30
9 476
23 374
50 477
83 425
105 184
124 426
196 302
297 354
22 149
8 251
27 493
388 472
25 420
173 318
121 128
159 420
200 421
233 369
324 487
272 297
365 488
76 385
24 195
136 436
84 246
189 262
175 364
249 313
309 364
1 211
340 431
400 482
59 189
100 190
152 380
243 498
191 308
224 256
55 447
3 257
77 206
127 323
75 133
319 493
30 390
453 493
57 493
38 251
112 200
131 442
203 318
244 319
230 421
304 370
15 267
395 488
68 93
54 195
106 385
133 488
166 436
188 195
31 211
430 482
471 483
108 431
256 329
283 432
316 380
407 498
448 499
80 103
85 447
107 206
145 498
167 257
186 499
198 324
184 426
219 447
10 273
82 149
142 200
183 201
221 493
235 391
274 319
334 370
119 216
177 386
163 488
196 436
210 334
237 437
297 488
80 453
121 262
195 211
214 453
272 431
346 380
98 278
46 88
189 396
216 499
249 447
290 448
1 345
21 31
191 442
265 391
292 494
77 340
58 98
168 458
116 268
302 458
267 437
341 386
19 335
0 93
52 283
51 58
128 278
169 279
260 397
246 499
279 447
394 397
31 345
72 346
380 499
70 273
144 222
130 324
204 273
355 442
47 289
33 391
396 443
88 98
167 391
181 289
198 458
146 268
179 216
5 63
49 335
197 233
183 335
274 453
348 402
26 351
7 109
12 453
34 212
67 160
86 402
158 278
350 448
23 53
9 155
88 448
102 346
135 294
162 397
234 273
65 464
46 222
63 391
137 340
151 238
252 290
2 115
35 63
40 407
141 459
153 284
378 402
56 351
37 109
438 453
264 300
14 125
0 227
19 469
55 126
456 470
132 346
206 295
266 346
357 464
68 361
117 223
150 171
241 289
282 290
20 290
144 356
185 357
218 305
245 408
410 475
129 233
160 300
294 300
247 454
280 402
321 403
32 300
44 125
49 469
123 418
145 177
183 469
197 367
236 295
26 485
125 464
199 413
273 362
259 464
6 18
364 480
23 187
102 480
124 239
248 305
201 459
289 306
27 306
13 408
440 475
25 233
151 372
159 233
252 424
250 351
2 249
76 198
62 300
103 301
136 249
115 126
153 418
194 419
213 469
1 24
6 368
39 316
18 193
56 485
78 244
231 486
212 244
303 362
344 363
330 465
3 70
127 136
113 238
132 480
266 480
305 408
30 203
38 64
131 255
222 373
208 475
282 424
230 234
356 373
15 80
92 300
166 249
185 491
298 368
284 470
69 316
17 126
110 317
418 470
127 486
108 244
335 435
333 362
393 413
85 260
71 362
145 311
186 312
236 429
277 430
296 480
411 430
48 378
34 480
122 327
101 204
87 306
161 255
312 424
64 322
45 80
124 373
105 131
413 476
215 491
196 249
237 250
289 440
297 301
388 419
25 367
99 316
214 266
291 486
43 384
29 486
103 435
84 193
175 311
216 312
307 430
340 378
18 327
78 378
119 379
105 481
152 327
193 328
243 445
191 255
251 306
22 446
3 204
55 394
77 153
75 80
154 373
228 322
319 440
420 492
19 148
38 198
52 96
57 440
79 199
93 97
395 435
73 384
54 142
133 435
207 384
155 194
455 486
246 312
17 260
91 209
397 481
70 86
108 378
130 137
149 379
182 327
209 430
223 328
283 379
314 446
374 497
52 446
33 204
85 394
107 153
112 497
126 395
198 271
184 373
299 323
10 220
87 440
109 199
235 338
26 164
485 486
163 435
311 333
297 435
402 451
80 400
61 158
102 159
140 451
418 461
253 328
65 277
404 497
115 394
63 204
137 153
216 446
288 322
40 220
114 169
100 271
193 462
480 492
191 389
232 390
265 338
306 339
3 338
77 287
56 164
168 405
116 215
281 282
267 384
308 385
19 282
93 231
368 436
170 451
244 400
285 401
68 174
21 328
95 277
147 467
155 328
169 226
260 344
380 446
72 293
89 462
70 220
144 169
223 462
322 441
0 390
148 288
165 457
146 215
198 405
239 406
299 457
10 354
32 113
338 385
49 282
123 231
109 333
183 282
241 452
348 349
26 298
12 400
48 57
375 452
139 175
125 277
177 467
199 226
218 468
259 277
350 395
391 396
28 344
9 102
102 293
201 272
294 463
5 360
327 411
27 119
13 221
63 338
104 339
238 339
403 406
2 62
7 406
62 113
67 457
103 114
141 406
153 231
254 283
37 56
42 400
116 349
231 299
281 416
382 468
55 73
60 417
132 293
192 344
233 345
266 293
324 463
357 411
35 360
21 462
169 360
208 288
72 427
20 237
92 113
171 406
245 355
336 473
377 474
14 422
410 422
36 181
69 129
74 473
96 232
110 130
113 401
146 349
148 422
160 247
187 350
51 489
352 417
11 124
16 468
71 175
48 191
34 293
139 309
166 412
199 360
240 361
331 479
28 478
64 135
50 237
69 479
102 427
143 428
465 479
215 304
201 406
316 356
27 253
13 355
407 474
44 422
25 180
99 129
104 473
178 422
252 371
291 299
2 196
43 197
29 299
76 145
103 248
442 468
180 468
254 417
268 315
328 366
6 315
419 484
4 242
78 191
157 484
105 294
231 433
229 360
270 361
330 412
55 207
8 361
41 309
94 135
99 479
132 427
154 186
173 428
233 479
35 494
131 202
117 304
134 473
208 422
222 320
282 371
309 474
73 197
111 489
185 438
224 366
298 315
284 417
58 74
96 366
127 433
149 192
187 484
261 433
335 382
300 361
85 207
38 361
71 309
112 310
186 259
203 428
184 186
263 479
337 428
10 33
15 377
101 151
87 253
161 202
202 203
188 305
240 495
353 372
12 79
17 423
50 371
182 490
163 248
215 438
256 439
316 490
27 387
80 213
66 315
200 315
179 192
365 382
43 331
29 433
65 90
103 382
392 485
115 207
276 310
307 377
18 274
367 428
45 377
105 428
191 202
270 495
22 393
94 269
135 270
168 218
420 439
98 388
79 146
84 490
230 315
1 455
288 485
362 434
35 39
54 89
100 434
174 383
422 485
298 449
246 259
339 450
36 449
72 106
58 208
77 450
89 275
75 377
397 428
223 275
209 377
415 445
47 49
74 152
165 270
198 218
225 321
10 167
51 168
376 490
101 285
49 95
54 439
109 146
301 316
26 111
31 455
427 455
177 280
130 434
278 332
369 450
80 347
66 449
107 450
181 399
313 326
5 173
65 224
13 34
371 496
82 393
63 151
104 152
257 394
40 167
81 168
67 270
141 219
158 388
232 337
292 388
56 111
61 455
83 214
135 404
195 455
308 332
19 229
60 230
46 332
368 383
137 450
285 348
35 173
114 466
134 152
213 445
39 292
20 50
58 342
89 409
37 219
70 167
149 460
171 219
264 410
322 388
0 337
146 162
225 455
266 456
68 471
49 229
90 230
150 281
241 399
315 348
301 450
26 245
375 399
53 348
34 106
218 415
166 225
226 276
317 394
28 291
69 292
88 342
129 343
143 241
179 460
201 219
5 307
354 461
32 410
104 286
178 235
238 286
255 455
296 456
329 404
2 9
7 353
29 112
81 302
122 303
141 353
370 405
232 471
180 281
273 472
6 128
345 348
9 399
83 348
157 297
105 107
231 246
196 225
8 174
151 482
132 240
159 343
285 482
324 410
2 359
21 409
57 66
62 410
384 461
134 286
227 477
361 477
39 426
326 456
359 404
59 112
138 405
152 303
185 251
212 354
262 471
14 369
55 370
41 472
437 472
127 246
187 297
352 364
338 466
30 313
11 71
90 364
38 174
71 122
117 467
164 313
379 467
263 292
356 483
414 461
455 462
92 410
226 410
407 419
64 82
69 426
91 185
129 477
143 375
182 303
215 251
27 200
44 369
85 370
71 472
118 318
145 421
467 472
7 487
43 144
48 488
103 195
409 467
444 488
120 364
194 313
180 415
386 483
23 431
97 380
45 190
119 139
105 241
124 483
210 257
196 359
270 308
330 359
22 206
421 477
25 477
99 426
173 375
121 185
233 426
2 493
24 252
57 200
115 370
189 319
249 370
309 421
340 488
18 437
59 246
133 195
152 437
212 488
224 313
251 416
325 365
77 263
110 211
127 380
113 482
168 381
228 432
52 206
38 308
112 257
126 155
131 499
186 206
203 375
277 324
230 478
263 426
304 427
15 324
469 494
68 150
87 200
128 201
166 493
188 252
207 494
205 421
31 268
17 370
108 488
182 437
130 247
242 488
256 386
283 489
316 437
295 314
80 160
66 262
140 211
181 212
167 314
198 381
258 432
332 381
318 483
43 278
423 499
101 448
82 206
142 257
183 258
334 427
7 32
45 324
67 83
119 273
193 222
210 391
158 201
196 493
237 494
22 340
8 442
135 217
286 386
346 437
387 438
19 42
46 145
84 437
63 314
137 263
151 161
189 453
211 212
1 402
288 432
362 381
40 330
73 278
114 279
191 499
265 448
339 397
399 448
3 448
77 397
58 155
89 222
75 324
176 376
281 392
267 494
314 340
341 443
52 340
0 150
38 442
165 217
225 268
266 269
417 438
169 336
188 386
202 284
293 402
394 454
72 403
53 161
70 330
144 279
204 330
278 279
369 397
429 448
33 448
181 346
425 475
220 274
10 464
371 443
49 392
82 340
257 341
255 268
86 459
67 217
141 166
172 233
158 335
199 336
273 285
259 387
364 403
424 454
23 110
61 402
83 161
121 453
135 351
162 454
63 448
211 346
285 295
238 449
250 274
40 464
76 121
62 223
153 341
227 290
213 392
287 341
347 392
39 239
56 408
37 166
111 115
116 459
138 218
190 408
264 357
229 336
14 182
0 284
41 285
74 233
132 403
165 351
206 352
431 470
16 228
90 177
169 470
241 346
282 347
342 398
53 295
106 121
185 414
166 172
218 362
245 465
317 341
47 480
69 239
143 188
160 357
146 459
220 408
280 459
335 358
32 357
385 475
44 182
85 183
71 285
104 233
118 131
123 475
29 59
461 470
139 419
199 470
180 228
312 347
23 244
97 193
83 295
124 296
157 244
372 398
248 362
60 311
13 465
25 290
99 239
118 481
151 429
173 188
200 291
252 481
250 408
324 357
351 460
24 65
136 306
84 116
115 183
134 233
153 475
227 424
268 425
39 373
326 403
4 352
78 301
152 250
212 301
229 470
303 419
363 470
55 317
36 75
127 193
113 295
154 296
168 194
187 244
228 245
319 363
305 465
30 260
16 362
439 465
131 312
117 414
222 430
282 481
230 291
15 137
20 481
106 255
54 65
92 357
133 358
166 306
207 307
240 255
205 234
298 425
331 373
31 81
17 183
69 373
96 476
110 374
108 301
160 491
182 250
242 301
333 419
11 368
434 471
71 419
145 368
186 369
465 496
236 486
184 296
10 143
43 91
101 261
161 312
235 261
312 481
386 430
23 378
45 137
124 430
163 358
196 306
237 307
289 497
27 497
8 255
388 476
61 81
66 425
121 132
140 374
200 425
214 323
272 301
2 440
365 492
24 199
98 148
84 250
103 492
115 317
189 266
464 471
216 369
290 318
276 420
1 215
340 435
381 436
18 384
4 486
40 143
73 91
78 435
100 194
119 436
193 385
441 487
251 363
55 451
77 210
416 430
94 379
75 137
154 430
228 379
176 189
302 328
319 497
52 153
79 256
170 374
244 323
304 374
395 492
68 97
54 199
133 492
147 390
155 251
207 441
205 368
279 317
31 215
17 317
58 318
91 266
471 487
70 143
182 384
130 194
223 385
283 436
47 159
33 261
107 210
126 452
167 261
198 328
184 430
299 380
423 446
101 395
87 497
123 154
235 395
183 205
274 323
334 374
86 272
311 390
297 492
121 266
162 267
179 436
253 385
46 92
156 452
238 262
288 379
329 380
40 277
389 431
141 329
174 277
153 154
191 446
232 447
265 395
306 396
3 395
39 52
77 344
366 447
56 221
89 169
116 272
168 462
281 339
368 493
93 288
79 390
381 440
132 216
244 457
192 267
285 458
343 436
16 41
54 333
169 283
155 385
260 401
320 452
53 108
58 452
144 226
130 328
171 329
185 227
204 277
262 447
47 293
33 395
107 344
396 447
160 170
146 272
198 462
220 221
239 463
10 411
51 412
32 170
247 324
371 390
49 339
123 288
373 463
274 457
7 113
12 457
34 216
48 114
86 406
172 180
199 283
259 334
350 452
23 57
9 159
88 452
102 350
162 401
327 468
5 417
60 124
65 468
25 103
118 294
137 344
151 242
178 345
238 396
2 119
40 411
81 412
141 463
153 288
227 237
180 391
287 288
4 165
37 113
42 457
78 114
116 406
138 165
157 407
229 283
231 356
19 473
55 130
456 474
206 299
192 401
266 350
30 73
57 176
90 124
95 468
117 227
136 469
134 396
222 243
282 294
72 484
20 294
70 411
92 170
171 463
185 361
284 340
14 479
69 186
110 187
96 289
160 304
108 114
113 458
187 407
220 355
261 356
321 407
49 473
85 130
90 474
123 422
145 181
164 423
296 350
26 489
48 248
34 350
139 366
120 124
240 418
23 191
64 192
102 484
143 485
215 361
275 412
316 413
349 361
27 310
8 68
13 412
25 237
178 479
252 428
200 238
217 407
291 356
2 253
103 305
115 130
120 474
153 422
175 181
254 474
268 372
6 372
326 350
18 197
4 299
97 490
152 197
105 351
243 315
196 469
229 417
270 418
330 469
344 367
3 74
8 418
94 192
132 484
173 485
305 412
346 413
57 310
38 68
117 361
131 259
222 377
170 187
208 479
230 238
249 480
282 428
20 428
323 429
73 254
59 356
106 202
147 203
185 495
207 254
284 474
358 423
399 424
36 372
110 321
96 423
127 490
182 197
261 490
209 300
38 418
186 316
203 485
184 243
337 485
411 434
15 434
376 413
101 208
87 310
161 259
188 362
312 428
26 34
50 428
413 480
177 203
237 254
27 444
388 423
80 270
88 131
200 372
214 270
179 249
291 490
332 491
43 388
24 146
65 147
103 439
115 264
189 213
216 316
276 367
307 434
381 383
18 331
367 485
40 90
45 434
100 141
105 485
119 383
141 142
232 260
3 208
77 157
383 429
94 326
42 136
121 429
154 377
168 275
195 378
286 496
360 445
19 152
93 101
79 203
98 445
170 321
230 372
362 491
395 439
436 440
21 198
59 490
95 147
133 439
147 337
155 198
246 316
347 368
58 265
397 485
89 332
70 90
223 332
209 434
283 383
448 450
47 106
33 208
52 450
74 209
126 399
148 158
184 377
225 378
239 276
51 225
390 445
87 444
128 445
109 203
188 496
301 373
26 168
86 219
163 439
204 440
218 338
278 389
80 404
28 214
102 163
179 383
280 435
5 230
313 383
65 281
13 91
354 384
63 208
104 209
257 451
269 276
255 378
7 276
40 224
67 327
480 496
232 394
366 394
56 168
135 461
116 219
157 220
308 389
19 286
60 287
41 45
46 389
368 440
170 455
211 456
192 214
285 405
343 383
35 230
21 332
169 230
246 450
361 400
72 297
89 466
37 276
111 225
171 276
264 467
262 394
14 292
74 343
148 292
96 102
239 410
299 461
123 235
164 236
150 338
241 456
375 456
48 61
139 179
226 333
331 349
317 451
391 400
50 107
143 298
201 276
27 123
393 446
25 50
238 343
269 410
217 220
370 462
2 66
7 410
43 67
67 461
81 359
103 118
153 235
194 236
6 185
345 405
23 354
4 112
9 456
405 456
105 164
229 230
382 472
55 77
41 179
60 421
173 298
159 400
206 246
233 349
324 467
398 416
35 364
21 466
76 365
136 416
117 174
458 467
134 343
309 344
20 241
111 359
59 169
138 462
185 308
212 411
284 287
14 426
377 478
36 185
74 477
96 236
110 134
127 303
113 405
187 354
261 303
352 421
16 472
90 421
38 231
112 180
150 472
164 370
236 246
263 349
15 247
106 365
139 313
240 365
226 467
331 483
279 293
465 483
69 483
143 432
124 190
182 360
201 410
215 308
242 411
256 309
27 257
13 359
316 360
407 478
66 185
104 477
145 478
219 427
217 354
291 303
351 354
43 201
29 303
103 252
194 370
142 180
180 472
235 371
254 421
6 319
18 144
4 246
23 488
97 437
210 314
196 416
270 365
297 468
330 416
3 21
94 139
99 483
173 432
233 483
98 258
84 360
134 477
189 376
249 427
323 376
309 478
133 252
174 253
224 370
251 473
325 422
36 319
77 320
58 78
110 268
89 145
187 488
228 489
209 247
302 438
300 365
52 263
38 365
112 314
126 212
186 263
401 417
203 432
263 483
304 484
10 37
15 381
101 155
54 309
87 257
106 499
188 309
240 499
205 478
353 376
31 325
12 83
17 427
91 376
413 427
182 494
163 252
204 253
316 494
295 371
66 319
181 269
167 371
198 438
179 196
217 488
258 489
332 438
5 43
10 387
43 335
65 94
82 263
156 212
257 264
307 381
348 382
334 484
408 433
7 89
105 432
193 279
210 448
158 258
270 499
8 499
42 83
121 376
135 274
195 325
234 253
387 495
24 443
60 100
46 202
79 150
84 494
137 320
170 268
211 269
271 320
288 489
362 438
35 43
73 335
100 438
174 387
422 489
463 490
246 263
339 454
77 454
89 279
37 89
75 381
190 331
176 433
223 279
264 280
14 105
38 499
74 156
126 346
376 494
68 341
49 99
90 100
202 341
150 151
155 495
188 443
417 495
301 320
12 217
144 336
130 438
278 336
369 454
47 403
102 110
107 454
129 213
179 330
220 331
253 279
280 382
5 177
65 228
104 156
183 449
197 347
7 223
81 172
67 274
141 223
447 495
172 290
232 341
273 342
259 444
135 408
83 218
234 387
46 336
151 352
211 403
159 213
285 352
250 331
35 177
21 279
62 280
76 178
153 398
347 449
20 54
89 413
111 172
190 465
138 275
212 224
264 414
229 393
262 341
303 342
363 393
0 341
41 342
165 408
113 218
206 409
239 357
266 460
68 475
16 285
164 183
342 455
15 60
53 352
92 280
218 419
226 280
317 398
220 465
201 223
294 414
32 414
333 342
44 239
118 188
104 290
145 291
219 240
269 357
310 358
296 460
370 409
7 357
48 358
29 116
34 460
172 424
120 234
6 132
312 404
345 352
23 301
4 59
9 403
97 250
124 353
372 455
215 471
196 229
349 471
22 76
27 420
25 347
151 486
173 245
159 347
324 414
365 415
384 465
62 414
84 173
134 290
227 481
1 138
39 430
326 460
340 358
37 357
78 358
59 116
212 358
303 476
36 132
77 133
127 250
113 352
154 353
228 302
319 420
11 75
90 368
38 178
112 127
131 369
203 245
263 296
15 194
395 415
455 466
92 414
166 363
207 364
240 312
205 291
31 138
17 240
69 430
91 189
110 431
143 379
182 307
242 358
333 476
407 425
85 374
107 133
184 353
258 302
310 492
10 200
29 250
122 441
409 471
120 368
161 369
235 318
386 487
64 436
45 194
119 143
124 487
210 261
196 363
270 312
297 415
25 481
61 138
99 430
121 189
200 482
272 358
43 498
24 256
98 205
189 323
290 375
276 477
1 272
288 302
18 441
73 148
59 250
100 251
114 149
152 441
174 200
191 369
193 442
325 369
3 318
77 267
416 487
89 92
75 194
168 385
228 436
176 246
126 159
112 261
203 379
230 482
15 328
469 498
68 154
54 256
73 498
147 447
155 308
188 256
207 498
279 374
320 375
31 272
12 30
58 375
91 323
380 426
70 200
144 149
130 251
182 441
223 442
283 493
295 318
355 369
47 216
107 267
181 216
167 318
198 385
184 487
258 436
332 385
318 487
10 334
373 386
32 93
82 210
183 262
274 380
26 278
12 380
86 329
177 447
158 205
350 375
61 272
9 82
88 375
162 324
253 442
286 390
327 391
24 390
65 391
46 149
63 318
151 165
211 216
238 319
1 406
288 436
40 334
114 283
62 93
100 385
174 334
153 211
213 262
306 453
3 452
77 401
56 278
89 226
116 329
190 278
176 380
281 396
19 396
93 345
74 103
79 447
401 498
165 221
206 222
192 324
266 273
357 391
68 288
16 98
21 442
54 390
95 391
155 442
169 340
260 458
417 442
394 458
53 165
130 385
171 386
204 334
218 232
245 335
295 452
336 453
369 401
47 350
33 452
74 453
107 401
148 402
160 227
146 329
220 278
10 468
51 469
32 227
321 330
371 447
44 52
123 345
109 447
197 294
412 448
7 170
48 171
86 463
125 391
199 340
273 289
424 458
28 458
102 407
124 166
234 334
5 474
27 233
13 335
99 109
104 453
137 401
159 160
238 453
252 351
250 278
2 176
76 125
62 227
81 469
442 448
153 345
227 294
254 397
287 345
39 243
378 463
419 464
56 412
4 222
37 170
78 171
111 119
138 222
229 340
93 479
41 289
454 458
132 407
113 165
154 166
192 458
206 356
266 407
30 130
35 474
57 233
169 474
134 453
208 402
342 402
106 125
111 469
166 176
185 418
226 227
245 469
317 345
69 243
17 53
96 346
143 192
449 464
108 171
187 464
220 412
261 413
32 361
11 238
85 187
71 289
145 238
164 480
236 356
296 407
48 305
29 63
139 423
120 181
161 182
199 474
221 233
240 475
372 402
9 350
50 351
215 418
289 367
275 469
22 23
25 294
99 243
118 485
140 244
173 192
200 295
217 464
250 412
2 310
43 311
29 413
62 361
76 259
84 120
115 187
153 479
175 238
194 480
268 429
276 290
1 85
6 429
326 407
18 254
367 408
78 305
138 356
193 255
243 372
229 474
344 424
3 131
41 423
77 80
154 300
319 367
305 469
379 418
57 367
79 126
117 418
222 434
170 244
282 485
230 295
323 486
356 434
15 141
20 485
106 259
54 69
59 413
133 362
207 311
224 480
205 238
298 429
358 480
31 85
17 187
91 136
108 305
182 254
223 255
209 357
283 306
333 423
374 424
11 372
85 321
33 131
38 475
71 423
236 490
184 300
277 491
411 491
10 147
15 491
48 439
101 265
87 367
161 316
109 126
221 367
235 265
312 485
353 486
386 434
64 383
12 193
45 141
50 485
86 142
91 486
124 434
177 260
237 311
388 480
80 327
66 429
140 378
214 327
429 481
365 496
406 497
43 445
65 204
103 496
404 424
115 321
63 131
142 424
156 322
189 270
216 373
1 219
276 424
290 322
18 388
4 490
45 491
119 440
100 198
141 199
193 389
307 491
191 316
441 491
251 367
292 368
3 265
77 214
383 486
56 91
94 383
116 142
121 486
168 332
176 193
267 311
19 209
93 158
79 260
459 481
170 378
244 327
395 496
436 497
68 101
54 203
95 204
128 152
147 394
155 255
174 497
207 445
246 373
260 271
31 219
89 389
75 491
149 440
130 198
171 199
209 491
223 389
283 440
471 491
126 456
107 214
148 215
198 332
184 434
225 435
239 333
51 282
49 209
109 260
183 209
202 451
274 327
301 430
334 378
375 379
34 86
466 497
177 394
125 204
163 496
204 497
278 446
61 219
9 29
88 322
162 271
179 440
327 338
354 441
387 389
65 338
13 148
46 96
63 265
104 266
156 456
178 215
269 333
255 435
329 384
7 333
40 281
67 384
81 282
114 230
389 435
153 158
232 451
366 451
39 56
56 225
42 327
157 277
176 327
190 225
281 343
267 445
308 446
60 344
41 102
132 220
192 271
285 462
343 440
35 287
21 389
95 338
169 287
155 389
384 441
260 405
361 457
72 354
20 164
58 456
359 384
111 282
245 282
262 451
336 400
47 297
0 451
437 452
148 349
160 174
239 467
187 277
373 467
32 174
338 446
11 51
90 344
109 394
123 292
150 395
164 293
315 462
26 359
48 118
34 220
414 441
139 236
125 338
350 456
391 457
23 61
9 163
50 164
88 456
102 354
129 457
162 405
215 231
5 421
27 180
44 349
25 107
118 298
252 298
269 467
217 277
7 467
444 468
29 226
103 175
153 292
180 395
345 462
23 411
4 169
83 462
157 411
231 360
270 288
456 478
60 478
41 236
173 355
233 406
76 422
57 180
95 472
117 231
208 349
282 298
309 401
433 467
73 124
59 226
111 416
185 365
212 468
224 293
284 344
14 483
36 242
110 191
127 360
113 462
187 411
247 462
321 411
30 427
11 185
90 478
71 236
126 135
203 355
236 303
263 406
337 355
15 304
139 370
240 422
188 232
143 489
124 247
215 365
163 175
201 467
242 468
289 314
13 416
44 483
25 241
66 242
80 140
118 432
219 484
481 484
217 411
291 360
318 463
43 258
103 309
115 134
120 478
142 237
175 185
254 478
268 376
18 201
4 303
45 304
78 252
97 494
105 355
119 253
193 202
196 473
210 371
8 422
94 196
154 247
272 468
346 417
19 22
222 381
249 484
323 433
1 382
73 258
59 360
147 207
174 310
298 376
284 478
339 377
31 32
36 376
58 135
110 325
127 494
75 304
108 252
149 253
209 304
302 495
314 320
11 319
33 78
38 422
112 371
186 320
203 489
184 247
225 248
337 489
15 438
54 366
128 315
161 263
188 366
293 382
353 433
26 38
12 140
31 382
86 89
163 309
204 310
237 258
355 479
80 274
28 84
66 376
88 135
107 377
140 325
181 326
179 253
332 495
406 444
10 444
43 392
63 78
142 371
156 269
257 321
276 371
381 387
367 489
408 490
81 95
193 336
232 264
22 454
383 433
42 140
121 433
195 382
484 485
19 156
98 449
46 259
170 325
211 326
271 377
362 495
40 444
21 202
95 151
114 393
147 341
155 202
174 444
246 320
347 372
72 167
58 269
378 439
89 336
70 94
75 438
149 387
209 438
223 336
264 337
314 454
262 264
438 490
14 162
0 264
52 454
74 213
93 455
148 162
239 280
225 382
299 331
51 229
390 449
68 398
49 156
128 449
202 398
150 208
241 326
301 377
26 172
12 274
70 444
144 393
125 151
204 444
278 393
317 321
47 460
28 218
102 167
162 218
468 490
179 387
220 388
294 337
280 439
5 234
354 388
32 337
65 285
385 455
44 162
123 455
104 213
156 403
197 404
257 455
269 280
255 382
7 280
81 229
172 347
120 157
158 449
180 208
232 398
306 347
6 55
56 172
9 326
83 275
135 465
234 444
308 393
368 444
41 49
46 393
151 409
211 460
159 270
285 409
250 388
324 337
384 388
21 336
95 285
136 286
134 213
227 404
287 455
361 404
20 111
89 470
37 280
171 280
212 281
262 398
14 296
363 450
74 347
148 296
96 106
165 465
206 466
187 224
239 414
247 275
51 363
338 393
30 240
16 342
90 291
164 240
241 460
315 409
356 410
15 117
48 65
53 409
106 235
92 337
125 285
166 286
331 353
391 404
69 353
50 111
143 302
451 455
160 471
201 280
294 471
27 127
13 229
333 399
44 296
25 54
118 245
145 348
178 296
393 450
269 414
217 224
310 415
370 466
7 414
43 71
29 173
81 363
103 122
172 481
120 291
194 240
254 291
345 409
386 410
4 116
9 460
45 117
83 409
97 307
105 168
124 410
196 286
446 461
22 133
8 235
25 404
99 353
324 471
272 281
2 420
398 420
136 420
84 230
134 347
189 246
208 296
249 297
309 348
4 466
37 414
152 364
212 415
284 291
377 482
55 431
96 240
75 117
113 409
302 308
352 425
30 374
16 476
57 477
131 426
112 184
453 477
203 302
263 353
106 369
87 127
92 471
166 420
205 348
331 487
31 195
64 143
69 487
108 415
242 415
316 364
407 482
11 482
85 431
66 189
219 431
184 410
318 410
423 426
161 426
142 184
221 477
334 354
45 251
119 200
105 302
210 318
196 420
237 421
311 370
297 472
3 25
435 436
94 143
99 487
121 246
135 144
140 488
173 436
214 437
286 313
346 364
46 72
478 483
115 431
189 380
175 482
249 431
290 432
288 359
59 307
100 308
114 206
152 498
191 426
265 375
3 375
58 82
490 493
89 149
75 251
149 200
176 303
209 251
267 421
52 267
0 77
38 369
79 370
112 318
126 216
170 488
244 437
304 488
15 385
68 211
128 262
202 211
188 313
205 482
279 431
293 329
320 432
53 88
91 380
182 498
256 447
204 257
47 273
107 324
181 273
198 442
258 493
373 443
10 391
65 98
156 216
109 370
197 217
257 268
274 437
408 437
7 93
86 386
259 314
350 432
9 139
42 87
83 88
121 380
162 381
195 329
286 447
327 448
387 499
24 447
60 104
65 448
98 396
63 375
151 222
211 273
271 324
1 463
288 493
362 442
403 443
35 47
21 149
40 391
95 98
100 442
114 340
174 391
339 458
39 166
378 386
56 335
37 93
42 437
75 385
116 386
176 437
264 284
415 453
0 211
93 402
165 278
206 279
192 381
266 330
51 176
68 345
16 155
54 447
95 448
169 397
301 324
31 463
72 464
70 391
493 494
92 150
171 443
218 289
245 392
278 340
410 459
47 407
69 166
107 458
129 217
148 459
181 407
220 335
280 386
32 284
13 42
385 402
49 453
123 402
104 160
183 453
197 351
257 402
236 279
255 329
26 469
7 227
122 177
172 294
125 448
158 396
199 397
259 448
273 346
364 464
61 463
97 120
83 222
157 171
248 289
234 391
289 290
308 340
60 238
13 392
46 340
440 459
99 166
211 407
159 217
252 408
250 335
2 233
114 474
136 233
153 402
134 160
213 453
227 351
254 454
328 403
1 8
39 300
326 330
452 469
37 227
78 228
111 176
152 177
231 470
264 418
229 397
14 243
41 346
132 464
113 222
206 413
266 464
305 392
30 187
38 48
117 341
131 239
164 187
282 408
356 357
342 459
15 64
20 408
106 182
92 284
166 233
226 284
317 402
358 403
143 249
129 351
160 418
108 228
32 418
11 295
44 243
197 485
145 295
219 244
393 397
310 362
296 464
370 413
122 311
139 480
273 480
221 290
6 136
312 408
372 459
97 254
50 408
215 475
196 233
289 424
349 475
22 80
25 351
173 249
159 351
200 352
214 250
250 469
291 470
365 419
2 367
76 316
24 126
29 470
103 419
425 470
268 486
276 347
1 142
6 486
326 464
59 120
100 121
212 362
243 429
191 239
303 480
344 481
55 378
41 480
77 137
94 306
168 255
154 357
319 424
30 321
379 475
52 80
38 182
112 131
131 373
170 301
230 352
356 491
15 198
106 316
54 126
92 418
133 419
147 317
207 368
205 295
298 486
31 142
36 486
91 193
397 465
108 362
182 311
223 312
209 414
242 362
256 260
283 363
333 480
374 481
11 429
47 86
33 188
71 480
107 137
167 188
184 357
258 306
318 357
10 204
48 496
450 476
87 424
161 373
109 183
235 322
386 491
427 492
45 198
124 491
177 317
163 419
210 265
237 368
311 317
402 435
25 485
61 142
80 384
140 435
162 194
200 486
214 384
462 486
253 312
313 363
24 260
65 261
404 481
115 378
63 188
142 481
156 379
216 430
276 481
1 276
290 379
288 306
18 445
381 497
40 204
114 153
100 255
174 204
193 446
191 373
265 322
251 424
306 323
366 374
416 491
89 96
75 198
116 199
168 389
176 250
195 492
267 368
368 420
0 24
93 215
244 384
192 194
230 486
343 363
68 158
54 260
95 261
147 451
169 210
205 429
246 430
260 328
31 276
72 277
89 446
144 153
130 255
223 446
283 497
295 322
107 271
148 272
487 492
198 389
239 390
225 492
299 441
373 390
101 456
49 266
183 266
334 435
26 282
7 40
67 91
177 451
125 261
158 209
199 210
350 379
61 276
102 277
88 379
162 328
179 497
253 446
327 395
5 344
354 498
65 395
13 205
387 446
63 322
137 271
151 169
178 272
211 220
269 390
255 492
389 492
81 339
62 97
67 441
114 287
141 390
153 215
172 457
213 266
306 457
42 384
190 282
176 384
231 283
14 56
0 158
55 57
93 349
206 226
266 277
357 395
343 497
384 498
16 102
21 446
417 446
155 446
260 462
208 272
72 411
53 169
359 441
70 338
144 287
185 288
171 390
245 339
336 457
14 406
69 113
96 216
129 164
160 231
220 282
321 334
32 231
412 452
123 349
71 159
109 451
150 452
164 350
197 298
48 175
122 124
414 498
139 293
199 344
273 293
226 447
259 395
23 118
9 220
28 462
50 221
124 170
162 462
5 478
27 237
25 164
104 457
118 355
159 164
178 406
238 457
76 129
103 232
194 350
227 298
56 416
4 226
78 175
97 417
138 226
157 468
231 417
229 344
330 396
55 191
41 293
132 411
154 170
233 463
305 339
30 134
117 288
134 457
208 406
222 304
323 356
309 458
342 406
20 355
106 129
59 283
92 231
245 473
224 350
298 299
284 401
36 299
110 248
449 468
127 417
108 175
187 468
261 417
300 345
85 191
71 293
164 484
186 243
236 360
277 361
263 463
15 361
101 135
139 427
161 186
353 356
64 253
12 63
50 355
215 422
275 473
27 371
25 298
80 197
118 489
217 468
291 417
351 468
392 469
24 73
65 74
194 484
175 242
216 243
268 433
276 294
6 433
328 484
18 258
367 412
78 309
105 412
270 479
8 479
77 84
94 253
42 63
195 305
228 253
360 372
420 423
19 79
98 372
79 130
84 474
131 320
189 490
222 438
230 299
323 490
1 439
73 315
54 73
59 417
133 366
147 264
207 315
422 469
205 242
339 434
399 485
31 89
36 433
58 192
96 484
397 412
75 361
223 259
283 310
314 377
300 479
374 428
52 377
38 479
126 326
186 377
198 202
184 304
277 495
411 495
51 152
376 474
87 371
109 130
202 321
353 490
427 439
12 197
86 146
91 490
177 264
237 315
80 331
28 141
61 89
66 433
88 192
167 485
181 383
214 331
253 259
43 449
142 428
290 326
307 495
255 305
381 444
40 151
45 495
81 152
100 202
119 444
193 393
158 372
191 320
232 321
482 496
383 490
56 95
42 197
61 439
94 387
116 146
135 388
176 197
195 439
308 316
93 162
79 264
459 485
211 383
271 434
35 157
21 259
73 449
246 377
320 326
347 429
20 34
58 326
89 393
75 495
149 444
223 393
171 203
262 321
322 372
0 321
74 270
126 460
165 388
239 337
225 439
123 162
202 455
241 383
274 331
301 434
26 229
12 331
53 332
315 332
177 398
125 208
218 399
226 260
317 378
28 275
9 33
102 224
162 275
179 444
201 203
294 394
5 291
354 445
27 50
13 152
32 394
44 219
118 168
255 439
329 388
7 337
81 286
67 388
141 337
172 404
232 455
306 404
6 112
39 60
4 39
9 383
42 331
157 281
248 399
308 450
382 399
41 106
46 450
151 466
132 224
285 466
250 445
324 394
35 291
21 393
95 342
136 343
134 270
227 461
260 409
359 388
111 286
59 96
171 337
303 456
14 353
0 455
74 404
96 163
127 230
247 332
51 420
338 450
11 55
16 399
71 106
90 348
356 467
48 122
53 466
414 445
92 394
125 342
240 292
226 394
331 410
28 409
64 66
143 359
129 461
215 235
201 337
242 338
27 184
13 286
333 456
44 353
25 111
66 112
104 404
118 302
145 405
217 281
310 472
2 127
43 128
29 230
48 472
103 179
444 472
120 348
194 297
254 348
6 246
345 466
386 467
23 415
45 174
78 122
105 225
119 123
157 415
231 364
196 343
270 292
22 190
55 138
421 461
25 461
99 410
173 359
159 461
233 410
272 338
2 477
76 426
131 133
117 235
136 477
175 405
309 405
1 252
20 302
37 471
73 128
78 472
133 179
212 472
224 297
284 348
14 487
36 246
96 297
127 364
108 122
187 415
228 416
30 431
11 189
90 482
126 139
131 483
164 431
203 359
277 308
428 477
106 426
87 184
128 185
166 477
240 426
205 405
64 200
17 354
91 303
143 493
108 472
163 179
242 472
316 421
80 144
85 488
140 195
332 365
318 467
43 262
392 416
423 483
82 190
120 482
194 431
235 432
6 380
307 308
45 308
193 206
210 375
158 185
270 426
311 427
344 375
22 324
3 82
8 426
435 493
195 252
272 472
19 26
84 421
189 437
170 195
1 386
362 365
21 72
100 365
114 263
174 314
339 381
325 483
36 380
77 381
58 139
127 498
75 308
176 360
209 308
302 499
314 324
300 426
341 427
401 478
33 82
38 426
79 427
112 375
165 201
244 494
225 252
277 442
376 421
68 268
54 370
417 422
279 488
320 489
353 437
394 438
12 144
53 145
86 93
91 437
295 432
47 330
28 88
107 381
88 139
129 140
181 330
198 499
429 432
406 448
65 155
371 427
82 324
63 82
109 427
142 375
156 273
197 274
307 442
348 443
45 442
81 99
172 217
232 268
259 371
350 489
383 437
9 196
162 438
195 386
19 160
60 161
46 263
63 432
137 381
151 279
211 330
271 381
362 499
21 206
62 207
100 499
136 156
174 448
213 376
287 325
39 223
378 443
89 340
37 150
42 494
75 442
116 443
190 392
264 341
0 268
74 217
93 459
165 335
239 284
192 438
225 386
431 454
16 212
49 160
90 161
150 212
34 37
70 448
144 397
125 155
204 448
245 449
317 325
28 222
69 223
181 464
129 274
146 443
220 392
294 341
5 238
354 392
32 341
385 459
44 166
123 459
197 408
269 284
81 233
34 387
67 335
122 234
365 494
120 161
199 454
6 59
372 382
9 330
83 279
97 177
248 346
308 397
349 398
8 105
25 274
99 223
151 413
159 274
211 464
324 341
2 290
35 238
62 341
76 239
84 100
136 290
227 408
175 218
287 459
39 357
20 115
326 387
78 285
111 233
152 234
212 285
264 475
243 352
229 454
303 403
55 301
36 59
41 403
96 110
127 177
113 279
187 228
206 470
228 229
305 449
16 346
90 295
38 105
131 296
439 449
241 464
282 465
20 465
106 239
226 341
358 460
17 167
50 115
91 116
129 408
108 285
182 234
294 475
242 285
335 476
32 475
44 300
393 454
71 403
219 301
236 470
217 228
310 419
411 471
43 75
48 419
103 126
122 368
120 295
194 244
235 245
6 193
312 465
386 414
97 311
45 121
50 465
105 172
124 414
446 465
289 481
297 342
22 137
8 239
25 408
173 306
214 307
200 409
324 475
365 476
2 424
24 183
98 132
84 234
103 476
136 424
189 250
1 199
39 491
18 368
400 470
73 75
59 177
100 178
138 470
191 296
251 347
3 245
36 193
94 363
154 414
57 481
131 430
112 188
203 306
230 409
304 358
395 476
106 373
54 183
92 475
128 132
133 476
147 374
31 199
17 301
91 250
110 492
108 419
182 368
256 317
209 471
283 420
407 486
11 486
47 143
80 91
85 435
145 486
167 245
186 487
448 487
258 363
10 261
423 430
101 379
87 481
161 430
109 240
142 188
235 379
334 358
45 255
86 256
177 374
163 476
210 322
237 425
422 428
22 271
80 441
444 494
135 148
121 250
140 492
162 251
195 199
214 441
286 317
272 419
313 420
24 317
98 266
84 368
478 487
63 245
175 486
189 384
216 487
290 436
1 333
288 363
389 415
114 210
100 312
174 261
191 430
251 481
325 430
366 431
3 379
42 307
75 255
116 256
168 446
190 205
228 497
281 323
267 425
19 323
0 81
52 271
93 272
401 425
192 251
304 492
16 25
54 317
128 266
155 369
202 215
205 486
246 487
320 436
31 333
72 334
58 436
380 487
144 210
130 312
204 261
355 430
47 277
28 35
33 379
181 277
167 379
396 431
198 446
299 498
5 51
10 395
32 154
51 396
371 374
82 271
123 272
109 374
197 221
26 339
12 441
86 390
67 148
125 318
199 267
259 318
350 436
23 41
9 143
61 333
83 92
88 436
102 334
234 261
327 452
5 401
60 108
46 210
426 431
63 379
151 226
252 278
238 380
288 497
403 447
35 51
40 395
62 154
81 396
100 446
114 344
153 272
463 498
213 323
39 170
405 493
42 441
116 390
138 149
264 288
281 457
14 113
0 215
19 457
55 114
93 406
456 458
266 334
357 452
30 57
16 159
35 401
90 108
95 452
117 211
150 159
169 401
208 329
53 226
359 498
111 396
92 154
144 344
171 447
185 345
245 396
14 463
69 170
148 463
129 221
146 390
261 340
247 442
321 391
352 458
385 406
85 114
164 407
236 283
26 473
48 232
34 334
125 452
199 401
364 468
23 175
9 277
83 226
97 124
102 468
215 345
289 294
275 396
27 294
13 396
25 221
99 170
118 412
159 221
178 463
200 222
252 412
250 339
351 391
76 186
62 288
136 237
153 406
227 355
268 356
254 458
6 356
39 304
326 334
18 181
97 474
152 181
212 232
344 351
330 453
55 248
41 350
435 469
94 176
113 226
132 468
154 227
30 191
16 293
57 294
282 412
356 361
342 463
106 186
92 288
133 289
147 187
224 407
284 458
69 304
17 114
96 407
110 305
261 474
209 284
11 299
85 248
33 58
71 350
145 299
186 300
277 418
310 366
337 469
48 366
34 468
122 315
139 484
161 243
221 294
50 412
124 361
215 479
163 289
196 237
237 238
289 428
22 84
388 407
66 356
99 304
200 356
291 474
365 423
43 372
24 130
29 474
84 181
103 423
189 197
268 490
216 300
1 146
6 490
340 366
18 315
367 469
78 366
210 485
243 433
251 294
292 295
22 434
3 192
55 382
77 141
168 259
195 362
228 310
319 428
360 429
19 136
52 84
57 428
79 187
98 429
117 479
131 377
222 495
244 254
304 305
73 372
54 130
59 474
147 321
155 182
207 372
455 474
246 300
36 490
17 248
72 147
110 439
397 469
70 74
108 366
149 367
283 367
314 434
374 485
11 433
47 90
33 192
52 434
85 382
107 141
167 192
198 259
184 361
258 310
299 311
390 429
101 326
49 136
161 377
202 378
427 496
26 152
12 254
31 496
64 444
177 321
163 423
278 373
475 476
402 439
61 146
102 147
200 490
179 367
253 316
313 367
65 265
404 485
63 192
137 141
142 485
216 434
276 485
290 383
255 362
18 449
40 208
114 157
141 260
158 429
232 378
292 429
366 378
61 496
42 254
116 203
195 496
19 270
0 28
79 321
93 219
170 439
192 198
271 491
285 389
343 367
68 162
21 316
95 265
169 214
361 384
72 281
20 91
89 450
70 208
223 450
171 260
262 378
322 429
47 224
74 327
148 276
165 445
146 203
239 394
299 445
32 101
338 373
49 270
109 321
150 322
183 270
274 388
301 491
26 286
12 388
86 337
34 147
139 163
125 265
199 214
218 456
259 265
350 383
28 332
9 90
102 281
253 450
294 451
327 399
5 348
27 107
13 209
65 399
44 276
25 34
63 326
269 394
329 445
7 394
81 343
62 101
141 394
389 496
153 219
194 220
180 322
254 271
306 461
6 169
39 117
345 389
56 286
4 96
97 287
116 337
157 338
231 287
405 440
248 456
19 404
60 405
41 163
132 281
206 230
233 333
266 281
35 348
57 107
169 348
117 158
134 327
208 276
309 328
39 467
359 445
37 394
111 343
92 101
171 394
212 395
245 343
460 497
336 461
377 462
14 410
69 117
148 410
127 287
113 389
146 337
187 338
247 389
261 287
30 354
16 456
49 404
164 354
150 456
412 456
122 128
92 451
125 399
166 400
199 348
226 451
331 467
465 467
64 123
102 415
124 174
143 416
215 292
242 395
5 482
275 343
316 344
13 343
44 410
25 168
66 169
99 117
118 359
145 462
178 410
252 359
217 338
2 184
81 477
29 287
103 236
442 456
194 354
180 456
254 405
268 303
328 354
6 303
419 472
18 128
4 230
23 472
157 472
231 421
270 349
22 247
3 5
8 349
55 195
99 467
132 415
173 416
272 395
35 482
57 241
84 344
117 292
175 462
249 411
323 360
20 359
73 185
133 236
224 354
298 303
325 406
17 61
110 252
449 472
127 421
108 179
149 180
228 473
302 422
11 246
52 247
85 195
112 298
126 196
164 488
186 247
277 365
263 467
337 416
10 21
15 365
101 139
87 241
240 483
188 293
205 462
279 411
293 309
64 257
163 236
316 478
355 406
80 201
66 303
200 303
179 180
217 472
258 473
291 421
5 27
29 421
43 319
65 78
103 370
392 473
156 196
235 489
216 247
6 437
307 365
18 262
367 416
45 365
119 314
105 416
210 432
311 484
3 139
8 483
94 257
42 67
121 360
135 258
286 427
360 376
19 83
24 427
79 134
98 376
189 494
323 494
1 443
362 422
73 319
21 129
59 421
133 370
224 488
265 489
3 489
36 437
58 196
77 438
89 263
75 365
149 314
397 416
283 314
314 381
300 483
341 484
374 432
415 433
0 191
33 139
38 483
112 432
186 381
198 206
225 309
51 156
101 273
49 83
128 376
109 134
202 325
241 253
353 494
394 495
26 99
31 443
53 202
427 443
144 320
163 370
177 268
204 371
278 320
295 489
80 335
28 145
33 489
88 196
167 489
181 387
280 366
5 161
313 314
65 212
13 22
404 432
82 381
63 139
156 330
197 331
255 309
81 156
119 448
141 207
172 274
158 376
292 376
383 494
424 495
61 443
135 392
83 202
195 443
248 269
368 371
46 320
151 336
137 438
285 336
271 438
21 263
95 212
136 213
134 140
213 433
246 381
287 382
347 433
39 280
20 38
72 228
89 397
75 499
111 156
149 448
171 207
190 449
262 325
0 325
74 274
148 223
454 495
113 202
146 150
225 443
51 290
68 459
16 269
49 217
90 218
202 459
241 387
342 439
375 387
34 94
166 213
102 228
143 229
160 398
179 448
220 449
294 398
354 449
27 54
32 398
118 172
104 274
219 224
269 341
255 443
7 341
81 290
29 100
34 444
122 291
172 408
120 218
232 459
180 269
6 116
23 285
4 43
9 387
157 285
231 234
372 439
196 213
308 454
8 162
41 110
46 454
99 280
173 229
159 331
233 280
250 449
324 398
35 295
76 296
62 398
384 449
84 157
134 274
208 223
227 465
361 465
39 414
340 342
326 444
37 341
111 290
59 100
138 393
185 239
243 409
303 460
14 357
55 358
437 460
127 234
113 336
187 285
247 336
379 455
11 59
16 403
38 162
52 60
90 352
117 455
150 403
164 301
356 471
15 178
53 470
414 449
166 347
240 296
331 414
391 465
69 414
17 224
50 172
215 239
242 342
407 409
66 116
71 460
145 409
219 358
310 476
318 337
43 132
29 234
48 476
103 183
409 455
444 476
194 301
180 403
221 404
235 302
386 471
23 419
45 178
124 471
210 245
196 347
270 296
22 194
25 465
462 466
173 363
200 466
233 414
272 342
2 481
76 430
24 240
98 189
84 291
136 481
115 358
175 409
309 409
1 256
340 476
18 425
474 476
73 132
59 234
78 476
100 235
152 425
174 184
191 353
212 476
251 404
265 302
55 492
36 250
127 368
75 178
113 470
154 471
168 369
228 420
302 369
30 435
52 194
0 4
38 296
112 245
203 363
277 312
263 414
469 482
68 138
106 430
128 189
207 482
279 358
31 256
17 358
380 410
108 476
182 425
130 235
163 183
242 476
256 374
316 425
80 148
33 302
66 250
85 492
107 251
167 302
181 200
184 471
219 492
332 369
318 471
10 318
423 487
82 194
161 487
142 245
183 246
274 364
307 312
334 415
45 312
119 261
177 431
210 379
311 431
80 498
61 256
135 205
121 307
195 256
327 375
313 477
387 426
19 30
24 374
46 133
84 425
98 323
63 302
115 492
189 441
290 493
288 420
362 369
40 318
389 472
100 369
174 318
191 487
265 436
339 385
325 487
366 488
3 436
399 436
58 143
89 210
75 312
116 313
176 364
281 380
267 482
341 431
14 36
52 328
165 205
417 426
128 323
169 324
202 272
293 390
394 442
26 46
17 492
31 390
53 149
58 493
130 369
204 318
295 436
369 385
47 334
28 92
33 436
69 93
88 143
107 385
129 144
146 313
167 436
179 261
181 334
10 452
220 262
32 211
49 380
472 483
109 431
274 498
255 256
348 447
26 396
81 103
34 257
67 205
86 447
199 324
232 272
364 391
350 493
424 442
23 98
61 390
83 149
102 391
484 493
5 458
46 267
426 488
63 436
250 262
40 452
76 109
114 401
213 380
287 329
347 380
378 447
56 396
37 154
438 498
190 396
138 206
176 498
264 345
479 499
262 272
14 170
0 272
165 339
113 149
192 442
266 391
30 114
16 216
35 458
90 165
169 458
241 334
282 335
20 335
70 452
106 109
92 211
144 401
185 402
218 350
245 453
143 176
160 345
146 447
220 396
294 345
247 499
280 447
321 448
32 345
335 346
385 463
44 170
118 119
123 463
296 391
48 289
29 47
122 238
139 407
120 165
273 407
312 335
23 232
9 334
372 386
248 350
8 109
25 278
99 227
118 469
151 417
159 278
200 279
252 469
250 396
291 397
351 448
24 53
103 346
84 104
136 294
194 464
175 222
227 412
268 413
328 464
1 69
6 413
4 340
78 289
152 238
212 289
243 356
229 458
344 408
363 458
55 305
3 115
36 63
127 181
113 283
154 284
168 182
206 474
305 453
379 402
38 109
117 402
131 300
282 469
230 279
356 418
15 125
20 469
106 243
92 345
207 295
298 413
331 361
358 464
69 361
110 362
108 289
182 238
242 289
335 480
333 407
374 408
11 356
85 305
33 115
71 407
145 356
186 357
393 458
236 474
310 423
10 131
43 79
122 372
101 249
87 351
161 300
235 249
386 418
64 367
45 125
50 469
86 126
124 418
163 346
289 485
297 346
27 485
388 464
61 69
99 361
140 362
214 311
272 289
2 428
43 429
24 187
98 136
84 238
365 480
115 305
404 408
175 356
216 357
290 306
276 408
307 475
381 424
18 372
441 475
40 131
119 424
152 372
193 373
191 300
251 351
22 491
55 439
416 418
75 125
116 126
176 177
302 316
319 485
19 193
38 243
52 141
57 485
79 244
93 142
244 311
230 413
73 429
147 378
133 480
207 429
155 239
246 357
17 305
58 306
110 496
471 475
70 131
149 424
182 372
209 475
223 373
283 424
314 491
11 490
47 147
33 249
52 491
85 439
107 198
126 440
167 249
184 418
299 368
390 486
423 434
101 383
49 193
82 141
87 485
109 244
161 434
202 435
274 311
12 311
177 378
163 480
311 378
297 480
402 496
80 445
61 203
102 204
140 496
214 445
253 373
5 271
24 321
46 80
63 249
156 440
216 491
238 250
288 367
21 23
100 316
141 317
232 435
265 383
292 486
306 384
366 435
77 332
42 311
190 209
176 311
308 430
368 481
93 276
41 86
132 204
170 496
244 445
285 446
35 271
16 29
21 373
68 219
95 322
155 373
169 271
320 440
72 338
58 440
70 265
144 214
185 215
245 266
262 435
336 384
322 486
396 435
0 435
33 383
148 333
198 450
146 260
239 451
373 451
371 378
71 86
109 378
150 379
183 327
241 497
315 446
348 394
375 497
12 445
53 446
139 220
259 322
350 440
391 441
23 45
102 338
50 148
83 96
327 456
27 164
25 91
63 383
104 384
118 282
178 333
238 384
252 282
403 451
7 451
444 452
103 159
153 276
213 327
254 328
39 174
18 51
4 153
37 101
42 445
78 102
83 446
116 394
231 344
281 461
405 497
19 461
55 118
41 220
60 462
206 287
192 389
233 390
266 338
398 457
35 405
136 457
117 215
169 405
134 384
222 231
72 472
20 282
185 349
133 159
171 451
284 328
410 467
36 226
69 174
96 277
110 175
113 446
146 394
187 395
261 344
321 395
85 118
164 411
145 169
236 287
263 390
337 339
48 236
125 456
166 457
199 405
23 179
143 473
215 349
201 451
316 401
440 467
25 225
66 226
99 174
118 416
140 175
178 467
200 226
217 395
252 416
291 344
103 293
115 118
194 411
268 360
1 16
326 338
18 185
4 287
78 236
119 237
105 339
152 185
231 478
243 303
196 457
229 405
270 406
330 457
22 304
3 62
8 406
55 252
435 473
94 180
132 472
173 473
305 400
38 56
117 349
208 467
249 468
323 417
365 443
59 344
133 293
207 242
284 462
358 411
399 412
36 360
17 118
96 411
110 309
108 236
149 237
209 288
335 427
300 406
11 303
85 252
38 406
112 355
126 253
203 473
411 422
101 196
188 350
279 468
312 416
353 417
17 468
50 416
91 417
177 191
163 293
215 483
256 484
355 463
80 258
66 360
388 411
88 119
167 412
200 360
332 479
365 427
43 376
406 428
65 135
103 427
216 304
276 355
6 494
307 422
18 319
367 473
40 78
119 371
100 129
105 473
193 320
210 489
232 248
344 489
292 299
77 145
94 314
135 315
121 417
195 366
443 468
420 484
19 140
24 484
170 309
244 258
230 360
35 84
54 134
59 478
73 376
95 135
155 186
174 428
246 304
339 495
36 494
72 151
58 253
347 356
89 320
75 422
223 320
283 371
374 489
47 94
33 196
74 197
107 145
126 387
239 264
225 366
299 315
10 212
51 213
68 382
49 140
54 484
101 330
109 191
188 484
202 382
26 156
12 258
86 207
177 325
130 479
163 427
218 326
278 377
369 495
80 392
102 151
88 253
107 495
162 202
181 444
179 371
253 320
5 218
354 372
65 269
13 79
404 489
82 438
445 490
142 489
216 438
255 366
40 212
67 315
141 264
172 331
306 331
292 433
56 156
42 258
83 259
116 207
135 449
157 208
234 428
19 274
60 275
46 377
93 223
368 428
132 151
137 495
192 202
211 444
271 495
285 393
343 371
95 269
136 270
155 320
169 218
475 490
134 197
246 438
260 336
39 337
58 387
72 285
89 454
37 264
171 264
264 455
262 382
14 280
74 331
165 449
113 259
146 207
187 208
299 449
51 347
338 377
16 326
123 223
164 224
150 326
241 444
375 444
53 393
34 151
139 167
125 269
166 270
199 218
331 337
317 439
102 285
50 95
129 388
143 286
365 367
201 264
5 352
27 111
13 213
32 455
44 280
25 38
104 331
393 434
238 331
329 449
7 398
43 55
172 465
194 224
180 326
6 173
345 393
23 342
9 444
83 393
97 291
105 152
405 444
60 409
8 219
41 167
132 285
159 388
324 455
398 404
2 404
57 111
62 455
117 162
136 404
134 331
208 280
249 281
309 332
39 471
20 229
340 399
37 398
185 296
212 399
377 466
14 414
55 415
36 173
113 393
261 291
247 393
352 409
412 460
11 116
90 409
71 167
150 460
164 358
453 461
203 286
263 337
15 235
87 111
166 404
240 353
331 471
279 281
64 127
143 420
124 178
430 450
256 297
242 399
316 348
27 245
407 466
44 414
217 342
318 394
43 189
103 240
82 117
194 358
221 461
18 132
4 234
23 476
97 425
119 184
210 302
270 353
297 456
22 251
3 9
94 127
173 420
121 230
154 178
286 297
346 348
76 487
115 415
189 364
175 466
323 364
309 466
1 313
18 482
59 291
152 482
224 358
265 359
251 461
298 307
36 307
75 235
149 184
209 235
302 426
38 353
112 302
126 200
186 251
203 420
277 369
263 471
10 25
15 369
101 143
87 245
188 297
205 466
279 415
293 313
353 364
31 313
12 71
91 364
380 467
413 415
182 482
163 240
256 431
295 359
355 410
33 359
140 256
181 257
167 359
198 426
179 184
258 477
10 375
392 477
65 82
101 493
82 251
142 302
183 303
216 251
307 369
348 370
334 472
7 77
45 369
105 420
119 318
193 267
158 246
22 385
8 487
61 313
121 364
360 380
346 482
19 87
24 431
46 190
60 88
84 482
98 380
211 257
271 308
1 447
40 375
21 133
73 323
114 324
463 478
213 303
246 251
339 442
3 493
72 98
89 267
37 77
176 421
264 268
341 488
0 195
93 386
165 262
225 313
266 314
49 87
169 381
202 329
293 447
301 308
394 499
72 448
53 206
70 375
144 324
218 273
278 324
295 493
47 391
33 493
107 442
88 200
129 201
181 391
470 494
32 268
13 26
371 488
82 385
123 386
109 488
197 335
255 313
296 314
67 262
141 211
172 278
158 380
199 381
232 329
273 330
364 448
23 155
61 447
83 206
121 498
135 396
162 499
248 273
60 222
8 32
46 324
459 493
137 442
211 391
159 201
285 340
250 319
35 165
21 267
62 268
76 166
114 458
136 217
213 437
287 386
347 437
56 453
138 263
264 402
262 329
14 227
363 381
41 330
74 278
454 499
132 448
113 206
165 396
266 448
30 171
16 273
68 463
90 222
164 171
241 391
282 392
315 340
15 48
53 340
106 166
185 459
218 407
226 268
317 386
69 284
129 335
220 453
201 211
335 403
27 58
32 402
104 278
197 469
219 228
236 397
310 346
296 448
370 397
7 345
48 346
34 448
122 295
120 222
180 273
221 274
273 464
312 392
23 289
4 47
9 391
45 48
97 238
157 289
372 443
215 459
248 407
22 64
60 356
25 335
151 474
173 233
159 335
233 284
250 453
324 402
76 300
24 110
57 58
84 161
425 454
115 228
227 469
175 279
268 470
18 295
4 397
78 346
59 104
138 397
152 295
212 346
303 464
251 274
377 413
55 362
41 464
77 121
113 340
168 239
228 290
319 408
30 305
379 459
52 64
57 408
112 115
203 233
263 284
15 182
395 403
54 110
92 402
166 351
207 352
205 279
298 470
331 418
69 418
17 228
91 177
110 419
143 367
242 346
11 413
66 120
71 464
186 414
167 172
219 362
184 341
258 290
310 480
10 188
43 136
48 480
122 429
409 459
87 408
235 306
221 408
45 182
119 131
210 249
163 403
196 351
297 403
61 126
99 418
121 177
200 470
214 368
272 346
313 347
43 486
76 434
98 193
84 295
115 362
189 311
175 413
216 414
276 465
1 260
340 480
288 290
381 481
40 188
78 480
100 239
114 137
152 429
193 430
191 357
3 306
416 475
94 424
168 373
154 475
176 234
302 373
52 198
0 8
38 300
79 301
93 199
126 147
131 491
170 419
244 368
343 347
68 142
73 486
128 193
147 435
155 296
205 413
279 362
320 363
31 260
380 414
58 363
91 311
70 188
283 481
47 204
33 306
126 497
181 204
184 475
258 424
299 425
373 374
10 322
101 440
82 198
161 491
202 492
235 440
334 419
26 266
86 317
177 435
9 70
135 209
179 481
327 379
313 481
65 379
115 496
63 306
137 255
151 153
156 497
238 307
290 497
288 424
329 425
362 373
21 80
100 373
153 199
191 491
213 250
232 492
366 492
3 440
39 97
77 389
56 266
116 317
281 384
341 435
382 436
14 40
19 384
41 143
74 91
93 333
132 261
165 209
357 379
68 276
16 86
54 378
95 379
155 430
169 328
320 497
394 446
72 395
53 153
58 497
359 425
70 322
144 271
130 373
185 272
204 322
262 492
47 338
33 440
69 97
129 148
160 215
146 317
220 266
280 317
51 457
32 215
371 435
123 333
71 143
183 384
197 282
257 333
26 400
7 158
48 159
34 261
139 277
172 225
273 277
259 379
28 446
9 204
83 153
88 497
124 154
215 272
234 322
5 462
60 169
13 323
25 148
63 440
104 441
151 287
238 441
252 339
2 164
81 457
153 333
254 385
287 333
328 334
419 452
56 400
4 210
78 159
190 400
231 401
229 328
330 380
55 175
41 277
132 395
192 446
233 447
266 395
30 118
16 220
35 462
57 221
90 169
117 272
222 288
208 390
342 390
20 339
111 457
185 406
245 457
284 385
69 231
110 232
449 452
160 349
108 159
335 350
11 226
123 467
71 277
145 226
236 344
296 395
337 396
48 293
34 395
122 242
120 169
199 462
240 463
273 411
312 339
23 236
64 237
215 406
275 457
316 458
27 355
25 282
173 180
252 473
217 452
291 401
2 298
43 299
24 57
76 247
84 108
103 350
115 175
153 467
175 226
194 468
328 468
6 417
326 395
18 242
4 344
78 293
152 242
105 396
138 344
193 243
243 360
367 396
344 412
55 309
3 119
41 411
94 237
168 186
154 288
228 237
346 458
379 406
57 355
38 113
79 114
170 232
282 473
230 283
323 474
73 299
54 57
106 247
147 248
207 299
224 468
298 417
17 175
58 176
91 124
96 468
108 293
209 345
283 294
300 463
11 360
33 119
112 412
126 310
186 361
184 288
277 479
376 458
101 253
87 355
109 114
188 407
221 355
235 253
312 473
353 474
50 473
86 130
91 474
124 422
163 350
237 299
297 350
27 489
388 468
61 73
66 417
121 124
200 417
365 484
406 485
65 192
103 484
63 119
290 310
276 412
307 479
381 428
18 376
4 478
40 135
45 479
100 186
119 428
193 377
441 479
292 356
22 495
3 253
56 79
42 181
94 371
154 422
176 181
195 423
267 299
360 490
19 197
57 489
79 248
98 490
170 366
230 417
271 418
285 316
304 366
395 484
73 433
21 243
54 191
95 192
174 485
207 433
89 377
70 135
471 479
209 479
283 428
262 305
322 356
47 151
52 495
107 202
148 203
186 495
448 495
165 372
198 320
239 321
299 372
10 269
51 270
68 439
87 489
101 387
109 248
123 146
128 490
183 197
202 439
315 316
301 418
26 213
12 315
334 366
125 192
163 484
80 449
28 259
88 310
162 259
253 377
280 480
5 275
27 34
46 84
478 495
82 495
63 253
104 254
156 444
178 203
216 495
238 254
290 444
255 423
329 372
40 269
389 423
141 321
158 490
232 439
306 388
366 439
39 44
42 315
157 265
190 213
281 331
234 485
267 433
382 383
19 331
60 332
41 90
93 280
368 485
151 450
285 450
343 428
35 275
384 429
95 326
155 377
134 254
287 496
72 342
58 444
359 372
111 270
171 321
245 270
322 490
14 337
363 491
437 440
148 337
96 147
146 264
187 265
51 404
338 434
11 39
71 90
164 281
315 450
26 347
48 106
34 208
139 224
125 326
199 275
240 276
331 394
23 49
102 342
50 152
88 444
215 219
27 168
44 337
25 95
393 491
178 337
252 286
238 388
269 455
2 111
7 455
29 214
43 112
103 163
141 455
153 280
194 281
180 383
254 332
345 450
18 55
23 399
56 347
83 450
105 209
138 157
229 275
270 276
55 122
41 224
60 466
421 445
132 342
206 291
159 445
233 394
117 219
134 388
208 337
282 286
309 389
20 286
73 112
111 404
133 163
171 455
185 353
212 456
284 332
36 230
110 179
96 281
113 450
187 399
302 349
352 466
11 173
85 122
38 276
71 224
112 225
164 415
203 343
277 292
337 343
15 292
166 461
188 220
279 338
91 287
182 405
201 455
215 353
256 354
289 302
27 302
316 405
44 471
118 420
66 230
140 179
219 472
217 399
291 348
332 349
318 451
103 297
115 122
120 466
6 364
18 189
4 291
45 292
97 482
119 241
210 359
196 461
270 410
173 477
121 287
195 236
272 456
346 405
24 354
57 302
98 303
189 421
170 179
222 369
323 421
1 370
73 246
21 56
59 348
133 297
147 195
174 298
207 246
265 416
298 364
339 365
399 416
36 364
110 313
58 123
89 190
127 482
149 241
168 483
302 483
300 410
401 462
38 410
112 359
126 257
203 477
225 236
337 477
10 82
101 200
54 354
128 303
293 370
279 472
353 421
31 370
12 128
17 472
91 421
413 472
177 195
163 297
204 298
237 246
256 488
355 467
80 262
28 72
66 364
88 123
107 365
140 313
181 314
179 241
198 483
332 483
406 432
43 380
65 139
82 308
63 66
142 359
216 308
307 426
348 427
408 478
7 134
40 82
45 426
105 477
119 375
172 201
158 303
22 442
383 421
443 472
135 319
121 421
195 370
234 298
24 488
98 437
46 247
79 195
271 365
362 483
40 432
95 139
100 483
246 308
287 309
347 360
72 155
77 499
37 134
75 426
190 376
176 478
223 324
281 494
314 442
415 494
14 150
0 252
52 442
74 201
126 391
148 150
165 319
239 268
225 370
299 319
51 217
390 437
431 438
68 386
49 144
202 386
150 196
241 314
301 365
26 160
12 262
70 432
144 381
125 139
130 483
218 330
278 381
369 499
47 448
28 206
107 499
143 156
181 448
468 478
179 375
294 325
5 222
354 376
32 325
13 83
65 273
44 150
82 442
123 443
156 391
197 392
257 443
255 370
296 371
7 268
172 335
120 145
158 437
306 335
259 489
6 43
23 212
9 314
83 263
97 161
135 453
157 212
308 381
60 279
46 381
151 397
137 499
211 448
285 397
271 499
35 222
76 223
62 325
475 494
134 201
361 392
347 494
39 341
20 99
326 371
89 458
111 217
171 268
212 269
262 386
303 387
14 284
0 386
74 335
363 438
127 161
113 263
165 453
187 212
239 402
379 382
90 279
164 228
241 448
301 499
356 398
15 105
218 464
166 274
226 325
418 495
50 99
91 100
143 290
160 459
201 268
242 269
294 459
13 217
333 387
44 284
393 438
104 335
219 285
370 454
43 59
29 161
103 110
122 352
172 469
180 330
254 279
386 398
97 295
83 397
105 156
248 464
196 274
289 465
22 121
8 223
60 413
25 392
99 341
159 392
233 341
324 459
365 460
398 408
57 115
84 218
134 335
189 234
309 336
39 475
340 403
400 454
37 402
78 403
138 454
212 403
224 228
251 331
377 470
55 419
110 126
127 295
75 105
113 397
187 346
228 347
30 362
453 465
52 121
90 413
112 172
131 414
203 290
395 460
106 357
87 115
92 459
207 409
240 357
205 336
279 285
331 475
64 131
17 285
69 475
110 476
430 454
256 301
316 352
407 470
11 470
448 471
66 177
107 178
145 470
219 419
184 398
258 347
10 245
122 486
87 465
161 414
142 172
221 465
235 363
64 481
45 239
119 188
105 290
210 306
270 357
297 460
22 255
402 476
61 183
99 475
140 476
173 424
272 403
76 491
24 301
98 250
115 419
137 178
290 420
1 317
288 347
40 245
59 295
73 193
100 296
114 194
152 486
174 245
191 414
251 465
3 363
77 312
58 70
89 137
168 430
228 481
281 307
267 409
300 357
341 358
401 409
38 357
93 256
112 306
170 476
203 424
304 476
343 404
68 199
54 301
128 250
147 492
155 353
205 470
279 419
293 317
320 420
31 317
12 75
17 419
53 76
91 368
353 368
182 486
223 487
204 245
256 435
47 261
33 363
107 312
181 261
396 415
179 188
373 431
5 35
10 379
32 138
101 497
82 255
156 204
109 358
183 307
197 205
235 497
274 425
348 374
334 476
26 323
7 81
12 425
67 132
177 492
158 250
311 492
350 420
9 127
42 75
121 368
135 266
162 369
253 487
24 435
46 194
63 363
137 312
151 210
238 364
1 451
271 312
288 481
329 482
403 431
40 379
21 137
62 138
100 430
114 328
174 379
153 256
265 497
213 307
463 482
3 497
39 154
77 446
56 323
37 81
42 425
89 271
116 374
281 441
382 493
14 97
19 441
74 148
79 492
93 390
415 441
165 266
266 318
51 164
357 436
417 487
54 435
90 92
95 436
155 487
241 261
301 312
144 328
92 138
171 431
218 277
245 380
410 447
47 395
33 497
74 498
107 446
470 498
160 272
146 374
280 374
385 390
13 30
371 492
49 441
109 492
145 149
257 390
236 267
26 457
7 215
48 216
172 282
273 334
364 452
9 261
248 277
201 431
234 379
275 380
8 36
46 328
440 447
63 497
104 498
137 446
151 344
178 447
252 396
250 323
76 170
62 272
442 493
134 148
213 441
254 442
328 391
39 288
56 457
37 215
78 216
111 164
138 267
190 457
243 283
363 385
113 210
154 211
266 452
305 380
30 175
90 226
131 227
117 329
164 175
342 447
15 52
20 396
106 170
166 221
207 222
317 390
69 288
110 289
129 339
418 442
160 406
108 216
220 457
261 458
85 232
71 334
145 283
219 232
236 401
184 211
296 452
310 350
29 108
122 299
120 226
221 278
23 293
9 395
50 396
64 294
124 345
372 447
289 412
349 463
8 170
388 391
99 288
140 289
173 237
2 355
76 304
24 114
29 458
62 406
84 165
103 407
115 232
276 335
6 474
340 350
326 452
367 453
4 401
59 108
100 109
152 299
193 300
191 227
303 468
251 278
77 125
168 243
154 345
228 294
319 412
52 68
112 119
117 463
222 479
15 186
73 356
54 114
59 458
205 283
432 474
36 474
17 232
91 181
397 453
108 350
209 402
314 418
333 468
374 469
47 74
71 468
85 366
107 125
167 176
318 345
10 192
409 463
87 412
109 171
188 464
221 412
26 136
12 238
86 187
124 479
177 305
163 407
297 407
80 372
61 130
462 474
162 182
200 474
24 248
65 249
404 469
63 176
156 367
189 315
216 418
276 469
288 294
193 434
174 192
191 361
306 311
77 259
416 479
457 480
56 136
75 186
94 428
116 187
154 479
168 377
176 238
267 356
368 408
93 203
79 305
170 423
244 372
230 474
343 351
73 490
147 439
95 249
128 197
169 198
207 490
260 316
246 418
31 264
380 418
58 367
89 434
70 192
149 485
130 243
171 244
223 434
283 485
295 310
322 413
47 208
33 310
181 208
184 479
225 480
239 378
299 429
373 378
109 305
183 254
301 475
26 270
12 372
86 321
34 131
334 423
125 249
158 197
237 490
278 491
350 367
28 316
9 74
88 367
162 316
179 485
201 244
313 485
327 383
65 383
46 141
63 310
104 311
137 259
269 378
329 429
2 34
40 326
62 85
67 429
389 480
494 496
306 445
254 255
366 496
39 101
116 321
231 271
308 491
382 440
14 44
93 337
41 147
46 491
79 439
132 265
35 332
16 90
95 383
169 332
117 142
155 434
417 434
134 311
208 260
260 450
72 399
359 429
37 378
70 326
111 327
171 378
185 276
245 327
336 445
47 342
0 496
396 496
148 394
129 152
437 497
146 321
187 322
220 270
247 373
380 427
32 219
338 491
412 440
49 388
123 337
71 147
26 404
48 163
34 265
414 486
139 281
125 383
199 332
240 333
273 281
331 451
364 399
23 106
28 450
64 107
102 399
143 400
162 450
215 276
275 327
5 466
44 394
25 152
99 101
104 445
118 343
238 445
217 322
76 117
29 271
62 219
81 461
103 220
120 389
194 338
180 440
254 389
6 287
18 112
4 214
56 404
97 405
231 405
270 333
94 107
173 400
154 158
206 348
305 327
35 466
117 276
134 445
208 394
323 344
20 343
106 117
59 271
111 461
185 410
224 338
284 389
17 45
96 338
209 215
321 456
300 333
30 472
85 179
71 281
126 180
164 472
236 348
277 349
263 451
337 400
15 349
48 297
101 123
87 225
161 174
240 467
188 277
64 241
12 51
50 343
124 292
163 220
256 411
289 359
316 462
80 185
66 287
118 477
200 287
217 456
43 303
29 405
156 180
175 230
194 472
216 231
268 421
6 421
276 282
307 349
367 400
4 348
105 400
193 247
270 467
22 365
168 190
154 292
195 293
286 411
346 462
19 67
98 360
84 462
222 426
230 287
271 288
1 427
323 478
73 303
59 405
133 354
147 252
174 355
422 457
224 472
31 77
36 421
58 180
96 472
75 349
108 297
149 298
209 349
283 298
314 365
300 467
374 416
434 467
33 123
38 467
112 416
277 483
10 139
15 483
376 462
101 257
49 67
54 411
87 359
128 360
353 478
26 83
12 185
31 427
64 375
177 252
163 354
237 303
278 304
369 422
80 319
28 129
61 77
66 421
88 180
107 422
167 473
406 489
5 145
10 489
43 437
156 314
257 366
276 416
290 314
307 483
255 293
381 432
40 139
81 140
119 432
141 191
193 381
482 484
158 360
292 360
56 83
61 427
94 375
116 134
121 478
176 185
234 355
93 150
46 304
79 252
98 494
459 473
170 370
285 320
271 422
436 489
40 489
21 247
73 437
114 438
147 386
155 247
287 366
347 417
20 22
58 314
89 381
70 139
75 483
111 140
209 483
223 381
314 499
262 309
322 360
14 207
47 155
74 258
148 207
165 376
239 325
68 443
123 150
109 252
202 443
241 371
315 320
301 422
26 217
53 320
466 489
144 438
125 196
218 387
278 438
226 248
317 366
28 263
9 21
88 314
102 212
129 315
220 433
253 381
294 382
5 279
354 433
27 38
65 330
82 499
118 156
197 449
178 207
269 325
255 427
329 376
67 376
141 325
172 392
120 202
158 494
232 443
273 444
306 392
6 100
4 27
9 371
42 319
83 320
97 218
157 269
234 489
308 438
41 94
151 454
173 213
159 315
192 263
233 264
285 454
250 433
324 382
35 279
21 381
95 330
136 331
384 433
227 449
361 449
359 376
37 325
59 84
171 325
185 223
212 326
303 444
377 393
14 341
0 443
36 100
148 341
96 151
363 495
127 218
113 320
160 166
187 269
437 444
51 408
338 438
439 490
203 213
356 455
15 162
53 454
106 280
92 382
125 330
166 331
240 280
28 397
69 398
50 156
129 449
143 347
215 223
13 274
333 444
44 341
25 99
66 100
104 392
118 290
178 341
219 342
269 459
393 495
7 459
48 460
29 218
81 408
103 167
318 321
120 336
444 460
254 336
6 234
386 455
4 161
45 162
97 352
105 213
124 455
157 403
210 229
270 280
330 331
22 178
8 280
60 470
421 449
25 449
99 398
159 449
57 172
136 465
84 275
222 239
175 393
208 341
249 342
1 240
340 460
37 459
78 460
59 218
111 408
133 167
284 336
14 475
55 476
110 183
96 285
127 352
113 454
154 455
187 403
228 404
261 352
352 470
11 177
52 178
38 280
131 471
203 347
277 296
263 398
304 399
337 347
106 414
87 172
240 414
188 224
205 393
279 342
143 481
91 291
256 358
242 460
316 409
44 475
80 132
66 234
181 184
167 286
219 476
184 455
217 403
332 353
318 455
82 178
161 471
142 229
235 420
334 399
45 296
119 245
193 194
210 363
196 465
237 466
311 415
22 312
8 414
61 240
94 188
121 291
135 189
195 240
214 482
286 358
387 410
98 307
46 117
84 409
115 476
189 425
249 476
1 374
288 404
73 250
21 60
59 352
100 353
114 251
147 199
191 471
265 420
339 369
89 194
75 296
149 245
168 487
209 296
14 20
0 122
38 414
79 415
112 363
165 189
203 481
225 240
244 482
15 430
128 307
188 358
293 374
279 476
320 477
394 426
31 374
12 132
17 476
53 133
91 425
144 251
130 353
177 199
256 492
33 420
107 369
181 318
179 245
220 246
332 487
280 297
5 92
373 488
32 195
65 143
371 415
109 415
197 262
257 313
348 431
408 482
7 138
12 482
67 189
86 431
172 205
158 307
259 359
292 307
424 426
9 184
42 132
83 133
121 425
135 323
162 426
195 374
234 302
286 492
327 493
24 492
60 149
65 493
63 420
137 369
151 267
211 318
271 369
21 194
62 195
95 143
100 487
114 385
136 144
153 313
227 262
287 313
393 407
347 364
39 211
378 431
89 328
37 138
42 482
75 430
116 431
176 482
190 380
264 329
281 498
438 482
415 498
19 498
93 447
456 499
148 154
165 323
113 133
192 426
206 324
225 374
239 272
431 442
30 98
54 492
90 149
128 441
150 200
491 493
241 318
301 369
53 267
433 488
70 436
125 143
130 487
171 488
204 436
245 437
278 385
47 452
28 210
143 160
129 262
468 482
280 431
13 87
486 499
104 205
145 206
197 396
257 447
236 324
255 374
269 272
48 273
29 31
81 221
122 222
172 339
120 149
259 493
6 47
9 318
157 216
234 436
60 283
8 93
99 211
211 452
252 453
250 380
324 329
2 278
76 227
62 329
136 278
351 432
134 205
175 206
213 498
254 499
328 448
1 53
20 103
39 345
326 375
78 273
138 324
264 463
243 340
363 442
55 289
36 47
96 98
127 165
113 267
206 458
379 386
16 334
90 283
131 284
164 232
222 402
356 402
20 453
92 329
166 278
205 206
284 499
317 447
358 448
31 53
69 345
96 448
143 294
418 499
108 273
182 222
242 273
335 464
11 340
85 289
393 442
236 458
310 407
370 458
411 459
48 407
120 283
194 232
221 335
6 181
312 453
23 350
64 351
45 109
50 453
97 299
446 453
297 330
27 469
8 227
388 448
25 396
99 345
173 294
159 396
214 295
272 273
2 412
76 361
24 171
62 463
103 464
115 289
175 340
249 289
276 392
1 187
309 340
340 407
18 356
400 458
78 407
152 356
100 166
212 407
243 474
224 232
251 335
55 423
3 233
127 299
154 402
228 351
319 469
267 279
30 366
57 469
131 418
79 228
112 176
170 346
244 295
230 397
304 346
15 243
68 69
106 361
147 362
207 413
279 289
17 289
91 238
110 480
108 407
130 166
223 357
242 407
256 305
283 408
448 475
47 131
33 233
107 182
186 475
167 233
198 300
258 351
10 249
101 367
82 125
87 469
109 228
142 176
235 367
334 346
64 485
45 243
86 244
177 362
237 413
297 464
80 429
135 136
140 480
214 429
253 357
286 305
313 408
24 305
98 254
46 64
63 233
137 182
156 424
290 424
288 351
40 249
389 403
100 300
193 491
191 418
251 469
325 418
366 419
94 485
42 295
75 243
116 244
168 434
281 311
19 311
0 69
79 362
401 413
170 480
244 429
304 480
343 408
68 203
147 496
95 306
169 255
155 357
205 474
246 475
260 373
320 424
380 475
72 322
53 80
336 368
322 470
107 316
181 265
198 434
239 435
258 485
299 486
373 435
5 39
10 383
49 311
123 260
109 362
197 209
257 260
274 429
334 480
7 85
48 86
34 188
67 136
86 378
177 496
158 254
199 255
311 496
259 306
350 424
61 321
102 322
253 491
234 249
327 440
387 491
65 440
13 250
46 198
63 367
151 214
178 317
252 266
238 368
329 486
403 435
2 91
81 384
67 486
114 332
141 435
463 486
39 158
56 327
37 85
405 481
190 327
231 328
264 276
229 255
382 497
14 101
0 203
19 445
41 204
55 102
266 322
357 440
30 45
21 491
35 389
208 317
241 265
72 456
20 266
359 486
433 435
70 383
245 384
284 312
14 451
47 399
69 158
410 451
129 209
220 327
261 328
321 379
352 446
385 394
412 497
85 102
71 204
145 153
150 497
164 395
296 322
122 169
447 491
139 338
199 389
273 338
259 440
364 456
9 265
97 112
102 456
124 215
215 333
201 435
275 384
27 282
8 40
13 384
44 451
440 451
159 209
200 210
252 400
217 379
250 327
2 225
76 174
62 276
103 277
351 379
442 497
153 394
180 497
254 446
268 344
328 395
97 462
78 220
152 169
212 220
243 287
270 390
330 441
55 236
3 46
41 338
435 457
132 456
206 405
154 215
305 384
30 179
57 282
38 40
131 231
222 349
208 451
282 400
342 451
15 56
20 400
92 276
133 277
147 175
185 467
207 226
224 395
358 395
36 344
110 293
96 395
418 446
160 410
108 220
335 411
300 390
333 338
11 287
85 236
33 46
112 339
145 287
337 457
48 354
139 472
87 282
161 231
221 282
312 400
353 401
372 451
12 108
45 56
50 400
124 349
215 467
163 277
289 416
22 72
27 416
388 395
80 242
140 293
214 242
200 344
406 412
43 360
65 119
84 169
175 287
276 339
1 134
367 457
4 405
40 62
45 406
100 113
105 457
119 355
193 304
210 473
243 421
22 422
3 180
77 129
383 401
94 298
443 452
195 350
228 298
286 468
420 468
52 72
98 417
79 175
131 365
222 483
230 344
395 411
73 360
54 118
59 462
95 119
133 411
155 170
207 360
205 287
246 288
298 478
339 479
31 134
17 236
36 478
72 135
223 304
11 421
52 422
33 180
107 129
112 473
126 371
184 349
258 298
10 196
390 417
101 314
49 124
128 417
109 175
161 365
188 468
202 366
293 484
26 140
12 242
31 484
64 432
86 191
163 411
237 360
402 427
80 376
28 186
88 237
162 186
181 428
214 376
179 355
253 304
404 473
82 422
63 180
142 473
156 371
216 422
255 350
288 298
40 196
114 145
67 299
119 489
141 248
232 366
306 315
292 417
3 314
61 484
135 433
195 484
308 361
19 258
368 412
46 361
79 309
132 135
211 428
244 376
271 479
285 377
73 494
21 304
95 253
114 495
147 443
155 304
246 422
320 371
361 372
347 474
58 371
89 438
144 145
149 489
171 248
223 438
264 439
262 366
322 417
74 315
148 264
146 191
225 484
239 382
51 331
338 361
123 207
109 309
164 208
274 376
315 377
301 479
12 376
53 377
139 151
125 253
177 443
278 495
317 423
350 371
28 320
102 269
50 79
129 372
162 320
253 438
201 248
294 439
327 387
354 490
65 387
13 197
44 264
118 213
178 264
269 382
255 484
370 434
2 38
7 382
62 89
172 449
180 310
6 157
405 428
4 84
9 428
83 377
97 275
157 326
231 275
248 444
308 495
60 393
41 151
46 495
206 218
233 321
324 439
384 490
16 94
21 438
57 95
62 439
95 387
117 146
136 388
208 264
39 455
400 434
111 331
59 141
171 382
185 280
245 331
460 485
336 449
14 398
36 157
69 105
74 449
96 208
148 398
160 223
187 326
247 377
321 326
51 465
352 393
338 495
30 342
11 100
16 444
71 151
150 444
412 444
472 495
263 321
15 219
414 490
139 285
87 95
92 439
125 387
240 337
331 455
64 111
50 213
69 455
124 162
430 434
201 382
275 331
13 331
44 398
25 156
104 449
178 398
219 399
217 326
43 173
29 275
81 465
442 444
120 393
180 444
254 393
328 342
6 291
23 460
97 409
45 219
78 167
157 460
231 409
330 388
55 183
99 455
154 162
233 455
272 383
305 331
57 229
131 178
84 332
134 449
222 296
249 399
323 348
309 450
1 297
111 465
59 275
133 224
152 466
224 342
36 291
17 49
96 342
75 219
149 168
187 460
228 461
261 409
302 410
300 337
52 235
38 337
112 286
126 184
164 476
186 235
277 353
263 455
101 127
87 229
106 471
128 230
188 281
205 450
279 399
31 297
12 55
17 399
64 245
182 466
316 466
355 394
80 189
66 291
167 343
217 460
291 409
5 15
29 409
43 307
103 358
82 235
156 184
142 286
194 476
216 235
276 286
307 353
45 353
119 302
67 112
105 404
270 471
22 369
94 245
42 55
195 297
286 415
360 364
19 71
24 415
98 364
189 482
271 292
288 461
362 410
21 117
100 410
147 256
174 359
265 477
339 426
3 477
72 82
77 426
397 404
89 251
223 251
176 405
314 369
300 471
341 472
374 420
52 369
0 179
33 127
38 471
74 128
79 472
112 420
126 318
51 144
417 467
49 71
128 364
109 122
188 415
293 431
353 482
394 483
26 87
427 431
53 190
86 138
91 482
177 256
130 410
278 308
295 477
369 426
80 323
28 133
33 477
88 184
107 426
129 185
167 477
179 302
181 375
470 478
406 493
5 149
404 420
44 77
63 127
82 369
104 128
109 472
142 420
183 421
197 319
257 370
307 487
348 488
7 195
81 144
141 195
447 467
172 262
158 364
292 364
424 483
56 87
42 189
83 190
116 138
248 257
360 498
19 205
98 498
46 308
151 324
211 375
159 185
271 426
35 149
21 251
40 493
136 201
174 493
227 319
260 267
287 370
72 216
20 26
378 488
89 385
37 195
111 144
116 488
190 437
264 386
262 313
322 364
14 211
0 313
74 262
113 190
239 329
266 432
51 278
16 257
150 257
241 375
315 324
34 82
466 493
70 493
144 442
92 252
204 493
218 391
226 252
278 442
317 370
28 267
69 268
102 216
129 319
143 217
160 386
146 488
294 386
5 283
27 42
13 144
44 211
118 160
197 453
145 263
269 329
255 431
296 432
310 330
370 381
81 278
122 279
461 499
172 396
120 206
158 498
180 257
199 499
273 448
6 104
23 273
4 31
157 273
248 391
275 494
308 442
349 443
46 442
151 458
99 268
173 217
233 268
250 437
2 335
35 283
62 386
76 284
136 335
134 262
175 263
208 211
361 453
20 160
326 432
78 330
138 381
229 499
0 447
36 104
41 448
55 346
437 448
127 222
187 273
379 443
11 47
16 391
38 150
90 340
164 289
106 284
92 386
166 335
240 284
226 386
331 402
432 454
69 402
17 212
50 160
91 161
143 351
108 330
182 279
242 330
333 448
44 345
393 499
66 104
71 448
219 346
310 464
318 325
48 464
29 222
103 171
409 443
444 464
161 341
235 290
221 392
6 238
386 459
97 356
83 458
124 459
105 217
210 233
297 387
22 182
8 284
402 403
421 453
173 351
200 454
272 330
2 469
76 418
24 228
98 177
115 346
189 295
175 397
276 449
1 244
309 397
18 413
59 222
100 223
114 121
212 464
55 480
3 290
77 239
416 459
127 356
168 357
176 218
30 423
52 182
38 284
112 233
126 131
131 475
203 351
277 300
230 454
304 403
15 300
106 418
128 177
207 470
205 397
279 346
380 398
91 295
108 464
130 223
242 464
283 465
47 188
80 136
85 480
107 239
181 188
184 459
318 459
392 408
423 475
101 424
82 182
161 475
142 233
183 234
235 424
274 352
45 300
86 301
177 419
158 177
210 367
311 419
22 316
80 486
61 244
135 193
121 295
162 296
195 244
214 486
286 362
24 362
84 413
115 480
63 290
189 429
290 481
1 378
288 408
40 306
21 64
100 357
114 255
265 424
213 234
366 476
3 424
77 373
89 198
42 352
75 300
116 301
149 249
176 352
190 250
267 470
14 24
19 368
74 75
79 419
93 317
192 296
225 244
357 363
343 465
54 362
95 363
202 260
155 414
260 430
293 378
320 481
17 480
53 137
72 379
144 255
130 357
204 306
369 373
355 475
28 80
33 424
69 81
107 373
167 424
160 199
146 301
198 491
373 492
10 440
51 441
32 199
49 368
82 316
109 419
123 317
183 368
197 266
257 317
274 486
26 384
7 142
86 435
172 209
125 363
158 311
199 312
364 379
350 481
23 86
28 430
61 378
83 137
88 481
102 379
162 430
234 306
60 153
46 255
65 497
426 476
63 424
137 373
151 271
178 374
211 322
403 492
2 148
40 440
76 97
81 441
100 491
153 317
227 266
287 317
39 215
378 435
419 436
56 384
37 142
116 435
479 487
176 486
231 385
264 333
0 260
55 159
93 451
113 137
192 430
206 328
266 379
30 102
35 446
95 497
169 446
117 256
241 322
20 323
70 440
144 389
171 492
245 441
47 456
17 25
160 333
451 475
220 384
261 385
247 487
294 333
321 436
32 333
385 451
44 158
123 451
197 400
145 210
236 328
48 277
29 35
34 379
120 153
199 446
273 395
259 497
6 51
23 220
9 322
50 323
97 169
124 272
215 390
201 492
349 390
27 339
8 97
118 457
252 457
200 267
250 384
291 385
2 282
76 231
136 282
84 92
115 159
153 451
175 210
328 452
6 401
326 379
4 328
78 277
212 277
243 344
229 446
303 395
344 396
330 498
36 51
41 395
127 169
113 271
168 170
206 462
305 441
30 236
379 390
57 339
131 288
439 441
222 406
230 267
106 231
92 333
133 334
166 282
224 452
205 210
298 401
31 57
17 159
91 108
96 452
160 467
335 468
333 395
11 344
33 103
71 395
145 344
186 345
219 293
277 463
310 411
10 119
101 237
87 339
221 339
45 113
50 457
86 114
124 406
196 282
289 473
22 129
27 473
388 452
25 400
140 350
200 401
272 277
2 416
43 417
24 175
84 226
142 396
249 293
340 411
381 412
18 360
441 463
40 119
100 170
193 361
243 478
191 288
292 340
22 479
55 427
77 186
94 355
168 304
154 406
228 355
302 304
319 473
360 474
52 129
98 474
230 401
68 73
54 175
207 417
155 227
205 344
31 191
72 192
110 484
70 119
75 463
130 170
149 412
209 463
314 479
11 478
322 340
107 186
186 479
167 237
198 304
225 407
258 355
82 129
123 130
109 232
128 474
202 423
334 350
26 197
12 299
177 366
163 468
278 418
402 484
80 433
61 191
102 192
140 484
181 485
179 412
65 310
349 360
82 479
156 428
216 479
255 407
18 494
288 355
329 356
114 202
67 356
100 304
141 305
193 495
158 474
191 422
232 423
292 474
306 372
56 197
42 299
94 489
116 248
135 490
176 299
281 315
267 417
341 366
79 366
473 485
211 485
192 243
244 433
285 434
343 412
68 207
16 17
95 310
169 259
260 377
246 479
72 326
20 136
70 253
223 495
264 496
245 254
262 423
322 474
47 269
0 423
74 372
148 321
396 423
165 490
146 248
239 439
299 490
247 300
373 439
51 388
338 418
49 315
109 366
150 367
183 315
241 485
375 485
12 433
48 90
34 192
139 208
125 310
199 259
350 428
391 429
23 33
451 480
83 84
162 377
294 496
5 393
13 254
44 321
63 371
104 372
151 218
252 270
403 439
2 95
7 439
62 146
67 490
81 388
103 147
141 439
153 264
213 315
254 316
39 162
56 331
4 141
97 332
116 382
157 383
405 485
229 259
55 106
41 208
421 429
132 326
206 275
159 429
233 378
266 326
324 496
398 445
30 49
21 495
35 393
57 152
136 445
169 393
458 496
208 321
72 460
37 439
111 388
92 146
133 147
185 337
212 440
14 455
36 214
69 162
96 265
110 163
127 332
113 434
160 280
247 434
352 450
49 449
90 450
71 208
164 399
263 378
488 496
125 444
199 393
143 461
124 219
215 337
201 439
242 440
275 388
316 389
27 286
8 44
440 455
44 455
66 214
99 162
219 456
200 214
252 404
217 383
291 332
2 229
43 230
351 383
120 450
268 348
254 450
1 4
18 173
4 275
78 224
97 466
105 327
119 225
152 173
243 291
270 394
330 445
55 240
3 50
8 394
132 460
173 461
272 440
305 388
57 286
84 389
117 337
222 353
208 455
249 456
20 404
147 179
133 281
185 471
224 399
298 348
284 450
325 451
399 400
17 106
96 399
110 297
127 466
149 225
261 466
209 276
300 394
85 240
33 50
112 343
126 241
203 461
184 219
10 66
15 410
87 286
161 235
279 456
12 112
17 456
50 404
355 451
388 399
66 348
140 297
88 107
167 400
200 348
291 466
332 467
5 72
103 415
82 292
115 240
142 343
156 241
216 292
6 482
307 410
367 461
119 359
67 169
105 461
210 477
158 287
191 235
344 477
22 426
94 302
42 112
121 405
135 303
168 251
195 354
286 472
420 472
19 128
98 421
170 297
211 298
362 467
35 72
21 174
100 467
133 415
147 313
155 174
174 416
246 292
339 483
72 139
89 308
75 410
149 359
223 308
264 309
283 359
374 477
47 82
0 236
33 184
52 426
74 185
126 375
186 426
198 251
225 354
239 252
299 303
51 201
390 421
68 370
54 472
128 421
109 179
150 180
188 472
202 370
293 488
450 472
301 349
26 144
31 488
53 247
86 195
427 488
177 313
163 415
218 314
278 365
369 483
80 380
28 190
66 482
102 139
107 483
162 190
181 432
179 359
253 308
280 411
5 206
65 257
13 67
404 477
82 426
63 184
104 185
216 426
257 427
445 478
81 201
67 303
119 493
141 252
172 319
158 421
306 319
259 473
292 421
457 488
56 144
42 246
61 488
83 247
157 196
195 488
248 314
234 416
308 365
19 262
151 381
137 483
285 381
271 483
35 206
114 499
136 258
169 206
134 185
227 376
246 426
260 324
347 478
72 273
452 494
89 442
37 252
111 201
149 493
171 252
264 443
262 370
14 268
0 370
148 268
165 437
146 195
239 386
266 489
299 437
338 365
49 262
90 263
164 212
150 314
241 432
301 483
342 484
375 432
53 381
34 139
139 155
125 257
166 258
199 206
218 448
226 309
278 499
28 324
69 325
50 83
102 273
129 376
143 274
160 443
179 493
201 252
354 494
13 201
44 268
25 26
104 319
178 268
219 269
269 386
310 387
370 438
7 386
81 335
122 336
120 263
180 314
372 484
9 432
83 381
97 279
231 279
308 499
60 397
8 207
41 155
46 499
99 325
132 273
173 274
233 325
250 494
35 340
425 495
62 443
84 202
208 268
309 320
39 459
20 217
340 387
37 386
111 335
59 145
152 336
185 284
460 489
14 402
55 403
36 161
96 212
127 279
113 381
187 330
261 279
352 397
338 499
11 104
52 105
38 207
112 156
150 448
164 346
263 325
15 223
414 494
455 495
92 443
166 392
226 443
205 320
331 459
143 408
91 218
430 438
182 336
242 387
316 336
407 454
85 403
66 161
118 351
219 403
167 213
217 330
29 279
122 470
82 105
142 156
180 448
18 120
97 413
485 495
210 290
196 392
311 342
94 115
99 459
121 218
173 408
233 459
272 387
76 475
98 234
189 352
175 454
323 352
309 454
1 301
288 331
18 470
73 177
59 279
100 280
133 228
152 470
174 229
191 398
224 346
3 347
77 296
89 121
75 223
302 414
30 480
341 342
52 239
38 341
203 408
277 357
263 459
10 13
101 131
54 285
106 475
128 234
380 455
12 59
17 403
53 60
182 470
130 280
256 419
316 470
107 296
181 245
167 347
258 465
332 414
5 19
10 363
392 465
101 481
82 239
156 188
183 291
216 239
334 460
408 409
86 358
67 116
119 306
177 476
158 234
210 424
311 476
22 373
42 59
135 250
195 301
286 419
327 420
346 470
360 368
387 471
98 368
46 178
84 470
63 347
189 486
211 245
271 296
1 435
288 465
362 414
40 363
114 312
100 414
422 465
463 466
265 481
339 430
399 481
72 86
176 409
281 425
341 476
415 425
0 183
74 132
225 301
357 420
68 317
16 127
49 75
202 317
155 471
260 487
241 245
394 487
26 91
31 435
70 363
144 312
130 414
204 363
278 312
295 481
369 430
28 137
69 138
88 188
107 430
129 189
167 481
179 306
181 379
220 307
280 358
5 153
10 497
13 14
371 476
82 373
123 374
104 132
183 425
197 323
348 492
26 441
7 199
81 148
86 492
122 149
172 266
158 368
199 369
273 318
259 420
364 436
23 143
9 245
61 435
83 194
102 436
135 384
248 261
234 363
308 312
60 210
8 20
46 312
63 481
151 328
211 379
159 189
238 482
250 307
35 153
40 497
62 256
76 154
114 446
136 205
227 323
213 425
287 374
347 425
39 272
37 199
190 441
303 318
14 215
55 216
454 487
113 194
192 487
206 385
30 159
16 261
68 451
90 210
117 313
150 261
241 379
315 328
342 431
15 36
20 380
70 497
106 154
144 446
166 205
185 447
226 256
317 374
69 272
143 221
129 323
146 492
220 441
280 492
321 493
335 391
32 390
197 457
145 267
310 334
296 436
370 385
29 92
34 436
122 283
120 210
180 261
221 262
6 108
312 380
372 431
9 379
83 328
124 329
248 395
196 205
289 396
349 447
8 154
13 498
151 462
159 323
200 324
233 272
250 441
291 442
324 390
2 339
76 288
351 493
103 391
84 149
136 339
365 391
268 458
1 114
6 458
39 406
18 283
4 385
78 334
152 283
212 334
303 452
251 262
344 453
55 350
3 160
36 108
41 452
77 109
113 328
154 329
305 498
30 293
16 395
57 396
379 447
117 447
439 498
263 272
356 463
106 288
133 391
205 267
298 458
331 406
432 458
31 114
17 216
69 406
91 165
110 407
182 283
283 335
85 350
33 160
66 108
71 452
145 401
186 402
198 227
219 350
258 278
10 176
48 468
122 417
101 294
87 396
161 345
386 463
64 412
45 170
86 171
210 237
196 339
237 340
297 391
8 288
402 407
25 457
61 114
66 458
121 165
140 407
200 458
214 356
438 476
313 335
43 474
24 232
84 283
189 299
175 401
216 402
290 351
276 453
340 468
18 417
40 176
114 125
119 469
152 417
174 176
265 294
325 345
3 294
77 243
94 412
168 361
116 171
154 463
228 412
302 361
267 340
19 238
38 288
93 187
131 479
170 407
244 356
230 458
304 407
469 474
54 232
128 181
147 423
246 402
320 351
31 248
17 350
58 351
380 402
108 468
149 469
130 227
182 417
283 469
33 294
107 243
126 485
167 294
181 192
198 361
146 171
184 463
258 412
299 413
10 310
32 69
423 479
101 428
49 238
82 186
235 428
183 238
274 356
334 407
86 305
177 423
80 490
61 248
9 58
88 351
135 197
162 300
214 490
179 469
253 418
327 367
5 316
24 366
65 367
46 125
115 484
156 485
137 243
288 412
329 413
40 310
114 259
100 361
141 362
389 464
213 238
366 480
39 85
42 356
168 495
281 372
267 474
341 423
382 424
14 28
19 372
41 131
79 423
132 249
192 300
285 491
357 367
343 469
35 316
21 418
169 316
117 126
260 434
361 486
394 434
72 383
130 361
245 311
262 480
47 326
396 480
148 378
146 305
220 254
239 496
247 357
280 305
51 445
373 496
338 475
49 372
123 321
109 423
183 372
472 475
348 439
26 388
48 147
34 249
53 491
86 439
139 265
125 367
259 367
364 383
350 485
23 90
28 434
50 193
88 485
162 434
215 260
27 209
60 157
426 480
25 136
63 428
104 429
118 327
151 275
238 429
252 327
269 496
403 496
444 497
81 445
62 203
136 152
141 496
153 321
227 270
268 271
254 373
345 491
18 96
37 146
42 490
83 491
116 439
157 440
229 316
55 163
41 265
421 486
132 383
113 141
192 434
206 332
233 435
266 383
305 311
35 450
16 208
57 209
131 158
117 260
134 429
222 276
342 378
20 327
433 496
37 496
185 394
133 204
245 445
17 29
96 322
110 220
143 168
108 147
146 439
187 440
261 389
335 338
425 430
85 163
71 265
164 456
236 332
263 435
87 209
199 450
240 451
312 327
50 327
124 276
215 394
201 496
316 446
349 394
27 343
13 445
25 270
66 271
99 219
118 461
252 461
217 440
291 389
351 440
24 45
29 389
84 96
103 338
194 456
328 456
1 61
6 405
18 230
4 332
78 281
367 384
105 384
138 332
243 348
41 399
168 174
319 343
346 446
379 394
38 101
131 292
282 461
230 271
323 462
73 287
147 236
422 441
207 287
224 456
205 214
298 405
31 61
36 405
58 164
91 112
149 282
182 230
335 472
314 349
300 451
11 348
85 297
71 399
112 400
126 298
434 451
184 276
15 467
87 343
161 292
202 293
188 395
235 241
353 462
26 67
12 169
50 461
64 359
91 462
163 338
237 287
297 338
27 477
80 303
66 405
429 457
214 303
406 473
65 180
103 472
82 349
63 107
290 298
307 467
381 416
18 364
441 467
191 292
232 293
292 344
22 483
383 462
56 67
135 360
116 118
121 462
168 308
195 411
360 478
19 185
93 134
98 478
170 354
230 405
395 472
35 129
21 231
54 179
73 421
95 180
155 231
246 349
347 401
72 196
89 365
149 416
130 174
223 365
314 483
52 483
126 432
74 242
107 190
148 191
165 360
239 309
299 360
51 258
390 478
123 134
202 427
183 185
274 303
12 303
86 252
34 62
466 473
177 370
218 371
204 473
278 422
28 247
102 196
88 298
181 489
179 416
280 468
5 263
313 416
65 314
63 241
104 242
118 140
156 432
178 191
216 483
238 242
255 411
269 309
329 360
7 309
40 257
67 360
141 309
158 478
232 427
292 478
366 427
135 494
116 252
157 253
248 371
234 473
281 319
19 319
60 320
41 78
46 422
151 438
132 196
211 489
285 438
384 417
16 21
95 314
136 315
260 381
246 483
287 484
361 433
39 382
20 140
58 432
359 360
111 258
185 207
171 309
336 376
322 478
14 325
0 427
74 376
148 325
96 135
363 479
396 427
239 443
187 253
299 494
51 392
338 422
11 27
16 371
49 319
71 78
90 320
123 268
150 371
164 269
241 489
48 94
34 196
53 438
414 417
139 212
125 314
331 382
317 484
28 381
102 330
50 140
88 432
201 309
5 397
44 325
118 274
104 376
178 325
219 326
238 376
426 427
269 443
217 253
329 494
370 495
7 443
29 202
67 494
103 151
122 393
120 320
194 269
180 371
254 320
345 438
18 43
9 489
23 387
78 94
83 438
138 145
157 387
446 490
196 315
99 382
2 449
35 397
57 156
76 398
117 207
136 449
208 325
249 326
309 377
340 444
37 443
73 100
152 393
133 151
185 341
284 320
14 459
55 460
36 218
110 167
261 336
247 438
302 337
352 454
85 110
71 212
90 454
112 213
263 382
428 449
166 449
240 398
188 208
279 326
64 172
50 274
124 223
143 465
430 495
316 393
219 460
200 218
332 337
29 336
423 455
142 213
6 352
18 177
97 470
45 280
119 229
105 331
270 398
330 449
22 296
8 398
135 173
195 224
286 342
346 393
57 290
98 291
84 393
115 460
323 409
73 234
147 183
100 337
133 285
174 286
207 234
224 403
298 352
339 353
399 404
36 352
77 353
110 301
127 470
75 280
149 229
209 280
302 471
300 398
401 450
33 54
112 347
126 245
186 296
165 173
203 465
277 414
10 70
51 71
68 240
54 342
87 290
128 291
188 342
202 240
279 460
353 409
31 358
413 460
91 409
177 183
130 337
204 286
256 476
295 404
355 455
33 404
66 352
140 301
167 404
198 471
179 229
406 420
5 76
43 368
156 245
257 297
307 414
348 415
408 466
7 122
40 70
45 414
67 173
105 465
119 363
158 291
172 189
193 312
383 409
61 358
42 116
135 307
195 358
443 460
286 476
234 286
360 425
24 476
98 425
46 235
63 404
137 353
151 251
362 471
73 368
21 178
174 420
213 348
246 296
287 297
72 143
77 487
378 415
37 122
75 414
149 363
176 466
190 364
314 430
415 482
14 138
0 240
52 430
93 431
126 379
225 358
266 359
51 205
54 476
90 133
128 425
169 426
188 476
202 374
241 302
301 353
26 148
31 492
72 493
70 420
144 369
125 127
204 420
218 318
278 369
47 436
107 487
88 245
143 144
181 436
146 415
220 364
280 415
354 364
32 313
13 71
385 431
44 138
49 482
82 430
445 482
257 431
255 358
296 359
67 307
141 256
172 323
120 133
158 425
199 426
259 477
273 375
6 31
364 493
56 148
61 492
83 251
97 149
248 318
308 369
349 370
60 267
440 488
137 487
285 385
250 364
21 312
62 313
76 211
136 262
153 431
134 189
213 482
361 380
39 329
326 359
452 498
37 256
111 205
152 206
171 256
212 257
264 447
229 426
262 374
14 272
363 426
41 375
127 149
132 493
187 200
206 442
247 251
266 493
338 369
16 318
90 267
150 318
241 436
282 437
315 385
342 488
356 386
15 93
53 385
106 211
92 313
139 159
218 452
317 431
69 329
50 87
418 483
160 447
182 206
201 256
294 447
335 448
27 103
333 375
393 426
236 442
310 391
296 493
370 442
7 390
34 493
122 340
180 318
221 319
6 165
312 437
345 385
372 488
4 92
45 93
83 385
97 283
105 144
124 386
248 452
196 262
297 314
22 109
8 211
27 453
25 380
159 380
200 381
233 329
250 498
2 396
76 345
57 103
62 447
84 206
98 104
136 396
249 273
340 391
18 340
4 442
78 391
59 149
138 442
152 340
460 493
251 319
55 407
77 166
110 114
187 334
228 335
319 453
30 350
16 452
57 453
90 401
230 381
263 329
304 330
15 227
395 448
106 345
455 499
133 448
240 345
31 171
17 273
69 463
91 222
110 464
108 391
430 442
256 289
242 391
407 458
11 458
66 165
145 458
186 459
167 217
219 407
184 386
258 335
43 181
87 453
120 401
161 402
221 453
235 351
23 468
105 278
210 294
196 396
237 397
311 346
297 448
8 345
173 412
121 222
214 413
286 289
76 479
98 238
115 407
189 356
137 166
175 458
249 407
290 408
18 474
445 495
114 182
100 284
174 233
191 402
265 351
251 453
3 351
77 300
89 125
75 227
168 418
228 469
176 279
281 295
267 397
52 243
0 53
38 345
79 346
126 192
54 289
128 238
147 480
155 341
188 289
293 305
246 459
279 407
320 408
380 459
53 64
70 233
144 182
204 233
33 351
181 249
167 351
299 470
332 418
5 23
10 367
32 126
373 419
82 243
123 244
109 346
156 192
274 413
26 311
12 413
86 362
67 120
408 413
177 480
199 239
311 480
259 290
350 408
9 115
121 356
253 475
327 424
65 424
46 182
63 351
137 300
238 352
271 300
362 418
403 419
21 125
62 126
100 418
114 316
141 419
153 244
265 485
213 295
56 311
42 413
190 311
281 429
341 480
382 481
19 429
93 378
41 188
74 136
79 480
415 429
165 254
192 357
266 306
357 424
68 321
54 423
95 424
169 373
155 475
417 475
260 491
394 491
359 470
70 367
144 316
92 126
130 418
204 367
218 265
295 485
336 486
410 435
470 486
69 142
74 486
107 434
129 193
148 435
160 260
220 311
247 414
280 362
371 480
412 481
44 85
71 188
104 136
109 480
183 429
197 327
236 255
257 378
296 306
348 496
48 204
34 306
86 496
139 322
199 373
259 424
364 440
424 491
28 491
9 249
102 440
465 492
248 265
234 367
275 368
8 24
13 368
25 193
104 486
118 384
137 434
178 435
250 311
351 363
76 158
62 260
136 209
442 481
153 378
180 481
213 429
254 430
287 378
378 496
56 445
116 496
152 153
138 255
231 446
303 322
330 425
363 373
41 322
454 491
206 389
154 199
233 492
30 163
16 265
57 266
131 215
117 317
15 40
20 384
166 209
298 328
284 430
358 379
69 276
17 86
110 277
143 225
449 497
146 496
220 445
261 446
335 395
321 497
85 220
71 322
219 220
184 199
337 441
48 338
29 96
34 440
122 287
139 456
120 214
161 215
273 456
312 384
372 435
64 282
50 384
124 333
413 436
215 451
196 209
22 56
8 158
140 277
214 226
200 328
365 395
351 497
43 344
425 446
103 395
84 153
175 271
268 462
1 118
326 440
18 287
4 389
40 46
78 338
105 441
138 389
152 287
193 288
191 215
243 405
251 266
77 113
94 282
168 231
228 282
319 400
379 451
52 56
38 158
131 349
222 467
170 277
73 344
59 446
106 292
133 395
207 344
205 271
17 220
58 221
91 169
110 411
108 338
182 287
223 288
209 390
397 441
11 405
47 62
85 354
107 113
112 457
126 355
186 406
198 231
184 333
10 180
409 451
109 159
188 452
221 400
427 468
26 124
86 175
124 467
177 293
163 395
297 395
402 411
80 360
61 118
66 462
88 221
121 169
200 462
214 360
179 339
313 339
43 478
24 236
65 237
404 457
115 354
63 164
142 457
156 355
189 303
216 406
276 457
290 355
18 421
40 180
114 129
100 231
119 473
141 232
174 180
193 422
232 350
251 400
77 247
94 416
42 226
168 365
195 468
79 293
170 411
68 134
21 288
73 478
95 237
207 478
260 304
246 406
347 458
380 406
89 422
149 473
130 231
171 232
223 422
283 473
295 298
47 196
33 298
107 247
126 489
148 248
165 417
146 175
198 365
225 468
239 366
299 417
51 315
101 432
49 242
123 191
109 293
183 242
463 475
274 360
315 361
334 411
26 258
12 360
86 309
125 237
237 478
80 494
9 62
88 355
201 232
313 473
354 474
65 371
63 298
104 299
137 247
178 248
238 299
290 489
329 417
2 22
7 366
40 314
62 73
67 417
81 315
141 366
153 191
213 242
306 433
366 484
39 89
56 258
405 412
190 258
248 428
382 428
19 376
93 325
46 479
132 253
192 304
285 495
35 320
16 78
57 79
95 371
117 130
169 320
384 474
260 438
208 248
72 387
58 489
37 366
70 314
460 469
171 366
245 315
14 382
396 484
437 485
146 309
187 310
247 361
51 449
352 377
338 479
49 376
90 377
123 325
315 495
53 495
414 474
199 320
240 321
364 387
391 490
23 94
28 438
50 197
88 489
102 387
129 490
143 388
215 264
275 315
13 315
426 484
118 331
178 382
252 331
238 433
217 310
250 258
2 156
29 259
103 208
153 325
268 275
345 495
18 100
23 444
56 392
78 151
83 495
97 393
105 254
138 202
270 321
55 167
8 321
41 269
132 387
206 336
159 490
76 455
57 213
117 264
134 433
208 382
282 331
309 434
20 331
111 449
59 259
133 208
185 398
284 377
36 275
17 33
96 326
110 224
108 151
113 495
187 444
261 393
321 444
335 342
30 460
11 218
85 167
38 321
126 168
186 219
203 388
236 336
263 439
277 337
15 337
101 111
106 455
139 403
161 162
240 455
279 383
124 280
182 450
163 208
215 398
289 347
316 450
27 347
13 449
80 173
140 224
200 275
217 444
332 394
29 393
103 342
115 167
156 168
142 270
216 219
268 409
367 388
210 404
270 455
3 111
8 455
94 229
121 332
319 347
346 450
24 399
57 347
79 106
98 348
189 466
170 224
271 276
422 445
21 101
174 343
224 460
265 461
399 461
36 409
58 168
89 235
75 337
149 286
283 286
314 353
374 404
52 353
33 111
38 455
74 112
112 404
126 302
186 353
184 280
15 471
51 128
376 450
49 55
54 399
128 348
188 399
293 415
26 71
177 240
163 342
204 343
278 292
295 461
369 410
80 307
66 409
107 410
88 168
167 461
181 359
429 461
406 477
10 477
65 184
63 111
104 112
142 404
156 302
216 353
257 354
290 302
307 471
348 472
40 127
45 471
81 128
193 369
232 297
292 348
22 487
383 466
56 71
42 173
61 415
121 466
195 415
267 291
19 189
60 190
46 292
79 240
93 138
459 461
285 308
271 410
35 133
21 235
40 477
73 425
114 426
287 354
378 472
70 127
149 420
190 421
171 179
264 370
262 297
322 348
93 488
148 195
165 364
225 415
299 364
51 262
390 482
68 431
49 189
128 482
202 431
150 241
301 410
26 205
12 307
53 308
34 66
379 448
144 426
218 375
204 477
317 354
28 251
102 200
143 201
129 303
181 493
220 421
253 369
280 472
32 370
65 318
385 488
44 195
118 144
104 246
123 488
156 436
178 195
197 437
257 488
255 415
269 313
296 416
7 313
81 262
120 190
158 482
180 241
232 431
273 432
306 380
56 205
97 206
157 257
234 477
368 477
60 324
46 426
132 200
173 201
159 303
211 493
233 252
285 442
250 421
35 267
21 369
62 370
76 268
136 319
153 488
134 246
227 437
359 364
111 262
59 72
138 365
212 314
229 483
336 380
377 381
363 483
0 431
36 88
127 206
165 498
239 447
247 308
338 426
30 273
11 31
90 324
38 134
71 82
150 375
379 427
439 478
315 442
356 443
15 150
48 98
106 268
166 319
226 370
331 386
451 488
50 144
91 145
201 313
242 314
27 160
13 262
333 432
44 329
25 87
66 88
104 380
118 278
145 381
269 447
217 257
310 448
7 447
103 155
409 427
180 375
221 376
254 324
6 222
312 494
345 442
386 443
97 340
45 150
78 98
83 442
105 201
157 391
210 217
421 437
25 437
99 386
173 335
121 145
159 437
398 453
2 453
76 402
57 160
98 161
84 263
134 380
175 381
189 279
222 227
340 448
400 499
4 499
37 447
59 206
73 104
133 155
138 499
152 397
212 448
224 273
284 324
55 464
36 222
77 223
110 171
228 392
302 341
30 407
11 165
52 166
90 458
304 387
15 284
428 453
106 402
128 161
166 453
188 212
240 402
279 330
31 228
17 330
64 176
108 448
182 397
242 448
85 464
66 222
107 223
219 464
184 443
332 341
10 290
29 340
423 459
142 217
235 408
334 387
45 284
119 233
105 335
158 161
237 454
270 402
311 403
61 228
121 279
195 228
214 470
286 346
346 397
98 295
46 105
84 397
189 413
170 171
290 465
288 392
40 290
59 340
114 239
191 459
339 357
325 459
399 408
77 357
58 115
89 182
75 284
149 233
168 475
176 336
190 234
281 352
267 454
300 402
341 403
52 300
0 110
79 403
112 351
126 249
203 469
343 449
68 244
376 397
128 295
202 244
188 346
279 464
353 413
394 414
31 362
12 120
17 464
53 121
355 459
28 64
33 408
107 357
167 408
181 306
332 475
280 285
5 80
10 424
32 183
406 424
82 300
123 301
109 403
156 249
197 250
257 301
348 419
12 470
259 347
383 413
23 70
9 172
61 362
83 121
88 465
162 414
327 481
60 137
46 239
151 255
137 357
211 306
238 409
1 496
271 357
362 475
40 424
21 182
76 81
114 373
141 476
174 424
347 352
39 199
77 491
56 368
37 126
89 316
190 368
138 178
176 470
438 470
14 142
0 244
19 486
74 193
456 487
165 311
192 414
266 363
51 209
357 481
30 86
16 188
90 137
169 430
241 306
342 358
53 255
433 476
70 424
144 373
92 183
125 131
130 475
171 476
204 424
218 322
245 425
410 492
47 440
69 199
107 491
129 250
143 148
148 492
160 317
220 368
294 317
280 419
354 368
32 317
385 435
445 486
44 142
123 435
71 245
183 486
486 487
296 363
48 261
139 379
120 137
125 481
172 327
199 430
273 379
6 35
364 497
23 204
9 306
83 255
97 153
102 497
157 204
201 476
234 424
275 425
289 323
27 323
8 81
13 425
46 373
60 271
137 491
151 389
159 250
252 441
440 492
2 266
76 215
62 317
351 420
153 435
134 193
175 194
213 486
254 487
287 435
39 333
326 363
4 312
37 260
78 261
111 209
138 312
152 210
243 328
14 276
363 430
41 379
113 255
154 256
187 204
319 323
305 425
90 271
131 272
117 374
222 390
208 492
282 441
15 97
20 441
106 215
207 267
331 333
317 435
358 436
31 41
17 143
69 333
91 92
96 436
108 261
110 334
129 384
160 451
335 452
32 451
333 379
11 328
85 277
393 430
219 277
337 498
370 446
43 51
29 153
122 344
411 447
87 323
120 271
161 272
386 390
372 492
9 440
50 441
64 339
105 148
196 266
27 457
388 436
25 384
173 282
214 283
200 385
365 452
43 401
62 451
76 349
84 210
98 108
103 452
115 277
175 328
189 226
276 380
1 175
326 497
367 498
400 446
441 447
152 344
100 154
105 498
138 446
243 462
251 323
55 411
94 339
168 288
443 493
228 339
453 457
52 113
38 215
79 216
112 164
203 282
304 334
15 231
106 349
133 452
207 401
205 328
31 175
17 277
430 446
70 103
130 154
209 447
223 345
256 293
283 396
314 463
11 462
47 119
33 221
85 411
107 170
186 463
184 390
258 339
10 237
101 355
82 113
161 406
109 216
142 164
221 457
235 355
26 181
45 231
64 473
163 452
311 350
80 417
61 175
121 226
162 227
253 345
313 396
24 293
65 294
46 52
98 242
115 411
63 221
156 412
290 412
288 339
18 478
389 391
114 186
100 288
141 289
174 237
193 479
191 406
265 355
306 356
292 458
3 355
56 181
42 283
75 231
94 473
168 422
281 299
368 453
0 57
79 350
244 417
192 227
304 468
343 396
68 191
21 345
95 294
128 242
147 484
260 361
320 412
380 463
72 310
53 68
58 412
89 479
70 237
144 186
130 288
336 356
322 458
47 253
33 355
107 304
148 305
198 422
146 232
239 423
299 474
373 423
51 372
32 130
49 299
123 248
109 350
26 315
12 417
48 74
34 176
199 243
259 294
28 361
102 310
88 412
451 464
253 479
234 237
387 479
60 84
13 238
46 186
65 428
151 202
104 356
137 304
252 254
238 356
329 474
403 423
7 423
40 371
62 130
67 474
114 320
141 423
153 248
463 474
213 299
254 300
306 490
39 146
56 315
37 73
42 417
116 366
231 316
281 433
229 243
382 485
14 89
60 434
41 192
79 484
132 310
35 377
21 479
95 428
169 377
117 187
417 479
458 480
134 356
70 371
111 372
245 372
284 300
14 439
47 387
69 146
470 490
96 249
129 197
146 366
247 418
32 264
352 434
11 141
44 89
71 192
90 434
109 484
123 382
236 259
26 449
48 208
34 310
122 157
428 429
447 479
125 428
199 377
226 480
364 444
28 495
9 253
50 254
64 152
102 444
124 203
143 445
215 321
201 423
275 372
8 28
44 439
25 197
104 490
159 197
238 490
291 316
2 213
351 367
62 264
442 485
120 434
153 382
180 485
254 434
268 332
328 383
6 332
56 449
97 450
78 208
152 157
231 450
229 377
270 378
303 326
55 224
3 34
41 326
435 445
173 445
154 203
305 372
30 167
57 270
131 219
117 321
208 439
282 388
309 491
15 44
73 214
59 316
133 265
185 455
207 214
298 332
284 434
358 383
36 332
17 90
96 383
110 281
418 434
108 208
209 260
335 399
300 378
11 275
85 224
33 34
112 327
126 225
145 275
186 276
203 445
184 203
263 496
277 394
337 445
10 50
15 394
101 168
139 460
161 219
188 322
64 286
12 96
50 388
413 440
215 455
163 265
289 404
27 404
25 331
66 332
80 230
140 281
200 332
291 450
365 399
43 348
24 106
29 450
103 399
115 224
156 225
142 327
268 466
6 466
307 394
18 291
4 393
45 394
78 342
105 445
119 343
193 292
210 461
191 219
367 445
22 410
77 117
94 286
42 96
121 389
154 337
195 338
228 286
360 405
420 456
98 405
222 471
230 332
1 472
395 399
73 348
54 106
59 450
95 107
133 399
147 297
174 400
298 466
246 276
339 467
31 122
72 123
58 225
397 445
75 394
108 342
149 343
223 292
283 343
314 410
374 461
47 66
33 168
52 410
112 461
126 359
186 410
198 235
184 337
51 185
390 405
450 456
49 112
54 456
87 404
109 163
161 353
188 456
202 354
293 472
26 128
31 472
86 179
177 297
163 399
204 400
237 348
278 349
369 467
402 415
80 364
61 122
66 466
88 225
107 467
140 415
181 416
214 364
313 343
5 190
13 51
404 461
82 410
257 411
276 461
290 359
40 184
114 133
193 426
141 236
172 303
158 405
232 354
457 472
61 472
42 230
135 421
176 230
267 348
308 349
93 195
46 349
170 415
271 467
73 482
21 292
114 483
147 431
134 169
260 308
320 359
72 257
58 359
89 426
70 184
111 185
171 236
264 427
262 354
47 200
0 354
74 303
148 252
146 179
225 472
51 319
32 77
68 488
49 246
123 195
164 196
202 488
315 365
301 467
26 262
12 364
53 365
34 123
144 483
125 241
218 432
226 293
317 411
350 359
28 308
9 66
50 67
88 359
129 360
253 426
201 236
294 427
5 324
32 427
65 375
44 252
118 201
178 252
238 303
269 370
255 472
329 421
370 422
2 26
7 370
29 129
62 77
81 319
172 437
120 247
194 196
232 488
273 489
306 437
351 431
6 145
345 365
4 72
9 416
157 314
231 263
248 432
308 483
382 432
41 139
151 499
132 257
159 360
233 309
285 499
250 478
57 83
134 303
361 494
39 443
111 319
59 129
171 370
212 371
460 473
303 489
377 438
14 386
0 488
36 145
437 489
96 196
127 263
261 263
338 483
30 330
11 88
164 330
150 432
203 258
48 155
53 499
106 325
125 375
139 273
226 427
391 494
28 442
64 99
69 443
124 150
129 494
215 268
256 269
242 371
275 319
316 320
13 319
333 489
44 386
118 335
104 437
467 489
217 314
318 366
43 161
29 263
81 453
103 212
122 454
194 330
180 432
221 433
268 279
4 206
78 155
83 499
97 397
119 156
231 397
210 274
196 376
330 376
8 325
406 409
421 494
25 494
94 99
173 392
159 494
272 371
57 217
98 218
131 166
134 437
323 336
73 161
59 263
111 453
133 212
224 330
284 381
36 279
17 37
96 330
110 228
108 155
113 499
149 156
187 448
228 449
52 223
38 325
112 274
164 464
186 223
492 495
203 392
263 443
15 341
101 115
87 217
106 459
128 218
161 166
188 269
205 438
279 387
64 233
91 336
182 454
316 454
181 229
167 331
217 448
43 295
29 397
142 274
216 223
307 341
334 444
367 392
45 341
67 100
158 218
311 460
22 357
8 459
61 285
195 285
286 403
346 454
19 59
24 403
46 162
98 352
170 228
211 229
323 470
1 419
288 449
362 398
422 449
21 105
59 397
100 398
114 296
147 244
174 347
339 414
399 465
3 465
77 414
58 172
89 239
149 290
176 393
314 357
341 460
0 167
74 116
79 460
126 306
165 234
225 285
51 132
376 454
128 352
109 110
188 403
202 301
293 419
353 470
394 471
26 75
31 419
53 178
144 296
218 245
204 347
278 296
295 465
369 414
28 121
33 465
181 363
179 290
220 291
280 342
5 137
10 481
32 240
156 306
104 116
183 409
257 358
255 285
7 183
45 475
81 132
86 476
141 183
172 250
158 352
232 301
447 455
383 470
424 471
42 177
83 178
121 470
135 368
162 471
195 419
63 465
137 414
151 312
285 312
271 414
35 137
40 481
62 240
95 188
136 189
174 481
477 482
227 307
213 409
39 256
378 476
56 425
111 132
190 425
171 183
262 301
14 199
0 301
74 250
93 492
454 471
113 178
192 471
206 369
239 317
266 420
51 266
68 435
16 245
169 487
150 245
342 415
53 312
144 430
125 188
218 379
245 482
278 430
317 358
28 255
143 205
129 307
181 497
160 374
146 476
294 374
280 476
13 132
44 199
118 148
104 250
145 251
178 199
197 441
257 492
236 369
255 419
269 317
296 420
310 318
48 318
81 266
461 487
172 384
120 194
158 486
180 245
6 92
4 19
9 363
83 312
157 261
248 379
234 481
275 482
349 431
22 36
8 138
46 430
25 307
99 256
211 497
159 307
233 256
252 498
250 425
384 425
425 426
136 323
227 441
175 251
287 492
328 493
39 390
20 148
37 317
59 76
212 318
243 385
229 487
303 436
377 385
14 333
41 436
96 143
127 210
228 262
319 380
30 277
38 138
131 329
164 277
222 447
203 205
356 447
20 498
414 425
166 323
240 272
226 374
205 251
317 492
331 390
358 493
69 390
31 98
17 200
96 493
129 441
108 318
143 339
182 267
242 318
11 385
44 333
71 436
145 385
219 334
434 488
217 261
258 262
310 452
29 210
122 401
194 277
235 278
221 380
312 498
386 447
9 497
45 154
64 396
97 344
105 205
446 498
210 221
270 272
297 375
8 272
99 390
173 339
159 441
200 442
214 340
272 318
2 457
76 406
24 216
84 267
464 488
276 437
1 232
309 385
340 452
59 210
152 401
212 452
325 329
416 447
127 344
168 345
476 498
228 396
302 345
267 324
30 411
52 170
38 272
112 221
131 463
170 391
203 339
230 442
244 340
277 288
15 288
304 391
68 114
147 407
128 165
188 216
205 385
279 334
31 232
380 386
91 283
108 452
130 211
223 402
283 453
47 176
33 278
85 468
167 278
198 345
184 447
258 396
10 294
392 396
32 53
423 463
101 412
82 170
109 273
142 221
183 222
235 412
334 391
12 340
86 289
177 407
158 165
210 355
237 458
61 232
135 181
214 474
162 284
195 232
253 402
272 452
286 350
327 351
65 351
98 299
63 278
137 227
156 469
174 294
265 412
213 222
325 463
339 361
366 464
39 69
89 186
42 340
116 289
168 479
281 356
401 458
0 114
79 407
93 305
165 181
244 474
192 284
225 232
51 79
343 453
16 58
54 350
95 351
128 299
155 402
169 300
320 469
394 418
58 469
70 294
144 243
130 345
204 294
295 412
336 413
396 464
28 68
33 412
148 362
181 310
198 479
146 289
239 480
280 289
5 84
373 480
371 407
49 356
123 305
109 407
183 356
197 254
257 305
274 474
348 423
26 372
67 181
125 351
158 299
199 300
350 469
28 418
83 125
88 469
162 418
327 485
60 141
46 243
65 485
178 362
211 310
238 413
269 480
2 136
76 85
62 187
153 305
213 356
39 203
378 423
56 372
37 130
42 474
190 372
176 474
231 373
264 321
281 490
229 300
14 146
19 490
55 147
93 439
456 491
132 367
206 316
192 418
357 485
431 434
30 90
16 192
90 141
95 485
131 142
241 310
111 429
144 377
185 378
245 429
410 496
14 496
143 152
148 496
160 321
108 131
146 423
220 372
247 475
294 321
321 424
32 321
385 439
11 198
49 490
71 249
85 147
145 198
197 388
486 491
236 316
296 367
48 265
34 367
122 214
139 383
125 485
199 434
273 383
259 485
6 39
23 208
9 310
64 209
124 260
215 378
289 327
349 378
13 429
440 496
99 203
178 496
252 445
200 255
217 424
250 372
291 373
351 424
24 29
29 373
153 439
194 440
175 198
227 388
1 45
6 389
18 214
4 316
78 265
138 316
243 332
229 434
270 435
303 383
330 486
344 384
41 383
127 157
206 450
154 260
38 85
131 276
222 394
282 445
230 255
323 446
15 101
20 445
147 220
133 322
207 271
224 440
298 389
284 491
358 440
31 45
17 147
36 389
110 338
160 455
108 265
182 214
418 491
209 317
242 265
335 456
333 383
11 332
186 333
184 260
310 399
411 451
10 107
101 225
87 327
161 276
221 327
64 343
12 153
45 101
50 445
86 102
124 394
177 220
163 322
289 461
22 117
80 287
140 338
489 492
406 457
43 405
98 112
84 214
103 456
115 281
189 230
175 332
216 333
276 384
1 179
307 451
381 400
18 348
4 450
40 107
100 158
243 466
191 276
251 327
292 328
3 225
443 497
42 153
75 101
154 394
168 292
195 395
228 343
319 461
267 271
19 169
52 117
57 461
79 220
93 118
170 338
395 456
54 163
95 164
147 354
207 405
246 333
31 179
72 180
58 282
70 107
75 451
108 399
130 158
149 400
223 349
283 400
314 467
322 328
52 467
126 416
448 467
148 175
167 225
186 467
184 394
225 395
258 343
299 344
10 241
390 462
109 220
202 411
334 338
26 185
237 405
278 406
311 354
402 472
28 231
61 179
140 472
181 473
179 400
313 400
5 247
46 56
63 225
137 174
156 416
290 416
255 395
288 343
40 241
81 242
67 344
100 292
141 293
193 483
158 462
191 410
389 395
3 359
56 185
94 477
116 236
176 287
281 303
267 405
308 406
341 354
19 303
0 61
41 62
46 406
79 354
93 252
132 180
170 472
192 231
285 422
384 401
21 349
95 298
147 488
155 349
260 365
246 467
320 416
361 417
72 314
20 124
58 416
89 483
70 241
144 190
185 191
171 293
223 483
264 484
322 462
396 411
0 411
74 360
165 478
146 236
239 427
299 478
51 376
338 406
49 303
123 252
109 354
164 253
274 421
375 473
12 421
53 422
34 180
139 196
177 488
218 489
28 365
102 314
162 365
253 483
5 381
27 140
32 484
65 432
118 258
104 360
178 309
238 360
329 478
370 479
2 83
81 376
62 134
67 478
103 135
141 427
153 252
172 494
180 355
194 253
254 304
306 494
6 202
405 473
83 422
157 371
231 320
248 489
382 489
55 94
41 196
60 438
159 417
192 365
324 484
357 432
30 37
21 483
57 140
62 484
95 432
117 191
398 433
260 499
208 309
458 484
359 478
400 479
37 427
111 376
59 186
133 135
171 427
185 325
212 428
245 376
336 494
284 304
14 443
36 202
69 150
96 253
127 320
113 422
160 268
261 320
247 422
352 438
30 387
16 489
85 94
90 438
164 387
412 489
453 490
263 366
15 264
428 433
92 484
125 432
226 484
28 499
64 156
50 258
143 449
430 479
201 427
242 428
275 376
316 377
27 274
44 443
25 201
99 150
104 494
118 392
145 495
178 443
217 371
291 320
2 217
43 218
29 320
103 269
442 489
483 490
142 197
180 489
254 438
268 336
328 387
18 161
4 263
78 212
97 454
105 315
119 213
231 454
210 331
196 433
243 279
270 382
55 228
3 38
8 382
94 156
154 207
272 428
305 376
57 274
84 377
134 494
208 443
249 444
323 393
309 495
1 342
147 167
133 269
224 387
298 336
284 438
325 439
358 387
36 336
17 94
58 95
96 387
110 285
127 454
149 213
209 264
302 455
11 279
33 38
203 449
277 398
337 449
10 54
15 398
376 377
101 172
87 274
128 275
161 223
188 326
279 444
353 393
64 290
12 100
17 444
163 269
256 460
80 234
66 336
214 234
167 388
179 213
291 454
332 455
5 60
29 454
43 352
65 111
156 229
216 280
276 331
6 470
307 398
367 449
408 450
40 54
67 157
105 449
193 296
344 465
61 342
42 100
195 342
286 460
420 460
19 116
98 409
79 167
271 337
1 476
362 455
73 352
147 301
100 455
174 404
36 470
89 296
75 398
149 347
223 296
209 398
264 297
438 450
314 414
14 122
0 224
33 172
52 414
74 173
126 363
165 291
225 342
68 358
49 116
450 460
109 167
293 476
241 286
427 476
26 132
12 234
144 353
177 301
278 353
369 471
80 368
28 178
102 127
181 420
179 347
253 296
294 297
280 399
5 194
65 245
13 55
404 465
156 363
142 465
197 364
257 415
255 342
172 307
158 409
232 358
306 307
292 409
6 15
56 132
42 234
83 235
97 133
116 183
135 425
157 184
248 302
308 353
19 250
46 353
211 420
159 230
271 471
285 369
35 194
21 296
114 487
169 194
134 173
227 364
260 312
287 415
347 466
39 313
20 71
72 261
452 482
111 189
190 482
212 241
262 358
322 409
363 410
0 358
148 256
127 133
146 183
165 425
225 476
266 477
51 323
338 353
68 492
90 251
164 200
241 420
342 472
375 420
139 143
125 245
144 487
166 246
218 436
226 297
278 487
317 415
28 312
69 313
129 364
160 431
220 482
32 431
13 189
44 256
118 205
393 410
178 256
219 257
269 374
2 30
81 323
29 133
34 477
67 425
120 251
194 200
273 493
6 149
345 369
405 420
4 76
83 369
97 267
157 318
231 267
248 436
196 246
308 487
22 93
25 364
99 313
250 482
324 431
35 328
76 329
57 87
136 380
84 190
117 138
425 483
134 307
175 308
208 256
227 498
249 257
39 447
340 375
326 477
361 498
400 426
78 375
59 133
111 323
138 426
212 375
243 442
377 442
14 390
55 391
41 493
437 493
187 318
228 319
319 437
338 487
30 334
16 436
352 385
131 386
117 488
203 262
15 211
106 329
92 431
166 380
240 329
226 431
331 447
391 498
432 499
69 447
64 103
17 257
50 205
91 206
129 498
143 396
256 273
316 324
333 493
85 391
71 493
145 442
219 391
467 493
217 318
318 370
43 165
82 93
120 385
142 144
161 386
194 334
221 437
235 335
18 108
64 453
45 211
97 401
196 380
270 329
297 432
22 227
402 448
421 498
25 498
94 103
173 396
121 206
200 499
214 397
462 499
76 463
24 273
98 222
115 391
175 442
323 340
309 442
1 289
288 319
18 458
59 267
114 166
133 216
152 458
174 217
191 386
265 335
3 335
36 283
94 453
168 402
228 453
300 329
30 468
52 227
126 176
186 227
492 499
244 397
230 499
68 171
101 119
106 463
128 222
147 464
188 273
205 442
279 391
31 289
12 47
91 340
380 443
144 166
163 216
204 217
256 407
355 386
47 233
66 283
80 181
107 284
167 335
181 233
5 7
10 351
82 227
109 330
142 278
216 227
235 469
274 397
307 345
7 53
45 345
86 346
177 464
158 222
311 464
259 274
42 47
121 340
195 289
387 459
24 407
60 64
46 166
98 356
151 182
137 284
189 474
211 233
1 423
288 453
362 402
422 453
21 109
114 300
213 279
77 418
89 243
37 53
42 397
75 345
149 294
176 397
190 295
281 413
19 413
0 171
74 120
79 464
192 341
266 290
51 136
357 408
68 305
16 115
49 63
95 408
128 356
155 459
169 357
293 423
417 459
394 475
31 423
72 424
53 182
144 300
295 469
369 418
410 419
47 367
28 125
33 469
107 418
148 419
181 367
160 244
146 346
10 485
32 244
371 464
49 413
82 361
104 120
183 413
197 311
257 362
255 289
348 480
26 429
86 480
34 290
67 238
122 137
125 408
199 357
273 306
259 408
364 424
424 475
28 475
61 423
83 182
102 424
162 475
248 249
275 352
5 491
46 300
63 469
99 126
211 367
159 177
238 470
252 368
250 295
35 141
81 486
114 434
136 193
477 486
153 362
287 362
328 363
378 480
111 136
190 429
138 239
231 430
243 255
229 357
303 306
14 203
55 204
41 306
93 496
454 475
113 182
206 373
431 491
30 147
16 249
35 491
117 301
241 367
282 368
15 24
53 316
144 434
92 244
245 486
69 260
143 209
160 378
108 188
146 480
220 429
261 430
294 378
32 378
385 496
44 203
118 152
164 497
145 255
197 445
236 373
296 424
370 373
29 80
34 424
122 271
461 491
120 198
161 199
199 491
221 250
312 368
372 419
9 367
50 368
124 317
215 435
289 384
275 486
22 40
8 142
27 384
25 311
99 260
173 209
200 312
233 260
2 327
76 276
62 378
103 379
84 137
351 481
115 204
153 496
194 497
227 445
268 446
276 307
1 102
39 394
328 497
18 271
59 80
138 373
229 491
303 440
377 389
3 148
36 96
41 440
77 97
94 266
127 214
168 215
319 384
57 384
117 435
203 209
15 158
106 276
54 86
92 378
147 277
166 327
205 255
358 497
36 446
17 204
69 394
91 153
96 497
108 322
182 271
242 322
333 440
374 441
11 389
434 492
33 148
66 96
71 440
112 441
145 389
186 390
198 215
219 338
258 266
48 456
101 282
87 384
161 333
235 282
221 384
64 400
210 225
163 379
196 327
237 328
297 379
22 174
388 497
25 445
66 446
80 344
140 395
200 446
214 344
272 322
2 461
43 462
24 220
313 323
464 492
63 148
175 389
189 287
216 390
276 441
1 236
290 339
340 456
381 457
78 456
119 457
152 405
193 406
265 282
251 384
292 385
77 231
94 400
75 158
154 451
168 349
176 210
195 452
267 328
131 467
79 277
170 395
244 344
230 446
54 220
128 169
147 411
155 272
169 170
207 462
205 389
246 390
260 288
31 236
72 237
380 390
70 164
108 456
322 385
47 180
33 282
126 473
167 282
146 159
225 452
32 57
101 416
49 226
123 175
109 277
161 467
183 226
274 344
334 395
375 396
12 344
86 293
177 411
158 169
237 462
311 411
80 478
9 46
88 339
135 185
162 288
214 478
179 457
327 355
313 457
387 406
137 231
238 283
288 400
329 401
389 452
114 247
100 349
141 350
191 467
232 468
213 226
306 417
366 468
3 416
39 73
42 344
281 360
267 462
382 412
14 16
19 360
132 237
165 185
192 288
343 457
35 304
16 62
21 406
68 252
155 406
169 304
260 422
320 473
361 474
72 371
53 129
58 473
359 401
70 298
144 247
185 248
245 299
336 417
47 314
0 468
33 416
69 73
74 417
148 366
160 191
396 468
220 242
247 345
280 293
373 484
32 191
49 360
71 119
109 411
150 412
164 310
197 258
274 478
26 376
12 478
86 427
34 237
139 253
125 355
350 473
23 78
9 180
28 422
50 181
102 371
215 248
201 350
275 299
327 489
27 197
65 489
44 366
63 416
104 417
118 315
178 366
2 140
76 89
62 191
81 433
194 310
180 412
213 360
254 361
6 259
345 479
419 428
18 84
4 186
42 478
56 376
83 479
97 377
116 427
157 428
229 304
456 495
55 151
41 253
60 495
421 474
113 129
192 422
233 423
266 371
357 489
398 490
30 94
35 438
131 146
169 438
134 417
208 366
309 418
111 433
185 382
133 192
171 484
212 485
224 310
69 207
110 208
96 310
127 377
108 135
146 427
187 428
352 495
30 444
49 494
85 151
486 495
145 202
186 203
236 320
263 423
337 372
48 269
34 371
122 218
139 387
125 489
199 438
64 213
124 264
163 192
201 484
242 485
275 433
27 331
289 331
316 434
66 259
140 208
200 259
291 377
2 274
43 275
29 377
103 326
351 428
392 429
194 444
175 202
268 393
1 49
18 218
4 320
78 269
152 218
193 219
367 372
243 336
344 388
330 490
22 337
3 95
8 439
55 285
94 213
272 485
305 433
19 39
57 331
79 90
84 434
222 398
170 208
230 259
323 450
20 449
73 275
59 377
422 429
224 444
325 496
358 444
31 49
17 151
36 393
58 152
110 342
108 269
149 270
182 218
314 337
300 439
374 388
11 336
85 285
38 439
112 388
126 286
434 439
411 455
376 434
101 229
87 331
161 280
188 383
293 399
353 450
26 55
12 157
50 449
64 347
86 106
91 450
177 224
163 326
355 496
80 291
489 496
88 152
200 393
179 270
406 461
5 117
65 168
115 285
156 286
216 337
255 265
441 455
40 111
67 214
100 162
193 353
158 332
191 280
292 332
94 347
42 157
121 450
168 296
360 466
19 173
93 122
98 466
170 342
211 343
244 291
271 394
285 292
436 461
35 117
73 409
174 461
347 389
58 286
75 455
149 404
223 353
283 404
314 471
322 332
52 471
0 281
33 229
74 230
126 420
186 471
165 348
198 296
239 297
299 348
101 363
49 173
128 466
109 224
150 225
274 291
53 292
144 410
125 168
163 460
177 358
204 461
218 359
278 410
80 425
28 235
102 184
88 286
162 235
181 477
179 404
253 353
294 354
280 456
5 251
65 302
82 471
118 128
156 420
178 179
269 297
81 246
67 348
141 297
172 364
306 364
292 466
366 415
6 72
135 482
83 292
116 240
473 477
151 426
132 184
211 477
95 302
136 303
169 251
134 230
227 421
260 369
287 472
39 370
72 318
37 297
111 246
171 297
262 415
336 364
322 466
14 313
0 415
74 364
148 313
363 467
187 241
299 482
11 15
16 359
49 307
90 308
164 257
439 462
315 426
48 82
34 184
53 426
125 302
166 303
218 493
226 354
240 252
391 421
28 369
102 318
143 319
129 421
160 488
294 488
13 246
66 72
104 364
178 313
219 314
310 432
2 87
81 380
29 190
67 482
122 381
172 498
194 257
6 206
345 426
18 31
78 82
83 426
105 185
157 375
231 324
248 493
196 303
22 150
8 252
41 200
60 442
173 319
233 370
324 488
398 437
35 385
76 386
57 144
136 437
117 195
249 314
20 262
340 432
400 483
37 431
59 190
133 139
138 483
152 381
284 308
14 447
110 155
96 257
113 426
261 324
247 426
352 442
30 391
11 149
16 493
38 252
52 150
85 98
150 493
164 391
203 319
453 494
263 370
15 268
106 386
87 144
92 488
166 437
188 196
226 488
279 314
64 160
17 314
143 453
215 329
256 330
407 499
44 447
80 104
66 206
118 396
145 499
200 206
219 448
217 375
258 376
423 443
483 494
82 150
120 442
142 201
180 493
221 494
235 392
6 340
268 340
18 165
45 268
119 217
105 319
196 437
270 386
311 387
330 437
3 42
8 386
435 453
195 212
286 330
346 381
98 279
115 448
189 397
249 448
323 397
309 499
1 346
288 376
73 222
21 32
100 325
133 273
147 171
191 443
224 391
265 392
339 341
36 340
77 341
58 99
89 166
149 217
209 268
302 459
401 438
0 94
38 386
112 335
203 453
244 454
277 402
10 58
51 59
376 381
54 330
128 279
202 228
188 330
205 499
279 448
293 346
353 397
31 346
12 104
17 448
53 105
413 448
130 325
163 273
204 274
256 464
295 392
80 238
28 48
33 392
88 99
107 341
181 290
406 408
10 408
65 115
156 233
142 335
257 285
274 454
348 403
408 454
7 110
40 58
86 403
119 351
210 469
158 279
22 418
383 397
42 104
83 105
327 465
19 120
24 464
46 223
98 413
211 290
271 341
362 459
40 408
114 357
100 459
174 408
155 166
246 284
39 183
58 233
77 475
37 110
75 402
116 403
149 351
176 454
190 352
281 470
14 126
0 228
19 470
93 419
239 244
51 193
390 413
49 120
90 121
128 413
150 172
169 414
202 362
241 290
301 341
31 480
53 239
204 408
410 476
47 424
28 182
69 183
220 352
280 403
5 198
32 301
385 419
82 418
123 419
183 470
257 419
255 346
81 193
34 347
67 295
122 194
120 121
199 414
232 362
259 465
273 363
6 19
364 481
23 188
61 480
83 239
135 429
157 188
308 357
349 358
8 65
440 476
99 183
211 424
159 234
285 373
250 352
2 250
35 198
62 301
114 491
136 250
153 419
134 177
227 368
287 419
347 470
452 486
56 486
111 193
190 486
138 296
212 245
243 312
55 261
127 137
113 239
132 481
165 429
187 188
206 430
266 481
30 204
16 306
68 496
38 65
117 358
150 306
164 204
241 424
315 373
356 374
342 476
15 81
144 491
166 250
226 301
317 419
358 420
418 471
50 75
129 368
160 435
182 194
242 245
32 435
333 363
44 260
393 414
145 312
219 261
296 481
34 481
139 497
180 306
6 153
345 373
372 476
4 80
50 425
248 440
196 250
289 441
349 492
27 441
388 420
25 368
99 317
159 368
200 369
233 317
291 487
324 435
365 436
425 487
24 143
57 91
62 435
103 436
115 261
136 384
175 312
189 210
249 261
1 159
39 451
18 328
4 430
400 430
59 137
100 138
138 430
460 481
243 446
251 307
377 446
55 395
36 153
77 154
127 271
75 81
154 374
168 272
228 323
319 441
16 440
52 97
38 199
112 148
117 492
203 266
230 369
263 317
304 318
15 215
395 436
106 333
455 487
207 385
205 312
31 159
17 261
69 451
91 210
108 379
256 277
283 380
333 497
374 498
407 446
85 395
33 205
71 497
145 446
198 272
318 374
10 221
43 169
409 492
101 339
82 97
87 441
161 390
221 441
235 339
64 457
45 215
119 164
105 266
210 282
163 436
196 384
237 385
297 436
311 334
8 333
61 159
140 452
272 379
313 380
115 395
189 344
137 154
175 446
290 396
276 498
1 293
288 323
18 462
40 221
114 170
100 272
152 462
191 390
265 339
251 441
325 390
366 391
77 288
89 113
94 457
149 164
168 406
176 267
302 406
281 283
267 385
19 283
0 41
52 231
79 334
170 452
244 401
343 380
68 175
147 468
169 227
279 395
320 396
380 447
72 294
58 396
70 221
182 462
130 272
204 221
223 463
295 339
355 390
33 339
181 237
167 339
198 406
258 457
373 407
5 11
10 355
32 114
49 283
123 232
109 334
183 283
334 452
26 299
7 57
12 401
158 226
350 396
135 242
88 396
162 345
253 463
327 412
24 411
65 412
151 186
238 340
362 406
2 63
21 113
40 355
67 458
100 406
114 304
141 407
153 232
213 283
265 473
306 474
3 473
39 130
405 453
37 57
42 401
116 350
176 401
281 417
341 468
382 469
19 417
0 175
55 74
74 124
79 468
93 366
415 417
206 243
266 294
357 412
68 309
16 119
21 463
95 412
117 171
155 463
417 463
260 479
458 464
394 479
72 428
53 186
359 458
70 355
130 406
171 407
185 305
218 253
295 473
336 474
410 423
47 371
69 130
74 474
129 181
146 350
247 402
321 351
51 490
371 468
44 73
71 176
104 124
109 468
150 469
197 315
236 243
26 433
7 191
86 484
447 463
199 361
259 412
23 135
9 237
50 238
83 186
102 428
124 187
162 479
215 305
201 407
275 356
5 495
27 254
60 202
63 473
104 474
151 320
159 181
178 423
477 490
103 249
136 197
213 417
268 316
328 367
56 433
37 191
78 192
138 243
243 259
303 310
330 413
55 208
41 310
132 428
113 186
154 187
233 480
266 428
305 356
35 495
16 253
131 203
169 495
222 321
208 423
282 372
342 423
15 28
20 372
111 490
92 248
185 439
245 490
298 316
284 418
358 367
110 265
96 367
143 213
108 192
187 485
335 383
85 208
71 310
186 260
236 377
184 187
296 428
10 34
48 326
139 444
161 203
199 495
221 254
240 496
312 372
64 270
413 424
124 321
215 439
196 197
349 439
22 44
13 490
25 315
66 316
99 264
200 316
76 280
425 434
115 208
268 450
216 260
276 311
6 450
307 378
326 428
18 275
4 377
78 326
152 275
193 276
367 429
243 393
191 203
251 254
344 445
55 342
3 152
8 496
77 101
94 270
154 321
319 388
305 490
346 491
360 389
57 388
38 146
79 147
84 491
117 439
131 337
170 265
222 455
230 316
73 332
59 434
133 383
147 281
207 332
422 486
205 259
246 260
298 450
31 106
17 208
36 450
58 209
397 429
149 327
182 275
209 378
300 496
374 445
47 50
71 444
85 342
126 343
186 394
184 321
258 270
376 491
101 286
161 337
109 147
188 440
202 338
235 286
427 456
26 112
12 214
64 404
86 163
177 281
237 332
297 383
61 106
66 450
102 107
140 399
200 450
214 348
253 276
313 327
43 466
65 225
404 445
82 394
63 152
156 343
276 445
381 461
114 117
119 461
191 337
265 286
292 389
3 286
56 112
42 214
116 163
135 405
176 214
195 456
267 332
368 384
79 281
170 399
244 348
285 349
271 451
35 174
21 276
68 122
73 466
95 225
155 276
169 174
260 292
347 446
72 241
58 343
380 394
283 461
322 389
47 184
33 286
107 235
148 236
165 405
146 163
198 353
225 456
10 302
51 303
32 61
68 472
101 420
123 179
109 281
150 282
202 472
274 348
315 349
301 451
26 246
12 348
86 297
177 415
125 225
80 482
9 50
88 343
102 241
327 359
5 308
354 462
65 359
13 169
118 185
104 287
137 235
156 477
178 236
238 287
269 354
329 405
2 10
7 354
40 302
67 405
81 303
141 354
389 456
180 282
213 230
56 246
4 56
42 348
83 349
116 297
157 298
190 246
231 247
248 416
281 364
382 416
19 364
60 365
46 467
93 313
151 483
132 241
192 292
357 359
384 462
21 410
117 118
155 410
134 287
208 236
260 426
72 375
20 185
37 354
70 302
111 303
171 354
185 252
14 370
396 472
69 77
160 195
146 297
187 298
247 349
51 437
338 467
412 416
16 416
49 364
71 123
90 365
123 313
150 416
315 483
48 139
34 241
53 483
414 462
125 359
226 411
331 427
364 375
391 478
23 82
28 426
64 83
69 427
88 477
102 375
124 134
143 376
201 354
215 252
275 303
27 201
407 422
44 370
118 319
426 472
178 370
219 371
467 473
269 488
2 144
7 488
43 145
81 437
103 196
122 438
120 365
194 314
444 489
254 365
6 263
419 432
18 88
23 432
83 483
97 381
105 242
138 190
157 432
479 483
196 360
229 308
270 309
60 499
8 309
173 376
159 478
233 427
35 442
76 443
57 201
134 421
208 370
282 319
309 422
37 488
111 437
59 247
133 196
152 438
185 386
212 489
474 489
284 365
17 21
113 483
261 381
352 499
300 309
11 206
90 499
126 156
112 258
164 448
186 207
203 376
15 325
428 494
166 494
240 443
188 253
64 217
124 268
182 438
163 196
215 386
256 387
316 438
80 161
118 453
200 263
43 279
24 37
103 330
82 207
6 397
307 325
367 376
4 324
45 325
119 274
105 376
210 392
196 494
344 392
330 494
22 341
8 443
135 218
121 320
346 438
19 43
24 387
84 438
189 454
170 212
323 454
1 403
362 382
21 89
59 381
100 382
133 330
147 228
174 331
207 279
224 448
298 397
399 449
36 397
77 398
58 156
110 346
75 325
149 274
209 325
300 443
374 392
52 341
126 290
401 495
186 341
165 218
277 459
225 269
10 115
15 459
376 438
68 285
54 387
87 335
101 233
128 336
202 285
353 454
31 403
86 110
91 454
177 228
163 330
218 229
237 279
278 280
295 449
369 398
429 449
33 449
66 397
88 156
167 449
181 347
179 274
43 413
82 341
156 290
183 393
257 342
348 460
381 408
7 167
40 115
45 459
81 116
86 460
119 408
141 167
158 336
172 234
232 285
383 454
135 352
121 454
60 178
46 280
93 126
98 470
63 449
151 296
285 296
271 398
35 121
40 465
73 413
95 172
155 223
174 465
213 393
246 341
287 342
347 393
72 188
58 290
378 460
89 357
37 167
70 115
116 460
190 409
264 358
52 475
0 285
74 234
93 476
126 424
299 352
51 250
49 177
90 178
123 126
128 470
150 229
169 471
241 347
26 193
70 465
125 172
204 465
218 363
317 342
47 481
28 239
102 188
88 290
143 189
181 481
146 460
220 409
354 409
13 116
44 183
82 475
104 234
118 132
123 476
178 183
257 476
255 403
329 352
29 60
141 301
172 368
120 178
158 470
180 229
199 471
232 419
273 420
56 193
97 194
83 296
135 486
157 245
60 312
8 122
173 189
159 291
211 481
233 240
252 482
250 409
285 430
35 255
384 409
62 358
136 307
153 476
134 234
287 476
361 425
39 374
20 132
37 301
111 250
59 60
138 353
152 251
212 302
229 471
0 419
41 420
127 194
165 486
187 245
247 296
30 261
16 363
439 466
164 261
315 430
53 430
106 256
240 256
226 358
331 374
317 476
391 425
69 374
50 132
129 425
143 323
294 492
242 302
32 492
333 420
44 317
85 318
118 266
145 369
219 318
236 487
217 245
370 487
7 435
43 92
29 194
194 261
235 262
254 312
18 35
9 481
23 379
124 431
105 189
157 379
446 482
196 307
289 498
27 498
60 446
99 374
173 323
121 133
159 425
200 426
233 374
365 493
2 441
24 200
62 492
84 251
98 149
115 318
136 441
249 318
340 436
400 487
37 435
78 436
59 194
133 143
224 261
110 159
127 328
75 138
113 430
154 431
168 329
228 380
476 482
319 498
30 395
16 497
52 154
38 256
57 498
90 446
112 205
395 493
428 441
106 390
54 200
128 149
133 493
205 369
279 318
31 216
17 318
91 267
108 436
182 385
256 334
242 436
80 108
66 210
107 211
167 262
184 431
10 278
43 226
101 396
87 498
120 446
235 396
221 498
483 498
334 375
45 272
119 221
105 323
237 442
22 288
61 216
135 165
121 267
195 216
214 458
286 334
313 437
98 283
46 93
84 385
115 452
189 401
249 452
290 453
288 380
21 36
100 329
114 227
174 278
191 447
251 498
325 447
366 448
3 396
77 345
58 103
89 170
75 272
149 221
190 222
176 324
302 463
401 442
0 98
38 390
51 63
54 334
128 283
279 452
31 350
53 109
58 453
91 401
144 227
130 329
295 396
355 447
47 294
33 396
107 345
181 294
396 448
198 463
146 273
179 221
220 222
332 463
373 464
32 171
371 391
82 288
123 289
109 391
183 340
274 458
348 407
26 356
7 114
12 458
86 407
172 181
158 283
199 284
259 335
9 160
88 453
121 401
135 299
60 125
46 227
65 469
426 448
63 396
137 345
151 243
211 294
238 397
403 464
35 68
21 170
100 463
114 361
174 412
153 289
213 340
77 479
378 407
56 356
89 304
116 407
190 356
138 166
438 458
281 474
229 284
415 474
19 474
0 232
41 233
456 475
165 299
239 248
192 402
357 469
30 74
68 366
90 125
169 418
342 346
72 485
53 243
70 412
92 171
130 463
171 464
185 362
218 310
245 413
410 480
148 480
129 238
146 407
294 305
247 459
280 407
321 408
32 305
385 423
445 474
44 130
49 474
71 233
123 423
145 182
183 474
257 423
236 300
296 351
26 490
48 249
34 351
139 367
120 125
125 469
273 367
259 469
6 23
23 192
97 141
83 243
102 485
157 192
248 310
201 464
275 413
289 311
349 362
27 311
8 69
60 259
440 480
25 238
118 429
137 479
151 377
159 238
252 429
136 254
134 181
175 182
254 475
268 373
1 29
39 321
326 351
78 249
152 198
212 249
229 418
303 367
330 470
363 418
41 367
127 141
113 243
187 192
16 310
57 311
38 69
117 362
131 260
208 480
282 429
356 378
342 480
15 85
106 203
92 305
166 254
284 475
69 321
17 131
96 424
110 322
160 439
418 475
182 198
220 490
261 491
335 440
333 367
11 316
71 367
145 316
219 265
236 434
34 485
87 311
120 259
161 260
23 326
64 327
372 480
413 481
105 136
237 255
349 496
297 306
22 101
8 203
27 445
25 372
99 321
140 322
173 270
200 373
214 271
291 491
2 388
43 389
24 147
29 491
76 337
84 198
103 440
115 265
175 316
189 214
381 384
18 332
367 486
152 332
100 142
105 486
193 333
251 311
3 209
77 158
94 327
168 276
154 378
443 481
319 445
379 496
420 497
52 101
38 203
93 102
117 496
131 394
203 270
244 271
395 440
59 491
147 338
207 389
205 316
246 317
31 163
110 456
58 266
91 214
70 91
108 383
223 333
314 451
11 450
47 107
448 451
198 276
184 378
258 327
318 378
10 225
101 343
82 101
87 445
109 204
161 394
221 445
235 343
450 497
26 169
485 491
177 338
311 338
402 456
61 163
140 456
121 214
162 215
313 384
24 281
115 399
63 209
137 158
189 348
216 451
288 327
18 466
40 225
100 276
141 277
193 467
480 497
191 394
232 395
265 343
306 344
3 343
77 292
89 117
116 220
176 271
281 287
19 287
93 236
79 338
368 441
170 456
192 215
285 406
304 456
54 281
95 282
169 231
320 400
53 56
58 400
130 276
171 277
204 225
262 395
295 343
322 446
336 344
74 344
107 292
148 293
146 220
299 462
10 359
51 360
32 118
473 488
348 354
334 456
26 303
7 61
12 405
34 164
48 62
86 354
139 180
177 472
199 231
375 457
350 400
28 349
9 107
102 298
162 349
451 452
253 467
201 277
387 467
27 124
13 226
46 174
63 343
137 292
238 344
269 411
2 67
40 359
67 462
81 360
141 411
213 287
254 288
306 478
39 134
56 303
37 61
405 457
190 303
231 304
229 231
382 473
14 77
19 421
41 180
60 422
93 370
132 298
206 247
266 298
398 417
21 467
57 124
95 416
155 467
458 468
134 344
72 432
37 411
70 359
92 118
111 360
171 411
185 309
284 288
14 427
410 427
69 134
74 478
110 135
148 427
160 252
187 355
220 303
247 406
412 473
11 129
49 421
71 180
123 370
150 473
26 437
139 314
87 124
125 416
199 365
226 468
273 314
331 484
364 432
28 483
64 140
50 242
102 432
215 309
201 411
275 360
5 499
27 258
25 185
99 134
178 427
252 376
238 478
250 303
291 304
76 150
29 304
81 494
103 253
120 422
153 370
194 371
254 422
328 371
6 320
419 489
23 489
56 437
97 438
157 489
105 299
138 247
231 438
243 263
229 365
270 366
303 314
330 417
55 212
3 22
8 366
41 314
94 140
206 381
154 191
233 484
35 499
134 478
208 427
222 325
323 377
309 479
15 32
20 376
111 494
147 151
224 371
298 320
284 422
358 371
36 320
17 78
96 371
449 489
187 489
261 438
209 248
302 439
300 366
85 212
38 366
112 315
126 213
186 264
236 381
263 484
337 433
10 38
139 448
161 207
188 310
221 258
312 376
353 377
12 84
50 376
91 377
182 495
215 443
256 444
316 495
27 392
13 494
66 320
200 320
291 438
332 439
365 387
392 490
24 94
29 438
65 95
156 213
268 454
1 110
307 382
18 279
4 381
45 382
119 331
105 433
193 280
367 433
191 207
251 258
344 449
77 105
42 84
121 377
154 325
168 223
195 326
286 444
24 444
57 392
79 151
84 495
230 320
271 321
1 460
73 336
54 94
422 490
174 388
298 454
31 110
36 454
72 111
77 455
89 280
110 403
149 331
397 433
209 382
314 398
374 449
415 450
47 54
33 156
52 398
74 157
112 449
126 347
186 398
184 325
198 223
225 326
10 172
51 173
49 100
54 444
87 392
128 393
202 342
293 460
301 321
26 116
12 218
427 460
177 285
204 388
237 336
369 455
28 162
66 454
107 455
140 403
179 331
253 280
313 331
5 178
43 470
13 39
404 449
445 450
63 156
142 449
156 347
216 398
290 347
255 326
381 465
40 172
119 465
193 414
172 291
56 116
61 460
116 167
157 168
195 460
234 388
368 388
93 183
137 455
271 455
35 178
114 471
95 229
169 178
155 280
246 398
287 399
320 347
72 245
58 347
452 466
89 414
37 224
111 173
149 465
171 224
262 342
322 393
14 240
0 342
74 291
239 358
225 460
299 409
32 65
90 235
164 184
202 476
241 404
315 353
26 250
12 352
375 404
34 111
144 471
125 229
218 420
278 471
28 296
102 245
143 246
220 466
201 224
5 312
354 466
32 415
13 173
65 363
118 189
104 291
156 481
178 240
238 291
255 460
370 410
81 307
29 117
62 65
67 409
120 235
232 476
180 286
306 425
345 353
23 302
9 404
56 250
157 302
231 251
248 420
308 471
60 369
46 471
151 487
173 246
159 348
285 487
250 466
35 312
76 313
62 415
136 364
134 291
361 482
20 189
326 461
111 307
185 256
138 410
171 358
212 359
460 461
262 476
336 425
36 133
41 477
74 425
96 184
127 251
113 353
187 302
239 492
247 353
352 369
338 471
30 318
16 420
90 369
71 127
112 128
150 420
379 472
412 420
203 246
315 487
263 297
15 195
53 487
414 466
106 313
139 261
166 364
240 313
226 415
331 431
391 482
69 431
50 189
91 190
124 138
129 482
143 380
215 256
201 358
256 257
13 307
333 477
44 374
25 132
66 133
71 477
118 323
145 426
407 426
467 477
217 302
310 493
7 492
48 493
122 442
103 200
409 472
444 493
120 369
194 318
221 421
345 487
386 488
4 194
78 143
105 246
210 262
270 313
330 364
22 211
421 482
25 482
99 431
173 380
272 359
2 498
76 447
24 257
136 498
84 308
398 498
222 272
175 426
323 324
309 426
1 273
340 493
37 492
59 251
133 200
152 442
251 421
36 267
77 268
96 318
110 216
89 93
127 385
187 436
228 437
302 386
416 488
30 452
52 211
38 313
126 160
186 211
203 380
277 329
263 431
337 380
101 103
54 257
87 205
106 447
166 498
240 447
205 426
279 375
31 273
91 324
108 493
182 442
256 391
242 493
316 442
355 370
107 268
140 216
167 319
217 436
258 437
156 160
142 262
307 329
334 432
367 380
119 278
193 227
210 396
270 447
22 345
135 222
272 493
24 391
46 150
79 98
84 442
137 268
323 458
1 407
288 437
362 386
73 283
21 93
59 385
114 284
422 437
265 453
339 402
3 453
77 402
75 329
149 278
190 279
281 397
267 499
314 345
52 345
0 155
93 346
126 294
165 222
225 273
51 120
376 442
417 443
54 391
128 340
202 289
155 443
394 459
12 165
91 458
70 335
218 233
204 335
47 351
28 109
33 453
88 160
129 161
167 453
220 279
280 330
5 125
10 469
32 228
65 176
371 448
406 469
123 346
109 448
197 295
257 346
348 464
26 413
7 171
81 120
67 222
86 464
172 238
158 340
232 289
273 290
259 392
364 408
383 458
424 459
23 115
42 165
56 63
61 407
83 166
121 458
135 356
162 459
63 453
137 402
159 161
238 454
285 300
250 279
436 469
35 125
21 227
40 469
62 228
95 176
114 418
136 177
227 295
213 397
287 346
39 244
89 361
37 171
111 120
190 413
262 289
93 480
148 187
454 459
113 166
206 357
266 408
51 254
16 233
90 182
150 233
301 402
70 469
144 418
125 176
166 177
204 469
245 470
317 346
47 485
143 193
129 295
160 362
294 362
280 464
321 465
354 413
385 480
44 187
71 290
104 238
145 239
197 429
257 480
236 357
48 306
29 64
34 408
81 254
122 255
139 424
172 372
180 233
199 475
221 234
6 80
23 249
4 7
372 403
124 301
234 469
275 470
289 368
349 419
60 316
151 434
159 295
233 244
252 486
250 413
324 362
2 311
351 465
62 362
136 311
384 413
153 480
134 238
227 429
328 481
39 378
4 357
37 305
152 255
138 357
212 306
243 373
229 475
14 321
363 475
36 80
41 424
96 131
127 198
113 300
206 491
228 250
305 470
30 265
11 23
16 367
131 317
439 470
15 142
20 486
92 362
166 311
226 362
205 239
317 480
358 481
17 188
91 137
96 481
110 379
108 306
143 327
160 496
242 306
32 496
11 373
85 322
66 80
393 475
219 322
310 440
370 491
411 492
43 96
29 198
122 389
409 419
120 316
235 266
221 368
23 383
9 485
124 435
105 193
237 312
297 363
8 260
388 481
61 86
173 327
121 137
214 328
365 497
43 446
62 496
76 394
98 153
103 497
115 322
464 476
249 322
290 323
276 425
1 220
340 440
18 389
400 491
100 199
138 491
265 266
55 456
77 215
94 384
75 142
168 333
228 384
176 194
302 333
476 486
267 312
131 451
79 261
112 209
170 379
203 327
244 328
304 379
395 497
68 102
73 446
147 395
188 204
205 373
279 322
31 220
70 148
108 440
130 199
182 389
256 338
85 456
126 457
107 215
198 333
184 435
332 333
318 435
10 282
423 451
82 158
123 159
142 209
161 451
183 210
235 400
334 379
26 226
45 276
177 395
237 446
311 395
80 462
61 220
9 30
88 323
121 271
135 169
195 220
253 390
286 338
387 390
24 338
65 339
98 287
115 456
63 266
137 215
156 457
189 405
238 267
1 354
288 384
40 282
21 40
114 231
174 282
389 436
153 159
191 451
265 400
306 401
339 349
3 400
77 349
56 226
89 174
116 277
190 226
176 328
281 344
341 395
401 446
0 102
79 395
93 293
165 169
343 441
68 236
21 390
54 338
95 339
169 288
260 406
320 457
394 406
58 457
130 333
171 334
295 400
47 298
33 400
74 401
148 350
181 298
396 452
198 467
146 277
220 226
51 417
32 175
49 344
109 395
183 344
197 242
257 293
348 411
26 360
12 462
48 119
34 221
86 411
139 237
125 339
199 288
259 339
28 406
61 354
88 457
102 355
201 334
234 282
5 422
327 473
60 129
13 283
65 473
426 452
63 400
104 401
137 349
151 247
178 350
238 401
252 299
2 124
81 417
62 175
114 365
153 293
227 242
213 344
254 345
39 191
37 118
116 411
138 170
231 361
281 478
229 288
19 478
60 479
93 427
456 479
132 355
266 355
30 78
16 180
90 129
95 473
117 232
169 422
222 248
208 350
342 350
72 489
92 175
245 417
14 484
47 432
69 191
148 484
96 294
108 119
220 360
261 361
247 463
32 309
352 479
385 427
44 134
49 478
85 135
90 479
145 186
296 355
26 494
337 356
48 253
34 355
428 474
120 129
199 422
240 423
273 371
364 489
9 298
50 299
97 145
102 489
143 490
215 366
201 468
349 366
27 315
13 417
44 484
25 242
118 433
481 485
159 242
200 243
252 433
2 258
351 412
29 361
62 309
103 310
115 135
120 479
268 377
328 428
1 33
6 377
4 304
152 202
193 203
243 320
229 422
270 423
303 371
3 79
94 197
132 489
154 248
30 212
38 73
117 366
131 264
282 433
356 382
20 433
59 361
92 309
133 310
147 208
207 259
284 479
358 428
418 479
17 135
96 428
127 495
108 253
182 202
261 495
209 305
335 444
300 423
333 371
11 320
85 269
33 79
112 372
126 270
145 320
236 438
184 248
277 439
411 439
10 95
48 387
87 315
161 264
221 315
353 434
64 331
12 141
86 90
124 382
177 208
289 449
27 449
388 428
66 377
140 326
214 275
200 377
365 444
43 393
98 100
103 444
115 269
63 79
142 372
175 320
307 439
4 438
40 95
45 439
78 387
100 146
105 490
119 388
191 264
251 315
3 213
77 162
42 141
75 89
121 434
154 382
168 280
195 383
228 331
360 450
19 157
93 106
79 208
98 450
170 326
244 275
230 377
271 378
304 326
395 444
174 445
155 203
207 393
31 167
72 168
58 270
110 460
89 337
70 95
75 439
397 490
283 388
11 454
52 455
33 213
126 404
148 163
186 455
448 455
184 382
225 383
239 281
299 332
10 229
49 157
87 449
128 450
202 399
301 378
26 173
12 275
64 465
86 224
177 342
204 445
237 393
278 394
28 219
88 270
162 219
214 409
253 337
5 235
354 389
13 96
82 455
137 162
257 456
290 404
269 281
255 383
40 229
81 230
67 332
141 281
172 348
232 399
292 450
94 465
135 466
116 224
281 291
267 393
368 445
93 240
41 50
46 394
79 342
132 168
170 460
192 219
211 461
285 410
343 388
35 235
21 337
147 476
155 337
134 214
246 455
287 456
320 404
361 405
72 302
20 112
89 471
70 229
144 178
223 471
171 281
264 472
262 399
336 348
322 450
47 245
396 399
74 348
148 297
165 466
146 224
187 225
239 415
299 466
49 291
150 343
315 410
26 307
12 409
48 66
34 168
375 461
125 286
199 235
218 477
226 338
317 456
350 404
28 353
9 111
102 302
162 353
451 456
294 472
32 472
217 225
403 415
2 71
81 364
62 122
67 466
141 415
172 482
120 292
194 241
180 343
254 292
306 482
6 190
56 307
4 117
9 461
83 410
157 359
405 461
248 477
229 235
382 477
159 405
192 353
398 421
35 369
57 128
117 179
309 349
359 466
400 467
37 415
111 364
185 313
171 415
212 416
336 482
284 292
14 431
110 139
96 241
127 308
160 256
321 359
51 498
412 477
11 133
16 477
71 184
90 426
150 477
164 375
453 478
236 251
263 354
15 252
48 200
106 370
87 128
139 318
166 421
240 370
331 488
28 487
69 488
143 437
201 415
256 314
13 364
44 431
80 88
104 482
118 380
178 431
219 432
217 359
291 308
318 411
351 359
29 308
103 257
120 426
194 375
142 185
221 478
254 426
268 324
6 324
328 375
23 493
4 251
119 201
157 493
231 442
330 421
3 26
435 437
94 144
99 488
154 195
233 488
272 416
57 262
131 211
134 482
175 483
189 381
208 431
222 329
1 330
249 432
73 206
59 308
111 498
133 257
298 324
251 478
284 426
325 427
36 324
17 82
58 83
96 375
110 273
108 200
149 201
187 493
209 252
228 494
302 443
490 494
300 370
11 267
52 268
38 370
126 217
186 268
401 422
203 437
184 195
304 489
337 437
10 42
161 211
202 212
188 314
205 483
293 330
353 381
64 278
12 88
91 381
413 432
182 499
163 257
316 499
355 427
80 222
28 32
66 324
214 222
179 201
217 493
258 494
332 443
392 494
65 99
82 268
156 217
142 319
216 268
276 319
367 437
408 438
45 386
119 335
67 145
105 437
193 284
210 453
22 402
94 278
195 330
19 104
46 207
79 155
84 499
170 273
271 325
1 464
362 443
35 48
114 341
100 443
147 289
422 494
339 459
58 217
397 437
75 386
149 335
223 284
176 438
209 386
264 285
314 402
415 454
52 402
126 351
74 161
165 279
225 330
51 177
376 499
68 346
54 448
109 155
150 156
202 346
293 464
301 325
26 120
12 222
53 223
144 341
130 443
177 289
369 459
80 356
28 166
102 115
88 217
107 459
129 218
179 335
280 387
5 182
385 403
13 43
445 454
156 351
104 161
257 403
255 330
7 228
81 177
172 295
232 346
273 347
61 464
42 222
83 223
97 121
135 413
157 172
195 464
248 290
234 392
60 239
46 341
211 408
159 218
285 357
250 336
62 285
136 234
153 403
134 161
287 403
20 59
452 470
56 470
37 228
89 418
111 177
171 228
190 470
212 229
264 419
303 347
322 397
14 244
363 398
74 295
148 244
165 413
113 223
206 414
225 464
30 188
68 480
90 239
164 188
150 290
241 408
342 460
15 65
34 115
53 357
144 475
92 285
125 233
166 234
317 403
418 455
50 59
129 352
143 250
220 470
354 470
27 75
13 177
333 347
44 244
393 398
104 295
178 244
197 486
219 245
236 414
255 464
269 362
296 465
2 18
81 311
29 121
34 465
122 312
310 363
370 414
6 137
345 357
372 460
4 64
45 65
83 357
97 255
105 116
231 255
248 424
196 234
8 183
46 475
151 491
173 250
233 301
2 368
425 471
57 75
62 419
84 178
136 368
134 295
175 296
208 244
227 486
1 143
20 193
39 435
37 362
78 363
111 311
460 465
243 430
55 379
36 137
41 481
96 188
437 481
127 255
113 357
187 306
228 307
319 425
352 373
30 322
90 373
131 374
117 476
222 492
203 250
414 470
106 317
92 419
166 368
240 317
331 435
432 487
17 245
129 486
256 261
242 363
407 430
11 430
66 137
145 430
219 379
167 189
217 306
310 497
48 497
29 255
122 446
120 373
161 374
194 322
221 425
235 323
64 441
45 199
97 389
124 492
196 368
270 317
311 318
22 215
8 317
25 486
61 143
99 435
121 194
159 486
173 384
462 487
272 363
76 451
98 210
189 328
175 430
249 379
290 380
276 482
309 430
340 497
288 307
73 153
59 255
100 256
152 446
191 374
224 322
265 323
325 374
3 323
416 492
89 97
75 199
94 441
127 389
168 390
302 390
300 317
30 456
52 215
0 25
126 164
170 436
203 384
230 487
244 385
277 333
15 333
54 261
128 210
147 452
188 261
205 430
279 379
17 379
108 497
144 154
130 256
204 205
223 447
242 497
295 323
355 374
181 221
167 323
198 390
258 441
332 390
318 492
10 339
373 391
101 457
156 164
109 318
183 267
235 457
274 385
307 333
334 436
12 385
45 333
67 92
259 262
350 380
9 87
162 329
272 497
327 396
65 396
46 154
98 344
151 170
211 221
271 272
288 441
362 390
40 339
389 493
62 98
100 390
213 267
339 406
3 457
39 114
37 41
75 333
190 283
281 401
19 401
0 159
74 108
93 350
165 226
192 329
225 277
51 124
357 396
343 498
417 447
54 395
95 396
169 345
155 447
260 463
394 463
72 412
53 170
70 339
92 98
204 339
295 457
336 458
369 406
47 355
33 457
69 114
181 355
160 232
146 334
220 283
280 334
10 473
51 474
44 57
104 108
109 452
183 401
197 299
255 277
348 468
7 175
81 124
34 278
86 468
122 125
172 242
125 396
158 344
273 294
259 396
364 412
61 411
9 221
102 412
162 463
234 339
275 340
5 479
60 186
13 340
46 288
63 457
99 114
137 406
151 304
159 165
178 407
211 355
238 458
250 283
2 181
40 473
76 130
81 474
114 422
136 181
227 299
328 351
378 468
56 417
78 176
190 417
138 227
231 418
229 345
55 192
41 294
454 463
132 412
113 170
192 463
206 361
305 340
16 237
117 289
222 305
241 355
282 356
20 356
70 473
245 474
226 232
284 402
17 58
96 351
129 299
143 197
108 176
146 468
160 366
220 417
261 418
321 469
32 366
85 192
71 294
123 484
164 485
197 433
236 361
296 412
337 413
48 310
122 259
461 479
139 428
120 186
161 187
199 479
221 238
23 253
9 355
50 356
64 254
124 305
372 407
289 372
349 423
22 28
8 130
13 474
25 299
173 197
159 299
217 469
291 418
324 366
2 315
76 264
24 74
29 418
62 366
351 469
153 484
227 433
268 434
328 485
6 434
326 412
18 259
78 310
138 361
212 310
243 377
303 428
3 136
41 428
94 254
127 202
154 305
168 203
319 372
420 424
57 372
38 130
79 131
131 321
222 439
282 490
230 300
323 491
15 146
106 264
54 74
59 418
133 367
147 265
224 485
298 434
358 485
31 90
36 434
96 485
110 383
182 259
209 362
300 480
333 428
11 377
85 326
66 84
71 428
145 377
374 429
434 480
236 495
184 305
277 496
310 444
409 423
101 270
87 372
161 321
109 131
235 270
386 439
427 440
64 388
12 198
45 146
50 490
86 147
124 439
177 265
210 213
297 367
388 485
25 433
80 332
140 383
121 141
214 332
272 310
43 450
24 208
98 157
404 429
464 480
142 429
290 327
276 429
1 224
307 496
18 393
4 495
40 152
45 496
78 444
100 203
193 394
441 496
191 321
265 270
77 219
383 491
416 439
94 388
42 198
116 147
168 337
195 440
267 316
19 214
131 455
244 332
230 434
304 383
73 450
54 208
128 157
147 399
155 260
205 377
246 378
320 327
31 224
17 326
58 327
471 496
75 496
149 445
130 203
209 496
223 394
322 373
33 270
107 219
198 337
146 147
184 439
225 440
299 389
10 286
32 45
101 404
49 214
161 455
109 265
183 214
202 456
12 332
86 281
34 91
177 399
237 450
311 399
80 466
28 276
9 34
61 224
88 327
102 225
162 276
179 445
214 466
5 292
387 394
65 343
63 270
178 220
290 461
238 271
255 440
288 388
329 389
389 440
114 235
67 389
141 338
232 456
213 214
306 405
3 404
39 61
190 230
281 348
267 450
341 399
382 400
0 106
79 399
132 225
244 466
285 467
35 292
16 50
21 394
95 343
169 292
384 446
260 410
320 461
394 410
20 169
70 286
144 235
245 287
262 456
47 302
437 457
160 179
146 281
239 472
373 472
51 421
32 179
338 451
371 399
49 348
123 297
71 107
109 399
150 400
164 298
197 246
274 466
26 364
12 466
48 123
34 225
53 467
414 446
125 343
199 292
259 343
350 461
391 462
28 410
64 67
50 169
83 117
129 462
162 410
215 236
275 287
27 185
65 477
44 354
25 112
104 405
178 354
269 472
403 472
2 128
76 77
444 473
153 297
194 298
227 246
254 349
4 174
78 123
83 467
97 365
138 174
157 416
231 365
330 344
60 483
41 241
456 483
421 462
132 359
113 117
206 308
30 82
35 426
57 185
95 477
117 236
131 134
134 405
208 354
309 406
342 354
20 303
433 472
111 421
59 231
92 179
133 180
171 472
185 370
212 473
224 298
284 349
14 488
410 488
69 195
110 196
160 313
108 123
113 467
187 416
247 467
30 432
85 139
164 432
145 190
186 191
277 309
263 411
48 257
34 359
122 206
428 478
87 185
125 477
166 478
240 427
215 370
163 180
201 472
242 473
275 421
27 319
13 421
316 422
481 489
25 246
66 247
80 145
178 488
200 247
219 489
2 262
43 263
392 417
103 314
115 139
120 483
175 190
194 432
328 432
18 206
4 308
78 257
97 499
193 207
231 499
210 376
196 478
270 427
344 376
22 325
3 83
8 427
55 273
435 494
154 252
346 422
19 27
57 319
98 320
117 370
170 196
208 488
230 247
249 489
1 387
73 263
59 365
133 314
147 212
207 263
224 432
284 483
325 484
358 432
399 433
96 432
75 309
108 257
261 499
300 427
374 376
112 376
186 325
203 494
277 443
225 253
411 443
10 99
15 443
101 217
87 319
128 320
202 269
188 371
293 387
279 489
353 438
64 335
17 489
50 437
91 438
177 212
237 263
369 382
388 432
80 279
429 433
88 140
167 433
179 258
406 449
5 105
29 499
103 448
82 325
156 274
142 376
216 325
276 376
307 443
367 494
408 495
45 443
119 392
100 150
193 341
441 443
232 269
292 320
22 459
383 438
61 387
42 145
94 335
443 489
360 454
19 161
93 110
79 212
98 454
271 382
436 449
73 397
59 499
95 156
114 398
147 346
155 207
174 449
246 325
72 172
58 274
397 494
438 495
130 150
176 495
223 341
264 342
314 459
262 269
52 459
33 217
74 218
126 408
148 167
165 336
299 336
51 234
390 454
49 161
128 454
202 403
150 213
53 280
144 398
177 346
204 449
218 347
80 413
28 223
102 172
468 495
179 392
294 342
280 444
5 239
354 393
65 290
13 100
385 460
44 167
63 217
82 459
104 218
197 409
257 460
7 285
81 234
67 336
141 285
172 352
158 454
180 213
292 454
306 352
6 60
9 331
42 279
83 280
135 470
157 229
248 347
308 398
19 295
60 296
46 398
368 449
132 172
159 275
192 223
285 414
324 342
384 393
21 341
136 291
169 239
134 218
227 409
260 357
361 409
72 306
20 116
37 285
111 234
171 285
212 286
264 476
336 352
14 301
0 403
36 60
363 455
96 111
127 178
113 280
165 470
187 229
247 280
16 347
49 295
150 347
241 465
315 414
375 465
48 70
34 172
53 414
139 188
125 290
218 481
226 342
317 460
391 409
28 357
102 306
143 307
379 439
451 460
160 476
201 285
242 286
5 373
27 132
13 234
32 476
44 301
118 250
104 352
145 353
219 302
393 455
269 419
217 229
310 420
2 75
7 419
29 178
43 76
48 420
81 368
122 369
172 486
194 245
6 194
345 414
18 19
9 465
83 414
97 312
157 363
231 312
405 465
196 291
22 138
8 240
60 430
25 409
99 358
173 307
159 409
233 358
324 476
272 286
57 132
134 352
175 353
208 301
309 353
340 420
400 471
37 419
78 420
59 178
138 471
243 487
224 245
284 296
14 435
36 194
110 143
96 245
127 312
187 363
261 312
302 313
352 430
30 379
11 137
85 86
38 240
90 430
112 189
453 482
203 307
263 358
106 374
92 476
240 374
226 476
205 353
279 302
331 492
64 148
17 302
69 492
91 251
430 471
108 420
256 318
242 420
316 369
11 487
80 92
66 194
85 436
140 143
167 246
217 363
258 364
318 415
29 312
423 431
82 138
120 430
142 189
161 431
194 379
18 153
23 497
45 256
64 498
105 307
119 205
196 425
270 374
311 375
22 272
3 30
8 374
402 493
94 148
99 492
121 251
135 149
173 441
195 200
214 442
272 420
24 318
98 267
115 436
189 385
309 487
288 364
73 210
59 312
100 313
114 211
133 261
147 159
224 379
265 380
77 329
89 154
127 446
149 205
168 447
176 308
209 256
228 498
300 374
52 272
38 374
126 221
203 441
244 442
304 493
15 390
54 318
188 318
205 487
279 436
31 334
12 92
53 93
91 385
380 488
130 313
163 261
256 452
28 36
33 380
107 329
167 380
198 447
179 205
258 498
332 447
5 52
10 396
65 103
392 498
183 324
257 273
274 442
307 390
334 493
7 98
119 339
259 319
22 406
383 385
83 93
162 386
195 334
286 452
234 262
327 453
19 108
60 109
151 227
211 278
271 329
1 468
288 498
35 52
21 154
40 396
100 447
174 396
463 499
213 324
72 119
77 463
438 442
37 98
42 442
116 391
149 339
176 442
190 340
264 289
415 458
14 114
0 216
74 165
225 334
51 181
390 401
16 160
54 452
90 109
95 453
128 401
150 160
169 402
202 350
301 329
53 227
433 448
70 396
493 499
130 447
204 396
218 294
245 397
278 345
369 463
410 464
47 412
69 171
102 119
107 463
148 464
160 289
146 391
220 340
280 391
5 186
13 47
445 458
49 458
82 406
123 407
255 334
26 474
7 232
81 181
34 335
122 182
172 299
125 453
158 401
199 402
273 351
6 7
364 469
23 176
9 278
61 468
83 227
135 417
248 294
275 397
308 345
60 243
8 53
46 345
440 464
151 361
99 171
137 463
159 222
211 412
35 186
153 407
227 356
213 458
287 407
328 408
39 305
326 335
56 474
37 232
152 182
138 284
231 475
243 300
229 402
14 248
0 350
41 351
132 469
206 418
266 469
338 345
30 192
90 243
164 192
117 346
208 464
282 413
356 362
342 464
20 413
106 187
144 479
185 480
358 408
69 305
17 115
50 63
143 254
418 459
220 474
261 475
294 423
32 423
85 249
145 300
219 249
236 418
310 367
370 418
48 367
34 469
122 316
139 485
120 243
161 244
180 294
273 485
23 310
9 412
45 69
50 413
105 120
124 362
372 464
349 480
22 85
8 187
27 429
388 408
25 356
99 305
173 254
159 356
200 357
214 255
233 305
250 474
291 475
365 424
76 321
24 131
62 423
84 182
103 424
115 249
136 372
175 300
189 198
227 490
268 491
1 147
39 439
340 367
78 367
59 125
100 126
138 418
243 434
191 244
303 485
251 295
377 434
55 383
3 193
41 485
77 142
94 311
127 259
168 260
319 429
30 326
52 85
131 378
222 496
263 305
304 306
356 496
106 321
54 131
133 424
166 372
432 491
69 439
17 249
91 198
108 367
182 316
256 265
242 367
333 485
407 434
11 434
66 141
71 485
145 434
167 193
219 383
198 260
318 362
10 209
409 480
101 327
87 429
221 429
64 445
45 203
124 496
177 322
163 424
210 270
22 219
402 440
25 490
61 147
66 491
80 389
121 198
200 491
214 389
462 491
98 214
404 486
189 332
137 142
142 486
175 434
216 435
1 281
290 384
288 311
114 158
152 450
174 209
193 451
480 481
191 378
292 430
366 379
3 327
77 276
416 496
457 497
89 101
75 203
116 204
149 152
154 496
176 255
228 445
267 373
19 271
0 29
52 219
170 440
244 389
230 491
304 440
343 368
68 163
54 265
147 456
155 317
205 434
380 435
70 209
223 451
295 327
47 225
33 327
107 276
167 327
198 394
146 204
184 496
258 445
299 446
10 343
32 102
101 461
49 271
82 219
375 441
7 45
86 338
34 148
67 96
158 214
199 215
311 456
259 266
350 384
61 281
9 91
88 384
102 282
135 230
5 349
65 400
46 158
151 174
238 328
255 497
2 51
40 343
62 102
67 446
100 394
114 292
141 395
153 220
213 271
3 461
39 118
56 287
42 389
116 338
405 441
176 389
281 405
19 405
55 62
41 164
79 456
93 354
35 349
16 107
68 297
95 400
117 159
155 451
169 349
394 467
359 446
70 343
144 292
130 394
185 293
47 359
33 461
69 118
148 411
146 338
220 287
261 288
280 338
321 339
51 478
32 236
371 456
412 457
71 164
150 457
164 355
183 405
26 421
48 180
34 282
86 472
447 451
273 298
226 452
28 467
9 225
83 174
102 416
124 175
162 467
465 468
201 395
275 344
13 344
25 169
99 118
104 462
118 360
151 308
159 169
178 411
238 462
252 360
2 185
76 134
62 236
81 478
103 237
153 354
180 457
254 406
6 304
39 252
419 473
18 129
4 231
56 421
78 180
97 422
116 472
157 473
231 422
330 401
55 196
3 6
41 298
454 467
206 365
192 467
233 468
266 416
30 139
57 242
131 191
117 293
169 483
222 309
282 360
309 463
15 16
106 134
133 237
166 185
298 304
284 406
36 304
110 253
449 473
108 180
146 472
187 473
261 422
30 489
11 247
85 196
71 298
145 247
186 248
236 365
277 366
337 417
34 416
87 242
199 483
221 242
372 411
64 258
50 360
124 309
275 478
316 479
8 134
25 303
99 252
118 494
140 253
200 304
291 422
365 371
2 319
43 320
24 78
29 422
103 371
351 473
392 474
194 489
175 247
216 248
328 489
276 299
6 438
18 263
4 365
78 314
119 315
152 263
193 264
367 417
210 433
243 381
270 484
344 433
22 382
3 140
8 484
55 330
94 258
228 258
319 376
420 428
19 84
57 376
117 427
131 325
230 304
73 320
59 422
422 474
224 489
298 438
246 248
358 489
399 490
31 94
17 196
36 438
72 95
110 387
108 314
397 417
209 366
300 484
374 433
52 382
33 140
38 484
85 330
126 331
186 382
198 207
184 309
376 479
109 135
188 428
202 326
353 495
427 444
26 100
50 494
64 392
86 151
177 269
297 371
388 489
80 336
66 438
88 197
214 336
253 264
313 315
5 162
65 213
115 330
63 140
142 433
156 331
216 382
464 484
381 449
18 397
40 156
67 259
193 398
158 377
191 325
232 326
292 377
383 495
56 100
135 393
116 151
121 495
168 341
195 444
308 321
19 218
79 269
459 490
170 387
211 388
244 336
271 439
285 337
35 162
21 264
68 110
73 454
147 403
260 280
246 382
347 434
380 382
58 331
70 156
149 449
130 207
171 208
223 398
264 399
283 449
322 377
0 326
126 465
165 393
146 151
198 341
225 444
51 291
32 49
68 460
101 408
123 167
109 269
150 270
241 388
274 336
301 439
26 234
12 336
86 285
34 95
375 388
144 455
177 403
278 455
80 470
28 280
102 229
162 280
179 449
253 398
201 208
294 399
5 296
313 449
65 347
118 173
197 466
178 224
255 444
389 444
172 409
153 167
232 460
6 117
39 65
56 234
4 44
83 337
116 285
248 404
308 455
60 353
41 111
151 471
132 229
192 280
384 450
16 54
21 398
134 275
208 224
227 466
260 414
359 393
37 342
111 291
185 240
171 342
245 291
262 460
336 409
377 410
14 358
0 460
74 409
437 461
160 183
113 337
146 285
187 286
247 337
352 353
338 455
49 352
90 353
263 281
48 127
34 229
53 471
414 450
125 347
226 399
331 415
28 414
102 363
129 466
201 342
5 430
27 189
13 291
25 116
66 117
104 409
118 307
178 358
7 476
81 425
29 235
103 184
444 477
194 302
254 353
18 76
23 420
83 471
97 369
105 230
157 420
210 246
196 348
229 296
270 297
330 348
22 195
8 297
41 245
60 487
421 466
132 363
159 466
233 415
272 343
35 430
76 431
57 189
136 482
134 409
249 359
282 307
309 410
20 307
37 476
73 133
185 374
474 477
212 477
224 302
14 492
55 493
36 251
325 354
108 127
187 420
247 471
11 194
52 195
38 297
112 246
126 144
164 436
186 195
277 313
263 415
15 313
106 431
87 189
166 482
240 431
205 410
64 205
17 359
50 307
91 308
182 426
163 184
215 374
242 477
481 493
85 493
118 441
140 200
167 303
200 251
217 420
258 421
291 369
318 472
43 267
29 369
332 370
115 143
120 487
18 210
67 72
105 364
210 380
196 482
330 482
22 329
3 87
135 206
121 308
173 498
195 257
272 477
79 82
84 426
189 442
170 200
249 493
230 251
323 442
288 421
362 370
73 267
21 77
191 488
224 436
265 437
325 488
339 386
36 385
77 386
58 144
399 437
89 211
75 313
149 262
209 313
341 432
374 380
52 329
0 139
33 87
38 431
112 380
186 329
165 206
244 499
225 257
401 483
10 103
15 447
51 104
376 426
68 273
202 273
293 391
279 493
26 47
12 149
31 391
86 98
413 493
177 216
130 370
204 319
295 437
66 385
88 144
167 437
179 262
280 314
10 453
406 453
371 432
82 329
142 380
216 329
274 499
255 257
307 447
348 448
7 155
40 103
45 447
67 206
119 396
408 499
158 324
232 273
292 324
383 442
424 443
61 391
135 340
121 442
195 391
484 494
360 458
19 165
60 166
46 268
93 114
98 458
63 437
137 386
151 284
436 453
35 109
21 211
40 453
95 160
136 161
155 211
174 453
213 381
246 329
287 330
347 381
378 448
89 345
37 155
75 447
116 448
149 396
176 499
438 499
52 463
0 273
74 222
93 464
148 171
113 150
266 392
390 458
431 459
68 407
49 165
90 166
169 459
150 217
241 335
301 386
34 42
144 402
125 160
278 402
47 469
28 227
102 176
88 278
143 177
181 469
179 396
294 346
280 448
354 397
118 120
104 222
197 413
257 464
255 391
296 392
329 340
7 289
34 392
122 239
158 458
180 217
273 408
372 387
9 335
83 284
97 182
157 233
248 351
308 402
349 403
151 418
132 176
173 177
211 469
252 470
285 418
250 397
324 346
35 243
76 244
384 397
153 464
134 222
287 464
20 120
326 392
37 289
111 238
138 341
243 357
303 408
363 459
0 407
36 64
41 408
96 115
127 182
113 284
206 475
247 284
338 402
16 351
439 454
38 110
150 351
315 418
15 126
20 470
106 244
92 346
166 295
240 244
226 346
317 464
358 465
391 413
69 362
143 311
91 121
129 413
160 480
182 239
294 480
335 481
27 136
333 408
44 305
85 306
118 254
145 357
219 306
393 459
236 475
370 475
411 476
43 80
120 300
194 249
180 351
6 198
312 470
345 418
18 23
9 469
45 126
50 470
83 418
97 316
105 177
124 419
196 295
248 485
289 486
22 142
388 465
99 362
173 311
159 413
233 362
324 480
272 290
2 429
24 188
62 480
84 239
98 137
115 306
136 429
309 357
1 204
39 496
340 424
18 373
4 475
73 80
59 182
100 183
138 475
152 373
243 491
224 249
400 475
251 352
55 440
77 199
110 147
416 419
127 316
75 126
113 418
154 419
168 317
302 317
319 486
30 383
16 485
57 486
38 244
112 193
131 435
453 486
203 311
230 414
263 362
304 363
54 188
128 137
133 481
207 430
205 357
31 204
17 306
69 496
430 475
130 183
256 322
316 373
448 492
80 96
33 250
107 199
140 147
167 250
186 492
219 440
184 419
318 419
10 266
43 214
423 435
483 486
161 435
235 384
221 486
334 363
45 260
86 261
105 311
210 327
163 481
22 276
8 378
61 204
140 497
121 255
195 204
214 446
286 322
272 424
346 373
24 322
98 271
84 373
115 440
63 250
189 389
249 440
290 441
288 368
40 266
21 24
100 317
114 215
191 435
265 384
325 435
89 158
116 261
149 209
281 328
341 379
52 276
0 86
38 378
93 277
401 430
170 497
68 220
54 322
128 271
169 272
155 374
202 220
246 492
320 441
72 339
53 97
58 441
70 266
295 384
355 435
33 384
107 333
179 209
373 452
5 56
10 400
371 379
49 328
82 276
123 277
183 328
197 226
257 277
274 446
334 497
7 102
12 446
23 46
9 148
88 441
102 339
135 287
162 390
327 457
60 113
46 215
65 457
63 384
137 333
151 231
211 282
238 385
2 108
21 158
100 451
114 349
153 277
39 175
378 395
405 498
438 446
176 446
415 462
14 118
0 220
19 462
55 119
74 169
93 411
456 463
206 288
357 457
30 62
68 354
90 113
95 457
150 164
169 406
241 282
282 283
72 473
70 400
144 349
92 159
171 452
185 350
410 468
47 416
69 175
148 468
146 395
247 447
280 395
32 293
385 411
49 462
85 119
104 169
145 170
183 462
197 360
236 288
7 236
34 339
122 186
139 355
273 355
6 11
364 473
23 180
9 282
102 473
157 180
215 350
289 299
275 401
349 350
27 299
60 247
440 468
118 417
151 365
178 468
159 226
200 227
252 417
250 344
2 242
76 191
62 293
351 396
227 360
213 462
268 361
328 412
326 339
56 478
4 288
138 288
229 406
303 355
330 458
55 253
41 355
127 129
113 231
154 232
266 473
305 401
57 299
38 57
117 350
131 248
222 366
342 468
15 73
92 293
133 294
166 242
207 243
284 463
69 309
17 119
96 412
110 310
182 186
261 479
11 304
85 253
71 355
219 253
236 422
184 232
296 473
34 473
101 197
139 489
221 299
23 314
413 469
50 417
105 124
215 484
163 294
237 243
349 484
22 89
8 191
66 361
99 309
140 310
200 361
214 259
291 479
365 428
2 376
24 135
29 479
84 186
103 428
115 253
175 304
216 305
249 253
268 495
6 495
307 423
340 371
18 320
4 422
40 79
78 371
100 130
105 474
152 320
193 321
191 248
243 438
344 490
22 439
41 489
55 387
94 315
168 264
443 469
319 433
379 484
420 485
117 484
244 259
230 361
395 428
54 135
59 479
133 428
147 326
155 187
207 377
432 495
31 151
17 253
36 495
397 474
70 79
149 372
223 321
209 423
283 372
374 490
11 438
47 95
52 439
85 387
107 146
112 490
167 197
299 316
10 213
390 434
101 331
49 141
87 433
109 192
161 382
450 485
64 449
12 259
86 208
177 326
163 428
311 326
297 428
402 444
61 151
66 495
88 254
121 202
200 495
214 393
179 372
313 372
65 270
404 490
82 439
115 387
156 388
290 388
288 315
18 454
114 162
100 264
141 265
480 485
191 382
265 331
306 332
366 383
56 157
94 449
116 208
135 450
168 398
176 259
267 377
19 275
0 33
368 429
170 444
244 393
285 394
343 372
35 219
21 321
54 269
68 167
147 460
155 321
169 219
260 337
320 388
347 491
72 286
58 388
70 213
130 264
171 265
204 213
223 455
262 383
322 434
47 229
33 331
107 280
148 281
165 450
146 208
239 399
247 260
10 347
109 326
183 275
274 393
315 394
7 49
12 393
34 152
177 460
125 270
199 219
259 270
350 388
28 337
9 95
88 388
102 286
162 337
327 404
5 353
27 112
65 404
25 39
104 332
118 230
137 280
151 178
269 399
329 450
2 55
7 399
67 450
81 348
172 466
213 275
254 276
306 466
405 445
37 49
42 393
83 394
116 342
157 343
190 291
231 292
248 461
281 409
382 461
19 409
55 66
41 168
60 410
93 358
206 235
266 286
35 353
16 111
57 112
95 404
117 163
155 455
169 353
134 332
208 281
260 471
39 472
72 420
70 347
111 348
92 106
171 399
245 348
336 466
14 415
69 122
110 123
113 394
187 343
261 292
247 394
321 343
51 482
412 461
11 117
16 461
49 409
90 410
123 358
150 461
164 359
48 184
34 286
122 133
87 112
125 404
166 405
199 353
226 456
331 472
364 420
69 472
50 230
124 179
143 421
201 399
5 487
316 349
27 246
13 348
118 364
178 415
219 416
252 364
291 292
2 189
29 292
103 241
122 483
442 461
194 359
180 461
254 410
268 308
328 359
419 477
18 133
4 235
78 184
97 426
105 287
157 477
231 426
55 200
3 10
41 302
94 128
99 472
132 420
173 421
233 472
305 348
35 487
76 488
346 349
131 195
117 297
134 466
208 415
309 467
20 364
106 138
59 292
185 431
224 359
298 308
284 410
36 308
110 257
96 359
127 426
108 184
149 185
187 477
209 236
261 426
335 375
300 354
11 251
85 200
126 201
164 493
203 421
277 370
263 472
15 370
101 144
106 488
188 298
221 246
312 364
413 416
12 72
50 364
182 483
256 432
316 483
27 380
118 498
140 257
179 185
217 477
291 426
365 375
392 478
29 426
65 83
103 375
82 252
115 200
156 201
235 494
268 442
276 303
307 370
18 267
4 369
45 370
119 319
105 421
193 268
210 437
191 195
344 437
22 386
3 144
8 488
42 72
121 365
135 263
168 211
195 314
286 432
360 381
346 483
420 432
19 88
24 432
189 499
323 499
271 309
1 448
362 427
73 324
54 82
59 426
100 427
174 376
207 324
224 493
265 494
246 252
298 442
36 442
72 99
77 443
110 391
397 421
75 370
149 319
223 268
209 370
283 319
300 488
374 437
415 438
52 386
33 144
38 488
74 145
112 437
186 386
198 211
51 161
376 483
49 88
54 432
87 380
202 330
353 499
301 309
31 448
12 206
177 273
130 427
163 375
204 376
218 274
237 324
278 325
295 494
369 443
80 340
33 494
107 443
140 391
167 494
181 392
179 319
253 268
280 371
5 166
65 217
13 27
82 386
63 144
104 145
183 438
257 387
381 453
7 212
40 160
67 263
81 161
119 453
141 212
172 279
193 402
61 448
42 206
135 397
195 448
308 325
368 376
60 223
46 325
93 171
459 494
137 443
211 392
271 443
35 166
73 458
114 459
287 387
347 438
72 233
20 43
89 402
37 212
70 160
149 453
190 454
264 403
262 330
322 381
363 382
74 279
148 228
165 397
239 346
225 448
266 449
51 295
49 222
90 223
123 171
164 172
301 443
375 392
144 459
218 408
278 459
317 387
28 284
102 233
88 335
129 336
143 234
179 453
201 212
294 403
27 59
13 161
32 403
44 228
118 177
197 470
269 346
255 448
296 449
329 397
370 398
81 295
29 105
67 397
141 346
172 413
180 274
273 465
6 121
83 341
248 408
349 460
8 167
41 115
46 459
173 234
285 475
233 285
324 403
21 402
57 59
76 301
134 279
361 470
20 177
326 449
359 397
37 346
111 295
59 105
138 398
152 296
171 346
185 244
212 347
262 464
303 465
377 414
437 465
36 121
96 172
127 239
187 290
247 341
379 460
38 167
71 115
112 116
150 408
164 306
203 234
106 301
92 403
139 249
166 352
240 301
391 470
64 75
69 419
91 178
129 470
143 368
182 296
201 346
27 193
407 414
44 362
85 363
66 121
118 311
145 414
310 481
318 342
43 137
48 481
103 188
409 460
444 481
120 357
180 408
221 409
6 255
386 476
45 183
124 476
157 424
210 250
196 352
270 301
297 404
22 199
8 301
25 470
99 419
173 368
121 178
233 419
462 471
398 486
2 486
76 435
98 194
84 296
136 486
189 312
175 414
249 363
309 414
1 261
340 481
18 430
37 480
73 137
59 239
133 188
152 430
174 189
474 481
265 307
251 409
325 358
55 497
36 255
416 476
127 373
75 183
113 475
168 374
187 424
302 374
300 301
30 440
52 199
38 301
90 491
126 148
203 368
428 486
469 487
106 435
54 245
87 193
128 194
166 486
188 245
207 487
205 414
12 19
17 363
108 481
182 430
163 188
242 481
80 153
66 255
107 256
181 205
167 307
219 497
198 374
184 476
258 425
10 323
43 271
392 425
101 441
161 492
307 317
334 420
45 317
67 76
193 215
158 194
196 486
237 487
311 436
22 333
61 261
135 210
286 379
313 482
387 431
19 35
98 328
46 138
84 430
115 497
137 256
170 204
249 497
362 374
174 323
191 492
265 441
339 390
325 492
366 493
3 441
75 317
149 266
176 369
281 385
267 487
14 41
38 435
79 436
401 487
51 108
68 277
128 328
202 277
155 431
279 497
394 447
26 51
31 395
53 154
58 498
144 272
369 390
355 492
47 339
28 97
33 441
88 148
107 390
129 149
167 441
146 318
179 266
181 339
220 267
5 113
280 318
32 216
371 436
82 333
156 282
109 436
183 385
197 283
257 334
348 452
7 159
81 108
67 210
86 452
141 159
199 329
232 277
259 380
273 278
350 498
424 447
61 395
135 344
121 446
162 447
234 323
46 272
63 441
151 288
211 339
285 288
271 390
250 267
40 457
21 215
62 216
76 114
136 165
153 334
213 385
287 334
39 232
378 452
56 401
116 452
190 401
264 350
262 277
0 277
74 226
93 468
132 396
113 154
165 344
192 447
239 293
266 396
431 463
30 119
16 221
68 411
90 170
169 463
282 340
342 391
70 457
144 406
92 216
218 355
245 458
317 334
47 473
129 283
160 350
335 351
321 453
354 401
13 108
118 124
71 278
123 468
145 227
197 417
257 468
236 345
296 396
7 293
48 294
29 52
34 396
122 243
120 170
199 463
221 222
6 68
23 237
9 339
97 186
234 457
275 458
289 356
60 304
8 114
25 283
99 232
118 474
151 422
173 181
252 474
2 299
76 248
62 350
136 299
84 109
351 453
153 468
134 226
328 469
1 74
37 293
78 294
152 243
138 345
212 294
243 361
229 463
303 412
363 463
55 310
36 68
41 412
127 186
206 479
187 237
30 253
379 407
57 356
38 114
117 407
222 423
356 423
15 130
106 248
54 58
166 299
207 300
240 248
205 227
298 418
358 469
31 74
110 367
96 469
143 315
160 484
108 294
182 243
335 485
11 361
393 463
66 68
219 310
217 237
310 428
411 480
43 84
29 186
122 377
87 356
161 305
235 254
221 356
312 474
64 372
50 474
124 423
105 181
446 474
196 299
237 300
289 490
297 351
22 146
8 248
27 490
61 74
99 366
121 125
140 367
200 418
365 485
2 433
76 382
24 192
98 141
103 485
115 310
175 361
249 310
1 208
381 429
18 377
40 136
73 84
78 428
100 187
138 479
152 377
191 305
193 378
243 495
55 444
3 254
168 321
228 372
302 321
319 490
267 300
52 146
38 248
244 316
230 418
68 90
73 434
106 382
128 141
155 244
188 192
205 361
279 310
17 310
58 311
91 259
471 480
70 136
182 377
256 326
209 480
283 429
314 496
11 495
126 445
107 203
186 496
167 254
198 321
258 372
10 270
87 490
123 147
109 249
161 439
183 198
221 490
274 316
334 367
26 214
163 485
237 434
311 383
80 450
61 208
135 157
88 311
121 259
253 378
286 326
24 326
46 85
478 496
115 444
63 254
216 496
238 255
329 373
40 270
389 424
141 322
174 270
191 439
251 490
292 491
306 389
3 388
39 45
56 214
42 316
89 162
168 455
281 332
267 434
341 383
382 384
401 434
244 450
192 260
285 451
343 429
16 34
54 326
246 496
320 445
72 343
53 101
359 373
245 271
262 440
295 388
322 491
47 286
28 44
74 389
107 337
148 338
396 440
160 163
146 265
239 456
373 456
10 404
32 163
49 332
123 281
71 91
109 383
197 230
348 399
7 106
86 399
34 209
139 225
172 173
199 276
23 50
9 152
83 101
162 394
60 117
65 461
25 96
63 388
104 389
137 337
238 389
252 287
269 456
403 456
7 456
81 405
141 456
153 281
213 332
39 179
345 451
4 158
37 106
78 107
190 348
231 349
281 466
229 276
19 466
55 123
60 467
93 415
456 467
206 292
357 461
398 462
30 66
16 168
35 410
90 117
95 461
169 410
282 287
72 477
433 456
37 456
70 404
111 405
69 179
148 472
96 282
220 348
261 349
32 297
11 174
49 466
71 225
85 123
90 467
145 174
164 416
296 343
337 344
48 241
34 343
428 462
87 169
199 410
240 411
273 359
364 477
23 184
102 477
50 287
143 478
215 354
201 456
289 303
8 61
13 405
44 472
440 472
99 179
140 180
252 421
200 231
217 400
250 348
291 349
43 247
29 349
76 195
115 123
120 467
153 415
254 467
328 416
1 21
326 343
18 190
56 482
78 241
105 344
231 483
243 308
229 410
270 411
41 359
435 478
206 426
154 236
346 406
57 303
38 61
117 354
131 252
208 472
282 421
230 231
323 422
73 247
106 195
147 196
207 247
224 416
284 467
36 365
110 314
96 416
418 467
127 483
182 190
11 308
85 257
33 67
38 411
71 359
112 360
126 258
203 478
184 236
236 426
277 427
337 478
10 83
15 427
411 427
139 493
87 303
161 252
188 355
279 473
353 422
26 27
91 422
124 370
177 196
163 298
215 488
289 437
297 298
27 437
388 416
88 124
200 365
214 263
291 483
332 484
365 432
43 381
29 483
65 140
103 432
406 433
156 258
189 206
216 309
276 360
6 499
307 427
18 324
4 426
40 83
45 427
100 134
105 478
119 376
193 325
210 494
251 303
344 494
22 443
3 201
77 150
383 422
94 319
42 129
75 77
121 422
154 370
195 371
443 473
286 489
420 489
19 145
24 489
79 196
93 94
98 438
395 432
73 381
59 483
95 140
147 330
174 433
207 381
31 155
36 499
58 258
72 156
89 325
397 478
130 134
209 427
223 325
415 495
47 99
33 201
107 150
126 392
148 151
186 443
184 370
239 269
299 320
390 438
101 335
87 437
128 438
109 196
202 387
450 489
301 366
26 161
12 263
86 212
177 330
125 140
204 433
278 382
28 207
66 499
88 258
181 449
179 376
313 376
5 223
65 274
13 84
404 494
82 443
63 201
104 202
137 150
142 494
156 392
216 443
257 444
255 371
290 392
81 218
67 320
141 269
172 336
158 438
306 336
366 387
56 161
42 263
116 212
135 454
234 433
267 381
19 279
60 280
46 382
79 330
93 228
132 156
170 448
192 207
211 449
285 398
21 325
95 274
169 223
475 495
260 341
246 443
320 392
361 393
347 495
72 290
20 100
89 459
37 269
70 217
111 218
171 269
264 460
74 336
146 212
187 213
239 403
373 403
51 352
49 279
90 280
123 228
150 331
164 229
241 449
315 398
26 295
12 397
48 54
53 398
139 172
218 465
226 326
350 392
391 393
9 99
50 100
129 393
143 291
294 460
27 116
13 218
104 336
269 403
370 455
2 59
7 403
43 60
62 110
67 454
81 352
103 111
141 403
153 228
172 470
254 280
345 398
56 295
9 449
83 398
97 296
157 347
405 449
446 450
382 465
173 291
233 342
324 460
398 409
35 357
21 459
57 116
62 460
76 358
117 167
136 409
458 460
309 337
39 476
359 454
400 455
59 162
138 455
171 403
377 471
14 419
36 178
110 127
96 229
113 398
187 347
261 296
321 347
352 414
30 363
11 121
90 414
164 363
150 465
453 466
203 291
263 342
15 240
48 188
106 358
92 460
139 306
240 358
226 460
465 476
143 425
124 183
430 455
201 403
27 250
407 471
44 419
104 470
291 296
318 399
43 194
103 245
442 465
142 173
180 465
254 414
6 312
23 481
97 430
45 240
119 189
270 358
330 409
22 256
8 358
94 132
99 476
154 183
233 476
272 404
76 492
57 250
131 199
134 470
222 317
249 420
323 369
309 471
1 318
73 194
59 296
133 245
152 487
174 246
224 363
298 312
284 414
325 415
36 312
110 261
58 71
96 363
89 138
75 240
127 430
149 189
187 481
209 240
228 482
302 431
300 358
11 255
52 256
401 410
112 307
203 425
277 374
10 30
15 374
101 148
54 302
106 492
240 492
188 302
205 471
279 420
293 318
353 369
31 318
91 369
182 487
256 436
204 246
295 364
107 313
179 189
217 481
5 36
10 380
29 430
43 328
65 87
82 256
156 205
235 498
392 482
307 374
348 375
334 477
367 425
45 374
119 323
67 133
105 425
193 272
158 251
270 492
22 390
61 318
42 76
121 369
135 267
286 436
360 385
24 436
98 385
79 143
137 313
170 261
211 262
271 313
1 452
35 36
21 138
59 430
100 431
114 329
422 482
463 483
246 256
339 447
399 498
3 498
72 103
89 272
75 374
149 323
190 324
176 426
281 442
341 493
52 390
0 200
38 492
74 149
79 493
126 339
165 267
90 93
109 143
155 488
188 436
202 334
293 452
26 108
70 380
144 329
295 498
369 447
47 396
28 154
33 498
88 205
107 447
129 206
181 396
429 498
220 324
253 272
280 375
5 170
65 221
123 391
104 149
109 493
257 391
255 318
7 216
81 165
141 216
447 488
158 385
232 334
259 437
23 160
9 262
56 108
83 211
135 401
157 160
308 329
368 380
60 227
63 498
137 447
151 345
159 206
238 499
271 447
76 171
62 273
114 463
153 391
227 340
213 442
347 442
39 289
452 458
56 458
37 216
89 406
138 268
264 407
363 386
0 334
74 283
165 401
266 453
30 176
16 278
90 227
150 278
241 396
315 345
342 448
15 53
106 171
144 463
166 222
226 273
317 391
69 289
418 443
160 407
294 407
354 458
27 63
32 407
333 335
71 335
145 284
178 232
197 474
219 233
236 402
296 453
370 402
48 351
29 109
34 453
122 300
139 469
120 227
172 417
6 125
9 396
45 53
97 243
124 346
157 294
231 243
248 412
196 222
22 69
8 171
27 413
46 463
99 289
250 458
324 407
76 305
57 63
62 407
84 166
425 459
134 283
175 284
1 131
39 423
326 453
340 351
37 350
78 351
111 299
138 402
212 351
243 418
251 279
14 366
41 469
96 176
127 243
113 345
154 346
228 295
30 310
11 68
16 412
52 69
57 413
90 361
112 120
117 464
203 238
263 289
15 187
395 408
414 458
106 305
92 407
166 356
205 284
432 475
64 79
17 233
110 424
182 300
333 469
407 418
11 418
85 367
66 125
71 469
145 418
167 177
467 469
184 346
217 294
258 295
43 141
48 485
87 413
161 362
221 413
386 480
64 429
45 187
119 136
210 254
196 356
237 357
297 408
22 203
8 305
25 474
61 131
173 372
121 182
200 475
272 351
2 490
43 491
76 439
98 198
175 418
249 367
1 265
18 434
114 142
193 435
325 362
94 429
168 378
228 429
176 239
300 305
52 203
126 152
79 306
203 372
230 475
15 321
73 491
54 249
128 198
207 491
188 249
279 367
320 368
380 419
12 23
17 367
91 316
182 434
130 244
223 435
256 383
295 311
355 362
33 311
181 209
167 311
258 429
332 378
318 480
373 379
423 496
101 445
82 203
123 204
109 306
142 254
161 496
235 445
7 29
12 373
67 80
177 440
158 198
311 440
350 368
61 265
135 214
121 316
162 317
286 383
327 384
24 383
46 142
63 311
137 260
151 158
189 450
1 399
288 429
21 85
100 378
174 327
191 496
265 445
213 255
306 446
339 394
39 102
56 271
42 373
116 322
190 271
176 373
281 389
267 491
14 45
0 147
19 389
74 96
93 338
401 491
165 214
343 486
417 435
16 91
21 435
95 384
155 435
169 333
260 451
394 451
72 400
53 158
70 327
144 276
130 378
171 379
204 327
245 328
336 446
396 497
28 101
33 445
69 102
74 446
107 394
148 395
160 220
181 343
51 462
32 220
44 45
123 338
109 440
183 389
257 338
348 456
26 405
7 163
48 164
34 266
81 112
172 230
23 107
28 451
61 399
162 451
234 327
275 328
13 328
426 497
25 153
99 102
104 446
178 395
252 344
2 169
40 461
62 220
81 462
136 169
227 287
213 389
254 390
287 338
39 236
378 456
419 457
111 112
138 215
231 406
229 333
14 179
93 472
132 400
113 158
192 451
206 349
305 328
30 123
35 467
90 174
169 467
134 446
222 293
282 344
342 395
20 344
106 118
92 220
111 462
166 169
245 462
17 46
143 185
449 457
108 164
146 456
220 405
335 355
321 457
32 354
385 472
11 231
44 179
71 282
85 180
123 472
145 231
164 473
236 349
29 56
34 400
461 467
139 416
120 174
273 416
23 241
9 343
50 344
64 242
97 190
372 395
275 462
27 360
25 287
118 478
140 237
173 185
200 288
217 457
291 406
29 406
62 354
103 355
115 180
194 473
175 231
268 422
276 283
1 78
6 422
326 400
152 247
193 248
243 365
303 416
344 417
55 314
3 124
168 191
154 293
319 360
305 462
38 118
79 119
117 411
131 309
170 237
230 288
323 479
356 427
15 134
20 478
106 252
54 62
207 304
205 231
298 422
31 78
17 180
91 129
397 401
108 298
182 247
223 248
242 298
283 299
333 416
85 314
33 124
126 315
186 366
434 468
236 483
184 293
277 484
15 484
48 432
101 258
87 360
235 258
188 412
353 479
427 428
64 376
12 186
45 134
163 355
237 304
297 355
25 421
61 78
66 422
80 320
121 129
140 371
214 320
365 489
406 490
43 438
24 196
65 197
103 489
404 417
115 314
156 315
189 263
216 366
290 315
464 468
1 212
307 484
381 433
18 381
4 483
40 140
45 484
78 432
100 191
191 309
251 360
292 361
77 207
416 427
94 376
42 186
121 479
154 427
176 186
195 428
267 304
360 495
19 202
57 494
79 253
93 151
131 443
244 320
230 422
304 371
68 94
95 197
128 145
133 489
155 248
174 490
207 438
246 366
31 212
58 315
471 484
70 140
108 432
130 191
209 484
283 433
11 499
47 156
33 258
322 361
148 208
198 325
184 427
239 326
10 274
51 275
390 495
49 202
87 494
109 253
161 443
183 202
202 444
334 371
26 218
12 320
34 79
466 490
163 489
204 490
278 439
80 454
28 264
9 22
61 212
88 315
102 213
327 331
313 433
5 280
354 434
65 331
46 89
63 258
137 207
238 259
269 326
255 428
329 377
40 274
81 275
114 223
389 428
172 393
292 495
366 444
39 49
56 218
42 320
116 269
190 218
281 336
234 490
368 490
46 439
79 387
132 213
192 264
285 455
35 280
16 38
21 382
95 331
155 382
169 280
260 398
320 449
361 450
359 377
70 274
185 224
262 444
14 342
0 444
74 393
148 342
96 152
396 444
160 167
247 321
373 460
338 439
11 44
49 336
71 95
123 285
150 388
315 455
26 352
12 454
48 111
34 213
53 455
414 434
125 331
226 383
350 449
23 54
50 157
88 449
162 398
215 224
201 326
5 414
27 173
65 465
44 342
118 291
104 393
178 342
252 291
426 444
217 270
2 116
81 409
29 219
62 167
103 168
444 461
120 337
153 285
227 234
254 337
6 235
18 60
42 454
56 352
78 111
83 455
157 404
231 353
270 281
330 332
55 127
60 471
456 471
132 347
206 296
159 450
192 398
398 466
30 70
35 414
57 173
95 465
37 460
185 358
133 168
171 460
212 461
14 476
96 286
160 301
108 111
113 455
187 404
247 455
261 353
321 404
11 178
85 127
71 229
90 471
112 230
145 178
203 348
236 296
337 348
15 297
87 173
125 465
240 415
64 189
50 291
143 482
215 358
163 168
201 460
242 461
316 410
27 307
13 409
44 476
25 234
80 133
178 476
219 477
217 404
291 353
351 404
43 251
29 353
115 127
120 471
142 230
175 178
194 420
268 369
1 25
18 194
97 487
45 297
78 245
105 348
231 487
196 466
270 415
330 466
8 415
435 482
94 189
173 482
195 241
272 461
346 410
57 307
98 308
84 410
222 374
230 235
73 251
207 251
224 420
284 471
325 472
399 421
36 369
110 318
58 128
127 487
108 245
261 487
209 297
302 488
52 313
33 71
38 415
186 313
203 482
184 240
337 482
51 88
101 205
87 307
161 256
202 257
279 477
353 426
413 477
12 133
17 477
91 426
163 302
237 251
256 493
355 472
80 267
66 369
28 77
88 128
140 318
167 421
181 319
179 246
214 267
5 93
29 487
82 313
63 71
216 313
276 364
307 431
367 482
408 483
45 431
119 380
67 190
193 329
172 206
158 308
210 498
232 257
22 447
383 426
61 375
42 133
121 426
135 324
286 493
234 303
360 442
19 149
24 493
46 252
79 200
93 98
170 318
244 267
271 370
362 488
35 93
59 487
95 144
174 437
155 195
246 313
287 314
72 160
58 262
397 482
89 329
75 431
176 483
264 330
415 499
14 155
0 257
52 447
74 206
112 498
126 396
148 155
165 324
299 324
51 222
54 493
491 494
188 493
301 370
26 165
12 267
53 268
144 386
125 144
177 334
204 437
218 335
278 386
47 453
28 211
80 401
88 262
102 160
129 263
162 211
468 483
220 381
294 330
280 432
354 381
65 278
13 88
385 448
44 155
82 447
104 206
123 448
142 498
445 499
269 273
255 375
7 273
81 222
29 32
180 201
259 494
306 340
97 166
157 217
248 335
41 42
211 453
192 211
324 330
21 329
95 278
136 279
475 499
134 206
227 397
260 345
361 397
39 346
171 273
264 464
262 391
14 289
0 391
36 48
74 340
96 99
148 289
165 458
113 268
187 217
363 443
247 268
338 386
90 284
150 335
315 402
356 403
375 453
15 110
48 58
53 402
218 469
166 279
50 104
129 397
143 295
160 464
201 273
242 274
27 120
32 464
44 289
393 443
104 340
145 341
178 289
219 290
236 459
269 407
310 408
370 459
7 407
48 408
29 166
81 356
103 115
172 474
120 284
194 233
254 284
6 182
386 403
23 351
97 300
83 402
248 469
196 279
22 126
60 418
25 397
99 346
173 295
159 397
233 346
324 464
398 413
2 413
76 362
62 464
98 121
84 223
175 341
208 289
249 290
309 341
20 238
340 408
400 459
78 408
59 166
111 356
152 357
55 424
36 182
110 131
75 110
113 402
187 351
30 367
11 125
16 469
52 126
90 418
112 177
164 367
263 346
106 362
87 120
92 464
226 464
205 341
279 290
64 136
17 290
69 480
91 239
143 429
108 408
316 357
407 475
44 423
85 424
66 182
145 475
217 351
258 352
291 300
318 403
120 418
194 367
334 347
97 434
45 244
210 311
196 413
297 465
3 18
8 362
61 188
94 136
99 480
121 239
286 306
98 255
84 357
115 424
189 373
175 475
290 425
309 475
18 491
73 198
59 300
100 301
114 199
152 491
191 419
265 368
251 470
325 419
58 75
89 142
75 244
168 435
176 296
267 414
300 362
52 260
0 70
38 362
79 363
126 209
401 414
203 429
244 430
277 378
15 378
68 204
54 306
106 496
202 204
188 306
293 322
279 424
320 425
31 322
380 476
53 81
91 373
182 491
130 301
204 250
223 492
256 440
295 368
80 214
33 368
107 317
181 266
167 368
198 435
258 486
332 435
373 436
5 40
10 384
65 91
82 260
109 363
197 210
274 430
348 379
334 481
408 430
7 86
12 430
86 379
177 497
158 255
210 445
311 497
259 307
350 425
9 132
121 373
135 271
195 322
253 492
286 440
387 492
19 96
24 440
46 199
60 97
65 441
63 368
137 317
211 266
271 317
1 456
288 486
403 436
35 40
21 142
114 333
463 487
213 312
77 451
378 379
37 86
42 430
75 378
190 328
281 446
341 497
415 446
14 102
0 204
74 153
93 395
192 374
225 322
51 169
30 46
54 440
68 338
90 97
95 441
155 492
169 390
417 492
241 266
72 457
53 215
92 143
204 384
47 400
28 158
69 159
107 451
129 210
148 452
160 277
280 379
32 277
13 35
371 497
49 446
123 395
109 497
385 395
445 446
255 322
26 462
7 220
48 221
34 323
81 169
172 287
125 441
158 389
199 390
273 339
364 457
61 456
9 266
157 164
248 282
234 384
275 385
308 333
8 41
13 385
46 333
25 210
137 451
151 349
178 452
211 400
440 452
250 328
2 226
76 175
62 277
114 467
136 226
153 395
134 153
213 446
39 293
37 220
152 170
138 272
264 411
303 339
14 236
0 338
41 339
55 237
363 390
132 457
113 215
206 406
266 457
305 385
90 231
38 41
164 180
241 400
342 452
20 401
53 349
106 175
92 277
144 467
166 226
226 277
317 395
69 293
143 242
129 344
418 447
160 411
220 462
261 463
294 411
333 339
11 288
44 236
197 478
145 288
296 457
370 406
48 355
29 113
122 304
139 473
120 231
221 283
23 298
64 299
45 57
372 452
215 468
196 226
289 417
99 293
173 242
159 344
214 243
291 463
76 309
24 119
103 412
84 170
425 463
115 237
175 288
268 479
276 340
1 135
6 479
326 457
18 304
4 406
78 355
59 113
138 406
152 304
212 355
340 355
400 406
303 473
377 422
55 371
36 129
41 473
77 130
228 299
30 314
379 468
52 73
57 417
112 124
420 469
222 484
356 484
15 191
395 412
455 463
59 463
133 412
147 310
207 361
205 288
31 135
17 237
91 186
110 428
108 355
209 407
333 473
47 79
33 181
66 129
71 473
85 371
112 474
186 423
184 350
258 299
10 197
48 489
409 468
101 315
87 417
161 366
109 176
221 417
235 315
450 469
427 485
64 433
124 484
210 258
237 361
297 412
66 479
121 186
162 187
272 355
43 495
65 254
84 304
404 474
115 371
63 181
142 474
189 320
216 423
290 372
288 299
18 438
381 490
40 197
119 490
193 439
174 197
191 366
265 315
251 417
292 418
366 367
3 315
77 264
457 485
94 433
42 243
116 192
195 485
176 243
228 433
267 361
19 259
0 17
79 310
170 428
244 377
230 479
304 428
343 356
147 444
128 202
155 305
260 321
246 423
320 372
380 423
17 371
58 372
144 146
149 490
223 439
322 418
47 213
33 315
355 366
181 213
167 315
146 192
184 484
258 433
373 383
10 331
51 332
32 90
101 449
109 310
183 259
274 377
12 377
86 326
34 136
177 444
158 202
237 495
278 496
311 444
350 372
28 321
9 79
88 372
102 270
162 321
179 490
327 388
313 490
46 146
211 213
238 316
269 383
329 434
2 39
40 331
62 90
81 332
141 383
153 208
213 259
306 450
39 106
56 275
42 377
116 326
405 429
176 377
231 276
281 393
267 495
308 496
14 49
0 151
41 152
46 496
192 321
266 270
35 337
16 95
95 388
169 337
117 147
155 439
384 491
208 265
394 455
72 404
20 214
53 162
359 434
144 280
171 383
336 450
14 399
74 450
148 399
160 224
220 275
261 276
321 327
352 394
338 496
371 444
44 49
49 393
109 444
123 342
164 343
412 445
472 496
414 491
139 286
125 388
273 286
226 440
364 404
424 455
23 111
9 213
28 455
102 404
124 163
162 455
201 383
275 332
27 230
118 348
99 106
178 399
252 348
238 450
250 275
76 122
62 224
81 466
442 445
153 342
194 343
254 394
328 343
6 292
419 461
18 117
56 409
78 168
97 410
157 461
229 337
55 184
132 404
154 163
233 456
16 229
57 230
117 281
134 450
222 297
282 348
106 122
92 224
133 225
185 415
245 466
224 343
284 394
17 50
96 343
449 461
127 410
108 168
160 358
261 410
209 220
321 461
335 359
30 477
11 235
85 184
164 477
112 287
277 354
337 405
15 354
48 302
101 128
87 230
139 420
161 179
221 230
312 348
64 246
50 348
124 297
289 364
275 466
316 467
27 364
13 466
118 482
66 292
99 240
200 292
217 461
291 410
2 307
43 308
29 410
84 117
115 184
194 477
142 287
175 235
216 236
268 426
6 426
276 287
328 477
119 303
105 405
22 370
55 318
94 246
195 298
228 246
319 364
305 466
346 467
19 72
131 313
117 415
222 431
170 241
230 292
323 483
1 432
20 482
422 462
59 410
133 359
207 308
224 477
298 426
358 477
31 82
17 184
58 185
72 83
96 477
108 302
149 303
283 303
314 370
300 472
374 421
11 369
434 472
33 128
38 472
112 421
126 319
184 297
225 298
277 488
411 488
15 488
378 389
376 467
101 262
49 72
87 364
161 313
26 88
12 190
31 432
50 482
64 380
86 139
163 359
237 308
278 309
80 324
66 426
88 185
167 478
181 376
214 324
179 303
406 494
43 442
464 472
216 370
290 319
276 421
307 488
441 488
40 144
482 489
141 196
158 365
191 313
232 314
292 365
3 262
383 483
56 88
61 432
94 380
121 483
135 381
176 190
267 308
360 499
98 499
79 257
459 478
170 375
271 427
68 98
21 252
73 442
95 201
114 443
147 391
174 494
260 268
72 217
20 27
58 319
89 386
70 144
75 488
130 195
171 196
209 488
471 488
322 365
14 212
0 314
33 262
47 160
74 263
148 212
165 381
239 330
225 432
299 381
51 279
32 37
68 448
49 206
109 257
150 258
202 448
241 376
315 325
301 427
26 222
375 376
53 325
34 83
86 273
125 201
218 392
226 253
80 458
253 386
294 387
354 438
27 43
13 145
65 335
118 161
156 453
178 212
197 454
238 263
269 330
255 432
7 330
389 432
141 330
153 155
232 448
180 258
292 499
306 397
39 53
56 222
9 376
83 325
97 223
116 273
248 392
19 340
368 494
46 443
132 217
159 320
192 268
285 459
384 438
16 42
62 387
95 335
169 284
260 402
208 212
361 454
39 403
359 381
37 330
111 279
171 330
245 279
262 448
336 397
322 499
14 346
0 448
377 398
96 156
127 223
113 325
187 274
247 325
51 413
338 443
11 48
16 392
71 99
263 269
48 115
34 217
53 459
414 438
139 233
166 336
240 285
226 387
331 403
391 454
102 351
143 352
215 228
201 330
242 331
5 418
275 279
27 177
13 279
44 346
66 105
104 397
145 398
178 346
219 347
217 274
310 465
2 120
48 465
29 223
81 413
122 414
444 465
120 341
194 290
6 239
345 459
83 459
105 218
210 234
330 336
22 183
55 131
421 454
25 454
173 352
159 454
233 403
2 470
35 418
76 419
117 228
175 398
249 347
309 398
20 295
78 465
59 223
133 172
152 414
212 465
224 290
284 341
325 342
36 239
127 357
108 115
113 459
187 408
302 358
90 475
38 285
164 424
337 352
15 301
428 470
469 471
87 177
166 470
188 229
64 193
50 295
91 296
143 486
242 465
80 137
66 239
140 188
181 189
167 291
200 239
217 408
258 409
291 357
318 460
392 409
29 357
103 306
82 183
120 475
142 234
161 476
235 425
6 373
18 198
97 491
119 250
105 352
210 368
158 178
196 470
270 419
22 317
8 419
435 486
61 245
135 194
121 296
173 486
195 245
214 487
272 465
346 414
98 312
84 414
189 430
170 188
249 481
230 239
73 255
21 65
59 357
100 358
147 204
339 374
325 476
3 425
36 373
75 301
149 250
168 492
176 353
302 492
314 317
300 419
341 420
33 75
38 419
74 76
112 368
126 266
165 194
186 317
203 486
51 92
101 209
293 379
279 481
353 430
26 35
17 481
177 204
130 358
204 307
369 374
355 476
80 271
28 81
66 373
88 132
107 374
167 425
198 492
179 250
280 302
5 97
406 441
65 148
82 317
156 266
109 420
142 368
307 435
348 436
408 487
7 143
45 435
67 194
81 92
119 384
172 210
158 312
232 261
259 364
22 451
61 379
135 328
121 430
162 431
195 379
286 497
234 307
19 153
24 497
46 256
98 446
137 374
211 323
271 374
362 492
436 441
40 441
100 492
227 267
287 318
347 369
39 216
72 164
89 333
42 487
75 435
116 436
176 487
190 385
0 261
74 210
93 452
148 159
165 328
113 138
225 379
239 277
266 380
51 226
357 498
390 446
54 497
95 498
128 446
150 205
202 395
491 498
241 323
433 493
70 441
144 390
130 492
218 339
278 390
317 318
47 457
28 215
102 164
129 267
468 487
146 436
220 385
294 334
5 231
32 334
82 451
123 452
104 210
197 401
257 452
296 380
7 277
81 226
29 36
172 344
125 498
158 446
180 205
259 498
273 396
23 221
9 323
372 375
157 221
248 339
234 441
275 442
308 390
349 391
60 288
8 98
46 390
99 216
159 267
252 458
250 385
324 334
2 283
76 232
136 283
84 93
153 452
227 401
328 453
361 401
20 108
111 226
152 227
264 468
212 278
229 447
303 396
14 293
55 294
96 103
206 463
247 272
379 391
16 339
90 288
117 391
241 457
20 458
92 334
331 350
391 401
69 350
17 160
50 108
91 109
129 401
143 299
160 468
242 278
335 469
44 293
393 447
219 294
236 463
217 221
310 412
411 464
29 170
103 119
180 339
221 340
235 238
6 186
23 355
446 458
83 406
124 407
105 165
297 335
22 130
8 232
388 453
25 401
99 350
173 299
159 401
214 300
233 350
324 468
272 278
2 417
76 366
24 176
103 469
84 227
136 417
115 294
365 469
175 345
249 294
276 397
1 192
39 484
340 412
400 463
441 464
59 170
138 463
152 361
212 412
243 479
251 340
377 479
77 187
94 356
168 305
154 407
228 356
302 305
16 473
38 232
230 402
304 351
15 248
395 469
68 74
54 176
106 366
147 367
166 417
279 294
31 192
17 294
69 484
430 463
182 361
209 464
316 361
80 84
33 238
66 186
85 428
107 187
219 428
198 305
184 407
258 356
122 495
87 474
161 423
142 181
221 474
274 300
64 490
119 197
177 367
163 469
210 315
237 418
297 469
402 485
80 434
135 141
121 243
214 434
286 310
24 310
84 361
478 480
115 428
63 238
137 187
216 480
290 429
40 254
114 203
100 305
152 495
174 254
193 496
292 475
366 424
77 321
58 79
89 146
75 248
116 249
149 197
176 300
190 198
228 490
267 418
341 367
52 264
0 74
170 485
244 434
304 485
343 413
68 208
16 18
54 310
202 208
155 362
205 479
246 480
260 378
293 326
320 429
17 428
53 85
58 429
70 254
144 203
223 496
204 254
295 372
355 423
33 372
107 321
181 270
167 372
258 490
10 388
32 147
82 264
109 367
183 316
197 214
257 265
274 434
348 383
375 486
12 434
67 141
199 260
350 429
23 34
61 326
83 85
135 275
162 378
253 496
327 445
387 496
65 445
63 372
137 321
151 219
211 270
238 373
252 271
329 491
403 440
2 96
35 44
40 388
141 440
463 491
213 316
39 163
378 383
56 332
42 434
116 383
190 332
138 142
176 434
264 281
405 486
229 260
14 106
0 208
19 450
41 209
55 107
93 399
165 275
206 276
192 378
357 445
30 50
35 394
68 342
90 101
117 204
241 270
72 461
20 271
53 219
433 440
70 388
111 389
92 147
144 337
185 338
218 286
47 404
69 163
148 456
129 214
160 281
146 383
247 435
32 281
123 399
71 209
145 158
164 400
197 348
236 276
296 327
26 466
48 225
34 327
122 174
447 496
139 343
125 445
199 394
273 343
226 497
9 270
83 219
124 220
215 338
201 440
248 286
27 287
8 45
440 456
44 456
118 405
99 163
151 353
252 405
200 215
250 332
76 179
62 281
136 230
194 400
213 450
227 348
268 349
328 400
1 5
39 297
18 174
97 467
152 174
231 467
243 292
229 394
303 343
330 446
363 394
132 461
305 389
30 184
38 45
117 338
342 456
20 405
106 179
185 472
166 230
207 231
284 451
358 400
127 467
108 225
160 415
335 416
11 292
71 343
145 292
186 293
219 241
236 410
184 220
277 411
310 359
10 67
34 461
48 359
122 308
101 185
87 287
161 236
221 287
312 405
372 456
124 354
215 472
163 282
196 230
22 77
8 179
66 349
140 298
365 416
2 364
425 467
24 123
103 416
115 241
189 190
175 292
216 293
268 483
276 344
1 139
307 411
340 359
18 308
4 410
40 67
119 360
152 308
193 309
210 478
191 236
243 426
251 287
344 478
55 375
3 185
77 134
94 303
168 252
154 354
319 421
360 422
19 129
52 77
57 421
79 180
131 370
170 298
244 247
73 365
54 123
59 467
133 416
147 314
207 365
455 467
205 292
246 293
298 483
31 139
36 483
72 140
149 360
223 309
209 411
314 427
47 83
33 185
52 427
85 375
107 134
126 376
167 185
184 354
198 252
10 201
101 319
49 129
87 421
202 371
450 473
293 489
177 314
163 416
237 365
297 416
402 432
61 139
66 483
88 242
162 191
200 483
179 360
253 309
5 207
65 258
404 478
115 375
63 185
142 478
156 376
290 376
288 303
18 442
381 494
119 494
100 252
141 253
158 422
232 371
306 320
366 371
3 319
457 489
42 247
135 438
168 386
267 365
308 366
19 263
79 314
132 140
170 432
211 433
230 483
244 381
73 499
147 448
95 258
246 427
347 479
72 274
20 84
58 376
89 443
70 201
144 150
130 252
149 494
171 253
283 494
262 371
295 319
0 371
33 319
148 269
487 489
165 438
239 387
247 248
373 387
338 366
183 263
241 433
274 381
26 279
7 37
12 381
53 382
86 330
375 433
177 448
125 258
199 207
350 376
28 325
50 84
179 494
201 253
313 494
5 341
13 202
25 27
104 320
151 166
238 320
255 489
329 438
7 387
81 336
62 94
67 438
141 387
172 454
389 489
213 263
254 264
6 162
405 433
4 89
42 381
83 382
116 330
231 280
382 449
60 398
41 156
132 274
206 223
233 326
266 274
324 444
35 341
16 99
21 443
57 100
136 393
169 341
384 495
208 269
20 218
359 438
37 387
111 336
185 285
171 387
245 336
377 455
69 110
74 454
96 213
110 111
148 403
160 228
187 331
51 470
352 398
412 449
11 105
16 449
164 347
48 172
34 274
414 495
87 100
166 393
199 341
226 444
64 116
50 218
69 460
124 167
143 409
215 285
201 387
5 475
316 337
44 403
66 162
104 454
178 403
219 404
2 177
81 470
122 471
103 229
120 398
194 347
180 449
254 398
6 296
18 121
78 172
157 465
105 275
210 291
196 393
229 341
270 342
330 393
22 240
8 342
41 290
94 116
132 408
233 460
305 336
35 475
76 476
57 234
208 403
249 404
282 352
309 455
323 353
20 352
73 178
59 280
185 419
224 347
284 398
325 399
36 296
96 347
449 465
149 173
187 465
209 224
302 415
300 342
30 481
52 240
85 188
164 481
203 409
277 358
263 460
10 14
101 132
188 286
205 455
293 302
312 352
17 404
50 352
182 471
215 419
316 471
355 399
118 486
66 296
217 465
258 466
332 415
43 312
24 70
29 414
65 71
103 363
82 240
194 481
142 291
268 430
392 466
307 358
408 410
45 358
119 307
193 256
210 425
270 476
311 477
344 425
22 374
3 132
77 81
94 250
42 60
135 251
168 199
195 302
286 420
360 369
346 471
19 76
79 127
170 245
230 296
271 297
1 436
323 487
288 466
73 312
21 122
54 70
59 414
100 415
133 363
147 261
224 481
265 482
339 431
3 482
72 87
77 431
397 409
89 256
75 358
209 358
283 307
314 374
341 477
374 425
52 374
0 184
33 132
38 476
74 133
126 323
186 374
198 199
225 302
15 492
51 149
376 471
68 318
49 76
101 266
109 127
188 420
293 436
394 488
31 436
427 436
86 143
91 487
177 261
130 415
163 363
295 482
80 328
33 482
66 430
181 380
167 482
253 256
280 359
5 154
406 498
65 205
13 15
371 477
404 425
63 132
104 133
156 323
257 375
307 492
7 200
40 148
45 492
86 493
141 200
482 493
232 318
292 369
56 92
42 194
121 487
135 385
234 364
19 210
93 159
46 313
459 482
63 482
211 380
285 329
436 498
35 154
40 498
95 205
136 206
155 256
174 498
477 499
213 426
287 375
347 426
72 221
20 31
58 323
37 200
75 492
111 149
171 200
190 442
264 391
262 318
363 370
74 267
113 195
225 436
239 334
68 452
16 262
49 210
90 211
150 262
202 452
315 329
375 380
34 87
466 498
70 498
144 447
125 205
166 206
317 375
129 324
146 493
179 441
220 442
280 493
294 391
32 391
13 149
44 216
118 165
104 267
178 216
197 458
255 436
310 335
329 385
7 334
81 283
67 385
370 386
172 401
232 452
180 262
273 453
23 278
4 36
9 380
83 329
97 227
248 396
234 498
349 448
382 396
41 103
46 447
151 463
132 221
285 463
250 442
324 391
2 340
384 442
425 443
134 267
208 216
227 458
39 407
326 437
37 334
111 283
59 93
138 386
152 284
303 453
377 402
14 350
437 453
41 453
96 160
127 227
113 329
187 278
247 329
305 499
30 294
11 52
16 396
38 155
117 448
150 396
164 294
338 447
203 222
315 463
263 273
356 464
15 171
53 463
414 442
106 289
240 289
331 407
391 458
432 459
129 458
215 232
448 498
27 181
333 453
85 351
66 109
118 299
145 402
217 278
310 469
318 330
43 125
29 227
122 418
409 448
444 469
180 396
221 397
345 463
97 361
45 171
83 463
105 222
124 464
210 238
297 392
22 187
8 289
330 340
25 458
173 356
121 166
159 458
200 459
233 407
398 474
2 474
76 423
57 181
136 474
84 284
175 402
249 351
18 418
73 125
59 227
78 469
100 228
133 176
152 418
224 294
251 397
55 485
3 295
36 243
127 361
75 171
113 463
154 464
228 413
302 362
30 428
52 187
126 136
112 238
203 356
277 305
263 407
128 182
207 475
188 233
205 402
279 351
31 249
91 300
108 469
182 418
130 228
163 176
242 469
283 470
80 141
33 295
107 244
181 193
167 295
219 485
198 362
184 464
258 413
318 464
392 413
423 480
101 429
161 480
142 238
235 429
334 408
7 13
45 305
105 356
119 254
210 372
196 474
311 424
22 321
61 249
121 300
195 249
286 367
346 418
387 419
98 316
46 126
84 418
115 485
63 295
137 244
189 434
290 486
1 383
288 413
40 311
21 69
114 260
191 480
265 429
213 239
325 480
399 429
3 429
77 378
58 136
89 203
75 305
149 254
168 496
302 496
281 373
267 475
314 321
341 424
14 29
38 423
74 80
401 475
165 198
244 491
225 249
51 96
376 418
68 265
54 367
128 316
202 265
155 419
417 419
293 383
279 485
320 486
17 485
53 142
72 384
70 311
144 260
130 362
369 378
355 480
28 85
88 136
167 429
181 327
198 496
146 306
332 496
280 306
10 445
373 497
32 204
371 424
49 373
123 322
109 424
183 373
197 271
257 322
472 476
348 440
408 491
7 147
12 491
67 198
81 96
86 440
141 147
158 316
172 214
199 317
350 486
23 91
61 383
102 384
135 332
5 451
60 158
46 260
426 481
63 429
151 276
211 327
252 328
250 255
362 496
35 101
40 445
62 204
76 102
100 496
114 394
136 153
227 271
213 373
347 373
39 220
56 389
37 147
116 440
190 389
176 491
264 338
438 491
479 492
229 317
262 265
0 265
41 266
55 164
93 456
132 384
206 333
266 384
30 107
68 399
90 158
169 451
117 261
241 327
282 328
53 276
433 497
70 445
218 343
171 497
317 322
129 271
146 440
294 338
247 492
280 440
321 441
335 339
385 456
44 163
71 266
197 405
296 384
7 281
48 282
29 40
34 384
122 231
199 451
273 400
23 225
97 174
50 328
83 276
157 225
372 379
248 343
201 497
289 344
349 395
27 344
25 271
99 220
151 410
252 462
250 389
2 287
351 441
24 46
62 338
84 97
227 405
175 215
268 406
1 62
326 384
18 231
4 333
37 281
78 282
138 333
152 231
55 298
41 400
127 174
113 276
154 277
168 175
206 467
319 344
30 241
16 343
90 292
38 102
117 395
131 293
439 446
282 462
230 272
356 411
15 118
20 462
106 236
133 339
166 287
207 288
298 406
331 354
358 457
31 62
17 164
96 457
110 355
182 231
242 282
335 473
434 452
71 400
186 350
219 298
236 467
310 416
48 416
122 365
161 293
235 242
221 344
312 462
386 411
23 359
64 360
50 462
124 411
163 339
237 288
289 478
297 339
8 236
388 457
25 405
61 62
99 354
214 304
365 473
2 421
43 422
76 370
98 129
84 231
103 473
115 298
189 247
216 350
249 298
1 196
307 468
340 416
4 467
40 124
78 416
119 417
152 365
193 366
243 483
191 293
441 468
22 484
3 242
55 432
94 360
75 118
154 411
168 309
302 309
267 288
360 479
52 134
57 478
93 135
131 427
244 304
230 406
304 355
68 78
147 371
128 129
133 473
205 349
246 350
279 298
17 298
58 299
110 489
108 416
182 365
130 175
209 468
223 366
314 484
11 483
448 484
33 242
126 433
186 484
167 242
198 309
258 360
299 361
10 258
49 186
123 135
109 237
161 427
274 304
334 355
26 202
64 494
86 253
177 371
163 473
237 422
402 489
80 438
61 196
135 145
88 299
121 247
179 417
313 417
24 314
478 484
82 484
115 432
137 191
156 433
216 484
238 243
290 433
141 310
174 258
191 427
232 428
265 376
292 479
366 428
77 325
56 202
94 494
135 495
168 443
190 202
267 422
341 371
19 320
93 269
41 79
79 371
132 197
170 489
192 248
244 438
285 439
343 417
68 212
16 22
21 366
54 314
95 315
169 264
260 382
320 433
72 331
53 89
58 433
359 361
70 258
144 207
130 309
245 259
262 428
322 479
396 428
33 376
148 326
165 495
146 253
198 443
239 444
247 305
299 495
51 393
32 151
373 444
49 320
123 269
71 79
109 371
150 372
183 320
315 439
375 490
7 94
12 438
34 197
48 95
86 387
139 213
28 382
9 140
83 89
88 433
451 485
201 310
5 398
27 157
60 105
65 449
151 223
104 377
178 326
252 275
269 444
329 495
403 444
2 100
7 444
40 392
81 393
463 495
180 372
39 167
378 387
56 336
4 146
78 95
83 439
157 388
231 337
405 490
281 454
229 264
19 454
60 455
132 331
206 280
192 382
233 383
266 331
357 449
398 450
30 54
16 156
35 398
57 157
90 105
136 450
169 398
134 377
208 326
222 224
72 465
37 444
111 393
185 342
410 460
14 460
96 270
160 285
247 439
321 388
49 454
85 111
71 213
145 162
164 404
263 383
26 470
296 331
48 229
122 178
428 450
139 347
125 449
166 450
199 398
240 399
23 172
50 275
124 224
215 342
201 444
275 393
289 291
8 49
13 393
44 460
25 218
118 409
140 168
252 409
200 219
440 460
291 337
2 234
43 235
29 337
76 183
103 286
120 455
194 404
254 455
328 404
1 9
326 331
18 178
97 471
78 229
152 178
105 332
231 471
196 450
229 398
344 348
330 450
55 245
3 55
41 347
435 466
94 173
173 466
305 393
346 394
38 49
117 342
222 358
208 460
249 461
282 409
323 410
20 409
73 235
59 337
147 184
207 235
224 404
298 353
358 404
17 111
58 112
96 404
110 302
127 471
261 471
209 281
302 472
335 420
11 296
85 245
71 347
186 297
203 466
184 224
337 466
10 71
15 415
376 394
101 189
161 240
188 343
279 461
312 409
353 410
64 307
50 409
91 410
413 461
177 184
215 476
27 425
388 404
80 251
66 353
88 112
200 353
214 251
179 230
332 472
365 420
43 369
29 471
65 128
406 421
82 297
115 245
156 246
216 297
268 487
6 487
307 415
18 312
4 414
40 71
45 415
119 364
193 313
367 466
191 240
251 291
344 482
22 431
3 189
443 461
42 117
121 410
135 308
154 358
168 256
195 359
420 477
19 133
24 477
57 425
79 184
98 426
170 302
271 354
73 369
95 128
100 472
133 420
207 369
298 487
36 487
72 144
77 488
347 349
397 466
75 415
149 364
283 364
314 431
374 482
415 483
47 87
33 189
52 431
74 190
126 380
186 431
165 308
239 257
390 426
68 375
49 133
87 425
101 323
109 184
128 426
188 477
293 493
450 477
427 493
26 149
31 493
86 200
177 318
125 128
130 472
163 420
218 319
237 369
80 385
28 195
102 144
88 246
107 488
140 436
181 437
179 364
253 313
280 416
13 72
445 483
82 431
63 189
104 190
137 138
156 380
183 483
216 431
257 432
255 359
381 498
7 257
81 206
193 447
141 257
306 324
292 426
366 375
457 493
56 149
61 493
116 200
135 442
157 201
248 319
308 370
368 421
60 268
46 370
93 216
132 144
137 488
211 437
271 488
285 386
343 364
35 211
21 313
95 262
155 313
260 329
287 432
72 278
58 380
452 499
37 257
70 205
111 206
149 498
171 257
190 499
264 448
262 375
322 426
363 427
0 375
74 324
148 273
165 442
146 200
187 201
225 493
266 494
90 268
150 319
241 437
301 488
26 283
53 386
34 144
139 160
218 453
199 211
317 432
28 329
50 88
129 381
143 279
179 498
201 257
27 104
13 206
32 448
44 273
118 222
104 324
178 273
393 427
269 391
255 493
296 494
7 391
43 48
29 150
67 442
141 391
172 458
120 268
153 216
9 437
83 386
97 284
105 145
157 335
248 453
196 263
382 453
55 58
8 212
60 402
132 278
159 381
324 448
35 345
21 447
57 104
76 346
117 155
136 397
384 499
249 274
309 325
326 494
359 442
400 443
460 494
171 391
212 392
14 407
113 386
187 335
261 284
247 386
352 402
30 351
412 453
38 212
71 160
112 161
150 453
164 351
203 279
263 330
15 228
414 499
106 346
166 397
240 346
226 448
69 464
143 413
124 171
430 443
182 341
256 290
242 392
407 459
104 458
219 408
217 335
318 387
43 182
29 284
103 233
122 475
442 453
120 402
194 351
142 161
180 453
221 454
235 352
254 402
268 300
18 125
23 469
45 228
119 177
105 279
210 295
270 346
297 449
330 397
121 223
233 464
286 290
24 290
57 238
134 458
175 459
189 357
249 408
309 459
1 306
323 357
73 182
133 233
174 234
224 351
298 300
77 301
110 249
127 418
75 228
149 177
168 419
187 469
228 470
302 419
300 346
30 485
38 346
112 295
277 362
263 464
304 465
10 18
15 362
54 290
128 239
240 480
188 290
293 306
279 408
353 357
31 306
12 64
17 408
256 424
204 234
295 352
66 300
181 250
198 419
258 470
5 24
10 368
392 470
101 486
82 244
156 193
142 295
307 362
7 70
45 362
119 311
193 260
210 429
158 239
311 481
22 378
42 64
121 357
135 255
286 424
360 373
387 476
19 80
98 373
151 199
137 301
170 249
189 491
211 250
1 440
271 301
40 368
73 316
100 419
114 317
174 368
422 470
463 471
399 486
72 91
58 193
37 70
190 312
176 414
223 260
281 430
341 481
415 430
14 86
0 188
74 137
79 481
126 327
165 255
266 307
51 153
68 322
49 80
54 424
128 373
155 476
188 424
202 322
241 250
394 492
53 199
91 491
70 368
278 317
369 435
28 142
33 486
88 193
107 435
167 486
181 384
146 363
179 311
470 487
280 363
5 158
371 481
44 86
183 430
255 306
296 307
26 446
7 204
81 153
86 497
141 204
348 497
482 497
232 322
273 323
364 441
56 96
61 440
248 266
234 368
8 25
63 486
211 384
159 194
238 487
252 385
271 435
285 333
35 158
21 260
62 261
76 159
136 210
287 379
20 35
378 497
56 446
37 204
89 394
116 497
138 256
190 446
229 374
303 323
363 374
0 322
41 323
132 441
165 389
192 492
206 390
30 164
16 266
68 456
150 266
301 435
15 41
53 333
106 159
92 261
185 452
218 400
317 379
69 277
143 226
129 328
160 395
146 497
220 446
201 204
280 497
335 396
354 446
27 51
13 153
44 220
71 323
104 271
296 441
370 390
7 338
48 339
29 97
34 441
122 288
139 457
120 215
172 405
180 266
273 457
6 113
312 385
372 436
4 40
9 384
124 334
157 282
215 452
196 210
289 401
22 57
60 349
151 467
233 277
324 395
365 396
2 344
76 293
425 447
84 154
227 462
175 272
1 119
39 411
4 390
37 338
59 97
78 339
152 288
212 339
243 406
251 267
55 355
36 113
41 457
77 114
127 231
154 334
319 401
379 452
52 57
131 350
117 452
356 468
106 293
207 345
205 272
331 411
432 463
31 119
17 221
69 411
91 170
110 412
108 339
242 339
333 457
11 406
85 355
66 113
107 114
145 406
198 232
217 282
310 473
318 334
48 473
29 231
409 452
87 401
120 349
161 350
221 401
235 299
386 468
23 416
64 417
45 175
119 124
105 226
124 468
196 344
237 345
270 293
297 396
22 191
99 411
140 412
173 360
200 463
272 339
2 478
43 479
24 237
76 427
189 304
276 458
1 253
18 422
73 129
78 473
100 232
152 422
174 181
193 423
191 350
251 401
325 350
3 299
77 248
416 468
94 417
168 366
228 417
176 227
267 345
38 293
79 294
93 192
203 360
244 361
230 463
304 412
68 135
73 479
106 427
128 186
155 289
205 406
246 407
279 355
320 356
380 407
17 355
58 356
70 181
108 473
130 232
182 422
256 371
283 474
85 489
33 299
126 490
181 197
198 366
184 468
258 417
299 418
332 366
10 315
32 74
82 191
109 294
26 259
7 17
12 361
67 68
86 310
158 186
237 479
311 428
61 253
9 63
88 356
135 202
162 305
214 495
179 474
253 423
327 372
387 423
24 371
65 372
46 130
63 299
290 490
288 417
389 469
62 74
100 366
153 192
191 484
213 243
265 433
306 434
3 433
39 90
77 382
339 382
56 259
89 207
116 310
190 259
176 361
281 377
267 479
341 428
382 429
14 33
19 377
41 136
74 84
79 428
401 479
244 495
192 305
285 496
357 372
417 423
16 79
21 423
95 372
169 321
260 439
320 490
394 439
53 146
70 315
245 316
295 433
336 434
107 382
148 383
129 141
220 259
51 450
32 208
412 429
123 326
472 480
183 377
257 326
315 496
26 393
7 151
12 495
81 100
86 444
139 270
172 218
199 321
259 372
424 439
23 95
28 439
83 146
88 490
275 316
27 214
60 162
25 141
104 434
151 280
178 383
238 434
252 332
250 259
2 157
76 106
62 208
81 450
136 157
227 275
254 378
287 326
345 496
378 444
419 445
4 203
37 151
42 495
78 152
138 203
190 393
479 496
55 168
93 460
132 388
192 439
266 388
305 316
35 455
431 455
90 162
131 163
117 265
169 455
134 434
282 332
342 383
20 332
111 450
92 208
245 450
284 378
317 326
110 225
96 327
143 173
160 342
108 152
146 444
187 445
220 393
321 445
335 343
32 342
123 460
164 461
145 219
236 337
296 388
29 44
34 388
122 235
87 214
120 162
161 163
199 455
240 456
372 383
64 230
50 332
215 399
289 348
275 450
349 399
27 348
8 106
25 275
99 224
118 466
140 225
200 276
252 466
250 393
291 394
2 291
76 240
29 394
103 343
351 445
115 168
153 460
175 219
194 461
268 410
1 66
6 410
326 388
18 235
367 389
78 286
152 235
193 236
229 455
270 456
303 404
344 405
41 404
168 179
154 281
346 451
57 348
38 106
79 107
131 297
222 415
323 467
356 415
20 466
147 241
133 343
207 292
224 461
298 410
358 461
31 66
17 168
36 410
96 461
110 359
108 286
182 235
283 287
314 354
300 456
333 404
11 353
85 302
33 112
126 303
374 405
236 471
277 472
411 472
10 128
376 451
101 246
87 348
161 297
188 400
221 348
386 415
26 72
12 174
45 122
64 364
86 123
163 343
237 292
27 482
388 461
80 308
429 462
140 359
88 169
200 410
214 308
406 478
43 426
103 477
156 303
142 405
189 251
216 354
276 405
307 472
381 421
18 369
40 128
100 179
191 297
251 348
292 349
22 488
3 246
56 72
75 122
116 123
121 467
154 415
168 313
195 416
19 190
57 482
93 139
170 359
244 308
230 410
304 359
395 477
436 478
68 82
21 236
54 184
133 477
155 236
174 478
207 426
246 354
110 493
89 370
70 128
130 179
171 180
223 370
283 421
314 488
47 144
33 246
107 195
148 196
239 314
225 416
10 262
51 263
390 483
101 380
49 190
87 482
128 483
183 190
202 432
274 308
34 67
204 478
237 426
80 442
28 252
9 10
88 303
102 201
140 493
162 252
181 494
253 370
313 421
5 268
354 422
478 488
63 246
104 247
137 195
156 437
257 489
255 416
389 416
81 263
141 314
172 381
232 432
366 432
56 206
135 499
157 258
190 206
234 478
267 426
368 478
41 83
473 494
132 201
211 494
192 252
285 443
343 421
21 370
95 319
134 247
260 386
361 438
72 335
20 145
58 437
359 365
37 314
111 263
171 314
396 432
148 330
96 140
165 499
146 257
187 258
239 448
373 448
51 397
32 155
338 427
123 273
164 274
150 376
241 494
12 442
48 99
34 201
53 443
414 422
199 268
226 371
331 387
317 489
350 437
23 42
9 144
28 386
50 145
88 437
102 335
129 438
143 336
391 438
5 402
27 161
65 453
393 484
25 88
104 381
178 330
252 279
238 381
426 432
269 448
217 258
329 499
2 104
81 397
103 156
141 448
153 273
194 274
254 325
6 223
18 48
56 340
78 99
83 443
97 341
105 202
157 392
405 494
229 268
446 495
456 459
60 459
41 217
421 438
173 336
159 438
206 284
233 387
398 454
30 58
76 403
136 454
117 212
134 381
208 330
222 228
309 382
20 279
359 499
37 448
111 397
92 155
171 448
185 346
212 449
224 274
284 325
14 464
36 223
96 274
127 341
113 443
476 495
261 341
352 459
11 166
85 115
38 269
90 459
145 166
164 408
203 336
263 387
428 454
87 161
166 454
188 213
64 177
143 470
91 280
215 346
289 295
242 449
316 398
13 397
44 464
80 121
66 223
118 413
200 223
217 392
291 341
351 392
392 393
29 341
103 290
120 459
194 408
254 459
6 357
4 284
45 285
78 233
97 475
105 336
119 234
210 352
196 454
270 403
344 352
330 454
8 403
121 280
272 449
346 398
98 296
84 398
131 244
189 414
170 172
222 362
249 465
323 414
1 363
73 239
59 341
133 290
147 188
174 291
284 459
339 358
399 409
36 357
89 183
75 285
149 234
11 300
401 455
38 403
203 470
184 228
225 229
277 419
337 470
10 75
15 419
51 76
376 398
54 347
87 295
128 296
188 347
202 245
293 363
279 465
64 311
17 465
91 414
177 188
163 290
237 239
256 481
355 460
80 255
28 65
66 357
88 116
107 358
140 306
167 409
181 307
406 425
5 81
43 373
65 132
82 301
156 250
142 352
216 301
257 302
348 420
367 470
67 178
105 470
193 317
172 194
158 296
210 486
232 245
22 435
383 414
42 121
286 481
234 291
360 430
420 481
19 137
137 358
211 307
271 358
1 497
35 81
21 183
95 132
100 476
155 183
246 301
287 302
347 353
72 148
58 250
397 470
37 127
190 369
223 317
264 318
415 487
14 143
0 245
47 91
52 435
74 194
93 436
126 384
165 312
299 312
51 210
390 430
49 137
54 481
128 430
188 481
293 497
241 307
301 358
26 153
53 256
144 374
130 476
278 374
102 148
88 250
107 492
129 251
162 199
179 368
181 441
220 369
253 317
294 318
32 318
13 76
65 266
44 143
82 435
156 384
183 487
197 385
445 487
255 363
7 261
67 312
172 328
120 138
232 379
180 189
259 482
273 380
306 328
6 36
23 205
42 255
56 153
83 256
135 446
157 205
248 323
234 425
368 425
60 272
46 374
151 390
137 492
159 251
271 492
285 390
21 317
136 267
475 487
287 436
89 451
37 261
111 210
138 313
171 261
212 262
264 452
303 380
14 277
0 379
74 328
148 277
127 154
113 256
165 446
266 498
247 256
164 221
241 441
315 390
356 391
53 390
106 216
139 164
226 318
331 334
317 436
69 334
50 92
242 262
44 277
25 35
71 380
118 226
145 329
219 278
269 395
370 447
48 396
29 154
81 344
122 345
172 462
194 221
180 323
221 324
254 272
345 390
4 97
45 98
105 149
196 267
27 458
60 406
25 385
159 385
233 334
324 452
398 401
2 401
62 452
98 109
84 211
136 401
134 328
175 329
189 227
1 176
326 498
400 447
78 396
111 344
138 447
152 345
460 498
243 463
251 324
14 411
55 412
36 170
377 463
96 221
228 340
319 458
30 355
11 113
16 457
57 458
131 407
453 458
203 283
15 232
395 453
106 350
87 108
92 452
166 401
240 350
331 468
31 176
17 278
64 124
69 468
91 227
110 469
143 417
256 294
242 396
316 345
11 463
448 464
66 170
167 222
184 391
217 339
258 340
29 288
122 479
87 458
142 165
221 458
23 473
64 474
119 181
105 283
210 299
196 401
270 350
311 351
22 248
402 469
94 124
140 469
121 227
173 417
214 418
76 484
46 53
84 345
189 361
137 171
175 463
249 412
290 413
323 361
288 340
73 186
59 288
100 289
114 187
152 479
193 480
191 407
265 356
251 458
3 356
89 130
94 474
228 474
176 284
267 402
300 350
341 351
126 197
79 351
112 299
170 469
203 417
15 366
68 192
106 484
147 485
205 463
279 412
293 310
320 413
353 361
12 68
91 361
380 464
70 238
144 187
130 289
223 480
256 428
295 356
47 254
33 356
80 202
107 305
167 356
181 254
179 181
258 474
332 423
373 424
5 28
10 372
101 490
123 249
109 351
156 197
183 300
197 198
235 490
274 418
334 469
26 316
12 418
45 366
86 367
408 418
177 485
158 243
311 485
253 480
286 428
327 429
24 428
65 429
46 187
63 356
137 305
151 203
189 495
211 254
1 444
271 305
288 474
362 423
40 372
21 130
62 131
114 321
141 424
174 372
153 249
265 490
213 300
306 491
339 439
56 316
37 74
42 418
75 366
116 367
176 418
264 265
281 434
415 434
19 434
0 192
93 383
192 362
266 311
51 157
357 429
30 34
16 136
21 480
68 326
128 377
155 480
169 378
260 496
241 254
417 480
301 305
31 444
394 496
53 203
144 321
92 131
171 424
204 372
218 270
245 373
336 491
47 388
28 146
33 490
69 147
74 491
107 439
129 198
146 367
148 440
220 316
280 367
371 485
44 90
49 434
109 485
197 332
257 383
296 311
26 450
48 209
122 158
139 327
172 275
199 378
259 429
364 445
424 496
23 152
9 254
61 444
83 203
102 445
248 270
201 424
275 373
63 490
99 147
104 491
137 439
151 337
178 440
238 491
2 214
114 455
351 368
136 214
153 383
134 141
213 434
254 435
328 384
78 209
111 157
152 158
190 450
303 327
14 224
41 327
454 496
495 497
132 445
206 394
192 496
266 445
305 373
30 168
16 270
164 168
117 322
134 491
208 440
282 389
15 45
106 163
226 265
284 435
317 383
17 91
129 332
143 230
160 399
261 451
335 400
32 399
11 276
85 225
145 276
219 225
310 343
296 445
370 394
29 101
122 292
120 219
273 461
312 389
372 440
9 388
50 389
64 287
124 338
196 214
349 456
22 61
27 405
25 332
99 281
140 282
159 332
200 333
291 451
76 297
29 451
103 400
84 158
175 276
268 467
276 328
6 467
326 445
4 394
78 343
100 102
138 394
193 293
212 343
55 359
77 118
94 287
127 235
168 236
319 405
420 457
57 405
38 163
79 164
131 354
222 472
170 282
230 333
356 472
395 400
73 349
54 107
59 451
106 297
133 400
147 298
207 349
205 276
298 467
31 123
17 225
91 174
110 416
397 446
242 343
374 462
11 410
47 67
126 360
107 118
112 462
186 411
198 236
184 338
258 287
10 185
48 477
409 456
101 303
450 457
161 354
109 164
188 457
221 405
235 303
386 472
64 421
12 231
45 179
86 180
124 472
237 349
297 400
402 416
80 365
66 467
140 416
121 174
200 467
214 365
253 293
313 344
24 241
65 242
98 190
404 462
63 169
175 410
216 411
290 360
276 462
1 257
18 426
78 477
119 478
100 236
174 185
193 427
265 303
251 405
3 303
416 472
168 370
176 231
0 5
131 488
170 416
304 416
343 344
68 139
54 241
128 190
169 191
469 483
260 309
320 360
31 257
89 427
70 185
149 478
283 478
295 303
322 406
47 201
33 303
107 252
148 253
181 201
146 180
184 472
225 473
299 422
10 319
51 320
32 78
101 437
49 247
161 488
202 489
334 416
375 417
7 21
12 365
34 124
86 314
125 242
28 309
61 257
88 360
162 309
214 499
179 478
253 427
313 478
5 325
65 376
13 186
46 134
63 303
156 494
238 304
329 422
2 27
40 319
62 78
67 422
114 268
141 371
172 438
232 489
405 417
116 314
267 483
382 433
14 37
19 381
79 432
93 330
132 258
206 207
384 479
16 83
21 427
169 325
155 427
417 427
134 304
208 253
320 494
72 392
58 494
171 371
245 320
262 489
47 335
0 489
396 489
148 387
96 197
437 490
160 212
187 315
247 366
352 382
338 484
412 433
11 89
49 381
109 432
150 433
164 331
197 279
26 397
34 258
414 479
139 274
199 325
240 326
226 428
259 376
273 274
23 99
9 201
50 202
88 494
124 151
162 443
201 371
5 459
27 218
44 387
467 490
104 438
252 336
217 315
250 263
2 161
76 110
29 264
62 212
81 454
103 213
153 330
227 279
180 433
254 382
268 280
328 331
6 280
18 105
42 499
56 397
97 398
231 398
229 325
270 326
55 172
41 274
132 392
173 393
159 495
192 443
206 341
30 115
57 218
131 167
222 285
208 387
323 337
342 387
59 264
133 213
185 403
245 454
224 331
36 280
110 229
96 331
127 398
335 347
321 449
30 465
11 223
85 172
71 274
112 275
277 342
263 444
337 393
15 342
48 290
106 460
139 408
161 167
240 460
64 234
124 285
13 454
80 178
66 280
200 280
291 398
351 449
392 450
24 54
103 347
175 223
268 414
328 465
1 70
18 239
4 341
45 342
78 290
119 291
193 240
367 393
344 409
8 460
42 44
168 183
228 234
286 404
319 352
19 60
57 352
79 111
84 455
98 353
189 471
222 419
230 280
323 471
73 296
422 450
207 296
339 415
31 70
36 414
58 173
110 363
75 342
108 290
149 291
209 342
283 291
314 358
300 460
374 409
11 357
52 358
126 307
112 409
434 460
184 285
225 286
10 132
15 476
51 133
87 352
109 111
31 420
12 178
64 368
86 127
91 471
163 347
237 296
278 297
80 312
28 122
66 414
88 173
140 363
167 466
181 364
179 291
214 312
406 482
5 138
43 430
82 358
63 116
142 409
216 358
307 476
40 132
45 476
67 235
81 133
193 374
158 353
22 492
56 76
61 420
94 368
121 471
135 369
195 420
234 348
267 296
19 194
98 487
46 297
79 245
459 466
170 363
211 364
244 312
271 415
285 313
147 379
95 189
155 240
246 358
287 359
347 410
58 307
149 425
223 374
209 476
264 375
262 302
322 353
0 302
74 251
239 318
225 420
51 267
390 487
68 436
123 143
109 245
128 487
202 436
274 312
301 415
26 210
12 312
53 313
466 482
177 379
125 189
204 482
218 380
226 241
278 431
47 498
80 446
9 14
181 498
129 308
253 374
294 375
280 477
354 426
27 31
44 200
82 492
156 441
178 200
197 442
269 318
329 369
7 318
81 267
67 369
141 318
389 420
158 487
232 436
180 246
306 385
39 41
4 20
42 312
97 211
157 262
234 482
308 431
60 329
41 87
46 431
211 498
159 308
233 257
285 447
250 426
35 272
16 30
21 374
62 375
384 426
153 493
134 251
227 442
260 390
287 493
20 149
37 318
111 267
59 77
185 216
245 267
262 436
336 385
322 487
14 334
0 436
74 385
363 488
127 211
113 313
239 452
338 431
30 278
16 380
90 329
71 87
241 498
15 155
53 447
92 375
125 323
166 324
226 375
331 391
317 493
391 442
69 391
143 340
129 442
215 216
242 319
27 165
13 267
333 437
44 334
25 92
104 385
145 386
178 334
219 335
269 452
217 262
310 453
7 452
81 401
122 402
103 160
444 453
120 329
386 448
18 52
9 498
23 396
78 103
83 447
97 345
446 499
196 324
270 273
60 463
8 273
421 442
25 442
173 340
159 442
272 319
2 458
76 407
134 385
175 386
208 334
222 232
309 386
20 283
340 453
37 452
73 109
152 402
212 453
284 329
14 468
325 330
36 227
110 176
476 499
75 155
228 397
261 345
302 346
30 412
52 171
38 273
131 464
337 340
15 289
428 458
106 407
87 165
128 166
166 458
205 386
279 335
64 181
143 474
91 284
182 402
256 351
316 402
44 468
80 125
66 227
85 469
140 176
167 279
219 469
217 396
43 243
82 171
120 463
161 464
194 412
235 413
6 361
334 392
97 479
119 238
105 340
210 356
158 166
196 458
237 459
344 356
3 63
8 407
435 474
61 233
94 181
121 284
135 182
173 474
214 475
272 453
387 403
84 402
115 469
189 418
170 176
249 469
290 470
323 418
418 473
73 243
59 345
114 244
147 192
224 412
325 464
3 413
58 120
127 479
75 289
149 238
168 480
209 289
420 440
267 459
52 305
0 115
112 356
401 459
203 474
244 475
225 233
277 423
51 80
376 402
68 249
54 351
128 300
293 367
279 469
320 470
31 367
17 469
91 418
130 346
295 413
47 311
28 69
80 259
181 311
332 480
280 290
5 85
373 481
32 188
65 136
371 408
82 305
156 254
197 255
257 306
348 424
408 475
7 131
45 423
67 182
172 198
292 300
61 367
83 126
121 418
162 419
286 485
234 295
327 486
65 486
98 434
151 260
137 362
211 311
271 362
35 85
21 187
62 188
95 136
100 480
114 378
136 137
174 429
227 255
339 496
39 204
77 496
438 475
42 475
75 423
116 424
176 475
264 322
0 249
74 198
93 440
165 316
239 265
225 367
266 368
357 486
431 435
30 91
16 193
90 142
95 486
128 434
169 435
241 311
301 362
342 363
53 260
433 481
70 429
144 378
125 136
130 480
204 429
245 430
410 497
28 203
468 475
294 322
5 219
32 322
13 80
385 440
44 147
49 491
104 198
123 440
145 199
183 491
197 389
255 367
7 265
48 266
67 316
122 215
125 486
158 434
180 193
259 486
273 384
9 311
83 260
97 158
157 209
248 327
289 328
275 430
308 378
349 379
13 430
46 378
440 497
151 394
99 204
178 497
159 255
252 446
2 271
136 271
175 199
213 491
287 440
328 441
39 338
20 96
361 389
37 265
111 214
152 215
264 456
212 266
243 333
229 435
303 384
363 435
0 383
55 282
127 158
113 260
206 451
319 328
305 430
30 225
16 327
90 276
38 86
164 225
338 378
222 395
208 497
53 394
106 220
92 322
166 271
226 322
331 338
284 492
317 440
358 441
31 46
17 148
50 96
96 441
129 389
143 287
160 456
182 215
418 492
32 456
333 384
11 333
44 281
85 282
434 436
219 282
236 451
310 400
411 452
48 400
29 158
103 107
122 349
120 276
161 277
221 328
312 446
386 395
372 497
9 445
45 102
50 446
64 344
124 395
196 271
297 323
22 118
8 220
27 462
388 441
25 389
99 338
214 288
365 457
2 405
98 113
84 215
115 282
189 231
175 333
276 385
1 180
309 333
340 400
18 349
4 451
400 451
59 158
138 451
152 349
212 400
243 467
191 277
251 328
55 416
3 226
94 344
75 102
154 395
168 293
319 462
52 118
38 220
79 221
112 169
131 411
244 288
230 390
304 339
395 457
54 164
133 457
205 333
31 180
110 473
91 231
430 451
108 400
130 159
209 452
256 298
283 401
11 467
33 226
66 174
107 175
145 467
186 468
198 293
184 395
101 360
82 118
87 462
109 221
221 462
235 360
334 339
64 478
45 236
210 303
163 457
237 406
22 252
402 473
80 422
61 180
140 473
121 231
162 232
214 422
272 400
313 401
24 298
65 299
46 57
84 349
98 247
115 416
137 175
175 467
216 468
290 417
389 396
114 191
100 293
174 242
265 360
251 462
292 463
325 411
3 360
89 134
94 478
168 427
228 478
281 304
267 406
341 355
93 253
79 355
244 422
192 232
68 196
95 299
128 247
155 350
169 248
205 467
246 468
260 366
293 314
320 417
72 315
58 417
70 242
130 293
204 242
295 360
336 361
396 412
33 360
107 309
198 427
146 237
258 478
299 479
373 428
5 32
10 376
32 135
51 377
101 494
109 355
183 304
197 202
334 473
26 320
7 78
12 422
34 181
86 371
375 474
177 489
125 299
158 247
408 422
28 366
9 124
61 314
102 315
162 366
234 242
327 433
5 382
387 484
60 89
46 191
65 433
63 360
137 309
211 258
252 259
269 428
329 479
2 84
81 377
62 135
141 428
463 479
153 253
306 495
56 320
405 474
78 79
116 371
176 422
190 320
264 269
281 438
382 490
14 94
19 438
41 197
132 315
192 366
266 315
357 433
30 38
16 140
21 484
417 484
72 449
20 259
359 479
70 376
245 377
14 444
47 392
74 495
148 444
129 202
160 269
146 371
220 320
261 321
247 423
32 269
352 439
412 490
44 94
49 438
71 197
123 387
164 388
236 264
296 315
34 315
447 484
199 382
273 331
259 433
364 449
64 157
50 259
83 207
97 105
215 326
27 275
8 33
13 377
44 444
25 202
104 495
118 393
178 444
200 203
238 495
252 393
440 444
2 218
351 372
103 270
136 218
194 388
227 336
254 439
268 337
328 388
6 337
18 162
4 264
56 454
78 213
97 455
138 264
152 162
3 39
435 450
132 449
206 398
117 326
134 495
282 393
309 496
342 444
15 49
20 393
59 321
92 269
166 218
185 460
207 219
224 388
298 337
358 388
36 337
69 285
127 455
108 213
261 455
209 265
11 280
85 229
71 331
112 332
186 281
219 229
236 398
184 208
277 399
310 347
15 399
122 296
101 173
87 275
139 465
161 224
221 275
312 393
372 444
64 291
45 49
50 393
413 445
163 270
289 409
80 235
140 286
214 235
291 455
365 404
2 352
425 455
103 404
142 332
216 281
268 471
1 127
6 471
307 399
18 296
340 347
40 55
45 399
105 450
119 348
193 297
251 275
344 466
55 363
77 122
443 445
168 240
195 343
228 291
319 409
57 409
98 410
79 168
170 286
1 477
54 111
59 455
133 404
155 163
205 280
298 471
31 127
58 230
397 450
108 347
149 348
283 348
314 415
374 466
47 71
107 122
186 415
198 240
184 342
225 343
10 189
101 307
49 117
87 409
109 168
128 410
188 461
202 359
293 477
450 461
427 477
31 477
12 235
86 184
177 302
163 404
278 354
369 472
80 369
61 127
66 471
88 230
140 420
181 421
214 369
179 348
313 348
5 195
65 246
404 466
63 173
142 466
156 364
216 415
381 482
40 189
114 138
67 292
100 240
119 482
141 241
158 410
191 358
457 477
56 133
61 477
116 184
135 426
267 353
368 405
0 9
79 302
93 200
170 420
244 369
285 370
271 472
35 195
21 297
68 143
73 487
95 246
147 436
155 297
169 195
246 415
260 313
347 467
72 262
89 431
70 189
111 190
130 240
264 432
262 359
322 410
14 257
0 359
148 257
146 184
299 426
32 82
338 354
68 493
49 251
109 302
202 493
241 421
315 370
301 472
375 421
53 370
34 128
86 318
144 488
125 246
177 436
218 437
278 488
350 364
9 71
102 262
162 313
253 431
201 241
294 432
5 329
327 380
27 88
65 380
354 483
156 498
104 308
178 257
269 375
255 477
329 426
7 375
389 477
62 82
153 200
232 493
180 303
213 251
345 370
56 267
9 421
42 369
231 268
308 488
382 437
60 386
41 144
132 262
206 211
159 365
324 432
35 329
117 139
134 308
208 257
227 499
361 499
39 448
20 206
72 396
359 426
37 375
111 324
460 478
212 376
245 324
262 493
336 442
0 493
69 98
74 442
96 201
148 391
127 268
160 216
437 494
247 370
51 458
352 386
338 488
30 335
11 93
49 385
71 144
90 386
150 437
164 335
472 488
263 314
48 160
34 262
414 483
139 278
87 88
92 432
125 380
226 432
240 330
391 499
28 447
64 104
50 206
102 396
124 155
129 499
143 397
215 273
201 375
242 376
5 463
316 325
13 324
407 443
118 340
66 150
104 442
145 443
2 165
43 166
81 458
103 217
122 459
120 386
194 335
268 284
6 284
419 453
23 453
4 211
78 160
119 161
210 279
270 330
55 176
8 330
421 499
25 499
173 397
154 155
272 376
305 324
76 464
57 222
131 171
84 325
117 273
175 443
208 391
309 443
20 340
59 268
224 335
325 387
449 453
127 402
108 160
149 161
187 453
209 212
261 402
302 403
300 330
30 469
11 227
52 228
164 469
112 279
203 397
277 346
263 448
337 397
15 346
101 120
87 222
128 223
188 274
12 48
17 392
91 341
182 459
163 217
256 408
316 459
355 387
80 182
66 284
167 336
200 284
258 454
5 8
29 402
103 351
392 454
82 228
115 176
235 470
216 228
367 397
45 346
67 105
158 223
311 465
344 413
22 362
3 120
42 48
121 341
135 239
195 290
286 408
346 459
24 408
98 357
84 459
170 233
211 234
1 424
362 403
73 300
21 110
59 402
100 403
114 301
133 351
147 249
174 352
224 469
265 470
339 419
36 418
399 470
89 244
149 295
176 398
283 295
341 465
374 413
0 172
38 464
186 362
15 480
68 306
49 64
54 408
128 357
188 408
202 306
394 476
26 80
31 424
91 475
177 249
130 403
163 351
204 352
218 250
278 301
369 419
80 316
28 126
66 418
107 419
167 470
429 470
179 295
280 347
10 486
65 193
404 413
82 362
197 312
183 414
257 363
307 480
255 290
348 481
45 480
81 137
67 239
86 481
119 429
141 188
158 357
232 306
259 409
292 357
383 475
42 182
121 475
135 373
162 476
195 424
234 352
360 491
98 491
46 301
63 470
137 419
285 317
436 486
21 244
95 193
114 435
136 194
174 486
227 312
213 414
287 363
39 261
72 209
378 481
37 188
111 137
116 481
149 429
171 188
322 357
52 496
93 497
74 255
148 204
113 183
192 476
225 424
239 322
390 491
431 492
16 250
128 491
169 492
150 250
202 440
342 420
34 75
70 486
144 435
125 193
204 486
218 384
226 245
245 487
278 435
317 363
28 260
69 261
102 209
129 312
143 210
160 379
220 430
294 379
280 481
5 276
354 430
27 35
13 137
44 204
118 153
104 255
123 497
197 446
257 497
269 322
255 424
296 425
310 323
7 322
81 271
67 373
122 272
461 492
180 250
23 266
97 215
83 317
372 420
349 436
22 41
8 143
46 435
151 451
132 209
173 210
233 261
250 430
324 379
2 328
76 277
136 328
227 446
175 256
328 498
361 446
20 153
326 425
37 322
212 323
243 390
229 492
303 441
14 338
0 440
36 97
41 441
96 148
363 492
127 215
113 317
187 266
247 317
305 487
30 282
11 40
16 384
38 143
90 333
150 384
338 435
439 487
414 430
92 379
166 328
240 277
226 379
205 256
317 497
331 395
358 498
69 395
17 205
50 153
91 154
143 344
108 323
44 338
85 339
66 97
71 441
118 287
393 492
217 266
258 267
310 457
444 457
29 215
122 406
409 436
120 333
161 334
180 384
194 282
6 231
386 452
18 56
97 349
45 159
124 452
105 210
196 328
270 277
388 498
25 446
173 344
121 154
159 446
200 447
214 345
233 395
272 323
76 411
24 221
98 170
84 272
136 462
175 390
309 390
340 457
18 406
59 215
152 406
212 457
325 334
55 473
3 283
127 349
75 159
113 451
154 452
302 350
30 416
52 175
38 277
112 226
203 344
277 293
230 447
263 395
304 396
15 293
68 119
54 221
106 411
147 412
188 221
205 390
279 339
31 237
17 339
91 288
380 391
163 164
283 458
316 406
80 129
33 283
184 452
258 401
318 452
392 401
423 468
101 417
142 226
183 227
274 345
334 396
45 293
119 242
210 360
158 170
237 463
80 479
214 479
327 356
313 458
387 407
24 355
46 114
115 473
63 283
137 232
189 422
249 473
290 474
288 401
40 299
114 248
389 453
174 299
191 468
265 417
339 366
325 468
366 469
3 417
39 74
89 191
75 293
116 294
176 345
281 361
341 412
14 17
0 119
19 361
79 412
93 310
401 463
244 479
51 84
343 458
68 253
16 63
169 305
202 253
260 423
293 371
320 474
394 423
31 371
17 473
58 474
72 372
144 248
130 350
355 468
47 315
33 417
107 366
181 315
396 469
160 192
220 243
280 294
5 89
373 485
32 192
82 309
109 412
197 259
274 479
348 428
408 479
7 135
12 479
172 202
199 305
364 372
23 79
61 371
83 130
88 474
102 372
327 490
275 300
65 490
46 248
63 417
137 366
211 315
252 316
403 485
76 90
62 192
100 484
136 141
141 485
153 310
227 259
213 361
287 310
347 361
56 377
438 479
479 480
176 479
281 495
229 305
456 496
0 253
41 254
55 152
132 372
113 130
192 423
206 321
266 372
431 439
30 95
35 439
68 387
90 146
95 490
150 197
169 439
208 367
53 264
70 433
144 382
92 192
130 484
171 485
185 383
245 434
47 449
143 157
160 326
146 428
220 377
261 378
247 480
294 326
321 429
385 444
44 151
85 152
71 254
145 203
164 445
197 393
236 321
296 372
122 219
139 388
120 146
125 490
180 197
199 439
259 490
273 388
23 213
9 315
83 264
124 265
215 383
201 485
248 331
8 90
118 450
151 398
252 450
250 377
291 378
324 326
62 326
136 275
153 444
194 445
175 203
227 393
328 445
1 50
326 372
18 219
4 321
138 321
243 337
303 388
344 389
363 439
55 286
3 96
36 44
41 388
127 162
113 264
154 265
206 455
319 332
30 229
16 331
131 281
230 260
15 106
106 224
92 326
207 276
298 394
284 496
31 50
17 152
36 394
69 342
91 101
96 445
108 270
110 343
182 219
242 270
333 388
11 337
85 286
33 96
71 388
145 337
186 338
434 440
236 455
184 265
277 456
411 456
10 112
101 230
87 332
161 281
312 450
64 348
45 106
50 450
86 107
124 399
22 122
8 224
25 393
66 394
99 342
140 343
200 394
214 292
365 461
2 409
84 219
115 286
63 96
189 235
216 338
1 184
307 456
340 404
18 353
4 455
40 112
381 405
193 354
441 456
243 471
251 332
3 230
77 179
75 106
168 297
319 466
267 276
360 467
93 123
131 415
170 343
304 343
395 461
54 168
133 461
155 220
205 337
246 338
279 286
31 184
17 286
58 287
72 185
110 477
108 404
182 353
223 354
283 405
448 472
85 420
107 179
167 230
184 399
299 349
10 246
101 364
49 174
82 122
87 466
109 225
161 415
235 364
274 292
64 482
12 292
177 359
237 410
278 411
297 461
311 359
402 477
80 426
102 185
88 287
162 236
179 405
253 354
5 252
65 303
46 61
82 472
63 230
115 420
156 421
255 400
18 487
288 348
329 349
114 195
193 488
141 298
389 400
158 467
306 365
292 467
3 364
56 190
42 292
94 482
135 483
281 308
368 462
170 477
35 252
68 200
95 303
155 354
320 421
361 422
72 319
20 129
70 246
185 196
171 298
223 488
262 416
336 365
47 262
33 364
74 365
396 416
198 431
146 241
239 432
247 293
373 432
32 139
338 411
101 498
109 359
183 308
197 206
274 426
315 427
26 324
7 82
48 83
34 185
53 427
86 375
375 478
125 303
199 252
218 494
259 303
350 421
23 26
9 128
28 370
50 129
88 421
102 319
451 473
253 488
201 298
294 489
327 437
27 145
13 247
60 93
151 211
104 365
238 365
81 381
141 432
213 308
306 499
6 207
345 427
405 478
78 83
157 376
231 325
229 252
19 442
55 99
41 201
421 422
206 268
192 370
324 489
30 42
21 488
35 386
57 145
95 437
117 196
136 438
169 386
208 314
458 489
72 453
20 263
111 381
133 140
336 499
410 448
14 448
36 207
69 155
96 258
110 156
148 448
146 375
261 325
247 427
321 376
412 494
11 150
49 442
71 201
85 99
90 443
164 392
236 268
263 371
48 217
34 319
122 166
428 438
488 489
87 145
125 437
166 438
226 489
102 453
50 263
124 212
215 330
275 381
27 279
8 37
13 381
440 448
118 397
66 207
99 155
140 156
178 448
200 207
217 376
291 325
2 222
351 376
103 274
442 494
120 443
194 392
268 341
18 166
97 459
78 217
119 218
105 320
152 166
231 459
210 336
196 438
229 386
243 284
270 387
22 285
3 43
8 387
55 233
435 454
132 453
173 454
154 212
346 382
57 279
131 228
117 330
134 499
222 346
20 397
73 223
59 325
133 274
147 172
207 223
17 99
110 290
127 459
261 459
209 269
302 460
11 284
33 43
38 387
112 336
126 234
186 285
203 454
15 403
376 382
101 177
87 279
202 229
188 331
293 347
312 397
64 295
12 105
17 449
50 397
91 398
163 274
355 444
388 392
66 341
140 290
200 341
332 460
365 408
5 65
24 115
29 459
43 357
65 116
82 285
103 408
115 233
142 336
156 234
268 475
6 475
276 336
307 403
18 300
367 454
40 59
119 352
67 162
100 110
105 454
210 470
191 228
344 470
22 419
3 177
77 126
383 398
94 295
42 105
121 398
168 244
360 414
19 121
24 465
79 172
98 414
230 341
73 357
21 167
59 459
95 116
133 408
155 167
174 409
298 475
246 285
72 132
397 454
438 455
75 403
149 352
209 403
283 352
314 419
374 470
415 471
47 75
33 177
52 419
112 470
186 419
165 296
239 245
225 347
10 193
101 311
450 465
128 414
109 172
150 173
202 363
301 342
31 481
12 239
86 188
177 306
130 460
163 408
204 409
218 307
369 476
80 373
107 476
181 425
162 183
313 352
65 250
13 60
404 470
445 471
63 177
142 470
156 368
216 419
255 347
7 245
119 486
141 245
172 312
158 414
457 481
56 137
42 239
61 481
116 188
135 430
234 409
368 409
93 204
151 374
137 476
211 425
271 476
343 352
35 199
114 492
95 250
169 199
155 301
134 178
213 471
260 317
287 420
347 471
39 318
72 266
361 369
89 435
37 245
111 194
171 245
14 261
0 363
363 415
187 189
225 481
266 482
299 430
51 328
338 358
16 307
49 255
90 256
202 497
241 425
315 374
375 425
34 132
125 250
166 251
278 492
226 302
28 317
50 76
129 369
179 486
220 487
201 245
294 436
5 333
13 194
44 261
118 210
393 415
178 261
219 262
269 379
310 380
329 430
7 379
81 328
34 482
67 430
122 329
120 256
194 205
180 307
232 497
254 256
273 498
6 154
345 374
23 323
4 81
9 425
157 323
105 133
372 477
405 425
248 441
349 493
382 441
60 390
8 200
46 492
99 318
132 266
159 369
173 267
250 487
324 436
2 385
35 333
57 92
62 436
76 334
136 385
425 488
208 261
309 313
39 452
20 210
326 482
340 380
37 379
111 328
59 138
243 447
262 497
303 498
377 447
0 497
36 154
127 272
113 374
261 272
247 374
352 390
338 492
11 97
16 441
38 200
52 98
90 390
112 149
117 493
15 216
414 487
106 334
87 92
166 385
240 334
226 436
455 488
331 452
64 108
50 210
69 452
91 211
430 431
182 329
215 277
242 380
256 278
316 329
27 226
333 498
44 395
85 396
66 154
71 498
118 344
167 206
219 396
467 498
217 323
318 375
43 170
29 272
409 493
120 390
180 441
221 442
235 340
268 288
18 113
4 215
23 457
45 216
97 406
119 165
210 283
196 385
270 334
330 385
22 232
8 334
154 159
233 452
272 380
24 278
57 226
84 329
497 498
189 345
175 447
249 396
73 170
59 272
100 273
152 463
224 339
265 340
325 391
36 288
110 237
89 114
75 216
228 458
38 334
112 283
126 181
203 401
277 350
263 452
106 468
54 278
87 226
128 227
293 294
31 294
380 448
182 463
130 273
163 221
204 222
33 340
167 340
198 407
258 458
332 407
10 356
101 474
82 232
156 181
142 283
216 232
235 474
86 351
67 109
105 401
119 299
158 227
311 469
22 366
61 294
195 294
286 412
360 361
346 463
387 464
60 69
46 171
98 361
151 187
137 289
189 479
211 238
1 428
288 458
422 458
21 114
100 407
114 305
213 284
3 474
72 79
89 248
37 58
75 350
116 351
149 299
176 402
314 366
415 418
14 74
0 176
38 468
74 125
79 469
357 413
376 463
68 310
417 464
169 362
155 464
202 310
293 428
31 428
72 429
70 356
204 356
369 423
410 424
429 474
470 475
107 423
88 181
181 372
179 299
220 300
10 490
32 249
44 74
123 367
104 125
109 469
183 418
197 316
257 367
348 485
26 434
7 192
81 141
482 485
199 362
273 311
364 429
23 136
9 238
61 428
83 187
102 429
162 480
234 356
60 203
8 13
63 474
151 321
211 372
159 182
238 475
252 373
285 321
250 300
2 198
21 248
35 146
62 249
136 198
477 491
153 367
213 418
347 418
39 265
20 23
378 485
37 192
111 141
116 485
138 244
171 192
190 434
264 383
229 362
262 310
303 311
0 310
41 311
55 209
165 377
113 187
431 496
30 152
35 496
90 203
150 254
241 372
282 373
315 321
15 29
106 147
218 388
166 198
226 249
69 265
143 214
129 316
160 383
146 485
220 434
294 383
280 485
335 384
44 208
71 311
104 259
236 378
310 327
370 378
48 327
29 85
34 429
139 445
120 203
199 496
180 254
221 255
312 373
4 28
9 372
83 321
124 322
157 270
215 440
196 198
248 388
275 491
22 45
8 147
27 389
60 337
151 455
200 317
250 434
324 383
365 384
2 332
425 435
24 91
62 383
84 142
103 384
115 209
136 332
227 450
39 399
4 378
78 327
138 378
212 327
243 394
303 445
377 394
363 496
77 102
127 219
305 491
379 440
57 389
38 147
117 440
222 456
203 214
230 317
263 265
15 163
106 281
54 91
92 383
133 384
166 332
205 260
298 451
432 451
31 107
17 209
36 451
91 158
143 348
108 327
283 328
333 445
11 394
393 496
71 445
186 395
219 343
184 322
258 271
43 117
48 461
122 410
409 440
101 287
235 287
221 389
23 404
64 405
124 456
210 230
163 384
237 333
22 179
25 450
61 107
66 451
140 400
200 451
214 349
272 327
2 466
43 467
24 225
76 415
84 276
98 174
115 343
313 328
175 394
249 343
1 241
381 462
18 410
40 169
73 117
100 220
114 118
119 462
152 410
191 338
265 287
251 389
55 477
3 287
416 456
94 405
168 354
154 456
302 354
267 333
52 179
93 180
126 128
170 400
230 451
304 400
68 123
73 467
169 175
188 225
279 343
31 241
17 343
58 344
70 169
108 461
130 220
149 462
182 410
223 411
283 462
47 185
181 185
167 287
198 354
258 405
299 406
32 62
423 472
101 421
49 231
123 180
109 282
183 231
202 473
235 421
334 400
12 349
86 298
177 416
158 174
237 467
9 51
102 242
135 190
162 293
179 462
327 360
387 411
24 359
46 118
115 477
63 287
290 478
288 405
40 303
114 252
389 457
141 355
174 303
153 180
191 472
232 473
265 421
366 473
3 421
39 78
42 349
116 298
281 365
341 416
382 417
14 21
19 365
41 124
79 416
132 242
165 190
192 293
244 483
285 484
35 309
16 67
21 411
68 257
155 411
169 309
320 478
394 427
72 376
58 478
359 406
70 303
130 354
171 355
185 253
295 421
47 319
33 421
74 422
107 370
148 371
146 298
280 298
10 437
373 489
371 416
71 124
109 416
150 417
183 365
197 263
257 314
274 483
315 484
26 381
7 139
12 483
34 242
348 432
125 360
259 360
424 427
28 427
9 185
102 376
162 427
215 253
201 355
275 304
27 202
60 150
65 494
426 473
25 129
63 421
118 320
252 320
238 422
269 489
403 489
62 196
136 145
141 489
153 314
227 263
180 417
213 365
39 212
56 381
4 191
37 139
42 483
78 140
116 432
190 381
479 484
229 309
55 156
41 258
206 325
192 427
233 428
266 376
357 494
431 443
30 99
16 201
95 494
131 151
117 253
169 443
134 422
208 371
222 269
20 320
433 489
37 489
70 437
111 438
185 387
245 438
110 213
143 161
160 330
108 140
113 484
146 432
261 382
321 433
11 207
71 258
263 428
296 376
337 377
34 376
122 223
428 495
199 443
240 444
312 320
64 218
201 489
275 438
289 336
316 439
349 387
8 94
13 438
25 263
99 212
140 213
252 454
200 264
291 382
2 279
43 280
24 38
29 382
76 228
84 89
351 433
328 449
6 398
326 376
367 377
4 325
78 274
152 223
105 377
193 224
243 341
196 495
229 443
270 444
330 495
8 444
41 392
94 218
154 269
346 439
57 336
38 94
131 285
170 213
282 454
230 264
73 280
59 382
106 228
133 331
147 229
207 280
224 449
205 207
298 398
31 54
36 398
58 157
91 105
96 449
108 274
149 275
182 223
209 326
223 224
335 465
314 342
300 444
11 341
434 444
33 100
38 444
71 392
126 291
186 342
277 460
10 116
376 439
87 336
161 285
202 286
188 388
221 336
353 455
64 352
12 162
50 454
91 455
124 403
237 280
297 331
429 450
66 398
88 157
200 398
179 275
24 172
63 100
142 393
156 291
189 239
290 291
381 409
4 459
45 460
119 409
100 167
141 168
193 358
191 285
232 286
251 336
292 337
22 476
3 234
56 60
94 352
154 403
168 301
267 280
57 470
79 229
244 296
304 347
68 70
21 224
54 172
73 414
95 173
133 465
147 363
174 466
207 414
72 189
89 358
70 116
149 409
130 167
283 409
314 476
448 476
47 132
107 183
186 476
165 353
239 302
225 404
299 353
10 250
51 251
390 471
49 178
87 470
109 229
128 471
202 420
274 296
301 399
26 194
12 296
86 245
34 55
177 363
125 173
163 465
204 466
237 414
278 415
88 291
162 240
181 482
280 461
5 256
354 410
63 234
104 235
137 183
216 476
269 302
329 353
7 302
40 250
67 353
141 302
193 492
172 369
158 471
232 420
389 404
366 420
42 296
116 245
135 487
157 246
248 364
234 466
308 415
93 261
41 71
151 431
211 482
192 240
285 431
384 410
95 307
169 256
155 358
134 235
246 476
287 477
20 133
89 492
70 250
111 251
185 200
264 493
245 251
336 369
322 471
14 318
363 472
74 369
396 420
146 245
239 436
299 487
247 297
338 415
49 312
90 313
123 261
241 482
315 431
26 328
375 482
48 87
125 307
199 256
240 257
28 374
102 323
50 133
129 426
451 477
201 302
27 149
44 318
25 76
393 472
178 318
252 267
238 369
217 246
329 487
7 436
43 93
103 144
141 436
153 261
180 364
6 211
345 431
23 380
4 138
9 482
97 329
105 190
157 380
231 329
248 498
196 308
229 256
382 498
55 103
41 205
60 447
421 426
99 375
132 323
159 426
173 324
206 272
233 375
324 493
398 442
21 492
62 493
76 391
208 318
249 319
309 370
359 487
152 386
133 144
138 488
284 313
36 211
110 160
96 262
113 431
261 329
412 498
16 498
85 103
90 447
112 206
203 324
236 272
106 391
92 493
188 201
226 493
64 165
143 458
182 386
215 334
242 437
256 335
316 386
27 283
44 452
66 211
219 453
200 211
217 380
318 432
43 227
29 329
483 499
142 206
180 498
221 499
235 397
6 345
254 447
18 170
97 463
119 222
105 324
196 442
270 391
297 494
3 47
121 268
154 216
195 217
272 437
57 283
98 284
115 453
189 402
249 453
323 402
1 351
73 227
21 37
59 329
133 278
147 176
207 227
265 397
251 499
298 345
325 448
36 345
110 294
58 104
339 346
89 171
127 463
168 464
209 273
302 464
401 443
33 47
112 340
126 238
203 458
277 407
376 386
101 181
54 335
87 283
128 284
188 335
293 351
279 453
353 402
31 351
17 453
91 402
413 453
256 469
204 279
295 397
80 243
28 53
66 345
88 104
167 397
198 464
332 464
406 413
5 69
10 413
65 120
82 289
257 290
348 408
7 115
40 63
45 407
67 166
105 458
119 356
193 305
210 474
232 233
22 423
383 402
61 351
42 109
135 300
443 453
286 469
360 418
19 125
24 469
46 228
98 418
137 346
170 294
211 295
271 346
1 485
35 69
21 171
40 413
95 120
100 464
114 362
246 289
287 290
339 480
72 136
77 480
438 459
37 115
75 407
190 357
176 459
223 305
314 423
93 424
74 182
126 372
165 300
225 351
266 352
299 300
390 418
202 367
150 177
188 469
293 485
26 141
53 244
70 413
144 362
130 464
204 413
218 311
278 362
369 480
47 429
28 187
107 480
88 238
129 239
220 357
253 305
280 408
385 424
123 424
104 182
156 372
183 475
257 424
255 351
26 491
7 249
81 198
67 300
141 249
158 418
199 419
232 367
6 24
56 141
97 142
83 244
135 434
157 193
248 311
234 413
308 362
349 363
60 260
46 362
151 378
132 136
137 480
252 430
285 378
35 203
76 204
62 306
114 496
136 255
153 424
134 182
213 475
287 424
361 373
347 475
20 80
326 352
89 439
452 491
111 198
138 301
171 249
212 250
229 419
303 368
363 419
0 367
41 368
127 142
113 244
132 486
165 434
206 435
239 383
266 486
338 362
16 311
90 260
38 70
150 311
384 481
241 429
282 430
301 480
342 481
356 379
15 86
53 378
106 204
92 306
144 496
166 255
218 445
317 424
69 322
50 80
129 373
143 271
160 440
418 476
220 491
294 440
242 250
354 491
13 198
333 368
44 265
393 419
71 368
104 316
145 317
219 266
296 486
370 435
7 383
34 486
120 260
180 311
6 158
312 430
345 378
23 327
4 85
248 445
196 255
289 446
349 497
22 102
27 446
99 322
159 373
324 440
365 441
2 389
76 338
24 148
57 96
84 199
134 316
175 317
189 215
1 164
340 384
326 486
400 435
37 383
152 333
138 435
212 384
243 451
377 451
55 400
36 158
77 159
127 276
113 378
154 379
187 327
228 328
319 446
30 343
16 445
52 102
90 394
112 153
131 395
437 492
15 220
106 338
54 148
92 440
166 389
240 338
331 456
31 164
17 266
69 456
110 457
143 405
108 384
182 333
256 282
407 451
11 451
448 452
66 158
107 159
145 451
167 210
198 277
217 327
10 226
29 276
43 174
122 467
409 497
82 102
87 446
120 394
142 153
235 344
64 462
45 220
105 271
237 390
270 338
297 441
22 236
8 338
311 339
402 457
61 164
173 405
121 215
272 384
313 385
76 472
24 282
84 333
115 400
189 349
137 159
175 451
249 400
290 401
1 298
174 226
191 395
265 344
251 446
325 395
89 118
302 411
300 338
52 236
0 46
38 338
79 339
93 237
126 185
244 406
343 385
68 180
147 473
155 334
188 282
279 400
320 401
31 298
12 56
58 401
91 349
70 226
182 467
223 468
256 416
295 344
47 242
258 462
332 411
373 412
5 16
10 360
32 119
65 67
123 237
156 185
183 288
274 406
348 355
334 457
26 304
86 355
67 113
311 473
350 401
61 298
9 108
88 401
121 349
253 468
286 416
387 468
24 416
60 73
65 417
63 344
151 191
211 242
238 345
271 293
329 463
362 411
21 118
62 119
141 412
174 360
265 478
306 479
56 304
37 62
190 304
176 406
382 474
19 422
0 180
41 181
79 473
415 422
206 248
266 299
51 145
357 417
16 124
21 468
95 417
155 468
169 366
260 484
394 484
72 433
53 191
359 463
70 360
144 309
92 119
130 411
171 412
245 361
336 479
410 428
47 376
28 134
69 135
74 479
107 427
470 479
160 253
146 355
220 304
10 494
51 495
32 253
321 356
44 78
49 422
71 181
104 129
123 371
257 371
236 248
348 489
296 299
26 438
7 196
48 197
81 145
139 315
273 315
259 417
23 140
28 484
83 191
102 433
124 192
162 484
248 258
201 412
8 17
13 361
46 309
25 186
63 478
137 427
159 186
250 304
40 494
76 151
62 253
81 495
136 202
351 356
442 474
213 422
287 371
328 372
56 438
4 248
37 196
157 490
190 438
231 439
363 366
55 213
113 191
154 192
192 484
266 433
305 361
30 156
57 259
90 207
131 208
134 479
282 377
342 428
70 494
166 202
245 495
298 321
317 371
358 372
17 79
96 372
110 270
143 218
108 197
146 489
160 387
220 438
261 439
335 388
11 264
71 315
236 382
310 331
337 434
370 382
48 331
29 89
221 259
312 377
23 274
64 275
372 428
413 429
215 444
275 495
349 444
22 49
13 495
27 393
25 320
99 269
250 438
365 388
76 285
24 95
425 439
84 146
115 213
175 264
276 316
326 433
78 331
152 280
138 382
303 449
55 347
3 157
41 449
168 224
228 275
305 495
346 496
379 444
420 445
38 151
117 444
131 342
222 460
203 218
230 321
15 167
54 95
59 439
298 455
432 455
31 111
17 213
36 455
91 162
223 281
209 383
283 332
374 450
11 398
33 157
112 450
186 399
198 224
318 326
376 496
101 291
87 393
161 342
109 152
188 445
221 393
409 444
386 460
427 461
26 117
12 219
45 167
86 168
177 286
297 388
80 353
61 111
66 455
88 214
121 162
162 163
200 455
253 281
313 332
24 229
65 230
156 348
142 450
189 296
290 348
276 450
1 245
40 173
114 122
100 224
119 466
141 225
193 415
265 291
251 393
292 394
3 291
77 240
56 117
75 167
94 409
154 460
195 461
267 337
368 389
93 184
79 286
170 404
244 353
230 455
304 404
68 127
21 281
54 229
73 471
95 230
147 420
169 179
207 471
260 297
31 245
72 246
58 348
380 399
89 415
70 173
130 224
126 482
74 292
107 240
148 241
146 168
184 460
225 461
239 359
10 307
51 308
32 66
101 425
109 286
183 235
274 353
301 456
26 251
7 9
12 353
86 302
334 404
375 405
177 420
237 471
278 472
80 487
9 55
88 348
102 246
162 297
179 466
253 415
5 313
13 174
46 122
63 291
156 482
178 241
290 482
269 359
255 461
329 410
2 15
7 359
40 307
62 66
67 410
81 308
141 359
153 184
306 426
389 461
345 354
56 251
116 302
157 303
190 251
267 471
14 25
19 369
41 128
93 318
132 246
357 364
35 313
21 415
95 364
169 313
384 467
260 431
208 241
320 482
361 483
72 380
58 482
359 410
37 359
70 307
111 308
171 359
185 257
262 477
336 426
14 375
0 477
69 82
74 426
148 375
396 477
160 200
220 251
247 354
373 493
51 442
32 200
338 472
352 370
11 77
49 369
71 128
90 370
123 318
150 421
164 319
412 421
12 487
48 144
34 246
240 314
331 432
350 482
364 380
28 431
102 380
50 190
88 482
129 483
143 381
215 257
201 359
275 308
65 498
13 308
44 375
25 133
118 324
178 375
269 493
250 251
403 493
2 149
43 150
29 252
62 200
81 442
103 201
120 370
141 493
194 319
254 370
6 268
345 488
18 93
4 195
23 437
56 385
78 144
83 488
105 247
138 195
157 437
229 313
55 160
132 380
159 483
305 308
30 103
76 448
57 206
131 155
117 257
136 499
398 499
474 494
73 150
59 252
92 200
133 201
171 493
212 494
284 370
36 268
17 26
96 319
127 386
113 488
187 437
300 314
30 453
11 211
85 160
126 161
112 263
145 211
164 453
186 212
203 381
236 329
263 432
277 330
337 381
15 330
48 278
428 499
106 448
87 206
139 396
166 499
188 258
312 324
64 222
12 32
50 324
91 325
215 391
201 493
242 494
256 392
289 340
27 340
13 442
118 458
66 268
140 217
200 268
291 386
318 489
392 438
24 42
29 386
103 335
194 453
142 263
268 402
307 330
18 227
4 329
367 381
119 279
105 381
196 499
344 397
330 499
22 346
3 104
94 222
168 171
286 392
272 494
19 48
131 289
79 99
84 443
189 459
170 217
230 268
147 233
174 336
207 284
224 453
339 403
399 454
31 58
36 402
77 403
110 351
89 228
75 330
149 279
209 330
300 448
374 397
52 346
33 104
38 448
434 448
225 274
10 120
15 464
51 121
101 238
54 392
87 340
293 408
353 459
64 356
12 166
91 459
163 335
204 336
237 284
369 403
80 300
28 110
66 402
107 403
140 351
167 454
429 454
179 279
406 470
43 418
82 346
63 104
142 397
257 347
307 464
348 465
40 120
81 121
119 413
141 172
193 362
232 290
383 459
61 408
135 357
121 459
195 408
234 336
360 475
137 403
170 351
436 470
73 418
114 419
95 177
174 470
155 228
287 347
378 465
37 172
75 464
190 414
171 172
314 480
262 290
14 188
0 290
93 481
126 429
148 188
239 306
225 408
299 357
51 255
390 475
431 476
68 424
90 183
123 131
128 475
150 234
202 424
26 198
34 59
466 470
70 470
218 368
204 470
226 229
47 486
28 244
102 193
88 295
162 244
179 413
220 414
294 363
280 465
354 414
65 311
385 481
44 188
156 429
104 239
197 430
257 481
269 306
255 408
29 65
67 357
461 476
172 373
158 475
232 424
180 234
273 425
306 373
6 81
4 8
9 352
42 300
83 301
97 199
157 250
248 368
234 470
308 419
368 470
60 317
473 486
132 193
173 194
211 486
233 245
285 435
250 414
324 363
35 260
21 362
62 363
76 261
95 311
134 239
287 481
361 430
39 379
37 306
111 255
185 204
262 424
303 425
336 373
14 322
0 424
36 81
74 373
96 132
363 476
127 199
113 301
165 491
206 492
51 389
338 419
11 24
16 368
71 75
90 317
164 266
439 471
241 486
356 436
15 143
48 91
106 261
92 363
125 311
139 209
166 312
226 363
240 261
331 379
391 430
69 379
451 481
129 430
160 497
242 307
27 153
13 255
32 497
44 322
118 271
66 81
104 373
145 374
219 323
393 476
236 492
217 250
310 441
7 440
81 389
122 390
103 148
120 317
180 368
254 317
345 435
18 40
9 486
45 143
83 435
97 333
157 384
446 487
196 312
60 451
8 261
25 430
99 379
173 328
233 379
272 307
2 446
57 153
62 497
98 154
136 446
134 373
189 272
249 323
340 441
400 492
4 492
37 440
59 199
73 97
133 148
138 492
224 266
284 317
14 456
110 164
416 436
127 333
75 143
154 436
187 384
228 385
302 334
476 487
352 451
30 400
11 158
52 159
38 261
90 451
203 328
263 379
304 380
395 498
128 154
207 447
205 374
31 221
17 323
91 272
143 462
182 390
242 441
85 457
66 215
184 436
217 384
258 385
318 436
43 231
29 333
332 334
235 401
334 380
119 226
105 328
196 446
311 396
435 462
61 221
94 169
121 272
214 463
346 390
387 391
24 339
98 288
46 98
115 457
189 406
290 458
288 385
21 41
59 333
174 283
265 401
339 350
325 452
3 401
77 350
58 108
89 175
75 277
168 468
176 329
341 396
52 293
126 242
165 170
244 463
15 411
51 68
376 390
68 237
128 288
202 237
279 457
353 406
31 355
12 113
17 457
70 283
177 180
130 334
204 283
256 473
295 401
355 452
47 299
80 247
107 350
88 108
198 468
179 226
373 469
406 417
371 396
82 293
123 294
197 243
183 345
257 294
274 463
348 412
26 361
7 119
86 412
67 170
232 237
350 458
383 406
61 355
135 304
121 406
162 407
195 355
286 473
65 474
98 422
271 350
1 489
362 468
403 469
21 175
62 176
95 124
114 366
141 469
153 294
227 243
213 345
39 192
77 484
438 463
42 463
116 412
190 361
281 479
415 479
19 479
93 428
74 186
456 480
165 304
113 114
192 407
206 305
225 355
68 371
54 473
90 130
128 422
150 181
241 299
301 350
31 489
72 490
433 469
70 417
130 468
171 469
204 417
245 418
369 484
410 485
28 191
107 484
129 243
146 412
220 361
280 412
321 413
354 361
32 310
13 68
385 428
44 135
49 479
145 187
183 479
236 305
296 356
48 254
34 356
81 202
122 203
172 320
120 130
125 474
180 181
199 423
273 372
6 28
23 197
9 299
61 489
83 248
97 146
102 490
157 197
248 315
201 469
289 316
60 264
8 74
13 418
46 366
151 382
99 192
178 485
159 243
252 434
440 485
250 361
2 259
136 259
475 479
153 428
227 377
213 479
287 428
328 429
1 34
452 495
56 495
152 203
138 305
190 495
212 254
229 423
303 372
363 423
41 372
127 146
132 490
187 197
206 439
266 490
30 213
90 264
131 265
117 367
208 485
15 90
20 434
106 208
92 310
166 259
284 480
358 429
31 34
17 136
69 326
129 377
418 480
108 254
182 203
261 496
242 254
335 445
44 269
219 270
236 439
296 490
337 491
43 44
34 490
48 388
122 337
87 316
194 213
372 485
9 433
45 90
64 332
124 383
289 450
237 260
297 311
22 106
8 208
27 450
388 429
25 377
99 326
140 327
159 377
173 275
214 276
250 495
2 393
76 342
24 152
29 496
62 444
98 101
103 445
189 219
175 321
276 373
1 168
309 321
340 388
18 337
367 491
78 388
59 146
152 337
212 388
400 439
191 265
55 404
3 214
127 280
75 90
154 383
168 281
228 332
30 347
57 450
38 208
112 157
131 399
170 327
203 275
244 276
304 327
15 224
455 496
59 496
92 444
207 394
205 321
31 168
17 270
110 461
397 491
430 439
108 388
182 337
130 147
209 440
242 388
256 286
283 389
11 455
47 112
85 404
107 163
126 405
186 456
198 281
184 383
258 332
318 383
10 230
101 348
82 106
161 399
274 276
64 466
485 496
177 343
163 445
311 343
297 445
402 461
61 168
214 410
313 389
65 287
115 404
63 214
137 163
156 405
189 353
216 456
290 405
288 332
40 230
114 179
100 281
251 450
292 451
366 400
3 348
89 122
94 466
116 225
228 466
281 292
341 343
19 292
93 241
368 446
170 461
244 410
192 220
304 461
54 286
95 287
128 235
155 338
169 236
260 354
320 405
31 302
72 303
53 61
58 405
89 472
380 456
144 179
130 281
204 230
295 348
322 451
47 246
396 400
148 298
198 415
239 416
373 416
10 364
49 292
123 241
109 343
183 292
334 461
26 308
7 66
12 410
34 169
48 67
86 359
139 185
125 287
158 235
199 236
259 287
350 405
61 302
9 112
102 303
162 354
5 370
46 179
25 56
63 348
137 297
151 195
178 298
40 364
81 365
463 467
172 483
153 241
213 292
254 293
306 483
39 139
56 308
116 359
190 308
176 410
231 309
281 426
14 82
19 426
41 185
55 83
93 375
132 303
206 252
357 421
35 370
21 472
417 472
169 370
155 472
458 473
134 349
260 488
359 467
70 364
111 365
144 313
171 416
336 483
284 293
410 432
470 483
69 139
74 483
96 242
129 190
160 257
187 360
261 309
247 411
321 360
51 499
412 478
11 134
44 82
71 185
109 477
150 478
164 376
197 324
34 303
122 150
139 319
125 421
240 371
259 421
273 319
23 144
9 246
50 247
64 145
102 437
124 196
162 488
465 489
201 416
27 263
8 21
25 190
104 483
118 381
159 190
238 483
250 308
81 499
29 309
153 375
194 376
180 478
227 324
254 427
268 325
419 494
18 150
56 442
78 201
157 494
231 443
270 371
303 319
55 217
3 27
41 319
435 438
94 145
132 437
154 196
173 438
192 488
206 386
233 489
305 365
30 160
57 263
131 212
134 483
222 330
323 382
309 484
106 155
59 309
92 257
147 156
185 448
245 499
224 376
298 325
36 325
110 274
96 376
418 427
127 443
108 201
187 494
335 392
321 494
300 371
11 268
85 217
112 320
145 268
186 269
203 438
236 386
10 43
15 387
48 335
101 161
161 212
221 263
312 381
353 382
50 381
215 448
163 258
256 449
289 397
22 53
13 499
25 324
80 223
140 274
214 223
217 494
365 392
43 341
24 99
29 443
65 100
84 150
103 392
115 217
142 320
175 268
216 269
276 320
307 387
18 284
367 438
45 387
105 438
193 285
210 454
191 212
251 263
77 110
94 279
168 228
154 330
286 449
319 397
360 398
420 449
57 397
98 398
79 156
131 346
222 464
230 325
1 465
422 495
54 99
207 341
298 459
339 460
31 115
17 217
72 116
75 387
108 335
223 285
209 387
283 336
314 403
52 403
126 352
112 454
225 331
258 279
51 178
390 398
101 295
49 105
128 398
161 346
427 465
31 465
12 223
177 290
163 392
237 341
278 342
369 460
402 408
66 459
88 218
162 167
181 409
214 357
253 285
5 183
65 234
82 403
156 352
216 403
290 352
381 470
40 177
193 419
172 296
158 398
191 346
232 347
292 398
457 465
56 121
42 223
61 465
116 172
176 223
267 341
368 393
285 358
271 460
73 475
21 285
147 424
155 285
246 403
287 404
320 352
20 60
111 178
149 470
171 229
223 419
264 420
262 347
47 193
0 347
74 296
126 486
148 245
165 414
146 172
299 414
338 342
68 481
49 239
123 188
164 189
150 291
202 481
241 409
274 357
315 358
375 409
12 357
34 116
177 424
226 286
317 404
80 491
28 301
102 250
350 352
162 301
179 470
220 471
201 229
294 420
5 317
327 368
27 76
32 420
354 471
44 245
118 194
104 296
156 486
178 245
269 363
255 465
329 414
2 19
81 312
62 70
389 465
153 188
232 481
180 291
273 482
405 409
9 409
42 357
157 307
231 256
382 425
151 492
132 250
285 492
233 302
324 420
35 317
21 419
57 76
62 420
95 368
117 127
134 296
208 245
227 487
361 487
39 436
359 414
111 312
59 122
212 364
245 312
262 481
336 430
377 431
14 379
0 481
74 430
437 482
96 189
160 204
113 358
187 307
239 497
247 358
338 476
412 425
11 81
90 374
71 132
112 133
150 425
263 302
15 200
414 471
166 369
240 318
226 420
331 436
391 487
28 435
69 436
143 385
124 143
201 363
242 364
275 312
27 210
333 482
407 431
44 379
118 328
66 138
104 430
145 431
178 379
269 497
217 307
7 497
43 154
48 498
81 446
103 205
122 447
120 374
194 323
6 272
83 492
119 149
157 441
231 390
196 369
8 318
99 436
159 487
233 436
272 364
76 452
131 159
134 430
208 379
222 277
249 380
309 431
1 278
20 328
323 329
340 498
37 497
78 498
152 447
133 205
416 493
127 390
75 200
108 148
113 492
261 390
302 391
300 318
30 457
186 216
277 334
263 436
337 385
87 210
240 452
205 431
64 226
12 36
17 380
182 447
256 396
181 222
167 324
217 441
258 442
291 390
318 493
332 391
392 442
156 165
194 457
235 458
6 406
307 334
367 385
45 334
67 93
105 385
193 232
210 401
158 211
270 452
344 401
3 108
8 452
94 226
195 278
346 447
387 448
98 345
79 103
189 463
170 221
211 222
323 463
362 391
73 288
59 390
100 391
114 289
174 340
422 442
224 457
265 458
339 407
77 407
58 165
89 232
75 334
149 283
223 232
176 386
209 334
314 350
300 452
14 58
52 350
79 453
112 401
126 299
165 227
225 278
51 125
376 447
68 294
54 396
417 448
202 294
188 396
353 463
26 68
12 170
31 412
53 171
86 119
91 463
144 289
177 237
218 238
278 289
80 304
28 114
33 458
88 165
107 407
129 166
167 458
179 283
181 356
429 458
406 474
10 474
371 453
44 58
156 299
142 401
197 300
348 469
81 125
67 227
141 176
447 448
172 243
232 294
259 397
56 68
9 222
42 170
83 171
121 463
162 464
195 412
234 340
19 186
60 187
46 289
151 305
211 356
159 166
271 407
285 305
436 474
35 130
21 232
40 474
114 423
136 182
174 474
227 300
213 402
287 351
72 197
378 469
89 366
75 468
111 125
171 176
262 294
14 192
0 294
93 485
148 192
239 310
192 464
225 412
51 259
431 480
30 136
68 428
90 187
169 480
150 238
241 356
301 407
342 408
34 63
466 474
70 474
218 372
166 182
245 475
226 233
278 423
47 490
69 249
129 300
160 367
146 469
220 418
280 469
5 264
354 418
32 367
13 125
385 485
44 192
123 485
104 243
145 244
178 192
197 434
257 485
255 412
296 413
48 311
34 413
67 361
81 259
122 260
120 187
158 479
180 238
199 480
273 429
461 480
23 254
97 203
248 372
308 423
22 29
8 131
13 475
25 300
151 439
173 198
252 491
233 249
324 367
384 418
62 367
153 485
175 244
361 434
20 141
326 413
37 310
111 259
59 69
212 311
243 378
229 480
377 378
14 326
0 428
41 429
55 327
127 203
113 305
187 254
206 496
228 255
319 373
379 424
11 28
90 321
131 322
164 270
241 490
20 491
53 439
414 418
106 265
166 316
226 367
205 244
317 485
331 383
391 434
31 91
69 383
91 142
96 486
182 260
333 429
11 378
393 480
71 429
145 378
219 327
434 481
217 254
310 445
370 496
43 101
48 445
122 394
161 322
235 271
18 44
9 490
45 147
97 337
105 198
124 440
446 491
196 316
297 368
22 163
8 265
61 91
173 332
159 434
200 435
214 333
272 311
2 450
76 399
24 209
98 158
84 260
115 327
189 276
464 481
276 430
1 225
441 497
73 101
59 203
138 496
152 394
212 445
224 270
265 271
251 373
55 461
3 271
36 219
77 220
94 389
75 147
127 337
154 440
228 389
302 338
30 404
52 163
38 265
79 266
112 214
131 456
203 332
277 281
230 435
304 384
68 107
54 209
128 158
147 400
207 451
279 327
471 497
108 445
182 394
130 204
242 445
256 343
283 446
47 169
80 117
184 440
318 440
10 287
82 163
235 405
183 215
274 333
334 384
45 281
86 282
119 230
177 400
210 348
311 400
80 467
135 174
286 343
327 344
313 446
24 343
98 292
46 102
84 394
115 461
290 462
1 359
288 389
21 45
114 236
174 287
191 456
265 405
339 354
325 456
366 457
3 405
77 354
42 333
75 281
116 282
281 349
341 400
19 349
0 107
52 297
79 400
401 451
165 174
244 467
51 72
16 51
95 344
128 292
155 395
169 293
260 411
17 461
53 118
72 360
70 287
144 236
130 338
245 288
295 405
336 406
355 456
47 303
107 354
148 355
167 405
181 303
146 282
220 231
280 282
5 77
373 473
32 180
49 349
123 298
109 400
197 247
348 416
26 365
7 123
86 416
34 226
67 174
172 190
125 344
350 462
61 359
9 169
83 118
88 462
162 411
234 287
60 134
46 236
65 478
178 355
238 406
2 129
35 77
62 180
153 298
213 349
287 298
39 196
378 416
56 365
37 123
42 467
116 416
231 366
438 467
281 483
229 293
14 139
0 241
19 483
41 242
55 140
93 432
132 360
113 118
206 309
266 360
357 478
30 83
169 427
150 185
208 355
241 303
282 304
342 355
72 494
20 304
53 252
433 473
111 422
144 370
171 473
185 371
14 489
47 437
69 196
148 489
108 124
146 416
220 365
247 468
261 366
294 314
352 484
385 432
49 483
123 432
164 433
296 360
34 360
122 207
120 134
125 478
180 185
199 427
259 478
273 376
364 494
23 201
9 303
50 304
64 202
83 252
215 371
289 320
275 422
349 371
8 78
44 489
25 247
99 196
178 489
159 247
200 248
252 438
250 365
291 366
2 263
76 212
62 314
103 315
136 263
351 417
115 140
175 191
254 484
268 382
1 38
326 360
18 207
78 258
138 309
243 325
229 427
344 377
330 479
55 274
3 84
41 376
94 202
127 150
132 494
154 253
206 443
30 217
57 320
38 78
131 269
208 489
230 248
342 489
356 387
15 94
20 438
106 212
92 314
133 315
166 263
224 433
284 484
358 433
31 38
69 330
96 433
110 331
418 484
108 258
242 258
374 377
11 325
85 274
71 376
236 443
184 253
277 444
310 392
411 444
48 392
34 494
122 341
101 218
87 320
221 320
312 438
386 387
64 336
413 490
86 95
124 387
177 213
163 315
289 454
22 110
27 454
25 381
66 382
2 397
43 398
24 156
103 449
84 207
115 274
189 223
142 377
276 377
340 392
381 393
18 341
4 443
40 100
100 151
105 495
193 342
191 269
292 321
22 460
55 408
383 439
94 336
75 94
154 387
168 285
443 490
319 454
360 455
19 162
57 454
93 111
98 455
244 280
230 382
73 398
54 156
147 347
155 208
205 325
17 274
58 275
70 100
108 392
209 444
11 459
107 167
186 460
198 285
225 388
10 234
390 455
82 110
87 454
128 455
202 404
274 280
34 39
163 449
311 347
402 465
102 173
88 275
162 224
181 466
214 414
179 393
313 393
5 240
65 291
82 460
156 409
137 167
216 460
290 409
255 388
288 336
329 337
40 234
193 476
141 286
158 455
232 404
306 353
292 455
366 404
56 178
94 470
116 229
135 471
176 280
267 398
308 399
341 347
19 296
79 347
132 173
170 465
244 414
343 393
147 481
155 342
260 358
361 410
53 65
70 234
111 235
144 183
223 476
336 353
322 455
14 302
0 404
33 352
47 250
396 404
165 471
299 471
247 281
373 420
32 127
338 399
49 296
123 245
150 348
183 296
241 466
274 414
375 466
48 71
34 173
53 415
86 363
139 189
125 291
177 481
226 343
259 291
350 409
391 410
28 358
102 307
50 117
88 409
129 410
162 358
451 461
253 476
201 286
327 425
5 374
65 425
13 235
25 60
104 353
118 251
178 302
238 353
269 420
329 471
403 420
81 369
62 127
103 128
172 487
153 245
180 348
213 296
6 195
39 143
345 415
97 313
116 363
157 364
231 313
382 482
19 430
60 431
41 189
132 307
206 256
233 359
324 477
357 425
398 426
16 132
57 133
62 477
117 184
136 426
169 374
134 353
260 492
458 477
309 354
39 493
37 420
111 369
92 127
171 420
245 369
224 246
336 487
377 488
14 436
410 436
74 487
96 246
127 313
113 415
160 261
187 364
247 415
261 313
11 138
16 482
49 430
263 359
48 205
34 307
125 425
166 426
240 375
226 477
64 149
50 251
69 493
102 441
143 442
430 472
215 318
201 420
275 369
316 370
407 488
44 436
25 194
66 195
99 143
104 487
118 385
140 144
145 488
178 436
291 313
29 313
103 262
442 482
194 380
268 329
254 431
328 380
6 329
23 498
4 256
119 206
105 308
152 154
157 498
231 447
196 426
243 272
330 426
22 273
8 375
55 221
435 442
94 149
173 442
154 200
233 493
305 369
346 370
131 216
84 370
134 487
208 436
222 334
249 437
323 386
73 211
59 313
133 262
207 211
224 380
284 431
36 329
17 87
449 498
127 447
108 205
228 499
52 273
38 375
85 221
112 324
126 222
186 273
277 391
263 493
337 442
87 267
128 268
202 217
188 319
205 488
279 437
353 386
64 283
12 93
50 385
91 386
413 437
163 262
140 278
181 279
214 227
258 499
392 499
65 104
103 396
82 273
142 324
216 273
6 463
307 391
367 442
408 443
40 47
193 289
210 458
158 268
344 458
22 407
3 165
42 93
195 335
360 402
19 109
24 453
79 160
170 278
211 279
271 330
1 469
288 499
362 448
35 53
21 155
95 104
100 448
114 346
133 396
246 273
36 463
72 120
58 222
438 443
75 391
149 340
176 443
209 391
264 290
374 458
415 459
47 63
0 217
33 165
52 407
112 458
126 356
165 284
51 182
49 109
54 453
293 469
241 279
427 469
31 469
12 227
53 228
144 346
130 448
218 295
278 346
369 464
80 361
28 171
102 120
107 464
181 413
179 340
253 289
5 187
65 238
13 48
404 458
82 407
156 356
104 166
142 458
183 459
197 357
257 408
255 335
81 182
141 233
158 402
292 402
6 8
457 469
56 125
42 227
61 469
116 176
135 418
157 177
195 469
234 397
308 346
368 397
46 346
137 464
271 464
35 187
21 289
95 238
114 480
136 239
134 166
213 459
260 305
287 408
39 306
72 254
452 475
89 423
190 475
264 424
262 351
322 402
14 249
0 351
74 300
148 249
165 418
146 176
266 470
338 346
16 295
49 243
164 193
375 413
34 120
144 480
278 480
317 408
28 305
102 254
50 64
129 357
160 424
220 475
354 475
32 424
13 182
393 403
104 300
178 249
197 491
255 469
296 470
2 23
7 367
29 126
34 470
67 418
81 316
120 244
122 317
172 434
273 486
6 142
23 311
4 69
405 413
157 311
231 260
248 429
349 481
22 86
8 188
46 480
60 378
132 254
173 255
233 306
324 424
2 373
35 321
62 424
76 322
84 183
136 373
384 475
134 300
175 301
208 249
227 491
249 250
361 491
340 368
460 470
59 126
152 317
212 368
243 435
14 383
55 384
36 142
437 486
96 193
127 260
113 362
187 311
228 312
352 378
30 327
11 85
16 429
52 86
90 378
112 137
263 306
356 497
15 204
414 475
106 322
455 476
240 322
226 424
205 301
331 440
432 492
64 96
17 250
91 199
129 491
182 317
316 317
44 383
85 384
66 142
71 486
118 332
145 435
467 486
217 311
258 312
318 363
43 158
29 260
122 451
82 86
180 429
235 328
268 276
6 276
18 101
23 445
45 204
83 496
119 153
124 497
210 271
330 373
22 220
8 322
25 491
173 389
214 390
200 492
76 456
98 215
84 317
249 384
323 333
288 312
18 451
59 260
224 327
265 328
251 430
325 379
3 328
416 497
89 102
94 446
127 394
154 497
168 395
52 220
0 30
112 271
126 169
203 389
263 440
304 441
68 164
101 112
106 456
147 457
205 435
279 384
31 282
12 40
91 333
380 436
130 261
163 209
204 210
256 400
316 451
295 328
355 379
80 174
198 395
184 497
258 446
332 395
318 497
10 344
392 446
101 462
142 271
216 220
235 462
307 338
334 441
45 338
67 97
158 215
22 354
61 282
121 333
195 282
286 400
327 401
387 452
19 56
98 349
63 328
137 277
189 467
211 226
271 277
288 446
40 344
114 293
100 395
174 344
389 498
422 446
213 272
339 411
3 462
77 411
37 46
149 287
190 288
176 390
281 406
14 62
19 406
74 113
79 457
93 355
165 231
225 282
51 129
16 108
49 56
54 400
155 452
260 468
293 416
31 416
72 417
53 175
130 395
204 344
295 462
369 411
47 360
69 119
107 411
181 360
160 237
280 339
5 134
10 478
32 237
371 457
44 62
82 354
104 113
109 457
123 355
183 406
257 355
255 282
7 180
81 129
34 283
67 231
86 473
122 130
158 349
172 247
199 350
232 298
259 401
447 452
424 468
61 416
9 226
83 175
102 417
234 344
275 345
60 191
46 293
151 309
137 411
211 360
159 170
238 463
252 361
285 309
40 478
114 427
62 237
477 479
227 304
287 355
328 356
378 473
56 422
37 180
116 473
190 422
138 232
243 248
229 350
55 197
93 489
454 468
165 365
113 175
192 468
266 417
431 484
68 432
16 242
169 484
117 294
208 412
282 361
342 412
15 17
53 309
70 478
111 479
92 237
144 427
166 186
185 428
218 376
226 237
245 479
69 253
17 63
129 304
143 202
146 473
261 423
280 473
321 474
335 372
385 489
44 196
118 145
71 299
123 489
164 490
236 366
310 315
48 315
29 73
34 417
461 484
139 433
199 484
6 89
312 361
23 258
97 207
50 361
83 309
215 428
248 376
289 377
349 428
8 135
25 304
151 443
173 202
159 304
233 253
252 495
250 422
324 371
2 320
76 269
103 372
84 130
194 490
227 438
1 95
39 387
326 417
18 264
152 264
212 315
243 382
229 484
303 433
344 434
36 89
127 207
168 208
319 377
305 479
30 274
379 428
57 377
131 326
117 428
230 305
20 495
106 269
54 79
92 371
133 372
298 439
358 490
31 95
17 197
36 439
69 387
91 146
108 315
110 388
283 316
333 433
374 434
11 382
85 331
33 141
66 89
71 433
145 382
219 331
184 310
258 259
310 449
48 449
122 398
409 428
101 275
87 377
221 377
386 444
427 445
64 393
86 152
124 444
163 372
196 320
237 321
297 372
388 490
25 438
61 95
66 439
99 387
140 388
2 454
43 455
313 316
98 162
84 264
404 434
115 331
464 485
216 383
249 331
276 434
290 332
18 398
40 157
78 449
152 398
193 399
191 326
265 275
251 377
325 326
3 275
77 224
168 342
116 152
228 393
176 203
302 342
19 219
52 167
79 270
93 168
131 460
230 439
304 388
73 455
54 213
147 404
155 265
246 383
31 229
17 331
58 332
72 230
380 383
108 449
149 450
130 208
322 378
33 275
107 224
126 466
198 342
146 152
184 444
258 393
299 394
10 291
332 342
101 409
49 219
109 270
183 219
235 409
274 337
334 388
26 235
12 337
177 404
237 455
278 456
311 404
61 229
214 471
179 450
253 399
327 348
5 297
387 399
65 348
46 106
115 465
63 275
137 224
156 466
290 466
255 445
288 393
329 394
389 445
21 49
153 168
232 461
306 410
366 461
3 409
39 66
56 235
168 476
116 286
281 353
267 455
308 456
19 353
93 302
41 112
79 404
285 472
343 450
35 297
16 55
21 399
95 348
169 297
260 415
320 466
394 415
20 174
53 122
58 466
70 291
130 342
171 343
185 241
262 461
336 410
396 461
33 409
146 286
220 235
239 477
247 338
280 286
51 426
338 456
371 404
123 302
71 112
109 404
150 405
183 353
197 251
315 472
26 369
7 127
48 128
53 472
139 246
125 348
350 466
391 467
23 71
9 173
28 415
50 174
83 122
88 466
102 364
215 241
201 343
275 292
27 190
60 138
426 461
63 409
118 308
151 256
238 410
7 477
76 82
62 184
103 185
141 477
227 251
180 405
213 353
254 354
6 252
42 471
116 420
157 421
138 179
330 349
60 488
456 488
421 467
132 364
113 122
192 415
266 364
357 482
398 483
30 87
16 189
57 190
131 139
117 241
134 410
208 359
222 257
282 308
342 359
72 498
20 308
92 184
133 185
171 477
185 375
245 426
410 493
36 252
148 493
96 303
113 472
187 421
247 472
321 421
352 488
11 195
49 487
90 488
145 195
164 437
186 196
236 313
277 314
263 416
296 364
428 483
87 190
125 482
166 483
64 206
50 308
102 498
143 499
163 185
201 477
275 426
27 324
8 82
44 493
25 251
66 252
99 200
118 442
140 201
178 493
219 494
252 442
351 421
392 422
24 26
29 370
103 319
120 488
194 437
268 386
328 437
6 386
307 314
18 211
119 263
105 365
193 212
196 483
229 431
270 432
330 483
22 330
3 88
8 432
41 380
55 278
94 206
132 498
154 257
173 499
435 499
319 324
272 478
305 426
346 427
19 32
38 82
57 324
79 83
84 427
117 375
131 273
170 201
208 493
222 391
249 494
20 442
282 442
323 443
73 268
59 370
133 319
207 268
224 437
284 488
325 489
358 437
36 386
17 144
58 145
399 438
149 263
182 211
209 314
335 453
314 330
300 432
374 381
33 88
186 330
203 499
337 499
10 104
376 427
101 222
87 324
202 274
188 376
293 392
353 443
64 340
12 150
86 99
91 443
237 268
297 319
388 437
80 284
66 386
140 335
214 284
167 438
429 438
5 110
24 160
43 402
65 161
103 453
82 330
115 278
142 381
156 279
216 330
276 381
307 448
381 397
18 345
367 499
40 104
45 448
67 207
100 155
105 499
119 397
441 448
232 274
3 222
94 340
42 150
443 494
267 268
360 459
19 166
170 335
244 284
230 386
73 402
21 212
89 346
70 104
75 448
223 346
283 397
262 274
0 274
33 222
107 171
148 172
186 464
165 341
198 289
225 392
299 341
68 408
101 356
109 217
150 218
301 387
26 182
12 284
53 285
86 233
125 161
163 453
80 418
28 228
88 279
162 228
181 470
179 397
280 449
313 397
354 398
65 295
13 105
118 121
104 223
216 464
257 465
329 341
7 290
40 238
81 239
141 290
158 459
180 218
292 459
56 182
42 284
83 285
248 352
281 300
19 300
60 301
41 59
46 403
368 454
151 419
343 397
35 244
384 398
169 244
155 346
134 223
287 465
361 414
58 413
89 480
37 290
111 239
264 481
336 357
14 306
0 408
74 357
148 306
96 116
396 408
113 285
146 233
239 424
51 373
338 403
16 352
49 300
90 301
150 352
164 250
439 455
375 470
139 193
218 486
331 363
391 414
28 362
69 363
50 121
201 290
5 378
27 137
44 306
25 64
104 357
118 255
178 306
219 307
252 255
269 424
217 234
310 425
329 475
2 80
7 424
67 475
103 132
370 476
120 301
180 352
345 419
18 24
23 368
83 419
105 178
231 317
196 296
55 91
8 245
41 193
60 435
99 363
173 312
159 414
233 363
2 430
35 378
62 481
76 379
458 481
134 357
208 306
249 307
309 358
20 255
340 425
359 475
37 424
400 476
152 374
138 476
243 492
224 250
14 440
55 441
36 199
110 148
96 250
127 317
113 419
187 368
247 419
352 435
30 384
11 142
16 486
38 245
52 143
71 193
412 486
453 487
263 363
15 261
428 430
87 137
92 481
166 430
240 379
331 497
279 307
465 497
64 153
69 497
124 204
143 446
182 374
215 322
242 425
27 271
407 492
80 97
85 441
118 389
219 441
167 251
291 317
318 420
43 215
29 317
103 266
423 436
483 487
194 384
142 194
180 486
235 385
268 333
6 333
97 451
45 261
119 210
105 312
210 328
270 379
22 277
3 35
8 379
435 446
94 153
135 154
173 446
195 205
233 497
272 425
115 441
189 390
249 441
323 390
400 489
1 339
73 215
59 317
147 164
207 215
298 333
251 487
77 334
58 92
110 282
89 159
75 261
127 451
209 261
52 277
126 226
203 446
277 395
304 498
10 51
15 395
51 52
101 169
54 323
87 271
188 323
293 339
279 441
353 390
413 441
12 97
17 441
91 390
130 318
295 385
28 41
33 385
66 333
88 92
181 283
179 210
10 401
43 349
371 380
142 328
183 329
216 277
307 395
348 396
334 498
408 447
7 103
40 51
45 395
67 154
86 396
105 446
119 344
158 272
210 462
22 411
383 390
61 339
135 288
121 390
286 457
234 267
360 406
19 113
24 457
46 216
211 283
271 334
362 452
35 57
21 159
40 401
95 108
155 159
213 329
246 277
339 468
72 124
378 396
89 293
190 345
176 447
264 294
14 119
0 221
19 463
52 411
74 170
93 412
165 288
266 340
51 186
68 355
49 113
54 457
202 355
150 165
241 283
301 334
130 452
204 401
218 299
278 350
369 468
28 175
102 124
88 226
107 468
129 227
181 417
179 344
280 396
32 294
385 412
44 119
49 463
82 411
104 170
123 412
183 463
197 361
257 412
255 339
296 340
26 479
7 237
81 186
67 288
172 304
158 406
199 407
232 355
273 356
6 12
56 129
61 473
83 232
135 422
157 181
248 299
349 351
8 58
46 350
440 469
137 468
211 417
159 227
252 418
250 345
21 293
62 294
76 192
114 484
136 243
134 170
213 463
287 412
347 463
39 310
20 68
326 340
452 479
37 237
111 186
152 187
138 289
190 479
212 238
303 356
14 253
363 407
41 356
74 304
132 474
338 350
30 197
68 489
164 197
117 351
150 299
315 366
53 366
106 192
92 294
144 484
166 243
185 485
218 433
226 294
344 381
69 310
160 428
182 187
201 237
220 479
294 428
27 84
32 428
44 253
85 254
71 356
104 304
118 202
145 305
197 495
219 254
236 423
296 474
310 372
370 423
29 130
122 321
139 490
120 248
221 300
6 146
372 469
45 74
83 366
124 367
157 315
196 243
349 485
22 90
8 192
27 434
25 361
99 310
173 259
159 361
233 310
250 479
324 428
2 377
76 326
62 428
103 429
84 187
136 377
115 254
227 495
175 305
425 480
39 444
340 372
326 474
18 321
4 423
37 371
59 130
78 372
400 423
460 474
243 439
377 439
36 146
41 490
77 147
168 265
154 367
228 316
30 331
379 485
57 434
90 382
112 141
117 485
131 383
263 310
15 208
395 429
106 326
133 429
207 378
298 496
432 496
110 445
91 203
143 393
182 321
316 321
333 490
407 439
11 439
85 388
107 147
145 439
167 198
186 440
198 265
184 367
258 316
10 214
43 162
409 485
82 90
161 383
235 332
221 434
23 449
64 450
45 208
119 157
105 259
210 275
196 377
311 327
297 429
22 224
8 326
25 495
61 152
66 496
140 445
200 496
214 394
462 496
313 373
76 460
98 219
84 321
115 388
189 337
137 147
175 439
288 316
114 163
100 265
152 455
174 214
193 456
251 434
325 383
366 384
3 332
77 281
75 208
168 399
228 450
176 260
267 378
52 224
0 34
38 326
93 225
244 394
54 270
147 461
205 439
246 440
380 440
17 388
70 214
182 455
130 265
204 214
355 383
33 332
107 281
181 230
198 399
258 450
299 451
373 400
10 348
101 466
82 224
109 327
183 276
235 466
26 292
12 394
86 343
67 101
158 219
199 220
311 461
350 389
61 286
9 96
88 389
121 337
135 235
253 456
24 404
65 405
151 179
211 230
238 333
271 281
288 450
362 399
40 348
21 106
62 107
141 400
265 466
213 276
306 467
3 466
39 123
56 292
42 394
89 240
116 343
281 410
341 461
14 66
93 359
74 117
79 461
165 235
192 338
266 287
357 405
68 302
35 354
16 112
21 456
54 404
95 405
169 354
260 472
394 472
72 421
53 179
144 297
130 399
171 400
245 349
295 466
336 467
410 416
47 364
33 466
69 123
74 467
129 174
148 416
160 241
146 343
220 292
10 482
371 461
412 462
49 410
71 169
104 117
109 461
150 462
183 410
197 308
348 477
7 184
86 477
125 405
199 354
259 405
28 472
9 230
83 179
124 180
162 472
215 298
5 488
27 247
13 349
60 195
25 174
104 467
137 415
159 174
178 416
2 190
76 139
81 483
477 483
227 308
180 462
254 411
39 257
419 478
56 426
4 236
116 477
157 478
190 426
330 406
55 201
41 303
93 493
454 472
132 421
154 180
192 472
266 421
305 349
431 488
16 246
90 195
131 196
117 298
169 488
134 467
208 416
282 365
15 21
20 365
70 482
106 139
111 483
166 190
185 432
245 483
298 309
284 411
69 257
17 67
143 206
449 478
160 375
108 185
261 427
335 376
321 478
11 252
85 201
164 494
145 252
310 319
263 473
296 421
337 422
48 319
461 488
101 145
87 247
120 195
161 196
199 488
372 416
64 263
413 417
124 314
215 432
163 242
275 483
289 381
316 484
22 37
8 139
13 483
349 432
25 308
99 257
140 258
173 206
252 499
217 478
291 427
2 324
43 325
425 427
103 376
328 494
276 304
18 268
367 422
78 319
152 268
105 422
193 269
243 386
191 196
270 489
344 438
3 145
41 437
228 263
420 433
57 381
38 139
117 432
131 330
222 448
282 499
230 309
106 273
54 83
59 427
133 376
224 494
205 252
246 253
358 494
399 495
31 99
17 201
91 150
96 494
110 392
397 422
149 320
182 268
209 371
374 438
33 145
38 489
186 387
198 212
10 161
376 484
87 381
161 330
109 140
188 433
202 331
221 381
235 279
312 499
427 449
26 105
12 207
50 499
64 397
177 274
163 376
388 494
80 341
429 495
140 392
88 202
121 150
200 443
253 269
313 320
43 459
404 438
82 387
63 145
115 335
142 438
156 336
276 438
290 336
381 454
119 454
100 212
193 403
191 330
292 382
3 279
77 228
94 397
42 207
116 156
135 398
154 448
176 207
195 449
267 325
19 223
93 172
79 274
368 377
244 341
230 443
285 342
304 392
73 459
147 408
95 218
155 269
260 285
320 336
347 439
72 234
380 387
70 161
149 454
223 403
171 213
262 331
322 382
47 177
126 470
74 280
198 346
184 448
239 347
10 295
51 296
32 54
101 413
123 172
315 342
375 393
86 290
278 460
28 285
9 43
88 336
102 234
162 285
201 213
313 454
5 301
327 352
27 60
13 162
46 110
65 352
63 279
104 280
156 470
178 229
269 347
255 449
329 398
2 3
40 295
389 449
232 465
366 465
4 49
42 341
116 290
231 240
248 409
281 357
19 357
41 116
151 476
132 234
192 285
343 454
35 301
57 60
95 352
155 403
169 301
260 419
208 229
58 470
359 398
70 295
111 296
185 245
171 347
245 296
262 465
14 363
0 465
69 70
74 414
160 188
220 239
338 460
11 65
90 358
123 306
315 476
26 373
48 132
34 234
53 476
414 455
125 352
199 301
240 302
331 420
364 368
391 471
23 75
28 419
50 178
64 76
88 470
102 368
124 127
215 245
275 296
5 435
27 194
44 363
25 121
118 312
426 465
217 291
2 137
7 481
76 86
81 430
103 189
141 481
153 306
444 482
180 409
254 358
6 256
18 81
4 183
83 476
97 374
105 235
138 183
157 425
231 374
229 301
270 302
55 148
8 302
41 250
421 471
99 420
173 369
159 471
206 317
35 435
76 436
57 194
131 143
136 487
222 261
208 363
309 415
20 312
73 138
59 240
185 379
14 497
36 256
127 374
108 132
113 476
187 425
247 476
261 374
302 375
321 425
352 492
30 441
11 199
71 250
126 149
164 441
186 200
236 317
337 369
106 436
87 194
166 487
240 436
188 246
279 364
12 20
50 312
91 313
124 261
182 431
163 189
215 379
242 482
316 431
27 328
80 154
219 498
291 374
351 425
43 272
24 30
29 374
103 323
194 441
142 251
254 492
1 46
307 318
4 317
45 318
119 267
105 369
193 216
210 385
196 487
344 385
330 487
94 210
121 313
154 261
272 482
346 431
24 380
79 87
84 431
115 498
189 447
230 256
323 447
1 396
362 375
21 82
59 374
133 323
174 324
224 441
298 390
339 391
36 390
77 391
58 149
110 339
149 267
314 334
300 436
374 385
38 436
74 93
112 385
186 334
184 261
225 262
277 452
15 452
101 226
87 328
202 278
188 380
293 396
26 52
12 154
17 498
31 396
91 447
177 221
295 442
355 493
80 288
429 442
107 391
88 149
140 339
167 442
181 340
179 267
489 493
406 458
5 114
10 458
43 406
65 165
82 334
63 92
156 283
216 334
257 335
307 452
81 109
119 401
141 160
172 227
232 278
383 447
443 498
135 345
484 499
195 396
360 463
19 170
93 119
46 273
98 463
170 339
211 340
285 289
436 458
40 458
21 216
73 406
114 407
174 458
213 386
72 181
378 453
89 350
75 452
190 402
223 350
314 468
262 278
322 329
93 469
74 227
126 417
148 176
165 345
239 294
266 397
299 345
51 243
431 464
68 412
49 170
90 171
150 222
301 391
26 186
53 289
34 47
70 458
125 165
47 474
102 181
143 182
129 284
146 453
253 350
294 351
280 453
5 248
354 402
385 469
44 176
82 468
104 227
123 469
197 418
257 469
255 396
296 397
329 345
7 294
29 53
172 361
120 171
199 464
180 222
306 361
23 238
83 289
157 238
248 356
368 458
60 305
151 423
173 182
159 284
211 474
252 475
285 423
250 402
324 351
35 248
21 350
76 249
136 300
384 402
153 469
227 418
361 418
326 397
89 484
185 192
138 346
212 295
229 464
0 412
36 69
41 413
96 120
113 289
187 238
247 289
338 407
11 12
90 305
38 115
150 356
164 254
439 459
282 475
315 423
356 424
15 131
48 79
53 423
218 490
166 300
240 249
226 351
317 469
391 418
69 367
50 125
91 126
129 418
143 316
160 485
201 294
294 485
335 486
27 141
13 243
333 413
44 310
118 259
71 413
145 362
393 464
236 480
217 238
48 429
29 187
194 254
221 357
254 305
312 475
386 424
18 28
4 130
9 474
23 372
45 131
83 423
105 182
157 372
289 491
22 147
27 491
60 439
25 418
173 316
121 126
159 418
272 295
2 434
76 383
84 244
134 361
175 362
249 311
4 480
37 428
73 85
78 429
133 136
138 480
152 378
212 429
224 254
243 496
251 357
55 445
36 203
96 254
416 424
113 423
187 372
302 322
319 491
30 388
16 490
52 147
38 249
90 439
112 198
131 440
453 491
304 368
15 265
395 486
428 434
106 383
87 141
166 434
207 435
188 193
240 383
31 209
17 311
143 450
108 429
182 378
256 327
242 429
316 378
11 496
80 101
66 203
107 204
140 152
145 496
167 255
198 322
217 372
318 424
29 321
423 440
483 491
82 147
87 491
142 198
235 389
45 265
196 434
237 435
311 384
22 281
135 158
121 260
195 209
214 451
286 327
272 429
313 430
346 378
24 327
98 276
84 378
115 445
189 394
137 204
175 496
249 445
290 446
323 394
40 271
21 29
73 219
100 322
114 220
174 271
191 440
251 491
366 441
3 389
58 96
89 163
75 265
149 214
168 456
190 215
302 456
281 333
300 383
341 384
401 435
0 91
79 384
93 282
126 230
203 450
244 451
51 56
68 225
54 327
202 225
155 379
188 327
279 445
320 446
353 394
31 343
12 101
53 102
70 271
256 461
204 271
295 389
47 287
28 45
107 338
88 96
179 214
332 456
373 457
5 61
65 112
371 384
156 230
197 231
257 282
274 451
348 400
7 107
12 451
67 158
86 400
172 174
158 276
350 446
23 51
9 153
42 101
61 343
135 292
162 395
24 461
65 462
46 220
426 441
63 389
151 236
211 287
362 456
403 457
35 61
21 163
40 405
95 112
141 457
174 405
213 333
339 472
56 349
37 107
42 451
89 297
116 400
190 349
438 451
415 467
14 123
0 225
19 467
41 226
74 174
93 416
165 292
206 293
192 395
456 468
90 118
169 411
150 169
241 287
72 478
53 236
144 354
92 164
130 456
171 457
204 405
47 421
28 179
69 180
146 400
220 349
294 298
280 400
32 298
385 416
445 467
44 123
49 467
104 174
123 416
145 175
183 467
257 416
26 483
48 242
34 344
122 191
139 360
125 462
273 360
259 462
6 16
23 185
97 134
83 236
124 237
248 303
201 457
27 304
8 62
13 406
46 354
25 231
60 252
99 180
178 473
440 473
2 247
76 196
62 298
136 247
134 174
287 416
328 417
39 314
326 344
56 483
4 293
37 241
78 242
190 483
212 242
243 309
229 411
303 360
363 411
41 360
113 236
154 237
206 427
305 406
30 201
16 303
57 304
38 62
90 252
117 355
131 253
222 371
208 473
282 422
342 473
15 78
20 422
106 196
92 298
166 247
185 489
207 248
298 366
284 468
317 416
358 417
69 314
17 124
96 417
143 263
160 432
182 191
32 432
11 309
85 258
71 360
236 427
184 237
296 478
337 479
370 427
48 376
29 134
34 478
122 325
139 494
411 428
161 253
221 304
23 319
64 320
45 78
50 422
124 371
372 473
215 489
196 247
237 248
289 438
297 299
27 438
8 196
349 489
99 314
140 315
173 263
214 264
250 483
291 484
2 381
29 484
103 433
84 191
115 258
189 207
249 258
276 361
1 156
340 376
326 478
400 427
4 427
40 84
59 134
78 376
105 479
193 326
303 494
251 304
344 495
55 392
3 202
77 151
94 320
75 78
154 371
443 474
379 489
420 490
52 94
38 196
57 438
79 197
117 489
170 315
203 263
15 212
73 382
106 330
147 331
155 192
205 309
58 259
91 207
70 84
108 376
130 135
182 325
223 326
256 274
283 377
333 494
374 495
85 392
33 202
71 494
107 151
112 495
126 393
198 269
184 371
318 371
10 218
450 490
82 94
87 438
109 197
161 387
188 490
235 336
12 264
45 212
86 213
177 331
163 433
237 382
297 433
402 449
80 398
61 156
140 449
88 259
121 207
162 208
214 398
24 274
65 275
98 223
404 495
63 202
137 151
142 495
156 393
189 341
276 495
290 393
288 320
18 459
40 218
100 269
141 270
193 460
480 490
191 387
265 336
306 337
366 388
3 336
77 285
56 162
42 264
89 110
94 454
116 213
168 403
19 280
93 229
170 449
192 208
304 449
343 377
68 172
21 326
169 224
260 342
320 393
380 444
58 393
89 460
70 218
144 167
130 269
171 270
295 336
322 439
47 234
74 337
148 286
198 403
146 213
299 455
373 404
32 111
123 229
183 280
274 398
334 449
375 450
7 54
12 398
34 157
48 55
86 347
125 275
199 224
350 393
28 342
9 100
162 342
201 270
327 409
5 358
387 460
65 409
46 167
151 183
104 337
137 285
178 286
329 455
403 404
2 60
7 404
62 111
141 404
153 229
213 280
306 471
39 127
345 399
405 450
116 347
157 348
231 297
281 414
60 415
41 173
79 465
93 363
132 291
192 342
266 291
398 410
417 460
16 116
21 460
95 409
155 460
169 358
260 476
72 425
20 235
359 455
37 404
70 352
92 111
111 353
245 353
410 420
470 471
69 127
110 128
148 420
187 348
261 297
247 399
51 487
32 245
352 415
412 466
44 70
90 415
150 466
236 240
26 430
447 460
139 307
199 358
240 359
273 307
364 425
465 477
9 234
50 235
64 133
102 425
215 302
201 404
275 353
27 251
8 9
13 353
25 178
118 369
159 178
238 471
252 369
217 348
250 296
291 297
43 195
76 143
120 415
254 415
328 364
6 313
419 482
23 482
4 240
56 430
97 431
105 292
157 482
231 431
229 358
303 307
330 410
3 15
94 133
132 425
154 184
233 477
35 492
76 493
117 302
208 420
282 369
323 370
309 472
15 25
20 369
73 195
59 297
92 245
106 143
111 487
133 246
298 313
284 415
358 364
36 313
110 262
449 482
127 431
108 189
209 241
335 380
300 359
30 498
38 359
71 307
112 308
145 256
203 426
236 374
263 477
337 426
10 31
15 375
48 323
106 493
87 251
161 200
188 303
221 251
353 370
64 267
12 77
50 369
91 370
163 246
289 385
316 488
13 487
25 312
80 211
217 482
351 482
392 483
65 88
103 380
115 205
194 498
268 447
216 257
276 308
6 447
367 426
4 374
78 323
119 324
210 442
191 200
22 391
3 149
8 493
77 98
94 267
168 216
121 370
154 318
319 385
360 386
346 488
420 437
19 93
24 437
79 144
84 488
98 386
131 334
222 452
271 314
422 483
147 278
133 380
207 329
224 498
58 206
96 498
89 273
75 375
149 324
223 273
209 375
397 426
314 391
415 443
52 391
33 149
38 493
112 442
126 340
186 391
225 319
51 166
376 488
49 93
54 437
87 385
202 335
301 314
31 453
12 211
86 160
177 278
163 380
204 381
237 329
295 499
369 448
80 345
61 103
66 447
107 448
140 396
167 499
179 324
253 273
313 324
43 463
65 222
13 32
404 442
82 391
63 149
104 150
142 442
156 340
216 391
257 392
464 493
255 319
40 165
81 166
67 268
119 458
141 217
158 386
232 335
292 386
56 109
61 453
157 161
176 211
267 329
19 227
46 330
79 278
170 396
211 397
285 346
35 171
21 273
73 463
95 222
114 464
155 273
169 171
134 150
260 289
320 340
347 443
72 238
20 48
58 340
89 407
37 217
111 166
149 458
190 459
223 407
452 459
262 335
14 233
126 474
74 284
239 351
90 228
109 278
123 176
150 279
164 177
202 469
241 397
301 448
12 345
53 346
34 104
144 464
125 222
218 413
226 274
317 392
9 47
129 341
162 289
179 458
253 407
294 408
5 305
27 64
13 166
32 408
156 474
197 475
178 233
238 284
269 351
255 453
329 402
2 7
7 351
29 110
67 402
81 300
141 351
172 418
232 469
273 470
306 418
345 346
23 295
4 53
9 397
42 345
97 244
157 295
248 413
308 464
382 413
60 362
151 480
173 239
159 341
250 459
324 408
35 305
21 407
57 64
62 408
76 306
136 357
384 459
208 233
39 424
20 182
359 402
400 403
37 351
111 300
138 403
212 352
262 469
336 418
377 419
14 367
36 126
74 418
187 295
51 434
352 362
338 464
412 413
11 69
16 413
112 121
203 239
356 481
15 188
48 136
53 480
92 408
125 356
240 306
226 408
28 423
64 80
69 424
215 249
201 351
27 198
13 300
333 470
44 367
25 125
66 126
71 470
104 418
118 316
145 419
219 368
217 295
269 485
7 485
48 486
29 244
103 193
122 435
409 465
444 486
194 311
180 413
221 414
254 362
345 480
419 429
23 429
4 187
45 188
78 136
83 480
97 378
105 239
124 481
196 357
330 357
421 475
462 476
159 475
398 491
2 491
98 199
131 147
136 491
134 418
175 419
189 317
222 265
309 419
1 266
340 486
37 485
73 142
59 244
78 486
133 193
152 435
224 311
251 414
36 260
110 209
416 481
108 136
154 481
187 429
228 430
352 496
52 204
90 496
126 153
131 497
263 424
304 425
337 373
428 491
106 440
87 198
207 492
188 250
240 440
205 419
64 214
12 24
91 317
108 486
182 435
163 193
316 435
80 158
140 209
181 210
184 481
217 429
332 379
318 481
29 378
82 204
161 497
235 446
367 373
45 322
119 271
67 81
210 389
158 199
196 491
270 440
8 440
135 215
195 266
286 384
272 486
346 435
387 436
46 143
79 91
84 435
189 451
137 261
170 209
288 430
73 276
21 86
59 378
147 225
174 328
422 430
191 497
265 446
339 395
325 497
399 446
77 395
58 153
89 220
75 322
190 272
209 322
314 338
267 492
341 441
14 46
0 148
38 440
52 338
79 441
93 339
112 389
126 287
165 215
401 492
15 456
51 113
376 435
54 384
202 282
353 451
394 452
26 56
12 158
218 226
295 446
369 395
47 344
429 446
88 153
167 446
181 344
179 271
280 323
5 118
10 462
32 221
371 441
406 462
82 338
123 339
109 441
142 389
183 390
197 288
255 266
348 457
26 406
7 164
81 113
61 400
9 210
42 158
83 159
135 349
162 452
195 400
234 328
98 467
46 277
63 446
436 462
35 118
21 220
174 462
153 339
213 390
287 339
347 390
39 237
378 457
56 406
37 164
116 457
190 406
264 355
262 282
14 180
0 282
74 231
93 473
148 180
165 349
113 159
225 400
239 298
266 401
431 468
16 226
169 468
301 395
53 293
34 51
144 411
92 221
125 169
166 170
204 462
218 360
245 463
47 478
28 236
143 186
129 288
160 355
146 457
220 406
280 457
354 406
385 473
13 113
104 231
178 180
257 473
296 401
48 299
29 57
81 247
461 468
172 365
120 175
367 460
180 226
273 417
6 73
23 242
9 344
83 293
97 191
157 242
275 463
349 412
60 309
8 119
46 411
25 288
99 237
151 427
159 288
173 186
250 406
324 355
2 304
351 458
62 355
136 304
84 114
384 406
134 231
175 232
328 474
1 79
37 298
152 248
138 350
243 366
229 468
14 314
55 315
41 417
363 468
113 293
305 463
30 258
16 360
90 309
131 310
164 258
379 412
439 463
282 479
356 428
15 135
20 479
106 253
240 253
358 474
69 371
91 130
160 489
108 299
242 299
32 489
11 366
44 314
85 315
219 315
236 484
184 294
217 242
310 433
370 484
43 89
29 191
122 382
411 485
87 361
120 309
194 258
221 361
235 259
23 376
9 478
45 135
50 479
97 325
124 428
196 304
289 495
297 356
22 151
8 253
27 495
388 474
25 422
99 371
140 372
159 422
173 320
200 423
214 321
272 299
365 490
76 387
24 197
62 489
103 490
464 469
189 264
249 315
276 418
1 213
309 366
340 433
441 485
73 89
152 382
193 383
191 310
224 258
416 428
94 377
75 135
127 325
168 326
176 187
228 377
267 305
30 392
453 495
52 151
131 444
170 372
244 321
304 372
395 490
68 95
106 387
128 146
133 490
147 388
188 197
207 439
205 366
17 315
91 264
471 485
108 433
182 382
130 192
209 485
242 433
256 331
283 434
47 157
33 259
80 105
107 208
126 450
198 326
184 428
318 428
10 275
423 444
101 393
483 495
161 444
109 254
183 203
221 495
235 393
12 321
45 269
86 270
311 388
297 490
80 455
9 23
121 264
135 162
162 265
195 213
214 455
253 383
313 434
65 332
46 90
98 280
156 450
1 347
389 429
265 393
306 394
292 496
339 342
366 445
39 50
89 167
281 337
267 439
368 491
0 95
79 388
93 286
401 439
51 60
343 434
68 229
95 332
169 281
155 383
260 399
320 450
394 399
53 106
58 450
144 224
130 326
295 393
322 496
396 445
28 49
33 393
107 342
181 291
160 168
198 460
239 461
373 461
10 409
51 410
32 168
109 388
183 337
197 235
274 455
26 353
12 455
48 112
139 230
172 178
259 332
28 399
9 157
61 347
88 450
327 466
275 276
5 415
60 122
46 224
25 101
63 393
137 342
151 240
178 343
211 291
418 428
403 461
40 409
81 410
62 168
141 461
227 235
213 337
378 404
42 455
78 112
138 163
176 455
281 471
14 127
19 471
55 128
206 297
266 348
30 71
35 415
90 122
95 466
169 415
222 241
241 291
20 292
144 358
92 168
171 461
245 410
284 338
14 477
47 425
69 184
148 477
96 287
108 112
146 404
187 405
220 353
247 456
261 354
32 302
294 302
352 472
44 127
85 128
71 230
123 420
145 179
164 421
197 369
236 297
26 487
337 349
48 246
120 122
240 416
259 466
273 364
364 482
23 189
9 291
50 292
97 138
102 482
124 241
275 410
349 359
8 66
25 235
99 184
252 426
217 405
250 353
425 432
2 251
76 200
29 354
62 302
103 303
351 405
115 128
153 420
194 421
227 369
254 472
268 370
1 26
6 370
326 348
18 195
4 297
56 487
97 488
138 297
152 195
212 246
243 313
330 467
55 262
435 483
94 190
127 138
132 482
154 241
173 483
206 431
30 205
57 308
38 66
131 257
222 375
208 477
282 426
230 236
356 375
20 426
106 200
59 354
133 303
185 493
207 252
224 421
298 370
284 472
358 421
36 370
110 319
96 421
418 472
127 488
108 246
160 436
182 195
242 246
261 488
335 437
33 72
71 364
112 365
184 241
337 483
411 432
101 206
87 308
161 257
221 308
312 426
45 82
124 375
215 493
163 303
237 252
256 494
289 442
22 98
388 421
80 268
214 268
200 370
291 488
365 437
406 438
24 144
115 262
189 211
142 365
175 313
216 314
1 160
307 432
18 329
40 88
78 380
100 139
105 483
119 381
193 330
191 257
210 499
344 499
22 448
77 155
383 427
42 134
154 375
168 273
195 376
286 494
420 494
98 443
170 319
436 438
73 386
54 144
59 488
147 335
155 196
31 160
72 161
58 263
110 453
70 88
223 330
374 499
47 104
126 397
198 273
225 376
299 325
51 223
390 443
101 340
87 442
128 443
109 201
161 391
188 494
202 392
450 494
301 371
26 166
12 268
163 437
237 386
402 453
80 402
28 212
61 160
102 161
140 453
214 402
179 381
253 330
313 381
5 228
354 382
137 155
216 448
269 274
255 376
40 222
81 223
67 325
114 171
141 274
158 443
191 391
232 392
306 341
56 166
135 459
116 217
176 268
281 284
234 438
308 387
19 284
93 233
41 43
46 387
79 335
368 438
132 161
211 454
192 212
244 402
285 403
343 381
21 330
95 279
147 469
155 330
169 228
260 346
246 448
320 397
361 398
72 295
58 397
89 464
144 171
171 274
264 465
336 341
14 290
96 100
146 217
239 408
299 459
247 269
373 408
51 357
338 387
49 284
123 233
164 234
241 454
274 402
26 300
375 454
48 59
34 161
53 403
139 177
199 228
226 331
391 398
50 105
129 398
162 346
201 274
327 413
27 121
13 223
32 465
65 413
25 48
104 341
118 239
238 341
269 408
329 459
370 460
2 64
7 408
29 167
67 459
81 357
141 408
194 234
180 336
306 475
6 183
39 131
345 403
4 110
9 454
42 402
97 301
248 470
55 75
60 419
132 295
206 244
233 347
324 465
35 362
57 121
62 465
95 413
136 414
134 341
208 290
309 342
39 481
20 239
400 460
111 357
59 167
92 115
185 306
212 409
336 475
284 285
14 424
377 476
36 183
110 132
96 234
148 424
127 301
160 249
187 352
261 301
321 352
352 419
30 368
453 471
90 419
71 177
112 178
164 368
236 244
263 347
48 193
34 295
87 121
125 413
166 414
226 465
331 481
69 481
143 430
215 306
275 357
316 358
13 357
407 476
44 424
25 182
80 81
104 475
145 476
219 425
217 352
291 301
43 199
29 301
122 492
180 470
328 368
6 317
4 244
45 245
78 193
97 435
105 296
157 486
243 260
270 363
22 261
8 363
99 481
154 188
233 481
286 307
272 409
305 357
76 497
57 255
98 256
84 358
134 475
175 476
222 322
323 374
309 476
1 323
20 373
73 199
111 491
133 250
147 148
152 492
224 368
284 419
110 266
96 368
449 486
127 435
75 245
108 193
149 194
209 245
300 363
11 260
52 261
126 210
112 312
401 415
184 188
263 481
277 379
337 430
10 35
15 379
87 255
161 204
202 205
205 476
353 374
31 323
413 425
182 492
256 441
316 492
80 215
181 267
167 369
179 194
291 435
5 41
29 435
65 92
392 487
82 261
142 312
216 261
276 312
6 451
307 379
334 482
367 430
67 138
193 277
210 446
158 256
191 204
311 498
22 395
8 497
61 323
42 81
94 271
121 374
286 441
346 492
387 493
19 97
24 441
46 200
79 148
84 492
98 390
170 266
211 267
271 318
288 487
362 436
35 41
21 143
73 333
100 436
114 334
174 385
422 487
339 452
72 108
58 210
89 277
75 379
149 328
176 431
314 395
374 446
415 447
0 205
33 153
74 154
79 498
165 272
51 170
376 492
68 339
49 97
54 441
109 148
202 339
417 493
293 457
12 215
53 216
130 436
218 283
278 334
369 452
80 349
28 159
102 108
88 210
129 211
181 401
179 328
5 175
65 226
13 36
371 498
82 395
63 153
109 498
142 446
183 447
197 345
81 170
67 272
141 221
447 493
172 288
158 390
232 339
259 442
292 390
56 113
9 267
42 215
97 114
135 406
234 385
368 385
60 232
211 401
159 211
271 452
114 468
227 345
213 447
39 294
20 52
89 411
37 221
190 463
264 412
212 222
322 390
14 237
363 391
74 288
165 406
225 457
266 458
30 181
16 283
68 473
164 181
150 283
241 401
301 452
375 401
53 350
34 108
125 226
166 227
28 293
50 52
143 243
160 412
220 463
294 412
5 309
354 463
27 68
13 170
333 340
197 479
145 289
178 237
219 238
310 356
296 458
370 407
2 11
7 355
29 114
34 458
48 356
172 422
120 232
180 283
23 299
9 401
157 299
105 109
248 417
289 418
308 468
349 469
22 74
8 176
46 468
60 366
151 484
173 243
233 294
250 463
324 412
384 463
76 310
57 68
62 412
117 119
136 361
134 288
175 289
208 237
361 479
326 458
37 355
78 356
59 114
111 304
138 407
152 305
303 474
377 423
55 372
36 130
41 474
96 181
437 474
127 248
187 299
228 300
338 468
30 315
11 73
16 417
164 315
112 125
117 469
379 469
222 485
203 243
263 294
356 485
15 192
414 463
92 412
226 412
205 289
391 479
69 428
31 136
50 186
64 84
129 479
108 356
143 377
182 305
333 474
407 423
85 372
71 474
467 474
167 182
258 300
43 146
29 248
48 490
122 439
409 469
120 366
194 315
235 316
221 418
6 264
18 89
64 434
45 192
97 382
124 485
210 259
196 361
270 310
8 310
25 479
462 480
173 377
121 187
200 480
272 356
2 495
76 444
24 254
189 321
249 372
309 423
340 490
18 439
73 146
59 248
78 490
114 147
133 197
152 439
174 198
224 315
251 418
265 316
325 367
3 316
77 265
416 485
94 434
75 192
127 382
154 485
168 383
176 244
300 310
52 208
0 18
38 310
79 311
112 259
244 378
230 480
277 326
304 429
68 152
106 444
147 445
207 496
188 254
205 423
12 28
17 372
144 147
182 439
242 490
256 388
283 491
295 316
355 367
47 214
33 316
66 264
80 162
184 485
258 434
332 383
318 485
101 450
82 208
156 157
109 311
274 378
12 378
45 326
67 85
86 327
210 393
158 203
237 496
22 342
61 270
135 219
121 321
162 322
286 388
272 490
313 491
19 44
65 389
46 147
84 439
98 337
151 163
137 265
189 455
211 214
288 434
362 383
389 486
114 281
100 383
174 332
422 434
265 450
213 260
39 107
89 224
75 326
116 327
190 276
176 378
281 394
267 496
341 445
14 50
19 394
52 342
74 101
79 445
93 343
192 322
68 286
16 96
54 388
95 389
155 440
417 440
293 404
31 404
72 405
53 163
70 332
144 281
204 332
245 333
278 281
336 451
69 107
107 399
148 400
167 450
160 225
220 276
280 327
5 122
10 466
51 467
371 445
44 50
109 445
183 394
197 292
257 343
255 270
348 461
26 410
7 168
81 117
34 271
86 461
172 235
273 287
259 389
364 405
424 456
23 112
9 214
61 404
83 163
162 456
234 332
60 179
46 281
63 450
99 107
137 399
238 451
250 276
76 123
62 225
81 467
213 394
328 344
39 241
378 461
419 462
56 410
37 168
111 117
116 461
138 220
190 410
231 411
264 359
93 477
41 287
206 354
192 456
431 472
30 128
16 230
35 472
131 180
117 282
169 472
241 348
282 349
342 400
53 297
106 123
111 467
185 416
245 467
17 51
143 190
160 359
108 169
294 359
335 360
32 359
11 236
44 184
71 287
85 185
118 133
123 477
164 478
236 354
296 405
48 303
34 405
122 252
461 472
199 472
273 421
221 231
312 349
23 246
9 348
50 349
83 297
97 195
124 298
372 400
215 416
289 365
275 467
13 467
25 292
99 241
200 293
291 411
324 359
76 257
24 67
103 360
84 118
136 308
115 185
194 478
175 236
227 426
268 427
276 288
6 427
39 375
328 478
18 252
4 354
78 303
59 61
152 252
243 370
229 472
303 421
55 319
36 77
41 421
77 78
94 247
127 195
228 247
305 467
57 365
131 314
282 483
230 293
356 432
15 139
106 257
166 308
207 309
224 478
205 236
298 427
31 83
17 185
36 427
69 375
91 134
108 303
160 493
182 252
335 494
397 406
66 77
112 422
145 370
186 371
219 319
236 488
184 298
277 489
310 437
411 489
10 145
15 489
48 437
122 386
101 263
87 365
161 314
409 416
312 483
386 432
64 381
86 140
124 432
177 258
163 360
22 155
61 83
66 427
121 134
140 376
200 427
214 325
272 303
2 442
43 443
24 201
98 150
84 252
103 494
115 319
63 129
142 422
175 370
189 268
216 371
1 217
381 438
18 386
4 488
78 437
119 438
100 196
193 387
191 314
55 453
383 484
75 139
116 140
154 432
168 330
176 191
195 433
228 381
319 499
19 207
52 155
57 499
93 156
131 448
170 376
244 325
230 427
304 376
395 494
436 495
68 99
54 201
73 443
128 150
133 494
147 392
207 443
205 370
31 217
17 319
72 218
471 489
70 145
108 437
130 196
209 489
47 161
126 454
107 212
167 263
198 330
184 432
258 381
299 382
10 279
32 38
87 499
202 449
274 325
375 377
86 274
125 202
237 443
278 444
311 392
135 166
88 320
162 269
179 438
253 387
5 285
137 212
178 213
290 454
238 264
255 433
288 381
81 280
67 382
100 330
114 228
306 398
366 449
3 397
39 54
42 325
116 274
190 223
176 325
281 341
267 443
341 392
382 393
19 341
0 99
41 100
93 290
165 166
244 459
285 460
343 438
35 285
21 387
68 233
169 285
208 213
361 455
394 403
72 352
20 162
53 110
359 382
130 330
245 280
262 449
14 347
0 449
47 295
148 347
396 449
160 172
146 274
220 223
239 465
247 326
373 465
32 172
371 392
123 290
71 100
150 393
164 291
274 459
12 459
48 116
34 218
53 460
139 234
226 388
350 454
391 455
28 403
9 161
50 162
83 110
88 454
102 352
162 403
215 229
5 419
13 280
44 347
25 105
118 296
426 449
252 296
238 398
403 465
7 465
81 414
62 172
103 173
141 465
444 466
153 290
227 239
180 393
254 342
6 240
345 460
18 65
4 167
42 459
56 357
78 116
83 460
116 408
138 167
231 358
330 337
60 476
41 234
456 476
206 301
159 455
192 403
233 404
357 470
30 75
35 419
134 398
222 245
282 296
309 399
72 486
20 296
37 465
92 172
133 173
171 465
212 466
224 291
284 342
14 481
110 189
96 291
127 358
108 116
113 460
160 306
187 409
352 476
30 425
71 234
164 425
236 301
277 302
263 404
34 352
428 471
166 471
240 420
102 486
50 296
143 487
215 363
163 173
201 465
275 414
316 415
440 481
44 481
25 239
99 188
118 430
140 189
178 481
291 358
2 255
351 409
29 358
103 307
115 132
120 476
175 183
194 425
328 425
1 30
6 374
18 199
4 301
97 492
119 251
152 199
231 492
210 369
196 471
243 317
270 420
330 471
55 266
8 420
344 369
435 487
94 194
173 487
272 466
305 414
346 415
19 20
57 312
84 415
117 363
131 261
208 481
249 482
73 256
59 358
133 307
147 205
224 425
110 323
58 133
96 425
127 492
75 302
108 250
149 251
182 199
314 318
300 420
11 317
85 266
33 76
38 420
112 369
186 318
277 436
225 246
411 436
10 92
15 436
376 415
101 210
128 313
161 261
293 380
279 482
64 328
12 138
17 482
50 430
86 87
413 482
177 205
163 307
256 498
297 307
388 425
66 374
140 323
88 133
181 324
200 374
214 272
179 251
291 492
43 390
65 149
82 318
63 76
142 369
276 369
307 436
18 333
367 487
45 436
119 385
67 195
141 144
408 488
191 261
232 262
22 452
61 380
42 138
168 277
195 380
360 447
19 154
24 498
79 205
93 103
211 324
230 374
244 272
271 375
362 493
35 98
147 339
95 149
100 493
133 441
174 442
397 487
438 488
75 436
149 385
130 143
176 488
209 436
223 334
264 335
283 385
47 108
0 262
33 210
74 211
148 160
165 329
239 278
299 329
51 227
101 344
450 498
128 447
109 205
150 206
202 396
241 324
301 375
86 221
177 339
125 149
130 493
163 441
204 442
218 340
278 391
80 406
28 216
102 165
88 267
162 216
181 458
468 488
179 385
294 335
5 232
65 283
82 452
156 401
269 278
7 278
81 227
480 498
158 447
180 206
259 499
292 447
6 53
56 170
157 222
234 442
308 391
19 288
60 289
41 47
151 407
132 165
211 458
324 335
35 232
384 386
169 232
134 211
227 402
361 402
39 351
20 109
89 468
37 278
111 227
171 278
264 469
262 396
336 345
14 294
0 396
36 53
96 104
127 171
113 273
146 221
165 463
187 222
239 412
247 273
16 340
49 288
439 443
150 340
375 458
48 63
139 181
166 284
199 232
331 351
391 402
28 350
69 351
451 453
160 469
201 278
27 125
393 448
25 52
104 345
118 243
178 294
269 412
217 222
370 464
2 68
7 412
67 463
81 361
103 120
122 362
120 289
172 479
180 340
194 238
254 289
6 187
345 407
405 458
9 458
83 407
97 305
105 166
446 459
248 474
196 284
229 232
22 131
8 233
55 79
60 423
132 299
173 300
159 402
233 351
272 279
2 418
76 367
57 125
136 418
84 228
117 176
398 418
134 345
249 295
309 346
39 485
20 243
400 464
59 171
212 413
243 480
377 480
14 428
127 305
30 372
11 130
16 474
38 233
90 423
112 182
150 474
453 475
263 351
15 249
106 367
87 125
92 469
166 418
240 367
205 346
279 295
17 295
91 244
430 464
108 413
215 310
256 311
242 413
407 480
44 428
219 429
167 239
258 357
291 305
43 203
29 305
103 254
122 496
82 131
120 423
142 182
161 424
268 321
6 321
18 146
97 439
196 418
311 368
297 470
3 23
8 367
94 141
99 485
121 244
135 142
214 435
272 413
24 311
98 260
84 362
175 480
309 480
1 327
18 496
147 152
100 306
133 254
152 496
174 255
224 372
265 373
251 475
325 424
3 373
77 322
58 80
89 147
127 439
149 198
228 491
300 367
52 265
38 367
126 214
401 419
203 434
244 435
263 485
277 383
304 486
10 39
15 383
101 157
54 311
128 260
293 327
279 429
31 327
12 85
17 429
53 86
91 378
130 306
163 254
256 445
316 496
80 219
28 29
66 321
181 271
167 373
198 440
258 491
10 389
392 491
82 265
156 214
216 265
257 266
307 383
348 384
408 435
7 91
45 383
67 142
86 384
61 327
42 85
83 86
121 378
327 446
360 394
19 101
24 445
46 204
60 102
84 496
151 220
137 322
1 461
288 491
422 491
21 147
95 96
100 440
114 338
174 389
463 492
213 317
246 265
339 456
39 164
72 112
77 456
89 281
378 384
116 384
149 332
176 435
190 333
415 451
14 107
0 209
52 399
74 158
93 400
165 276
51 174
357 446
390 394
16 153
90 102
169 395
155 497
241 271
301 322
72 462
53 220
130 440
204 389
218 287
278 338
410 457
69 164
102 112
107 456
129 215
146 384
280 384
5 179
385 400
13 40
445 451
104 158
257 400
296 328
7 225
34 328
122 175
158 394
232 343
470 491
364 462
61 461
9 271
83 220
97 118
102 462
135 410
234 389
275 390
308 338
60 236
8 46
440 457
211 405
159 215
252 406
2 231
76 180
114 472
136 231
153 400
213 451
287 400
328 401
347 451
39 298
326 328
452 467
111 174
152 175
138 277
190 467
212 226
264 416
262 343
55 242
41 344
132 462
165 410
305 390
30 185
16 287
90 236
164 185
208 457
241 405
282 406
342 457
15 62
20 406
53 354
106 180
144 472
166 231
226 282
358 401
69 298
17 108
50 56
143 247
160 416
418 452
220 467
261 468
294 416
27 72
32 416
333 344
85 242
310 360
296 462
370 411
411 412
34 462
122 309
120 236
180 287
221 288
312 406
23 303
4 61
9 405
50 406
83 354
97 252
105 113
215 473
196 231
248 421
289 422
8 180
25 349
99 298
151 488
159 349
173 247
291 468
324 416
365 417
76 314
57 72
136 365
84 175
425 468
189 191
175 293
268 484
1 140
400 411
4 411
59 118
100 119
138 411
152 309
243 427
303 478
344 479
36 134
41 478
113 354
154 355
228 304
379 473
131 371
112 129
230 350
263 298
15 196
106 314
54 124
166 365
455 468
205 293
298 484
432 484
36 484
69 432
110 433
108 360
182 309
256 258
283 361
333 478
407 427
11 427
33 186
66 134
71 478
107 135
145 427
167 186
184 355
198 253
310 494
318 355
10 202
48 494
409 473
87 422
161 371
235 320
64 438
45 196
86 197
119 145
124 489
210 263
237 366
297 417
22 212
402 433
25 483
61 140
99 432
140 433
214 382
462 484
272 360
2 499
313 361
24 258
404 479
115 376
63 186
175 427
189 325
216 428
249 376
1 274
290 377
288 304
340 494
381 495
78 494
114 151
100 253
174 202
193 444
251 422
325 371
3 320
457 490
89 94
75 196
116 197
168 387
302 387
267 366
52 212
93 213
79 315
170 433
244 382
304 433
343 361
68 156
54 258
147 449
169 208
155 310
260 326
246 428
279 376
31 274
17 376
58 377
70 202
108 494
130 253
182 443
283 495
295 320
47 218
33 320
107 269
167 320
487 490
198 387
184 489
225 490
332 387
101 454
49 264
82 212
123 213
183 264
274 382
7 38
86 331
177 449
9 84
88 377
102 275
135 223
179 495
253 444
5 342
387 444
65 393
46 151
63 320
137 269
151 167
238 321
255 490
288 438
362 387
2 44
21 94
62 95
100 387
141 388
153 213
265 454
213 264
56 280
37 38
405 434
281 398
382 450
0 156
74 105
93 347
132 275
206 224
266 275
35 342
21 444
68 290
95 393
155 444
169 342
260 460
394 460
72 409
53 167
359 439
144 285
92 95
130 387
185 286
336 455
33 454
69 111
148 404
160 229
220 280
247 383
280 331
51 471
321 332
371 449
412 450
49 398
71 157
109 449
150 450
183 398
197 296
26 414
7 172
139 291
273 291
259 393
424 460
23 116
9 218
28 460
102 409
124 168
162 460
275 337
5 476
27 235
13 337
25 162
63 454
104 455
151 301
159 162
252 353
250 280
76 127
442 450
180 450
254 399
328 348
419 466
18 122
4 224
56 414
157 466
138 224
55 189
41 291
132 409
206 358
154 168
192 460
233 461
305 337
131 184
117 286
134 455
208 404
222 302
106 127
92 229
111 471
166 178
185 420
36 297
17 55
69 245
96 348
110 246
108 173
146 465
187 466
261 415
321 466
449 466
71 291
145 240
186 241
277 359
263 461
337 410
10 15
34 409
48 307
101 133
87 235
139 425
240 477
221 235
312 353
64 251
124 302
215 420
163 230
316 472
349 420
8 127
13 471
118 487
66 297
99 245
252 487
200 297
217 466
291 415
2 312
392 467
24 71
29 415
103 364
194 482
175 240
216 241
268 431
276 292
1 87
6 431
326 409
18 256
4 358
78 307
193 257
210 426
229 476
243 374
77 82
319 369
305 471
346 472
360 370
19 77
38 127
57 369
79 128
84 472
222 436
230 297
323 488
59 415
133 364
205 240
31 87
17 189
96 482
110 380
397 410
108 307
223 257
283 308
314 375
11 374
52 375
33 133
38 477
85 323
126 324
434 477
198 200
277 493
15 493
101 267
109 128
188 421
202 319
235 267
293 437
312 487
353 488
64 385
86 144
177 262
163 364
388 482
140 380
121 138
167 483
200 431
179 308
406 499
43 447
65 206
103 498
82 375
115 323
156 324
276 426
18 390
441 493
40 149
45 493
67 252
119 442
191 318
232 319
292 370
3 267
77 216
383 488
56 93
168 334
116 144
121 488
267 313
19 211
79 262
459 483
170 380
271 432
436 499
35 155
21 257
54 205
68 103
95 206
147 396
155 257
174 499
320 324
347 427
58 324
89 391
75 493
149 442
223 391
171 201
209 493
283 442
471 493
322 370
47 165
0 319
33 267
74 268
148 217
198 334
239 335
10 283
51 284
32 42
68 453
101 401
123 160
109 262
150 263
202 453
274 329
26 227
12 329
53 330
34 88
86 278
375 381
177 396
125 206
163 498
218 397
278 448
466 499
80 463
28 273
9 31
102 222
162 273
179 442
253 391
327 340
5 289
354 443
27 48
13 150
65 340
63 267
104 268
118 166
238 268
7 335
40 283
67 386
81 284
389 437
153 160
180 263
39 58
56 227
42 329
83 330
116 278
382 397
368 499
60 346
93 294
151 464
132 222
285 464
324 392
35 289
384 443
95 340
136 341
155 391
169 289
260 407
208 217
58 458
359 386
111 284
185 233
262 453
377 403
0 453
74 402
113 330
146 278
187 279
239 469
51 418
71 104
150 397
164 295
315 464
34 222
139 238
125 340
166 341
23 63
28 407
143 357
215 233
201 335
27 182
13 284
426 453
25 109
66 110
219 352
310 470
2 125
81 418
444 470
194 295
180 397
6 244
18 69
4 171
23 413
78 120
83 464
97 362
105 223
119 121
138 171
196 341
229 289
231 362
55 136
8 290
60 480
270 290
330 341
132 356
173 357
421 459
233 408
2 475
35 423
57 182
76 424
117 233
136 475
222 249
282 300
309 403
20 300
340 470
59 228
133 177
284 346
55 486
110 193
127 362
108 120
113 464
187 413
247 464
302 363
352 480
11 187
52 188
71 238
112 239
186 188
337 357
15 306
106 424
166 475
188 234
279 352
64 198
50 300
143 491
182 419
215 367
242 470
27 316
481 486
80 142
118 434
219 486
167 296
200 244
318 465
43 260
29 362
103 311
423 481
82 188
115 136
120 480
142 239
18 203
4 305
45 306
97 496
119 255
210 373
196 475
344 373
330 475
3 80
8 424
435 491
173 491
121 301
154 249
346 419
24 368
57 316
189 435
230 244
323 435
73 260
21 70
59 362
174 312
298 378
399 430
3 430
36 378
58 137
77 379
89 204
75 306
110 327
149 255
168 497
302 497
314 322
300 424
74 81
186 322
203 491
277 440
10 96
15 440
51 97
376 419
101 214
128 317
202 266
293 384
279 486
26 40
12 142
17 486
86 91
91 435
177 209
204 312
295 430
355 481
80 276
28 86
33 430
66 378
167 430
280 307
5 102
43 394
406 446
63 80
156 271
183 374
216 322
257 323
381 389
408 492
7 148
40 96
45 440
67 199
105 491
141 148
158 317
443 486
484 487
195 384
234 312
98 451
46 261
63 430
151 277
211 328
362 497
436 446
35 102
21 204
40 446
95 153
100 497
155 204
174 446
246 322
287 323
347 374
72 169
58 271
89 338
37 148
70 96
190 390
264 339
438 492
314 456
262 266
14 164
0 266
74 215
93 457
148 164
165 333
113 143
239 282
266 385
299 333
51 231
390 451
431 452
49 158
128 451
169 452
241 328
26 174
70 446
144 395
204 446
278 395
317 323
47 462
28 220
102 169
88 271
129 272
143 170
468 492
146 441
179 389
220 390
280 441
5 236
294 339
32 339
385 457
44 164
82 456
123 457
197 406
255 384
296 385
7 282
81 231
29 41
122 232
120 159
180 210
273 401
6 57
56 174
9 328
83 277
135 467
248 344
234 446
8 103
46 395
151 411
211 462
252 463
2 288
35 236
62 339
76 237
136 288
384 390
134 215
287 457
361 406
39 355
20 113
171 282
212 283
264 473
262 400
303 401
55 299
41 401
74 349
96 108
127 175
113 277
247 277
338 395
30 242
16 344
90 293
38 103
164 242
439 447
15 119
166 288
226 339
331 355
317 457
391 406
69 355
50 113
129 406
143 304
160 473
201 282
242 283
294 473
335 474
32 473
333 401
393 452
118 247
71 401
104 349
145 350
236 468
217 226
310 417
370 468
43 73
48 417
103 124
194 242
180 344
221 345
6 191
386 412
4 118
50 463
83 411
97 309
105 170
157 360
248 478
196 288
446 463
297 340
27 479
60 427
25 406
159 406
200 407
324 473
272 283
2 422
76 371
24 181
103 474
84 232
398 422
115 299
249 299
309 350
39 489
18 366
4 468
400 468
138 468
212 417
251 345
55 433
75 119
113 411
16 478
52 135
57 479
90 427
131 428
453 479
230 407
106 371
54 181
92 473
128 130
166 422
207 423
331 489
279 299
31 197
69 489
91 248
110 490
143 438
108 417
182 366
256 315
430 468
283 418
316 366
448 485
80 89
66 191
107 192
186 485
167 243
198 310
258 361
318 412
10 259
43 207
423 428
101 377
87 479
161 428
142 186
221 479
235 377
334 356
64 495
45 253
119 202
163 474
311 372
297 474
8 371
402 490
61 197
135 146
121 248
214 439
313 418
24 315
98 264
84 366
63 243
137 192
175 484
189 382
216 485
1 331
290 434
288 361
73 207
114 208
100 310
174 259
191 428
265 377
325 428
77 326
58 84
490 495
168 444
116 254
149 202
190 203
281 321
267 423
341 372
401 423
0 79
38 371
79 372
93 270
170 490
343 418
68 213
128 264
169 265
155 367
188 315
293 331
279 433
320 434
380 485
17 433
53 90
58 434
91 382
70 259
144 208
130 310
204 259
355 428
396 429
28 33
167 377
198 444
146 254
179 202
332 444
373 445
5 49
10 393
82 269
123 270
257 270
274 439
348 388
26 337
7 95
12 439
67 146
86 388
408 439
158 264
199 265
259 316
61 331
83 90
121 382
162 383
234 259
327 450
46 208
426 429
63 377
137 326
151 224
211 275
238 378
329 496
403 445
40 393
114 342
62 152
100 444
141 445
463 496
77 460
378 388
438 439
37 95
42 439
116 388
138 147
281 455
415 455
19 455
0 213
93 404
132 332
165 280
192 383
206 281
266 332
357 450
30 55
16 157
90 106
95 450
150 157
169 399
72 466
53 224
70 393
144 342
130 444
185 343
245 394
493 496
410 461
47 409
69 168
107 460
148 461
160 286
146 388
220 337
321 389
385 404
13 44
445 455
44 111
71 214
104 162
183 455
197 353
257 404
296 332
7 229
48 230
125 450
273 348
364 466
23 173
9 275
83 224
97 122
124 225
157 173
215 343
289 292
27 292
8 50
13 394
25 219
137 460
178 461
159 219
252 410
2 235
351 389
62 286
153 404
134 162
213 455
227 353
254 456
268 354
1 10
39 302
328 405
4 281
78 230
152 179
138 281
190 471
212 230
231 472
229 399
243 297
303 348
330 451
55 246
41 348
206 415
154 225
266 466
57 292
117 343
208 461
282 410
342 461
15 66
20 410
106 184
92 286
166 235
185 477
207 236
298 354
284 456
69 302
110 303
96 405
143 251
160 420
418 456
261 472
333 348
11 297
393 399
71 348
219 246
236 415
184 225
296 466
337 467
411 416
48 364
122 313
101 190
87 292
120 240
139 482
161 241
221 292
23 307
413 462
45 66
124 359
215 477
196 235
22 82
8 184
27 426
214 252
200 354
291 472
365 421
2 369
43 370
29 472
76 318
84 179
425 472
175 297
268 488
1 144
6 488
326 466
18 313
4 415
105 467
138 415
243 431
251 292
344 483
3 190
443 462
168 257
154 359
379 477
52 82
38 184
117 477
131 375
222 493
170 303
203 251
230 354
244 252
73 370
54 128
133 421
147 319
455 472
205 297
246 298
298 488
432 488
31 144
17 246
36 488
58 247
110 437
70 72
108 364
149 365
256 262
314 432
11 431
47 88
33 190
71 482
85 380
107 139
167 190
198 257
10 206
409 477
450 478
109 185
221 426
427 494
26 150
64 442
124 493
177 319
163 421
237 370
311 319
462 488
214 386
200 488
179 365
24 262
65 263
404 483
63 190
137 139
142 483
156 381
189 329
276 483
290 381
381 499
18 447
40 206
114 155
100 257
119 499
141 258
174 206
193 448
232 376
251 426
306 325
404 410
3 324
457 494
56 150
89 98
116 201
154 493
195 494
267 370
368 422
0 26
79 319
93 217
244 386
230 488
304 437
21 314
95 263
147 453
155 314
260 330
246 432
320 381
72 279
70 206
144 155
130 257
171 258
204 206
223 448
295 324
47 222
165 443
184 493
198 391
225 494
239 392
10 340
51 341
32 99
299 443
101 458
49 268
123 217
109 319
183 268
375 438
86 335
34 145
177 453
125 263
350 381
88 381
162 330
253 448
201 258
313 499
5 346
327 397
65 397
13 207
46 155
25 32
137 273
269 392
255 494
329 443
7 392
40 340
62 99
81 341
141 392
172 459
153 217
389 494
306 459
254 269
39 115
405 438
4 94
42 386
157 336
190 284
231 285
248 454
281 402
382 454
19 402
60 403
41 161
93 351
132 279
266 279
357 397
343 499
16 104
21 448
57 105
95 397
155 448
208 274
20 223
37 392
70 340
460 495
171 392
245 341
14 408
69 115
74 459
96 218
110 116
148 408
160 233
187 336
220 284
261 285
321 336
51 475
412 454
11 110
49 402
71 161
123 351
263 331
26 418
34 279
87 105
125 397
273 295
226 449
331 465
102 413
143 414
124 172
5 480
27 239
13 341
118 357
99 115
104 459
252 357
238 459
217 336
29 285
103 234
153 351
194 352
268 301
328 352
6 301
56 418
4 228
97 419
157 470
138 228
231 419
196 398
229 346
330 398
55 193
8 347
41 295
94 121
99 465
132 413
154 172
173 414
422 466
305 341
35 480
76 481
131 188
222 306
249 409
282 357
323 358
106 131
59 285
111 475
152 476
284 403
17 59
58 60
449 470
108 177
187 470
302 420
321 470
300 347
11 244
85 193
164 486
236 362
337 414
10 19
101 137
106 481
139 429
161 188
188 291
240 481
279 409
312 357
64 255
50 357
91 358
163 234
256 425
316 476
80 199
140 250
217 470
332 420
351 470
43 317
24 75
29 419
392 471
115 193
156 194
194 486
216 245
235 487
268 435
6 435
276 296
18 260
4 362
45 363
367 414
210 430
270 481
77 86
42 65
154 306
195 307
286 425
360 374
346 476
420 425
24 425
57 373
79 132
98 374
189 492
170 250
230 301
323 492
422 471
21 127
54 75
133 368
174 369
207 317
224 486
265 487
36 435
58 194
89 261
75 363
223 261
209 363
300 481
374 430
415 431
52 379
33 137
198 204
225 307
15 497
51 154
376 476
54 425
87 373
109 132
128 374
188 425
202 323
293 441
353 492
301 302
26 97
12 199
91 492
177 266
295 487
369 436
429 487
66 435
107 436
88 194
140 384
167 487
181 385
179 312
253 261
43 451
65 210
404 430
82 379
156 328
104 138
142 430
216 379
257 380
255 307
348 498
381 446
40 153
45 497
81 154
119 446
193 395
172 272
158 374
232 323
482 498
61 441
42 199
135 390
195 441
248 267
234 369
267 317
308 318
19 215
60 216
46 318
368 369
137 436
170 384
211 385
271 436
285 334
95 210
155 261
134 138
213 431
260 277
287 380
72 226
20 36
58 328
378 498
70 153
75 497
171 205
264 396
262 323
322 374
14 221
0 323
126 462
148 221
363 375
146 148
239 339
266 442
299 390
51 288
123 164
150 267
301 436
26 231
375 385
53 334
444 456
144 452
125 210
278 452
28 277
9 35
88 328
102 226
143 227
146 498
201 205
294 396
27 52
13 154
44 221
156 462
197 463
178 221
269 339
329 390
370 391
7 339
29 98
67 390
172 406
153 164
180 267
273 458
56 231
4 41
9 385
83 334
97 232
231 232
248 401
308 452
349 453
382 401
8 160
41 108
46 452
151 468
132 226
159 329
233 278
250 447
35 293
21 395
136 345
134 272
227 463
20 170
326 442
359 390
37 339
111 288
59 98
171 339
185 237
377 407
14 355
41 458
74 406
96 165
239 473
247 334
338 452
379 453
11 57
16 401
38 160
90 350
164 299
203 227
315 468
263 278
15 176
53 468
414 447
106 294
92 396
139 242
166 345
226 396
331 412
69 412
50 170
129 463
143 361
215 237
201 339
242 340
27 186
333 458
44 355
118 304
66 114
71 458
104 406
145 407
219 356
217 283
310 474
7 473
43 130
29 232
103 181
122 423
318 335
444 474
194 299
221 402
254 350
6 248
345 468
4 175
97 366
119 125
105 227
124 469
157 417
210 243
196 345
330 345
22 192
25 463
99 412
462 464
121 171
233 412
398 479
2 479
76 428
24 238
57 186
84 289
98 187
136 479
189 305
175 407
309 407
1 254
340 474
37 473
73 130
59 232
224 299
251 402
55 490
36 248
77 249
96 299
110 197
127 366
75 176
154 469
187 417
30 433
90 484
38 294
112 243
131 485
203 361
277 310
304 413
428 479
469 480
128 187
166 479
188 238
240 428
279 356
380 408
17 356
91 305
108 474
256 372
316 423
295 300
85 490
66 248
107 249
140 197
167 300
181 198
198 367
184 469
217 417
219 490
258 418
10 316
29 366
43 264
392 418
423 485
82 192
120 484
161 485
235 434
307 310
334 413
45 310
105 361
193 208
210 377
196 479
270 428
22 326
8 428
61 254
135 203
173 495
214 496
272 474
313 475
346 423
19 28
24 372
46 131
84 423
115 490
387 424
170 197
1 388
288 418
114 265
100 367
265 434
399 434
3 434
77 383
58 141
89 208
75 310
149 259
190 260
281 378
314 326
341 429
14 34
0 136
38 428
74 85
79 429
93 327
165 203
203 495
225 254
51 101
54 372
128 321
202 270
155 424
188 372
293 388
279 490
394 440
31 388
53 147
130 367
204 316
295 434
369 383
355 485
107 383
129 142
167 434
280 311
5 106
65 157
371 429
82 326
123 327
109 429
156 275
183 378
197 276
257 327
274 496
348 445
26 394
7 152
408 496
141 152
158 321
232 270
259 373
61 388
9 198
42 146
83 147
88 491
121 439
135 337
162 440
234 316
484 491
60 163
426 486
63 434
137 383
151 281
271 383
76 107
62 209
136 158
174 450
153 327
213 378
287 327
347 378
378 445
438 496
42 496
190 394
138 204
176 496
264 343
262 270
14 168
0 270
74 219
93 461
148 168
113 147
206 338
239 286
266 389
51 235
431 456
30 112
68 404
90 163
241 332
301 383
106 107
245 451
28 224
69 225
129 276
468 496
220 394
280 445
321 446
354 394
32 343
123 461
71 271
104 219
145 220
257 461
269 286
296 389
7 286
48 287
34 389
81 235
122 236
199 456
273 405
312 333
23 230
9 332
372 384
124 282
157 230
248 348
234 450
275 451
289 349
349 400
27 349
46 399
60 297
25 276
151 415
250 394
324 343
351 446
384 394
136 292
84 102
153 461
227 410
175 220
287 461
1 67
39 359
4 338
37 286
78 287
138 338
212 287
303 405
41 405
154 282
187 230
228 231
389 407
319 349
305 451
30 246
16 348
90 297
131 298
379 400
439 451
356 416
106 241
166 292
207 293
240 241
298 411
317 461
331 359
110 360
91 118
96 462
108 287
182 236
242 287
333 405
11 354
85 303
71 405
434 457
219 303
184 282
217 230
310 421
370 472
43 77
29 179
48 421
122 370
120 297
161 298
235 247
221 349
312 467
386 416
64 365
45 123
50 467
105 174
124 416
446 467
289 483
237 293
27 483
8 241
25 410
61 67
99 359
173 308
214 309
365 478
76 375
24 185
103 478
115 303
189 252
290 304
1 201
340 421
381 422
18 370
4 472
40 129
73 77
78 421
138 472
193 371
400 472
441 473
251 349
94 365
75 123
154 416
302 314
319 483
453 483
57 483
93 140
304 360
15 257
395 478
73 427
54 185
128 134
133 478
147 376
207 427
205 354
31 201
17 303
110 494
471 473
182 370
130 180
11 488
47 145
126 438
448 489
167 247
198 314
258 365
318 416
10 263
423 432
101 381
87 483
109 242
142 190
183 191
221 483
26 207
12 309
45 257
86 258
177 376
163 478
311 376
297 478
402 494
61 201
135 150
88 304
121 252
140 494
162 253
253 371
313 422
65 320
115 437
63 247
156 438
189 386
216 489
238 248
1 335
288 365
114 212
100 314
141 315
174 263
191 432
265 381
251 483
292 484
306 382
3 381
77 330
366 433
89 155
42 309
75 257
168 448
190 207
267 427
368 479
401 427
79 376
170 494
192 253
304 494
68 217
16 27
21 371
54 319
260 387
246 489
53 94
58 438
359 366
70 263
144 212
130 314
171 315
204 263
245 264
336 382
47 279
33 381
148 331
198 448
146 258
239 449
373 449
32 156
371 376
49 325
123 274
109 376
197 223
348 392
334 494
375 495
7 99
48 100
34 202
86 392
139 218
9 145
83 94
102 336
162 387
327 454
5 403
60 110
13 264
46 212
178 331
252 280
269 449
403 449
141 449
153 274
213 325
39 172
345 444
378 392
56 341
37 99
78 100
116 392
157 393
281 459
229 269
14 115
456 460
41 218
132 336
206 285
266 336
398 455
16 161
90 110
169 403
117 213
134 382
222 229
37 449
92 156
171 449
245 398
410 465
110 173
148 465
160 290
146 392
187 393
261 342
247 444
321 393
32 290
352 460
385 408
44 115
49 459
71 218
85 116
164 409
34 336
428 455
139 352
87 162
125 454
199 403
273 352
23 177
9 279
50 280
97 126
102 470
201 449
275 398
13 398
44 465
140 173
178 465
200 224
217 393
250 341
2 239
351 393
29 342
115 116
120 460
153 408
254 460
268 358
328 409
326 336
18 183
4 285
97 476
152 183
231 476
243 301
229 403
270 404
344 353
330 455
3 60
41 352
435 471
94 178
206 419
154 229
305 398
38 54
222 363
170 173
208 465
15 70
20 414
106 188
59 342
133 291
147 189
298 358
284 460
17 116
110 307
335 425
300 404
333 352
11 301
33 60
112 353
126 251
184 229
277 420
337 471
411 420
10 76
101 194
87 296
139 486
161 245
188 348
353 415
45 70
177 189
163 291
215 481
237 240
256 482
388 409
25 357
66 358
80 256
140 307
214 256
365 425
406 426
24 132
29 476
65 133
103 425
115 250
268 492
216 302
367 471
40 76
78 368
105 471
193 318
210 487
191 245
251 296
344 487
22 436
3 194
77 143
383 415
94 312
443 466
154 363
195 364
286 482
319 430
19 138
24 482
98 431
222 497
304 307
1 498
73 374
54 132
95 133
174 426
155 184
207 374
31 148
36 492
72 149
77 493
89 318
75 420
110 441
149 369
209 420
283 369
397 471
314 436
374 487
11 435
47 92
33 194
52 436
126 385
184 363
225 364
239 262
51 211
390 431
101 328
49 138
128 431
109 189
202 380
293 498
427 498
26 154
64 446
125 133
204 426
278 375
402 441
66 492
102 149
107 493
181 442
179 369
5 216
65 267
445 488
63 194
137 143
142 487
216 436
257 437
255 364
40 210
81 211
67 313
141 262
193 452
172 329
306 329
292 431
366 380
457 498
56 154
135 447
157 206
195 498
267 374
308 375
19 272
93 221
46 375
368 426
137 493
211 442
285 391
271 493
343 369
21 318
95 267
169 216
155 318
260 334
246 436
287 437
320 385
347 488
361 386
70 210
111 211
322 431
47 226
0 380
148 278
165 447
239 396
299 447
247 257
373 396
338 375
49 272
123 221
150 324
241 442
315 391
301 493
375 442
34 149
139 165
218 458
226 319
317 437
102 283
50 93
129 386
162 334
5 350
32 453
13 211
65 401
25 36
104 329
118 227
178 278
238 329
2 52
7 396
29 155
62 103
67 447
81 345
103 104
120 273
194 222
6 171
345 391
405 442
9 442
157 340
248 458
60 407
41 165
132 283
159 386
192 334
233 335
324 453
35 350
57 109
62 453
136 402
309 330
400 448
111 345
59 155
92 103
171 396
185 294
245 345
336 463
377 464
14 412
148 412
96 222
113 391
261 289
352 407
30 356
11 114
16 458
71 165
150 458
164 356
412 458
453 459
263 335
48 181
139 299
92 453
125 401
240 351
28 468
64 125
143 418
124 176
430 448
465 469
242 397
27 243
13 345
44 412
25 170
66 171
104 463
178 412
219 413
318 392
29 289
103 238
122 480
120 407
180 458
221 459
254 407
6 305
419 474
4 232
78 181
97 423
210 300
196 402
330 402
8 351
94 125
99 469
154 176
233 469
286 295
76 485
57 243
131 192
84 346
189 362
249 413
323 362
1 311
152 480
224 356
36 305
96 356
449 474
89 131
75 233
108 181
127 423
149 182
228 475
302 424
300 351
30 490
11 248
52 249
38 351
112 300
186 249
277 367
263 469
304 470
337 418
10 23
101 141
106 485
128 244
293 311
279 413
31 311
12 69
17 413
64 259
91 362
182 480
163 238
256 429
355 408
80 203
66 305
181 255
167 357
179 182
258 475
43 321
29 423
65 80
392 475
82 249
156 198
142 300
216 249
235 491
276 300
307 367
334 470
367 418
119 316
105 418
193 265
210 434
158 244
191 192
8 485
94 259
42 69
195 311
234 239
346 480
360 378
19 85
24 429
79 136
98 378
387 481
420 429
211 255
271 306
1 445
288 475
422 475
114 322
100 424
147 270
174 373
265 491
246 249
339 440
399 491
3 491
77 440
58 198
397 418
149 316
223 265
176 419
209 367
264 266
314 383
415 435
14 91
0 193
38 485
74 142
79 486
112 434
225 311
49 85
54 429
109 136
202 327
293 445
353 496
301 306
394 497
91 496
70 373
177 270
130 424
218 271
278 322
47 389
28 147
80 337
429 491
129 199
470 492
220 317
253 265
32 266
371 486
44 91
82 383
104 142
257 384
255 311
26 451
7 209
81 158
67 260
141 209
232 327
56 101
9 255
61 445
97 102
195 445
308 322
368 373
60 220
46 322
459 491
63 491
137 440
151 338
159 199
211 389
238 492
285 338
250 317
35 163
21 265
95 214
114 456
153 384
227 333
213 435
287 384
347 435
39 282
20 40
56 451
190 451
264 400
303 328
0 327
454 497
206 395
192 497
266 446
51 292
90 220
164 169
150 271
342 441
53 338
144 456
92 266
125 214
166 215
218 405
226 266
317 384
28 281
69 282
418 436
160 400
201 209
13 158
44 225
118 174
104 276
145 277
236 395
269 343
296 446
370 395
7 343
48 344
29 102
34 446
81 292
139 462
180 271
6 118
23 287
4 45
9 389
83 338
196 215
349 457
22 62
46 456
25 333
173 231
159 333
324 400
384 451
76 298
62 400
425 452
227 467
175 277
208 225
1 124
340 344
326 446
111 292
59 102
138 395
152 293
212 344
303 462
377 411
14 359
41 462
96 169
113 338
187 287
319 406
352 354
30 303
16 405
38 164
112 113
117 457
131 355
203 231
263 282
356 473
166 349
240 298
226 400
205 277
31 124
69 416
143 365
108 344
182 293
242 344
44 359
66 118
219 360
167 170
184 339
258 288
318 339
48 478
29 236
87 406
120 354
161 355
194 303
386 473
23 421
97 370
45 180
119 129
105 231
124 473
210 247
237 350
270 298
297 401
22 196
8 298
402 417
25 467
99 416
140 417
121 175
214 366
449 469
462 468
272 344
2 483
98 191
84 293
189 309
249 360
290 361
276 463
1 258
309 411
340 478
78 478
59 236
100 237
114 135
193 428
212 478
191 355
224 303
265 304
55 494
3 304
416 473
127 370
75 180
154 473
228 422
176 232
302 371
267 350
52 196
0 6
38 298
112 247
244 366
230 468
15 314
68 140
54 242
73 484
106 432
128 191
188 242
207 484
205 411
91 309
223 428
242 478
256 376
283 479
295 304
47 202
80 150
107 253
126 495
167 304
181 202
184 473
258 422
332 371
318 473
101 438
109 299
142 247
183 248
235 438
274 366
334 417
7 22
86 315
177 433
237 484
311 433
350 361
61 258
135 207
121 309
162 310
286 376
313 479
387 428
24 376
98 325
46 135
115 494
156 495
137 253
189 443
290 495
1 392
362 371
389 474
21 78
114 269
174 320
265 438
213 248
339 387
39 95
89 212
42 366
75 314
116 315
176 366
190 264
341 433
401 484
0 140
74 89
165 207
192 310
225 258
51 105
357 377
16 84
95 377
169 326
260 444
320 495
394 444
72 393
53 151
70 320
204 320
295 438
369 387
396 490
28 94
33 438
107 387
129 146
148 388
181 336
146 315
220 264
280 315
51 455
371 433
123 331
197 280
255 258
26 398
7 156
48 157
81 105
139 275
158 325
172 223
199 326
259 377
424 444
61 392
9 202
83 151
162 444
484 495
201 372
5 460
60 167
13 321
46 269
25 146
137 387
151 285
211 336
238 439
252 337
2 162
40 454
62 213
81 455
114 403
136 162
153 331
227 280
39 229
56 398
37 156
138 208
231 399
264 347
14 172
41 275
132 393
206 342
192 444
305 321
431 460
131 168
134 439
342 388
20 337
70 454
106 111
111 455
144 403
284 383
47 470
317 331
69 229
449 450
108 157
187 450
294 347
335 348
321 450
385 465
85 173
164 466
145 224
236 342
337 394
29 49
122 240
199 460
240 461
312 337
23 234
97 183
50 337
372 388
215 404
27 353
13 455
25 280
118 471
173 178
200 281
217 450
250 398
291 399
2 296
351 450
62 347
115 173
153 465
268 415
328 466
6 415
18 240
152 240
138 342
212 291
270 461
344 410
3 117
36 65
94 235
168 184
154 286
305 455
379 404
38 111
222 420
282 471
230 281
147 246
207 297
205 224
298 415
358 466
31 71
110 364
91 122
96 466
108 291
182 240
209 343
242 291
283 292
335 482
11 358
85 307
33 117
71 409
186 359
184 286
411 477
15 477
48 425
87 353
235 251
221 353
312 471
353 472
386 420
64 369
50 471
124 420
177 246
163 348
289 487
22 143
80 313
61 71
66 415
121 122
140 364
200 415
65 190
84 240
98 138
103 482
63 117
142 410
175 358
189 256
216 359
1 205
290 308
381 426
4 476
78 425
119 426
100 184
441 477
191 302
292 354
22 493
3 251
77 200
416 420
94 369
42 179
116 128
154 420
168 318
228 369
319 487
267 297
360 488
19 195
57 487
79 246
98 488
170 364
68 87
54 189
95 190
128 138
133 482
147 380
155 241
205 358
207 431
31 205
17 307
70 133
130 184
223 375
283 426
126 442
107 200
148 201
186 493
198 318
184 420
225 421
239 319
299 370
10 267
101 385
87 487
128 488
161 436
183 195
202 437
274 313
301 416
26 211
12 313
86 262
466 483
177 380
125 190
237 431
278 432
311 380
402 498
28 257
9 15
61 205
102 206
162 257
214 447
179 426
253 375
313 426
5 273
354 427
65 324
46 82
478 493
82 493
63 251
137 200
156 442
178 201
290 442
288 369
40 267
81 268
67 370
114 216
141 319
172 386
191 436
292 488
366 437
39 42
56 211
42 313
116 262
190 211
176 313
281 329
234 483
341 380
19 329
93 278
46 432
473 499
132 206
170 498
211 499
35 273
16 31
21 375
95 324
169 273
384 427
287 494
320 442
361 443
72 340
20 150
53 98
58 442
70 267
359 370
185 217
171 319
262 437
336 386
47 283
0 437
74 386
148 335
146 262
239 453
247 314
373 453
51 402
32 160
338 432
11 37
109 380
241 499
315 448
375 499
12 447
53 448
34 206
414 427
199 273
226 376
317 494
350 442
23 47
9 149
28 391
50 150
88 442
129 443
391 443
327 458
65 458
426 437
118 284
252 284
238 386
403 453
7 453
29 212
62 160
103 161
141 453
254 330
6 228
345 448
56 345
4 155
42 447
78 104
157 397
231 346
405 499
229 273
456 464
60 464
41 222
421 443
159 443
192 391
233 392
398 459
30 63
16 165
35 407
57 166
117 217
134 386
222 233
282 284
309 387
37 453
111 402
59 212
92 160
171 453
212 454
224 279
284 330
14 469
36 228
69 176
96 279
110 177
127 346
148 469
160 294
187 397
247 448
321 397
30 413
11 171
90 464
71 222
145 171
164 413
48 238
428 459
139 356
166 459
240 408
64 182
124 233
289 300
242 454
316 403
27 300
13 402
44 469
25 227
66 228
80 126
118 418
140 177
200 228
219 470
351 397
43 244
29 346
103 295
115 120
120 464
194 413
254 464
268 362
328 413
1 18
4 289
45 290
97 480
210 357
243 305
270 408
22 306
8 408
435 475
173 475
286 352
346 403
57 300
98 301
131 249
170 177
208 469
249 470
323 419
20 418
73 244
133 295
207 244
298 362
339 363
325 465
358 413
399 414
110 311
58 121
127 480
108 238
149 239
261 480
209 290
302 481
300 408
11 305
33 64
38 408
112 357
186 306
184 233
225 234
277 424
411 424
15 424
376 403
87 300
128 301
161 249
202 250
293 368
64 316
12 126
17 470
91 419
256 486
355 465
80 260
388 413
88 121
214 260
291 480
332 481
406 430
43 378
29 480
82 306
63 64
142 357
276 357
367 475
40 80
100 131
105 475
210 491
158 301
232 250
344 491
22 440
3 198
94 316
42 126
121 419
195 368
443 470
420 486
24 486
46 245
170 311
211 312
271 363
73 378
95 137
100 481
155 188
246 306
339 497
347 358
77 497
58 255
397 475
89 322
70 80
75 424
130 131
149 373
176 476
209 424
223 322
264 323
314 440
374 491
47 96
0 250
52 440
74 199
112 491
415 492
165 317
390 435
450 486
54 486
128 435
109 193
150 194
301 363
12 260
144 379
177 327
204 430
218 328
278 379
47 446
28 204
80 394
88 255
162 204
181 446
5 220
354 374
32 323
385 441
445 492
44 148
63 198
104 199
156 389
183 492
197 390
67 317
141 266
172 333
158 435
232 384
56 158
83 261
157 210
248 328
234 430
368 430
60 277
46 379
151 395
132 153
137 497
159 256
192 204
211 446
285 395
21 322
62 323
136 272
227 390
260 338
287 441
347 492
72 287
89 456
37 266
171 266
212 267
264 457
322 435
36 41
74 333
148 282
187 210
51 349
338 379
30 226
16 328
90 277
241 446
301 497
53 395
139 169
92 323
125 271
218 462
317 441
28 338
69 339
50 97
129 390
143 288
201 266
294 457
5 354
27 113
118 231
104 333
145 334
2 56
43 57
48 401
103 108
122 350
172 467
194 226
180 328
254 277
6 175
386 396
372 498
9 446
83 395
405 446
231 293
248 462
196 272
289 463
55 67
60 411
25 390
173 288
233 339
2 406
76 355
62 457
98 114
84 216
117 164
136 406
134 333
208 282
249 283
309 334
39 473
20 231
340 401
400 452
37 400
111 349
152 350
138 452
212 401
243 468
224 226
377 468
14 416
55 417
36 175
110 124
96 226
127 293
75 103
113 395
187 344
319 463
11 118
16 462
90 411
131 412
453 463
263 339
15 237
106 355
226 457
205 334
279 283
69 473
17 283
91 232
143 422
430 452
182 350
256 299
242 401
407 468
44 416
85 417
66 175
145 468
167 227
258 345
291 293
318 396
43 191
122 484
103 242
82 119
161 412
194 360
221 463
235 361
18 134
23 478
45 237
64 479
97 427
297 458
22 253
3 11
8 355
402 474
99 473
173 422
121 232
214 423
286 299
272 401
98 248
189 366
323 366
309 468
288 345
73 191
114 192
100 294
133 242
191 412
251 463
36 309
58 68
94 479
127 427
149 186
168 428
176 289
228 479
302 428
52 253
0 63
38 355
126 202
186 253
244 423
277 371
304 474
15 371
68 197
54 299
106 489
128 248
147 490
188 299
279 417
353 366
380 469
12 73
17 417
53 74
144 192
256 433
204 243
47 259
33 361
181 259
198 428
179 186
332 428
5 33
392 479
101 495
82 253
109 356
142 304
183 305
235 495
274 423
307 371
348 372
86 372
67 130
177 490
210 438
311 490
22 387
61 315
121 366
234 243
327 434
360 382
19 89
24 433
84 484
63 361
151 208
211 259
288 479
362 428
403 429
40 377
21 135
100 428
174 377
422 479
265 495
339 444
3 495
39 152
72 100
89 269
37 79
42 423
75 371
116 372
190 321
281 439
341 490
415 439
14 95
52 387
93 388
192 367
225 315
357 434
30 39
49 89
54 433
128 382
155 485
169 383
417 485
293 449
241 259
31 449
72 450
144 326
130 428
218 275
245 378
278 326
369 444
410 445
47 393
28 151
33 495
69 152
129 203
167 495
146 372
220 321
280 372
5 167
385 388
13 28
371 490
44 95
49 439
104 146
109 490
123 388
197 337
255 315
26 455
7 213
81 162
67 264
122 163
447 485
172 280
158 382
273 332
259 434
364 450
23 157
9 259
61 449
248 275
234 377
308 326
60 224
46 326
25 203
63 495
99 152
137 444
151 342
159 203
238 496
250 321
2 219
114 460
134 146
213 439
287 388
328 389
39 286
452 455
56 455
37 213
78 214
152 163
138 265
212 214
231 456
243 281
229 383
264 404
14 229
0 331
41 332
55 230
113 208
206 399
305 378
30 173
16 275
90 224
131 225
117 327
208 445
241 393
282 394
342 445
15 50
20 394
53 342
185 461
166 219
226 270
317 388
418 440
17 96
129 337
143 235
160 404
108 214
294 404
11 281
44 229
71 332
85 230
145 281
197 471
219 230
296 450
48 348
29 106
139 466
180 275
221 276
6 122
23 291
9 393
64 292
97 240
124 343
215 461
349 461
22 66
25 337
173 235
159 337
200 338
250 455
291 456
324 404
76 302
425 456
103 405
136 353
115 230
1 128
6 472
326 450
18 297
4 399
59 106
138 399
212 348
243 415
191 225
377 415
77 123
94 292
113 342
127 240
168 241
228 292
319 410
379 461
52 66
57 410
112 117
131 359
203 235
230 338
356 477
15 184
395 405
106 302
92 404
133 405
298 472
432 472
69 420
110 421
91 179
283 349
333 466
374 467
11 415
407 415
33 174
71 466
107 123
112 467
145 415
219 364
310 482
258 292
48 482
122 431
409 461
101 308
235 308
221 410
386 477
427 478
64 426
45 184
86 185
119 133
177 303
163 405
237 354
297 405
22 200
25 471
61 128
66 472
80 370
121 179
200 472
462 472
2 487
43 488
24 246
98 195
84 297
404 467
115 364
189 313
142 467
175 415
216 416
276 467
1 262
290 365
288 292
18 431
340 482
381 483
114 139
119 483
174 190
193 432
265 308
251 410
325 359
55 498
77 257
94 426
75 184
154 477
168 375
195 478
228 426
267 354
19 252
0 10
52 200
93 201
131 493
230 472
343 349
207 488
155 298
205 415
246 416
320 365
31 262
17 364
72 263
380 416
70 190
108 482
130 241
149 483
223 432
295 308
322 411
47 206
126 499
355 359
181 206
167 308
225 478
258 426
10 324
101 442
49 252
82 200
123 201
161 493
183 252
202 494
274 370
334 421
375 422
177 437
158 195
237 488
311 437
350 365
61 262
102 263
88 365
162 314
179 483
253 432
327 381
313 483
5 330
65 381
63 308
137 257
151 155
290 499
238 309
329 427
389 478
81 325
62 83
141 376
153 201
366 494
3 442
39 99
56 268
42 370
116 319
176 370
231 269
281 386
267 488
341 437
14 42
0 144
79 437
132 263
165 211
192 314
357 381
343 483
35 330
16 88
21 432
95 381
117 140
417 432
72 397
20 207
58 499
359 427
70 324
144 273
130 375
262 494
336 443
47 340
0 494
33 442
396 494
129 150
146 319
261 269
247 371
280 319
32 217
338 489
412 438
49 386
472 489
71 145
109 437
150 438
183 386
26 402
48 161
34 263
139 279
125 381
259 381
364 397
350 499
424 448
23 104
9 206
28 448
50 207
88 499
102 397
124 156
162 448
215 274
5 464
27 223
44 392
63 442
104 443
178 392
426 494
250 268
2 166
76 115
62 217
81 459
103 218
153 335
227 284
268 285
39 233
18 110
4 212
56 402
78 161
97 403
116 453
138 212
231 403
55 177
41 279
113 155
192 448
206 346
57 223
222 290
282 341
309 444
342 392
20 341
106 115
92 217
245 459
284 387
36 285
69 233
160 351
108 161
187 454
321 454
30 470
11 228
85 177
71 279
145 228
164 470
186 229
236 346
337 398
48 295
34 397
122 244
87 223
161 172
240 465
221 223
372 392
50 341
124 290
163 218
275 459
316 460
13 459
25 284
66 285
118 475
140 234
291 403
2 300
43 301
24 59
29 403
84 110
103 352
351 454
392 455
175 228
216 229
268 419
276 280
18 244
4 346
78 295
119 296
105 398
152 244
193 245
210 414
270 465
344 414
22 363
94 239
168 188
154 290
319 357
305 459
346 460
57 357
131 306
79 116
222 424
170 234
20 475
73 301
54 59
59 403
133 352
147 250
207 301
422 455
298 419
399 471
31 75
17 177
58 178
72 76
96 470
75 347
108 295
110 368
149 296
182 244
283 296
397 398
300 465
374 414
11 362
52 363
33 121
112 414
126 312
434 465
184 290
225 291
277 481
411 481
10 137
376 460
101 255
49 65
128 358
109 116
188 409
235 255
293 425
353 476
64 373
12 183
50 475
86 132
91 476
177 250
163 352
278 302
388 470
429 471
61 75
66 419
88 178
181 369
214 317
179 296
406 487
43 435
65 194
82 363
115 311
156 312
290 312
307 481
255 291
381 430
45 481
67 240
191 306
232 307
292 358
22 497
383 476
42 183
116 132
135 374
176 183
195 425
267 301
360 492
19 199
93 148
98 492
459 471
211 369
230 419
271 420
436 487
68 91
21 245
73 435
95 194
133 486
155 245
174 487
260 261
246 363
347 415
58 312
89 379
70 137
149 430
471 481
171 189
209 481
264 380
283 430
262 307
314 497
126 446
186 497
165 374
239 323
225 425
299 374
390 492
68 441
109 250
150 251
183 199
202 441
274 317
301 420
12 317
34 76
466 487
144 436
177 384
204 487
218 385
278 436
102 210
179 430
327 328
280 482
5 277
27 36
65 328
63 255
118 154
197 447
257 498
238 256
269 323
7 323
81 272
67 374
172 390
180 251
6 98
39 46
56 215
4 25
42 317
116 266
248 385
234 487
308 436
382 385
368 487
41 92
46 436
151 452
132 210
285 452
233 262
324 380
35 277
16 35
21 379
136 329
169 277
384 431
227 447
260 395
361 447
72 344
20 154
359 374
37 323
111 272
171 323
262 441
336 390
14 339
0 441
74 390
148 339
96 149
437 442
127 216
113 318
146 266
160 164
247 318
11 41
16 385
164 283
150 385
439 488
53 452
34 210
414 431
166 329
199 277
240 278
331 396
317 498
391 447
69 396
129 447
215 221
201 323
242 324
27 170
13 272
44 339
25 97
66 98
104 390
118 288
178 339
219 340
269 457
217 267
393 493
2 113
43 114
29 216
81 406
103 165
122 407
180 385
6 232
345 452
23 401
4 159
78 108
97 350
105 211
157 401
231 350
210 227
55 124
60 468
99 396
132 344
159 447
233 396
272 324
2 463
35 411
398 463
136 463
84 273
134 390
175 391
208 339
249 340
282 288
20 288
340 458
73 114
59 216
152 407
212 458
224 283
36 232
110 181
113 452
247 452
352 468
30 417
85 124
38 278
164 417
15 294
428 463
106 412
87 170
240 412
188 222
17 340
91 289
108 458
182 407
163 165
44 473
85 474
118 422
140 181
219 474
258 402
332 351
43 248
29 350
103 299
423 469
82 176
115 124
120 468
142 227
268 366
18 191
97 484
105 345
210 361
196 463
311 413
3 68
435 479
94 186
173 479
121 289
286 356
272 458
24 356
98 305
249 474
323 423
21 58
59 350
133 299
147 197
174 300
224 417
265 418
58 125
89 192
75 294
149 243
168 485
209 294
300 412
341 413
401 464
0 120
33 68
38 412
112 361
203 479
244 480
225 238
15 428
51 85
376 407
68 254
101 202
279 474
353 423
394 424
26 28
12 130
53 131
91 423
177 197
130 351
163 299
204 300
256 490
355 469
80 264
33 418
66 366
88 125
107 367
198 485
179 243
280 295
5 90
10 434
82 310
63 68
183 362
216 310
307 428
348 429
408 480
7 136
45 428
81 85
232 254
292 305
22 444
383 423
61 372
42 130
121 423
195 372
286 490
234 300
327 491
360 439
19 146
24 490
98 439
63 418
151 265
211 316
271 367
362 485
35 90
21 192
40 434
95 141
100 485
114 383
174 434
213 362
287 311
347 362
378 429
89 326
37 136
75 428
116 429
149 377
176 480
14 152
0 254
19 496
52 444
74 203
93 445
148 152
113 131
239 270
266 373
431 440
16 198
49 146
169 440
150 198
202 388
301 367
53 265
125 141
130 485
218 332
278 383
181 450
468 480
146 429
179 377
280 429
354 378
385 445
13 85
445 496
44 152
49 496
104 203
183 496
197 394
257 445
269 270
296 373
7 270
34 373
122 220
441 490
172 337
120 147
158 439
180 198
199 440
232 388
273 389
6 45
23 214
9 316
83 265
248 332
234 434
60 281
46 383
151 399
99 209
159 260
285 399
250 378
2 276
35 224
62 327
76 225
475 496
153 445
134 203
227 394
361 394
39 343
326 373
37 270
152 220
138 322
264 461
14 286
363 440
41 389
206 456
187 214
247 265
305 435
379 384
90 281
38 91
117 384
241 450
282 451
315 399
356 400
15 107
53 399
92 327
218 466
226 327
331 343
317 445
391 394
69 343
17 153
91 102
143 292
182 220
294 461
242 271
32 461
85 287
145 338
219 287
43 61
48 405
103 112
122 354
221 333
312 451
386 400
23 348
4 106
9 450
50 451
83 399
124 400
446 451
248 466
196 276
289 467
27 467
8 225
25 394
99 343
173 292
159 394
200 395
233 343
365 462
76 359
57 117
62 461
84 220
136 410
115 287
175 338
249 287
1 185
340 405
18 354
400 456
78 405
152 354
100 164
224 230
55 421
36 179
77 180
127 297
113 399
154 400
319 467
16 466
57 467
131 416
112 174
304 344
15 241
106 359
54 169
207 411
279 287
69 477
17 287
91 236
110 478
430 456
108 405
182 354
130 164
242 405
256 303
283 406
316 354
407 472
11 472
85 421
66 179
107 180
186 473
167 231
198 298
184 400
318 400
10 247
122 488
101 365
82 123
87 467
142 174
161 416
235 365
334 344
45 241
86 242
210 308
163 462
196 410
237 411
297 462
99 477
140 478
214 427
272 405
346 354
98 252
46 62
84 354
115 421
63 231
175 472
189 370
249 421
288 349
114 196
152 488
191 416
265 365
325 416
366 417
3 365
77 314
58 72
89 139
75 241
149 190
168 432
190 191
281 309
19 309
0 67
52 257
79 360
93 258
401 411
170 478
244 427
304 478
343 406
68 201
54 303
128 252
205 472
260 371
293 319
31 319
17 421
53 78
58 422
72 320
380 473
144 196
130 298
182 488
204 247
223 489
295 365
322 468
47 263
355 416
107 314
396 417
198 432
146 242
179 190
258 483
332 432
10 381
373 433
49 309
82 257
109 360
183 309
197 207
235 499
274 427
348 376
375 479
12 427
408 427
34 186
67 134
177 494
311 494
259 304
61 319
9 129
88 422
135 268
162 371
5 387
387 489
60 94
46 196
65 438
211 263
362 432
403 433
2 89
114 330
62 140
67 484
100 432
141 433
265 499
39 156
56 325
405 479
116 376
190 325
264 274
229 253
55 100
79 494
132 320
192 371
357 438
30 43
90 94
95 438
117 197
169 387
241 263
20 264
53 212
359 484
70 381
144 330
92 140
185 331
218 279
245 382
410 449
47 397
148 449
160 274
146 376
321 377
32 274
371 494
49 443
145 151
236 269
26 459
48 218
34 320
122 167
447 489
199 387
259 438
364 454
9 263
83 212
97 110
124 213
215 331
201 433
248 279
27 280
8 38
63 499
151 346
178 449
159 207
252 398
250 325
2 223
76 172
62 274
442 495
180 495
213 443
254 444
268 342
6 342
18 167
4 269
152 167
138 269
243 285
303 336
363 387
55 234
41 336
132 454
206 403
30 177
117 331
222 347
208 449
282 398
342 449
15 54
92 274
133 275
166 223
185 465
207 224
298 342
358 393
69 290
110 291
108 218
85 234
71 336
236 403
277 404
296 454
337 455
48 352
34 454
101 178
87 280
161 229
221 280
372 449
413 450
50 398
215 465
163 275
289 414
349 465
22 70
8 172
27 414
388 393
25 341
66 342
99 290
214 240
200 342
2 357
43 358
24 116
29 460
103 409
425 460
115 234
175 285
216 286
268 476
6 476
340 352
326 454
18 301
4 403
119 353
105 455
152 301
193 302
243 419
191 229
344 471
22 420
55 368
77 127
443 450
228 296
360 415
420 466
19 122
38 172
57 414
79 173
131 363
395 409
73 358
59 460
133 409
455 460
155 168
205 285
298 476
31 132
17 234
36 476
58 235
91 183
397 455
149 353
182 301
223 302
283 353
314 420
11 419
47 76
33 178
52 420
85 368
107 127
112 471
186 420
198 245
258 296
10 194
101 312
49 122
87 414
109 173
188 466
235 312
450 466
427 482
12 240
177 307
237 358
297 409
102 133
121 183
140 425
214 374
179 353
313 353
43 492
65 251
404 471
82 420
63 178
115 368
216 420
276 471
288 296
18 435
381 487
114 143
67 297
119 487
141 246
174 194
193 436
265 312
292 415
3 312
77 261
457 482
56 138
94 430
116 189
135 431
168 379
195 482
19 256
0 14
93 205
132 133
170 425
230 476
244 374
35 200
21 302
54 250
68 148
147 441
169 200
260 318
246 420
347 472
58 369
70 194
130 245
223 436
283 487
262 364
0 364
33 312
107 261
148 262
165 431
146 189
373 380
10 328
32 87
68 498
101 446
123 205
109 307
150 308
183 256
202 498
26 272
7 30
53 375
86 323
375 426
139 149
125 251
177 441
278 493
350 369
9 76
88 369
102 267
253 436
201 246
327 385
354 488
27 93
13 195
118 211
104 313
178 262
238 313
255 482
329 431
2 36
67 431
141 380
180 308
213 256
254 257
306 447
56 272
42 374
83 375
116 323
157 324
231 273
405 426
382 442
19 390
41 149
46 493
132 267
192 318
35 334
16 92
21 436
57 93
117 144
136 386
169 334
134 313
260 452
384 488
72 401
20 211
359 431
111 329
185 278
171 380
245 329
460 483
377 448
396 498
69 103
74 447
96 206
160 221
146 323
187 324
261 273
247 375
321 324
352 391
11 98
16 442
71 149
90 391
150 442
472 493
48 165
34 267
139 283
87 93
125 385
166 386
226 437
240 335
23 108
64 109
50 211
69 453
102 401
124 160
143 402
5 468
316 330
27 227
407 448
426 498
25 154
99 103
104 447
118 345
252 345
467 499
217 324
2 170
76 119
29 273
81 463
103 222
122 464
120 391
194 340
268 289
254 391
328 340
18 114
4 216
23 458
78 165
97 407
119 166
138 216
231 407
196 386
229 334
330 386
8 335
94 109
99 453
132 401
154 160
173 402
233 453
305 329
57 227
131 176
497 499
222 294
208 396
249 397
282 345
309 448
20 345
106 119
59 273
111 463
133 222
152 464
224 340
284 391
96 340
449 458
127 407
108 165
302 408
335 356
300 335
11 232
85 181
38 335
71 283
112 284
126 182
164 474
203 402
101 125
106 469
240 469
188 279
279 397
312 345
12 53
17 397
50 345
91 346
124 294
182 464
163 222
215 412
316 464
27 361
80 187
167 341
291 407
43 305
24 63
103 356
392 459
82 233
156 182
142 284
194 474
268 423
307 351
18 248
4 350
45 351
367 402
105 402
193 249
210 418
22 367
3 125
8 469
42 53
121 346
135 244
286 413
57 361
98 362
84 464
189 480
170 238
230 289
271 290
362 408
21 115
59 407
100 408
133 356
147 254
265 475
298 423
339 424
3 475
36 423
58 182
77 424
89 249
110 372
149 300
223 249
209 351
397 402
314 367
374 418
415 419
52 367
38 469
112 418
126 316
186 367
165 244
277 485
225 295
10 141
15 485
51 142
376 464
68 311
49 69
101 259
202 311
188 413
353 480
26 85
31 429
86 136
177 254
163 356
204 357
295 475
369 424
429 475
33 475
66 423
107 424
181 373
179 300
406 491
43 439
65 198
371 470
404 418
82 367
63 125
156 316
183 419
216 367
307 485
348 486
381 434
45 485
81 142
86 486
119 434
141 193
482 486
158 362
232 311
292 362
56 85
42 187
61 429
121 480
248 255
234 357
98 496
46 306
459 475
151 322
137 424
285 322
436 491
35 147
114 440
95 198
477 492
155 249
260 265
213 419
246 367
72 214
20 24
58 316
378 486
70 141
111 142
116 486
149 434
171 193
190 435
0 311
148 209
165 378
239 327
266 430
299 378
51 276
68 445
49 203
90 204
123 152
128 496
150 255
241 373
315 322
53 322
144 440
125 198
166 199
204 491
226 250
278 440
69 266
146 486
179 434
294 384
280 486
354 435
27 40
32 384
118 158
104 260
197 451
238 260
269 327
255 429
370 379
7 327
122 277
461 497
172 394
120 204
158 496
199 497
232 445
273 446
6 102
97 220
234 491
382 389
60 338
8 148
41 96
46 440
132 214
173 215
159 317
250 435
2 333
35 281
384 435
136 333
134 260
208 209
227 451
361 451
39 400
359 378
111 276
185 225
138 379
171 327
212 328
229 497
377 395
14 343
0 445
437 446
96 153
113 322
187 271
247 322
338 440
379 441
11 45
90 338
38 148
117 441
150 389
164 287
315 456
356 457
53 456
414 435
106 282
240 282
331 400
391 451
69 400
143 349
91 159
201 327
27 174
393 497
118 292
66 102
71 446
104 394
145 395
217 271
310 462
7 461
48 462
29 220
103 169
122 411
444 462
120 338
194 287
235 288
221 390
6 236
345 456
386 457
18 61
4 163
23 405
97 354
105 215
124 457
297 385
22 180
8 282
60 472
330 333
25 451
173 349
121 159
159 451
200 452
233 400
272 328
2 467
76 416
24 226
57 174
98 175
136 467
249 344
309 395
1 242
340 462
18 411
37 461
73 118
59 220
133 169
152 411
212 462
265 288
325 339
55 478
36 236
110 185
168 355
154 457
302 355
30 421
90 472
38 282
112 231
126 129
131 473
203 349
277 298
304 401
15 298
428 467
54 226
87 174
207 468
205 395
279 344
31 242
17 344
380 396
108 462
182 411
283 463
80 134
66 236
85 478
107 237
140 185
167 288
198 355
258 406
332 355
318 457
10 304
392 406
101 422
82 180
161 473
142 231
235 422
334 401
45 298
193 196
210 365
158 175
196 467
135 191
121 293
214 484
272 462
313 463
346 411
24 360
387 412
46 119
84 411
115 478
137 237
249 478
290 479
288 406
21 62
191 473
265 422
339 371
325 473
399 422
3 422
89 196
168 489
302 489
341 417
52 314
38 416
79 417
165 191
244 484
51 89
343 463
54 360
128 309
155 412
188 360
293 376
279 478
320 479
394 428
26 32
17 478
31 376
58 479
144 253
204 304
295 422
369 371
355 473
47 320
28 78
88 129
167 422
181 320
198 489
146 299
179 247
220 248
280 299
5 94
10 438
32 197
332 489
373 490
82 314
123 315
156 263
183 366
197 264
257 315
274 484
408 484
7 140
12 484
67 191
81 89
86 433
172 207
199 310
259 361
350 479
23 84
61 376
88 479
234 304
327 495
65 495
46 253
426 474
63 422
137 371
151 269
211 320
362 489
403 490
40 438
21 196
62 197
76 95
114 387
153 315
227 264
287 315
347 366
39 213
378 433
56 382
479 485
116 433
176 484
264 331
229 310
14 156
41 259
113 135
192 428
266 377
30 100
16 202
35 444
54 494
68 392
169 444
491 495
241 320
282 321
433 490
144 387
185 388
204 438
218 336
47 454
143 162
129 264
468 484
146 433
220 382
280 433
321 434
385 449
13 89
44 156
123 449
71 259
7 274
29 33
34 377
122 224
139 393
125 495
199 444
180 202
259 495
273 393
6 49
312 321
97 167
124 270
215 388
289 337
275 439
349 388
27 337
8 95
25 264
118 455
159 264
324 331
2 280
76 229
24 39
136 280
84 90
351 434
115 157
153 449
175 208
227 398
1 55
39 347
326 377
4 326
78 275
152 224
138 326
212 275
330 496
55 291
36 49
41 393
127 167
206 460
319 337
379 388
16 336
57 337
90 285
117 388
282 455
230 265
356 404
15 111
20 455
92 331
166 280
205 208
298 399
69 347
143 296
91 106
182 224
242 275
85 291
71 393
145 342
219 291
217 218
310 409
411 461
43 65
122 358
87 337
161 286
386 404
23 352
45 111
105 162
163 332
27 471
8 229
388 450
99 347
140 348
173 296
43 415
24 173
98 122
84 224
103 466
115 291
189 240
175 342
216 343
249 291
276 394
290 292
18 358
4 460
441 461
100 168
138 460
193 359
243 476
251 337
55 425
3 235
77 184
94 353
319 471
267 281
52 127
38 229
79 230
170 348
244 297
230 399
304 348
395 466
68 71
54 173
73 415
106 363
147 364
155 225
205 342
17 291
58 292
110 482
70 117
108 409
130 168
149 410
182 358
209 461
223 359
11 476
47 133
85 425
107 184
186 477
167 235
448 477
198 302
184 404
258 353
299 354
318 404
10 251
101 369
123 128
109 230
161 420
202 421
221 471
235 369
274 297
26 195
64 487
86 246
177 364
163 466
237 415
311 364
297 466
402 482
61 189
135 138
88 292
121 240
140 482
179 410
24 307
65 308
46 66
115 425
63 235
156 426
189 374
329 354
389 405
114 200
100 302
141 303
174 251
193 493
191 420
232 421
265 369
306 370
3 369
77 318
89 143
94 487
116 246
135 488
176 297
190 195
267 415
341 364
19 313
0 71
79 364
93 262
368 467
473 483
244 431
285 432
304 482
343 410
68 205
54 307
147 498
246 477
380 477
72 324
58 426
89 493
70 251
144 200
171 303
204 251
245 252
262 421
336 370
322 472
47 267
33 369
74 370
396 421
198 436
146 246
239 437
299 488
10 385
32 144
123 262
71 72
109 364
183 313
257 262
315 432
348 380
26 329
7 87
12 431
34 190
48 88
86 380
218 499
199 257
9 133
451 478
162 375
253 493
201 303
5 391
27 150
13 252
60 98
65 442
151 216
104 370
137 318
252 268
7 437
81 386
62 144
67 488
153 262
213 313
405 483
37 87
42 431
78 88
116 380
190 329
248 499
229 257
281 447
19 447
55 104
41 206
60 448
93 396
132 324
206 273
192 375
398 443
30 47
35 391
57 150
90 98
95 442
117 201
169 391
134 370
208 319
458 494
359 488
70 385
111 386
92 144
171 437
284 314
14 453
69 160
110 161
148 453
247 432
321 381
412 499
11 155
49 447
71 206
90 448
123 396
145 155
164 397
263 376
26 463
48 222
122 171
428 443
199 391
273 340
226 494
364 458
64 166
50 268
102 458
124 217
143 459
215 335
27 284
8 42
440 453
25 211
140 161
219 454
200 212
252 402
217 381
250 329
291 330
43 228
29 330
442 499
120 448
153 396
180 499
254 448
268 346
328 397
1 2
6 346
18 171
56 463
78 222
152 171
138 273
243 289
196 443
229 391
270 392
3 48
41 340
435 459
94 166
132 458
173 459
206 407
305 386
57 284
38 42
117 335
131 233
222 351
208 453
249 454
282 402
323 403
15 58
20 402
73 228
106 176
133 279
185 469
298 346
358 397
36 346
110 295
96 397
127 464
108 222
261 464
335 413
11 289
85 238
126 239
112 341
186 290
184 217
277 408
337 459
10 64
376 387
101 182
87 284
161 233
188 336
221 284
279 454
312 402
353 403
12 110
45 58
50 402
91 403
215 469
27 418
80 244
140 295
88 105
200 346
365 413
406 414
24 120
29 464
115 238
156 239
142 341
216 290
268 480
1 136
18 305
367 459
119 357
105 459
210 475
191 233
251 284
22 424
3 182
77 131
383 403
94 300
42 110
443 454
195 352
286 470
19 126
57 418
79 177
98 419
170 295
271 347
362 465
21 172
54 120
59 464
133 413
147 311
174 414
207 362
36 480
110 429
58 239
397 459
149 357
223 306
283 357
314 424
374 475
47 80
52 424
74 183
107 131
186 424
198 249
239 250
225 352
10 198
390 419
101 316
49 126
54 470
87 418
109 177
450 470
293 486
301 347
31 486
12 244
86 193
427 486
177 311
163 413
278 363
369 481
80 378
28 188
107 481
88 239
140 429
253 306
43 496
404 475
445 476
104 183
216 424
290 373
381 491
40 198
67 301
141 250
172 317
158 419
306 317
366 368
457 486
56 142
135 435
195 486
234 414
308 363
19 260
60 261
46 363
93 209
151 379
132 137
137 481
170 429
211 430
271 481
35 204
21 306
73 496
95 255
114 497
155 306
169 204
134 183
213 476
287 425
320 373
347 476
72 271
20 81
361 374
452 492
37 250
149 491
190 492
264 441
262 368
322 419
74 317
148 266
165 435
146 193
239 384
299 435
51 333
338 363
49 260
123 209
164 210
150 312
315 379
301 481
26 276
375 430
53 379
34 137
139 153
144 497
199 204
278 497
226 307
350 373
28 322
50 81
88 373
129 374
143 272
220 492
201 250
253 440
5 338
13 199
393 420
118 215
104 317
178 266
238 317
269 384
255 486
296 487
370 436
2 40
7 384
62 91
67 435
81 333
180 312
306 451
6 159
56 276
4 86
97 277
157 328
231 277
308 497
349 498
382 446
41 153
132 271
173 272
159 374
206 220
250 492
324 441
35 338
76 339
384 492
136 390
134 317
208 266
309 318
39 457
20 215
359 435
400 436
37 384
111 333
460 487
171 384
212 385
377 452
14 400
36 159
127 277
113 379
187 328
247 379
321 328
352 395
338 497
379 498
11 102
16 446
164 344
150 446
203 272
414 492
139 287
331 457
64 113
143 406
91 216
124 164
215 282
201 384
256 283
316 334
13 333
44 400
66 159
104 451
145 452
217 328
318 380
122 468
103 226
409 498
442 446
180 446
221 447
254 395
268 293
45 221
157 462
105 272
210 288
22 237
94 113
173 406
121 216
233 457
272 385
76 473
24 283
57 231
84 334
189 350
175 452
222 298
323 350
309 452
73 175
59 277
152 468
174 227
224 344
265 345
325 396
110 242
96 344
127 411
75 221
149 170
228 463
209 221
302 412
300 339
38 339
112 288
277 355
263 457
337 406
10 11
15 355
101 129
54 283
106 473
188 283
293 299
279 401
12 57
256 417
204 227
316 468
80 191
140 242
181 243
167 345
332 412
5 17
10 361
43 309
65 68
392 463
216 237
307 355
348 356
367 406
7 63
45 355
105 406
119 304
193 253
311 474
22 371
8 473
135 248
121 350
346 468
387 469
60 74
46 176
79 124
98 366
189 484
137 294
170 242
211 243
271 294
1 433
323 484
288 463
362 412
422 463
114 310
100 412
463 464
265 479
339 428
89 253
37 63
75 355
190 305
176 407
223 253
281 423
300 473
314 371
52 371
0 181
74 130
79 474
126 320
225 299
51 146
376 468
128 366
155 469
188 417
241 243
394 485
26 89
31 433
53 192
91 484
70 361
130 412
204 361
278 310
295 479
429 479
28 135
33 479
107 428
167 479
181 377
470 480
179 304
220 305
5 151
10 495
32 254
65 202
371 474
82 371
109 474
197 321
255 299
348 490
7 197
81 146
86 490
447 469
172 264
232 315
273 316
259 418
364 434
23 141
9 243
61 433
121 484
135 382
162 485
248 259
308 310
60 208
459 479
63 479
151 326
211 377
159 187
285 326
250 305
35 151
40 495
62 254
76 152
95 202
136 203
153 372
227 321
213 423
287 372
39 270
20 28
378 490
56 439
37 197
111 146
116 490
138 249
171 197
264 388
303 316
363 367
74 264
148 213
454 485
165 382
113 192
239 331
266 434
51 280
30 157
16 259
68 449
90 208
241 377
315 326
301 428
342 429
53 326
106 152
144 444
166 203
245 496
317 372
28 269
69 270
143 219
418 424
160 388
146 490
294 388
280 490
354 439
27 44
13 146
44 213
71 316
104 264
145 265
236 383
269 331
296 434
310 332
29 90
34 434
139 450
172 398
180 259
221 260
273 450
6 106
23 275
4 33
9 377
157 275
196 203
234 495
349 445
22 50
8 152
13 496
27 394
25 321
46 444
99 270
151 460
159 321
173 219
324 388
365 389
425 440
62 388
134 264
1 112
39 404
326 434
4 383
37 331
59 90
138 383
212 332
243 399
303 450
251 260
36 106
127 224
154 327
319 394
30 291
439 496
38 152
222 461
263 270
15 168
414 439
106 286
54 96
92 388
166 337
240 286
298 456
331 404
432 456
17 214
91 163
108 332
182 281
333 450
85 348
145 399
219 348
217 275
258 276
310 466
318 327
43 122
48 466
122 415
409 445
161 343
221 394
45 168
124 461
105 219
210 235
196 337
237 338
270 286
297 389
22 184
8 286
402 405
25 455
61 112
99 404
121 163
214 354
272 332
43 472
76 420
84 281
115 348
249 348
290 349
1 246
340 466
381 467
18 415
73 122
59 224
78 466
100 225
152 415
193 416
191 343
265 292
251 394
55 482
3 292
77 241
416 461
168 359
154 461
228 410
176 220
267 338
52 184
126 133
79 287
112 235
131 477
244 354
304 405
469 472
68 128
73 472
106 420
128 179
147 421
155 282
31 246
380 400
91 297
108 466
130 225
256 364
283 467
47 190
33 292
80 138
85 482
107 241
126 483
167 292
181 190
184 461
198 359
258 410
10 308
423 477
101 426
82 184
123 185
142 235
235 426
274 354
334 405
26 252
12 354
177 421
311 421
61 246
88 349
121 297
162 298
214 488
253 416
286 364
313 467
387 416
65 365
46 123
98 313
63 292
137 241
189 431
238 293
1 380
40 308
21 66
62 67
100 359
141 360
265 426
213 236
366 478
89 200
116 303
190 252
267 472
14 26
0 128
401 472
165 195
244 488
343 467
16 72
21 416
54 364
95 365
169 314
58 483
359 411
171 360
204 308
295 426
336 427
47 324
396 478
69 83
74 427
107 375
129 134
160 201
146 303
198 493
239 494
280 303
10 442
373 494
32 201
123 319
197 268
183 370
257 319
274 488
348 437
7 144
12 488
81 93
86 437
172 211
125 365
199 314
350 483
424 432
102 381
83 139
162 432
201 360
234 308
60 155
13 309
63 426
104 427
137 375
151 273
238 427
252 325
269 494
2 150
7 494
76 99
81 443
136 150
213 370
287 319
378 437
419 438
56 386
42 488
78 145
479 489
55 161
93 453
132 381
206 330
266 381
357 499
305 309
30 104
16 206
35 448
90 155
95 499
131 156
431 448
222 274
208 376
20 325
433 494
70 442
92 201
185 392
245 443
284 371
317 319
69 217
17 27
110 218
143 166
160 335
146 437
220 386
261 387
247 489
321 438
335 336
32 335
385 453
44 160
123 453
236 330
29 37
34 381
139 397
87 207
125 499
240 449
312 325
23 222
9 324
50 325
64 223
372 376
201 494
275 443
349 392
27 341
13 443
118 459
99 217
140 218
200 269
2 284
43 285
24 43
29 387
76 233
84 94
153 453
194 454
268 403
328 454
1 59
6 403
326 381
367 382
4 330
78 279
105 382
193 229
229 448
270 449
55 295
41 397
168 172
319 341
30 238
379 392
57 341
131 290
79 100
117 392
222 408
356 408
59 387
205 212
358 454
31 59
36 403
96 454
182 228
209 331
333 397
374 398
11 346
33 105
38 449
71 397
112 398
126 296
145 346
184 274
186 347
277 465
411 465
10 121
101 239
87 341
161 290
235 239
188 393
221 341
353 460
386 408
64 357
12 167
50 459
91 460
177 234
289 475
237 285
297 336
27 475
25 402
80 301
140 352
200 403
365 470
43 419
103 470
115 295
63 105
156 296
189 244
216 347
276 398
290 296
4 464
40 121
45 465
100 172
119 414
193 363
441 465
191 290
251 341
292 342
3 239
77 188
383 460
94 357
42 167
75 115
154 408
168 306
195 409
267 285
57 475
93 132
79 234
131 424
170 352
244 301
230 403
271 404
304 352
436 471
73 419
133 470
174 471
207 419
246 347
31 193
72 194
58 296
89 363
75 465
149 414
223 363
209 465
11 480
52 481
33 239
107 188
126 430
148 189
322 342
198 306
184 408
448 481
299 358
10 255
390 476
49 183
87 475
109 234
128 476
202 425
334 352
34 60
125 178
163 470
204 471
402 486
61 193
102 194
140 486
162 245
179 414
253 363
313 414
5 261
65 312
13 122
46 70
63 239
137 188
156 430
257 482
290 430
269 307
255 409
329 358
40 255
81 256
114 204
141 307
193 497
172 374
389 409
232 425
306 374
292 476
366 425
42 301
116 250
157 251
176 301
190 199
234 471
267 419
308 420
19 317
93 266
46 420
79 368
473 487
132 194
211 487
192 245
285 436
343 414
35 261
16 19
134 240
260 379
287 482
20 138
58 430
89 497
144 204
171 307
245 256
262 425
14 323
74 374
96 133
187 251
32 148
11 25
90 318
123 266
150 369
197 215
241 487
315 436
26 333
12 435
139 210
125 312
240 262
226 364
350 430
391 431
28 379
102 328
50 138
88 430
162 379
201 307
13 256
25 81
104 374
118 272
252 272
238 374
269 441
217 251
370 493
2 97
29 200
67 492
103 149
141 441
153 266
194 267
180 369
254 318
6 216
405 487
4 143
9 487
42 435
78 92
138 143
157 385
231 334
55 108
41 210
132 328
206 277
159 431
324 498
35 395
76 396
57 154
62 498
136 447
458 498
134 374
208 323
20 272
359 492
400 493
37 441
433 441
133 149
138 493
171 441
245 390
224 267
14 457
148 457
261 334
247 436
321 385
352 452
11 159
85 108
90 452
112 211
145 159
164 401
203 329
236 277
263 380
277 278
15 278
48 226
428 447
106 396
92 498
125 446
166 447
226 498
64 170
430 493
215 339
201 441
256 340
316 391
27 288
13 390
44 457
25 215
80 114
140 165
219 458
200 216
217 385
291 334
318 437
43 232
29 334
103 283
120 452
194 401
254 452
1 6
6 350
18 175
4 277
45 278
78 226
105 329
119 227
210 345
196 447
270 396
344 345
330 447
8 396
435 463
94 170
154 221
272 442
57 288
131 237
84 391
189 407
249 458
73 232
147 181
207 232
224 401
298 350
284 452
339 351
36 350
58 109
89 176
108 226
149 227
209 278
302 469
52 294
38 396
126 243
401 448
203 463
277 412
10 68
15 412
51 69
376 391
87 288
188 340
293 356
279 458
31 356
12 114
17 458
64 304
91 407
413 458
204 284
80 248
28 58
66 350
88 109
214 248
406 418
65 125
82 294
372 457
276 345
307 412
40 68
119 361
67 171
193 310
191 237
22 428
383 407
61 356
42 114
94 304
121 407
135 305
443 458
286 474
360 423
24 474
98 423
46 233
79 181
137 351
170 299
211 300
244 248
1 490
271 351
73 366
21 176
59 468
95 125
114 367
147 315
155 176
174 418
246 294
339 485
397 463
438 464
75 412
223 310
176 464
264 311
314 428
14 136
0 238
93 429
126 377
165 305
239 254
225 356
450 474
49 130
54 474
109 181
150 182
188 474
202 372
301 351
26 146
31 490
53 249
70 418
130 469
204 418
218 316
278 367
80 382
28 192
102 141
88 243
107 485
129 244
181 434
179 361
220 362
294 311
280 413
5 208
354 362
32 311
13 69
385 429
445 480
123 429
142 479
156 377
183 480
197 378
257 429
26 496
7 254
81 203
67 305
158 423
232 372
180 182
292 423
306 321
6 29
56 146
42 248
61 490
135 439
157 198
195 490
427 435
308 367
151 383
211 434
250 362
21 310
62 311
95 259
153 429
134 187
213 480
227 378
287 429
347 480
39 327
20 85
361 378
89 444
37 254
111 203
452 496
264 445
212 255
262 372
303 373
0 372
74 321
148 270
165 439
113 249
266 491
247 249
338 367
90 265
164 214
241 434
315 383
301 485
342 486
356 384
15 91
53 383
92 311
125 259
166 260
226 311
317 429
28 326
50 85
143 276
220 496
201 254
294 445
27 101
13 203
32 445
44 270
118 219
333 373
178 270
219 271
393 424
269 388
370 440
7 388
48 389
29 147
34 491
81 337
122 338
120 265
172 455
180 316
254 265
6 163
345 383
23 332
4 90
45 91
83 383
105 142
157 332
372 486
248 450
289 451
25 378
99 327
173 276
250 496
324 445
76 343
62 445
98 102
136 394
425 497
175 322
208 270
249 271
309 322
39 461
340 389
326 491
37 388
78 389
59 147
111 337
138 440
152 338
243 456
55 405
36 163
110 112
96 214
127 281
75 91
113 383
228 333
261 281
352 399
30 348
16 450
52 107
38 209
90 399
112 158
131 400
203 276
106 343
166 394
240 343
226 445
205 322
331 461
31 169
64 117
430 440
108 389
182 338
256 287
242 389
316 338
354 455
407 456
145 456
219 405
184 384
258 333
43 179
29 281
122 472
161 400
221 451
64 467
119 174
485 497
210 292
196 394
237 395
270 343
311 344
8 343
402 462
61 169
94 117
99 461
140 462
173 410
214 411
286 287
76 477
98 236
84 338
175 456
249 405
290 406
309 456
323 354
288 333
18 472
59 281
100 282
114 180
152 472
174 231
191 400
193 473
251 451
325 400
77 298
94 467
75 225
127 415
149 174
168 416
209 225
228 467
302 416
341 344
52 241
0 51
38 343
112 292
170 462
203 410
244 411
304 462
68 185
188 287
205 456
279 405
293 303
320 406
380 457
12 61
144 180
130 282
223 473
295 349
355 400
47 247
80 195
181 247
198 416
258 467
332 416
65 72
101 483
82 241
142 292
183 293
235 483
274 411
408 411
7 67
12 411
45 359
67 118
86 360
177 478
158 236
350 406
61 303
42 61
121 354
135 252
162 355
195 303
253 473
286 421
327 422
60 78
46 180
65 422
406 488
63 349
137 298
151 196
189 488
211 247
1 437
288 467
403 417
21 123
62 124
100 416
114 314
306 484
339 432
39 140
77 432
89 257
37 67
75 359
190 309
176 411
281 427
341 478
415 427
19 427
0 185
74 134
79 478
93 376
192 355
225 303
266 304
357 422
417 473
54 421
95 422
128 370
155 473
394 489
72 438
53 196
70 365
92 124
218 263
245 366
47 381
28 139
33 483
69 140
107 432
129 191
148 433
181 381
220 309
470 484
10 499
13 16
371 478
49 427
123 376
109 478
183 427
197 325
236 253
255 303
348 494
26 443
48 202
34 304
81 150
86 494
122 151
139 320
172 268
199 371
447 473
364 438
23 145
9 247
83 196
162 489
248 263
275 366
308 314
8 22
46 314
63 483
25 191
99 140
151 330
159 191
178 433
211 381
252 382
2 207
40 499
62 258
114 448
136 207
153 376
227 325
213 427
287 376
328 377
39 274
20 32
419 495
56 443
37 201
111 150
190 443
243 269
229 371
14 217
55 218
363 371
113 196
305 366
30 161
90 212
134 484
208 433
282 382
342 433
70 499
106 156
144 448
166 207
358 377
69 274
17 84
96 377
143 223
160 392
108 202
146 494
261 444
294 392
321 495
449 495
44 217
85 218
145 269
236 387
296 438
370 387
48 336
29 94
34 438
122 285
139 454
161 213
221 264
312 382
23 279
97 228
50 382
124 331
372 433
215 449
196 207
289 398
349 449
27 398
25 325
99 274
173 223
214 224
365 393
351 495
76 290
24 100
29 444
103 393
425 444
115 218
227 459
268 460
326 438
18 285
367 439
59 94
138 387
191 213
303 454
251 264
344 455
3 162
36 110
41 454
94 280
127 228
154 331
168 229
228 280
30 295
379 449
52 54
131 347
117 449
420 450
203 223
230 326
356 465
106 290
54 100
59 444
92 392
133 393
207 342
205 269
298 460
432 460
31 116
17 218
110 409
397 439
182 285
242 336
283 337
333 454
11 403
47 60
85 352
112 455
145 403
186 404
184 331
258 280
10 178
409 449
161 347
109 157
221 398
386 465
427 466
64 414
12 224
45 172
86 173
124 465
237 342
297 393
22 188
25 459
61 116
66 460
80 358
121 167
140 409
162 168
214 358
253 286
24 234
98 183
84 285
115 352
175 403
216 404
290 353
381 471
40 178
78 470
119 471
193 420
191 347
251 398
292 399
325 347
416 465
94 414
75 172
195 466
176 224
228 414
19 240
93 189
79 291
131 481
368 394
469 476
68 132
147 425
95 235
128 183
169 184
207 476
205 403
246 404
260 302
320 353
31 250
17 352
380 404
70 178
108 470
130 229
149 471
223 420
283 471
322 399
47 194
33 296
107 245
126 487
148 246
181 194
146 173
184 465
299 415
10 312
51 313
32 71
49 240
123 189
202 482
183 240
301 461
26 256
12 358
86 307
34 117
334 409
375 410
177 425
125 235
158 183
237 476
278 477
311 425
80 492
61 250
9 60
88 353
102 251
162 302
179 471
253 420
327 369
5 318
354 472
65 369
63 296
137 245
156 487
178 246
238 297
269 364
255 466
288 414
329 415
2 20
81 313
67 415
172 431
306 431
366 482
56 256
42 358
116 307
190 256
281 374
267 476
308 477
341 425
19 374
382 426
46 477
79 425
132 251
244 492
192 302
35 318
16 76
95 369
417 420
155 420
260 436
208 246
320 487
394 436
53 143
58 487
70 312
111 313
144 261
185 262
262 482
336 431
396 482
0 482
74 431
148 380
96 190
129 138
160 205
146 307
220 256
239 498
247 359
373 498
412 426
11 82
123 323
109 425
150 426
197 272
315 493
26 390
12 492
48 149
34 251
53 493
414 472
139 267
125 369
199 318
226 421
364 385
102 385
124 144
129 488
201 364
275 313
5 452
44 380
426 482
104 431
467 483
252 329
250 256
403 498
7 498
444 499
29 257
62 205
136 154
153 323
194 324
227 272
254 375
39 221
345 493
419 442
56 390
42 492
83 493
157 442
138 200
231 391
479 493
229 318
330 370
55 165
41 267
132 385
206 334
159 488
192 436
305 313
131 160
117 262
222 278
208 380
282 329
309 432
342 380
20 329
474 499
59 257
133 206
185 396
212 499
245 447
224 324
284 375
69 221
17 31
96 324
110 222
127 391
108 149
113 493
160 339
187 442
335 340
300 319
11 216
164 458
112 268
186 217
236 334
277 335
263 437
337 386
34 385
101 109
87 211
139 401
312 329
372 380
50 329
289 345
242 499
275 447
316 448
80 171
118 463
140 222
43 289
24 47
29 391
84 98
103 340
115 165
194 458
142 268
175 216
268 407
328 458
1 63
6 407
18 232
4 334
78 283
119 284
193 233
367 386
344 402
94 227
168 176
154 278
195 279
286 397
346 448
19 53
57 345
79 104
84 448
98 346
131 294
222 412
323 464
1 413
20 463
73 289
147 238
207 289
224 458
205 216
339 408
358 458
399 459
31 63
17 165
36 407
58 166
96 458
75 335
108 283
110 356
149 284
223 233
314 351
300 453
374 402
11 350
33 109
112 402
126 300
184 278
411 469
376 448
101 243
87 345
128 346
161 294
188 397
202 295
353 464
26 69
31 413
86 120
91 464
237 289
278 290
388 458
429 459
28 115
61 63
66 407
88 166
140 356
167 459
214 305
406 475
5 131
43 423
65 182
82 351
63 109
142 402
216 351
441 469
81 126
67 228
119 418
141 177
193 367
191 294
292 346
22 485
56 69
42 171
61 413
116 120
121 464
195 413
267 289
360 480
19 187
93 136
79 238
211 357
285 306
436 475
73 423
114 424
147 372
155 233
347 403
89 367
70 125
75 469
111 126
130 176
149 418
209 469
264 368
262 295
314 485
322 346
14 193
33 243
126 434
148 193
239 311
299 362
51 260
390 480
49 187
123 136
109 238
150 239
202 429
241 357
301 408
26 203
12 305
53 306
34 64
86 254
144 424
125 182
177 372
204 475
218 373
226 234
278 424
47 491
28 249
102 198
88 300
129 301
181 491
179 418
253 367
294 368
280 470
5 265
354 419
32 368
13 126
65 316
44 193
82 485
104 244
118 142
156 434
197 435
238 244
257 486
255 413
329 362
7 311
81 260
67 362
389 413
172 378
232 429
306 378
6 86
4 13
42 305
157 255
248 373
234 475
368 475
60 322
41 80
46 424
473 491
211 491
233 250
324 368
35 265
62 368
95 316
136 317
227 435
72 332
20 142
359 362
212 312
245 260
363 481
0 429
36 86
96 137
127 204
113 306
165 496
187 255
239 445
247 306
51 394
338 424
30 271
11 29
16 373
90 322
150 373
439 476
315 440
375 491
48 96
34 198
139 214
92 368
166 317
240 266
317 486
391 435
28 383
451 486
143 333
201 311
242 312
5 399
13 260
333 430
44 327
25 85
104 378
118 276
145 379
178 327
219 328
236 497
217 255
269 445
444 446
43 102
48 446
67 496
81 394
103 153
120 322
194 271
254 322
6 220
345 440
386 441
18 45
4 147
9 491
23 389
78 96
83 440
157 389
210 215
196 317
231 338
446 492
22 164
8 266
55 112
25 435
99 384
173 333
159 435
233 384
76 400
57 158
84 261
117 209
222 225
175 379
208 327
249 328
309 379
20 276
37 445
73 102
59 204
111 394
138 497
152 395
14 461
110 169
416 441
127 338
75 148
113 440
228 390
261 338
476 492
352 456
52 164
38 266
90 456
164 405
87 158
166 451
188 210
64 174
17 328
50 276
143 467
430 497
80 118
66 220
219 462
200 220
291 338
318 441
29 338
423 457
161 457
142 215
194 405
235 406
424 429
18 179
97 472
119 231
105 333
210 349
311 401
344 349
22 298
3 56
135 175
121 277
173 467
195 226
272 446
346 395
24 344
98 293
249 462
1 360
288 390
73 236
21 46
100 339
114 237
174 288
191 457
224 405
265 406
325 457
339 355
3 406
36 354
77 355
399 406
127 472
75 282
149 231
176 334
209 282
302 473
33 56
112 349
186 298
203 467
244 468
277 416
15 416
51 73
54 344
188 344
279 462
353 411
394 412
12 118
91 411
144 237
130 339
204 288
256 478
295 406
355 457
47 304
66 354
107 355
181 304
167 406
179 231
332 473
406 422
5 78
10 422
65 129
371 401
156 247
109 401
142 349
183 350
197 248
274 468
408 468
7 124
12 468
45 416
119 365
172 191
158 293
210 483
259 345
22 432
383 411
61 360
42 118
83 119
121 411
135 309
162 412
195 360
327 479
19 134
60 135
46 237
65 479
98 427
63 406
137 355
151 253
211 304
271 355
1 494
362 473
403 474
35 78
40 422
95 129
100 473
227 248
213 350
287 299
339 489
39 197
72 145
77 489
89 314
42 468
75 416
116 417
176 468
190 366
378 417
281 484
438 468
415 484
14 140
456 485
74 191
192 412
357 479
390 427
30 84
16 186
49 134
54 478
68 376
90 135
150 186
169 428
241 304
293 494
342 356
72 495
144 371
92 181
130 473
245 423
278 371
369 489
47 438
28 196
102 145
107 489
129 248
143 146
160 315
181 438
294 315
5 212
354 366
32 315
13 73
445 484
44 140
49 484
123 433
255 360
296 361
7 258
81 207
67 309
120 135
158 427
180 186
199 428
259 479
273 377
6 33
364 495
9 304
102 495
248 320
234 422
349 372
8 79
46 371
25 248
132 145
178 490
159 248
211 438
250 366
2 264
35 212
62 315
76 213
475 484
175 192
287 433
328 434
361 382
20 89
326 361
111 207
152 208
138 310
243 326
229 428
14 274
0 376
55 275
363 428
132 495
113 253
187 202
206 444
247 253
305 423
16 320
38 79
282 439
342 490
15 95
20 439
53 387
106 213
166 264
226 315
317 433
358 434
69 331
17 141
129 382
143 280
418 485
108 259
182 208
242 259
32 449
333 377
11 326
44 274
71 377
85 275
145 326
236 444
310 393
296 495
411 445
29 151
161 270
180 320
221 321
386 388
9 438
50 439
97 285
105 146
124 388
289 455
27 455
173 280
200 383
233 331
324 449
76 347
24 157
62 449
103 450
136 398
115 275
189 224
175 326
249 275
1 173
39 465
18 342
78 393
59 151
100 152
152 342
243 460
251 321
55 409
3 219
36 167
94 337
113 387
228 337
30 352
16 454
131 404
112 162
244 281
92 449
133 450
147 348
166 398
207 399
31 173
91 224
430 444
108 393
182 342
130 152
242 393
283 394
407 460
11 460
85 409
33 219
107 168
145 460
167 219
198 286
184 388
101 353
87 455
161 404
142 162
221 455
235 353
274 281
64 471
86 230
163 450
237 399
311 348
297 450
22 245
402 466
80 415
61 173
121 224
286 291
272 393
24 291
98 240
84 342
115 409
137 168
216 461
290 410
288 337
40 235
100 286
193 477
191 404
265 353
292 456
366 405
3 353
77 302
89 127
149 178
228 471
176 281
281 297
267 399
341 348
52 245
0 55
192 225
304 466
68 189
147 482
169 241
155 343
205 460
246 461
260 359
320 410
31 307
17 409
53 66
58 410
144 184
130 286
204 235
223 477
322 456
355 404
33 353
396 405
167 353
198 420
146 230
373 421
82 245
123 246
348 364
334 466
375 467
12 415
158 240
199 241
311 482
61 307
9 117
88 410
102 308
135 256
253 477
5 375
387 477
65 426
46 184
63 353
151 200
178 303
211 251
238 354
288 471
329 472
40 369
114 318
62 128
67 472
141 421
463 472
213 297
306 488
3 487
56 313
37 71
116 364
190 313
231 314
405 467
229 241
341 482
14 87
0 189
19 431
41 190
55 88
79 482
93 380
165 256
192 359
206 257
266 308
68 323
16 133
21 477
95 426
117 185
417 477
241 251
394 493
72 442
359 472
111 370
92 128
144 318
171 421
185 319
218 267
336 488
14 437
69 144
74 488
129 195
148 437
146 364
261 314
321 365
32 262
371 482
49 431
123 380
109 482
150 483
197 329
236 257
48 206
34 308
86 498
122 155
139 324
447 477
199 375
226 478
364 442
424 493
23 149
28 493
50 252
83 200
97 98
124 201
162 493
201 421
275 370
27 268
8 26
13 370
44 437
25 195
159 195
250 313
291 314
351 365
76 160
62 262
103 263
136 211
180 483
254 432
328 381
39 278
97 448
78 206
116 498
152 155
157 499
243 273
229 375
330 427
41 324
435 443
132 442
206 391
154 201
305 370
30 165
57 268
131 217
222 335
282 386
342 437
20 386
92 262
133 263
185 453
207 212
284 432
110 279
449 499
127 448
335 397
321 499
11 273
145 273
186 274
219 222
236 391
184 201
263 494
277 392
34 442
101 166
87 268
161 217
312 386
413 438
50 386
124 335
215 453
163 263
196 211
289 402
27 402
25 329
66 330
140 279
214 228
200 330
217 499
2 345
425 448
24 104
29 448
84 155
103 397
115 222
175 273
216 274
268 464
276 325
6 464
4 391
40 48
78 340
105 443
193 290
243 407
22 408
3 166
77 115
154 335
195 336
228 284
420 454
131 351
79 161
222 469
170 279
230 330
73 346
59 448
133 397
147 295
207 346
205 273
246 274
298 464
31 120
17 222
36 464
72 121
110 413
397 443
223 290
209 392
314 408
374 459
52 408
85 356
107 115
112 459
126 357
186 408
184 335
258 284
390 403
450 454
49 110
87 402
109 161
128 403
161 351
235 300
293 470
427 470
64 418
86 177
163 397
237 346
278 347
297 397
66 464
140 413
88 223
162 172
181 414
200 464
5 188
43 480
115 356
290 357
276 459
255 336
18 423
381 475
40 182
100 233
141 234
193 424
191 351
457 470
61 470
42 228
116 177
135 419
168 367
267 346
19 244
93 193
79 295
170 413
244 362
285 363
271 465
68 136
21 290
95 239
147 429
155 290
347 460
72 255
20 65
58 357
89 424
70 182
223 424
264 425
283 475
262 352
0 352
74 301
148 250
165 419
239 368
225 470
299 419
32 75
338 347
49 244
123 193
150 296
241 414
274 362
301 465
26 260
12 362
86 311
315 363
375 414
177 429
278 481
350 357
80 496
28 306
102 255
88 357
179 475
201 234
294 425
5 322
354 476
27 81
63 300
104 301
238 301
269 368
329 419
2 24
7 368
81 317
141 368
389 470
153 193
180 296
306 435
6 143
39 91
83 363
116 311
231 261
248 430
308 481
382 430
19 378
60 379
41 137
132 255
192 306
233 307
285 497
357 373
35 322
21 424
57 81
136 374
117 132
169 322
384 476
260 440
39 441
20 199
111 317
185 266
460 471
245 317
262 486
336 435
14 384
0 486
36 143
69 91
74 435
148 384
160 209
113 363
187 312
338 481
49 378
90 379
164 328
472 481
263 307
48 153
34 255
53 497
125 373
199 322
240 323
331 441
64 97
50 199
69 441
102 389
124 148
143 390
215 266
242 369
5 456
275 317
27 215
13 317
316 318
25 142
66 143
467 487
219 385
252 333
217 312
81 451
29 261
103 210
122 452
120 379
180 430
6 277
345 497
419 446
18 102
4 204
23 446
83 497
97 395
105 256
157 446
210 272
229 322
270 323
330 374
8 323
421 492
132 389
173 390
272 369
35 456
305 317
131 164
84 318
134 435
208 384
222 282
111 451
59 261
133 210
152 452
185 400
224 328
284 379
325 380
96 328
113 497
149 154
187 446
228 447
247 497
261 395
300 323
11 220
38 323
126 170
186 221
277 339
263 441
337 390
15 339
101 113
205 436
279 385
12 41
17 385
91 334
386 419
182 452
163 210
316 452
355 380
118 467
66 277
140 226
200 277
217 446
258 447
332 396
43 293
24 51
29 395
82 221
194 462
142 272
216 221
235 463
307 339
18 236
367 390
45 339
67 98
105 390
210 406
270 457
94 231
135 232
121 334
168 180
195 283
286 401
346 452
19 57
79 108
189 468
230 277
323 468
1 417
288 447
362 396
422 447
59 395
133 344
174 345
224 462
265 463
89 237
149 288
223 237
283 288
300 457
341 458
0 165
112 406
126 304
277 473
68 299
54 401
101 247
128 350
188 401
353 468
394 469
26 73
12 175
53 176
86 124
91 468
177 242
218 243
295 463
80 309
28 119
66 411
107 412
429 463
179 288
406 479
5 135
10 479
65 186
371 458
404 406
82 355
156 304
142 406
183 407
7 181
45 473
81 130
86 474
119 422
172 248
232 299
292 350
22 489
383 468
424 469
56 73
61 417
83 176
121 468
234 345
19 191
60 192
46 294
98 484
459 463
151 310
211 361
436 479
35 135
40 479
227 305
246 355
347 407
37 181
75 473
111 130
171 181
190 423
264 372
14 197
0 299
74 248
93 490
148 197
454 469
165 366
239 315
225 417
299 366
51 264
431 485
16 243
49 191
90 192
128 484
150 243
202 433
301 412
342 413
466 479
70 479
125 186
166 187
204 479
317 356
47 495
69 254
102 202
129 305
143 203
146 474
179 422
220 423
294 372
27 28
13 130
32 372
82 489
123 490
104 248
178 197
197 439
257 490
269 315
255 417
310 316
329 366
7 315
81 264
29 74
122 265
120 192
199 485
180 243
232 433
273 434
97 208
83 310
234 479
275 480
308 428
349 429
22 34
41 84
46 428
473 495
151 444
99 254
173 203
159 305
211 495
233 254
252 496
285 444
324 372
2 321
35 269
384 423
84 131
153 490
287 490
39 388
20 146
326 418
243 383
229 485
303 434
377 383
0 433
127 208
113 310
247 310
305 480
30 275
16 377
90 326
71 84
164 275
338 428
439 480
315 444
356 445
15 152
414 423
106 270
92 372
226 372
331 388
317 490
358 491
391 439
69 388
17 198
129 439
432 440
27 162
333 434
44 331
85 332
71 434
118 280
219 332
393 485
217 259
310 450
444 450
43 106
48 450
122 399
120 326
194 275
6 224
386 445
18 49
4 151
45 152
50 496
83 444
97 342
105 203
446 496
297 373
22 168
388 491
25 439
421 439
173 337
121 147
159 439
200 440
233 388
2 455
76 404
57 162
98 163
84 265
115 332
189 281
249 332
18 399
73 106
59 208
78 450
133 157
152 399
212 450
224 275
251 378
325 327
77 225
416 445
476 496
75 152
228 394
302 343
203 337
277 286
230 440
304 389
15 286
68 112
128 163
166 455
207 456
205 383
380 384
17 332
130 209
242 450
283 451
80 122
85 466
107 225
219 466
167 276
332 343
318 445
10 292
423 461
101 410
183 220
334 389
45 286
210 353
196 455
237 456
311 405
22 302
8 404
135 179
214 472
286 348
313 451
346 399
24 348
98 297
46 107
84 399
115 466
63 276
288 394
389 446
21 50
114 241
191 461
213 220
325 461
399 410
3 410
58 117
75 286
168 477
190 236
176 338
281 354
267 456
341 405
19 354
93 303
401 456
225 230
51 77
343 451
68 246
54 348
376 399
169 298
155 400
260 416
293 364
320 467
394 416
31 364
72 365
53 123
70 292
144 241
204 292
295 410
355 461
47 308
28 66
33 410
88 117
181 308
396 462
198 477
146 287
179 235
220 236
280 287
5 82
10 426
32 185
371 405
373 478
82 302
123 303
257 303
26 370
12 472
86 421
408 472
199 298
259 349
364 365
350 467
9 174
102 365
135 313
162 416
234 292
327 483
5 432
60 139
46 241
63 410
137 359
151 257
211 308
238 411
252 309
362 477
2 134
35 82
40 426
62 185
76 83
114 375
287 303
39 201
438 472
37 128
138 180
229 298
14 144
0 246
19 488
41 247
74 195
132 365
192 416
266 365
357 483
431 432
30 88
16 190
35 432
68 380
90 139
95 483
150 190
169 432
241 308
433 478
144 375
130 477
171 478
185 376
218 324
245 427
69 201
148 494
220 370
247 473
321 422
44 144
49 488
71 247
85 145
145 196
183 488
486 489
296 365
34 365
139 381
120 139
125 483
180 190
199 432
259 483
9 308
50 309
83 257
97 155
102 499
124 258
215 376
201 478
248 324
289 325
60 273
13 427
25 252
118 443
151 391
159 252
178 494
200 253
252 443
250 370
2 268
76 217
24 27
103 320
153 437
227 386
175 196
213 488
268 387
1 43
39 335
326 365
4 314
78 263
152 212
138 314
212 263
330 484
363 432
132 499
206 448
154 258
266 499
305 427
16 324
57 325
38 83
117 376
131 274
222 392
208 494
282 443
230 253
342 494
92 319
133 320
166 268
207 269
331 335
284 489
69 335
17 145
91 94
96 438
110 336
393 432
71 381
186 331
236 448
184 258
310 397
411 449
10 105
43 53
48 397
122 346
87 325
161 274
221 325
312 443
386 392
372 494
64 341
45 99
86 100
105 150
413 495
163 320
196 268
237 269
289 459
388 438
66 387
99 335
214 285
489 490
365 454
43 403
24 161
98 110
84 212
115 279
63 89
175 330
189 228
216 331
249 279
1 177
276 382
307 449
18 346
4 448
340 397
119 398
100 156
152 346
193 347
243 464
191 274
251 325
55 413
75 99
168 290
228 341
319 459
267 269
57 459
131 408
79 218
170 336
395 454
155 213
246 331
17 279
72 178
91 228
110 470
70 105
149 398
130 156
182 346
223 347
314 465
11 464
47 121
52 465
107 172
126 414
167 223
186 465
184 392
10 239
390 460
49 167
82 115
87 459
274 285
26 183
64 475
86 234
163 454
237 403
402 470
80 419
214 419
253 347
313 398
24 295
65 296
46 54
82 465
156 414
290 414
288 341
329 342
40 239
114 188
100 290
141 291
193 481
389 393
232 409
306 358
292 460
366 409
56 183
94 475
116 234
135 476
168 424
176 285
281 301
19 301
0 59
79 352
93 250
368 455
132 178
35 245
54 295
68 193
95 296
155 347
169 245
260 363
246 465
320 414
72 312
53 70
58 414
144 188
130 290
223 481
295 357
336 358
322 460
47 255
0 409
33 357
74 358
107 306
396 409
165 476
146 234
198 424
239 425
247 286
299 476
32 132
49 301
123 250
109 352
150 353
183 301
197 199
274 419
315 420
348 368
26 317
7 75
48 76
34 178
53 420
177 486
218 487
199 245
259 296
350 414
391 415
28 363
102 312
88 414
201 291
327 430
5 379
27 138
13 240
65 430
25 65
63 357
151 204
252 256
269 425
329 476
403 425
2 81
7 425
62 132
67 476
81 374
463 476
153 250
180 353
213 301
254 302
306 492
39 148
345 420
18 25
56 317
116 368
157 369
248 487
229 245
281 435
19 435
41 194
132 312
206 261
233 364
266 312
35 379
21 481
136 431
155 481
169 379
134 358
208 307
260 497
39 498
20 256
72 446
359 476
171 425
245 374
336 492
284 302
377 493
74 492
110 149
96 251
148 441
146 368
187 369
261 318
321 369
412 487
49 435
85 92
164 385
263 364
296 312
48 210
34 312
428 431
139 328
125 430
199 379
331 498
23 153
64 154
50 256
102 446
143 447
215 323
275 374
8 30
13 374
44 441
118 390
104 492
140 149
219 442
440 441
217 369
291 318
2 215
43 216
29 318
76 164
103 267
351 369
120 436
194 385
268 334
254 436
328 385
6 334
18 159
4 261
97 452
119 211
105 313
152 159
231 452
229 379
55 226
8 380
41 328
94 154
233 498
305 374
346 375
57 272
117 323
134 492
208 441
249 442
282 390
73 216
59 318
106 164
147 165
185 457
207 216
224 385
298 334
58 93
96 385
127 452
261 452
11 277
33 36
71 328
112 329
126 227
186 278
184 205
263 498
277 396
337 447
10 52
15 396
101 170
221 272
312 390
413 442
12 98
50 390
124 339
215 457
163 267
256 458
27 406
66 334
140 283
88 93
167 386
200 334
332 453
365 401
103 401
82 278
276 329
6 468
307 396
18 293
4 395
119 345
77 119
94 288
42 98
121 391
135 289
168 237
286 458
420 458
24 458
98 407
79 165
271 335
1 474
362 453
395 401
21 160
54 108
147 299
174 402
298 468
36 468
72 125
58 227
110 417
438 448
209 396
374 463
415 464
47 68
126 361
74 171
107 119
112 463
186 412
198 237
225 340
10 186
51 187
68 356
49 114
54 458
101 304
109 165
450 458
293 474
301 335
26 130
12 232
86 181
177 299
130 453
204 402
218 300
278 351
66 468
102 125
181 418
162 176
253 294
280 397
5 192
313 345
445 464
82 412
63 170
142 463
183 464
257 413
381 479
119 479
67 289
141 238
172 305
158 407
232 356
292 407
457 474
61 474
135 423
157 182
308 351
368 402
60 249
93 197
137 469
211 418
285 367
21 294
95 243
114 485
169 192
246 412
287 413
361 362
347 464
72 259
37 238
70 186
111 187
149 479
190 480
322 407
14 254
0 356
363 408
148 254
165 423
146 181
266 475
299 423
338 351
49 248
90 249
123 197
150 300
315 367
301 469
26 264
53 367
139 141
218 434
166 244
278 485
317 413
28 310
69 311
50 69
88 361
102 259
129 362
179 479
220 480
201 238
294 429
5 326
354 480
393 408
118 203
104 305
178 254
219 255
238 305
329 423
370 424
2 28
7 372
29 131
122 322
141 372
172 439
120 249
153 197
180 300
194 198
273 491
345 367
23 316
9 418
56 264
97 265
105 126
157 316
231 265
248 434
405 418
308 485
349 486
382 434
60 383
8 193
41 141
99 311
173 260
206 208
233 311
324 429
2 378
21 428
35 326
57 85
76 327
134 305
208 254
227 496
361 496
39 445
20 203
326 475
359 423
400 424
460 475
59 131
138 424
152 322
185 270
212 373
303 491
14 388
0 490
36 147
55 389
74 439
96 198
127 265
437 491
247 367
352 383
338 485
30 332
11 90
16 434
38 193
90 383
150 434
164 332
379 486
412 434
263 311
15 209
106 327
92 429
166 378
226 429
391 496
64 101
50 203
69 445
124 152
143 394
215 270
256 271
316 322
27 219
44 388
467 491
66 147
104 439
219 389
217 316
318 368
43 163
29 265
409 486
120 383
221 435
18 106
4 208
23 450
105 260
196 378
297 430
22 225
330 378
421 496
25 496
121 204
233 445
272 373
76 461
24 271
57 219
84 322
98 220
189 338
175 440
323 338
309 440
1 287
18 456
73 163
174 215
325 384
110 230
89 107
75 209
168 400
228 451
302 400
300 327
126 174
186 225
277 343
263 445
304 446
15 343
54 271
128 220
205 440
279 389
17 389
163 214
204 215
256 405
355 384
181 231
167 333
332 400
43 297
101 467
82 225
156 174
142 276
235 467
334 446
119 292
210 410
8 461
42 45
121 338
135 236
286 405
346 456
19 61
24 405
46 164
84 456
151 180
137 282
170 230
189 472
211 231
271 282
288 451
362 400
40 349
21 107
73 297
114 298
174 349
422 451
265 467
213 277
339 416
399 467
77 416
58 174
37 51
116 344
149 292
176 395
190 293
223 241
281 411
341 462
0 169
79 462
126 308
165 236
225 287
51 134
376 456
68 303
49 61
202 303
188 405
394 473
26 77
31 421
53 180
204 349
278 298
47 365
28 123
33 467
88 174
107 416
167 467
181 365
146 344
220 293
10 483
371 462
44 67
49 411
82 359
104 118
156 308
197 309
255 287
348 478
26 427
81 134
67 236
141 185
172 252
158 354
199 355
273 304
364 422
424 473
23 129
9 231
56 77
61 421
83 180
102 422
121 472
60 196
46 298
459 467
137 416
211 365
285 314
238 468
40 483
114 432
136 191
153 360
227 309
287 360
347 411
56 427
89 375
111 134
190 427
138 237
171 185
264 376
229 355
262 303
14 201
0 303
74 252
93 494
206 371
431 489
30 145
16 247
35 489
68 437
90 196
169 489
241 365
342 417
15 22
70 483
106 140
144 432
166 191
185 433
204 483
218 381
226 242
245 484
317 360
69 258
129 309
220 427
280 478
321 479
335 377
27 32
13 134
118 150
104 252
123 494
257 494
310 320
296 422
370 371
7 319
29 78
34 422
122 269
139 438
120 196
461 489
180 247
221 248
312 366
23 263
9 365
83 314
97 212
124 315
372 417
215 433
289 382
22 38
13 484
27 382
60 330
99 258
159 309
233 258
324 376
425 428
24 84
62 376
115 202
227 443
175 253
268 444
328 495
39 392
4 371
37 319
59 78
138 371
152 269
212 320
243 387
377 387
154 315
319 382
30 279
16 381
90 330
131 331
117 433
379 433
439 484
203 207
230 310
106 274
207 326
298 444
331 392
358 495
432 444
69 392
143 341
91 151
96 495
108 320
242 320
283 321
333 438
393 489
85 336
66 94
71 438
219 336
184 315
217 263
258 264
310 454
10 162
43 110
409 433
101 280
87 382
235 280
221 382
386 449
23 397
45 156
105 207
210 223
163 377
196 325
270 274
388 495
25 443
61 100
99 392
121 151
140 393
214 342
313 321
43 460
76 408
98 167
464 490
216 388
290 337
276 439
1 234
381 455
18 403
40 162
73 110
100 213
152 403
191 331
325 331
55 470
3 280
94 398
168 347
154 449
228 398
302 347
267 326
52 172
38 274
93 173
203 341
244 342
230 444
304 393
68 116
54 218
106 408
147 409
155 270
188 218
246 388
279 336
320 337
31 234
91 285
70 162
108 454
130 213
223 404
256 352
283 455
85 470
33 280
107 229
126 471
198 347
299 399
332 347
423 465
101 414
82 172
109 275
202 466
235 414
26 240
12 342
158 167
311 409
80 476
61 234
9 44
135 183
162 286
214 476
179 455
253 404
327 353
313 455
46 111
63 280
137 229
189 419
290 471
288 398
329 399
40 296
21 54
100 347
141 348
174 296
389 450
153 173
213 224
306 415
366 466
3 414
39 71
77 363
56 240
89 188
116 291
168 481
190 240
341 409
382 410
19 358
0 116
79 409
165 183
244 476
192 286
343 455
21 404
54 352
95 353
169 302
260 420
320 471
72 369
53 127
58 471
70 296
204 296
336 415
33 414
74 415
107 363
160 189
146 291
373 482
49 358
123 307
183 358
257 307
315 477
348 425
26 374
7 132
34 235
139 251
125 353
172 199
199 302
259 353
350 471
23 76
102 369
83 127
88 471
162 420
215 246
234 296
327 487
60 143
13 297
65 487
426 466
25 122
63 414
104 415
137 363
151 261
252 313
269 482
2 138
7 482
40 430
62 189
81 431
136 138
141 482
153 307
227 256
287 307
39 205
345 477
4 184
42 476
78 133
116 425
138 184
157 426
190 374
281 492
19 492
55 149
41 251
60 493
93 441
330 354
113 127
192 420
206 318
398 488
431 436
57 195
95 487
131 144
134 415
222 262
342 364
433 482
37 482
70 430
92 189
245 431
410 498
69 205
110 206
143 154
148 498
146 425
11 200
85 149
71 251
90 493
145 200
164 442
486 493
236 318
263 421
337 370
48 267
34 369
428 488
139 385
125 487
240 437
273 385
312 313
23 210
64 211
124 262
215 380
201 482
275 431
289 329
349 380
27 329
13 431
481 499
25 256
99 205
118 447
140 206
178 498
200 257
219 499
250 374
252 447
2 272
43 273
24 31
76 221
103 324
115 149
120 493
268 391
328 442
1 47
326 369
18 216
4 318
78 267
105 370
138 318
193 217
196 488
229 436
270 437
303 385
55 283
3 93
8 437
41 385
206 452
154 262
305 431
346 432
379 380
57 329
131 278
117 380
222 396
170 206
208 498
249 499
323 448
356 396
20 447
147 222
207 273
298 391
284 493
358 442
399 443
31 47
17 149
36 391
91 98
418 493
108 267
209 319
335 458
300 437
374 386
11 334
85 283
38 437
71 385
126 284
186 335
184 262
10 109
87 329
161 278
188 381
221 329
279 499
312 447
26 53
64 345
86 104
163 324
297 324
27 463
80 289
140 340
88 150
200 391
214 289
489 494
365 458
406 459
43 407
24 165
103 458
189 232
142 386
216 335
1 181
307 453
18 350
45 453
119 402
100 160
193 351
191 278
251 329
292 330
383 448
94 345
42 155
443 499
195 397
267 273
19 171
57 463
79 222
93 120
98 464
170 340
244 289
271 392
304 340
395 458
436 459
73 407
21 217
54 165
95 166
155 217
174 459
207 407
72 182
58 284
110 474
89 351
70 109
75 453
130 160
149 402
223 351
262 279
322 330
33 227
148 177
198 294
184 396
225 397
299 346
10 243
101 361
49 171
87 463
109 222
128 464
202 413
274 289
301 392
26 187
12 289
334 340
34 48
177 356
125 166
163 458
204 459
237 407
102 182
88 284
162 233
179 402
65 300
46 58
82 469
63 227
137 176
257 470
290 418
269 295
255 397
329 346
81 244
193 485
141 295
158 464
306 362
292 464
366 413
42 289
116 238
135 480
157 239
19 305
93 254
41 64
46 408
368 459
473 475
211 475
192 233
343 402
384 403
21 351
95 300
155 351
134 228
246 469
287 470
361 419
72 316
20 126
89 485
37 295
70 243
185 193
171 295
264 486
14 311
0 413
363 465
396 413
96 121
146 238
299 480
247 290
373 429
51 378
11 13
49 305
90 306
164 255
241 475
315 424
375 475
48 80
139 198
125 300
331 368
350 418
391 419
9 125
50 126
88 418
143 317
253 485
201 295
32 486
13 244
44 311
118 260
178 311
252 260
269 429
329 480
2 85
7 429
29 188
43 86
62 136
67 480
81 378
120 306
153 254
172 496
180 357
194 255
6 204
254 306
56 321
9 475
405 475
157 373
105 183
231 322
248 491
382 491
55 96
8 250
41 198
132 316
173 317
159 419
398 435
76 384
57 142
62 486
117 193
208 311
400 481
37 429
73 86
59 188
111 378
133 137
138 481
171 429
185 327
224 255
284 306
14 445
377 497
36 204
74 496
96 255
110 153
127 322
187 373
352 440
412 491
11 147
16 491
71 198
112 199
164 389
453 492
236 265
263 368
15 266
87 142
166 435
226 486
64 158
50 260
430 481
215 327
201 429
80 102
118 394
145 497
219 446
200 204
217 373
291 322
318 425
43 220
351 373
103 271
442 491
483 492
120 440
194 389
180 491
221 492
6 338
18 163
97 456
45 266
105 317
210 333
330 435
22 282
3 40
173 451
121 261
195 210
286 328
272 430
346 379
57 276
222 343
175 497
249 446
323 395
309 497
1 344
73 220
147 169
133 271
224 389
265 390
251 492
284 440
298 338
36 338
325 441
58 97
89 164
149 215
209 266
302 457
300 384
33 40
112 333
186 282
184 209
337 451
51 57
101 174
128 277
202 226
188 328
205 497
279 446
12 102
91 395
256 462
295 390
140 287
88 97
181 288
198 457
179 215
332 457
5 62
43 354
65 113
82 282
156 231
142 333
348 401
408 452
40 56
45 400
105 451
193 298
172 175
158 277
210 467
22 416
383 395
42 102
135 293
286 462
360 411
420 462
19 118
24 462
46 221
60 119
1 478
362 457
35 62
40 406
73 354
95 113
100 457
114 355
155 164
246 282
339 473
37 108
75 400
190 350
223 298
264 299
281 468
314 416
47 72
0 226
52 416
74 175
93 417
126 365
165 293
239 242
90 119
109 169
128 411
188 462
202 360
293 478
301 339
26 134
144 355
218 304
278 355
47 422
102 129
88 231
129 232
179 349
220 350
5 196
385 417
13 57
82 416
123 417
104 175
183 468
197 366
255 344
7 242
67 293
141 242
158 411
306 309
364 479
56 134
61 478
135 427
248 304
234 406
308 355
368 406
46 355
137 473
211 422
159 232
271 473
250 350
114 489
95 247
153 417
213 468
287 417
361 366
347 468
39 315
20 73
56 484
37 242
89 432
111 191
138 294
212 243
303 361
14 258
0 360
74 309
148 258
165 427
113 237
206 428
239 376
266 479
51 325
338 355
30 202
16 304
90 253
150 304
315 371
356 372
15 79
53 371
139 145
218 438
317 417
28 314
418 469
50 73
129 366
160 433
201 242
242 243
294 433
354 484
32 433
13 191
44 258
118 207
71 361
219 259
7 376
48 377
34 479
122 326
172 443
120 253
273 495
6 151
312 423
345 371
372 474
4 78
45 79
83 371
105 130
124 372
157 320
248 438
196 248
289 439
349 490
22 95
8 197
27 439
60 387
159 366
233 315
250 484
384 484
76 331
57 89
62 433
84 192
425 485
189 208
175 310
249 259
1 157
39 449
326 479
340 377
37 376
78 377
59 135
400 428
460 479
243 444
303 495
251 305
377 444
55 393
41 495
75 79
113 371
319 439
352 387
379 490
11 94
57 439
90 387
117 490
131 388
203 264
304 316
15 213
395 434
106 331
54 141
87 89
240 331
64 105
17 259
91 208
143 398
108 377
182 326
407 444
11 444
85 393
71 495
145 444
467 495
318 372
43 167
29 269
122 460
409 490
82 95
87 439
142 146
161 388
235 337
23 454
45 213
196 382
237 383
297 434
8 331
402 450
61 157
94 105
99 449
272 377
98 224
84 326
115 393
137 152
249 393
1 291
288 321
40 219
59 269
152 460
174 219
193 461
265 337
251 439
3 337
89 111
168 404
176 265
267 383
52 229
38 331
79 332
203 398
304 450
68 173
54 275
128 224
147 466
155 327
188 275
205 444
279 393
320 394
380 445
58 394
91 342
144 168
130 270
204 219
223 461
256 409
295 337
355 388
47 235
33 337
80 183
107 286
167 337
181 235
332 404
101 471
123 230
109 332
142 280
156 178
183 281
235 471
274 399
334 450
7 55
12 399
67 106
86 348
177 466
158 224
259 276
61 291
9 101
42 49
121 342
195 291
286 409
387 461
24 409
60 66
46 168
65 410
63 337
137 286
151 184
189 476
211 235
271 286
403 405
40 353
21 111
62 112
141 405
174 353
153 230
265 471
339 420
39 128
77 420
56 297
37 55
42 399
89 245
176 399
281 415
14 71
0 173
19 415
74 122
93 364
206 241
192 343
266 292
51 138
357 410
16 117
169 359
155 461
260 477
53 184
70 353
92 112
130 404
171 405
204 353
218 251
245 354
295 471
336 472
47 369
28 127
33 471
74 472
107 420
129 179
160 246
410 421
220 297
280 348
10 487
371 466
412 467
49 415
104 122
183 415
197 313
348 482
48 190
34 292
139 308
172 256
199 359
273 308
364 426
424 477
23 133
9 235
83 184
102 426
162 477
248 251
201 405
275 354
5 493
8 10
46 302
63 471
99 128
159 179
252 370
250 297
2 195
76 144
81 488
136 195
153 364
213 415
254 416
287 364
328 365
39 262
378 482
419 483
56 431
37 189
78 190
111 138
116 482
138 241
157 483
190 431
229 359
243 257
303 308
55 206
93 498
266 426
305 354
35 493
57 252
90 200
117 303
131 201
169 493
134 472
342 421
111 488
185 437
245 488
226 246
284 416
317 364
69 262
17 72
160 380
108 190
187 483
335 381
32 380
44 205
85 206
71 308
145 257
164 499
310 324
48 324
34 426
122 273
461 493
87 252
199 493
240 494
221 252
9 369
64 268
97 216
289 386
275 488
22 42
8 144
13 488
99 262
140 263
159 313
173 211
200 314
217 483
250 431
2 329
43 330
24 88
76 278
84 139
103 381
115 206
153 498
175 257
268 448
328 499
1 104
367 427
4 375
59 82
105 427
152 273
193 274
229 493
303 442
3 150
94 268
168 217
154 319
319 386
305 488
30 283
379 437
420 438
38 144
117 437
131 335
222 453
356 453
106 278
54 88
59 432
207 330
205 257
298 448
358 499
31 104
17 206
91 155
96 499
110 397
397 427
182 273
223 274
333 442
374 443
47 48
33 150
71 442
112 443
145 391
186 392
198 217
434 494
258 268
318 319
409 437
87 386
188 438
427 454
64 402
86 161
124 453
177 279
163 381
237 330
25 447
140 397
121 155
200 448
253 274
313 325
65 223
98 171
115 340
276 443
1 238
381 459
18 407
78 458
100 217
191 335
265 284
251 386
77 233
94 402
42 212
116 161
195 454
176 212
267 330
131 469
79 279
170 397
244 346
271 449
68 120
73 464
128 171
207 464
155 274
260 290
246 392
320 341
380 392
72 239
58 341
89 408
70 166
149 459
223 408
283 459
322 387
47 182
126 475
148 234
198 351
146 161
225 454
299 403
10 300
32 59
101 418
49 228
123 177
301 449
375 398
12 346
86 295
34 105
177 413
28 290
9 48
61 238
88 341
179 459
253 408
327 357
313 459
13 167
46 115
63 284
104 285
137 233
290 475
269 352
2 8
40 300
67 403
81 301
114 249
172 419
153 177
232 470
306 419
389 454
56 244
116 295
157 296
176 346
190 244
231 245
382 414
46 465
79 413
343 459
16 64
21 408
95 357
155 408
169 306
134 285
208 234
320 475
72 373
20 183
58 475
37 352
111 301
144 249
245 301
336 419
437 471
69 75
148 368
96 178
146 295
187 296
220 244
239 486
373 486
51 435
32 193
338 465
352 363
11 70
49 362
71 121
90 363
109 413
26 378
48 137
53 481
414 460
139 255
125 357
199 306
226 409
259 357
364 373
350 475
28 424
9 182
88 475
124 132
143 374
162 424
215 250
201 352
275 301
27 199
13 301
44 368
25 126
104 419
178 368
252 317
238 419
426 470
269 486
217 296
2 142
7 486
62 193
76 91
81 435
141 486
120 363
153 311
444 487
254 363
6 261
345 481
18 86
23 430
56 378
78 137
97 379
138 188
157 430
229 306
270 307
330 358
55 153
41 255
456 497
173 374
192 424
233 425
35 440
76 441
57 199
95 491
117 250
131 148
136 492
134 419
222 266
20 317
433 486
111 435
59 245
92 193
171 486
185 384
245 435
224 312
284 363
108 137
113 481
187 430
261 379
321 430
352 497
30 446
90 497
112 256
145 204
337 374
15 323
48 271
87 199
125 491
166 492
240 441
12 25
124 266
215 384
201 486
256 385
289 333
25 260
80 159
140 210
200 261
217 430
318 482
24 35
29 379
103 328
120 497
194 446
142 256
175 204
254 497
268 395
4 322
45 323
78 271
105 374
196 492
270 441
344 390
330 492
22 339
8 441
94 215
195 267
286 385
272 487
319 333
346 436
57 333
131 282
84 436
189 452
73 277
59 379
422 431
207 277
284 497
325 498
399 447
36 395
110 344
89 221
75 323
108 271
149 272
300 441
374 390
11 338
401 493
33 97
112 390
126 288
184 266
277 457
10 113
51 114
101 231
87 333
128 334
161 282
202 283
353 452
12 159
86 108
91 452
177 226
163 328
204 329
369 396
429 447
66 395
140 344
88 154
167 447
181 345
214 293
179 272
406 463
5 119
43 411
65 170
82 339
156 288
216 339
276 390
307 457
255 267
381 406
45 457
81 114
67 216
119 406
141 165
193 355
232 283
292 334
56 57
267 277
360 468
19 175
93 124
46 278
79 226
98 468
137 396
170 344
244 293
285 294
35 119
21 221
40 463
73 411
114 412
147 360
155 221
174 463
287 340
347 391
89 355
70 113
75 457
223 355
264 356
262 283
322 334
14 181
52 473
74 232
93 474
126 422
148 181
239 299
225 401
390 468
49 175
123 124
109 226
150 227
241 345
301 396
53 294
34 52
144 412
125 170
177 360
204 463
218 361
278 412
80 427
28 237
181 479
129 289
162 237
220 407
294 356
280 458
5 253
354 407
82 473
118 130
104 232
123 474
156 422
178 181
197 423
257 474
255 401
269 299
329 350
81 248
67 350
158 468
232 417
273 418
135 484
157 243
308 412
368 463
60 310
41 68
46 412
473 479
151 428
159 289
233 238
285 428
250 407
384 407
136 305
153 474
134 232
227 423
361 423
39 372
20 130
37 299
111 248
185 197
171 299
245 248
264 490
336 366
363 469
0 417
74 366
148 315
96 125
127 192
165 484
239 433
247 294
51 382
16 361
164 259
241 479
315 428
15 136
48 84
53 428
92 356
125 304
166 305
331 372
317 474
451 474
50 130
143 321
160 490
201 299
242 300
294 490
27 146
13 248
333 418
118 264
66 74
104 366
236 485
217 243
269 433
7 433
43 90
29 192
48 434
122 383
120 310
180 361
254 310
6 208
386 429
4 135
9 479
97 326
105 187
157 377
231 326
248 495
289 496
446 480
60 444
8 254
421 423
25 423
99 372
173 321
159 423
324 490
272 300
2 439
76 388
62 490
98 147
84 249
398 439
134 366
249 316
309 367
1 214
400 485
37 433
111 382
59 192
133 141
138 485
212 434
224 259
251 362
14 449
55 450
36 208
110 157
96 259
416 429
127 326
75 136
476 480
228 378
319 496
352 444
16 495
52 152
38 254
453 496
304 373
15 270
428 439
106 388
87 146
92 490
128 147
188 198
205 367
279 316
64 162
91 265
108 434
256 332
242 434
44 449
80 106
66 208
140 157
219 450
167 260
217 377
318 429
29 326
423 445
483 496
87 496
120 444
142 203
194 393
221 496
97 460
45 270
119 219
105 321
210 337
196 439
237 440
297 491
22 286
8 388
61 214
94 162
121 265
135 163
195 214
286 332
346 383
24 332
115 450
189 399
249 450
290 451
323 399
73 224
59 326
114 225
147 173
174 276
191 445
265 394
251 496
325 445
3 394
77 343
127 460
75 270
149 219
176 322
302 461
267 440
300 388
112 337
244 456
15 404
68 230
128 281
202 230
188 332
293 348
279 450
320 451
353 399
31 348
17 450
394 400
144 225
130 327
204 276
355 445
47 292
28 50
33 394
80 240
88 101
167 394
181 292
179 219
332 461
373 462
10 410
65 117
371 389
82 286
156 235
109 389
183 338
197 236
274 456
348 405
408 456
7 112
86 405
67 163
172 179
158 281
259 333
350 451
61 348
9 158
83 107
121 399
135 297
162 400
327 467
60 123
151 241
137 343
1 482
362 461
35 66
40 410
62 169
95 117
114 359
174 410
227 236
339 477
39 185
77 477
89 302
42 456
75 404
116 405
264 303
415 472
19 472
74 179
165 297
239 246
192 400
357 467
30 72
16 174
54 466
68 364
90 123
128 415
150 174
169 416
241 292
301 343
31 482
342 344
53 241
433 462
70 410
144 359
92 169
204 410
218 308
245 411
278 359
410 478
47 426
28 184
148 478
160 303
220 354
321 406
32 303
385 421
445 472
123 421
104 179
183 472
197 370
257 421
236 298
296 349
48 247
34 349
81 195
139 365
120 123
125 467
199 416
6 21
23 190
61 482
102 483
248 308
201 462
234 410
275 411
289 309
60 257
8 67
13 411
308 359
25 236
99 185
151 375
159 236
178 478
252 427
250 354
351 406
114 493
62 303
153 421
134 179
254 473
328 422
1 27
39 319
326 349
56 488
452 488
111 195
231 489
264 437
243 314
229 416
363 416
41 365
127 139
132 483
206 432
266 483
338 359
30 206
16 308
90 257
131 258
117 360
164 206
222 376
208 478
282 427
356 376
342 478
20 427
106 201
92 303
185 494
226 303
284 473
317 421
358 422
69 319
17 129
50 77
96 422
129 370
108 247
143 268
220 488
242 247
261 489
294 437
32 437
11 314
44 262
85 263
219 263
370 432
411 433
48 381
29 139
122 330
120 257
194 206
221 309
6 155
372 478
64 325
45 83
124 376
215 494
196 252
289 443
297 304
8 201
388 422
25 370
173 268
159 370
200 371
214 269
250 488
291 489
365 438
29 489
103 438
84 196
189 212
309 314
340 381
326 483
18 330
400 432
100 140
191 258
303 499
251 309
55 397
3 207
36 155
77 156
94 325
127 273
154 376
319 443
379 494
52 99
38 201
57 443
79 202
117 494
131 392
203 268
244 269
230 371
304 320
395 438
455 489
92 437
133 438
205 314
31 161
397 484
430 432
108 381
130 140
209 433
256 279
333 499
11 448
47 105
71 499
85 397
145 448
167 207
448 449
198 274
184 376
258 325
10 223
450 495
82 99
87 443
109 202
161 392
221 443
235 341
64 459
12 269
86 218
210 284
311 336
402 454
80 403
61 161
140 454
162 213
313 382
24 279
98 228
84 330
63 207
137 156
175 448
189 346
290 398
288 325
40 223
114 172
480 495
265 341
306 342
292 444
325 392
3 341
366 393
94 459
42 269
168 408
228 459
176 269
368 439
0 43
170 454
304 454
343 382
68 177
54 279
95 280
128 228
147 470
205 448
320 398
72 296
58 398
70 223
295 341
336 342
322 444
33 341
198 408
146 218
239 409
258 459
299 460
10 357
373 409
32 116
101 475
123 234
109 336
183 285
348 352
26 301
7 59
48 60
34 162
67 110
177 470
199 229
311 470
259 280
350 398
28 347
9 105
88 398
162 347
253 465
60 70
65 414
25 49
63 341
137 290
211 239
288 459
2 65
40 357
81 358
172 476
153 234
213 285
39 132
42 403
116 352
176 403
231 302
281 419
341 470
382 471
55 76
41 178
79 470
93 368
132 296
357 414
35 363
16 121
21 465
95 414
169 363
208 291
394 481
53 188
359 460
70 357
111 358
92 116
185 307
245 358
14 425
47 373
470 476
148 425
96 235
129 183
160 250
146 352
220 301
261 302
32 250
412 471
11 127
44 75
49 419
71 178
150 471
164 369
197 317
26 435
48 194
34 296
122 143
447 465
139 312
226 466
23 137
9 239
28 481
50 240
64 138
102 430
162 481
215 307
201 409
275 358
5 497
8 14
44 425
25 183
104 476
118 374
159 183
2 199
76 148
103 251
136 199
442 471
227 317
39 266
419 487
18 143
4 245
56 435
78 194
97 436
157 487
243 261
229 363
303 312
330 415
55 210
3 20
41 312
132 430
206 379
233 482
30 153
16 255
131 205
117 307
222 323
208 425
282 374
309 477
342 425
15 30
20 374
106 148
59 302
111 492
147 149
185 441
224 369
298 318
284 420
418 420
110 267
96 369
160 384
108 194
209 246
335 385
11 261
85 210
112 313
184 189
263 482
277 380
310 328
10 36
15 380
337 431
101 154
161 205
240 498
221 256
312 374
372 425
64 272
413 426
124 323
163 251
275 492
289 390
27 390
25 317
66 318
140 267
200 318
217 487
365 385
351 487
392 488
84 143
142 313
175 261
216 262
268 452
18 277
367 431
119 329
243 395
191 205
270 498
251 256
344 447
77 103
42 82
228 272
286 442
305 492
319 390
346 493
19 98
98 391
84 493
131 339
360 391
222 457
420 442
73 334
54 92
59 436
133 385
207 334
422 488
298 452
246 262
36 452
17 210
58 211
110 401
397 431
75 380
108 328
283 329
314 396
374 447
11 395
47 52
33 154
38 498
112 447
126 345
186 396
225 324
258 272
390 391
376 493
49 98
109 149
188 442
202 340
31 458
86 165
237 334
369 453
80 350
28 160
66 452
102 109
140 401
179 329
253 278
82 396
142 447
290 345
276 447
381 463
40 170
81 171
67 273
100 221
114 119
141 222
193 412
232 340
457 458
61 458
42 216
94 406
116 165
176 216
195 458
267 334
308 335
19 232
93 181
244 350
285 351
271 453
35 176
21 278
114 469
260 294
320 345
347 448
20 53
58 345
452 464
70 170
111 171
149 463
171 222
264 413
262 340
322 391
14 238
0 340
74 289
126 479
148 238
146 165
225 458
239 356
299 407
32 63
68 474
49 232
123 181
109 283
150 284
164 182
183 232
241 402
274 350
315 351
26 248
375 402
86 299
34 109
177 417
278 469
226 279
28 294
9 52
50 53
88 345
102 243
129 346
162 294
201 222
294 413
5 310
327 361
27 69
65 361
118 187
104 289
156 479
197 480
238 289
255 458
329 407
2 12
62 63
141 356
153 181
232 474
180 284
306 423
6 131
345 351
56 248
9 402
83 351
97 249
231 249
248 418
41 125
151 485
159 346
192 294
285 485
324 413
357 361
35 310
16 68
384 464
134 289
227 480
39 429
72 377
359 407
400 408
185 254
171 356
245 305
336 423
377 424
0 474
36 131
69 79
96 182
148 372
160 197
437 475
187 300
352 367
338 469
412 418
11 74
16 418
164 316
150 418
315 485
263 295
92 413
240 311
391 480
64 85
69 429
143 378
215 254
27 203
333 475
25 130
104 423
118 321
145 424
467 475
217 300
310 491
2 146
7 490
48 491
103 198
122 440
444 491
194 316
180 418
254 367
6 265
419 434
18 90
4 192
45 193
78 141
97 383
119 142
196 362
270 311
330 362
8 311
421 480
25 480
99 429
173 378
398 496
2 496
76 445
57 203
98 204
84 306
117 254
136 496
222 270
175 424
208 372
249 373
309 424
20 321
111 439
59 249
152 440
224 316
325 368
36 265
17 23
96 316
416 486
127 383
75 193
108 141
113 485
302 384
52 209
38 311
85 157
112 260
263 429
106 445
87 203
128 204
188 255
205 424
31 271
17 373
50 321
91 322
182 440
242 491
66 265
140 214
181 215
258 435
318 486
43 281
29 383
103 332
194 450
142 260
307 327
367 378
45 327
105 378
193 225
210 394
158 204
196 496
22 343
3 101
61 271
94 219
286 389
19 45
98 338
79 96
84 440
170 214
211 215
1 405
288 435
362 384
73 281
114 282
100 384
133 332
265 451
339 400
399 451
3 451
77 400
89 225
75 327
149 276
176 379
314 343
341 446
401 497
33 101
38 445
79 446
112 394
126 292
165 220
277 461
376 440
68 287
54 389
128 338
293 405
353 456
394 457
86 112
91 456
218 231
204 333
278 282
295 451
369 400
429 451
28 107
33 451
66 399
88 158
167 451
406 467
5 123
10 467
65 174
371 446
82 343
156 292
142 394
183 395
197 293
257 344
307 461
255 271
7 169
45 461
67 220
86 462
119 410
141 169
158 338
292 338
22 477
424 457
56 61
135 354
195 405
234 333
360 472
60 180
46 282
63 451
151 298
211 349
436 467
35 123
21 225
40 467
114 416
136 175
227 293
347 395
72 190
378 462
37 169
111 118
190 411
264 360
262 287
14 185
0 287
52 477
74 236
148 185
454 457
225 405
51 252
390 472
68 421
49 179
90 180
128 472
241 349
301 400
53 298
144 416
92 226
166 175
204 467
218 365
245 468
278 416
317 344
47 483
28 241
69 242
181 483
146 462
220 411
280 462
32 360
44 185
123 478
104 236
178 185
257 478
269 303
296 406
29 62
67 354
122 253
461 473
120 180
158 472
180 231
199 473
273 422
6 78
372 401
4 5
9 349
97 196
157 247
248 365
234 467
275 468
349 417
60 314
46 416
25 293
99 242
151 432
159 293
173 191
211 483
233 242
324 360
35 257
76 258
62 360
136 309
84 119
384 411
153 478
175 237
287 478
328 479
361 427
39 376
20 134
78 304
59 62
138 355
185 201
243 371
14 319
363 473
36 78
41 422
96 129
206 489
228 248
305 468
30 263
16 365
90 314
338 416
150 365
241 483
356 433
15 140
53 432
106 258
166 309
240 258
226 360
205 237
317 478
331 376
391 427
17 186
50 134
91 135
129 427
143 325
242 304
32 494
333 422
11 371
44 319
66 78
145 371
219 320
236 489
217 247
310 438
370 489
411 490
43 94
29 196
103 145
122 387
409 417
120 314
161 315
194 263
221 366
235 264
312 484
386 433
18 37
9 483
23 381
45 140
50 484
64 382
83 432
105 191
124 433
297 361
388 479
25 427
421 427
121 135
214 326
233 376
324 494
365 495
76 392
24 202
103 495
136 443
189 269
249 320
309 371
1 218
18 387
4 489
73 94
78 438
100 197
133 145
138 489
152 387
212 438
224 263
251 366
3 264
36 212
416 433
127 330
75 140
113 432
168 331
30 397
16 499
52 156
131 449
112 207
244 326
230 428
15 274
68 100
92 494
106 392
128 151
133 495
147 393
166 443
188 202
31 218
17 320
430 489
471 490
108 438
182 387
130 197
209 490
256 336
80 110
66 212
85 454
184 433
258 382
318 433
10 280
423 449
161 449
235 398
274 326
334 377
45 274
119 223
177 393
163 495
22 290
80 460
61 218
135 167
214 460
286 336
272 438
387 388
24 336
46 95
84 387
115 454
63 264
137 213
290 455
1 352
288 382
389 434
21 38
114 229
174 280
265 398
339 347
77 347
168 465
116 275
149 223
176 326
281 342
267 444
19 342
0 100
52 290
93 291
165 167
244 460
192 270
51 65
343 439
68 234
16 44
54 336
128 285
155 388
202 234
31 352
53 111
70 280
144 229
130 331
355 449
47 296
28 54
167 398
146 275
179 223
220 224
5 70
10 414
32 173
49 342
109 393
408 460
7 116
12 460
34 219
67 167
86 409
172 183
125 337
158 285
232 234
259 337
23 60
9 162
61 352
83 111
88 455
102 353
162 404
327 471
275 281
5 420
65 471
46 229
426 450
63 398
151 245
178 348
252 297
238 399
403 466
2 122
40 414
62 173
100 465
114 363
141 466
153 291
227 240
213 342
287 291
39 189
378 409
56 358
438 460
116 409
190 358
138 168
231 359
281 476
14 132
0 234
41 235
55 133
93 425
132 353
165 301
206 302
357 471
30 76
117 230
282 297
53 245
433 466
70 414
144 363
92 173
130 465
171 466
185 364
245 415
14 482
47 430
69 189
160 307
220 358
261 359
247 461
321 410
385 425
44 132
49 476
71 235
123 425
145 184
164 426
183 476
197 374
236 302
26 492
34 353
139 369
120 127
259 471
6 25
364 487
23 194
102 487
50 297
83 245
215 364
289 313
275 415
349 364
8 71
13 415
44 482
118 431
99 189
178 482
159 240
200 241
252 431
440 482
291 359
2 256
76 205
62 307
136 256
351 410
194 426
227 374
328 426
39 323
326 353
18 200
56 492
78 251
152 200
138 302
212 251
231 493
243 318
303 369
55 267
435 488
132 487
206 436
305 415
30 210
16 312
38 71
117 364
131 262
208 482
282 431
230 241
342 482
356 380
15 87
20 431
106 205
92 307
133 308
185 498
224 426
298 375
36 375
110 324
96 426
418 477
127 493
261 493
333 369
11 318
219 267
184 246
277 437
310 385
337 488
48 385
87 313
161 262
221 313
312 431
64 329
45 87
50 431
124 380
413 483
177 206
196 256
215 498
237 257
289 447
22 103
27 447
297 308
388 426
25 374
99 323
291 493
2 390
24 149
29 493
103 442
115 267
63 77
175 318
189 216
216 319
249 267
307 437
340 385
18 334
4 436
40 93
78 385
100 144
105 488
152 334
367 488
22 453
55 401
77 160
443 483
75 87
154 380
195 381
360 448
57 447
93 104
79 206
131 396
170 324
304 324
395 442
73 391
54 149
147 340
205 318
246 319
31 165
58 268
397 488
70 93
75 437
108 385
182 334
209 437
223 335
283 386
314 453
11 452
47 109
85 401
107 160
448 453
198 278
184 380
225 381
101 345
87 447
128 448
26 171
12 273
86 222
177 340
163 442
237 391
278 392
297 442
311 340
402 458
80 407
140 458
88 268
162 217
181 459
214 407
179 386
5 233
65 284
115 401
216 453
255 381
329 330
40 227
56 171
94 463
116 222
281 289
267 391
308 392
19 289
0 47
41 48
79 340
93 238
368 443
170 458
244 407
192 217
285 408
343 386
35 233
21 335
147 474
155 335
260 351
246 453
72 300
20 110
53 58
89 469
322 448
0 397
33 345
148 295
239 413
247 274
373 413
32 120
338 392
101 479
123 238
183 289
241 459
375 459
12 407
48 64
34 166
53 408
86 356
139 182
177 474
199 233
218 475
259 284
28 351
102 300
88 402
162 351
451 454
253 469
201 279
294 470
5 367
27 126
13 228
65 418
25 53
63 345
238 346
269 413
329 464
403 413
7 413
81 362
62 120
67 464
172 480
153 238
180 341
6 188
39 136
345 408
4 115
42 407
83 408
116 356
157 357
231 306
248 475
229 233
382 475
55 80
41 182
60 424
132 300
192 351
233 352
266 300
324 470
357 418
35 367
398 419
458 470
136 419
169 367
134 346
208 295
260 485
39 486
20 244
72 434
111 362
92 120
185 311
245 362
224 239
336 480
377 481
14 429
410 429
36 188
110 137
148 429
127 306
113 408
187 357
261 306
247 408
412 475
16 475
49 423
150 475
236 249
263 352
296 300
48 198
34 300
122 147
139 316
87 126
125 418
166 419
199 367
240 368
331 486
28 485
64 142
69 486
102 434
124 193
143 435
465 486
201 413
275 362
316 363
27 260
8 18
13 362
44 429
25 187
66 188
104 480
118 378
252 378
407 481
291 306
2 203
81 496
29 306
103 255
122 497
442 475
194 373
268 322
419 491
18 147
23 491
78 198
97 440
105 301
157 491
231 440
210 317
196 419
229 367
270 368
22 266
3 24
99 486
132 434
154 193
233 486
305 362
346 363
117 311
222 327
208 429
249 430
282 378
323 379
59 306
133 255
147 153
152 497
185 445
224 373
284 424
325 425
36 322
17 80
490 492
187 491
228 492
209 250
302 441
52 266
186 266
203 435
184 193
277 384
337 435
10 40
15 384
161 209
202 210
188 312
293 328
353 379
17 430
91 379
163 255
256 446
355 425
66 322
167 374
200 322
179 199
217 491
258 492
291 440
43 338
24 96
65 97
103 389
82 266
115 214
142 317
156 215
216 266
276 317
6 456
18 281
45 384
119 333
193 282
210 451
191 209
344 451
22 400
3 158
42 86
121 379
168 225
195 328
346 497
420 446
19 102
24 446
84 497
98 395
170 271
271 323
1 462
362 441
422 492
59 440
174 390
339 457
36 456
72 113
397 435
89 282
75 384
223 282
209 384
314 400
374 451
52 400
0 210
33 158
112 451
126 349
186 400
10 174
376 497
101 292
54 446
128 395
109 153
150 154
293 462
241 272
427 462
26 118
12 220
130 441
278 339
80 354
28 164
66 456
88 215
107 457
162 164
181 406
280 385
313 333
13 41
82 400
104 159
183 452
216 400
255 328
81 175
67 277
172 293
158 395
232 344
292 395
56 118
42 220
61 462
83 221
116 169
248 288
234 390
308 339
60 237
151 355
211 406
285 355
35 180
21 282
95 231
114 473
169 180
134 159
213 452
246 400
347 452
39 299
20 57
72 247
37 226
111 175
149 467
322 395
14 242
148 242
146 169
225 462
239 360
266 463
299 411
51 309
338 339
68 478
49 236
90 237
202 478
150 288
315 355
301 457
278 473
69 299
102 247
143 248
160 417
179 467
220 468
294 417
5 314
354 468
27 73
13 175
32 417
44 242
118 191
393 396
178 242
219 243
269 360
255 462
310 361
7 360
81 309
29 119
34 463
67 411
172 427
120 237
232 478
180 288
6 135
345 355
405 406
4 62
9 406
83 355
97 253
105 114
231 253
196 232
382 422
22 79
41 129
46 473
60 371
151 489
99 299
132 247
159 350
173 248
233 299
285 489
250 468
324 417
2 366
76 315
384 468
136 366
227 484
208 242
361 484
20 191
340 361
400 412
37 360
111 309
460 463
138 412
212 361
243 428
262 478
377 428
0 478
55 377
437 479
96 186
113 355
187 304
247 355
352 371
338 473
11 78
90 371
38 181
71 129
112 130
117 474
150 422
164 320
15 197
53 489
414 468
455 469
92 417
240 315
331 433
391 484
432 485
50 191
91 192
129 484
143 382
182 310
215 258
256 259
27 207
333 479
85 377
118 325
145 428
467 479
217 304
310 495
444 495
48 495
29 253
103 202
120 371
194 320
235 321
221 423
268 269
386 490
18 94
23 438
83 489
119 146
105 248
124 490
297 418
330 366
421 484
25 484
99 433
173 382
121 192
200 485
462 485
272 361
24 259
98 208
84 310
115 377
175 428
309 428
1 275
288 305
18 444
474 495
78 495
59 253
100 254
133 202
152 444
174 203
212 495
224 320
265 321
3 321
77 270
416 490
89 95
75 197
127 387
154 490
168 388
228 439
300 315
30 454
38 315
277 331
230 485
15 331
68 157
106 449
205 428
12 33
17 377
91 326
108 495
182 444
130 254
163 202
256 393
295 321
355 372
66 269
107 270
258 439
332 388
318 490
10 337
392 439
101 455
82 213
142 264
274 383
307 331
334 434
7 39
45 331
67 90
119 280
158 208
8 449
121 326
286 393
327 394
313 496
387 445
19 49
46 152
84 444
63 321
137 270
189 460
1 409
288 439
422 439
100 388
213 265
339 404
399 455
3 455
89 229
116 332
176 383
281 399
314 347
341 450
19 399
0 157
74 106
79 450
93 348
165 224
225 275
266 276
51 122
343 496
68 291
16 101
54 393
128 342
202 291
376 444
394 461
26 65
53 168
144 286
130 388
369 404
429 455
28 111
33 455
69 112
88 162
129 163
167 455
146 332
179 280
181 353
280 332
10 471
32 230
371 450
44 55
82 347
104 106
109 450
123 348
183 399
197 297
255 275
26 415
7 173
86 466
34 276
67 224
172 240
158 342
199 343
232 291
259 394
424 461
56 65
9 219
61 409
135 358
234 337
5 477
60 184
46 286
99 112
137 404
159 163
211 353
238 456
252 354
250 281
35 127
40 471
76 128
114 420
136 179
153 348
227 297
213 399
287 348
347 399
39 246
378 466
37 173
111 122
116 466
138 225
264 364
229 343
262 291
14 189
0 291
41 292
55 190
132 410
113 168
192 461
206 359
266 410
431 477
30 133
16 235
35 477
90 184
150 235
169 477
282 354
342 405
20 354
53 302
70 471
144 420
92 230
185 421
218 369
226 230
317 348
69 246
143 195
129 297
220 415
280 466
321 467
335 365
32 364
44 189
85 190
118 138
197 431
296 410
7 307
48 308
34 410
122 257
139 426
199 477
6 82
312 354
23 251
4 9
9 353
50 354
97 200
124 303
372 405
215 421
27 370
13 472
60 318
25 297
99 246
151 436
159 297
200 298
233 246
252 488
250 415
2 313
76 262
351 467
136 313
115 190
227 431
268 432
328 483
6 432
39 380
18 257
4 359
78 308
59 66
138 359
212 308
243 375
229 477
303 426
363 477
55 324
36 82
77 83
127 200
206 493
319 370
305 472
16 369
57 370
38 128
117 421
222 437
230 298
356 437
15 144
20 488
106 262
133 365
166 313
224 483
298 432
358 483
36 432
17 190
69 380
91 139
96 483
182 257
242 308
283 309
335 499
333 426
374 427
11 375
85 324
66 82
71 426
145 375
186 376
219 324
198 201
277 494
310 442
434 478
411 494
10 150
48 442
161 319
235 268
312 488
386 437
427 438
64 386
45 144
50 488
86 145
105 195
124 437
210 211
163 365
446 488
297 365
22 160
61 88
66 432
99 380
121 139
140 381
200 432
214 330
365 499
2 447
24 206
98 155
84 257
404 427
115 324
189 273
175 375
249 324
464 478
276 427
307 494
4 493
40 150
73 98
119 443
152 391
441 494
265 268
251 370
77 217
94 386
168 335
116 145
154 437
228 386
302 335
476 488
19 212
52 160
79 263
93 161
131 453
170 381
304 381
68 104
73 448
128 155
147 397
155 258
205 375
246 376
279 324
320 325
72 223
58 325
91 273
471 494
70 150
108 442
209 494
47 166
33 268
126 459
184 437
258 386
299 387
332 335
423 453
101 402
49 212
123 161
109 263
202 454
235 402
26 228
86 279
163 499
237 448
311 397
80 464
135 171
88 325
162 274
214 464
179 443
253 392
327 341
313 443
5 290
24 340
387 392
46 99
115 458
63 268
156 459
238 269
288 386
329 387
40 284
389 438
67 387
100 335
153 161
191 453
265 402
306 403
3 402
39 59
77 351
42 330
116 279
190 228
281 346
267 448
341 397
382 398
19 346
0 104
165 171
244 464
192 274
343 443
35 290
16 48
95 341
169 290
260 408
320 459
394 408
72 357
58 459
359 387
144 233
130 335
262 454
295 402
336 403
47 300
33 402
74 403
396 454
160 177
198 469
239 470
373 470
10 418
371 397
49 346
71 105
109 397
183 346
274 464
315 465
348 413
26 362
48 121
34 223
53 465
259 341
391 460
23 64
9 166
102 357
201 336
275 285
327 475
27 183
60 131
65 475
63 402
104 403
118 301
178 352
238 403
252 301
269 470
2 126
7 470
62 177
81 419
444 471
180 398
254 347
378 413
18 70
37 120
42 464
56 362
83 465
281 480
19 480
55 137
41 239
60 481
456 481
132 357
192 408
266 357
398 476
30 80
16 182
57 183
90 131
117 234
136 476
169 424
134 403
208 352
222 250
282 301
342 352
72 491
20 301
37 470
92 177
133 178
185 368
284 347
14 486
110 194
96 296
148 486
160 311
108 121
146 413
187 414
247 465
261 363
352 481
11 188
49 480
85 137
90 481
145 188
164 430
186 189
337 358
48 255
122 204
139 373
120 131
125 475
240 425
364 491
64 199
50 301
102 491
143 492
215 368
163 178
289 317
316 420
27 317
8 75
481 487
25 244
66 245
140 194
178 486
200 245
217 414
291 363
2 260
43 261
29 363
76 209
103 312
115 137
194 430
254 481
328 430
1 35
326 357
18 204
4 306
119 256
138 306
231 497
243 322
196 476
229 424
270 425
8 425
41 373
435 492
173 492
154 250
305 419
57 317
38 75
117 368
208 486
249 487
230 245
73 261
59 363
106 209
133 312
147 210
224 430
298 379
284 481
358 430
399 431
36 379
17 137
96 430
127 497
108 255
149 256
302 498
335 446
314 323
11 322
52 323
33 81
38 425
112 374
186 323
203 492
184 250
277 441
411 441
15 441
376 420
101 215
87 317
161 266
188 369
221 317
279 487
353 436
26 41
12 143
17 487
50 435
64 333
86 92
91 436
163 312
177 210
413 487
297 312
66 379
140 328
167 431
200 379
179 256
291 497
332 498
29 497
65 154
82 323
156 272
142 374
276 374
367 492
4 440
40 97
45 441
105 492
119 390
193 339
191 266
232 267
292 318
3 215
383 436
443 487
135 334
154 384
168 282
57 451
98 452
170 328
244 277
362 498
395 446
73 395
21 205
54 153
59 497
95 154
100 498
133 446
155 205
246 323
347 375
58 272
89 339
70 97
75 441
130 148
149 390
438 493
262 267
47 113
33 215
52 457
74 216
126 406
148 165
165 334
186 457
198 282
239 283
10 231
51 232
390 452
68 401
128 452
109 210
274 277
301 380
26 175
86 226
34 36
125 154
130 498
218 345
278 396
28 221
88 272
181 463
468 493
179 390
313 390
5 237
13 98
82 457
63 215
216 457
257 458
255 385
329 334
7 283
40 231
67 334
81 232
172 350
232 401
292 452
366 401
56 175
42 277
116 226
135 468
281 293
308 396
19 293
93 242
46 396
192 221
285 412
35 237
21 339
95 288
169 237
155 339
384 391
134 216
246 457
260 355
287 458
361 407
20 114
37 283
70 231
111 232
171 283
262 401
336 350
14 299
0 401
396 401
96 109
146 226
239 417
299 468
247 278
51 366
338 396
49 293
90 294
241 463
375 463
48 68
218 479
226 340
28 355
69 356
88 406
129 407
143 305
201 283
5 371
27 130
13 232
32 474
393 453
178 299
219 300
238 350
7 417
43 74
67 468
172 484
120 294
153 242
194 243
254 294
6 192
345 412
97 310
446 464
105 171
248 479
196 289
382 479
55 84
8 238
60 428
99 356
132 304
173 305
206 253
233 356
324 474
35 371
76 372
458 474
117 181
134 350
249 300
309 351
39 490
359 468
37 417
73 74
59 176
111 366
152 367
185 315
224 243
284 294
55 434
127 310
261 310
247 412
302 311
321 361
352 428
11 135
16 479
453 480
150 479
15 254
106 372
87 130
166 423
331 490
64 146
69 490
91 249
124 197
143 439
430 469
242 418
80 90
66 192
85 434
118 382
140 141
145 485
291 310
103 259
423 429
442 479
142 187
180 479
221 480
235 378
18 151
4 253
45 254
157 495
105 305
196 423
270 372
297 475
22 270
173 439
121 249
154 197
286 316
272 418
84 367
189 383
309 485
147 157
133 259
174 260
224 377
265 378
36 326
77 327
58 85
168 445
149 203
228 496
209 254
302 445
300 372
38 372
112 321
126 219
186 270
203 439
277 388
263 490
304 491
15 388
87 264
128 265
202 214
188 316
293 332
380 486
12 90
91 383
413 434
163 259
256 450
295 378
355 429
80 224
28 34
107 327
140 275
181 276
198 445
179 203
332 445
5 50
65 101
82 270
156 219
142 321
183 322
216 270
257 271
307 388
348 389
334 491
408 440
7 96
40 44
67 147
193 286
158 265
61 332
135 281
121 383
234 260
60 107
98 399
63 378
137 327
151 225
1 466
362 445
40 394
21 152
95 101
100 445
422 496
213 322
339 461
72 117
58 219
77 461
89 286
37 96
149 337
190 338
176 440
223 286
264 287
281 456
14 112
52 404
74 163
93 405
266 333
68 348
49 106
54 450
128 399
150 158
169 400
241 276
301 327
31 466
70 394
144 343
130 445
204 394
493 497
369 461
47 410
102 117
107 461
129 220
181 410
179 337
220 338
280 389
445 456
49 456
123 405
104 163
156 353
296 333
7 230
81 179
158 399
199 400
259 451
23 174
97 123
83 225
135 415
157 174
248 292
308 343
60 241
8 51
46 343
137 461
211 410
159 220
252 411
271 461
250 338
35 184
114 477
62 287
136 236
153 405
227 354
347 456
39 303
20 61
326 333
56 472
89 420
171 230
212 231
264 421
229 400
303 349
132 467
113 225
165 415
266 467
30 190
68 482
90 241
38 51
150 292
164 190
282 411
315 359
356 360
53 359
106 185
92 287
166 236
50 61
129 354
143 252
160 421
335 422
32 421
13 179
44 246
104 297
145 298
197 488
219 247
296 467
370 416
34 467
139 483
273 483
221 293
6 139
345 359
23 308
4 66
9 410
83 359
157 308
248 426
289 427
151 493
99 303
365 422
136 370
134 297
189 196
268 489
1 145
39 437
4 416
37 364
152 314
138 416
212 365
460 467
303 483
55 381
36 139
127 257
154 360
228 309
319 427
30 324
16 426
52 83
131 376
117 478
379 478
222 494
203 252
263 303
356 494
106 319
166 370
205 298
331 437
91 196
256 263
242 365
407 432
145 432
167 191
198 258
184 360
217 308
318 360
10 207
43 155
409 478
101 325
87 427
161 376
235 325
386 494
23 442
119 150
105 252
124 494
210 268
163 422
196 370
237 371
270 319
22 217
297 422
311 320
99 437
173 386
121 196
200 489
214 387
272 365
313 366
76 453
24 263
98 212
84 314
115 381
137 140
175 432
216 433
323 330
340 499
288 309
18 448
40 207
152 448
193 449
174 207
191 376
3 325
77 274
416 494
89 99
94 443
168 392
228 443
176 253
267 371
52 217
38 319
203 386
244 387
230 489
343 366
68 161
54 263
106 453
128 212
147 454
155 315
188 263
205 432
246 433
320 382
31 279
12 37
58 382
380 433
70 207
108 499
144 156
204 207
223 449
256 397
295 325
355 376
33 325
167 325
198 392
332 392
318 494
10 341
373 393
156 166
109 320
235 459
7 43
12 387
67 94
86 336
177 454
158 212
259 264
61 279
121 330
387 449
24 397
65 398
46 156
63 325
137 274
211 223
238 326
288 443
40 341
21 99
100 392
114 290
174 341
153 218
213 269
306 460
3 459
39 116
77 408
37 43
42 387
116 336
281 403
341 454
14 59
0 161
19 403
93 352
206 229
192 331
266 280
51 126
417 449
16 105
54 397
260 465
394 465
359 444
70 341
144 290
130 392
171 393
204 341
218 239
245 342
74 460
107 408
129 167
160 234
146 336
220 285
280 336
10 475
32 234
371 454
44 59
49 403
71 162
183 403
197 301
26 419
7 177
86 470
122 127
447 449
139 296
172 244
199 347
259 398
364 414
424 465
23 121
28 465
83 172
162 465
201 393
234 341
5 481
27 240
63 459
137 408
151 306
159 167
238 460
250 285
40 475
76 132
62 234
81 476
136 183
213 403
254 404
287 352
378 470
419 471
56 419
4 229
37 177
78 178
116 470
138 229
157 471
231 420
243 245
330 399
55 194
454 465
113 172
206 363
305 342
431 481
90 188
169 481
117 291
134 460
208 409
222 307
282 358
342 409
20 358
70 475
111 476
185 425
166 183
245 476
298 302
284 404
317 352
69 250
110 251
96 353
108 178
187 471
261 420
335 369
321 471
85 194
71 296
236 363
310 312
263 466
337 415
10 20
29 70
461 481
120 188
240 482
221 240
273 430
312 358
124 307
215 425
289 374
275 476
316 477
349 425
22 30
13 476
99 250
140 251
173 199
200 302
250 419
291 420
365 369
2 317
43 318
76 266
351 471
84 127
115 194
153 486
175 245
194 487
1 92
6 436
18 261
367 415
78 312
59 70
105 415
138 363
193 262
270 482
303 430
344 431
55 328
8 482
77 87
94 256
168 205
206 497
228 256
305 476
346 477
379 425
57 374
38 132
117 425
131 323
222 441
170 251
282 492
323 493
15 148
20 492
106 266
59 420
133 369
207 318
224 487
205 245
298 436
358 487
399 488
36 436
17 194
58 195
110 385
397 415
108 312
182 261
223 262
209 364
283 313
314 380
300 482
374 431
85 328
33 138
38 482
71 430
186 380
434 482
277 498
10 154
15 498
376 477
409 425
87 374
109 133
188 426
235 272
312 492
353 493
427 442
26 98
45 148
64 390
91 493
297 369
388 487
80 334
61 92
66 436
88 195
121 143
214 334
65 211
115 328
156 329
189 277
216 380
290 329
464 482
1 226
307 498
18 395
4 497
40 154
119 447
193 396
141 206
441 498
482 499
265 272
292 375
3 272
383 493
94 390
42 200
154 441
168 339
195 442
267 318
368 370
93 165
79 267
170 385
230 436
271 437
304 385
68 108
21 262
54 210
73 452
95 211
147 401
207 452
260 278
72 227
89 396
471 498
171 206
209 498
262 324
322 375
33 272
107 221
126 463
148 222
198 339
184 441
299 391
51 289
32 47
123 165
183 216
274 334
315 335
301 437
26 232
12 334
334 385
34 93
177 401
125 211
278 453
80 468
28 278
9 36
88 329
102 227
162 278
179 447
201 206
313 447
5 294
65 345
13 155
46 103
63 272
104 273
137 221
178 222
238 273
290 463
269 340
40 288
81 289
67 391
389 442
153 165
213 216
366 458
39 63
56 232
4 42
42 334
157 284
190 232
231 233
248 402
281 350
308 453
382 402
19 350
60 351
46 453
93 299
285 469
343 447
35 294
16 52
95 345
169 294
155 396
384 448
134 273
260 412
361 464
72 361
37 340
70 288
111 289
245 289
262 458
14 356
0 458
74 407
148 356
437 459
146 283
187 284
220 232
373 474
32 181
11 58
90 351
71 109
123 299
315 469
125 345
199 294
331 413
350 463
391 464
23 68
28 412
64 69
102 361
129 464
143 362
215 238
201 340
275 289
5 428
13 289
44 356
25 114
104 407
252 305
269 474
2 130
7 474
76 79
81 423
103 182
141 474
120 351
254 351
6 249
18 74
4 176
56 366
78 125
83 469
231 367
270 295
55 141
8 295
41 243
206 310
233 413
398 480
35 428
76 429
57 187
136 480
222 254
208 356
309 408
20 305
111 423
59 233
133 182
171 474
185 372
212 475
224 300
284 351
14 490
110 198
96 300
127 367
187 418
247 469
321 418
352 485
30 434
11 192
85 141
38 295
71 243
90 485
164 434
186 193
203 362
277 311
263 413
337 362
48 259
106 429
240 429
64 203
12 13
50 305
124 254
163 182
201 474
242 475
289 321
481 491
118 439
66 249
140 198
219 491
291 367
318 470
392 419
29 367
103 316
115 141
142 244
1 39
6 383
307 311
18 208
4 310
105 362
193 209
210 378
196 480
270 429
344 378
22 327
3 85
435 496
94 203
121 306
286 373
272 475
319 321
346 424
19 29
24 373
57 321
79 80
84 424
189 440
249 491
323 440
1 389
362 368
73 265
59 367
147 214
207 265
265 435
284 485
298 383
325 486
339 384
77 384
399 435
89 209
75 311
149 260
209 311
314 327
374 378
52 327
401 481
74 86
186 327
184 254
225 255
10 101
15 445
51 102
101 219
54 373
128 322
202 271
293 389
279 491
353 440
31 389
413 491
86 96
91 440
177 214
163 316
237 265
295 435
80 281
28 91
66 383
88 142
140 332
181 333
406 451
5 107
10 451
65 158
63 85
156 276
216 327
257 328
348 446
7 153
40 101
45 445
67 204
119 394
141 153
158 322
232 271
292 322
443 491
135 338
121 440
195 389
484 492
360 456
60 164
46 266
93 112
98 456
170 332
211 333
436 451
35 107
73 399
95 158
114 400
155 209
246 327
287 328
347 379
72 174
58 276
37 153
70 101
149 394
190 395
264 344
314 461
262 271
14 169
126 410
74 220
148 169
239 287
225 389
299 338
51 236
431 457
68 405
49 163
90 164
202 405
150 215
241 333
26 179
12 281
53 282
70 451
125 158
204 451
218 349
278 400
317 328
47 467
28 225
102 174
88 276
162 225
294 344
5 241
354 395
65 292
13 102
44 169
156 410
104 220
197 411
269 287
329 338
81 236
29 46
67 338
141 287
172 354
232 405
180 215
6 62
23 231
9 333
42 281
83 282
135 472
248 349
46 400
151 416
173 175
285 416
324 344
21 343
62 344
76 242
134 220
287 462
39 360
20 118
37 287
111 236
138 339
171 287
212 288
303 406
336 354
14 303
0 405
148 303
96 113
165 472
239 421
187 231
51 370
338 400
379 401
16 349
90 298
164 247
356 417
53 416
166 293
240 242
331 360
317 462
451 462
50 118
143 309
201 287
27 134
393 457
25 61
71 406
118 252
145 355
236 473
217 231
310 422
29 180
103 129
120 298
180 349
221 350
254 298
6 196
18 21
9 467
83 416
124 417
105 175
446 468
248 483
289 484
22 140
8 242
60 432
159 411
324 478
272 288
2 427
365 479
98 135
84 237
136 427
134 354
175 355
309 355
340 422
400 473
37 421
73 78
78 422
138 473
212 422
243 489
224 247
251 350
284 298
55 438
36 196
377 489
96 247
416 417
127 314
75 124
113 416
187 365
228 366
319 484
30 381
16 483
52 140
38 242
57 484
131 433
203 309
15 258
395 479
92 478
166 427
207 428
240 376
205 355
279 304
331 494
64 150
17 304
69 494
91 253
110 495
143 443
182 371
316 371
407 489
80 94
140 145
145 489
219 438
184 417
217 365
258 366
43 212
29 314
423 433
483 484
82 140
87 484
120 432
161 433
221 484
235 382
23 499
119 207
210 325
270 376
311 377
22 274
8 376
94 150
99 494
121 253
140 495
173 443
195 202
214 444
272 422
346 371
24 320
98 269
84 371
478 490
115 438
137 197
249 438
290 439
288 366
73 212
59 314
100 315
114 213
147 161
174 264
191 433
265 382
251 484
77 331
58 89
89 156
168 449
190 208
176 310
209 258
302 449
52 274
38 376
112 325
126 223
401 428
170 495
203 443
304 495
15 392
128 269
202 218
155 372
205 489
320 439
31 336
12 94
58 439
91 387
70 264
256 454
47 280
28 38
80 228
88 89
167 382
181 280
198 449
179 207
5 54
10 398
65 105
371 377
82 274
156 223
109 377
142 325
183 326
274 444
408 444
7 100
86 393
67 151
158 269
9 146
88 439
162 388
234 264
24 454
65 455
46 213
63 382
151 229
238 383
271 331
362 449
403 450
21 156
95 105
114 347
141 450
174 398
153 275
213 326
39 173
77 465
378 393
89 290
37 100
116 393
190 342
176 444
438 444
415 460
14 116
0 218
206 286
266 337
51 183
357 455
68 352
95 455
241 280
301 331
72 471
53 229
433 450
144 347
92 157
130 449
369 465
47 414
69 173
107 465
148 466
146 393
32 291
13 49
445 460
44 116
49 460
123 409
183 460
257 409
26 476
48 235
34 337
81 183
139 353
172 301
6 9
364 471
9 280
102 471
248 296
201 450
234 398
289 297
60 245
8 55
46 347
440 466
25 224
137 465
151 363
159 224
178 466
2 240
76 189
62 291
351 394
153 409
227 358
213 460
287 409
1 15
326 337
56 476
37 234
452 476
190 476
243 302
303 353
55 251
132 471
154 230
266 471
305 399
30 194
57 297
117 348
222 364
282 415
356 364
342 466
20 415
106 189
185 482
166 240
207 241
226 291
284 461
69 307
110 308
129 358
143 256
160 425
108 235
182 184
220 476
261 477
335 426
32 425
11 302
44 250
393 404
219 251
236 420
184 230
296 471
310 369
337 472
370 420
29 127
411 421
87 297
120 245
273 487
23 312
64 313
9 414
45 71
50 415
97 261
215 482
196 240
237 241
289 431
349 482
27 431
8 189
25 358
159 358
200 359
214 257
250 476
291 477
365 426
2 374
43 375
103 426
84 184
189 200
175 302
249 251
276 354
1 149
340 369
367 472
4 420
78 369
59 127
100 128
152 318
193 319
212 369
243 436
303 487
251 297
344 488
3 195
77 144
154 364
228 313
319 431
30 328
379 482
57 431
38 189
79 190
112 138
117 482
131 380
203 256
222 498
230 359
244 257
15 205
106 323
54 133
133 426
147 324
455 477
298 493
432 493
31 149
17 251
36 493
91 200
397 472
256 267
283 370
374 488
85 385
112 488
186 437
198 262
184 364
258 313
10 211
409 482
101 329
87 431
161 380
109 190
221 431
235 329
386 498
64 447
12 257
124 498
311 324
297 426
402 442
80 391
61 149
140 442
121 200
162 201
200 493
214 391
253 319
313 370
65 268
115 385
63 195
156 386
189 334
216 437
276 488
1 283
290 386
18 452
40 211
100 262
174 211
193 453
191 380
306 330
292 432
366 381
457 499
89 103
42 257
75 205
94 447
116 206
154 498
168 396
176 257
267 375
19 273
0 31
79 324
93 222
492 493
170 442
244 391
192 201
304 442
343 370
68 165
128 216
169 217
155 319
260 335
246 437
320 386
89 453
70 211
144 160
223 453
171 263
204 211
295 329
47 227
33 329
198 396
225 499
373 397
10 345
51 346
32 104
101 463
49 273
123 222
109 324
183 273
274 391
334 442
375 443
7 47
12 391
34 150
86 340
139 166
125 268
158 216
199 217
259 268
350 386
61 283
9 93
88 386
102 284
162 335
253 453
201 263
327 402
65 402
13 212
46 160
25 37
63 329
104 330
137 278
151 176
211 227
238 330
329 448
389 499
62 104
67 448
153 222
213 273
254 274
306 464
56 289
37 47
405 443
190 289
281 407
14 63
19 407
41 166
132 284
206 233
266 284
357 402
35 351
16 109
95 402
169 351
117 161
134 330
208 279
260 469
72 418
20 228
70 345
144 294
92 104
245 346
336 464
74 464
146 340
220 289
261 290
321 341
32 238
352 408
412 459
11 115
44 63
90 408
109 458
123 356
150 459
197 305
48 182
122 131
447 453
139 300
125 402
199 351
240 352
226 454
364 418
23 125
64 126
50 228
102 418
124 177
143 419
162 469
201 397
5 485
13 346
44 413
25 171
99 120
104 464
159 171
178 413
252 362
250 289
2 187
81 480
29 290
268 306
254 408
328 357
18 131
4 233
23 475
56 423
78 182
97 424
157 475
243 249
229 351
270 352
330 403
41 300
94 126
132 418
154 177
173 419
206 367
233 470
30 141
35 485
117 295
134 464
222 311
282 362
323 363
309 465
20 362
111 480
59 290
92 238
185 429
224 357
284 408
36 306
17 64
96 357
127 424
108 182
209 234
321 475
335 373
30 491
85 198
71 300
112 301
164 491
186 250
337 419
10 24
48 316
101 142
87 244
106 486
221 244
353 363
215 429
163 239
316 481
27 378
13 480
80 204
66 306
140 255
217 475
365 373
351 475
43 322
24 80
65 81
103 373
392 476
115 198
156 199
175 249
194 491
216 250
268 440
1 96
6 440
276 301
18 265
4 367
45 368
78 316
193 266
367 419
210 435
191 193
22 384
3 142
77 91
94 260
154 311
319 378
360 379
346 481
420 430
19 86
98 379
222 445
170 255
323 497
1 446
422 476
54 80
133 373
147 271
207 322
205 249
298 440
339 441
399 492
31 96
36 440
58 199
96 491
397 419
75 368
223 266
283 317
300 486
52 384
434 486
186 384
184 311
225 312
258 260
10 158
376 481
101 276
128 379
109 137
161 327
188 430
202 328
353 497
427 446
26 102
31 446
64 394
91 497
204 374
278 323
80 338
28 148
140 389
88 199
181 390
253 266
313 317
5 164
43 456
65 215
404 435
464 486
156 333
142 435
216 384
257 385
290 333
255 312
381 451
81 159
67 261
172 277
158 379
191 327
232 328
292 379
56 102
42 204
61 446
116 153
121 497
135 395
176 204
195 446
267 322
19 220
368 374
170 389
211 390
35 164
21 266
73 456
114 457
147 405
246 384
287 385
347 436
58 333
89 400
70 158
111 159
149 451
190 452
14 226
0 328
47 174
148 226
165 395
239 344
225 446
299 395
32 51
49 220
164 170
150 272
241 390
301 441
26 236
12 338
53 339
34 97
125 215
218 406
317 385
9 40
88 333
253 400
201 210
294 401
27 57
32 401
44 226
118 175
178 226
238 277
269 344
7 344
29 103
67 395
141 344
232 462
273 463
6 119
56 236
4 46
9 390
83 339
97 237
157 288
231 237
248 406
60 355
41 113
46 457
151 473
132 231
159 334
192 282
233 283
285 473
35 298
21 400
62 401
95 349
384 452
134 277
208 226
227 468
359 395
37 344
111 293
59 103
171 344
185 242
212 345
303 463
336 411
377 412
0 462
36 119
74 411
160 185
113 339
187 288
239 478
247 339
11 62
16 406
71 113
90 355
150 406
164 304
315 473
263 283
356 474
48 129
53 473
139 247
125 349
166 350
226 401
331 417
28 416
64 73
50 175
69 417
215 242
242 345
27 191
333 463
44 360
66 119
145 412
269 478
217 288
310 479
318 340
43 135
29 237
48 479
81 427
122 428
120 355
254 355
6 253
345 473
386 474
23 422
4 180
45 181
78 129
105 232
157 422
231 371
196 350
270 299
22 197
60 489
25 468
159 468
233 417
272 345
76 433
98 192
131 140
222 258
208 360
309 412
340 479
37 478
59 237
251 407
14 494
325 356
110 202
96 304
416 474
187 422
228 423
261 371
352 489
30 438
52 197
90 489
112 248
126 146
164 438
203 366
277 315
263 417
304 418
337 366
15 315
428 484
469 485
106 433
87 191
128 192
166 484
188 243
205 412
31 259
12 17
17 361
91 310
108 479
163 186
242 479
256 377
316 428
44 494
80 151
66 253
85 495
181 203
167 305
184 474
217 422
258 423
318 474
332 372
423 490
82 197
194 438
142 248
235 439
307 315
119 264
67 74
105 366
193 213
210 382
158 192
237 485
270 433
22 331
8 433
135 208
195 259
286 377
272 479
19 33
24 377
79 84
98 326
115 495
189 444
290 496
323 444
288 423
362 372
422 423
21 79
100 372
114 270
147 218
191 490
265 439
325 490
399 439
3 439
77 388
58 146
89 213
176 367
267 485
14 39
52 331
74 90
79 434
112 382
225 259
15 449
51 106
376 428
68 275
54 377
128 326
202 275
188 377
417 429
279 495
353 444
394 445
26 49
17 495
31 393
53 152
144 270
130 372
204 321
369 388
429 439
107 388
129 147
167 439
179 264
406 455
5 111
10 455
65 162
82 331
156 280
197 281
183 383
255 259
348 450
45 449
81 106
67 208
141 157
172 224
259 378
292 326
350 496
383 444
61 393
9 203
121 444
135 342
162 445
195 393
424 445
484 496
60 168
46 270
63 439
211 337
271 388
250 265
436 455
40 455
114 404
62 214
95 162
174 455
287 332
347 383
39 230
378 450
89 347
37 157
116 450
190 399
264 348
322 326
0 275
74 224
93 466
148 173
165 342
113 152
192 445
225 393
266 394
51 240
431 461
30 117
90 168
128 460
150 219
74 98
241 337
301 388
342 389
53 286
34 44
144 404
92 214
218 353
245 456
278 404
69 230
143 179
129 281
181 471
160 348
146 450
220 399
294 348
280 450
321 451
32 348
13 106
44 173
118 122
104 224
123 466
197 415
296 394
7 291
81 240
29 50
34 394
122 241
120 168
158 460
180 219
199 461
273 410
6 66
372 389
9 337
83 286
97 184
234 455
308 404
60 302
8 112
13 456
99 230
173 179
252 472
250 399
324 348
2 297
76 246
62 348
351 451
84 107
384 399
153 466
134 224
227 415
361 415
1 72
20 122
37 291
111 240
138 343
212 292
264 482
14 307
55 308
363 461
127 184
206 477
187 235
228 236
319 354
338 404
90 302
38 112
131 303
164 251
439 456
222 421
241 471
282 472
15 128
20 472
106 246
166 297
240 246
226 348
331 364
31 72
17 174
50 122
96 467
129 415
108 292
143 313
160 482
242 292
294 482
335 483
333 410
11 359
85 308
71 410
393 461
434 462
217 235
310 426
370 477
43 82
48 426
103 133
194 251
221 354
6 200
312 472
23 369
9 471
45 128
50 472
97 318
124 421
446 472
22 144
8 246
25 415
61 72
99 364
214 314
2 431
76 380
24 190
62 482
84 241
98 139
115 308
249 308
1 206
340 426
4 477
441 478
100 185
138 477
243 493
191 303
224 251
55 442
3 252
416 421
75 128
154 421
228 370
176 180
319 488
30 385
52 144
38 246
57 488
79 247
112 195
131 437
203 313
230 416
395 483
68 88
54 190
92 482
106 380
188 190
207 432
205 359
279 308
31 206
430 477
471 478
108 426
182 375
130 185
209 478
242 426
256 324
11 493
80 98
33 252
186 494
198 319
184 421
258 370
10 268
423 437
101 386
82 144
483 488
235 386
183 196
221 488
274 314
12 314
45 262
86 263
177 381
210 329
237 432
402 499
80 448
135 155
121 257
140 499
162 258
195 206
214 448
253 376
286 324
84 375
63 252
137 201
189 391
216 494
40 268
114 217
389 422
265 386
251 488
306 387
325 437
366 438
77 335
168 453
116 263
190 212
176 314
281 330
267 432
19 330
0 88
79 381
368 484
244 448
192 258
304 499
343 427
95 325
205 493
293 340
31 340
72 341
144 217
204 268
295 386
336 387
355 437
47 284
28 42
107 335
146 263
239 454
373 454
51 403
123 279
274 448
348 397
26 346
408 448
48 105
34 207
86 397
199 274
259 325
350 443
23 48
28 392
61 340
83 99
88 443
162 392
234 268
65 459
426 438
25 94
63 386
137 335
151 233
211 284
238 387
252 285
403 454
2 110
35 58
40 402
81 403
114 351
141 454
153 279
227 228
213 330
56 346
42 448
190 346
138 156
176 448
231 347
14 120
0 222
55 121
456 465
132 341
206 290
192 392
266 341
357 459
30 64
90 115
169 408
117 218
150 166
208 336
282 285
72 475
20 285
53 233
433 454
70 402
144 351
92 161
171 454
185 352
245 403
410 470
14 470
47 418
69 177
148 470
160 295
294 295
32 295
11 172
49 464
123 413
145 172
164 414
236 290
296 341
26 480
34 341
122 188
139 357
125 459
273 357
259 459
6 13
23 182
9 284
50 285
64 183
97 131
102 475
124 234
289 301
275 403
349 352
13 403
440 470
44 470
25 228
118 419
178 470
252 419
200 229
250 346
291 347
2 244
351 398
29 347
62 295
103 296
136 244
115 121
153 413
227 362
254 465
268 363
328 414
1 19
39 311
4 290
97 481
138 290
212 239
243 306
229 408
344 358
330 460
41 357
94 183
132 475
154 234
206 424
305 403
30 198
57 301
38 59
117 352
131 250
222 368
208 470
282 419
356 368
342 470
15 75
20 419
147 194
185 486
207 245
284 465
358 414
36 363
17 121
110 312
418 465
127 481
108 239
261 481
209 291
300 409
333 357
85 255
145 306
184 234
277 425
411 425
10 81
15 425
34 475
48 373
101 199
87 301
139 491
161 250
353 420
372 470
413 471
50 419
124 368
163 296
237 245
27 435
388 414
25 362
66 363
80 261
214 261
365 430
406 431
43 379
24 137
84 188
63 65
189 204
216 307
276 358
6 497
307 425
18 322
4 424
78 373
367 476
105 476
193 323
210 492
191 250
243 440
251 301
292 302
3 199
77 148
383 420
443 471
42 127
154 368
195 369
228 317
319 435
360 436
420 487
19 143
52 91
79 194
170 312
244 261
230 363
304 312
455 481
54 137
95 138
133 430
147 328
155 189
207 379
298 497
31 153
17 255
58 256
75 425
149 374
130 132
223 323
283 374
314 441
374 492
126 390
112 492
148 149
186 441
225 369
10 215
101 333
49 143
87 435
109 194
128 436
161 384
188 487
202 385
450 487
64 451
125 138
163 430
278 380
311 328
369 498
80 395
28 205
61 153
66 497
102 154
140 446
181 447
179 374
253 323
313 374
65 272
404 492
156 390
137 148
142 492
216 441
276 492
290 390
255 369
288 317
81 216
67 318
100 266
158 436
191 384
232 385
306 334
366 385
3 333
56 159
116 210
176 261
267 379
79 328
132 154
244 395
192 205
285 396
343 374
35 221
21 323
95 272
169 221
155 323
260 339
246 441
361 391
20 98
58 390
70 215
144 164
130 266
171 267
262 385
14 283
33 333
47 231
74 334
239 401
51 350
32 108
49 277
164 227
150 329
183 277
241 447
274 395
301 498
315 396
12 395
48 52
86 344
375 447
177 462
125 272
199 221
218 463
259 272
350 390
28 339
9 97
102 288
129 391
162 339
253 457
294 458
327 406
5 355
32 458
13 216
65 406
44 283
104 334
238 334
269 401
329 452
2 57
7 401
81 350
103 109
141 401
153 226
180 329
254 278
306 468
6 176
39 124
345 396
56 293
4 103
42 395
231 294
248 463
382 463
19 411
60 412
41 170
132 288
192 339
233 340
357 406
398 407
21 457
117 165
134 334
208 283
309 335
39 474
20 232
72 422
359 452
400 453
111 350
92 108
171 401
185 299
224 227
336 468
410 417
14 417
36 176
69 124
74 468
96 227
127 294
113 396
148 417
160 242
247 396
261 294
51 484
16 463
164 361
236 237
263 340
34 288
92 458
125 406
240 356
465 474
64 130
50 232
124 181
143 423
215 299
201 401
242 402
275 350
13 350
44 417
25 175
66 176
99 124
104 468
145 469
219 418
291 294
2 191
103 243
442 463
120 412
194 361
142 171
180 463
268 310
6 310
23 479
4 237
45 238
78 186
119 187
243 253
196 407
270 356
22 254
55 202
94 130
99 474
154 181
233 474
305 350
346 351
76 490
131 197
117 299
134 468
175 469
323 367
309 469
20 366
111 484
59 294
133 243
152 485
298 310
284 412
325 413
358 361
36 310
17 68
58 69
96 361
449 479
149 187
228 480
209 238
261 428
302 429
11 253
52 254
38 356
85 202
112 305
186 254
203 423
263 474
337 423
10 28
15 372
101 146
87 248
128 249
161 197
188 300
240 490
205 469
279 418
353 367
50 366
91 367
163 243
316 485
355 413
80 208
140 259
181 260
200 310
179 187
291 428
43 326
29 428
65 85
103 377
82 254
235 496
216 254
367 423
67 131
105 423
210 439
158 249
191 197
270 490
311 491
22 388
3 146
344 439
42 74
121 367
135 265
346 485
420 434
19 90
170 259
1 450
288 480
362 429
422 480
114 327
147 275
174 378
224 495
265 496
246 254
339 445
399 496
36 444
72 101
77 445
89 270
149 321
223 270
176 424
314 388
415 440
38 490
74 147
126 337
186 388
165 265
225 316
54 434
293 450
241 260
301 311
31 450
427 450
86 157
295 496
369 445
47 394
28 152
80 342
107 445
167 496
181 394
429 496
179 321
5 168
65 219
13 29
371 491
404 439
104 147
109 491
142 439
183 440
257 389
255 316
7 214
81 163
67 265
141 214
172 281
259 435
61 450
42 208
83 209
97 107
157 158
195 450
248 276
234 378
19 224
60 225
459 496
151 343
137 445
211 394
95 219
136 220
227 338
260 286
287 389
39 287
452 456
89 404
37 214
111 163
171 214
212 215
264 405
262 332
0 332
148 230
113 209
225 450
239 348
30 174
49 224
68 466
164 174
150 276
301 445
375 394
470 482
53 343
144 461
92 271
278 461
226 271
69 287
129 338
160 405
5 302
354 456
27 61
118 179
104 281
178 230
197 472
219 231
255 450
310 349
370 400
7 348
29 107
122 298
6 123
23 292
4 50
9 394
83 343
97 241
157 292
231 241
248 410
196 220
372 446
349 462
60 359
8 169
151 477
173 236
159 338
250 456
324 405
35 302
76 303
57 61
62 405
84 164
134 281
175 282
208 230
227 472
361 472
39 421
326 451
152 298
138 400
185 246
212 349
243 416
303 467
377 416
14 364
0 466
41 467
437 467
127 241
113 343
352 359
379 462
11 66
52 67
38 169
90 359
112 118
150 410
164 308
15 185
455 457
92 405
166 354
331 421
391 472
64 77
50 179
182 298
242 349
333 467
44 364
85 365
66 123
118 313
145 416
219 365
217 292
444 483
48 483
29 241
122 432
409 462
120 359
161 360
194 308
221 411
235 309
6 257
23 426
97 375
45 185
83 477
105 236
124 478
270 303
297 406
8 303
25 472
99 421
173 370
159 472
214 371
233 421
462 473
2 488
76 437
24 247
98 196
84 298
115 365
249 365
276 468
1 263
309 416
340 483
18 432
474 483
73 139
59 241
78 483
174 191
212 483
191 360
55 499
3 309
77 258
94 427
113 477
127 375
168 376
302 376
52 201
0 11
38 303
112 252
126 150
131 494
203 370
230 473
304 422
15 319
106 437
54 247
128 196
166 488
188 247
207 489
380 417
17 365
91 314
108 483
130 242
163 190
242 483
256 381
283 484
295 309
355 360
33 309
66 257
107 258
181 207
184 478
258 427
332 376
318 478
10 325
423 494
161 494
142 252
235 443
274 371
307 319
334 422
7 27
45 319
67 78
86 320
158 196
311 438
22 335
121 314
195 263
286 381
327 382
313 484
19 37
24 381
46 140
115 499
63 309
288 427
362 376
389 479
422 427
100 376
174 325
191 494
265 443
213 253
325 494
77 392
89 217
75 319
116 320
149 268
341 438
79 438
192 315
68 279
16 89
417 433
260 449
293 397
394 449
31 397
17 499
53 156
72 398
70 325
218 223
204 325
245 326
295 443
369 392
355 494
47 341
33 443
69 100
107 392
167 443
146 320
10 459
472 490
197 285
7 161
81 110
86 454
172 228
125 382
232 279
273 280
259 382
424 449
28 449
9 207
83 156
102 398
162 449
275 326
60 172
426 495
151 290
137 392
211 341
285 290
35 115
76 116
62 218
114 408
227 285
213 387
328 337
39 234
378 454
37 161
190 403
229 331
0 279
41 280
55 178
93 470
206 347
305 326
30 121
35 465
90 172
431 465
241 341
342 393
20 342
53 290
70 459
106 116
92 218
144 408
166 167
218 357
245 460
69 234
17 44
129 285
449 455
146 454
220 403
280 454
32 352
44 177
123 470
71 280
145 229
164 471
236 347
296 398
48 296
122 245
199 465
6 70
312 342
23 239
9 341
50 342
83 290
97 188
372 393
215 409
289 358
275 460
349 409
27 358
8 116
13 460
99 234
173 183
159 285
233 234
291 404
324 352
2 301
76 250
24 60
62 352
84 111
103 353
115 178
194 471
328 471
1 76
6 420
39 368
326 398
152 245
138 347
212 296
229 465
303 414
344 415
3 122
36 70
398 415
127 188
113 290
154 291
206 481
228 240
305 460
379 409
57 358
38 116
131 307
439 460
222 425
282 476
15 132
20 476
106 250
54 60
92 352
207 302
224 471
205 229
358 471
31 76
36 420
69 368
91 127
96 471
110 369
242 296
283 297
335 487
333 414
374 415
11 363
434 466
71 414
186 364
219 312
310 430
48 430
122 379
101 256
87 358
235 256
312 476
64 374
45 132
86 133
124 425
163 353
196 301
237 302
289 492
22 148
25 419
61 76
66 420
80 318
99 368
121 127
140 369
200 420
214 318
365 487
2 435
24 194
98 143
84 245
404 415
115 312
189 261
175 363
290 313
307 482
381 431
441 482
40 138
78 430
119 431
152 379
243 497
191 307
251 358
292 359
22 498
55 446
77 205
94 374
75 132
116 133
154 425
176 184
228 374
302 323
19 200
52 148
79 251
131 441
170 369
304 369
395 487
73 436
54 194
147 385
207 436
205 363
246 364
260 262
279 312
31 210
17 312
58 313
70 138
108 430
130 189
182 379
209 482
283 431
11 497
52 498
33 256
85 446
107 205
126 447
167 256
186 498
322 359
225 426
299 375
10 272
101 390
82 148
87 492
109 251
123 149
128 493
183 200
235 390
274 318
26 216
163 487
237 436
278 437
297 487
311 385
80 452
61 210
135 159
214 452
162 262
327 329
5 278
238 257
255 426
288 374
329 375
40 272
114 221
100 323
141 324
158 493
306 391
292 493
3 390
39 47
42 318
116 267
190 216
429 441
267 436
308 437
341 385
368 488
0 92
93 283
382 386
132 211
244 452
192 262
285 453
343 431
16 36
95 329
169 278
155 380
260 396
246 498
320 447
394 396
20 155
70 272
144 221
185 222
262 442
322 493
396 442
0 442
33 390
74 391
148 340
146 267
239 458
247 319
373 458
32 165
338 437
371 385
197 232
150 386
183 334
274 452
315 453
26 350
12 452
53 453
86 401
199 278
259 329
350 447
391 448
23 52
9 154
50 155
88 447
102 345
162 396
201 324
5 412
65 463
25 98
118 289
151 237
178 340
252 289
269 458
2 114
7 458
62 165
81 407
444 459
153 283
180 386
213 334
254 335
6 233
39 181
345 453
18 58
56 350
78 109
157 402
231 351
229 278
19 468
55 125
41 227
456 469
233 397
266 345
357 463
16 170
95 463
169 412
117 222
134 391
208 340
222 238
309 392
72 479
20 289
477 496
185 356
133 166
171 458
245 407
284 335
410 474
110 182
148 474
127 351
108 109
146 401
187 402
247 453
261 351
321 402
352 469
49 468
85 125
90 469
236 294
277 295
34 345
87 171
125 463
166 464
199 412
240 413
64 187
102 479
124 238
143 480
215 356
201 458
242 459
275 407
289 305
349 356
44 474
178 474
219 475
217 402
291 351
2 248
43 249
351 402
103 300
120 469
194 418
175 176
254 469
328 418
6 367
326 345
18 192
4 294
97 485
152 192
231 485
243 310
229 412
270 413
22 311
94 187
154 238
305 407
346 408
38 63
84 408
117 356
131 254
170 182
282 423
230 233
323 424
73 249
133 300
298 367
284 469
36 367
17 125
58 126
127 485
108 243
149 244
182 192
261 485
335 434
300 413
85 259
33 69
112 362
126 260
277 429
337 480
15 429
376 408
101 203
87 305
202 255
188 357
293 373
279 475
353 424
64 321
12 131
17 475
50 423
413 475
256 491
237 249
355 470
80 265
66 367
140 316
88 126
167 419
214 265
388 418
332 486
43 383
24 141
29 485
65 142
103 434
63 69
142 362
156 260
276 362
307 429
367 480
40 85
45 429
191 254
232 255
344 496
292 306
3 203
77 152
383 424
94 321
135 322
286 491
360 440
420 491
98 440
79 198
170 316
244 265
230 367
271 368
73 383
147 332
95 142
133 434
155 193
174 435
72 158
58 260
89 327
70 85
75 429
438 481
314 445
415 497
47 101
0 255
33 203
52 445
74 204
112 496
126 394
148 153
165 322
186 445
198 270
10 219
51 220
225 373
299 322
101 337
49 147
54 491
202 389
150 199
188 491
390 440
450 491
241 317
12 265
86 214
125 142
130 486
163 434
204 435
218 333
80 399
102 158
181 451
179 378
253 327
294 328
280 430
5 225
313 378
13 86
445 497
82 445
63 203
104 204
142 496
81 220
67 322
480 491
172 338
232 389
180 199
292 440
306 338
366 389
42 265
135 456
248 333
234 435
308 384
19 281
60 282
368 435
151 400
132 158
211 451
324 328
343 378
21 327
95 276
136 277
169 225
475 497
134 204
213 497
227 395
246 445
260 343
39 344
287 446
347 497
89 461
111 220
262 389
336 338
322 440
14 287
0 389
36 46
148 287
96 97
363 441
239 405
187 215
299 456
247 266
51 354
338 384
150 333
241 451
375 451
48 56
34 158
139 174
218 467
199 225
226 328
317 446
391 395
28 343
102 292
50 102
129 395
143 293
201 271
294 462
5 359
32 462
13 220
44 287
393 441
178 287
219 288
269 405
310 406
329 456
370 457
7 405
43 62
29 164
67 456
81 354
180 333
254 282
6 180
345 400
23 349
97 298
83 400
405 451
105 159
248 467
196 277
382 467
22 124
8 226
41 174
55 72
99 344
173 293
159 395
324 462
35 359
76 360
62 462
458 462
84 221
134 338
208 287
111 354
59 164
138 457
152 355
212 406
224 231
377 473
14 421
55 422
127 298
187 349
247 400
16 467
90 416
164 365
112 175
150 467
453 468
263 344
106 360
87 118
92 462
166 411
226 462
240 360
331 478
279 288
64 134
17 288
50 236
91 237
124 185
143 427
182 355
256 304
430 457
27 252
407 473
44 421
85 422
118 370
219 422
167 232
291 298
318 401
43 196
29 298
82 124
194 365
142 175
180 467
268 314
23 483
97 432
45 242
210 309
270 360
297 463
22 258
8 360
330 411
99 478
121 237
286 304
272 406
346 355
76 494
24 304
84 355
175 473
323 371
309 473
1 320
288 350
18 489
73 196
152 489
100 299
133 247
298 314
325 417
3 366
36 314
58 73
77 315
89 140
127 432
149 191
209 242
300 360
30 499
341 361
52 258
401 412
112 309
186 258
203 427
277 376
263 478
304 479
68 202
54 304
101 150
106 494
205 473
91 371
182 489
295 366
80 212
66 314
107 315
198 433
179 191
258 484
5 38
65 89
142 309
183 310
216 258
257 259
274 428
307 376
334 479
348 377
7 84
86 377
67 135
210 443
311 495
8 494
135 269
195 320
24 438
60 95
46 197
84 489
98 387
63 366
137 315
211 264
288 484
362 433
35 38
21 140
40 382
100 433
114 331
174 382
422 484
463 485
213 310
246 258
77 449
58 207
89 274
75 376
149 325
190 326
176 428
264 275
314 392
341 495
415 444
14 100
74 151
79 495
165 269
51 167
417 490
16 146
54 438
128 387
202 336
293 454
241 264
301 315
26 110
53 213
70 382
278 331
369 449
47 398
28 156
69 157
102 105
107 449
181 398
179 325
220 326
280 377
5 172
32 275
371 495
385 393
44 100
82 392
104 151
109 495
123 393
183 444
257 393
255 320
26 460
7 218
34 321
67 269
141 218
447 490
158 387
232 336
259 439
364 455
23 162
9 264
56 110
61 454
83 213
97 111
135 403
248 280
234 382
308 331
8 39
99 157
137 449
159 208
252 399
285 347
250 326
21 274
62 275
76 173
136 224
153 393
134 151
213 444
227 342
39 291
452 460
56 460
37 218
111 167
152 168
138 270
190 460
212 219
264 409
229 388
262 336
303 337
0 336
55 235
165 403
113 213
206 404
68 470
16 280
90 229
117 332
150 280
315 347
342 450
15 55
20 399
53 347
106 173
92 275
144 465
166 224
218 414
317 393
418 445
129 342
335 410
32 409
333 337
118 183
219 235
236 404
296 455
370 404
48 353
29 111
120 229
6 127
312 399
345 347
23 296
4 54
9 398
50 399
83 347
124 348
372 450
215 466
196 224
248 414
289 415
349 466
27 415
8 173
60 363
388 394
151 481
173 240
200 343
250 460
324 409
2 358
76 307
57 65
62 409
84 168
136 358
115 235
227 476
268 477
6 477
340 353
326 455
400 404
78 353
152 302
138 404
212 353
243 420
303 471
251 281
377 420
41 471
77 128
127 245
168 246
154 348
30 312
16 414
57 415
38 173
52 71
112 122
131 364
222 482
379 466
230 343
15 189
455 461
133 410
166 358
207 359
298 477
31 133
69 425
91 184
110 426
182 302
283 354
333 471
374 472
407 420
85 369
71 471
145 420
219 369
198 246
184 348
258 297
310 487
10 195
43 143
101 313
161 364
235 313
427 483
64 431
45 189
119 138
105 240
210 256
163 410
297 410
22 205
8 307
462 477
61 133
66 477
99 425
140 426
200 477
214 375
2 492
43 493
84 302
404 472
115 369
63 179
189 318
249 369
290 370
276 472
1 267
340 487
288 297
40 195
73 143
100 246
114 144
119 488
152 436
191 364
193 437
251 415
77 262
416 482
75 189
116 190
168 380
176 241
302 380
267 359
52 205
0 15
38 307
79 308
93 206
170 426
304 426
68 149
54 251
147 442
207 493
188 251
320 370
31 267
17 369
72 268
91 318
380 421
70 195
108 487
130 246
182 436
223 437
47 211
181 211
167 313
198 380
184 482
258 431
373 381
10 329
32 88
423 498
123 206
161 498
183 257
202 499
274 375
334 426
26 273
12 375
67 82
177 442
237 493
311 442
61 267
102 268
88 370
121 318
162 319
253 437
327 386
387 437
65 386
46 144
137 262
288 431
329 432
389 483
100 380
174 329
494 499
153 206
191 498
213 257
232 499
265 447
39 104
56 273
42 375
190 273
176 375
267 493
382 443
14 47
0 149
41 150
