# family=hard seed=2
500 79177
132 268
192 319
343 488
35 335
54 385
155 437
53 160
144 278
185 279
295 447
47 345
0 499
107 396
148 397
146 324
247 376
10 463
51 464
44 47
49 391
109 442
150 443
197 289
7 165
199 335
102 402
162 453
5 469
60 176
13 330
63 447
99 104
104 448
2 171
62 222
442 443
254 392
4 217
116 458
206 351
154 161
266 402
305 330
57 228
169 469
208 397
106 120
111 464
166 171
17 48
449 459
160 356
11 233
263 454
34 402
122 249
161 177
312 346
23 243
64 244
215 413
275 464
316 465
25 289
118 480
173 187
217 459
76 254
29 408
84 115
268 424
216 234
328 475
18 249
367 403
78 300
138 351
41 418
168 193
379 413
38 120
79 121
131 311
222 429
282 480
230 290
73 306
133 357
224 475
31 80
91 131
96 475
335 491
374 419
434 470
38 470
186 368
184 295
87 362
235 260
188 414
427 430
91 481
297 357
80 322
429 476
140 373
200 424
179 301
103 491
82 368
142 419
290 317
381 435
441 486
40 142
45 486
100 193
141 194
292 363
3 260
383 481
94 378
42 188
135 379
154 429
195 430
57 496
244 322
285 323
436 492
147 389
155 250
89 384
149 435
209 486
107 209
148 210
239 328
10 276
390 497
101 394
202 446
301 425
12 322
163 491
9 24
313 435
354 436
65 333
63 260
104 261
156 451
255 430
7 328
158 497
306 395
56 220
4 30
116 271
157 272
248 390
308 441
19 338
60 339
368 492
151 457
16 40
169 282
208 210
72 349
359 379
111 277
322 497
14 344
363 498
113 323
123 287
263 267
26 354
34 215
414 436
125 333
28 400
88 451
129 452
215 226
27 175
426 446
25 102
178 344
219 345
269 462
217 272
29 221
23 406
138 164
231 355
229 282
270 283
330 334
132 349
136 468
284 339
127 355
187 406
247 457
30 422
85 129
277 299
337 350
428 468
240 417
188 227
279 345
50 293
91 294
182 412
242 463
140 186
332 356
43 253
423 474
194 422
142 232
235 423
4 298
193 197
196 468
435 484
94 191
154 242
57 309
98 310
189 428
59 355
207 253
298 371
339 372
399 423
110 320
58 130
89 197
149 248
209 299
300 417
401 469
203 484
10 89
413 479
17 479
163 304
204 305
256 495
355 474
66 371
167 423
198 490
406 439
5 95
156 264
216 315
348 434
119 382
22 449
61 377
19 151
24 495
60 152
63 423
211 321
271 372
362 490
73 387
21 197
174 439
72 162
75 433
116 434
176 485
314 449
126 398
74 208
165 326
225 377
26 167
70 439
130 490
278 388
28 213
129 265
179 382
220 383
82 449
269 275
81 224
29 34
141 275
120 152
232 393
180 203
23 219
135 460
41 44
46 388
324 332
76 230
136 281
134 208
227 399
39 348
37 275
138 327
229 445
36 50
96 101
127 168
187 219
247 270
379 389
439 440
38 96
150 337
241 455
282 456
53 404
294 466
242 276
335 467
13 224
333 394
393 445
104 342
145 343
236 461
7 409
48 410
103 117
194 235
254 286
6 184
345 404
386 405
4 111
97 302
446 456
248 471
196 281
60 420
99 348
159 399
398 415
57 122
62 466
249 292
1 190
400 461
4 461
212 410
243 477
251 338
110 133
113 404
302 303
16 471
52 128
57 472
112 179
453 472
203 297
263 348
304 349
15 246
54 174
166 415
207 416
205 343
69 482
17 292
110 483
108 410
407 477
11 477
66 184
219 426
198 303
217 353
318 405
10 252
122 493
101 370
221 472
64 488
119 195
210 313
163 467
270 364
402 483
61 190
173 431
272 410
313 411
24 308
115 426
18 493
73 200
114 201
265 370
366 422
77 319
168 437
228 488
176 298
38 364
79 365
128 257
188 308
380 478
130 303
223 494
33 370
179 195
32 145
334 483
26 330
86 381
23 32
135 273
234 252
46 201
137 319
35 42
100 437
141 438
39 161
378 381
89 278
37 88
190 330
138 140
281 448
229 258
341 499
93 397
41 207
192 376
51 171
30 48
54 442
90 99
155 494
241 268
144 335
204 386
245 387
13 37
44 104
49 448
104 155
296 325
7 222
48 223
139 341
199 392
259 443
9 268
201 438
60 233
8 43
13 387
440 454
99 161
252 403
250 330
2 228
62 279
254 449
1 3
56 464
212 223
243 290
55 239
154 218
266 459
305 387
57 285
208 454
106 177
166 228
317 397
69 295
110 296
418 449
160 413
11 290
71 341
310 357
29 115
34 459
122 306
120 233
161 234
273 475
23 300
64 301
372 454
124 352
413 455
22 75
173 244
76 311
29 465
84 172
18 306
78 357
77 132
168 250
228 301
319 419
379 470
131 368
79 178
230 347
36 481
91 188
283 358
314 425
85 373
126 374
186 425
87 419
235 317
188 471
427 487
86 194
237 363
200 481
43 497
189 322
142 476
1 271
381 492
100 250
141 251
191 368
3 317
89 91
42 245
94 435
154 486
0 19
93 210
304 430
343 358
207 497
155 307
246 425
89 441
144 148
149 492
295 317
198 384
239 385
299 436
10 333
51 334
101 451
49 261
109 312
12 379
139 154
199 205
350 374
102 272
162 323
201 251
313 492
5 339
354 493
63 317
151 164
255 487
7 385
62 92
67 436
153 210
213 261
345 380
56 277
4 87
157 329
267 497
308 498
19 395
60 396
206 221
266 272
417 441
21 441
57 98
169 339
208 267
359 436
111 334
74 452
129 159
160 226
321 329
32 226
412 447
71 154
26 411
28 457
64 114
215 283
275 334
27 232
25 159
118 350
238 452
217 329
76 124
81 468
120 396
180 447
268 294
23 463
231 412
330 391
173 407
233 458
222 299
282 350
323 351
185 417
133 227
284 396
36 294
96 345
127 412
187 463
30 479
85 186
186 238
277 356
337 407
48 304
87 232
50 350
91 351
289 366
291 412
351 463
43 310
392 464
103 361
194 479
1 84
6 428
45 356
105 407
193 254
344 423
42 58
195 300
286 418
346 469
189 485
1 434
54 68
59 412
207 310
298 428
339 429
399 480
110 377
397 407
89 254
300 474
112 423
10 146
49 74
54 418
109 125
202 316
293 434
204 362
61 84
107 429
167 480
406 496
5 152
65 203
464 474
63 130
216 372
257 373
255 300
67 249
158 367
56 90
116 141
176 192
267 310
308 311
19 208
60 209
170 377
211 378
271 429
114 445
72 219
20 29
70 146
111 147
171 198
322 367
14 214
126 455
74 265
165 383
68 450
123 157
315 327
26 224
34 85
70 496
125 203
278 445
88 321
129 322
220 440
280 491
27 45
32 389
118 163
178 214
238 265
269 332
329 383
29 91
172 399
23 276
42 326
83 327
234 496
382 394
41 101
46 445
132 219
233 271
324 389
35 286
384 440
95 337
136 338
227 456
39 405
326 435
185 230
138 384
336 399
377 400
437 451
96 158
127 225
239 466
51 415
30 292
379 446
90 343
439 497
150 394
48 117
53 461
240 287
432 457
143 354
201 332
242 333
13 281
333 451
104 399
145 400
444 467
43 123
48 467
103 174
194 292
254 343
386 462
4 168
45 169
157 410
105 220
60 477
8 287
99 405
159 456
2 472
98 180
189 298
249 349
309 400
340 467
59 225
251 395
55 483
113 461
352 477
11 184
203 354
304 406
15 303
54 231
166 472
207 473
205 400
17 349
108 467
163 174
316 416
66 241
219 483
167 293
258 411
120 477
119 252
210 370
158 180
270 421
311 422
22 319
61 247
173 488
214 489
272 467
19 21
24 365
84 416
73 257
21 67
325 478
168 494
314 319
267 473
14 27
38 421
79 422
126 268
165 196
225 247
68 263
128 314
188 365
279 483
320 484
26 37
91 432
70 309
130 360
369 376
80 273
88 134
129 135
181 325
179 252
220 253
373 495
32 202
82 319
274 489
26 387
81 94
86 438
172 212
232 263
364 382
383 432
424 433
135 330
88 484
46 258
137 376
238 428
35 99
100 494
136 151
141 495
227 269
287 320
347 371
39 218
89 335
37 145
438 489
190 387
93 454
148 161
239 279
431 449
30 105
54 499
90 156
150 207
241 325
342 377
53 274
433 495
204 443
294 336
354 387
385 454
44 161
145 213
257 454
236 331
296 382
7 279
48 280
139 398
199 449
6 54
9 325
97 172
157 223
201 495
289 342
349 393
8 100
252 460
250 387
2 285
351 439
62 336
152 229
212 280
243 347
363 449
55 296
113 274
16 341
57 342
164 239
356 409
20 460
106 234
226 336
317 454
69 352
17 162
110 353
129 403
160 470
11 347
71 398
219 296
217 223
310 414
370 465
411 466
122 363
221 342
312 460
23 357
64 358
22 132
27 476
173 301
214 302
272 280
365 471
76 368
24 178
84 229
115 296
18 363
78 414
138 465
75 116
319 476
267 286
30 373
38 234
131 425
230 404
68 76
73 420
92 470
133 471
279 296
31 194
430 465
182 363
223 364
283 415
80 86
33 240
145 481
186 482
184 409
82 132
87 476
142 183
235 374
274 302
334 353
45 250
86 251
177 369
237 420
297 471
80 436
135 143
140 487
98 261
46 71
478 482
1 328
389 410
193 498
191 425
251 476
94 492
42 302
190 200
401 420
93 267
244 436
192 246
304 487
343 415
54 312
95 313
246 482
89 498
204 256
245 257
295 374
396 426
198 441
146 251
299 493
10 390
109 369
197 216
257 267
348 385
12 436
158 261
199 262
61 328
102 329
451 483
162 380
253 498
201 308
5 396
60 103
65 447
151 221
104 375
211 272
252 273
62 149
67 493
153 267
213 318
56 334
405 488
116 385
157 386
176 436
264 283
14 108
55 109
266 329
16 154
21 498
458 499
72 463
70 390
111 391
410 458
14 458
129 216
160 283
261 335
32 283
11 160
71 211
26 468
34 329
122 176
125 447
273 345
226 499
364 463
124 222
215 340
27 289
118 407
178 458
76 181
268 351
18 176
78 227
270 397
41 345
30 186
38 47
282 407
185 474
133 284
224 402
284 453
36 351
96 402
333 345
33 53
145 294
236 412
184 222
48 361
87 289
45 63
50 407
177 182
388 402
80 249
140 300
200 351
291 469
103 418
189 192
142 346
4 412
45 413
100 120
193 311
191 238
251 289
344 480
3 187
383 408
443 459
286 475
57 423
98 424
244 249
1 491
395 418
54 125
147 316
207 367
155 177
205 294
298 485
339 486
110 434
397 464
149 362
209 413
11 428
52 429
112 480
198 254
239 255
258 305
299 306
10 203
390 424
49 131
109 182
202 373
293 491
301 352
12 249
163 418
204 419
311 316
61 141
214 383
162 193
253 311
354 363
13 70
404 480
156 378
257 430
255 357
114 152
119 496
158 424
457 491
56 147
308 368
368 419
79 316
170 434
211 435
361 379
20 86
452 497
111 204
223 445
171 255
322 424
14 271
165 440
373 389
32 96
123 214
164 215
26 281
375 435
177 450
125 260
218 451
226 312
317 430
28 327
88 378
129 379
179 496
220 497
32 446
25 29
178 271
269 389
329 440
370 441
29 148
172 456
42 383
83 384
231 282
382 451
132 276
192 327
233 328
324 446
35 343
384 497
95 394
136 395
134 322
39 462
37 389
92 96
185 287
245 338
336 456
377 457
36 164
148 405
96 215
187 333
30 349
150 451
48 174
139 292
92 446
240 344
143 411
242 390
44 405
43 180
442 451
194 349
142 159
254 400
6 298
4 225
45 226
105 277
196 395
99 462
154 169
286 288
305 338
189 355
249 406
309 457
1 304
152 473
110 247
449 467
108 174
149 175
261 416
209 226
302 417
300 344
11 241
52 242
164 483
112 293
203 411
263 462
101 134
161 185
205 457
353 355
64 252
12 62
163 231
256 422
316 473
355 401
66 298
167 350
217 467
258 468
5 22
156 191
307 360
367 411
210 427
270 478
61 304
121 355
360 371
420 422
24 422
79 129
84 473
170 247
211 248
271 299
73 314
21 124
114 315
422 468
72 89
126 325
74 135
79 479
165 253
417 474
188 422
26 94
31 438
91 489
177 263
130 417
218 264
278 315
429 484
28 140
88 191
129 192
181 382
179 309
32 259
142 427
183 428
45 494
81 151
482 495
232 320
292 371
383 489
424 490
83 197
195 438
234 366
46 315
285 331
35 156
95 207
136 208
134 135
227 326
287 377
347 428
39 275
190 444
239 336
192 490
30 162
90 213
241 382
301 433
143 224
146 495
201 202
294 393
354 444
236 388
255 438
7 336
48 337
139 455
4 38
9 382
157 280
248 398
196 208
289 399
308 449
349 450
60 347
8 157
151 465
99 275
159 326
250 444
2 342
361 460
1 117
111 285
152 286
243 404
11 54
16 398
164 296
263 275
356 466
15 173
414 444
106 291
166 342
226 393
205 270
17 219
108 337
11 404
66 111
71 455
217 280
258 281
310 471
122 420
409 450
120 347
161 348
64 415
119 122
124 466
210 240
402 410
173 358
121 168
214 359
272 337
76 425
84 286
115 353
175 404
276 456
18 420
114 128
174 179
224 296
325 348
36 245
416 466
127 363
75 173
168 364
228 415
30 430
126 138
79 292
131 482
469 477
188 235
31 251
380 405
91 302
242 471
283 472
80 143
33 297
184 466
332 364
392 415
82 189
142 240
183 241
334 410
45 307
86 308
177 426
80 493
195 251
286 369
387 421
46 128
137 246
1 385
288 415
40 313
389 467
100 364
3 431
39 88
89 205
281 375
341 426
401 477
93 324
51 98
95 370
155 421
58 488
144 262
204 313
245 314
295 431
336 432
47 329
107 380
148 381
146 308
239 499
10 447
51 448
49 375
197 273
257 324
408 493
7 149
12 493
199 319
350 488
9 195
5 453
60 160
63 431
151 278
250 257
403 499
2 155
62 206
153 324
213 375
56 391
116 442
176 493
14 165
206 335
169 453
20 330
171 499
69 222
17 32
129 273
108 150
261 392
321 443
11 217
123 458
71 268
164 459
29 42
122 233
23 227
64 228
83 278
124 279
275 448
27 346
25 273
118 464
324 340
76 238
24 48
29 392
84 99
136 289
268 408
39 356
326 386
367 387
36 58
127 176
168 177
30 243
131 295
222 413
282 464
92 340
31 64
36 408
96 459
182 233
242 284
283 285
333 402
85 300
33 110
434 454
186 352
236 469
184 279
277 470
87 346
235 244
386 413
45 120
86 121
177 239
237 290
297 341
80 306
43 424
98 131
103 475
189 249
290 301
1 198
340 418
381 419
4 469
45 470
441 470
193 368
243 485
191 295
292 347
3 244
383 465
94 362
195 414
52 136
57 480
98 481
244 306
304 357
395 475
54 182
95 183
147 373
155 234
17 300
11 485
52 486
107 193
167 244
198 311
299 363
51 261
161 429
109 239
311 373
402 491
61 198
214 440
162 250
253 368
313 419
5 266
63 244
156 435
216 486
255 414
67 363
158 481
306 379
267 424
308 425
211 492
68 214
16 24
169 266
320 435
72 333
20 143
359 363
70 260
74 379
165 497
32 153
371 373
71 81
26 338
375 492
86 389
414 420
226 369
83 91
88 435
327 451
25 86
178 328
238 379
329 497
81 395
141 446
18 46
78 97
83 441
231 339
229 266
41 215
421 436
132 333
95 451
136 452
222 226
433 446
92 153
133 154
224 272
148 462
187 390
247 441
85 113
90 457
145 164
277 283
48 231
428 452
87 159
50 277
201 446
289 293
13 395
440 462
44 462
80 119
99 169
140 170
200 221
291 339
2 236
351 390
103 288
194 406
1 11
45 283
152 180
105 334
243 298
344 350
3 57
346 396
98 294
117 344
249 463
20 411
59 339
147 186
207 237
298 355
399 407
17 113
58 114
108 231
261 473
209 283
203 468
411 417
10 73
15 417
101 191
161 242
202 243
293 361
64 309
17 463
413 463
163 288
214 253
167 407
5 79
29 473
156 248
216 299
276 350
307 417
18 314
367 468
61 361
121 412
79 186
170 304
211 305
73 371
21 181
114 372
133 422
174 423
36 489
72 146
70 73
223 315
176 469
264 316
314 433
374 484
415 485
33 191
186 433
165 310
225 361
68 377
188 479
26 151
31 495
177 320
125 130
130 474
218 321
278 372
80 387
28 197
88 248
181 439
468 469
82 433
81 208
141 259
172 326
232 377
180 187
292 428
135 444
195 495
234 423
132 146
137 490
192 197
35 213
95 264
136 265
475 485
134 192
287 434
39 332
89 449
37 259
127 152
146 202
187 203
239 393
247 254
338 372
49 269
90 270
241 439
301 490
53 388
139 162
92 316
199 213
102 280
143 281
201 259
294 450
13 208
393 429
104 326
296 496
2 49
43 50
67 444
194 219
254 270
6 168
345 388
4 95
9 439
97 286
157 337
248 455
55 60
60 404
99 332
159 383
398 399
2 399
62 450
117 157
208 275
249 276
309 327
400 445
111 342
460 496
212 394
243 461
14 409
55 410
261 286
352 404
11 111
16 455
52 112
112 163
164 353
453 456
203 281
263 332
106 348
166 399
205 327
64 122
69 466
256 292
316 343
118 358
66 168
219 410
167 220
217 337
318 389
29 286
122 477
120 404
161 405
221 456
23 471
270 348
311 349
22 246
402 467
173 415
272 394
24 292
84 343
115 410
175 461
18 477
73 184
174 236
224 353
265 354
325 405
77 303
30 487
38 348
126 195
277 364
68 190
128 241
380 462
91 359
181 252
332 421
392 472
82 246
142 297
183 298
45 364
86 365
42 66
135 257
195 308
286 426
234 236
327 427
387 478
46 185
189 493
1 442
288 472
100 421
339 437
3 488
39 145
37 72
281 432
341 483
0 190
93 381
192 360
51 155
49 82
293 442
241 252
301 303
394 494
144 319
107 437
167 488
146 365
5 160
13 21
44 88
49 432
104 139
109 483
197 330
257 381
7 206
67 257
158 375
199 376
61 442
9 252
102 443
162 494
248 268
308 319
60 217
8 27
211 386
159 196
252 387
2 212
62 263
153 381
213 432
111 155
116 499
363 376
113 201
206 392
266 443
305 371
164 166
117 320
15 43
20 387
166 212
317 381
358 382
69 279
17 89
129 330
220 448
261 449
280 499
27 53
71 325
29 99
34 443
180 268
221 269
273 459
23 284
83 335
215 454
22 59
25 330
173 228
233 279
324 397
365 398
76 295
425 449
136 346
84 156
115 223
175 274
268 465
39 413
18 290
78 341
41 459
127 233
319 403
30 300
38 161
131 352
222 470
230 331
92 397
432 465
36 465
283 342
374 460
85 357
33 167
145 408
48 475
386 470
427 471
45 177
86 178
196 346
237 347
80 363
99 413
140 414
200 465
2 480
98 188
189 306
249 357
290 358
1 255
381 476
40 183
152 424
100 234
193 425
251 403
292 404
3 301
154 470
302 368
52 193
244 363
304 414
54 239
147 430
207 481
205 408
47 199
107 250
167 301
198 368
146 178
10 317
101 435
49 245
202 487
7 19
311 430
350 358
9 65
162 307
5 323
65 374
156 492
2 25
21 75
153 194
366 487
56 261
405 415
176 363
267 481
308 482
14 35
79 430
165 204
357 374
68 271
16 81
417 425
260 441
361 493
72 390
70 317
130 368
171 369
33 435
129 143
220 261
280 312
32 210
123 328
315 498
26 395
86 446
125 374
364 390
83 148
88 492
124 149
215 267
275 318
27 216
25 143
178 385
238 436
81 452
227 277
180 431
328 329
39 226
18 103
479 498
83 498
138 205
231 396
330 375
132 390
233 442
30 113
35 457
131 165
134 436
282 334
342 385
185 401
224 329
284 380
36 278
187 447
247 498
335 345
85 170
145 221
186 222
236 339
296 390
337 391
48 288
139 406
87 216
199 457
240 458
50 334
349 401
13 452
252 468
291 396
2 293
43 294
351 447
1 68
4 339
152 237
105 391
193 238
3 114
8 458
94 232
154 283
57 350
117 401
20 468
59 396
207 294
298 412
17 170
58 171
110 361
108 288
149 289
209 340
11 355
411 474
10 130
15 474
101 248
49 58
202 300
163 345
61 68
66 412
214 310
167 464
5 136
24 186
65 187
115 304
63 114
156 305
276 407
307 474
119 423
67 233
22 490
77 197
168 315
121 469
360 485
19 192
459 464
170 361
230 412
68 84
21 238
73 428
174 480
72 203
75 474
130 181
223 372
283 423
262 300
322 351
33 248
74 249
126 439
165 367
68 434
123 141
128 485
274 310
86 259
177 377
125 187
218 378
278 429
28 254
88 305
280 475
27 29
118 147
238 249
329 367
389 418
81 265
141 316
232 434
180 244
42 310
281 326
234 480
41 85
46 429
192 254
324 373
343 423
35 270
384 424
95 321
136 322
134 249
227 440
246 490
287 491
39 389
37 316
377 384
396 434
36 91
148 332
96 142
146 259
239 450
247 311
51 399
338 429
49 326
241 496
48 101
139 219
199 270
240 271
331 389
391 440
451 491
50 147
143 338
201 316
5 404
13 265
44 332
104 383
2 106
7 450
444 451
103 158
254 327
345 445
405 496
4 152
9 496
157 394
105 204
446 497
196 322
8 271
159 440
398 456
249 333
20 281
340 451
111 399
59 209
152 400
212 451
14 466
110 174
261 343
302 344
352 461
11 168
71 219
203 338
106 405
166 456
17 333
124 230
256 349
316 400
27 297
118 415
167 277
29 343
115 117
120 461
268 359
18 184
119 236
270 405
330 456
22 303
173 472
121 282
272 451
24 349
21 51
133 292
224 410
325 462
36 359
77 360
127 477
33 61
126 252
186 303
277 421
225 231
376 400
128 298
188 349
31 365
91 416
80 257
28 67
33 411
88 118
181 309
179 236
332 478
280 288
82 303
142 354
183 355
274 473
40 77
45 421
172 196
232 247
443 467
83 124
195 365
286 483
137 360
40 427
100 478
155 185
246 303
339 494
58 252
378 422
89 319
37 129
149 370
190 371
438 473
281 489
52 437
239 263
299 314
390 432
431 433
90 140
241 309
53 258
144 376
204 427
107 494
146 422
294 320
5 217
354 371
445 489
44 145
49 489
104 196
197 387
296 366
7 263
67 314
158 432
199 433
6 38
56 155
61 499
308 376
349 377
60 274
440 495
159 253
2 269
21 319
62 320
153 438
213 489
361 387
152 213
264 454
212 264
262 381
303 382
14 279
55 280
113 258
206 449
16 325
164 223
117 377
315 392
356 393
15 100
20 444
106 218
218 459
166 269
226 320
69 336
418 490
32 454
71 382
310 398
370 449
29 156
122 347
180 325
221 326
312 444
83 392
124 393
22 116
27 460
25 387
233 336
365 455
76 352
24 162
84 213
115 280
175 331
78 398
36 172
127 290
168 291
319 460
30 357
131 409
230 388
133 455
91 229
430 449
242 398
283 399
186 466
184 393
82 116
142 167
235 358
45 234
86 235
105 285
196 403
237 404
286 296
98 245
46 55
189 363
290 415
1 312
40 240
152 481
100 291
193 482
191 409
58 65
89 132
94 476
149 183
281 302
341 353
52 250
54 296
293 312
246 466
17 414
53 71
58 415
204 240
295 358
355 409
47 256
107 307
198 425
146 235
299 477
10 374
101 492
49 302
109 353
197 200
348 369
7 76
67 127
158 245
199 246
311 487
259 297
350 415
61 312
9 122
102 313
121 363
162 364
5 380
24 430
60 87
65 431
63 358
252 257
362 425
403 426
21 132
62 133
67 477
114 323
174 374
463 477
213 302
77 441
56 318
116 369
176 420
264 267
415 436
14 92
79 487
165 261
206 262
266 313
357 431
68 328
130 425
410 442
33 492
74 493
470 493
129 200
220 318
280 369
321 370
32 267
412 488
123 385
71 195
183 436
26 452
122 160
364 447
23 154
465 499
124 206
27 273
25 200
178 442
238 493
76 165
136 216
134 143
180 488
227 334
268 335
328 386
39 283
18 160
37 210
138 262
41 329
132 447
192 498
233 499
131 222
282 391
92 267
133 268
185 458
284 437
143 232
85 227
236 396
184 206
337 448
87 273
50 391
196 216
349 458
140 284
291 453
2 350
43 351
103 402
1 125
6 469
4 396
40 53
152 294
100 104
105 448
243 412
344 464
55 361
94 289
154 340
57 407
117 458
395 402
106 299
54 109
59 453
207 351
155 161
205 278
246 279
298 469
17 227
110 418
108 345
149 346
209 397
47 69
52 413
71 463
112 464
198 238
258 289
390 408
409 458
101 305
450 459
161 356
202 357
221 407
64 423
12 233
124 474
163 402
402 418
462 469
66 469
121 176
162 177
214 367
313 346
24 243
115 361
63 171
156 362
216 413
119 480
174 187
265 305
77 254
56 131
116 182
176 233
19 249
368 403
79 300
170 418
73 485
21 295
260 311
320 362
380 413
72 260
70 187
130 238
171 239
283 480
322 408
33 305
74 306
126 496
225 475
32 80
68 491
123 198
315 368
375 419
86 316
34 126
125 244
218 435
88 362
327 378
27 86
137 254
178 255
269 373
81 322
141 373
172 440
232 491
180 301
42 367
190 265
231 266
382 435
93 332
132 260
192 311
233 312
343 480
35 327
384 481
155 429
134 306
37 373
185 271
336 440
0 491
437 492
96 199
146 316
187 317
51 456
338 486
48 158
199 327
331 446
50 204
143 395
201 373
44 389
104 440
43 164
6 282
56 399
97 400
105 261
196 379
55 174
94 102
206 343
159 497
305 322
117 271
20 338
106 112
110 231
449 451
108 158
261 400
209 210
302 401
11 225
71 276
112 277
164 467
263 446
15 344
101 118
106 462
312 338
64 236
12 46
124 287
215 405
316 457
27 354
118 472
217 451
24 56
115 174
156 175
268 416
216 226
307 344
18 241
367 395
119 293
210 411
22 360
168 185
24 406
170 231
323 473
362 401
422 452
21 108
174 350
224 467
36 416
75 344
314 360
374 411
33 118
38 462
74 119
186 360
225 288
376 457
68 304
87 354
128 355
31 422
86 129
177 247
237 298
80 314
28 124
140 365
88 175
181 366
429 468
43 432
82 360
142 411
290 309
381 427
45 478
141 186
232 304
383 473
42 180
195 422
234 350
93 145
46 299
98 489
137 417
285 315
35 140
155 242
287 361
347 412
58 309
378 479
89 376
52 494
0 304
93 495
148 202
239 320
299 371
390 489
49 196
90 197
202 438
150 248
301 417
53 315
204 484
102 207
146 479
13 135
104 253
197 444
257 495
7 320
67 371
158 489
6 95
56 212
4 22
9 366
97 213
157 264
308 433
8 141
250 428
361 444
20 151
111 269
59 79
171 320
212 321
363 490
74 387
113 315
16 382
71 89
164 280
203 208
356 450
106 275
166 326
226 377
317 495
69 393
129 444
215 218
27 167
118 285
66 95
29 213
122 404
409 434
221 383
23 398
210 224
22 173
421 444
233 393
272 321
24 219
136 460
84 270
115 337
222 234
175 388
37 454
78 455
133 162
224 280
284 331
36 229
416 450
127 347
228 399
30 414
90 465
38 275
131 466
277 291
230 445
337 342
87 167
128 168
240 409
188 219
279 337
380 389
143 476
91 286
242 455
80 127
85 471
140 178
332 348
392 399
423 466
235 415
45 291
105 342
196 460
237 461
8 409
135 184
195 235
286 353
346 404
387 405
189 420
290 472
288 399
100 348
191 466
339 364
3 415
58 122
89 189
190 241
281 359
341 410
52 307
0 117
401 461
51 82
155 405
293 369
394 421
17 471
58 472
144 246
256 487
204 297
355 466
47 313
396 467
107 364
167 415
198 482
5 87
156 256
109 410
257 308
348 426
7 133
67 184
259 354
350 472
61 369
121 420
162 421
65 488
362 482
403 483
114 380
62 190
153 308
77 498
116 426
176 477
264 324
14 149
19 493
74 200
113 128
266 370
68 385
16 195
169 437
130 482
218 329
468 477
160 324
280 426
123 442
71 252
183 493
34 370
122 217
172 334
120 144
273 386
83 262
124 263
215 381
234 431
275 432
27 330
137 498
178 499
136 273
134 200
175 201
268 392
287 442
328 443
326 370
37 267
78 268
138 319
330 489
36 42
41 386
127 160
187 211
319 330
30 227
379 381
38 88
131 279
282 448
284 494
143 289
91 99
96 443
182 217
242 268
335 459
333 386
85 284
434 438
236 453
43 58
48 402
446 448
45 104
105 155
196 273
289 464
8 222
388 443
99 340
140 341
200 392
2 407
43 408
98 115
103 459
189 233
249 284
340 402
441 454
40 110
59 160
100 161
193 352
191 279
251 330
3 228
94 346
154 397
52 120
57 464
93 121
244 290
304 341
106 356
54 166
147 357
155 218
205 335
17 284
110 475
256 300
209 454
11 469
47 126
448 470
167 228
258 346
318 397
101 362
161 413
109 223
12 290
402 475
61 182
121 233
313 403
24 300
156 419
216 470
18 485
114 193
174 244
265 362
306 363
77 311
56 188
168 429
176 290
19 306
368 460
68 198
21 352
260 368
320 419
72 317
130 295
171 296
223 486
322 465
74 363
373 430
32 137
123 255
183 306
274 424
334 475
26 322
375 476
34 183
125 301
218 492
23 24
234 244
25 70
178 312
238 363
269 430
329 481
40 378
81 379
39 153
37 80
42 424
78 81
190 322
281 440
229 250
382 492
93 389
41 199
132 317
192 368
30 40
35 384
90 91
95 435
134 363
92 137
185 328
245 379
336 497
96 256
187 374
247 425
44 96
49 440
85 97
145 148
150 492
48 215
139 333
87 143
240 385
102 451
50 261
143 452
440 446
44 446
200 205
250 322
291 323
2 220
43 221
103 272
442 492
254 441
6 339
56 456
4 266
97 457
152 164
105 318
55 231
3 41
8 385
435 452
206 400
305 379
57 277
117 328
208 446
309 498
20 395
207 221
298 339
358 390
418 441
108 215
261 457
209 267
300 385
71 333
112 334
203 452
15 401
221 277
353 396
64 293
12 103
215 462
256 463
66 339
214 237
24 113
65 114
268 473
307 401
119 350
210 468
22 417
77 124
168 242
121 396
79 170
170 288
230 339
271 340
362 458
21 165
31 129
36 473
223 299
283 350
374 468
415 469
184 344
225 345
87 411
427 479
26 135
31 479
86 186
177 304
237 355
80 371
28 181
140 422
88 232
181 423
179 350
43 489
142 468
81 192
193 433
141 243
172 310
232 361
42 237
135 428
195 479
93 202
137 474
285 372
343 350
35 197
155 299
347 469
58 366
89 433
148 259
146 186
299 428
51 326
338 356
90 254
202 495
301 474
12 371
53 372
144 490
350 366
102 264
162 315
201 243
354 485
65 382
13 192
44 259
104 310
255 479
2 33
7 377
62 84
494 495
153 202
194 203
6 152
345 372
405 423
4 79
97 270
157 321
248 439
60 388
206 213
159 367
57 90
62 434
117 141
309 311
20 208
460 480
59 136
171 377
212 378
303 496
74 444
113 372
11 95
112 147
203 265
263 316
15 214
166 383
226 434
316 327
27 224
407 445
118 342
66 152
71 496
219 394
467 496
217 321
29 270
122 461
120 388
180 439
23 455
119 163
210 281
270 332
330 383
22 230
173 399
121 209
233 450
272 378
131 173
84 327
222 291
175 445
323 343
73 168
174 220
224 337
325 389
96 337
75 214
187 455
228 456
126 179
277 348
337 399
87 224
128 225
31 292
91 343
182 461
80 184
181 236
43 302
82 230
142 281
235 472
334 451
45 348
94 240
135 241
195 292
286 410
387 462
98 359
189 477
137 287
1 426
40 354
59 404
100 405
399 472
3 472
397 399
89 246
209 348
112 415
15 482
51 139
109 117
155 462
293 426
394 478
12 184
53 185
144 303
5 144
156 313
104 123
197 314
255 292
348 483
67 241
447 462
56 82
61 426
60 201
63 472
151 319
159 180
271 421
21 246
62 247
114 437
174 488
153 365
213 416
20 21
56 432
171 190
262 308
303 309
14 206
454 478
165 375
206 376
266 427
68 442
16 252
169 494
315 319
466 488
106 145
125 195
166 196
218 386
226 247
28 262
129 314
160 381
220 432
280 483
321 484
118 155
123 499
310 325
81 273
29 83
172 391
120 201
180 252
273 443
23 268
372 422
83 319
234 488
22 43
46 437
25 314
173 212
233 263
384 432
76 279
425 433
136 330
134 257
39 397
326 427
37 324
78 325
138 376
377 392
36 99
41 443
96 150
127 217
187 268
90 335
38 145
439 489
92 381
240 279
331 397
31 105
91 156
182 274
333 443
434 495
145 392
43 115
87 387
194 284
235 285
386 454
97 351
105 212
196 330
237 331
297 382
140 398
2 464
43 465
98 172
189 290
249 341
290 342
1 239
340 459
59 217
152 408
193 409
191 336
251 387
55 475
94 403
154 454
304 398
54 223
147 414
207 465
205 392
108 459
107 234
318 454
10 301
161 470
109 280
158 172
311 414
121 290
162 291
214 481
156 476
21 59
153 178
213 229
366 471
77 368
56 245
168 486
116 296
176 347
267 465
14 19
19 363
79 414
225 239
357 358
16 65
128 306
169 307
320 476
31 373
72 374
33 419
69 76
160 194
220 245
32 194
371 414
123 312
183 363
81 86
34 240
86 430
172 204
125 358
364 374
424 425
28 425
88 476
327 492
275 302
46 250
426 471
25 127
178 369
238 420
269 487
76 92
81 436
136 143
141 487
227 261
419 431
37 137
479 482
231 380
229 307
93 446
41 256
132 374
431 441
30 97
35 441
95 492
131 149
134 420
222 267
282 318
433 487
37 487
144 384
185 385
284 364
47 451
143 159
96 313
146 430
385 446
44 153
49 497
85 154
145 205
197 395
486 498
296 374
337 375
48 272
139 390
199 441
240 442
259 492
201 487
349 385
8 92
13 436
99 210
159 261
200 262
252 452
250 379
291 380
2 277
351 431
153 446
194 447
1 52
6 396
4 323
152 221
212 272
303 390
344 391
94 216
206 457
305 436
57 334
20 452
106 226
59 380
147 227
207 278
298 396
358 447
418 498
17 154
300 442
11 339
71 390
411 458
10 114
15 458
161 283
221 334
312 452
353 453
64 350
12 160
124 401
25 395
214 294
365 463
406 464
24 170
65 171
156 289
175 339
216 340
276 391
18 355
78 406
119 407
22 474
75 108
168 299
228 350
319 468
360 469
79 227
230 396
271 397
73 412
31 186
72 187
75 458
223 356
314 474
126 423
186 474
184 401
225 402
87 468
123 125
274 294
334 345
86 243
34 53
278 413
28 238
140 479
181 480
179 407
137 181
290 423
40 248
81 249
141 300
172 367
191 417
292 469
94 484
135 485
190 192
234 464
0 68
41 69
46 413
473 480
132 187
244 428
192 238
343 407
147 495
95 305
287 475
53 79
58 423
89 490
144 197
185 198
245 249
336 367
47 264
0 418
146 243
299 485
247 295
51 383
338 413
49 310
109 361
150 362
197 208
241 480
12 428
48 85
53 429
199 254
350 423
9 130
50 131
102 321
162 372
451 475
253 490
294 491
5 388
65 439
13 249
104 367
252 265
2 90
62 141
153 259
194 260
254 311
6 209
345 429
9 480
157 378
248 496
60 445
206 270
159 424
398 440
458 491
57 147
117 198
309 368
20 265
400 486
111 383
59 193
171 434
212 435
110 158
113 429
261 327
321 378
412 496
16 496
453 497
71 203
164 394
203 322
263 373
125 439
166 440
64 163
124 214
215 332
316 384
27 281
25 208
66 209
178 450
219 451
217 378
268 343
328 394
18 168
78 219
119 220
231 461
270 389
330 440
22 287
272 435
84 384
222 348
323 400
73 225
133 276
224 394
284 445
36 343
96 394
75 271
33 45
126 236
186 287
184 214
277 405
337 456
128 282
188 333
31 349
80 241
28 51
88 102
179 220
332 462
43 359
40 61
45 405
100 112
105 456
3 179
383 400
94 297
135 298
443 451
195 349
286 467
1 483
59 461
95 118
147 308
155 169
339 478
58 236
397 456
89 303
438 457
209 405
47 77
239 247
51 196
450 467
49 123
150 175
293 483
301 344
144 360
204 411
47 427
102 134
107 478
253 303
5 201
354 355
13 62
445 473
44 129
156 370
104 180
255 349
306 314
259 468
56 139
9 293
97 140
157 191
308 360
368 411
60 258
151 376
211 427
159 237
114 494
62 304
213 473
361 371
452 489
111 196
171 247
264 438
303 366
14 263
363 417
74 314
165 432
113 242
206 433
225 483
68 499
16 309
356 377
375 427
15 84
34 134
125 252
166 253
218 443
69 320
418 474
129 371
160 438
220 489
27 94
32 438
118 212
178 263
219 264
269 381
310 382
81 330
29 140
120 258
180 309
83 376
231 274
25 371
173 269
233 320
324 438
384 489
425 490
84 197
39 454
326 484
37 381
78 382
138 433
377 449
36 156
96 207
127 274
75 84
228 326
30 341
379 495
90 392
38 202
131 393
87 94
240 336
31 162
91 213
430 433
182 331
85 398
145 449
103 223
82 100
194 341
142 151
235 342
97 408
45 218
105 269
485 490
196 387
297 439
8 336
94 110
99 454
1 296
288 326
152 465
100 275
191 393
3 342
302 409
52 234
112 285
203 403
244 404
304 455
15 352
106 470
54 280
147 471
293 296
256 414
204 224
47 240
107 291
167 342
5 14
10 358
101 476
156 183
307 352
12 404
67 111
259 281
22 368
350 399
61 296
162 348
19 70
24 414
65 415
84 465
63 342
362 409
403 410
422 460
21 116
174 358
213 286
306 477
75 352
14 76
74 127
79 471
165 245
225 296
266 297
357 415
68 312
16 122
417 466
31 430
72 431
70 358
130 409
218 256
410 426
28 132
33 476
470 477
220 302
280 353
32 251
123 369
183 420
26 436
81 143
125 415
273 313
424 482
23 138
83 189
46 307
137 425
178 426
238 477
35 148
40 492
76 149
81 493
136 200
477 493
39 267
378 487
419 488
37 194
78 195
231 437
229 364
0 312
132 431
431 498
30 154
35 498
150 256
342 426
144 441
92 251
245 493
143 216
96 370
146 487
294 385
44 210
197 452
236 380
296 431
199 498
50 375
196 200
289 391
349 442
8 149
13 493
99 267
159 318
200 319
250 436
291 437
103 386
1 109
6 453
59 87
152 278
212 329
303 447
154 324
305 493
16 390
203 216
356 458
106 283
59 437
147 284
207 335
205 262
298 453
17 211
110 402
397 432
47 53
66 103
112 448
198 222
318 324
10 171
109 150
221 391
64 407
124 458
22 181
66 453
121 160
214 351
272 329
313 330
84 278
464 499
175 396
216 397
18 412
114 120
119 464
265 289
325 340
416 458
75 165
116 166
168 356
176 217
228 407
79 284
170 402
230 453
128 176
169 177
260 295
320 346
31 243
72 244
283 464
322 392
33 289
181 187
225 459
123 182
183 233
26 249
375 403
86 300
34 110
177 418
125 228
237 469
278 470
80 485
28 295
135 192
88 346
179 464
327 362
387 413
137 238
288 407
329 408
40 305
81 306
100 356
389 459
39 80
190 249
231 250
281 367
382 419
0 125
41 126
93 316
192 295
285 486
343 464
95 362
155 413
394 429
53 136
58 480
144 254
245 306
148 373
239 491
247 352
51 440
338 470
49 367
197 265
150 419
12 485
48 142
53 486
139 260
259 362
391 481
9 187
201 357
65 496
13 306
44 373
252 322
403 491
2 147
103 199
153 316
194 317
254 368
345 486
157 435
55 158
113 136
206 327
305 306
398 497
16 203
57 204
208 373
309 425
111 440
69 214
110 215
261 384
11 209
71 260
164 451
34 378
122 225
101 102
125 496
166 497
312 322
372 373
64 220
215 389
163 199
316 441
27 338
25 265
66 266
118 456
24 40
84 91
115 158
328 451
307 328
18 225
367 379
119 277
330 497
319 338
272 492
19 46
131 287
79 97
222 405
170 215
323 457
73 282
224 451
31 56
36 400
96 451
223 226
85 292
33 102
126 293
186 344
277 462
225 272
26 62
31 406
91 457
177 231
388 451
80 298
140 349
181 350
200 400
179 277
290 293
441 462
100 169
141 170
193 360
232 288
292 339
3 236
383 457
94 354
42 164
135 355
195 406
93 129
436 468
147 365
95 175
246 344
347 396
149 411
209 462
47 134
0 288
52 478
148 186
299 355
390 473
109 231
150 232
53 299
144 417
162 242
253 360
294 361
354 412
13 119
63 236
104 237
197 428
158 473
306 371
6 79
56 196
4 6
116 247
157 248
19 314
151 433
211 484
21 360
169 258
361 428
20 135
111 253
171 304
212 305
264 495
262 422
14 320
74 371
113 299
11 22
71 73
315 433
375 484
34 191
226 361
317 479
28 376
129 428
160 495
32 495
25 78
66 79
178 320
219 321
269 438
370 490
81 387
29 197
120 315
18 38
23 382
83 433
421 428
25 428
272 305
35 392
134 371
175 372
37 438
73 95
78 439
185 336
284 315
96 264
187 382
228 383
247 433
30 398
85 105
90 449
428 444
92 495
240 393
188 203
430 490
242 439
44 454
80 111
85 455
140 162
200 213
291 331
43 229
103 280
423 450
82 157
194 398
142 208
6 347
97 465
105 326
3 49
8 393
435 460
135 168
286 337
98 286
249 455
1 353
147 178
100 332
3 399
89 173
149 224
209 275
302 466
52 291
0 101
112 342
203 460
51 66
101 183
202 235
293 353
353 404
12 111
53 112
163 280
204 281
256 471
295 399
355 450
66 347
198 466
406 415
5 71
65 122
156 240
197 241
216 291
257 292
307 409
408 461
7 117
67 168
210 476
259 338
22 425
121 404
360 420
19 127
60 128
63 399
151 246
211 297
271 348
21 173
174 415
213 343
72 138
77 482
75 409
176 461
14 133
19 477
165 302
225 353
357 472
68 369
16 179
128 420
70 415
218 313
278 364
369 482
28 189
69 190
181 431
160 308
179 358
280 410
82 425
123 426
81 200
120 128
232 369
273 370
23 195
135 436
83 246
275 416
46 364
132 138
137 482
285 380
35 205
76 206
136 257
475 477
227 375
328 427
347 477
326 354
138 303
231 494
229 421
0 369
41 370
127 144
132 488
187 195
338 364
30 211
90 262
38 72
150 313
282 432
342 483
92 308
185 499
143 273
242 252
44 267
85 268
145 319
236 437
194 211
9 431
45 88
50 432
97 278
196 257
297 309
8 206
99 324
200 376
250 493
291 494
62 442
189 217
249 268
309 319
1 166
340 386
400 437
4 437
59 144
212 386
243 453
191 263
251 314
3 212
154 381
52 104
57 448
112 155
117 499
203 273
263 324
395 443
455 494
205 319
69 458
17 268
110 459
108 386
256 284
407 453
11 453
66 160
219 402
198 279
258 330
318 381
122 469
101 346
161 397
221 448
210 289
163 443
311 341
402 459
61 166
121 217
272 386
313 387
24 284
63 212
18 469
114 177
75 222
168 413
267 392
19 290
79 341
170 459
128 233
260 352
279 402
320 403
31 300
72 301
223 470
322 449
181 244
373 414
32 121
82 238
235 480
183 290
26 306
86 357
34 167
88 403
137 295
238 347
288 464
329 465
40 362
141 414
3 480
39 137
42 408
281 424
229 234
0 182
41 183
132 301
192 352
155 470
241 244
394 486
144 311
185 312
245 363
148 430
247 409
109 475
150 476
197 322
48 199
447 470
139 317
199 368
259 419
50 245
162 486
8 19
13 363
151 327
99 137
159 188
252 379
250 306
103 256
213 424
56 440
303 317
363 368
454 486
206 384
154 194
266 435
305 363
16 260
57 261
208 430
15 35
20 379
111 497
166 204
298 323
17 81
110 272
160 389
108 199
261 441
11 266
310 333
263 487
34 435
122 282
101 159
221 261
312 379
372 430
64 277
124 328
163 256
275 497
316 498
22 51
27 395
25 322
66 323
214 221
425 441
24 97
84 148
175 266
216 267
268 457
276 318
307 385
367 436
119 334
210 452
22 401
168 226
19 103
131 344
84 498
170 272
73 339
422 493
31 113
72 114
91 164
283 334
374 452
85 349
33 159
126 350
184 328
376 498
235 293
188 447
26 119
177 288
297 390
80 355
88 216
200 457
179 334
82 401
142 452
381 468
100 226
141 227
193 417
191 344
3 293
42 221
135 412
285 356
35 181
147 422
95 232
155 283
246 401
347 453
58 350
47 191
0 345
148 243
239 361
299 412
10 309
51 310
338 340
101 427
109 288
7 11
12 355
53 356
102 248
50 58
162 299
253 417
201 227
65 366
156 484
104 294
7 361
213 237
366 479
345 356
56 253
116 304
248 423
19 371
60 372
151 490
357 366
16 73
57 74
169 315
117 125
208 243
361 485
20 192
359 412
111 310
262 479
69 84
74 428
160 202
113 356
352 372
11 79
16 423
315 490
414 469
166 367
226 418
28 433
64 90
69 434
124 141
215 259
275 310
407 429
467 480
269 495
217 305
310 496
76 100
81 444
122 445
120 372
180 423
268 270
23 439
78 146
119 147
229 315
330 367
22 214
41 264
421 485
132 382
173 383
233 434
35 449
76 450
131 157
84 311
134 428
222 275
282 326
323 327
37 495
185 393
224 321
36 270
127 388
187 439
335 337
30 455
38 316
126 163
186 214
277 332
91 327
182 445
80 168
200 270
291 388
43 286
392 440
103 337
82 214
142 265
6 404
4 331
45 332
105 383
193 230
344 399
8 450
195 276
286 394
346 445
189 461
1 410
288 440
59 388
100 389
339 405
58 163
89 230
149 281
209 332
15 466
101 240
49 50
202 292
293 410
12 168
163 337
295 456
406 472
5 128
65 179
63 106
156 297
257 349
255 276
119 415
67 225
158 343
22 482
56 66
61 410
116 117
121 461
360 477
19 184
60 185
63 456
21 230
114 421
174 472
314 482
262 292
322 343
454 462
113 169
225 410
16 236
128 477
26 200
34 61
125 179
218 370
278 421
226 231
28 246
88 297
129 298
181 488
179 415
220 416
280 467
118 139
123 483
269 308
329 359
81 257
29 67
34 411
122 258
461 478
232 426
180 236
273 427
23 252
83 303
234 472
41 77
46 421
233 247
384 416
76 263
134 241
287 483
39 381
185 206
229 478
0 426
36 83
96 134
127 201
187 252
247 303
338 421
90 319
38 129
150 370
439 473
241 488
282 489
53 437
240 263
331 381
432 433
50 139
91 140
143 330
242 309
333 427
44 324
145 376
7 442
43 99
235 269
345 437
386 438
4 144
9 488
50 489
97 335
105 196
196 314
297 366
60 453
8 263
388 484
99 381
159 432
398 448
2 448
189 274
309 376
1 223
400 494
441 495
59 201
152 392
212 443
251 371
55 459
110 166
154 438
52 161
112 212
263 381
304 382
15 279
205 376
256 341
66 217
107 218
219 459
167 269
198 336
318 438
101 403
119 228
210 346
311 398
22 295
121 274
272 443
313 444
84 392
63 269
73 233
114 234
174 285
325 454
366 455
77 352
75 279
116 280
168 470
267 449
19 347
376 392
128 290
188 341
279 459
72 358
91 408
70 285
28 59
33 403
88 110
181 301
220 229
371 398
183 347
26 363
86 414
232 239
135 306
83 116
88 460
327 476
46 234
426 455
137 352
35 75
40 419
141 471
227 245
287 296
378 414
438 465
37 121
42 465
190 363
138 173
0 239
41 240
132 358
192 409
30 81
35 425
90 132
282 302
342 353
53 250
433 471
144 368
92 178
245 420
107 486
146 414
294 312
247 466
385 430
44 137
49 481
85 138
104 188
145 189
236 307
296 358
48 256
259 476
9 301
97 148
102 492
248 317
349 369
60 266
8 76
440 487
151 384
99 194
159 245
200 246
252 436
2 261
351 415
62 312
153 430
254 482
4 307
152 205
303 374
363 425
113 250
154 251
206 441
266 492
16 317
117 369
356 385
15 92
20 436
106 210
166 261
207 262
298 380
358 431
69 328
17 138
108 256
261 498
11 323
71 374
219 272
411 442
10 98
34 492
122 339
101 216
120 266
161 267
23 333
124 385
163 313
22 108
25 379
66 380
173 277
365 447
425 498
84 205
115 272
175 323
216 324
276 375
326 492
18 339
78 390
119 391
77 165
75 92
168 283
228 334
319 452
38 210
131 401
31 170
70 98
130 149
85 406
126 407
82 108
235 350
274 278
86 227
485 498
177 345
237 396
80 412
140 463
88 273
179 391
82 458
290 407
288 334
329 335
40 232
193 474
191 401
232 402
3 350
89 124
135 469
281 294
341 345
93 243
132 171
192 222
343 391
54 288
95 289
147 479
155 340
246 458
53 63
58 407
89 474
144 181
204 232
295 350
336 351
47 248
107 299
198 417
239 418
299 469
51 367
101 484
109 345
348 361
7 68
48 69
139 187
199 238
259 289
350 407
9 114
451 459
162 356
253 474
201 284
5 372
60 79
13 233
65 423
151 197
104 351
2 74
7 418
67 469
463 469
306 485
345 413
405 464
4 120
116 361
157 362
19 428
60 429
206 254
16 130
21 474
57 131
117 182
260 490
72 439
20 249
359 469
111 367
410 434
69 141
110 142
160 259
261 311
321 362
352 429
16 480
71 187
263 357
26 444
34 305
125 423
166 424
226 475
364 439
465 491
69 491
124 198
316 368
25 192
118 383
178 434
219 435
217 362
120 429
180 480
268 327
419 496
18 152
23 496
78 203
138 254
231 445
270 373
173 440
233 491
131 214
134 485
282 383
323 384
224 378
36 327
127 445
335 394
85 219
186 271
184 198
277 389
337 440
87 265
279 435
50 383
140 276
179 204
291 445
332 446
103 394
6 461
40 45
105 440
193 287
191 214
251 265
344 456
3 163
94 281
42 91
154 332
98 400
59 445
95 102
207 343
298 461
339 462
89 287
149 338
52 405
107 112
198 230
10 179
390 400
101 297
54 451
202 349
293 467
12 225
163 394
66 461
102 118
107 462
253 287
65 236
404 456
445 457
156 354
257 406
255 333
119 472
158 400
457 467
61 467
157 175
248 293
267 343
308 344
368 395
151 360
170 410
21 287
114 478
169 185
260 303
72 252
20 62
452 473
70 179
111 180
171 231
262 349
322 400
363 401
126 488
74 298
165 416
225 467
68 483
164 191
315 360
26 257
375 411
125 236
278 478
226 288
88 354
129 355
179 472
220 473
27 78
178 247
238 298
269 365
370 417
141 365
172 432
120 242
232 483
180 293
273 484
23 309
231 258
382 427
46 478
132 252
233 304
324 422
136 371
39 438
326 468
0 483
36 140
437 484
96 191
187 309
247 360
338 478
30 325
379 479
90 376
150 427
53 494
139 268
92 422
240 320
331 438
432 490
143 387
91 197
201 365
242 366
13 314
333 484
43 156
103 207
194 325
254 376
386 495
97 392
45 202
157 443
105 253
8 320
99 438
57 212
98 213
189 331
1 280
251 428
89 100
149 151
154 495
300 320
52 218
112 269
203 387
12 38
17 382
163 207
256 398
316 449
355 377
66 274
107 275
167 326
217 443
101 460
156 167
216 218
307 336
7 44
119 285
67 95
210 403
311 455
121 331
19 54
79 105
84 449
170 223
211 224
271 275
362 393
73 290
422 444
174 342
77 409
75 336
223 234
176 388
314 352
14 60
38 454
79 455
126 301
225 280
376 449
68 296
417 450
128 347
26 70
369 409
429 460
28 116
33 460
129 168
179 285
220 286
280 337
371 455
82 352
183 404
141 178
273 297
424 466
83 173
234 342
46 291
137 409
285 307
35 132
76 133
136 184
287 353
347 404
39 251
378 471
89 368
37 178
138 230
229 348
93 487
41 297
192 466
431 482
30 138
90 189
150 240
282 359
342 410
53 307
144 425
92 235
47 492
143 200
146 471
294 369
335 370
354 420
13 127
104 245
145 246
296 415
7 312
139 431
199 482
6 87
4 14
97 205
157 256
248 374
289 375
60 323
8 133
13 477
151 441
99 251
159 302
252 493
250 420
62 369
4 364
59 71
152 262
212 313
243 380
303 431
363 482
55 329
113 307
206 498
305 477
11 30
16 374
57 375
20 493
106 267
54 77
166 318
207 319
298 437
317 487
358 488
69 385
17 195
108 313
11 380
71 431
217 256
310 447
370 498
411 499
29 205
122 396
120 323
221 375
312 493
23 390
25 436
61 93
121 144
214 335
272 313
76 401
24 211
115 329
175 380
276 432
18 396
73 103
78 447
265 273
476 493
75 149
228 391
267 319
38 267
170 386
230 437
128 160
188 211
279 329
31 227
380 381
471 499
70 155
182 396
130 206
223 397
85 463
33 273
126 464
184 442
82 165
123 166
274 335
334 386
26 233
86 284
237 453
135 176
88 330
46 104
189 412
137 222
288 391
329 392
40 289
100 340
191 458
3 407
39 64
281 351
341 402
382 403
0 109
244 469
192 279
343 448
95 346
155 397
394 413
53 120
144 238
204 289
245 290
47 305
396 459
107 356
148 357
146 284
239 475
10 423
49 351
197 249
257 300
7 125
12 469
48 126
139 244
9 171
201 341
5 429
65 480
13 290
60 136
151 254
104 408
252 306
7 475
62 182
153 300
345 470
4 177
116 418
456 486
60 486
206 311
266 362
357 480
398 481
57 188
169 429
117 239
20 306
70 423
111 424
171 475
14 491
69 198
110 199
129 249
160 316
220 367
261 368
32 316
11 193
123 434
71 244
164 435
34 362
64 204
27 322
25 249
118 440
217 419
29 368
175 193
268 384
328 435
18 209
78 260
138 311
270 430
330 481
41 378
132 496
173 497
319 322
38 80
79 81
131 271
222 389
73 266
133 317
284 486
36 384
96 435
335 451
314 328
333 378
85 276
33 86
38 430
236 445
184 255
277 446
337 497
48 394
376 425
87 322
50 440
91 441
177 215
289 456
237 266
297 317
388 435
80 282
200 384
98 107
189 225
142 379
1 174
381 395
4 445
40 102
45 446
193 344
141 154
441 446
3 220
383 441
94 338
443 492
195 390
57 456
98 457
244 282
436 452
54 158
147 349
155 210
58 277
397 497
89 344
149 395
209 446
448 462
52 462
107 169
148 170
198 287
51 237
390 457
101 354
49 164
109 215
202 406
301 385
12 282
204 452
61 174
102 175
162 226
253 344
313 395
354 396
65 293
63 220
104 221
216 462
257 463
158 457
366 406
56 180
116 231
19 298
60 299
170 467
21 344
169 242
260 360
320 411
361 412
72 309
20 119
171 288
262 406
14 304
74 355
165 473
373 422
123 247
164 248
315 417
375 468
34 175
125 293
218 484
226 345
317 463
129 412
27 135
32 479
25 62
118 253
238 355
269 422
217 232
329 473
141 422
172 489
180 350
83 417
231 315
229 242
382 484
132 309
233 361
35 376
95 427
136 428
134 355
37 422
73 79
92 129
138 474
185 320
224 248
284 299
377 490
148 438
127 315
187 366
247 417
30 382
85 89
90 433
236 258
48 207
139 325
87 135
92 479
240 377
331 495
50 253
143 444
430 474
201 422
13 371
104 489
145 490
291 315
351 366
43 213
142 192
6 331
97 449
45 259
105 310
196 428
3 33
8 377
435 444
94 151
99 495
195 203
286 321
346 372
57 269
98 270
249 439
309 490
59 315
147 162
207 213
298 331
251 485
110 280
58 90
89 157
108 207
149 208
209 259
302 450
11 274
52 275
401 429
112 326
304 496
15 393
202 219
413 439
12 95
17 439
256 455
204 265
355 434
107 332
5 55
10 399
156 224
257 276
276 326
307 393
119 342
67 152
210 460
158 270
22 409
420 455
19 111
24 455
79 162
211 281
271 332
362 450
21 157
174 399
72 122
77 466
176 445
264 292
314 409
415 461
14 117
126 358
74 168
68 353
128 404
188 455
70 399
218 297
28 173
88 224
181 415
220 343
32 292
82 409
123 410
183 461
81 184
141 235
273 354
364 472
42 229
83 230
135 420
234 399
46 348
137 466
285 364
95 240
136 241
134 168
39 308
190 477
0 353
127 128
338 348
150 297
342 467
53 364
92 292
143 257
13 184
333 354
104 302
145 303
197 493
296 472
48 370
139 488
194 195
6 144
4 71
9 415
97 262
157 313
248 431
349 483
99 308
159 359
250 477
2 375
57 82
62 426
189 201
249 252
340 370
400 421
111 318
152 319
303 488
251 298
55 386
154 365
11 87
16 431
57 432
112 139
203 257
263 308
304 309
356 499
15 206
455 478
226 426
205 303
69 442
17 252
129 493
108 370
256 268
316 319
407 437
11 437
467 488
66 144
219 386
217 313
258 314
318 365
29 262
122 453
409 483
161 381
23 447
64 448
119 155
124 499
210 273
402 443
173 391
214 392
272 370
76 458
323 335
18 453
73 160
114 161
174 212
265 330
325 381
77 279
75 206
168 397
176 258
267 376
30 463
38 324
79 325
126 171
128 217
188 268
31 284
182 453
223 454
33 330
184 499
373 398
32 105
274 392
177 459
135 233
327 403
98 351
46 161
189 469
137 279
1 418
288 448
100 397
339 413
89 238
341 459
0 166
192 336
51 131
54 402
95 403
155 454
394 470
245 347
295 464
336 465
107 413
51 481
44 64
49 408
109 459
197 306
348 475
48 183
158 351
61 418
9 228
162 470
201 398
60 193
13 347
63 464
99 121
151 311
211 362
252 363
153 357
213 408
254 409
56 424
116 475
157 476
243 250
14 198
55 199
113 177
206 368
169 486
208 414
15 19
166 188
226 239
17 65
449 476
160 373
108 183
220 424
261 425
32 373
123 491
164 492
310 317
29 75
122 266
461 486
120 193
161 194
221 245
312 363
23 260
64 261
372 414
124 312
275 481
22 35
27 379
118 497
173 204
217 476
76 271
24 81
328 492
18 266
367 420
138 368
229 486
41 435
77 92
168 210
228 261
319 379
30 276
420 431
131 328
79 138
222 446
170 256
282 497
323 498
92 373
133 374
224 492
432 441
31 97
36 441
182 266
223 267
242 317
283 318
333 435
374 436
434 487
33 143
48 451
386 446
427 447
86 154
297 374
388 492
80 339
200 441
43 457
98 164
189 282
142 436
290 334
1 231
100 210
193 401
191 328
251 379
292 380
3 277
383 498
94 395
154 446
93 170
54 215
95 216
147 406
155 267
207 457
205 384
246 385
108 451
149 452
47 175
107 226
148 227
198 344
146 154
258 395
299 396
10 293
51 294
101 411
161 462
109 272
301 442
12 339
311 406
162 283
253 401
313 452
354 453
65 350
13 160
63 277
156 468
255 447
114 242
67 396
213 221
56 237
116 288
176 339
308 458
79 406
16 57
21 401
260 417
208 227
320 468
361 469
72 366
20 176
359 396
70 293
111 294
262 463
14 361
373 479
32 186
352 356
123 304
71 114
26 371
34 232
414 453
125 350
226 402
23 73
28 417
88 468
426 463
238 412
269 479
81 428
180 407
419 423
18 79
42 473
83 474
231 372
229 299
41 248
132 366
192 417
233 418
30 89
35 433
131 141
134 412
222 259
282 310
342 361
37 479
474 480
92 186
133 187
224 305
284 356
36 254
148 495
127 372
187 423
247 474
30 439
486 490
85 146
186 198
337 367
48 264
428 485
87 192
240 434
201 479
242 480
289 326
140 203
200 254
291 372
351 423
43 270
392 424
194 439
142 249
1 44
6 388
4 315
45 316
105 367
193 214
243 331
196 485
344 383
195 260
286 378
305 428
346 429
98 327
189 445
59 372
147 219
298 388
339 389
358 439
399 440
17 146
58 147
149 265
209 316
300 434
11 331
52 332
401 486
112 383
411 450
15 450
51 107
202 276
293 394
353 445
64 342
17 496
163 321
214 286
167 440
406 456
65 163
156 281
216 332
276 383
307 450
255 260
119 399
67 209
158 327
22 466
267 270
19 168
79 219
170 337
211 338
271 389
73 404
21 214
114 405
72 179
70 106
75 450
223 348
262 276
322 327
14 174
126 415
225 394
68 410
128 461
274 286
34 45
177 353
125 163
278 405
317 333
80 420
28 230
181 472
179 399
280 451
32 349
269 292
329 343
389 394
81 241
141 292
232 410
42 286
83 287
135 477
234 456
41 61
46 405
35 246
95 297
227 416
39 365
37 292
336 359
0 410
36 67
148 308
96 118
127 185
338 405
90 303
150 354
48 77
139 195
92 349
240 247
331 365
391 416
143 314
294 483
242 293
13 241
333 411
44 308
393 462
104 359
145 360
236 478
2 82
48 427
103 134
194 252
6 201
386 422
97 319
446 473
248 488
196 298
289 489
55 93
99 365
398 432
2 432
98 140
117 190
208 308
249 309
1 207
340 427
59 185
243 494
55 443
110 150
113 421
302 320
352 437
16 488
52 145
164 386
112 196
263 365
15 263
166 432
226 483
205 360
64 155
17 309
69 499
256 325
407 494
11 494
66 201
219 443
167 253
217 370
258 371
221 489
119 212
210 330
61 207
173 448
121 258
272 427
21 27
114 218
174 269
224 386
265 387
176 315
33 37
38 381
126 228
277 397
68 223
128 274
188 325
279 443
320 444
31 341
380 495
91 392
130 320
80 233
28 43
181 285
332 454
371 382
142 330
183 331
274 449
45 397
86 398
383 392
83 100
195 341
286 459
234 269
327 460
98 408
46 218
137 336
35 59
339 470
39 178
42 449
190 347
281 465
93 414
51 188
49 115
54 459
95 460
150 167
241 285
53 234
433 455
144 352
92 162
245 404
47 419
102 126
107 470
148 471
146 398
5 193
13 54
49 465
104 172
197 363
257 414
255 341
296 342
7 239
48 240
67 290
158 408
199 409
61 475
9 285
97 132
308 352
349 353
8 60
440 471
151 368
211 419
159 229
252 420
250 347
2 245
114 486
62 296
153 414
361 363
452 481
56 481
111 188
264 430
212 240
14 255
206 425
305 404
356 369
20 420
106 194
166 245
226 296
317 414
358 415
69 312
17 122
129 363
418 466
160 430
261 482
71 358
219 256
310 374
411 426
34 476
120 250
221 302
23 317
372 471
83 368
215 487
22 92
25 363
173 261
214 262
425 482
24 138
115 256
227 497
175 307
39 446
326 476
18 323
78 374
377 441
41 492
77 149
228 318
30 333
379 487
38 194
131 385
133 431
432 498
31 154
91 205
130 133
242 374
283 375
333 492
145 441
186 442
142 143
235 334
237 380
297 431
80 396
140 447
200 498
137 149
290 391
288 318
40 216
100 267
193 458
191 385
251 436
292 437
3 334
52 226
492 498
244 396
192 206
304 447
54 272
95 273
147 463
155 324
17 390
58 391
204 216
295 334
47 232
107 283
148 284
198 401
146 211
258 452
5 6
51 351
199 222
311 463
350 391
61 288
9 98
102 289
162 340
60 63
63 334
211 232
67 453
306 469
56 294
405 448
116 345
14 68
19 412
206 238
357 407
417 458
16 114
21 458
169 356
117 166
72 423
20 233
111 351
130 401
171 402
410 418
14 418
33 468
69 125
74 469
129 176
220 294
261 295
321 346
32 243
352 413
371 463
412 464
123 361
71 171
164 362
86 479
34 289
122 136
125 407
364 423
424 474
28 474
465 475
215 300
275 351
27 249
25 176
178 418
81 485
268 311
419 480
18 136
78 187
138 238
231 429
229 356
330 408
41 305
30 146
131 198
134 469
185 434
224 362
96 362
127 429
187 480
335 378
30 496
145 254
186 255
236 372
277 373
337 424
87 249
240 491
289 383
80 209
99 259
140 260
200 311
351 480
392 481
103 378
142 306
6 445
4 372
45 373
152 270
105 424
191 198
55 337
94 265
305 485
346 486
57 383
98 384
117 434
54 85
59 429
147 276
205 254
246 255
298 445
358 496
399 497
17 203
58 204
110 394
397 424
108 321
149 322
300 491
11 388
198 214
258 265
10 163
101 281
49 91
161 332
293 451
64 399
12 209
163 378
61 101
214 343
167 497
253 271
313 322
5 169
65 220
404 440
464 491
63 147
156 338
216 389
255 317
18 404
119 456
67 266
158 384
56 107
116 158
176 209
267 327
308 328
19 225
79 276
211 395
271 446
73 461
21 271
114 462
320 338
70 163
130 214
223 405
264 406
262 333
322 384
33 281
74 282
165 400
32 56
68 467
123 174
183 225
274 343
26 241
86 292
34 102
177 410
125 220
80 477
28 287
88 338
327 354
118 180
178 231
238 282
269 349
329 400
389 451
141 349
232 467
180 277
42 343
231 242
46 462
132 236
192 287
233 288
285 478
324 406
35 303
384 457
95 354
136 355
134 282
39 422
37 349
185 247
245 298
336 416
377 417
36 124
148 365
127 242
146 292
239 483
247 344
51 432
338 462
49 359
90 360
53 478
139 252
92 406
240 304
331 422
391 473
102 370
50 180
143 371
201 349
242 350
5 437
13 298
44 365
104 416
252 314
7 483
43 140
103 191
254 360
345 478
97 376
105 237
196 355
8 304
398 489
117 247
249 366
20 314
59 242
152 433
212 484
14 499
110 207
108 134
113 478
300 304
11 201
164 443
112 253
15 320
106 438
205 417
64 212
12 22
108 484
316 433
118 448
66 258
167 310
217 427
258 428
318 479
120 494
161 495
307 320
367 371
67 79
210 387
270 438
311 439
22 336
121 315
272 484
19 38
24 382
79 89
84 433
170 207
230 258
323 449
362 377
73 274
133 325
265 444
325 495
36 392
77 393
75 320
314 336
38 438
74 95
126 285
165 213
277 454
225 264
68 280
128 331
188 382
26 54
31 398
91 449
130 377
218 224
369 393
80 290
28 100
33 444
429 444
489 495
179 269
280 321
371 439
142 387
45 454
86 455
172 229
292 331
424 450
42 156
135 347
195 398
234 326
46 275
137 393
285 291
436 460
40 460
227 286
287 337
347 388
39 235
378 455
37 162
149 403
0 280
93 471
148 178
192 450
51 245
390 465
431 466
49 172
202 414
301 393
342 394
53 291
144 409
204 460
245 461
102 183
146 455
294 353
5 250
104 229
257 471
255 398
296 399
7 296
67 347
158 465
199 466
6 71
9 342
248 358
349 410
60 307
99 235
211 476
159 286
252 477
2 302
153 471
361 420
20 127
111 245
152 246
264 487
212 297
243 364
303 415
55 313
305 461
16 358
117 410
356 426
20 477
166 302
226 353
317 471
358 472
69 369
17 179
32 487
118 261
66 71
219 313
310 431
411 483
29 189
122 380
221 359
312 477
23 374
83 425
27 493
25 420
173 318
324 487
24 195
136 436
84 246
115 313
18 380
133 138
377 498
36 205
416 426
127 323
75 133
168 324
319 493
38 251
131 442
230 421
92 487
133 488
188 195
279 313
31 211
91 262
182 380
130 190
242 431
283 432
80 103
33 257
85 447
145 498
184 426
423 442
87 493
235 391
183 201
274 319
334 370
45 267
86 268
196 436
237 437
297 488
80 453
286 329
327 330
346 380
98 278
46 88
478 499
189 396
137 206
249 447
290 448
40 273
100 324
191 442
251 493
292 494
339 340
3 391
149 216
190 217
281 335
52 283
0 93
401 437
54 329
155 381
205 498
293 345
394 397
17 447
53 104
355 442
47 289
396 443
107 340
198 458
146 268
5 63
10 407
49 335
109 386
257 284
408 453
7 109
67 160
350 448
61 345
102 346
60 120
63 391
151 238
211 289
403 459
114 356
62 166
153 284
176 453
19 469
55 126
206 295
357 464
68 361
16 171
72 480
20 290
70 407
130 458
171 459
218 305
410 475
220 351
280 402
321 403
123 418
71 228
183 469
122 193
125 464
364 480
23 187
215 357
27 306
25 233
118 424
178 475
76 198
136 249
227 367
175 177
328 419
39 316
326 346
231 486
330 465
127 136
132 480
30 203
38 64
282 424
230 234
342 475
284 470
36 368
127 486
182 193
335 435
333 362
393 413
85 260
33 70
145 311
186 312
236 429
184 239
296 480
337 481
139 496
87 306
45 80
50 424
105 131
289 440
349 491
8 198
99 316
200 368
291 486
2 383
43 384
249 260
340 378
4 429
40 86
100 137
105 481
191 255
251 306
344 497
3 204
154 373
57 440
93 97
117 491
455 486
54 142
59 486
207 384
246 312
110 451
397 481
108 378
209 430
11 445
112 497
167 204
198 271
299 323
10 220
390 441
450 492
49 148
161 389
109 199
202 390
64 456
12 266
163 435
311 333
402 451
61 158
214 400
253 328
313 379
24 276
65 277
115 394
63 204
276 497
18 461
67 323
366 390
77 287
56 164
168 405
176 266
308 385
19 282
368 436
79 333
170 451
21 328
169 226
260 344
361 396
72 293
130 271
223 462
262 390
322 441
74 339
183 282
274 400
315 401
375 452
86 349
177 467
125 277
28 344
327 411
27 119
178 288
141 406
172 473
39 129
37 56
231 299
382 468
41 175
132 293
192 344
233 345
95 411
39 479
37 406
92 113
185 304
245 355
377 474
36 181
148 422
96 232
187 350
247 401
51 489
49 416
236 242
87 119
331 479
50 237
201 406
5 494
8 11
104 473
291 299
2 196
43 197
442 468
6 315
97 433
157 484
105 294
196 412
55 207
8 361
94 135
99 479
305 355
57 253
249 423
309 474
111 489
152 490
298 315
358 366
58 74
449 484
108 191
149 192
261 433
209 243
302 434
300 361
11 258
52 259
71 309
263 479
15 377
106 495
161 202
293 321
353 372
64 269
12 79
413 423
215 438
256 439
355 418
365 382
24 89
65 90
115 207
268 449
216 259
276 310
307 377
18 274
367 428
408 429
119 326
210 444
270 495
77 100
121 372
360 388
19 95
79 146
170 264
230 315
271 316
362 434
21 141
174 383
36 449
77 450
75 377
223 275
283 326
314 393
415 445
33 151
186 393
165 270
225 321
376 490
128 388
188 439
427 455
26 111
86 162
177 280
130 434
218 281
88 208
280 378
82 393
183 445
381 460
40 167
81 168
141 219
172 286
232 337
135 404
83 214
195 455
234 383
137 450
285 348
35 173
155 275
134 152
287 394
347 445
39 292
58 342
37 219
148 235
299 404
51 302
49 229
90 230
202 471
102 240
294 410
13 168
296 456
7 353
345 348
4 55
97 246
157 297
105 107
308 466
349 467
8 174
151 482
159 343
57 66
62 410
20 184
111 302
59 112
152 303
303 472
55 370
113 348
412 415
11 71
16 415
164 313
112 123
203 241
15 190
69 426
124 133
129 477
215 251
27 200
407 421
118 318
66 128
71 472
219 370
467 472
217 297
310 488
318 349
120 364
180 415
221 416
18 87
119 139
124 483
210 257
330 359
22 206
421 477
25 477
136 493
175 421
18 437
474 488
78 488
174 196
265 314
325 365
36 262
127 380
75 190
228 432
38 308
277 324
469 494
128 201
31 268
380 422
91 319
182 437
283 489
80 160
33 314
181 212
184 483
82 206
142 257
183 258
334 427
45 324
105 375
196 493
135 217
286 386
346 437
98 335
46 145
1 402
288 432
40 330
191 499
339 397
399 448
3 448
58 155
89 222
149 273
341 443
343 489
202 284
155 438
293 402
394 454
53 161
204 330
295 448
107 397
5 120
44 48
49 392
109 443
197 290
257 341
255 268
348 459
67 217
259 387
102 403
5 470
60 177
151 295
62 223
174 464
153 341
111 115
264 357
74 233
165 351
113 161
266 403
68 418
16 228
169 470
218 362
69 239
160 357
220 408
280 459
321 460
32 357
118 131
71 285
123 475
29 59
34 403
122 250
120 177
180 228
221 229
312 347
23 244
83 295
124 296
27 363
25 290
233 239
324 357
76 255
24 65
136 306
175 234
268 425
39 373
326 403
37 300
78 301
138 352
229 470
127 193
168 194
228 245
319 363
379 414
90 311
38 121
131 312
222 430
282 481
230 291
92 357
133 358
240 255
31 81
143 322
91 132
242 301
283 302
335 492
333 419
393 470
184 296
43 91
386 430
446 481
45 137
105 188
196 306
289 497
297 358
8 255
200 425
43 441
98 148
1 215
340 435
381 436
4 486
40 143
441 487
193 385
251 363
55 451
94 379
52 153
57 497
93 154
244 323
304 374
106 389
147 390
207 441
155 251
58 318
108 435
149 436
47 159
107 210
167 261
198 328
299 380
10 277
202 447
163 492
311 390
61 215
121 266
162 267
214 457
253 385
24 333
63 261
156 452
174 277
153 154
265 395
366 447
77 344
56 221
168 462
116 272
19 339
79 390
68 231
16 41
21 385
169 283
72 350
130 328
262 447
322 498
33 395
74 396
220 221
373 463
32 170
371 390
123 288
71 98
183 339
274 457
315 458
26 355
86 406
172 180
23 57
28 401
83 108
88 452
215 227
327 468
27 176
426 447
118 294
137 344
178 345
238 396
81 412
227 237
39 186
378 406
37 113
42 457
78 114
138 165
281 473
93 422
132 350
192 401
233 402
30 73
95 468
222 243
282 294
342 345
433 463
37 463
92 170
245 412
148 479
96 289
146 406
187 407
247 458
49 473
85 130
90 474
236 299
296 350
337 351
48 248
428 469
139 366
87 176
199 417
50 294
201 463
289 310
349 361
8 68
13 412
99 186
140 187
252 428
291 356
351 407
43 254
103 305
153 422
6 372
56 489
4 299
97 490
105 351
196 469
55 264
94 192
305 412
57 310
106 202
147 203
207 254
298 372
358 423
17 130
58 131
261 490
209 300
302 491
112 367
10 90
15 434
312 428
353 429
64 326
12 136
163 305
256 496
406 440
65 147
63 74
156 265
216 316
276 367
307 434
119 383
19 152
24 496
170 321
230 372
271 373
362 491
73 388
21 198
133 439
174 440
72 163
70 90
130 141
223 332
283 383
33 208
126 399
186 450
165 327
184 377
225 378
26 168
86 219
125 147
130 491
218 338
237 388
80 404
28 214
181 456
280 435
82 450
137 157
290 399
81 225
480 496
172 343
232 394
292 445
42 270
234 440
41 45
46 389
192 214
285 405
343 383
35 230
95 281
155 332
246 450
287 451
58 399
89 466
37 276
336 343
148 292
96 102
146 219
239 410
338 389
90 287
150 338
241 456
48 61
53 405
199 230
391 400
143 298
13 225
44 292
2 66
7 410
43 67
67 461
103 118
153 235
56 302
4 112
9 456
157 354
405 456
446 457
248 472
60 421
8 231
206 246
159 400
398 416
21 466
57 123
458 467
117 174
208 292
20 241
359 461
400 462
111 359
59 169
212 411
74 477
113 405
261 303
321 354
352 421
412 472
16 472
453 473
71 179
263 349
15 247
166 416
69 483
124 190
215 308
256 309
407 478
217 354
29 303
122 494
268 319
221 473
23 488
119 196
270 365
330 416
22 263
121 242
233 483
272 411
76 499
24 309
84 360
115 427
134 477
175 478
222 324
133 252
224 370
265 371
325 422
36 319
77 320
127 437
75 247
168 438
187 488
38 365
126 212
186 263
184 190
277 381
87 257
128 258
240 499
188 309
279 427
91 376
182 494
179 196
332 438
43 335
392 489
82 263
45 381
42 83
135 274
195 325
286 443
234 253
346 494
98 392
46 202
1 459
35 43
100 438
246 263
339 454
89 279
37 89
52 397
0 207
93 398
54 443
90 100
150 151
155 495
293 459
241 269
12 217
144 336
204 387
47 403
107 454
253 279
5 177
385 398
13 38
445 449
44 105
156 346
104 156
255 325
296 326
7 223
67 274
158 392
259 444
56 115
9 269
157 167
248 285
308 336
368 387
60 234
151 352
211 403
159 213
114 470
213 449
452 465
56 465
111 172
171 223
212 224
264 414
262 341
303 342
363 393
74 290
165 408
206 409
68 475
16 285
164 183
315 352
218 419
226 280
317 398
69 296
418 450
129 347
220 465
27 70
269 357
310 358
34 460
172 424
221 286
312 404
23 301
372 455
83 352
124 353
215 471
22 76
27 420
76 312
425 466
136 363
84 173
227 481
175 291
268 482
326 460
37 357
78 358
138 409
377 425
437 476
36 132
77 133
96 183
127 250
187 301
228 302
319 420
90 368
38 178
131 369
222 487
92 414
31 138
143 379
182 307
145 425
184 353
43 148
48 492
45 194
105 245
196 363
237 364
297 415
8 312
140 431
2 497
98 205
189 323
1 272
381 493
193 442
191 369
251 420
3 318
89 92
302 385
300 312
52 210
0 20
203 379
304 431
15 328
106 446
54 256
155 308
12 30
108 492
144 149
355 369
47 216
107 267
198 385
10 334
101 452
156 159
109 313
7 36
158 205
350 375
61 272
9 82
121 323
253 442
313 493
65 391
63 318
151 165
211 216
362 385
62 93
213 262
306 453
77 401
116 329
176 380
267 498
14 52
74 103
79 447
266 273
357 391
16 98
21 442
169 340
260 458
72 407
359 437
70 334
218 232
171 386
369 401
28 108
33 452
69 109
129 160
160 227
280 329
32 227
472 499
71 155
81 119
34 273
86 463
172 237
125 391
273 289
364 407
424 458
23 114
83 165
275 335
46 283
137 401
238 453
40 468
76 125
136 176
227 294
287 345
39 243
419 464
37 170
78 171
138 222
231 413
229 340
93 479
132 407
192 458
431 474
131 182
134 453
222 300
342 402
92 227
185 418
245 469
284 397
143 192
146 463
187 464
85 187
296 407
337 408
48 305
139 423
87 233
199 474
240 475
9 350
50 351
289 367
349 418
8 125
99 243
140 244
250 412
2 310
43 311
103 362
194 480
4 356
59 63
105 408
243 372
344 424
8 475
94 249
305 469
57 367
117 418
106 259
54 69
59 413
147 260
298 429
17 187
110 378
397 408
108 305
209 357
300 475
11 372
71 423
112 424
411 491
10 147
15 491
409 418
161 316
221 367
312 485
353 486
12 193
61 85
365 496
24 203
464 475
63 131
216 373
276 424
307 491
18 388
77 214
416 434
56 91
267 311
19 209
79 260
459 481
170 378
230 429
174 497
260 271
471 491
130 198
171 199
223 389
322 368
33 265
74 266
126 456
184 434
225 435
123 158
334 378
26 225
375 379
34 86
125 204
237 445
278 446
28 271
88 322
179 440
46 96
178 215
329 384
40 281
389 435
141 333
172 400
190 225
281 343
234 497
382 395
93 292
41 102
46 446
132 220
192 271
285 462
343 440
35 287
155 389
134 266
185 231
245 282
47 297
396 451
148 349
146 276
187 277
239 467
247 328
51 416
49 343
90 344
150 395
12 461
48 118
53 462
139 236
240 288
143 355
162 405
201 333
5 421
65 472
13 282
44 349
104 400
252 298
444 468
2 123
62 174
103 175
153 292
194 293
254 344
6 242
345 462
56 359
4 169
456 478
60 478
206 303
159 457
398 473
57 180
309 401
111 416
212 468
14 483
110 191
108 118
113 462
321 411
352 478
11 185
164 427
112 237
203 355
263 406
15 304
106 422
124 247
163 175
316 417
27 314
25 241
118 432
318 463
175 185
18 201
78 252
119 253
210 371
330 473
22 320
173 489
272 468
131 263
222 381
170 191
323 433
73 258
133 309
174 310
224 427
284 478
325 479
31 32
36 376
127 494
75 304
314 320
38 422
186 320
184 247
225 248
277 438
337 489
376 417
128 315
188 366
279 484
26 38
31 382
86 89
91 433
369 377
80 274
28 84
181 326
179 253
43 392
82 320
142 371
40 94
45 438
105 489
141 146
193 336
172 213
232 264
292 315
94 330
42 140
443 484
484 485
98 449
137 377
40 444
147 341
100 495
155 202
246 320
287 321
347 372
378 439
149 387
190 388
209 438
52 454
93 455
148 162
51 229
390 449
431 450
49 156
109 207
202 398
241 326
301 377
12 274
53 275
144 393
47 460
102 167
253 336
294 337
354 388
65 285
385 455
44 162
156 403
7 280
158 449
306 347
6 55
56 172
9 326
97 173
157 224
308 393
368 444
60 291
151 409
159 270
153 455
361 404
20 111
111 229
212 281
262 398
303 399
14 296
74 347
165 465
113 275
16 342
164 240
315 409
356 410
125 285
218 476
317 455
69 353
160 471
27 127
25 54
118 245
178 296
269 414
310 415
81 363
122 364
23 358
83 409
124 410
231 307
22 133
25 404
173 302
136 420
84 230
134 347
175 348
39 487
37 414
78 415
138 466
224 240
377 482
96 240
127 307
75 117
228 359
90 425
38 235
131 426
87 127
92 471
240 369
331 487
279 297
31 195
143 436
91 246
430 466
242 415
44 430
145 482
184 410
43 205
423 426
82 133
87 477
142 184
235 375
334 354
97 441
45 251
237 421
94 143
135 144
140 488
346 364
46 72
478 483
189 380
290 432
1 329
288 359
100 308
193 499
191 426
251 477
3 375
490 493
94 493
149 200
209 251
302 442
300 369
112 318
244 437
304 488
15 385
54 313
202 211
293 329
353 380
12 87
53 88
144 206
256 447
355 426
167 375
198 442
5 47
10 391
65 98
109 370
348 386
408 437
7 93
12 437
67 144
259 314
350 432
61 329
162 381
253 499
24 447
60 104
151 222
211 273
271 324
362 442
403 443
21 149
77 458
56 335
75 385
116 386
176 437
264 284
74 160
165 278
266 330
417 499
16 155
128 396
169 397
72 464
70 391
130 442
171 443
278 340
410 459
28 165
181 407
129 217
160 284
220 335
280 386
321 387
123 402
183 453
26 469
81 176
34 330
122 177
172 294
125 448
83 222
234 391
46 340
178 459
136 233
328 403
39 300
37 227
78 228
41 346
132 464
30 187
131 239
282 408
342 459
92 284
96 403
335 419
333 346
44 243
85 244
393 397
145 295
236 413
296 464
337 465
139 480
6 136
45 64
50 408
105 115
196 233
289 424
349 475
8 182
200 352
291 470
2 367
62 418
103 419
1 142
6 486
340 362
400 413
4 413
152 311
212 362
243 429
191 239
251 290
344 481
55 378
3 188
94 306
154 357
52 80
57 424
112 131
244 250
356 491
15 198
54 126
59 470
147 317
298 486
17 244
110 435
397 465
108 362
256 260
209 414
11 429
47 86
112 481
167 188
198 255
409 475
450 476
161 373
109 183
221 424
64 440
210 265
163 419
61 142
121 193
313 363
65 261
404 481
63 188
156 379
175 429
276 481
78 496
114 153
174 204
265 322
306 323
325 373
77 271
416 491
168 389
116 199
176 250
267 368
19 266
368 420
79 317
230 486
271 487
68 158
128 209
169 210
260 328
320 379
31 276
380 430
223 446
283 497
322 425
33 322
181 220
184 491
225 492
183 266
26 282
86 333
34 143
28 328
88 379
179 497
327 395
387 446
46 153
25 30
178 272
238 323
141 390
39 113
37 40
190 282
231 283
281 400
382 452
0 158
132 277
192 328
35 344
384 498
95 395
92 97
185 288
336 457
96 216
51 473
44 56
49 400
109 451
150 452
48 175
139 293
259 395
9 220
50 221
162 462
201 390
13 339
44 406
99 113
104 457
159 164
252 355
103 232
442 452
153 349
254 401
6 299
56 416
4 226
55 191
94 119
206 360
154 170
305 339
57 237
117 288
208 406
309 458
111 473
298 299
17 57
449 468
160 365
261 417
209 227
300 345
71 293
164 484
101 135
161 186
221 237
312 355
353 356
372 406
64 253
163 232
316 474
27 371
25 298
118 489
365 366
29 417
65 74
84 124
115 191
268 433
276 294
307 361
18 258
78 309
210 428
270 479
22 377
77 84
319 371
131 320
79 130
84 474
222 438
170 248
230 299
73 315
133 366
224 484
36 433
72 90
96 484
283 310
33 135
126 326
186 377
277 495
225 305
376 474
87 371
128 372
188 423
427 439
26 95
86 146
91 490
177 264
369 434
80 331
429 485
179 310
43 449
82 377
381 444
40 151
482 496
100 202
141 203
193 393
232 321
3 269
195 439
46 316
244 331
35 157
147 398
95 208
155 259
246 377
58 326
89 393
149 444
47 167
0 321
148 219
299 388
49 213
109 264
150 265
301 434
53 332
9 33
162 275
253 393
201 203
294 394
5 291
65 342
13 152
156 460
104 270
197 461
7 337
67 388
4 39
9 383
248 399
308 450
60 348
151 466
250 445
16 49
62 394
260 409
208 219
359 388
111 286
171 337
262 455
14 353
160 178
113 332
11 55
16 399
164 297
263 276
15 174
414 445
166 343
28 409
64 66
129 461
275 286
27 184
178 353
269 471
217 281
81 420
29 230
122 421
120 348
119 123
270 292
330 343
421 461
25 461
233 410
76 426
131 133
134 404
175 405
222 251
37 471
73 128
133 179
224 297
284 348
325 349
96 297
127 364
75 174
187 415
228 416
30 431
90 482
38 292
126 139
277 308
428 477
469 478
87 184
128 185
240 426
188 236
50 302
91 303
143 493
44 487
80 144
85 488
481 488
181 196
291 364
332 365
103 313
194 431
142 241
6 380
8 426
195 252
346 421
98 319
189 437
249 488
1 386
288 416
59 364
147 211
191 483
339 381
3 432
209 308
302 499
300 426
52 324
0 134
112 375
203 493
51 99
54 370
202 268
353 437
394 438
53 145
355 483
47 330
107 381
167 432
198 499
406 448
5 104
10 448
307 442
408 494
67 201
158 319
259 371
61 386
9 196
19 160
60 161
211 330
362 499
62 207
174 448
213 376
72 171
75 442
176 494
264 341
14 166
74 217
165 335
113 145
266 387
68 402
128 453
34 37
70 448
130 499
218 346
278 397
317 325
69 223
181 464
129 274
468 494
160 341
220 392
32 341
269 284
29 43
122 234
120 161
180 212
23 228
372 382
83 279
46 397
25 274
324 341
35 238
76 239
84 100
134 217
175 218
227 408
287 459
328 460
39 357
138 336
229 454
0 402
36 59
41 403
96 110
127 177
187 228
228 229
338 397
30 244
379 398
439 449
38 105
131 296
150 346
241 464
282 465
53 413
331 357
391 408
50 115
91 116
96 460
143 306
182 234
242 285
44 300
85 301
393 454
145 352
434 455
236 470
43 75
194 244
235 245
6 193
386 414
9 464
45 121
196 290
289 481
297 342
8 239
388 460
99 357
200 409
98 132
249 301
309 352
400 470
4 470
152 368
100 178
212 419
191 296
251 347
94 363
154 414
453 481
52 137
57 481
203 306
244 307
304 358
15 255
395 476
106 373
54 183
147 374
207 425
17 301
256 317
209 471
407 486
448 487
47 143
66 193
107 194
167 245
198 312
258 363
10 261
101 379
161 430
109 240
64 497
119 204
210 322
163 476
22 271
61 199
121 250
162 251
214 441
272 419
313 420
24 317
216 487
174 261
366 431
77 328
75 255
116 256
168 446
267 425
19 323
79 374
170 492
128 266
169 267
260 385
31 333
322 482
32 154
82 271
274 441
334 492
375 493
86 390
34 200
23 41
135 282
83 92
88 436
426 431
178 329
238 380
329 498
35 51
40 395
100 446
39 170
378 390
438 441
37 97
42 441
138 149
281 457
0 215
41 216
93 406
192 385
35 401
95 452
241 277
53 226
144 344
92 154
185 345
245 396
493 498
47 411
247 442
49 457
85 114
197 355
145 165
48 232
139 350
199 401
9 277
50 278
97 124
201 447
289 294
13 396
44 463
99 170
159 221
200 222
351 391
194 407
1 12
6 356
56 473
152 181
303 350
344 351
3 58
94 176
113 226
206 417
305 396
117 345
208 463
356 361
20 412
106 186
147 187
166 237
207 238
298 356
358 407
69 304
110 305
418 458
108 232
261 474
11 299
310 366
411 418
10 74
34 468
122 315
161 243
221 294
312 412
64 310
124 361
215 479
25 355
66 356
425 474
24 130
29 474
115 248
175 299
268 490
276 351
307 418
18 315
367 469
22 434
77 141
228 310
319 428
360 429
19 136
170 305
73 372
72 147
75 418
223 316
283 367
314 434
374 485
186 434
184 361
225 362
128 429
188 480
427 496
31 496
177 321
237 372
140 439
88 249
181 440
200 490
82 434
137 141
292 429
3 326
42 254
135 445
195 496
0 28
93 219
244 388
192 198
285 389
343 367
35 214
147 455
155 316
246 434
347 486
144 157
0 378
487 496
146 203
239 394
299 445
247 255
51 343
338 373
49 270
109 321
150 322
241 440
53 389
139 163
199 214
350 383
50 91
253 450
201 260
65 399
13 209
104 327
255 496
2 50
62 101
67 445
153 219
194 220
306 461
6 169
345 389
405 440
4 96
97 287
157 338
248 456
19 404
55 61
206 230
159 384
398 400
21 450
57 107
169 348
117 158
260 466
309 328
72 415
359 445
111 343
171 394
74 461
110 118
160 235
261 287
352 405
412 456
11 112
71 163
34 281
122 128
465 467
64 123
69 467
124 174
275 343
316 344
118 359
66 169
178 410
219 411
81 477
29 287
180 456
268 303
328 354
18 128
119 180
210 298
270 349
132 415
272 395
76 483
134 461
222 308
323 360
73 185
185 426
133 236
284 405
325 406
96 354
127 421
187 472
30 488
126 196
186 247
240 483
188 293
279 411
50 359
182 478
80 201
140 252
200 303
179 180
291 421
43 319
392 473
103 370
194 488
235 489
6 437
45 365
105 416
193 263
344 432
42 67
135 258
195 309
286 427
346 478
98 376
189 494
288 473
59 421
147 268
246 247
339 438
399 489
3 489
397 416
89 263
149 314
209 365
300 483
341 484
52 381
15 499
51 156
101 273
54 427
109 134
202 325
293 443
353 494
301 304
12 201
53 202
163 370
66 437
107 438
167 489
5 161
13 22
63 139
104 140
156 330
197 331
307 499
7 207
67 258
116 150
121 494
308 320
19 217
60 218
368 371
211 387
271 438
114 454
260 279
213 433
75 499
264 398
262 325
322 376
165 392
225 443
266 444
68 459
16 269
34 94
125 212
278 454
317 382
28 279
69 280
129 331
160 398
179 448
220 449
27 54
32 398
178 223
219 224
310 342
370 393
34 444
122 291
172 408
120 218
180 269
273 460
23 285
83 336
231 234
22 60
41 110
132 228
285 470
233 280
35 295
76 296
384 449
136 347
84 157
425 450
134 274
227 465
326 444
37 341
185 239
138 393
377 409
437 460
127 234
247 336
338 454
379 455
90 352
150 403
53 470
92 398
240 296
391 465
50 172
91 173
143 363
242 342
44 357
85 358
145 409
444 476
43 132
48 476
103 183
194 301
386 471
97 368
105 229
196 347
297 399
99 414
200 466
2 481
249 358
59 234
100 235
212 476
55 492
302 369
52 194
0 4
112 245
203 363
244 364
263 414
15 312
54 240
205 409
12 14
17 358
108 476
163 183
256 374
295 302
66 250
198 369
258 420
318 471
10 318
101 436
161 487
307 312
119 261
210 379
311 431
22 328
313 477
84 425
362 369
21 76
213 246
325 487
366 488
77 385
116 313
176 364
14 36
19 380
74 87
79 431
165 205
417 426
16 82
128 323
169 324
260 442
279 492
320 493
70 318
130 369
369 385
129 144
179 261
220 262
32 211
371 431
82 328
123 329
472 483
274 498
81 103
232 272
364 391
484 493
83 149
46 267
426 488
137 385
35 108
227 278
287 329
347 380
39 227
438 498
37 154
42 498
190 396
138 206
93 463
41 273
192 442
431 458
30 114
90 165
150 216
282 335
342 386
53 283
144 401
92 211
185 402
47 468
143 176
294 345
247 499
335 346
197 412
145 222
236 340
296 391
48 289
139 407
6 63
50 335
248 350
289 351
349 402
8 109
151 417
99 227
159 278
200 279
252 469
250 396
351 448
103 346
194 464
1 69
152 238
212 289
243 356
303 407
55 305
113 283
57 351
117 402
15 125
106 243
166 294
207 295
205 222
298 413
358 464
69 361
160 479
108 289
219 305
310 423
411 475
10 131
122 372
161 300
312 469
64 367
163 346
22 141
27 485
61 69
365 480
24 187
84 238
115 305
63 115
175 356
216 357
307 475
18 372
78 423
22 491
77 198
168 316
116 126
319 485
267 295
360 486
19 193
38 243
79 244
131 434
170 362
230 413
68 85
279 305
31 203
72 204
471 475
70 131
182 372
130 182
223 373
283 424
85 439
33 249
126 440
82 141
87 485
183 193
274 311
334 362
26 209
86 260
237 429
297 480
140 496
179 424
46 80
478 491
82 491
137 198
238 250
288 367
40 265
389 419
191 434
232 435
292 486
3 383
39 40
341 378
132 204
244 445
192 255
285 446
35 271
95 322
155 373
246 491
53 96
144 214
245 266
295 383
0 435
148 333
51 400
49 327
109 378
197 225
241 497
348 394
7 101
12 445
53 446
139 220
350 440
102 338
162 389
60 112
13 266
65 456
151 230
252 282
7 451
444 452
62 158
103 159
213 327
157 395
19 461
60 462
206 287
357 456
398 457
57 164
169 405
117 215
72 472
20 282
111 400
171 451
14 467
160 292
113 446
321 395
352 462
71 220
164 411
263 390
122 185
23 179
64 180
124 231
316 401
27 298
25 225
66 226
118 416
178 467
219 468
217 395
76 190
29 344
268 360
328 411
18 185
78 236
138 287
330 457
41 354
131 247
84 401
282 416
323 417
73 242
185 483
224 411
284 462
96 411
127 478
335 427
33 62
126 253
277 422
337 473
376 401
87 298
279 468
50 416
91 417
177 191
237 242
388 411
140 309
88 119
200 360
291 478
142 355
40 78
100 129
105 473
193 320
191 247
344 489
292 299
3 196
42 124
135 315
195 366
286 484
98 433
244 258
35 84
147 325
95 135
155 186
339 495
58 253
397 473
438 474
149 371
209 422
47 94
52 438
107 145
112 489
198 263
299 315
10 212
51 213
450 484
54 484
109 191
150 192
202 382
12 258
204 428
66 494
102 151
107 495
162 202
253 320
313 371
5 218
354 372
65 269
13 79
404 489
445 490
63 196
67 315
158 433
306 331
56 156
157 208
248 326
19 274
60 275
368 428
151 393
211 444
271 495
169 218
260 336
213 490
361 388
20 95
111 213
171 264
264 455
262 382
322 433
14 280
363 434
74 331
165 449
113 259
16 326
164 224
26 290
34 151
125 269
69 337
88 387
129 388
32 455
25 38
118 229
178 280
238 331
269 398
370 450
122 348
180 326
23 342
83 393
231 291
41 167
173 286
324 455
76 353
134 331
39 471
185 296
138 450
36 173
96 224
247 393
30 358
90 409
150 460
87 111
92 455
331 471
279 281
50 229
91 230
182 348
85 415
43 189
442 460
82 117
194 358
142 168
6 307
4 234
45 235
105 286
196 404
297 456
3 9
154 178
286 297
346 348
189 364
249 415
309 466
1 313
298 307
110 256
58 66
89 133
209 235
302 426
300 353
112 302
203 420
263 471
10 25
15 369
106 487
54 297
205 466
293 313
12 71
17 415
256 431
316 482
295 359
107 308
167 359
10 375
307 369
348 370
119 318
67 128
210 436
158 246
311 488
22 385
121 364
360 380
19 87
24 431
63 359
151 206
211 257
271 308
362 426
73 323
114 324
422 477
265 493
72 98
75 369
116 370
415 437
14 93
19 437
38 487
74 144
79 488
126 334
165 262
225 313
266 314
417 483
26 103
72 448
91 498
130 426
278 324
369 442
429 493
470 494
88 200
129 201
181 391
179 318
220 319
280 370
371 488
123 386
26 453
81 160
141 211
273 330
23 155
135 396
83 206
234 375
46 324
285 340
238 494
76 166
134 144
287 386
190 453
138 263
229 381
0 329
41 330
132 448
192 499
30 171
90 222
282 392
342 443
144 458
143 233
201 211
294 402
335 403
44 227
104 278
145 279
296 448
7 345
139 464
4 47
97 238
157 289
196 217
289 408
349 459
60 356
8 166
151 474
99 284
200 336
2 351
340 346
4 397
152 295
212 346
243 413
303 464
55 362
113 340
154 341
16 407
57 408
112 115
203 233
263 284
356 475
15 182
395 403
106 300
54 110
166 351
205 279
69 418
110 419
407 413
107 121
219 362
198 239
310 480
318 341
122 429
101 306
161 357
221 408
23 423
64 424
119 131
124 475
210 249
163 403
462 470
61 126
121 177
214 368
272 346
313 347
84 295
18 429
78 480
114 137
119 481
174 188
265 306
416 475
168 373
228 424
176 234
38 300
230 470
68 142
73 486
188 244
320 363
31 260
380 414
70 188
182 429
130 239
85 496
33 306
181 204
184 475
32 81
423 491
82 198
123 199
235 440
274 368
334 419
26 266
177 435
237 486
135 209
88 363
179 481
387 430
46 137
290 497
288 424
40 322
389 476
100 373
141 374
232 492
3 440
39 97
89 214
42 368
341 435
382 436
93 333
41 143
192 312
54 378
58 497
204 322
336 441
148 390
146 317
247 369
51 457
49 384
197 282
257 333
348 451
139 277
199 328
350 497
9 204
102 395
201 374
5 462
60 169
151 287
104 441
252 339
250 266
2 164
213 384
254 385
56 400
116 451
157 452
55 175
113 153
266 395
305 323
16 220
57 221
169 462
208 390
20 339
70 456
106 113
111 457
69 231
110 232
449 452
160 349
321 452
123 467
71 277
164 468
263 447
29 51
122 242
461 462
161 170
312 339
23 236
64 237
372 390
215 406
316 458
27 355
25 282
173 180
217 452
76 247
24 57
29 401
84 108
328 468
326 395
18 242
367 396
78 293
138 344
229 462
270 463
41 411
168 186
379 406
131 304
170 232
282 473
230 283
323 474
133 350
31 73
182 242
223 243
335 484
314 361
85 309
33 119
38 463
126 310
186 361
184 288
277 479
235 253
50 473
237 299
297 350
388 468
80 315
429 469
140 366
88 176
200 417
179 294
103 484
189 258
142 412
290 310
441 479
40 135
45 479
141 187
191 304
232 305
251 355
383 474
94 371
42 181
154 422
195 423
57 489
93 146
285 316
395 484
436 485
54 191
147 382
207 433
155 243
246 361
347 413
58 310
89 377
149 428
209 479
52 495
107 202
198 320
239 321
299 372
10 269
390 490
49 197
202 439
12 315
163 484
102 208
162 259
253 377
5 275
354 429
65 326
13 136
63 253
257 496
255 423
7 321
67 372
158 490
306 388
366 439
56 213
4 23
116 264
157 265
308 434
19 331
60 332
151 450
16 33
21 377
169 275
260 393
361 445
72 342
359 372
322 490
14 337
363 491
74 388
160 162
123 280
71 90
164 281
26 347
34 208
125 326
226 378
317 496
23 49
28 393
88 444
129 445
215 219
27 168
426 439
25 95
118 286
178 337
238 388
217 265
81 404
29 214
120 332
18 55
23 399
78 106
83 450
231 348
41 224
421 445
173 343
233 394
35 409
76 410
136 461
134 388
222 235
37 455
73 112
185 353
224 281
284 332
36 230
247 450
30 415
85 122
90 466
236 291
277 292
337 343
428 461
87 168
188 220
279 338
50 286
91 287
289 302
242 456
140 179
332 349
351 399
392 400
103 297
194 415
142 225
235 416
1 20
6 364
97 482
45 292
105 343
3 66
8 410
435 477
94 184
154 235
195 236
286 354
346 405
98 303
189 421
1 370
59 348
147 195
298 364
339 365
58 123
89 190
149 241
209 292
302 483
52 308
401 462
112 359
203 477
10 82
15 426
51 83
54 354
353 421
413 472
12 128
17 472
163 297
295 416
355 467
66 364
107 365
198 483
65 139
63 66
156 257
307 426
348 427
119 375
67 185
210 493
158 303
22 442
61 370
121 421
360 437
19 144
24 488
60 145
79 195
211 314
114 381
174 432
77 499
264 325
314 442
415 494
14 150
165 319
225 370
68 386
128 437
188 488
125 139
130 483
278 381
129 258
468 478
179 375
220 376
280 427
123 443
183 494
141 268
172 335
120 145
273 387
135 453
83 263
234 432
46 381
132 155
285 397
324 325
35 222
76 223
475 494
227 392
347 494
39 341
326 371
89 458
37 268
138 320
229 438
36 43
41 387
127 161
239 402
187 212
247 263
379 382
90 279
150 330
241 448
282 449
301 499
48 53
92 325
331 341
391 392
91 100
201 268
242 269
294 459
333 387
393 438
104 335
145 336
43 59
48 403
103 110
386 398
4 104
45 105
97 295
446 449
248 464
196 274
60 413
8 223
99 341
398 408
2 408
189 234
249 285
309 336
340 403
400 454
152 352
212 403
113 397
453 465
52 121
57 465
203 290
304 342
15 239
395 460
54 167
166 408
69 475
17 285
110 476
108 403
256 301
407 470
11 470
448 471
107 178
167 229
10 245
29 295
122 486
221 465
64 481
119 188
210 306
270 357
311 358
402 476
173 424
121 234
272 403
76 491
24 301
84 352
115 419
323 368
18 486
73 193
114 194
174 245
325 414
77 312
228 481
267 409
38 357
79 358
170 476
68 199
188 301
279 419
320 420
31 317
380 471
70 245
182 486
223 487
33 363
181 261
332 430
32 138
82 255
123 256
183 307
334 476
23 25
135 266
286 435
234 245
327 436
387 487
137 312
238 364
1 451
288 481
329 482
141 431
339 446
42 425
190 323
281 441
341 492
382 493
0 199
93 390
192 369
51 164
30 41
95 436
155 487
241 261
301 312
53 210
92 138
245 380
295 497
107 446
148 447
146 374
385 390
13 30
109 492
145 149
257 390
236 267
296 318
7 215
48 216
199 385
259 436
9 261
248 277
201 431
8 36
151 344
99 154
104 498
159 205
351 375
62 272
254 442
56 457
111 164
152 165
243 283
303 334
55 232
154 211
266 452
164 175
117 329
208 447
106 170
166 221
207 222
226 272
317 390
69 288
17 98
129 339
160 406
11 283
219 232
310 350
370 401
34 452
120 226
161 227
312 396
372 447
124 345
22 68
173 237
365 407
76 304
24 114
84 165
115 232
268 474
276 335
326 452
18 299
367 453
228 294
319 412
379 463
131 361
79 171
222 479
230 340
73 356
133 407
432 474
36 474
91 181
223 300
283 351
314 418
374 469
85 366
33 176
186 418
48 484
235 310
188 464
386 479
427 480
86 187
237 356
297 407
80 372
140 423
200 474
98 197
189 315
142 469
290 367
1 264
288 294
381 485
40 192
100 243
141 244
193 434
191 361
251 412
292 413
3 310
195 480
0 12
244 372
304 423
343 351
54 248
95 249
147 439
155 300
246 418
89 434
149 485
295 310
47 208
107 259
198 377
146 187
51 327
101 444
49 254
109 305
12 372
158 197
350 367
9 74
102 265
162 316
253 434
313 485
13 193
63 310
104 311
151 157
255 480
2 34
67 429
306 445
254 255
366 496
157 322
308 491
19 388
60 389
79 439
206 214
417 434
21 434
169 332
117 142
359 429
70 326
111 327
171 378
69 101
74 445
129 152
220 270
321 322
32 219
11 96
123 337
71 147
164 338
472 491
125 383
23 106
28 450
64 107
215 276
275 327
426 496
118 343
467 497
178 394
238 445
217 322
76 117
81 461
180 440
328 338
419 456
18 112
23 456
78 163
231 405
270 333
330 384
41 281
173 400
233 451
30 122
35 466
76 467
131 174
134 445
222 292
282 343
73 169
92 219
224 338
96 338
85 179
126 180
145 230
186 231
236 348
277 349
139 415
87 225
240 467
188 277
50 343
13 461
80 185
140 236
200 287
351 456
43 303
392 457
103 354
194 472
1 77
4 348
193 247
344 416
8 467
42 51
154 292
195 293
346 462
57 359
98 360
189 478
54 61
59 405
207 303
298 421
399 473
110 370
58 180
397 400
89 247
108 297
149 298
209 349
300 467
52 365
10 139
15 483
51 140
49 67
54 411
64 375
12 185
163 354
66 421
107 422
214 319
167 473
5 145
65 196
404 416
464 467
63 123
307 483
255 293
119 432
67 242
22 499
61 427
116 134
176 185
267 303
79 252
170 370
271 422
21 247
114 438
174 489
72 212
20 22
70 139
171 191
264 382
314 499
262 309
322 360
14 207
126 448
165 376
225 427
68 443
34 78
70 489
125 196
218 387
278 438
226 248
317 366
129 315
280 484
27 38
32 382
118 156
238 258
269 325
329 376
370 377
81 274
29 84
461 495
172 392
120 202
232 443
180 253
42 319
234 489
41 94
46 438
132 212
173 213
285 454
233 264
35 279
384 433
136 331
134 258
185 223
336 392
377 393
0 443
36 100
148 341
437 444
239 459
247 320
51 408
30 285
439 490
150 387
53 454
92 382
391 449
50 156
13 274
44 341
393 495
104 392
145 393
444 460
48 460
194 285
254 336
6 234
386 455
97 352
45 162
157 403
196 331
8 280
159 449
398 465
57 172
98 173
189 291
249 342
1 240
340 460
111 408
152 409
212 460
14 475
55 476
110 183
108 110
113 454
154 455
261 352
302 353
11 177
52 178
164 419
112 229
263 398
166 465
207 466
316 409
258 404
29 352
161 471
119 245
158 173
270 414
311 415
22 312
121 291
214 482
272 460
84 409
115 476
170 183
73 250
174 302
265 420
77 369
75 296
79 415
165 189
225 240
68 256
320 477
26 30
80 266
28 76
33 420
88 127
181 318
179 245
220 246
332 487
373 488
32 195
371 415
82 312
142 363
183 364
274 482
81 87
172 205
232 256
292 307
83 133
234 302
98 441
137 369
35 92
40 436
95 143
136 144
227 262
347 364
378 431
89 328
37 138
42 482
190 380
438 482
0 256
93 447
239 272
192 426
51 221
431 442
54 492
95 493
491 493
150 200
301 369
342 370
53 267
433 488
245 437
47 452
146 431
294 329
354 380
385 447
13 87
44 154
49 498
104 205
145 206
486 499
236 324
255 374
7 272
48 273
139 391
158 441
199 442
259 493
6 47
97 165
201 488
289 335
8 93
13 437
99 211
252 453
250 380
351 432
62 329
213 498
254 499
1 53
20 103
152 222
264 463
212 273
243 340
303 391
363 442
55 289
113 267
206 458
305 437
356 402
20 453
106 227
226 329
205 206
358 448
69 345
418 499
108 273
32 463
11 340
71 391
219 289
370 458
411 459
29 165
122 356
120 283
161 284
221 335
23 350
64 351
22 125
27 469
25 396
272 273
24 171
175 340
276 392
18 356
138 458
224 232
77 182
75 109
319 469
267 279
30 366
38 227
79 228
170 346
230 397
68 69
31 187
91 238
430 458
182 356
130 166
242 407
85 423
33 233
145 474
186 475
184 402
82 125
87 469
142 176
235 367
274 295
177 362
297 464
80 429
135 136
46 64
189 372
1 321
40 249
389 403
193 491
251 469
292 470
89 141
42 295
94 485
190 193
281 311
0 69
93 260
192 239
343 408
54 305
155 357
53 80
89 491
144 198
204 249
245 250
295 367
336 368
47 265
396 419
107 316
198 434
146 244
239 435
258 485
299 486
10 383
49 311
109 362
257 260
348 378
48 86
67 136
158 254
259 306
9 131
102 322
451 476
253 491
5 389
60 96
13 250
151 214
211 265
114 332
67 486
153 260
405 481
116 378
176 429
264 276
14 101
19 445
55 102
206 271
357 440
417 491
16 147
21 491
169 389
117 199
208 317
72 456
20 266
359 486
111 384
171 435
410 451
14 451
129 209
160 276
220 327
261 328
32 276
412 497
11 153
123 394
71 204
34 322
122 169
273 338
64 164
124 215
215 333
178 451
217 379
76 174
180 497
268 344
328 395
18 169
78 220
229 389
330 441
41 338
30 179
38 40
282 400
342 451
92 276
133 277
185 467
224 395
36 344
96 395
127 462
335 411
333 338
85 236
186 288
337 457
139 472
388 395
80 242
140 293
200 344
291 462
43 360
142 339
1 134
6 478
4 405
40 62
45 406
105 457
243 421
191 231
251 282
344 473
3 180
94 298
42 108
443 452
195 350
286 468
52 72
57 416
395 411
95 119
207 360
298 478
246 288
339 479
17 236
108 354
209 406
11 421
47 78
107 129
167 180
198 247
258 298
10 196
51 197
450 468
49 124
161 365
202 366
64 432
163 411
402 427
61 134
102 135
214 376
253 304
313 355
5 202
404 473
156 371
216 422
114 145
67 299
306 315
457 484
56 140
116 191
176 242
267 360
308 361
368 412
79 309
211 428
21 304
169 202
260 320
320 371
72 269
20 79
452 490
223 438
262 366
322 417
74 315
165 433
225 484
32 89
123 207
164 208
274 376
26 274
375 428
34 135
317 423
28 320
88 371
327 387
27 95
32 439
118 213
180 310
83 377
231 275
382 444
41 151
132 269
192 320
324 439
384 490
95 387
136 388
134 315
377 450
36 157
148 398
187 326
247 377
338 495
30 342
90 393
150 444
139 285
87 95
240 337
331 455
143 404
430 434
242 383
13 331
99 105
104 449
145 450
2 172
103 224
194 342
142 152
4 218
45 219
97 409
105 270
196 388
8 337
99 455
57 229
98 230
117 280
208 398
249 399
309 450
20 347
111 465
59 275
152 466
110 240
449 460
108 167
149 168
261 409
209 219
300 337
11 234
112 286
203 404
263 455
15 353
161 178
64 245
17 399
163 224
256 415
316 466
355 394
167 343
217 460
65 66
156 184
216 235
119 302
67 112
158 230
270 471
61 297
121 348
360 364
19 71
79 122
84 466
271 292
362 410
21 117
114 308
224 476
265 477
36 425
77 426
75 353
223 251
176 405
314 369
415 421
33 127
38 471
74 128
79 472
277 487
68 313
417 467
128 364
427 431
26 87
31 431
86 138
91 482
369 426
80 323
33 477
429 477
88 184
181 375
470 478
179 302
82 369
183 421
45 487
81 144
141 195
172 262
232 313
292 364
383 482
424 483
42 189
83 190
135 380
195 431
234 359
46 308
137 426
285 324
436 493
35 149
40 493
95 200
477 494
227 319
287 370
347 421
39 268
378 488
0 313
239 329
431 499
90 206
241 375
301 426
342 427
144 442
204 493
143 217
146 488
294 386
5 283
13 144
44 211
197 453
145 263
296 432
7 329
48 330
67 380
157 273
196 201
349 443
60 340
99 268
159 319
208 211
20 160
152 279
303 448
363 499
55 346
113 324
11 47
164 289
203 217
263 268
356 459
15 166
106 284
166 335
226 386
205 263
69 402
129 453
108 330
11 397
71 448
219 346
217 273
310 464
318 325
29 222
409 443
161 341
221 392
124 459
22 182
402 403
61 110
173 351
121 161
24 228
84 279
115 346
175 397
18 413
114 121
224 289
36 238
416 459
127 356
168 357
228 408
38 284
126 131
131 475
277 300
230 454
68 126
279 346
380 398
91 295
182 413
242 464
80 136
33 290
181 188
184 459
235 424
183 234
274 352
334 403
45 300
86 301
177 419
135 193
195 244
286 362
327 363
98 311
189 429
290 481
389 460
100 357
191 475
339 373
3 424
39 81
149 249
341 419
401 470
0 126
244 486
192 296
51 91
54 362
202 260
394 430
17 480
58 481
204 306
245 307
355 475
47 322
107 373
148 374
198 491
146 301
10 440
109 419
197 266
408 486
7 142
67 193
158 311
199 312
259 363
350 481
61 378
102 379
5 446
60 153
65 497
151 271
211 322
252 323
403 492
2 148
114 389
153 317
213 368
116 435
55 159
113 137
206 328
266 379
357 497
16 204
169 446
117 256
208 374
20 323
70 440
171 492
69 215
17 25
129 266
468 486
108 143
261 385
321 436
123 451
164 452
29 35
120 153
125 497
180 204
273 395
23 220
124 272
27 339
118 457
324 333
76 231
24 41
136 282
84 92
227 400
175 210
268 401
328 452
39 349
326 379
18 226
78 277
229 446
41 395
168 170
30 236
379 390
439 441
131 288
282 457
230 267
133 334
224 452
91 108
96 452
182 226
242 277
335 468
333 395
85 293
33 103
145 344
186 345
236 462
184 272
277 463
48 411
45 113
50 457
177 232
196 282
237 283
289 473
388 452
99 349
140 350
200 401
43 417
189 242
142 396
249 293
290 294
1 191
340 411
381 412
4 462
45 463
441 463
243 478
191 288
251 339
292 340
55 427
3 237
94 355
195 407
302 304
52 129
57 473
244 299
395 468
54 175
147 366
207 417
205 344
246 345
58 294
149 412
11 478
52 479
448 479
167 237
198 304
258 355
390 474
101 371
49 181
161 422
202 423
64 489
12 299
311 366
402 484
61 191
102 192
162 243
253 361
5 259
65 310
255 407
114 202
67 356
158 474
306 372
366 423
56 197
176 299
267 417
308 418
19 315
368 469
79 366
68 207
16 17
169 259
260 377
320 428
72 326
20 136
70 253
130 304
171 305
223 495
264 496
322 474
33 371
74 372
373 439
32 146
274 433
26 331
83 84
327 444
27 152
25 79
118 270
178 321
238 372
269 439
329 490
141 439
39 162
18 39
83 434
138 141
229 259
41 208
132 326
192 377
324 496
95 444
37 439
92 146
133 147
185 337
245 388
224 265
36 214
148 455
96 265
187 383
139 342
92 496
199 393
240 394
488 496
102 460
143 461
201 439
242 440
8 44
44 455
99 162
252 404
200 214
291 332
351 383
1 4
6 348
4 275
97 466
196 445
8 394
435 461
154 219
305 388
346 389
117 337
208 455
249 456
59 332
147 179
207 230
358 399
399 400
17 106
58 107
108 224
149 225
209 276
302 467
300 394
11 291
52 292
203 461
10 66
101 184
202 236
353 405
64 302
17 456
413 456
163 281
355 451
66 348
214 246
5 72
29 466
65 123
115 240
156 241
216 292
307 410
367 461
408 462
67 169
210 477
158 287
22 426
168 251
420 472
19 128
170 297
211 298
230 348
362 467
73 364
21 174
133 415
174 416
36 482
72 139
77 483
223 308
264 309
314 426
374 477
415 478
33 184
74 185
126 375
186 426
225 354
68 370
427 488
26 144
86 195
177 313
278 365
369 483
280 411
81 201
232 370
292 421
135 437
195 488
234 416
46 365
137 483
285 381
95 257
136 258
227 376
246 426
347 478
39 325
89 442
149 493
190 494
0 370
148 268
487 488
146 195
187 196
299 437
51 335
338 365
90 263
150 314
241 432
53 381
139 155
199 206
102 273
50 83
201 252
354 494
44 268
393 422
255 488
296 489
2 42
6 161
345 381
405 432
4 88
97 279
105 140
248 448
196 258
308 499
60 397
99 325
159 376
250 494
2 392
57 99
117 150
208 268
249 269
309 320
20 217
340 387
400 438
111 335
59 145
212 387
243 454
261 279
352 397
11 104
16 448
52 105
112 156
164 346
203 274
414 494
106 341
455 495
166 392
205 320
64 115
17 269
69 459
215 284
256 285
407 454
66 161
219 403
167 213
217 330
258 331
318 382
29 279
120 397
221 449
18 120
23 464
311 342
330 392
173 408
233 459
24 285
84 336
18 470
133 228
174 229
224 346
265 347
325 398
36 295
77 296
127 413
75 223
168 414
30 480
186 239
277 357
68 183
128 234
188 285
279 403
31 301
91 352
182 470
392 465
82 239
142 290
235 481
274 409
334 460
45 357
177 476
42 59
135 250
286 419
327 420
387 471
98 368
189 486
1 435
288 465
40 363
100 414
339 430
3 481
39 138
89 255
190 307
93 374
49 75
202 317
241 245
394 487
53 194
204 363
47 379
107 430
13 14
49 425
197 323
257 374
255 301
348 492
67 250
447 471
158 368
199 369
259 420
61 435
9 245
102 436
248 261
308 312
8 20
63 481
159 189
250 307
2 205
62 256
153 374
111 148
116 492
243 267
303 318
14 215
55 216
363 369
454 487
165 384
113 194
206 385
15 36
70 497
106 154
218 395
226 256
317 374
358 375
69 272
418 426
129 323
220 441
280 492
27 46
32 390
310 334
370 385
29 92
120 210
180 261
221 262
273 452
23 277
372 431
83 328
124 329
22 52
25 323
324 390
365 391
76 288
425 442
136 339
84 149
115 216
227 457
268 458
39 406
18 283
78 334
138 385
168 227
228 278
319 396
38 154
131 345
222 463
230 324
133 391
331 406
31 114
91 165
182 283
242 334
283 335
333 452
374 453
145 401
43 124
48 468
87 396
235 294
427 464
45 170
105 221
196 339
237 340
8 288
99 406
140 407
200 458
2 473
98 181
249 350
1 248
340 468
381 469
152 417
100 227
193 418
191 345
3 294
154 463
302 361
304 407
54 232
207 474
155 284
205 401
17 350
58 351
108 468
149 469
47 192
107 243
167 294
198 361
258 412
101 428
161 479
202 480
7 12
12 356
158 181
311 423
350 351
102 249
214 490
253 418
313 469
24 366
65 367
21 68
62 69
67 413
114 259
153 187
265 428
213 238
306 429
56 254
168 495
116 305
176 356
267 474
308 475
14 28
19 372
74 79
79 423
165 197
16 74
21 418
169 316
320 485
361 486
70 310
262 480
129 136
160 203
220 254
280 305
373 496
32 203
412 424
472 475
71 131
183 372
274 490
315 491
26 388
86 439
34 249
364 383
424 434
28 434
83 141
88 485
124 142
27 209
118 327
269 496
141 496
227 270
39 219
419 440
18 96
37 146
42 490
83 491
138 198
479 491
229 316
330 368
132 383
192 434
30 106
35 450
90 157
282 327
342 378
433 496
37 496
474 497
185 394
133 204
245 445
284 373
143 168
146 439
335 338
296 383
337 384
48 281
139 399
199 450
240 451
50 327
201 496
289 343
349 394
252 461
200 271
291 389
2 286
43 287
351 440
103 338
1 61
4 332
152 230
243 348
344 400
55 297
3 107
94 225
305 445
57 343
20 461
147 236
207 287
205 214
298 405
358 456
108 281
300 451
11 348
52 349
71 399
112 400
411 467
15 467
101 241
161 292
202 293
293 411
312 461
353 462
64 359
27 477
66 405
214 303
365 472
406 473
24 179
65 180
156 298
216 349
276 400
307 467
18 364
119 416
22 483
77 190
116 118
360 478
19 185
79 236
170 354
230 405
21 231
174 473
72 196
70 123
75 467
130 174
283 416
322 344
74 242
186 483
68 427
123 134
128 478
274 303
26 201
86 252
34 62
177 370
125 180
218 371
278 422
88 298
181 489
179 416
280 468
137 190
178 191
238 242
269 309
329 360
389 411
81 258
141 309
172 376
232 427
180 237
292 478
42 303
190 201
281 319
93 268
41 78
46 422
132 196
285 438
343 416
35 263
384 417
95 314
287 484
58 432
37 309
185 207
245 258
0 427
96 135
146 252
187 253
239 443
247 304
299 494
51 392
338 422
90 320
150 371
139 212
199 263
240 264
391 433
102 330
50 140
143 331
451 484
201 309
44 325
104 376
7 443
103 151
254 320
345 438
405 489
4 145
9 489
157 387
105 197
446 490
60 454
8 264
21 499
117 207
208 325
340 444
400 495
152 393
212 444
14 459
55 460
261 336
11 161
71 212
164 403
203 331
263 382
15 280
106 398
166 449
64 172
124 223
215 341
256 342
316 393
27 290
66 218
217 387
318 439
120 454
268 352
119 229
210 347
330 449
22 296
173 465
121 275
272 444
24 342
84 393
73 234
21 44
174 286
224 403
265 404
325 455
77 353
75 280
33 54
277 414
376 393
68 240
128 291
279 460
31 358
177 183
130 337
80 250
28 60
88 111
179 229
332 471
43 368
40 70
45 414
105 465
172 189
232 240
383 409
443 460
42 116
286 476
98 425
46 235
137 353
1 492
35 76
40 420
95 127
100 471
155 178
246 296
287 297
339 487
347 348
58 245
378 415
37 122
190 364
281 482
0 240
93 431
51 205
390 425
54 476
293 492
241 302
53 251
204 420
107 487
143 144
5 210
354 364
13 71
49 482
255 358
158 425
259 477
56 148
61 492
97 149
248 318
349 370
60 267
8 77
440 488
159 246
250 364
62 313
213 482
20 87
452 498
56 498
111 205
152 206
212 257
262 374
363 426
74 323
165 441
113 251
206 442
266 493
16 318
164 216
315 385
106 211
218 452
166 262
69 329
129 380
160 447
220 498
27 103
32 447
71 375
310 391
370 442
120 267
180 318
312 437
83 385
124 386
27 453
173 278
365 448
24 155
136 396
84 206
115 273
175 324
39 463
326 493
18 340
37 390
138 442
36 165
77 166
168 284
187 334
228 335
319 453
30 350
90 401
38 211
131 402
230 381
87 103
92 447
331 463
31 171
143 412
91 222
182 340
242 391
186 459
184 386
43 181
87 453
142 160
45 227
485 499
196 396
297 448
99 463
286 289
98 238
46 48
189 356
137 166
249 407
290 408
288 335
40 233
193 475
191 402
251 453
3 351
94 469
149 176
302 418
52 243
93 244
343 392
106 479
54 289
147 480
293 305
53 64
58 408
144 182
204 233
295 351
167 351
198 418
258 469
5 23
101 485
156 192
408 413
12 413
67 120
158 238
311 480
259 290
61 305
9 115
162 357
253 475
24 423
60 80
65 424
63 351
211 249
271 300
362 418
403 419
114 316
463 470
174 367
213 295
176 413
415 429
74 136
79 480
165 254
417 475
16 131
21 475
72 440
359 470
70 367
130 418
171 419
410 435
33 485
69 142
160 260
220 311
280 362
32 260
412 481
123 378
26 445
122 153
125 424
273 322
364 440
424 491
23 147
28 491
465 492
215 317
27 266
25 193
137 434
178 435
238 486
136 209
134 136
227 327
287 378
328 379
39 276
378 496
419 497
37 203
78 204
190 445
231 446
41 322
132 440
192 491
233 492
90 214
222 333
342 435
92 260
185 451
143 225
96 379
187 497
85 220
145 271
236 389
184 199
296 440
337 441
48 338
139 456
50 384
289 400
349 451
8 158
99 276
200 328
291 446
2 343
351 497
1 118
6 462
152 287
105 441
193 288
3 164
94 282
57 400
203 225
106 292
54 102
59 446
147 293
298 462
246 272
58 221
108 338
209 390
11 405
47 62
112 457
318 333
10 180
409 451
101 298
450 452
161 349
109 159
64 416
124 467
163 395
66 462
121 169
162 170
214 360
253 288
24 236
65 237
404 457
115 354
63 164
156 355
216 406
276 457
18 421
77 247
457 468
56 124
168 365
116 175
19 242
79 293
170 411
230 462
271 463
21 288
169 186
260 304
320 355
380 406
72 253
70 180
33 298
126 489
165 417
184 467
225 468
32 73
68 484
123 191
183 242
274 360
315 361
334 411
26 258
375 412
86 309
218 428
278 479
80 494
88 355
387 422
27 79
46 129
137 247
269 366
329 417
81 315
141 366
172 433
232 484
39 89
190 258
382 428
93 325
41 135
46 479
132 253
192 304
285 495
343 473
95 371
155 422
134 299
185 264
245 315
396 484
437 485
96 192
146 309
247 361
51 449
338 479
49 376
150 428
48 151
53 495
391 490
50 197
143 388
201 366
5 454
13 315
44 382
104 433
252 331
250 258
2 156
153 325
194 326
254 377
6 275
345 495
56 392
157 444
105 254
55 167
8 321
94 95
206 336
159 490
57 213
208 382
17 33
113 495
261 393
321 444
300 321
11 218
71 269
112 270
203 388
101 111
106 455
312 331
64 229
163 208
256 399
118 465
66 275
217 444
318 496
24 49
29 393
156 168
268 409
216 219
18 234
367 388
119 286
210 404
121 332
319 347
24 399
79 106
222 414
170 224
230 275
271 276
323 466
362 394
73 291
21 101
174 343
224 460
31 65
77 410
75 337
283 286
314 353
33 111
74 112
186 353
184 280
225 281
277 471
87 347
128 348
188 399
86 122
278 292
369 410
80 307
88 168
142 404
381 420
40 127
45 471
81 128
141 179
232 297
292 348
42 173
93 138
46 292
98 482
40 477
95 184
287 354
89 369
37 179
149 420
190 421
93 488
239 313
51 262
390 482
431 483
90 190
202 431
150 241
301 410
12 307
53 308
47 493
102 200
143 201
5 267
354 421
65 318
13 128
385 488
44 195
104 246
197 437
257 488
255 415
7 313
158 482
4 15
97 206
248 375
368 477
151 442
159 303
250 421
21 369
62 370
153 488
359 364
111 262
59 72
262 431
303 432
14 329
363 483
74 380
165 498
113 308
206 499
11 31
71 82
164 273
356 443
15 150
106 268
166 319
69 386
129 437
27 160
25 87
66 88
118 278
219 330
269 447
217 257
310 448
370 499
29 206
409 427
120 324
180 375
18 47
78 98
124 443
210 217
22 166
421 437
76 402
136 453
84 263
37 447
73 104
78 448
138 499
284 324
36 222
77 223
96 273
416 443
476 494
75 150
187 391
30 407
131 459
428 453
87 160
128 161
188 212
279 330
31 228
91 279
430 499
182 397
242 448
80 120
85 464
140 171
43 238
142 217
334 387
45 284
105 335
237 454
135 177
286 346
346 397
387 398
189 413
290 465
40 290
100 341
339 357
399 408
3 408
58 115
89 182
149 233
190 234
300 402
52 300
0 110
93 301
203 469
15 418
51 75
54 346
202 244
293 362
353 413
394 414
12 120
17 464
53 121
256 480
204 290
295 408
355 459
396 460
107 357
167 408
406 424
5 80
10 424
65 131
197 250
257 301
348 419
408 470
7 126
12 470
67 177
158 295
259 347
9 172
121 413
162 414
24 480
60 137
65 481
151 255
211 306
362 475
403 476
21 182
62 183
114 373
153 301
213 352
116 419
264 317
14 142
74 193
165 311
113 121
266 363
357 481
16 188
169 430
70 424
125 131
130 475
171 476
369 491
410 492
69 199
129 250
468 470
220 368
280 419
321 420
32 317
71 245
183 486
81 209
34 363
122 210
172 327
125 481
273 379
364 497
23 204
83 255
124 256
234 424
137 491
136 266
475 486
134 193
175 194
227 384
39 333
138 312
187 204
319 323
30 220
38 81
222 390
342 492
92 317
331 333
284 487
143 282
91 92
182 210
242 261
393 430
85 277
145 328
236 446
184 256
43 51
87 323
386 390
45 97
50 441
105 148
289 457
237 267
297 318
99 333
200 385
2 400
43 401
62 451
98 108
249 277
1 175
340 395
381 396
400 446
4 446
59 153
100 154
105 498
193 345
243 462
251 323
55 411
3 221
94 339
453 457
57 457
203 282
304 334
106 349
54 159
147 350
397 498
256 293
107 170
167 221
198 288
318 390
10 237
109 216
221 457
12 283
311 350
402 468
162 227
313 396
24 293
63 221
18 478
114 186
174 237
265 355
366 407
77 304
56 181
75 231
116 232
168 422
176 283
267 401
19 299
368 453
170 468
128 242
169 243
260 361
380 463
130 288
223 479
322 458
181 253
123 248
274 417
334 468
375 469
34 176
177 484
125 294
28 361
88 412
234 237
387 479
46 186
25 63
269 423
329 474
172 490
39 146
37 73
190 315
231 316
229 243
382 485
93 382
132 310
192 361
35 377
155 479
37 423
92 130
245 372
284 300
148 439
146 366
247 418
49 433
85 90
236 259
296 310
428 429
447 479
139 326
199 377
331 496
9 253
97 100
162 495
201 423
13 372
44 439
99 146
104 490
250 315
291 316
2 213
351 367
103 265
153 382
254 434
6 332
56 449
97 450
243 275
303 326
55 224
3 34
435 445
495 496
94 152
206 393
154 203
117 321
309 491
15 44
20 388
147 163
207 214
298 332
358 383
17 90
261 450
71 326
263 496
10 50
221 270
353 389
413 440
12 96
124 337
27 404
66 332
24 106
65 107
115 224
268 466
216 276
307 394
18 291
78 342
119 343
77 117
121 389
228 286
319 404
360 405
420 456
19 112
79 163
222 471
271 333
73 348
133 399
174 400
31 122
36 466
72 123
75 394
223 292
184 337
87 404
128 405
188 456
427 472
31 472
86 179
237 348
369 467
140 415
181 416
179 343
142 461
381 477
81 185
193 426
172 303
232 354
292 405
94 420
42 230
135 421
195 472
93 195
46 349
137 467
285 365
35 190
155 292
134 169
246 410
287 411
347 462
58 359
89 426
149 477
190 478
148 252
146 179
239 370
51 319
338 349
49 246
109 297
202 488
12 364
53 365
350 359
102 257
50 67
253 426
201 236
294 427
5 324
65 375
44 252
156 493
104 303
197 494
255 472
7 370
62 77
67 421
194 196
306 437
6 145
56 262
4 72
97 263
405 416
248 432
250 478
21 426
57 83
62 427
117 134
208 252
361 494
20 201
359 421
460 473
171 370
212 371
303 489
14 386
74 437
352 381
412 432
11 88
164 330
315 499
263 309
15 207
414 478
106 325
125 375
226 427
28 442
64 99
69 443
215 268
256 269
316 320
407 438
25 144
219 387
217 314
318 366
81 453
29 263
122 454
180 432
221 433
268 279
328 330
23 448
210 274
270 325
22 223
25 494
173 392
272 371
131 166
134 437
175 438
222 284
323 336
73 161
133 212
36 279
96 330
127 397
187 448
228 449
38 325
186 223
277 341
337 392
87 217
128 218
240 459
188 269
279 387
182 454
80 177
332 398
43 295
392 449
82 223
142 274
334 444
45 341
105 392
8 459
135 234
195 285
346 454
98 352
46 162
1 419
288 449
59 397
147 244
3 465
89 239
149 290
209 341
300 459
341 460
52 357
0 167
15 475
51 132
54 403
109 110
202 301
293 419
353 470
394 471
12 177
144 296
204 347
47 363
107 414
167 465
406 481
5 137
10 481
44 65
156 306
109 460
197 307
257 358
255 285
348 476
7 183
67 234
158 352
56 75
9 229
63 465
250 291
153 358
213 409
56 425
75 475
111 132
116 476
171 183
454 471
113 178
206 369
225 419
266 420
15 20
70 481
125 188
166 189
218 379
226 240
317 358
69 256
160 374
220 425
280 476
32 374
118 148
123 492
178 199
269 317
81 266
34 420
122 267
461 487
172 384
120 194
180 245
23 261
372 415
83 312
234 481
275 482
22 36
25 307
173 205
324 374
384 425
76 272
134 250
287 492
328 493
39 390
326 420
37 317
78 318
229 487
96 143
319 380
30 277
379 431
439 482
131 329
282 498
331 390
143 339
96 493
242 318
333 436
44 333
85 334
434 488
145 385
43 108
194 277
235 278
6 226
386 447
9 497
45 154
50 498
97 344
297 375
8 272
388 493
99 390
2 457
249 334
1 232
340 452
59 210
100 211
152 401
191 329
251 380
55 468
3 278
94 396
154 447
302 345
52 170
112 221
244 340
304 391
54 216
147 407
207 458
17 334
108 452
256 350
47 176
107 227
198 345
10 294
109 273
12 340
210 355
158 165
61 232
9 42
253 402
313 453
24 350
65 351
63 278
156 469
21 52
174 294
306 413
325 463
366 464
75 288
116 289
168 479
267 458
19 356
79 407
225 232
68 248
16 58
169 300
260 418
70 294
28 68
33 412
160 187
220 238
280 289
32 187
123 305
183 356
274 474
26 372
125 351
364 367
23 74
83 125
234 294
275 295
327 485
46 243
137 361
178 362
238 413
40 428
76 85
81 429
141 480
227 254
39 203
378 423
419 424
37 130
42 474
78 131
138 182
190 372
229 300
0 248
41 249
93 439
192 418
30 90
35 434
90 141
95 485
222 260
241 310
282 311
342 362
144 377
92 187
284 357
143 152
148 496
294 321
247 475
385 439
44 146
85 147
486 491
145 198
236 316
296 367
337 368
199 434
259 485
97 157
50 311
201 480
289 327
349 378
440 496
44 496
99 203
252 445
250 372
291 373
2 270
62 321
103 322
153 439
194 440
254 491
4 316
152 214
212 265
243 332
344 384
55 281
206 450
305 429
117 378
356 394
15 101
20 445
59 373
207 271
298 389
358 440
418 491
17 147
110 338
300 435
112 384
411 451
15 451
101 225
312 445
12 153
25 388
66 389
365 456
406 457
24 163
84 214
115 281
175 332
216 333
276 384
307 451
18 348
22 467
75 101
168 292
228 343
19 169
79 220
230 389
73 405
31 179
72 180
70 107
75 451
130 158
223 349
283 400
322 328
33 225
126 416
186 467
184 394
87 461
128 462
274 287
334 338
26 185
237 405
278 406
80 421
28 231
179 400
46 56
137 174
288 343
329 344
40 241
81 242
100 292
141 293
193 483
232 411
94 477
135 478
281 303
0 61
93 252
244 421
192 231
343 400
35 247
147 488
95 298
155 349
246 467
53 72
58 416
144 190
185 191
336 360
47 257
0 411
396 411
146 236
239 427
247 288
51 376
109 354
150 355
197 201
12 421
48 78
199 247
259 298
9 123
451 468
162 365
294 484
104 360
403 427
62 134
67 478
103 135
153 252
194 253
306 494
6 202
405 473
4 129
97 320
248 489
60 438
206 263
357 432
398 433
16 139
21 483
57 140
117 191
458 484
260 499
208 309
309 361
20 258
359 478
400 479
59 186
171 427
212 428
74 494
110 151
321 371
352 438
412 489
11 145
16 489
164 387
112 197
15 264
122 161
125 432
226 484
28 499
124 207
275 376
25 201
66 202
118 392
178 443
219 444
217 371
29 320
120 438
180 489
268 336
328 387
18 161
119 213
210 331
270 382
330 433
173 449
134 494
175 495
323 393
133 269
224 387
284 438
325 439
33 38
186 280
184 207
277 398
337 449
376 377
87 274
128 275
80 234
140 285
181 286
179 213
43 352
103 403
142 331
6 470
40 54
45 398
105 449
193 296
191 223
344 465
3 172
383 393
94 290
443 444
195 342
286 460
98 409
147 301
100 455
155 162
397 449
438 450
149 347
209 398
239 240
51 189
450 460
49 116
109 167
150 168
293 476
301 337
12 234
53 235
47 420
102 127
162 178
253 296
5 194
13 55
404 465
445 466
156 363
197 364
255 342
158 409
306 307
259 461
6 15
457 476
56 132
97 133
116 183
157 184
248 302
368 404
60 251
151 369
211 420
159 230
271 471
21 296
62 297
114 487
169 194
260 312
72 261
20 71
452 482
111 189
171 240
264 431
322 409
113 235
225 476
266 477
68 492
16 302
164 200
315 369
34 127
218 436
166 246
226 297
317 415
28 312
69 313
160 431
220 482
27 87
178 256
219 257
269 374
310 375
370 426
29 133
34 477
122 324
172 441
120 251
23 318
372 472
83 369
231 267
46 487
25 364
173 262
233 313
324 431
35 328
384 482
425 483
84 190
134 307
175 308
227 498
326 477
37 374
0 492
36 149
41 493
96 200
437 493
228 319
319 437
338 487
30 334
379 488
90 385
38 195
131 386
150 436
92 431
391 498
432 499
182 324
242 375
333 493
44 390
85 391
103 216
142 144
45 211
196 380
297 432
8 329
94 103
99 447
159 498
200 499
98 222
189 340
249 391
288 319
152 458
251 437
3 335
89 109
94 453
209 211
302 402
300 329
52 227
0 37
112 278
203 396
244 397
15 345
101 119
54 273
205 442
12 47
144 166
163 216
256 407
295 335
355 386
66 283
107 284
167 335
198 402
5 7
156 176
216 227
7 53
67 104
210 412
158 222
61 289
162 341
60 64
63 335
362 402
422 453
114 300
174 351
265 469
72 74
75 345
176 397
19 413
74 120
79 464
266 290
68 305
16 115
128 356
169 357
260 475
70 351
130 402
278 300
410 419
28 125
33 469
181 367
129 177
280 346
371 464
82 361
123 362
81 136
34 290
122 137
172 254
273 306
364 424
424 475
23 131
135 372
83 182
275 352
46 300
137 418
178 419
238 470
35 141
76 142
81 486
136 193
227 311
287 362
419 481
37 187
231 430
0 305
93 496
132 424
192 475
30 147
90 198
150 249
241 367
53 316
92 244
245 486
143 209
146 480
44 203
85 204
236 373
48 322
139 440
6 96
9 367
97 214
289 384
99 260
159 311
250 429
291 430
153 496
194 497
1 102
6 446
212 322
303 440
55 338
3 148
113 316
305 486
16 383
57 384
356 451
106 276
147 277
166 327
207 328
205 255
298 446
358 497
110 395
108 322
209 374
112 441
219 338
198 215
310 456
258 266
10 164
122 405
64 400
210 225
22 174
61 102
121 153
214 344
272 322
313 323
84 271
404 441
464 492
63 148
175 389
276 441
18 405
119 457
325 333
416 451
75 158
168 349
228 400
267 328
19 226
131 467
79 277
170 395
230 446
73 462
128 169
169 170
260 288
320 339
31 236
72 237
70 164
130 215
223 406
283 457
322 385
32 57
423 467
82 174
123 175
274 344
334 395
375 396
86 293
34 103
237 462
278 463
135 185
327 355
46 113
137 231
290 473
238 283
329 401
40 298
389 452
191 467
281 360
382 412
0 118
41 119
93 309
244 478
285 479
343 457
155 406
58 473
144 247
245 299
336 417
396 468
0 468
148 366
146 293
239 484
49 360
109 411
150 412
12 478
139 253
199 304
259 355
350 473
102 371
50 181
162 422
5 438
44 366
63 416
104 417
151 263
403 484
2 140
444 485
62 191
153 309
213 360
254 361
6 259
56 376
4 186
116 427
19 494
55 151
456 495
113 129
159 474
206 320
169 438
117 248
20 315
111 433
171 484
212 485
69 207
110 208
108 135
113 479
261 377
321 428
11 202
164 444
122 218
125 489
166 490
312 315
64 213
215 382
163 192
275 433
316 434
25 258
66 259
118 449
217 428
24 33
29 377
115 151
120 495
175 202
268 393
328 444
18 218
367 372
210 388
270 439
330 490
319 331
272 485
131 280
222 398
170 208
323 450
73 275
422 429
133 326
325 496
36 393
182 218
314 337
374 388
85 285
33 95
126 286
186 337
184 264
87 331
188 383
26 55
86 106
177 224
237 275
297 326
388 444
429 445
200 393
103 460
142 388
381 404
40 111
45 455
100 162
141 163
191 280
232 281
292 332
3 229
383 450
94 347
42 157
195 399
93 122
98 466
244 291
285 292
436 461
35 117
147 358
89 353
149 404
209 455
47 127
52 471
148 179
198 296
239 297
299 348
49 173
109 224
150 225
301 394
53 292
144 410
204 461
294 354
313 404
65 302
63 229
156 420
216 471
257 472
255 399
67 348
306 364
366 415
6 72
56 189
157 241
60 308
151 426
21 353
169 251
264 488
262 415
322 466
363 467
165 482
164 257
315 426
375 477
125 302
166 303
69 370
129 421
27 144
25 71
66 72
118 262
178 313
219 314
217 241
81 380
29 190
23 375
78 82
83 426
229 251
22 150
233 370
324 488
35 385
76 386
134 364
73 88
185 329
138 483
224 257
284 308
377 499
127 324
476 478
187 375
247 426
30 391
240 386
188 196
279 314
50 262
143 453
242 432
44 447
80 104
145 499
291 324
483 494
194 391
142 201
6 340
45 268
105 319
196 437
3 42
8 386
435 453
94 160
135 161
195 212
346 381
189 397
309 499
1 346
288 376
59 324
147 171
191 443
3 392
58 99
89 166
149 217
302 459
300 386
341 387
52 284
401 438
112 335
15 402
51 59
101 176
202 228
205 499
293 346
353 397
394 398
413 448
12 104
53 105
163 273
204 274
256 464
355 443
167 392
5 64
65 115
156 233
216 284
257 285
348 403
408 454
67 161
210 469
158 279
22 418
61 346
121 397
19 120
24 464
151 239
211 290
362 459
21 166
114 357
72 131
77 475
116 403
176 454
415 470
14 126
74 177
165 295
225 346
357 465
68 362
16 172
128 413
72 481
70 408
218 306
369 475
28 182
69 183
88 233
129 234
181 424
179 351
280 403
32 301
123 419
26 486
122 194
120 121
232 362
273 363
364 481
23 188
135 429
234 408
137 475
285 373
76 199
136 250
227 368
287 419
39 317
326 347
138 296
0 362
132 481
187 188
30 204
38 65
241 424
282 425
342 476
144 491
92 301
50 75
143 266
294 435
242 245
333 363
44 260
393 414
145 312
236 430
296 481
48 379
139 497
345 373
4 80
50 425
97 271
105 132
289 441
159 368
250 486
103 436
249 261
309 312
340 379
400 430
4 430
152 328
100 138
243 446
251 307
344 498
113 373
57 441
112 148
203 266
263 317
304 318
15 215
395 436
106 333
54 143
166 384
207 385
205 312
69 451
17 261
110 452
316 328
407 446
11 446
107 154
219 395
167 205
198 272
258 323
318 374
10 221
122 462
409 492
161 390
221 441
163 436
311 334
402 452
121 210
214 401
272 379
313 380
24 277
84 328
115 395
63 205
276 498
18 462
174 221
265 339
325 390
366 391
77 288
75 215
116 216
228 457
267 385
38 333
79 334
170 452
68 175
279 395
320 396
31 293
72 294
91 344
182 462
130 272
223 463
332 406
32 114
183 283
334 452
26 299
177 468
135 242
46 170
137 288
238 340
288 457
329 458
40 355
100 406
3 473
190 299
281 417
341 468
382 469
0 175
41 176
93 366
95 412
155 463
394 479
53 186
92 114
185 305
245 356
295 473
148 423
51 490
44 73
104 124
150 469
236 243
348 484
139 310
9 237
50 238
102 428
248 253
201 407
5 495
63 473
104 474
151 320
159 181
2 197
62 248
103 249
442 469
153 366
213 417
56 433
4 243
55 208
454 479
113 186
154 187
206 377
266 428
305 356
16 253
169 495
117 305
208 423
15 28
20 372
106 146
111 490
166 197
298 316
358 367
69 264
110 265
449 485
108 192
261 434
321 485
11 259
263 480
10 34
34 428
122 275
161 203
221 254
23 269
64 270
372 423
124 321
275 490
316 491
22 44
27 388
25 315
66 316
217 485
365 383
76 280
29 434
175 259
268 450
307 378
18 275
78 326
119 327
229 495
270 496
22 394
41 444
168 219
420 440
38 146
79 147
84 491
131 337
222 455
170 265
230 316
432 450
31 106
36 450
91 157
182 275
223 276
283 327
314 394
434 496
33 152
38 496
126 343
184 321
376 491
235 286
188 440
427 456
26 112
86 163
177 281
297 383
80 348
88 209
200 450
179 327
43 466
82 394
142 445
290 343
40 168
141 220
191 337
232 338
292 389
94 404
195 456
93 179
35 174
54 224
95 225
155 276
246 394
347 446
58 343
89 410
149 461
148 236
198 353
146 163
202 472
150 282
301 451
9 50
102 241
201 220
313 461
5 308
65 359
13 169
63 286
255 456
7 354
67 405
153 179
213 230
306 421
345 349
56 246
157 298
308 467
60 365
357 359
21 410
57 67
117 118
208 236
361 478
72 375
359 405
70 302
111 303
171 354
262 472
14 370
69 77
160 195
113 349
11 72
123 313
71 123
164 314
26 380
34 241
28 426
69 427
88 477
124 134
275 303
27 201
407 422
25 128
118 319
178 370
219 371
238 421
269 488
217 298
76 93
120 365
180 416
419 432
18 88
479 483
78 139
138 190
229 308
270 309
330 360
41 257
421 478
35 442
76 443
136 494
222 268
37 488
73 145
185 386
133 196
36 263
96 314
127 381
187 432
247 483
30 448
85 155
38 309
90 499
126 156
277 325
337 376
428 494
87 201
240 443
188 253
50 319
91 320
242 489
80 161
140 212
291 381
332 382
392 433
82 207
142 258
6 397
45 325
196 494
8 443
94 217
135 218
154 268
346 438
98 336
1 403
59 381
100 382
147 228
339 398
399 449
110 346
89 223
209 325
300 443
52 341
401 495
112 392
10 115
15 459
101 233
54 387
202 285
293 403
12 161
163 330
204 331
295 449
107 398
167 449
5 121
10 465
65 172
156 290
257 342
348 460
7 167
119 408
67 218
158 336
61 403
360 470
19 177
63 449
211 347
271 398
73 413
21 223
114 414
213 393
70 115
75 459
111 116
264 358
126 424
74 234
266 404
169 471
26 193
125 172
317 342
88 290
129 291
181 481
179 408
280 460
32 358
118 132
178 183
269 301
329 352
81 250
29 60
141 301
461 471
172 368
120 178
180 229
41 70
46 414
473 481
173 189
285 430
324 358
384 409
136 307
227 425
287 476
39 374
326 404
37 301
229 471
36 76
247 296
338 414
30 261
90 312
150 363
282 482
139 204
331 374
391 425
50 132
182 251
294 492
335 493
333 420
393 471
104 368
236 487
7 435
43 92
103 143
254 312
345 430
4 137
45 138
157 379
105 189
248 497
289 498
297 359
60 446
8 256
99 374
159 425
200 426
2 441
57 148
98 149
189 267
309 369
1 216
340 436
400 487
4 487
59 194
152 385
212 436
251 364
55 452
110 159
113 430
302 329
16 497
57 498
112 205
203 323
263 374
304 375
15 272
395 493
106 390
54 200
166 441
207 442
205 369
17 318
108 436
256 334
316 385
66 210
107 211
219 452
167 262
198 329
318 431
101 396
120 446
161 447
119 221
210 339
22 288
173 457
121 267
214 458
272 436
313 437
24 334
115 452
73 226
21 36
114 227
174 278
325 447
366 448
77 345
75 272
168 463
267 442
126 237
79 391
68 232
188 334
320 453
31 350
91 401
28 52
33 396
88 103
181 294
179 221
220 222
371 391
82 288
123 289
26 356
135 299
83 109
88 453
327 469
137 345
40 412
227 238
378 407
438 458
37 114
42 458
190 356
138 166
281 474
229 284
93 423
41 233
132 351
239 248
192 402
30 74
54 468
150 176
241 294
282 295
301 345
342 346
433 464
144 361
204 412
245 413
107 479
354 356
13 63
445 474
44 130
49 474
104 181
296 351
48 249
139 367
6 23
9 294
97 141
248 310
201 464
349 362
440 480
99 187
252 429
250 356
351 408
62 305
153 423
254 475
56 490
4 300
152 198
243 316
363 418
55 265
113 243
154 244
206 434
266 485
305 413
16 310
57 311
117 362
208 480
356 378
20 429
106 203
358 424
110 322
261 491
11 316
71 367
10 91
34 485
122 332
120 259
161 260
221 311
312 429
23 326
64 327
372 480
124 378
413 481
215 496
25 372
173 270
76 337
29 491
425 491
84 198
175 316
326 485
78 383
75 85
228 327
319 445
131 394
230 373
91 214
70 91
182 332
130 142
223 333
283 384
314 451
33 209
186 451
82 101
87 445
235 343
188 497
26 169
86 220
177 338
237 389
297 440
140 456
88 266
179 384
290 400
288 327
40 225
100 276
141 277
193 467
480 497
191 394
232 395
251 445
292 446
94 461
42 271
135 462
0 45
41 46
93 236
244 405
285 406
304 456
54 281
95 282
147 472
155 333
246 451
53 56
58 400
89 467
144 174
204 225
295 343
47 241
107 292
148 293
198 410
146 220
299 462
51 360
348 354
139 180
199 231
259 282
350 400
102 298
451 452
162 349
60 72
13 226
63 343
104 344
151 190
2 67
67 462
213 287
254 288
345 406
405 457
56 303
116 354
157 355
248 473
55 78
60 422
357 416
21 467
57 124
169 365
117 175
260 483
72 432
20 242
70 359
111 360
171 411
14 427
74 478
110 135
220 303
261 304
321 355
412 473
123 370
164 371
26 437
125 416
226 468
364 432
23 139
64 140
124 191
275 360
27 258
118 376
238 478
217 355
76 150
29 304
81 494
180 473
268 320
328 371
18 145
23 489
138 247
229 365
330 417
41 314
233 484
131 207
222 325
323 377
185 443
133 253
224 371
36 320
96 371
127 438
335 387
85 212
38 366
236 381
277 382
337 433
87 258
188 310
279 428
289 392
13 494
80 218
200 320
291 438
392 490
103 387
1 110
6 454
45 382
193 280
191 207
251 258
344 449
94 274
42 84
286 444
57 392
1 460
54 94
59 438
147 285
298 454
47 54
198 223
51 173
390 393
101 290
49 100
109 151
202 342
293 460
12 218
163 387
102 111
107 455
313 331
5 178
65 229
13 39
404 449
445 450
63 156
216 398
7 224
67 275
457 460
56 116
157 168
267 336
308 337
19 234
60 235
79 285
170 403
211 404
271 455
73 470
21 280
169 178
260 296
72 245
20 55
452 466
111 173
223 414
171 224
264 415
262 342
322 393
14 240
74 291
165 409
225 460
32 65
68 476
123 183
315 353
34 111
125 229
218 420
278 471
220 466
32 415
178 240
238 291
329 409
370 410
81 307
141 358
172 425
120 235
232 476
180 286
273 477
83 353
231 251
382 420
41 127
46 471
132 245
173 246
285 487
324 415
35 312
76 313
384 466
136 364
134 291
185 256
336 425
377 426
0 476
41 477
437 477
127 251
239 492
247 353
338 471
30 318
379 472
90 369
38 179
48 143
53 487
240 313
331 431
391 482
432 483
91 190
201 358
242 359
13 307
333 477
145 426
7 492
43 149
103 200
194 318
254 369
6 267
345 487
386 488
4 194
45 195
105 246
196 364
8 313
159 482
398 498
2 498
57 205
98 206
249 375
1 273
59 251
251 421
110 216
89 93
113 487
300 313
11 210
203 380
304 432
101 103
54 257
106 447
166 498
205 426
64 221
108 493
163 200
256 391
316 442
355 370
66 267
107 268
167 319
258 437
318 488
29 385
156 160
367 380
119 278
67 88
210 396
158 206
270 447
22 345
61 273
121 324
24 391
79 98
84 442
323 458
362 386
73 283
21 93
114 284
174 335
265 453
75 329
314 345
38 447
74 104
79 448
126 294
376 442
68 289
417 443
26 63
31 407
91 458
70 335
130 386
218 233
28 109
33 453
181 351
179 278
220 279
32 228
183 397
81 120
86 464
141 171
172 238
232 289
273 290
364 408
424 459
42 165
135 356
234 335
46 284
238 454
436 469
35 125
40 469
76 126
39 244
378 464
89 361
138 223
0 289
239 305
192 459
431 475
90 182
150 233
241 351
342 403
53 300
92 228
204 469
245 470
47 485
143 193
354 413
13 120
104 238
145 239
257 480
236 357
296 408
48 306
199 475
6 80
4 7
9 351
349 419
60 316
8 126
13 470
151 434
159 295
252 486
250 413
2 311
351 465
153 480
1 86
4 357
59 64
303 424
113 300
154 301
206 491
16 367
15 142
166 311
207 312
226 362
317 480
69 378
17 188
129 429
108 306
32 496
66 80
71 424
217 249
370 491
411 492
29 198
122 389
409 419
120 316
221 368
312 486
124 435
61 86
173 327
121 137
76 394
84 255
115 322
464 476
276 425
73 96
138 491
265 266
416 435
476 486
75 142
168 333
228 384
267 312
38 260
79 261
131 451
68 102
73 446
133 497
279 322
320 323
31 220
91 271
430 491
471 492
182 389
130 199
223 390
80 112
33 266
126 457
184 435
332 333
423 451
142 209
183 210
334 379
177 395
237 446
297 497
80 462
135 169
286 338
46 97
189 405
290 457
238 267
1 354
288 384
40 282
389 436
141 334
339 349
89 174
401 446
0 102
93 293
51 67
343 441
54 338
155 390
394 406
58 457
204 282
245 283
47 298
396 452
148 350
198 467
146 277
239 468
10 416
51 417
109 395
197 242
348 411
139 237
259 339
350 457
9 164
162 406
201 334
5 422
60 129
65 473
63 400
104 401
151 247
252 299
2 124
7 468
153 293
213 344
254 345
116 411
176 462
14 134
55 135
60 479
456 479
266 355
357 473
16 180
169 422
117 232
208 350
72 489
70 416
111 417
410 484
14 484
69 191
129 242
220 360
352 479
11 186
123 427
71 237
34 355
122 202
120 129
273 371
23 196
64 197
124 248
275 417
118 433
178 484
217 412
29 361
115 135
175 186
268 377
328 428
18 202
78 253
138 304
231 495
229 422
270 423
132 489
173 490
30 212
222 382
282 433
230 243
323 434
73 259
92 309
133 310
224 428
284 479
36 377
182 202
242 253
333 371
85 269
33 79
126 270
186 321
87 315
188 367
45 89
237 259
297 310
388 428
80 275
140 326
200 377
291 495
43 393
98 100
103 444
142 372
1 167
381 388
4 438
40 95
45 439
105 490
191 264
94 331
42 141
443 485
195 383
57 449
93 106
98 450
244 275
395 444
147 342
95 152
207 393
246 321
58 270
397 490
89 337
149 388
209 439
11 454
47 111
107 162
148 163
299 332
10 229
51 230
390 450
101 347
109 208
202 399
301 378
64 465
12 275
204 445
61 167
102 168
214 409
253 337
5 235
354 389
65 286
13 96
63 213
257 456
255 383
114 178
67 332
158 450
306 348
366 399
56 173
116 224
267 393
19 291
368 445
79 342
211 461
21 337
320 404
361 405
20 112
111 230
223 471
262 399
165 466
373 415
164 241
315 410
26 307
375 461
125 286
317 456
28 353
88 404
129 405
27 128
118 246
178 297
217 225
81 364
29 174
141 415
172 482
120 292
83 410
231 308
229 235
382 477
41 184
132 302
173 303
192 353
324 472
134 348
92 122
185 313
224 241
336 482
377 483
36 190
148 431
96 241
187 359
51 498
30 375
150 477
236 251
48 200
139 318
240 370
331 488
50 246
143 437
430 467
13 364
44 431
442 477
194 375
142 185
254 426
4 251
45 252
97 442
105 303
196 421
8 370
94 144
99 488
154 195
195 196
57 262
1 330
111 498
59 308
152 499
251 478
17 82
58 83
110 273
449 493
149 201
261 442
300 370
11 267
401 422
112 319
203 437
263 488
304 489
10 42
101 160
205 483
293 330
163 257
355 427
66 324
214 222
258 494
5 48
29 442
276 319
408 438
119 335
158 263
22 402
61 330
121 381
420 448
19 104
24 448
84 499
211 274
362 443
21 150
72 115
77 459
75 386
223 284
176 438
264 285
314 402
14 110
126 351
74 161
225 330
68 346
128 397
188 448
177 289
130 443
218 290
369 459
80 356
28 166
88 217
129 218
179 335
220 336
32 285
82 402
142 453
141 228
273 347
292 397
42 222
83 223
135 413
234 392
46 341
137 459
136 234
134 161
227 352
347 454
39 301
89 418
37 228
190 470
148 244
239 362
90 239
150 290
241 408
342 460
143 250
294 419
354 470
333 347
44 244
393 398
104 295
145 296
197 486
139 481
6 137
345 357
9 408
97 255
289 425
349 476
8 183
151 491
159 352
250 470
2 368
57 75
62 419
208 244
1 143
340 363
400 414
111 311
59 121
152 312
212 363
460 465
303 481
14 378
113 357
352 373
11 80
117 476
15 199
414 470
455 471
226 419
69 435
17 245
129 486
108 363
467 481
66 137
71 481
219 379
167 189
29 255
122 446
409 476
120 373
161 374
221 425
23 440
64 441
119 148
124 492
210 266
270 317
22 215
402 436
462 487
61 143
173 384
214 385
76 451
84 312
115 379
175 430
18 446
73 153
224 322
325 374
77 272
127 389
75 199
168 390
228 441
176 251
30 456
38 317
79 318
126 164
170 436
230 487
68 159
128 210
188 261
320 380
31 277
380 431
91 328
182 446
130 256
223 447
80 169
33 323
181 221
184 492
332 390
392 441
32 98
183 267
274 385
334 436
45 333
86 334
177 452
195 277
286 395
327 396
387 447
137 272
1 411
288 441
40 339
100 390
339 406
3 457
37 41
42 385
190 283
281 401
0 159
192 329
51 124
343 498
54 395
95 396
155 447
144 288
92 98
204 339
245 340
295 457
336 458
47 355
107 406
5 129
10 473
44 57
49 401
197 299
48 176
158 344
199 345
259 396
9 221
102 412
5 479
60 186
13 340
151 304
99 114
211 355
114 422
153 350
213 401
56 417
116 468
264 366
14 191
55 192
454 463
113 170
206 361
266 412
305 340
16 237
117 289
208 407
70 473
106 130
111 474
166 181
226 232
317 350
129 299
160 366
108 176
32 366
11 243
71 294
29 68
34 412
461 479
120 186
161 187
273 428
312 356
23 253
64 254
372 407
124 305
275 474
27 372
25 299
118 490
173 197
217 469
324 366
365 367
76 264
24 74
29 418
115 192
227 433
175 243
328 485
276 295
326 412
18 259
78 310
138 361
229 479
77 85
319 372
379 423
420 424
38 130
79 131
131 321
222 439
323 491
92 366
224 485
31 90
36 434
91 141
242 310
283 311
333 428
374 429
434 480
33 136
145 377
186 378
236 495
87 372
235 270
386 439
427 440
45 146
50 490
86 147
177 265
237 316
297 367
388 485
80 332
200 434
98 157
189 275
142 429
290 327
1 224
4 495
40 152
441 496
100 203
193 394
191 321
251 372
383 491
154 439
195 440
52 162
93 163
147 399
155 260
205 377
246 378
108 444
209 496
47 168
107 219
148 220
198 337
146 147
258 388
299 389
51 287
101 404
161 455
202 456
311 399
61 224
102 225
214 466
162 276
253 394
5 292
65 343
63 270
255 440
114 235
67 389
153 163
306 405
366 456
116 281
176 332
267 450
79 399
21 394
169 292
320 461
72 359
20 169
111 287
171 338
262 456
14 354
74 405
160 179
220 230
373 472
371 399
123 297
71 107
164 298
274 466
315 467
26 364
34 225
125 343
226 395
23 66
28 410
83 117
327 477
275 287
27 185
25 112
118 303
178 354
238 405
76 77
141 472
227 246
180 400
39 195
18 72
42 466
78 123
231 365
229 292
330 344
41 241
132 359
233 411
30 82
35 426
95 477
134 405
222 252
342 354
433 472
37 472
133 180
224 298
284 349
36 247
127 365
187 416
247 467
30 432
85 139
186 191
236 308
277 309
48 257
428 478
139 375
87 185
240 427
143 494
289 319
242 473
99 195
140 196
200 247
291 365
351 416
43 263
392 417
194 432
142 242
254 483
6 381
97 499
193 207
243 324
344 376
55 273
154 252
195 253
346 422
98 320
117 370
249 489
20 437
59 365
147 212
207 263
298 381
358 432
17 139
58 140
110 330
149 258
261 499
209 309
300 427
11 324
112 376
203 494
411 443
10 99
15 443
161 268
293 387
353 438
64 335
17 489
413 489
163 314
355 484
66 381
214 279
167 433
406 449
5 105
65 156
63 83
156 274
276 376
367 494
408 495
67 202
158 320
22 459
61 387
360 454
19 161
170 330
271 382
73 397
21 207
174 449
70 99
75 443
130 150
223 341
264 342
126 408
74 218
225 387
68 403
128 454
86 228
34 38
177 346
125 156
218 347
278 398
88 274
181 465
468 495
179 392
82 459
81 234
232 403
83 280
234 449
192 223
35 239
384 393
95 290
227 409
287 460
39 358
0 403
148 301
96 111
127 178
187 229
338 398
30 245
49 295
90 296
439 450
48 70
53 414
139 188
331 358
451 460
50 116
201 285
294 476
13 234
393 455
104 352
2 75
48 420
67 470
103 127
194 245
4 121
9 465
97 312
105 173
157 363
248 481
55 86
60 430
99 358
159 409
2 425
62 476
57 132
117 183
20 250
340 420
400 471
59 178
152 369
243 487
55 436
110 143
261 312
302 313
352 430
11 137
16 481
453 482
203 307
263 358
15 256
106 374
166 425
205 353
69 492
108 420
407 487
11 487
66 194
219 436
167 246
217 363
258 364
29 312
161 431
18 153
64 498
119 205
270 374
22 272
402 493
173 441
214 442
272 420
24 318
84 369
115 436
114 211
133 261
174 262
224 379
325 431
36 328
77 329
75 256
38 374
126 221
277 390
68 216
128 267
188 318
31 334
380 488
80 226
28 36
33 380
179 205
332 447
371 375
82 272
142 323
183 324
274 442
334 493
383 385
135 283
83 93
195 334
286 452
327 453
46 211
35 52
95 103
100 447
339 463
39 171
378 391
89 288
42 442
149 339
190 340
438 442
281 458
192 386
390 401
49 108
95 453
202 350
150 160
293 468
241 278
301 329
53 227
433 448
144 345
204 396
47 412
102 119
107 463
148 464
146 391
5 186
385 407
445 458
44 114
49 458
104 165
255 334
296 335
67 283
158 401
9 278
97 125
102 469
248 294
308 345
60 243
8 53
151 361
211 412
250 340
114 479
62 289
452 474
56 474
111 181
152 182
264 423
303 351
14 248
55 249
113 227
206 418
266 469
164 192
208 464
356 362
106 187
166 238
358 408
69 305
17 115
160 423
108 233
32 423
118 197
71 351
219 249
310 367
370 418
29 125
122 316
120 243
161 244
273 485
221 295
372 464
83 361
215 480
27 429
25 356
233 305
324 423
365 424
425 475
227 490
268 491
326 469
18 316
138 418
377 434
36 141
41 485
228 311
319 429
30 326
379 480
131 378
230 357
133 424
432 491
31 147
182 316
374 486
186 435
184 362
82 85
235 327
45 203
177 322
80 389
140 440
200 491
98 214
189 332
137 142
142 486
249 383
288 311
152 450
100 260
480 481
191 378
251 429
292 430
94 445
149 152
52 219
0 29
244 389
343 368
147 456
17 383
58 384
204 209
107 276
487 497
258 445
299 446
101 461
109 322
7 45
67 96
158 214
199 215
311 456
5 349
65 400
255 497
2 51
114 292
62 102
153 220
213 271
56 287
405 441
116 338
14 61
165 230
206 231
266 282
357 400
68 297
16 107
21 451
169 349
260 467
208 277
359 446
70 343
130 394
171 395
410 411
33 461
69 118
74 462
160 236
261 288
32 236
123 354
71 164
183 405
86 472
122 129
273 298
226 452
364 416
424 467
28 467
465 468
83 174
124 175
215 293
275 344
118 360
238 462
81 478
227 303
180 457
268 304
328 355
39 252
138 231
231 422
229 349
41 298
132 416
192 467
233 468
30 139
35 483
134 462
282 360
342 411
185 427
245 478
284 406
127 422
146 472
187 473
30 489
145 247
236 365
337 417
48 314
139 432
199 483
240 484
50 360
289 376
8 134
13 478
99 252
252 494
291 422
2 319
43 320
392 474
103 371
194 489
105 417
193 264
344 433
55 330
3 140
8 484
154 309
346 479
117 427
20 494
246 248
358 489
399 490
110 387
58 197
397 417
108 314
149 315
209 366
300 484
11 381
52 382
112 433
198 207
10 156
49 84
161 325
109 135
12 202
163 371
61 94
214 336
253 264
65 213
115 330
63 140
216 382
276 433
255 310
18 397
119 449
158 377
56 100
168 341
121 495
176 202
267 320
308 321
19 218
79 269
459 490
211 388
68 110
21 264
260 280
320 331
70 156
171 208
283 449
262 326
322 377
126 465
123 167
183 218
315 337
26 234
375 388
86 285
177 403
125 213
218 404
80 470
28 280
88 331
179 449
327 347
27 55
118 173
238 275
269 342
329 393
141 342
232 460
180 270
39 65
42 336
83 337
41 111
46 455
285 471
233 281
324 399
35 296
384 450
95 347
136 348
227 466
185 240
437 461
148 358
146 285
187 286
247 337
51 425
90 353
150 404
48 127
139 245
331 415
391 466
5 430
13 291
44 358
104 409
252 307
444 477
103 184
194 302
6 251
4 178
97 369
157 420
105 230
196 348
60 487
8 297
99 415
398 482
57 189
117 240
208 358
249 359
309 410
340 477
111 425
59 235
152 426
212 477
14 492
55 493
110 200
302 370
352 487
52 195
112 246
106 431
205 410
64 205
12 15
17 359
316 426
167 303
217 420
318 472
24 25
29 369
115 143
120 487
307 313
18 210
67 72
210 380
270 431
311 432
330 482
173 498
272 477
24 375
79 82
84 426
115 493
170 200
230 251
323 442
73 267
133 318
325 488
314 329
374 380
33 87
74 88
126 278
165 206
225 257
68 273
128 324
279 493
26 47
86 98
130 370
369 386
80 283
33 437
429 437
280 314
82 329
142 380
183 381
40 103
45 447
232 273
292 324
42 149
234 319
137 386
35 109
40 453
136 161
155 211
246 329
347 381
58 278
378 448
89 345
149 396
190 397
148 171
239 289
299 340
390 458
431 459
90 166
202 407
150 217
241 335
301 386
53 284
144 402
204 453
47 469
102 176
143 177
146 448
5 243
104 222
197 413
255 391
7 289
67 340
158 458
199 459
97 182
349 403
60 300
159 279
252 470
2 295
153 464
361 413
20 120
152 239
243 357
262 407
363 459
165 474
206 475
164 249
356 419
20 470
106 244
218 485
129 413
27 136
32 480
71 408
219 306
217 233
310 424
122 373
120 300
180 351
221 352
23 367
124 419
22 142
25 413
173 311
233 362
324 480
272 290
76 378
24 188
84 239
115 306
175 357
39 496
18 373
73 80
377 491
416 419
127 316
75 126
168 317
319 486
30 383
38 244
131 435
230 414
68 86
87 136
128 137
133 481
279 306
31 204
91 255
471 476
130 183
242 424
80 96
33 250
85 440
140 147
43 214
423 435
483 486
87 486
142 193
183 194
45 260
105 311
196 429
99 496
286 322
346 373
98 271
46 81
290 441
1 338
40 266
191 435
251 486
58 91
149 209
190 210
302 451
52 276
244 446
304 497
54 322
155 374
205 491
246 492
293 338
17 440
53 97
58 441
204 266
107 333
198 451
5 56
10 400
49 328
109 379
197 226
257 277
348 395
408 446
7 102
12 446
67 153
158 271
259 323
350 441
61 338
9 148
5 406
65 457
63 384
151 231
211 282
252 283
362 451
2 108
21 158
62 159
213 328
77 467
56 344
116 395
176 446
415 462
14 118
19 462
55 119
74 169
456 463
165 287
206 288
68 354
72 473
70 400
130 451
410 468
280 395
321 396
32 293
71 221
183 462
26 478
122 186
125 457
273 355
215 350
275 401
27 299
25 226
118 417
76 191
136 242
227 360
268 361
328 412
39 309
37 236
78 237
138 288
231 479
229 406
330 458
41 355
127 129
132 473
30 196
90 247
38 57
131 248
342 468
133 294
284 463
36 361
143 258
96 412
333 355
393 406
145 304
186 305
236 422
184 232
337 474
139 489
87 299
45 73
105 124
289 433
237 243
8 191
388 412
99 309
140 310
291 479
2 376
103 428
4 422
40 79
100 130
105 474
193 321
191 248
344 490
3 197
443 469
52 89
57 433
117 484
59 479
298 495
110 444
58 254
209 423
11 438
47 95
52 439
71 489
107 146
112 490
450 485
49 141
161 382
109 192
12 259
311 326
402 444
66 495
121 202
162 203
253 321
313 372
24 269
65 270
115 387
156 388
276 490
18 454
306 332
366 383
56 157
116 208
176 259
267 377
170 444
68 167
260 337
72 286
70 213
223 455
171 265
262 383
322 434
33 331
74 332
165 450
373 399
32 106
123 224
183 275
375 445
34 152
125 270
28 337
327 404
25 39
178 281
269 399
329 450
40 347
81 348
141 399
39 122
37 49
42 393
83 394
231 292
281 409
41 168
35 353
95 404
136 405
155 455
39 472
37 399
185 297
148 415
146 342
187 343
247 394
49 409
90 410
150 461
139 302
199 353
331 472
102 420
143 421
201 399
104 466
103 241
442 461
194 359
254 410
6 308
4 235
97 426
157 477
105 287
243 251
117 297
208 415
309 467
106 138
59 292
111 482
152 483
298 308
358 359
110 257
58 67
149 185
261 426
209 236
11 251
71 302
164 493
203 421
10 26
106 488
161 195
312 364
64 262
413 416
256 432
316 483
27 380
118 498
217 477
365 375
24 82
29 426
65 83
115 200
156 201
268 442
276 303
307 370
367 421
270 488
22 386
121 365
360 381
420 432
19 88
79 139
84 483
170 257
230 308
271 309
323 499
362 427
73 324
21 134
133 375
72 99
75 370
223 268
283 319
314 386
374 437
415 438
33 144
38 488
186 386
165 263
184 313
225 314
376 483
68 330
188 432
427 448
26 104
31 448
91 499
177 273
130 427
218 274
369 443
429 494
33 494
140 391
88 201
280 371
43 458
82 386
142 437
40 160
81 161
193 402
141 212
172 279
232 330
42 206
135 397
195 448
234 376
93 171
46 325
137 443
285 341
35 166
95 217
134 145
287 387
58 335
89 402
37 212
190 454
0 330
146 155
239 346
51 295
90 223
202 464
301 443
53 341
102 233
143 234
201 212
354 454
13 161
255 448
67 397
153 171
56 238
9 392
157 290
308 459
60 357
8 167
151 475
159 336
21 402
57 59
62 403
361 470
20 177
59 105
152 296
212 347
303 465
74 413
113 341
71 115
112 116
164 306
315 475
263 285
356 476
15 183
414 454
106 301
226 403
64 75
215 244
118 311
66 121
71 465
219 363
217 290
310 481
318 342
29 239
409 460
18 80
23 424
124 476
210 250
330 352
25 470
462 471
121 178
233 419
272 347
76 435
24 245
84 296
134 413
175 414
18 430
37 480
73 137
474 481
133 188
224 306
265 307
416 476
127 373
75 183
30 440
90 491
186 199
277 317
230 471
428 486
87 193
128 194
188 245
380 415
182 430
242 481
80 153
85 497
184 476
332 374
43 271
392 425
82 199
142 250
235 441
334 420
45 317
105 368
193 215
196 486
237 487
8 435
135 210
387 431
98 328
46 138
137 256
249 497
288 425
191 492
339 390
399 441
3 441
58 148
89 215
149 266
190 267
281 385
52 333
93 334
401 487
54 379
155 431
394 447
53 154
295 441
107 390
167 441
146 318
109 436
197 283
257 334
255 261
348 452
7 159
199 329
259 380
350 498
61 395
9 205
121 446
162 447
60 170
63 441
151 288
252 340
250 267
21 215
62 216
114 406
174 457
153 334
56 401
116 452
264 350
262 277
113 154
68 411
16 221
169 463
70 457
106 114
218 355
69 232
129 283
160 350
220 401
321 453
32 350
118 124
71 278
123 468
34 396
122 243
120 170
180 221
221 222
273 412
372 391
83 288
124 289
215 407
234 457
275 458
27 356
25 283
324 350
84 109
227 417
175 227
268 418
328 469
326 396
37 293
78 294
138 345
41 412
127 186
228 238
319 356
30 253
379 407
90 304
282 474
92 350
240 248
331 366
96 469
182 243
242 294
335 485
333 412
393 463
85 310
434 464
184 289
43 84
48 428
87 356
386 423
45 130
50 474
105 181
289 490
297 351
388 469
140 367
200 418
2 433
43 434
98 141
103 485
189 259
249 310
1 208
340 428
381 429
441 480
40 136
152 377
100 187
243 495
191 305
3 254
94 372
52 146
57 490
93 147
304 367
54 192
207 434
155 244
205 361
17 310
108 428
256 326
209 480
448 496
47 152
198 321
258 372
299 373
318 423
10 270
221 490
12 316
311 383
61 208
9 18
121 259
214 450
65 327
63 254
216 496
21 28
114 219
265 388
306 389
56 214
168 455
116 265
176 316
267 434
19 332
79 383
16 34
21 378
169 276
70 270
171 322
262 440
322 491
33 388
74 389
123 281
274 450
315 451
26 348
172 173
125 327
28 394
83 101
327 461
46 219
426 440
25 96
137 337
178 338
238 389
269 456
40 404
81 405
227 230
39 179
378 399
37 106
42 450
78 107
138 158
231 349
281 466
93 415
41 225
30 66
134 389
222 236
282 287
37 456
245 405
284 333
148 472
96 282
146 399
187 400
49 466
85 123
90 467
236 292
296 343
48 241
199 410
102 477
50 287
143 478
201 456
349 354
8 61
13 405
440 472
99 179
140 180
252 421
250 348
291 349
2 246
43 247
194 416
254 467
1 21
4 292
97 483
152 190
105 344
303 359
344 360
3 67
8 411
435 478
305 405
346 406
57 303
208 472
356 370
15 77
106 195
298 365
358 416
418 467
17 123
110 314
209 293
300 411
71 359
112 360
203 478
411 427
10 83
15 427
101 201
221 303
64 319
413 473
124 370
215 488
256 489
214 263
406 433
24 139
115 257
216 309
276 360
119 376
210 494
77 150
75 77
121 422
168 268
420 489
19 145
24 489
170 314
230 365
73 381
133 432
36 499
72 156
70 83
75 427
130 134
223 325
283 376
314 443
374 494
33 201
74 202
186 443
184 370
225 371
128 438
188 489
26 161
177 330
125 140
237 381
278 382
28 207
88 258
82 443
137 150
142 494
40 217
81 218
193 459
141 269
480 489
172 336
232 387
42 263
93 228
46 382
132 156
285 398
343 376
35 223
95 274
155 325
475 495
347 495
58 392
89 459
37 269
0 387
146 212
187 213
239 403
247 264
299 454
51 352
338 382
49 279
90 280
150 331
12 397
48 54
53 398
139 172
331 342
9 99
50 100
253 459
294 460
5 357
65 408
393 439
104 336
7 403
43 60
62 110
67 454
103 111
153 228
306 470
254 280
6 178
56 295
97 296
405 449
157 347
105 157
446 450
55 70
60 414
206 239
398 409
21 459
57 116
62 460
208 285
309 337
20 234
171 403
74 470
110 127
113 398
261 296
321 347
352 414
11 121
453 466
164 363
203 291
15 240
106 358
226 460
124 183
215 301
256 302
27 250
407 471
118 368
219 420
217 347
180 465
221 466
18 137
23 481
119 189
210 307
270 358
330 409
121 235
233 476
272 404
76 492
24 302
84 353
134 470
222 317
174 246
224 363
325 415
36 312
96 363
75 240
187 481
228 482
30 497
38 358
126 205
186 256
337 425
87 250
128 251
188 302
279 420
31 318
91 369
140 261
179 189
332 431
82 256
235 498
334 477
105 425
42 76
195 318
234 246
346 487
387 488
46 195
1 452
288 482
59 430
100 431
246 256
339 447
399 498
3 498
397 425
149 323
281 442
341 493
0 200
49 92
54 436
90 93
109 143
155 488
202 334
293 452
301 313
12 210
53 211
144 329
204 380
295 498
102 103
167 498
253 272
5 170
65 221
385 391
44 98
104 149
109 493
197 340
255 318
7 216
67 267
447 488
158 385
259 437
56 108
9 262
61 452
97 109
157 160
248 278
308 329
368 380
60 227
459 498
63 498
151 345
211 396
159 206
250 324
21 272
62 273
153 391
213 442
452 458
111 165
171 216
212 217
262 334
14 232
363 386
74 283
165 401
113 211
16 278
164 176
315 345
15 53
106 171
317 391
28 288
418 443
129 340
160 407
27 63
32 407
118 181
71 335
370 402
81 299
29 109
34 453
172 417
120 227
221 279
372 448
124 346
22 69
27 413
25 340
324 407
384 458
76 305
425 459
136 356
84 166
134 283
227 474
37 350
78 351
138 402
377 418
437 469
41 469
96 176
127 243
30 310
379 464
38 171
240 305
331 423
432 475
91 182
182 300
242 351
333 469
85 367
145 418
184 346
43 141
48 485
87 413
196 356
237 357
140 424
200 475
43 491
98 198
189 316
290 368
1 265
100 244
193 435
251 413
3 311
94 429
154 480
302 378
300 305
52 203
112 254
203 372
244 373
304 424
54 249
207 491
12 23
256 383
47 209
107 260
167 311
258 429
318 480
10 327
101 445
12 373
67 80
158 198
121 316
24 383
65 384
21 85
62 86
114 276
494 497
153 204
77 394
56 271
75 321
267 491
74 96
165 214
225 265
357 384
16 91
128 332
169 333
260 451
31 399
130 378
171 379
28 101
69 102
74 446
181 343
160 220
220 271
280 322
321 323
32 220
472 492
183 389
81 112
34 266
172 230
273 282
364 400
23 107
28 451
83 158
234 327
275 328
40 461
81 462
136 169
227 287
287 338
328 339
39 236
378 456
37 163
190 405
231 406
229 333
93 472
41 282
132 400
192 451
431 467
131 175
134 446
222 293
185 411
284 390
47 477
146 456
187 457
335 355
385 472
85 180
145 231
296 400
337 401
48 298
139 416
97 190
289 360
349 411
8 118
99 236
140 237
159 287
200 288
252 478
291 406
351 457
62 354
6 422
4 349
152 247
193 248
243 365
303 416
3 124
154 293
305 462
57 360
117 411
356 427
106 252
54 62
205 231
298 422
17 180
108 298
209 350
71 416
112 417
411 484
10 140
15 484
409 411
101 258
161 309
221 360
312 478
64 376
12 186
124 427
163 355
25 421
66 422
121 129
214 320
365 489
406 490
24 196
65 197
404 417
464 468
63 124
156 315
175 365
276 417
78 432
119 433
77 207
416 427
75 134
116 135
168 325
176 186
228 376
319 494
19 202
131 443
79 253
170 371
230 422
271 423
68 94
128 145
133 489
174 490
260 264
31 212
72 213
471 484
75 484
130 191
283 433
322 361
33 258
126 449
225 428
87 494
123 151
128 495
183 202
274 320
334 371
177 387
237 438
278 439
28 264
179 433
327 331
290 449
329 377
389 428
81 275
141 326
234 490
382 388
46 439
132 213
192 264
285 455
35 280
384 434
155 382
134 259
58 449
144 223
185 224
245 275
336 393
47 290
0 444
396 444
148 342
239 460
51 409
49 336
109 387
150 388
12 454
48 111
139 229
199 280
240 281
259 331
391 450
9 156
50 157
102 347
162 398
201 326
44 342
104 393
252 291
403 460
7 460
62 167
254 337
6 235
345 455
56 352
4 162
97 353
157 404
456 471
60 471
206 296
57 173
309 394
111 409
171 460
160 301
108 111
113 455
352 471
11 178
203 348
263 399
15 297
106 415
125 465
166 466
64 189
215 358
163 168
275 409
316 410
27 307
25 234
66 235
118 425
217 404
29 353
115 127
120 471
175 178
328 420
18 194
210 364
270 415
330 466
22 313
173 482
272 461
131 256
84 410
222 374
170 184
323 426
73 251
133 302
284 471
325 472
36 369
96 420
33 71
126 262
186 313
184 240
376 410
87 307
128 308
188 359
26 31
31 375
91 426
28 77
140 318
88 128
181 319
179 246
332 488
82 313
142 364
81 88
193 329
172 206
191 256
232 257
292 308
383 426
94 323
42 133
443 477
286 493
93 98
46 252
436 437
59 487
95 144
100 488
147 334
246 313
287 314
347 365
397 482
89 329
149 380
209 431
47 103
52 447
112 498
148 155
239 273
299 324
51 222
390 442
450 493
49 149
54 493
109 200
150 201
202 391
491 494
301 370
12 267
53 268
144 386
204 437
102 160
253 329
354 381
13 88
44 155
156 396
197 397
257 448
67 324
259 494
6 48
157 217
248 335
308 386
368 437
60 284
151 402
21 329
62 330
153 448
213 499
20 104
111 222
264 464
212 274
262 391
363 443
74 340
165 458
206 459
16 335
164 233
356 403
15 110
34 160
125 278
166 279
218 469
226 330
317 448
28 345
69 346
129 397
32 464
178 289
219 290
310 408
370 459
81 356
29 166
120 284
23 351
83 402
231 300
233 346
272 274
76 362
136 413
134 340
175 341
39 480
37 407
78 408
138 459
224 233
36 182
96 233
127 300
75 110
187 351
228 352
319 470
90 418
38 228
131 419
87 120
92 464
331 480
31 188
91 239
430 459
182 357
44 423
85 424
43 198
142 177
6 316
334 347
45 244
105 295
196 413
297 465
3 18
8 362
94 136
99 480
135 137
346 357
290 425
309 475
1 322
288 352
59 300
100 301
191 419
251 470
3 368
94 486
341 363
0 70
112 311
244 430
106 496
54 306
147 497
205 475
293 322
353 373
12 80
17 424
204 250
355 419
107 317
167 368
258 486
65 91
109 363
197 210
257 261
348 379
408 430
7 86
259 307
350 425
61 322
9 132
19 96
24 440
151 215
271 317
62 143
213 312
72 107
77 451
75 378
264 277
415 446
19 446
74 153
79 497
165 271
357 441
417 492
16 148
128 389
169 390
31 456
72 457
70 384
130 435
218 282
278 333
410 452
28 158
69 159
181 400
129 210
160 277
220 328
280 379
32 277
371 497
26 462
81 169
34 323
122 170
125 441
273 339
23 164
83 215
234 384
46 333
25 210
137 451
178 452
76 175
136 226
287 395
328 396
39 293
37 220
78 221
190 462
138 272
231 463
229 390
41 339
132 457
30 180
90 231
38 41
131 232
282 401
53 349
144 467
92 277
185 468
284 447
50 51
96 396
143 242
294 411
44 236
85 237
197 478
236 406
337 458
6 129
50 401
105 108
196 226
289 417
349 468
388 396
99 293
200 345
250 462
291 463
2 360
62 411
103 412
6 479
340 355
400 406
4 406
152 304
243 422
191 232
251 283
55 371
3 181
94 299
154 350
57 417
112 124
203 242
356 484
15 191
395 412
106 309
147 310
205 288
298 479
397 458
66 129
71 473
107 130
112 474
167 181
318 350
10 197
409 468
450 469
161 366
109 176
64 433
210 258
402 428
25 478
61 135
66 479
121 186
162 187
214 377
462 479
272 355
24 253
65 254
84 304
404 474
115 371
175 422
216 423
276 474
174 197
265 315
366 367
77 264
416 484
75 191
116 192
176 243
267 361
170 428
230 479
469 495
68 151
73 495
320 372
31 269
223 439
283 490
322 418
181 213
184 484
373 383
32 90
123 208
183 259
274 377
375 429
86 326
34 136
177 444
125 254
237 495
179 490
327 388
46 146
137 264
178 265
238 316
288 433
329 434
40 331
389 485
141 383
3 449
42 377
190 275
281 393
341 444
382 445
46 496
192 321
343 490
95 388
394 455
53 162
144 280
245 332
336 450
47 347
148 399
49 393
197 291
150 445
139 286
199 337
259 388
9 213
50 214
102 404
162 455
44 399
104 450
2 173
103 225
194 343
97 410
157 461
55 184
94 112
113 162
154 163
57 230
117 281
208 399
309 451
20 348
111 466
69 240
449 461
108 168
209 220
11 235
71 286
112 287
164 477
122 251
221 230
312 348
64 246
215 415
163 225
275 466
217 461
29 410
84 117
115 184
268 426
328 477
307 354
18 251
367 405
78 302
119 303
210 421
270 472
22 370
168 195
228 246
319 364
360 365
131 313
79 123
84 467
222 431
170 241
230 292
422 462
133 359
224 477
36 426
96 477
75 354
283 303
314 370
374 421
33 128
38 472
225 298
128 365
188 416
427 432
31 432
177 257
237 308
278 309
388 477
80 324
429 478
140 375
88 185
181 376
179 303
43 442
103 493
82 370
142 421
290 319
45 488
482 489
100 195
193 386
232 314
3 262
383 483
94 380
135 381
195 432
98 499
285 325
436 494
147 391
95 201
155 252
246 370
58 319
149 437
148 212
299 381
51 279
390 499
49 206
109 257
202 448
241 376
301 427
12 324
53 325
9 26
102 217
253 386
5 284
354 438
65 335
44 212
156 453
104 263
7 330
67 381
153 155
158 499
306 397
6 105
56 222
9 376
97 223
116 273
248 392
308 443
368 494
60 341
159 320
16 42
62 387
169 284
260 402
208 212
361 454
72 351
359 381
111 279
14 346
113 325
11 48
263 269
226 387
28 402
275 279
118 295
66 105
178 346
219 347
217 274
310 465
81 413
29 223
122 414
120 341
180 392
18 64
23 408
78 115
83 459
231 357
22 183
25 454
233 403
272 331
35 418
84 280
134 397
175 398
37 464
73 121
78 465
224 290
325 342
36 239
416 460
127 357
30 424
90 475
38 285
126 132
131 476
469 471
87 177
240 419
188 229
279 347
50 295
91 296
143 486
242 465
85 481
140 188
181 189
200 239
291 357
332 358
392 409
103 306
82 183
235 425
6 373
45 301
105 352
193 199
196 470
344 368
3 75
8 419
435 486
94 193
135 194
195 245
286 363
346 414
98 312
189 430
249 481
1 379
288 409
339 374
3 425
58 132
89 199
149 250
209 301
302 492
300 419
401 471
52 317
0 127
112 368
203 486
244 487
15 435
51 92
101 209
54 363
202 261
293 379
353 430
394 431
12 137
53 138
144 256
256 497
295 425
355 476
47 323
66 373
198 492
406 441
5 97
10 441
65 148
63 75
109 420
156 266
216 317
257 318
348 436
408 487
7 143
119 384
158 312
259 364
22 451
61 379
360 446
19 153
63 425
151 272
211 323
271 374
362 492
21 199
213 369
116 436
74 210
165 328
113 138
68 395
169 447
70 441
125 148
130 492
278 390
317 318
28 215
69 216
181 457
129 267
160 334
220 385
280 436
32 334
269 277
81 226
34 380
172 344
120 154
125 498
180 205
273 396
23 221
234 441
275 442
46 390
132 164
324 334
35 231
136 283
84 93
134 210
227 401
287 452
328 453
39 350
326 380
37 277
138 329
229 447
0 395
36 52
96 103
127 170
187 221
338 390
90 288
38 98
150 339
439 442
241 457
53 406
331 350
50 108
91 109
143 299
182 227
242 278
333 396
85 294
236 463
43 68
194 237
235 238
6 186
386 407
9 457
50 458
97 304
446 458
196 283
289 474
388 453
99 350
200 402
2 417
62 468
98 125
103 469
249 294
309 345
1 192
340 412
400 463
4 463
441 464
100 171
212 412
243 479
191 289
251 340
55 428
3 238
113 406
154 407
16 473
52 130
57 474
112 181
453 474
203 299
244 300
304 351
15 248
395 469
106 366
54 176
147 367
166 417
69 484
17 294
108 412
209 464
316 361
407 479
66 186
107 187
219 428
167 238
198 305
258 356
318 407
10 254
122 495
101 372
221 474
64 490
119 197
210 315
163 469
311 367
214 434
272 412
313 413
24 310
84 361
115 428
63 238
175 479
216 480
18 495
174 254
325 423
366 424
77 321
75 248
116 249
176 300
267 418
170 485
68 208
16 18
128 259
260 378
31 326
72 327
70 254
130 305
223 496
322 475
179 197
82 264
123 265
274 434
26 332
86 383
34 193
88 429
234 254
387 496
46 203
137 321
238 373
288 490
329 491
35 44
40 388
100 439
378 383
37 90
281 450
0 208
41 209
93 399
132 327
30 50
35 394
155 496
53 219
144 337
185 338
47 404
44 106
49 450
197 348
145 158
236 276
139 343
488 497
199 394
259 445
97 117
50 271
248 286
201 440
8 45
13 389
44 456
151 353
99 163
440 456
200 215
250 332
2 230
62 281
103 282
153 399
194 400
213 450
254 451
6 349
152 174
212 225
243 292
303 343
363 394
55 241
113 219
206 410
266 461
16 286
208 456
15 61
166 230
298 349
358 400
69 297
17 107
110 298
160 415
108 225
261 467
11 292
219 241
310 359
10 67
34 461
101 185
161 236
221 287
312 405
372 456
64 303
413 457
215 472
163 282
22 77
27 421
66 349
425 467
24 123
29 467
84 174
115 241
268 483
18 308
367 462
119 360
22 427
168 252
228 303
319 421
360 422
19 129
131 370
222 488
170 298
230 349
133 416
31 139
36 483
72 140
182 308
223 309
283 360
374 478
126 376
184 354
87 421
188 473
427 489
26 145
177 314
237 365
278 366
297 416
80 381
200 483
43 499
142 478
381 494
40 201
193 443
191 370
292 422
3 319
42 247
135 438
195 489
35 207
246 427
347 479
89 443
144 150
295 319
0 371
487 489
146 196
239 387
299 438
51 336
338 366
101 453
49 263
109 314
301 484
12 381
53 382
139 156
199 207
350 376
9 83
50 84
162 325
201 253
294 444
354 495
65 392
13 202
151 166
104 320
255 489
2 43
67 438
306 454
254 264
6 162
116 330
248 449
19 397
357 392
16 99
21 443
117 151
260 459
72 408
359 438
171 387
69 110
110 111
160 228
113 382
261 280
321 331
412 449
11 105
71 156
263 326
34 274
414 495
226 444
28 459
64 116
69 460
124 167
215 285
275 336
316 337
407 455
25 161
66 162
118 352
217 331
29 280
122 471
268 296
328 347
18 121
23 465
119 173
210 291
229 341
330 393
22 240
132 408
173 409
233 460
84 337
134 454
222 301
282 352
323 353
185 419
133 229
224 347
284 398
325 399
36 296
187 465
30 481
85 188
38 342
126 189
277 358
87 234
240 476
188 286
91 353
182 471
332 415
43 312
82 240
235 482
45 358
105 409
8 476
94 250
42 60
195 302
286 420
346 471
98 369
189 487
288 466
54 70
59 414
100 415
147 261
399 482
397 409
209 358
52 374
112 425
198 199
10 148
15 492
51 149
49 76
109 127
202 318
293 436
12 194
204 364
107 431
167 482
253 256
406 498
10 498
65 205
13 15
404 425
63 132
104 133
156 323
216 374
307 492
255 302
348 493
7 200
119 441
158 369
116 143
121 487
308 313
60 211
63 482
151 329
211 380
271 431
21 256
114 447
174 498
260 272
213 426
20 31
111 149
171 200
264 391
262 318
14 216
74 267
454 488
113 195
225 436
266 437
68 452
16 262
34 87
466 498
70 498
218 396
317 375
69 273
129 324
179 441
220 442
280 493
32 391
310 335
329 385
81 283
29 93
34 437
273 453
83 329
234 498
41 103
46 447
132 221
285 463
233 273
324 391
35 288
76 289
384 442
136 340
134 267
39 407
37 334
185 232
138 386
377 402
437 453
36 109
41 453
247 329
338 447
30 294
90 345
38 155
53 463
240 289
331 407
391 458
432 459
50 165
91 166
333 453
85 351
145 402
444 469
43 125
48 469
6 243
386 464
4 170
45 171
105 222
297 392
99 407
159 458
200 459
398 474
2 474
57 181
189 300
249 351
309 402
1 249
340 469
152 418
212 469
55 485
3 295
110 192
113 463
304 408
15 305
106 423
166 474
207 475
205 402
17 351
108 469
163 176
256 367
66 243
107 244
219 485
167 295
198 362
258 413
318 464
10 311
101 429
161 480
210 372
158 182
311 424
22 321
61 249
272 469
313 470
19 23
84 418
115 485
63 295
21 69
114 260
265 429
213 239
366 481
77 378
75 305
116 306
168 496
314 321
267 475
14 29
19 373
79 424
165 198
225 249
357 368
376 418
128 316
26 39
91 434
70 311
130 362
28 85
33 429
88 136
129 137
280 306
472 476
183 373
141 147
172 214
364 384
424 435
484 486
83 142
426 481
137 378
238 430
40 445
76 102
141 497
287 322
39 220
378 440
37 147
479 492
190 389
138 199
229 317
0 265
93 456
431 451
30 107
35 451
150 209
241 327
53 276
433 497
92 204
185 395
294 338
335 339
385 456
44 163
85 164
104 214
296 384
7 281
48 282
139 400
199 451
6 56
9 327
157 225
248 343
349 395
8 102
13 446
99 220
351 441
103 339
153 456
4 333
243 349
303 400
363 451
206 467
154 277
356 411
20 462
106 236
166 287
207 288
298 406
17 164
110 355
160 472
108 282
11 349
310 416
411 468
10 124
122 365
312 462
23 359
163 339
22 134
27 478
25 405
61 62
66 406
365 473
76 370
24 180
84 231
115 298
175 349
276 401
307 468
18 365
78 416
138 467
22 484
77 191
75 118
116 119
267 288
360 479
38 236
230 406
73 422
128 129
31 196
91 247
70 124
182 365
223 366
283 417
314 484
33 242
126 433
186 484
423 427
82 134
87 478
123 135
183 186
274 304
334 355
86 253
177 371
237 422
297 473
80 438
135 145
140 489
46 73
137 191
290 433
288 360
329 361
40 258
389 412
100 309
191 427
3 376
42 304
0 78
41 79
473 490
244 438
285 439
343 417
35 264
95 315
53 89
144 207
185 208
204 258
245 259
295 376
107 325
198 443
239 444
299 495
109 371
197 218
12 438
48 95
139 213
350 433
9 140
102 331
451 485
60 105
13 259
65 449
63 376
104 377
151 223
252 275
2 100
7 444
62 151
463 495
213 320
254 321
345 439
56 336
4 146
116 387
405 490
55 111
60 455
357 449
398 450
16 156
169 398
117 208
72 465
20 275
359 495
70 392
171 444
410 460
14 460
110 168
160 285
113 439
11 162
123 403
263 383
26 470
34 331
122 178
166 450
364 465
23 172
124 224
275 393
316 394
27 291
178 460
217 388
29 337
328 404
326 331
78 229
138 280
231 471
229 398
270 399
330 450
41 347
132 465
38 49
131 240
222 358
323 410
73 235
224 404
284 455
96 404
127 471
335 420
85 245
33 55
38 399
186 297
376 394
188 343
279 461
91 410
177 184
388 404
140 302
200 353
179 230
103 420
82 297
189 194
142 348
6 487
40 71
45 415
100 122
105 466
193 313
191 240
232 241
251 291
344 482
443 461
135 308
57 425
54 127
95 128
147 318
207 369
298 487
246 297
339 488
347 349
110 436
58 246
89 313
52 431
107 138
112 482
198 256
299 308
51 206
390 426
101 323
54 477
450 477
109 184
293 493
12 251
163 420
66 487
102 144
107 488
162 195
313 364
354 365
65 262
13 72
404 482
63 189
104 190
156 380
216 431
257 432
7 257
119 498
158 426
306 324
366 375
457 493
56 149
157 201
19 267
368 421
211 437
271 488
21 313
72 278
20 88
452 499
70 205
171 257
264 448
14 273
363 427
74 324
165 442
225 493
26 283
375 437
34 144
218 453
226 314
317 432
28 329
88 380
129 381
220 499
238 324
329 442
81 340
29 150
141 391
120 268
23 335
231 284
382 453
41 160
132 278
233 330
324 448
35 345
76 346
136 397
326 494
185 289
138 443
377 459
36 166
96 217
127 284
187 335
247 386
30 351
90 402
38 212
150 453
87 104
92 448
240 346
50 222
91 223
143 413
430 443
104 458
145 459
103 233
442 453
142 161
235 352
254 402
6 300
196 397
297 449
8 346
94 120
99 464
154 171
286 290
57 238
98 239
189 357
309 459
1 306
298 300
251 454
58 59
149 177
209 228
302 419
300 346
112 295
203 413
304 465
10 18
15 362
101 136
106 480
205 459
293 306
353 357
17 408
256 424
204 234
316 475
295 352
167 352
258 470
5 24
10 368
101 486
156 193
307 362
7 70
119 311
210 429
158 239
311 481
22 378
61 306
360 373
60 81
84 475
151 199
211 250
271 301
21 126
463 471
265 486
72 91
77 435
223 260
176 414
314 378
415 430
14 86
38 480
74 137
79 481
126 327
165 255
266 307
68 322
417 476
128 373
91 491
130 419
278 317
369 435
429 486
28 142
470 487
88 193
129 194
179 311
220 312
280 363
371 481
123 379
183 430
26 446
81 153
86 497
141 204
172 271
273 323
424 492
23 148
135 389
83 199
234 368
46 317
137 435
285 333
35 158
76 159
134 137
227 328
287 379
39 277
378 497
89 394
229 374
0 322
132 441
90 215
150 266
301 435
342 436
53 333
146 497
201 204
294 395
13 153
44 220
104 271
145 272
236 390
7 338
48 339
139 457
6 113
4 40
97 231
196 210
289 401
60 349
8 159
99 277
250 446
2 344
62 395
1 119
4 390
152 288
212 339
243 406
251 267
55 355
113 333
154 334
16 400
52 57
57 401
117 452
263 277
15 175
395 396
106 293
207 345
205 272
298 463
69 411
17 221
110 412
11 406
107 114
219 355
198 232
217 282
258 283
318 334
10 181
29 231
120 349
161 350
221 401
23 416
64 417
124 468
210 242
270 293
25 462
61 119
173 360
214 361
24 237
84 288
175 406
276 458
18 422
73 129
78 473
114 130
325 350
416 468
75 175
168 366
228 417
176 227
38 293
126 140
131 484
170 412
469 479
73 479
188 237
279 355
320 356
31 253
380 407
91 304
182 422
130 232
223 423
283 474
33 299
126 490
181 197
332 366
82 191
123 192
235 433
183 243
274 361
86 310
177 428
80 495
135 202
88 356
327 372
46 130
137 248
290 490
238 300
288 417
329 418
40 315
389 469
100 366
141 367
232 485
339 382
39 90
42 361
281 377
341 428
382 429
401 479
0 135
93 326
244 495
192 305
285 496
51 100
54 371
155 423
394 439
53 146
58 490
144 264
204 315
245 316
295 433
47 331
396 485
107 382
148 383
10 449
51 450
49 377
257 326
348 444
7 151
12 495
139 270
350 490
13 316
151 280
104 434
252 332
2 157
62 208
213 377
254 378
345 496
4 203
157 445
55 168
113 146
206 337
305 316
16 213
57 214
169 455
117 265
70 449
111 450
317 326
17 34
110 225
160 342
108 152
261 394
32 342
11 219
71 270
164 461
34 388
122 235
120 162
161 163
273 404
312 332
372 383
64 230
215 399
275 450
27 348
24 50
175 219
268 410
328 461
326 388
138 337
229 455
41 404
228 230
319 348
379 399
38 106
131 297
170 225
91 117
96 461
182 235
335 477
283 287
85 302
126 303
434 456
186 354
236 471
188 400
386 415
26 72
50 466
86 123
91 467
289 482
237 292
80 308
429 462
88 169
43 426
103 477
142 405
290 303
441 472
40 128
45 472
141 180
191 297
383 467
94 364
42 174
57 482
93 139
244 308
304 359
54 184
95 185
155 236
110 493
58 303
149 421
209 472
448 488
52 488
148 196
198 313
239 314
299 365
51 263
390 483
101 380
109 241
12 308
204 478
9 10
102 201
162 252
5 268
354 422
65 319
156 437
104 247
216 488
257 489
7 314
67 365
158 483
306 381
116 257
267 426
308 427
368 478
60 325
170 493
211 494
21 370
72 335
359 365
70 262
262 432
322 483
14 330
165 499
32 155
11 32
123 273
164 274
26 340
414 422
317 489
23 42
28 386
88 437
27 161
25 88
178 330
269 448
217 258
329 499
81 397
141 448
120 325
180 376
83 443
138 150
231 341
41 217
132 335
233 387
76 403
222 228
37 448
92 155
185 346
224 274
36 223
96 274
127 341
476 495
187 392
247 443
30 408
90 459
236 284
277 285
48 233
428 454
139 351
87 161
240 403
188 213
50 279
201 448
242 449
289 295
44 464
200 223
351 392
43 239
392 393
103 290
194 408
142 218
254 459
1 13
4 284
45 285
97 475
344 352
8 403
435 470
94 177
154 228
286 347
57 295
98 296
189 414
249 465
59 341
207 239
339 358
89 183
209 285
302 476
300 403
52 301
112 352
10 75
15 419
51 76
101 193
54 347
202 245
353 414
413 465
12 121
163 290
204 291
295 409
355 460
406 425
10 425
29 475
216 301
307 419
408 471
119 368
67 178
210 486
158 296
22 435
24 481
79 188
170 306
211 307
362 476
73 373
21 183
114 374
174 425
72 148
77 492
70 75
75 419
176 471
264 318
14 143
126 384
225 363
68 379
128 430
26 153
31 497
130 476
218 323
278 374
369 492
181 441
129 251
468 471
220 369
280 420
32 318
82 435
123 436
183 487
172 328
232 379
273 380
23 205
42 255
135 446
46 374
132 148
95 266
136 267
39 334
89 451
37 261
239 395
247 256
51 344
338 374
90 272
301 492
342 493
53 390
139 164
92 318
331 334
50 92
143 283
104 328
145 329
43 52
48 396
194 221
254 272
6 170
386 391
4 97
97 288
105 149
248 457
289 458
60 406
8 216
99 334
159 385
57 108
249 278
309 329
1 176
340 396
400 447
4 447
152 345
212 396
14 411
55 412
110 119
154 391
352 406
453 458
52 114
304 335
15 232
395 453
106 350
207 402
205 329
69 468
17 278
110 469
108 396
316 345
167 222
217 339
258 340
318 391
29 288
122 479
120 406
161 407
221 458
119 181
270 350
311 351
22 248
173 417
121 227
214 418
272 396
24 294
84 345
115 412
18 479
174 238
325 407
75 232
267 402
38 350
126 197
170 469
68 192
128 243
31 310
130 289
223 480
80 202
33 356
181 254
179 181
332 423
373 424
32 131
235 490
183 300
26 316
86 367
177 485
135 259
88 413
195 310
286 428
387 480
238 357
100 423
339 439
3 490
89 264
190 316
281 434
341 485
0 192
93 383
192 362
51 157
30 34
95 429
155 480
241 254
301 305
53 203
144 321
204 372
336 491
47 388
107 439
148 440
146 367
13 23
49 434
104 141
109 485
257 383
296 311
7 208
48 209
447 480
139 327
259 429
61 444
9 254
162 496
201 424
60 219
8 29
151 337
99 147
159 198
252 389
2 214
442 486
153 383
56 450
111 157
152 158
243 276
14 224
55 225
363 378
454 496
206 394
266 445
16 270
117 322
208 440
20 389
106 163
166 214
226 265
69 281
17 91
129 332
418 435
160 399
108 209
261 451
32 399
11 276
219 225
310 343
29 101
34 445
120 219
161 220
273 461
221 271
23 286
64 287
372 440
215 456
22 61
25 332
173 230
214 231
365 400
76 297
24 107
425 451
84 158
175 276
268 467
326 445
367 446
78 343
138 394
168 236
228 287
319 405
30 302
131 354
230 333
73 349
92 399
133 400
432 467
31 123
36 467
182 292
223 293
242 343
283 344
333 461
374 462
33 169
145 410
184 338
48 477
87 405
235 303
188 457
386 472
45 179
86 180
177 298
297 400
80 365
140 416
200 467
98 190
189 308
142 462
1 257
381 478
40 185
100 236
251 405
292 406
3 303
94 421
42 231
0 5
304 416
54 241
95 242
207 483
155 293
108 477
149 478
47 201
148 253
198 370
239 371
10 319
51 320
101 437
49 247
202 489
301 468
7 21
350 360
61 257
9 67
102 258
162 309
214 499
5 325
354 479
65 376
63 303
156 494
2 27
114 268
62 78
67 422
213 247
306 438
366 489
56 263
405 417
308 484
19 381
79 432
206 207
417 427
117 135
260 443
208 253
320 494
72 392
20 202
359 422
111 320
14 387
129 145
160 212
220 263
261 264
32 212
412 433
11 89
472 484
71 140
164 331
414 479
273 274
364 392
23 99
28 443
64 100
88 494
124 151
129 495
215 269
27 218
467 490
178 387
238 438
217 315
76 110
29 264
81 454
120 382
268 280
328 331
42 499
78 156
231 398
270 326
330 377
41 274
132 392
192 443
35 459
134 438
222 285
342 387
92 212
133 213
185 403
284 382
36 280
96 331
335 347
85 172
236 341
277 342
337 393
48 290
139 408
87 218
240 460
50 336
13 454
80 178
140 229
200 280
351 449
43 296
392 450
103 347
194 465
6 414
4 341
45 342
344 409
195 286
57 352
98 353
189 471
59 398
147 245
205 223
339 415
17 172
108 290
149 291
209 342
300 460
11 357
112 409
51 133
101 250
109 111
202 302
293 420
12 178
61 70
66 414
167 466
5 138
404 409
156 307
216 358
276 409
307 476
119 425
158 353
22 492
56 76
61 420
116 127
121 471
176 178
360 487
19 194
79 245
211 364
271 415
73 430
21 240
114 431
174 482
72 205
75 476
111 133
223 374
171 184
314 492
262 302
322 353
74 251
225 420
68 436
128 487
26 210
466 482
125 189
218 380
226 241
80 446
88 307
129 308
181 498
280 477
123 493
178 200
238 251
329 369
141 318
172 385
232 436
273 437
292 487
39 41
42 312
234 482
41 87
46 431
132 205
285 447
233 257
35 272
384 426
95 323
136 324
134 251
39 391
37 318
245 267
336 385
377 386
0 436
36 93
148 334
96 144
127 211
239 452
187 262
247 313
51 401
338 431
90 329
439 483
150 380
241 498
53 447
139 221
92 375
240 273
391 442
451 493
143 340
44 334
393 488
104 385
145 386
7 452
43 109
48 453
103 160
444 453
345 447
386 448
9 498
45 155
97 345
446 499
196 324
8 273
398 458
2 458
57 165
98 166
1 233
20 283
111 401
212 453
14 468
55 469
110 176
113 447
261 345
11 170
52 171
164 412
263 391
15 289
205 386
64 181
17 335
108 453
256 351
316 402
66 227
167 279
29 345
120 463
161 464
210 356
158 166
270 407
311 408
121 284
214 475
115 469
170 176
73 243
114 244
174 295
224 412
325 464
77 362
75 289
168 480
176 341
267 459
38 407
277 423
225 233
376 402
68 249
188 351
279 469
31 367
91 418
130 346
80 259
28 69
33 413
88 120
181 311
179 238
332 480
280 290
373 481
32 188
183 357
274 475
86 424
292 300
383 418
42 125
83 126
286 485
234 295
327 486
46 244
137 362
35 85
227 255
339 496
347 357
378 424
42 475
190 373
281 491
239 265
51 214
431 435
90 142
95 486
150 193
301 362
342 363
433 481
144 378
245 430
47 445
146 424
294 322
354 373
13 80
44 147
49 491
197 389
145 199
257 440
486 492
255 367
296 368
7 265
48 266
67 316
158 434
6 40
9 311
248 327
289 328
308 378
13 430
151 394
99 204
211 445
159 255
252 446
250 373
153 440
213 491
20 96
111 214
152 215
264 456
212 266
363 435
55 282
113 260
305 430
16 327
208 497
356 395
15 102
20 446
166 271
226 322
317 440
358 441
69 338
129 389
160 456
108 266
11 333
71 384
310 400
411 452
29 158
120 276
161 277
221 328
312 446
23 343
64 344
372 497
22 118
27 462
214 288
76 354
24 164
84 215
175 333
18 349
138 451
224 225
377 467
36 174
77 175
168 293
228 344
30 359
38 220
131 411
230 390
133 457
279 282
91 231
182 349
242 400
85 416
33 226
145 467
186 468
87 462
142 169
235 360
45 236
86 237
177 355
237 406
297 457
80 422
98 247
46 57
137 175
1 314
40 242
389 396
193 484
191 411
292 463
89 134
341 355
401 406
0 62
93 253
244 422
192 232
304 473
54 298
95 299
147 489
155 350
205 467
17 416
53 73
58 417
144 191
204 242
336 361
355 411
396 412
107 309
148 310
167 360
198 427
146 237
258 478
299 479
10 376
51 377
101 494
109 355
197 202
348 371
408 422
158 247
311 489
350 417
102 315
451 469
162 366
253 484
5 382
65 433
63 360
211 258
2 84
463 479
62 135
67 479
153 253
306 495
176 422
264 269
14 94
19 438
55 95
266 315
357 433
417 484
16 140
458 485
117 192
208 310
72 449
70 376
111 377
171 428
410 444
14 444
74 495
129 202
160 269
352 439
123 387
71 197
164 388
26 454
34 315
122 162
125 433
226 485
364 449
64 157
83 207
124 208
215 326
275 377
136 218
227 336
180 490
328 388
138 264
231 455
229 382
330 434
132 449
30 172
134 495
342 444
92 269
133 270
224 388
284 439
36 337
96 388
127 455
85 229
33 39
145 280
236 398
277 399
337 450
87 275
45 49
289 409
80 235
99 285
140 286
200 337
2 352
43 353
103 404
142 332
1 127
6 471
340 347
4 398
40 55
100 106
105 450
243 414
344 466
3 173
383 394
94 291
195 343
57 409
117 460
395 404
54 111
147 302
207 353
155 163
205 280
246 281
298 471
17 229
58 230
110 420
108 347
149 348
209 399
11 414
47 71
52 415
112 466
167 173
198 240
258 291
10 189
390 410
450 461
161 358
109 168
202 359
293 477
64 425
12 235
163 404
402 420
61 127
66 471
102 128
162 179
253 297
313 348
5 195
65 246
404 466
216 415
276 466
114 138
119 482
306 308
457 477
56 133
61 477
116 184
176 235
267 353
19 251
368 405
211 421
271 472
114 488
169 195
260 313
320 364
361 365
72 262
20 72
70 189
223 431
171 241
264 432
262 359
14 257
33 307
74 308
126 498
165 426
123 200
164 201
274 369
315 370
26 267
375 421
86 318
125 246
278 488
28 313
88 364
179 482
27 88
118 206
269 375
329 426
389 477
141 375
172 442
180 303
83 370
231 268
382 437
46 488
132 262
192 313
233 314
324 432
384 483
134 308
227 499
39 448
185 273
245 324
336 442
0 493
437 494
96 201
127 268
187 319
247 370
51 458
338 488
30 335
49 385
90 386
139 278
92 432
391 499
143 397
201 375
5 463
13 324
44 391
104 442
145 443
2 165
43 166
103 217
254 386
4 211
105 263
8 330
154 155
159 499
57 222
249 392
309 443
20 340
111 458
152 459
110 233
449 453
149 161
261 402
209 212
302 403
52 228
112 279
203 397
15 346
101 120
106 464
161 171
205 443
163 217
256 408
355 387
66 284
167 336
5 8
216 228
276 279
307 346
18 243
119 295
67 105
210 413
158 223
61 290
121 341
19 64
24 408
170 233
323 475
271 285
73 300
21 110
114 301
133 351
265 470
72 75
77 419
75 346
223 244
374 413
33 120
38 464
74 121
186 362
225 290
68 306
128 357
86 131
177 249
130 403
278 301
369 419
80 316
28 126
33 470
88 177
181 368
179 295
371 465
142 413
183 414
45 480
81 137
86 481
141 188
172 255
292 357
383 475
424 476
42 182
195 424
98 491
46 301
137 419
285 317
436 486
35 142
40 486
95 193
136 194
477 487
227 312
347 414
378 481
89 378
37 188
149 429
190 430
52 496
93 497
148 204
239 322
431 492
90 199
301 419
342 420
53 317
204 486
102 209
143 210
146 481
294 379
5 276
354 430
13 137
44 204
104 255
197 446
255 424
296 425
7 322
67 373
158 491
199 492
6 97
9 368
248 384
308 435
60 333
99 261
62 379
361 446
20 153
111 271
59 81
152 272
212 323
303 441
14 338
55 339
113 317
305 487
11 40
164 282
117 436
203 210
15 159
414 430
106 277
166 328
226 379
205 256
358 498
69 395
129 446
215 220
118 287
66 97
217 266
258 267
310 457
29 215
180 384
221 385
18 56
23 400
83 451
210 226
270 277
22 175
421 446
121 154
276 442
18 406
73 113
78 457
133 164
224 282
265 283
416 452
75 159
168 350
228 401
30 416
38 277
131 468
68 119
380 391
91 288
182 406
242 457
80 129
33 283
184 452
423 468
142 226
183 227
235 417
274 345
334 396
177 412
196 462
237 463
80 479
135 186
195 237
286 355
327 356
387 407
189 422
249 473
290 474
1 371
288 401
40 299
389 453
100 350
339 366
58 124
89 191
190 243
281 361
341 412
401 463
93 310
51 84
343 458
155 407
293 371
17 473
53 130
144 248
295 417
355 468
167 417
146 294
5 89
10 433
109 412
348 428
7 135
12 479
67 186
158 304
199 305
259 356
61 371
9 181
102 372
60 146
65 490
151 264
252 316
403 485
2 141
56 377
116 428
264 326
14 151
165 320
113 130
206 321
266 372
68 387
16 197
169 439
208 367
20 316
218 331
17 18
129 259
160 326
220 377
280 428
321 429
71 254
164 445
34 372
122 219
120 146
125 490
180 197
273 388
312 316
23 213
83 264
215 383
275 434
25 259
324 326
76 224
24 34
136 275
84 85
115 152
227 393
175 203
39 342
78 270
138 321
330 491
36 44
41 388
127 162
319 332
30 229
282 450
230 260
92 326
284 496
36 394
91 101
242 270
335 461
374 389
85 286
33 96
434 440
186 338
236 455
277 456
48 404
87 332
386 399
45 106
86 107
196 275
8 224
388 445
140 343
489 497
200 394
2 409
43 410
189 235
340 404
441 456
40 112
152 353
100 163
193 354
243 471
191 281
251 332
94 348
52 122
57 466
93 123
244 292
304 343
147 359
155 220
205 337
110 477
58 287
108 404
209 456
448 472
47 128
52 472
167 230
198 297
299 349
10 246
161 415
109 225
202 416
311 359
214 426
253 354
313 405
65 303
63 230
156 421
216 472
255 400
18 487
114 195
67 349
265 364
366 416
56 190
168 431
116 241
308 411
79 359
170 477
68 200
260 370
320 421
380 472
20 129
70 246
130 297
171 298
223 488
264 489
262 416
322 467
74 365
373 432
183 308
274 426
315 427
26 324
34 185
125 303
218 494
23 26
28 370
88 421
327 437
27 145
118 263
178 314
329 483
81 381
141 432
172 499
180 360
39 155
18 32
42 426
78 83
231 325
41 201
421 422
132 319
192 370
233 371
95 437
134 365
92 139
133 140
185 330
245 381
336 499
284 309
36 207
148 448
96 258
146 375
187 376
247 427
85 99
90 443
236 268
48 217
428 438
488 489
87 145
240 387
102 453
143 454
201 432
13 381
440 448
44 448
99 155
140 156
252 397
2 222
351 376
103 274
442 494
194 392
6 341
152 166
105 320
196 438
3 43
8 387
435 454
94 161
154 212
305 381
57 279
208 448
20 397
59 325
147 172
207 223
358 392
110 290
261 459
209 269
302 460
300 387
52 285
203 454
101 177
293 347
312 397
64 295
12 105
17 449
413 449
163 274
167 393
406 409
5 65
24 115
29 459
65 116
115 233
268 475
276 336
18 300
367 454
408 455
119 352
67 162
210 470
22 419
77 126
121 398
360 414
170 290
271 342
362 460
73 357
21 167
72 132
75 403
223 301
283 352
314 419
415 471
33 177
126 368
165 296
225 347
188 465
26 137
86 188
177 306
130 460
218 307
278 358
80 373
28 183
88 234
181 425
179 352
280 404
40 193
81 194
172 312
292 414
42 239
83 240
195 481
234 409
93 204
46 358
285 374
35 199
95 250
155 301
246 419
347 471
39 318
58 368
89 435
37 245
149 486
190 487
0 363
146 188
239 379
51 328
150 307
241 425
301 476
53 374
139 148
144 492
143 267
294 436
354 487
44 261
393 415
104 312
296 482
2 35
67 430
194 205
345 374
405 425
97 272
157 323
105 133
248 441
196 251
349 493
60 390
8 200
99 318
159 369
250 487
2 385
62 436
117 143
249 262
309 313
359 430
400 431
460 482
152 329
243 447
303 498
113 374
352 390
11 97
16 441
164 339
203 267
414 487
106 334
166 385
226 436
64 108
69 452
215 277
256 278
316 329
27 226
407 447
118 344
71 498
467 498
219 396
167 206
217 323
29 272
409 493
120 390
268 288
23 457
119 165
210 283
270 334
330 385
22 232
121 211
272 380
24 278
115 396
323 345
73 170
174 222
265 340
325 391
36 288
77 289
127 406
75 216
228 458
30 473
38 334
126 181
277 350
68 176
87 226
188 278
91 345
182 463
130 273
181 238
332 407
43 304
392 458
82 232
142 283
334 453
45 350
86 351
105 401
42 52
135 243
195 294
286 412
346 463
98 361
189 479
137 289
1 428
288 458
100 407
339 423
399 474
3 474
89 248
37 58
149 299
190 300
281 418
341 469
0 176
51 141
202 310
155 464
394 480
53 187
144 305
295 474
47 372
107 423
146 351
10 490
44 74
49 418
104 125
109 469
257 367
348 485
67 243
447 464
158 361
199 362
9 238
248 254
60 203
459 474
151 321
211 372
159 182
250 300
2 198
114 439
153 367
213 418
20 23
56 434
111 141
116 485
264 383
262 310
303 311
14 208
55 209
266 429
68 444
169 496
117 306
315 321
15 29
70 490
218 388
166 198
69 265
129 316
280 485
27 39
118 157
71 311
310 327
370 378
34 429
461 496
180 254
221 255
273 445
312 373
23 270
124 322
215 440
275 491
27 389
25 316
173 214
324 383
365 384
76 281
136 332
84 142
115 209
268 451
39 399
18 276
37 326
138 378
229 496
36 101
41 445
127 219
168 220
379 440
439 491
38 147
222 456
92 383
133 384
331 399
31 107
36 451
143 348
182 276
283 328
333 445
85 343
434 497
43 117
48 461
87 389
235 287
427 457
45 163
237 333
297 384
200 451
2 466
189 292
290 344
1 241
340 461
152 410
100 220
251 389
55 477
94 405
154 456
302 354
52 179
93 180
244 349
304 400
54 225
147 416
207 467
246 395
108 461
47 185
107 236
198 354
49 231
161 472
109 282
202 473
12 349
61 241
102 242
121 292
162 293
313 462
24 359
63 287
156 478
174 303
265 421
213 231
366 473
77 370
267 467
14 21
19 365
79 416
165 190
357 360
68 257
16 67
21 411
169 309
260 427
320 478
72 376
70 303
130 354
74 422
160 196
373 489
371 416
412 417
274 483
315 484
26 381
364 376
424 427
23 83
28 427
83 134
124 135
275 304
27 202
426 473
118 320
178 371
269 489
40 437
227 263
378 432
419 433
37 139
42 483
78 140
83 484
479 484
281 499
229 309
330 361
93 448
233 428
431 443
35 443
95 494
131 151
136 495
342 371
37 489
474 490
92 196
185 387
245 438
284 366
143 161
96 315
187 433
247 484
85 156
145 207
337 377
428 495
139 392
87 202
50 320
201 489
349 387
99 212
140 213
291 382
43 280
194 449
1 54
6 398
152 223
243 341
344 393
55 290
3 100
8 444
94 218
305 438
57 336
20 454
106 228
59 382
147 229
207 280
205 207
358 449
110 347
108 274
149 275
209 326
300 444
71 392
15 460
101 234
161 285
202 286
221 336
312 454
64 352
12 162
124 403
163 331
27 470
214 296
365 465
65 173
216 342
276 393
119 409
77 183
56 60
168 301
121 455
267 280
360 471
19 178
230 398
68 70
21 224
73 414
133 465
72 189
70 116
75 460
223 358
283 409
314 476
262 286
322 337
33 234
74 235
87 470
123 127
128 471
34 55
177 363
218 364
237 414
278 415
80 430
28 240
140 481
88 291
181 482
280 461
46 65
82 476
137 183
269 302
329 353
81 251
172 369
292 471
135 487
190 194
281 312
234 466
46 415
473 482
192 240
285 431
343 409
35 256
155 358
134 235
89 492
37 302
185 200
336 369
396 420
0 420
148 318
96 128
146 245
187 246
51 385
338 415
49 312
90 313
150 364
241 482
199 256
240 257
391 426
102 323
50 133
143 324
5 390
13 251
44 318
104 369
252 267
2 92
67 487
153 261
194 262
254 313
6 211
345 431
4 138
9 482
97 329
105 190
157 380
248 498
55 103
8 257
60 447
206 272
159 426
21 492
57 149
62 493
208 318
249 319
20 267
359 487
400 488
152 386
110 160
113 431
261 329
11 154
453 499
71 205
112 206
263 375
15 273
106 391
166 442
226 493
64 165
124 216
215 334
316 386
27 283
217 380
318 432
120 447
268 345
221 499
18 170
119 222
210 340
22 289
173 458
121 268
272 437
24 335
84 386
115 453
323 402
224 396
265 397
325 448
36 345
75 273
33 47
126 238
186 289
184 216
188 335
279 453
31 351
91 402
80 243
88 104
179 222
332 464
43 361
82 289
142 340
40 63
105 458
172 182
232 233
383 402
443 453
42 109
135 300
286 469
98 418
35 69
40 413
95 120
155 171
246 289
339 480
89 305
37 115
438 459
190 357
281 475
0 233
93 424
299 300
54 469
90 126
202 367
301 346
102 136
107 480
146 408
253 305
5 203
354 357
385 424
13 64
445 475
156 372
197 373
257 424
296 352
7 249
158 418
306 316
259 470
6 24
56 141
61 485
157 193
308 362
8 70
151 378
271 480
250 357
21 305
153 424
213 475
361 373
452 491
56 491
171 249
212 250
262 367
303 368
14 265
363 419
165 434
206 435
315 378
356 379
15 86
106 204
218 445
226 306
317 424
129 373
160 440
220 491
27 96
219 266
370 435
34 486
122 333
172 450
312 430
23 327
372 481
83 378
215 497
27 446
25 373
173 271
233 322
324 440
365 441
76 338
84 199
134 316
78 384
138 435
77 159
96 209
127 276
75 86
30 343
379 497
90 394
131 395
87 96
240 338
331 456
182 333
85 400
184 379
43 174
82 102
87 446
142 153
235 344
45 220
105 271
485 492
196 389
237 390
297 441
140 457
98 231
249 400
1 298
40 226
152 467
193 468
251 446
3 344
89 118
149 169
0 46
93 237
203 405
244 406
304 457
106 472
147 473
53 57
58 401
47 242
299 463
10 360
65 67
101 478
156 185
109 339
7 62
12 406
67 113
158 231
311 473
350 401
9 108
121 349
253 468
24 416
60 73
63 344
211 242
271 293
403 412
114 309
62 119
153 237
265 478
213 288
306 479
176 406
14 78
74 129
79 473
165 247
266 299
417 468
16 124
21 468
169 366
260 484
359 463
70 360
130 411
218 258
28 134
33 478
74 479
129 186
470 479
321 356
32 253
371 473
123 371
71 181
81 145
34 299
86 489
122 146
125 417
273 315
23 140
28 484
465 485
234 360
27 259
46 309
25 186
137 427
178 428
40 494
477 495
136 202
227 320
328 372
78 197
229 366
41 315
132 433
192 484
131 208
222 326
282 377
342 428
245 495
284 423
143 218
187 490
335 388
145 264
184 192
296 433
139 449
87 259
50 377
349 444
8 151
13 495
140 270
250 438
2 336
43 337
351 490
103 388
6 455
4 382
152 280
105 434
243 398
303 449
251 259
55 347
3 157
305 495
346 496
203 218
106 285
54 95
59 439
207 337
298 455
58 214
397 434
11 398
198 224
318 326
409 444
101 291
161 342
109 152
221 393
64 409
163 388
402 404
61 111
66 455
162 163
253 281
313 332
404 450
115 347
276 450
18 414
119 466
265 291
75 167
168 358
176 219
19 235
79 286
170 404
271 456
68 127
21 281
73 471
169 179
260 297
320 348
31 245
72 246
380 399
130 224
223 415
283 466
322 394
33 291
74 292
184 460
225 461
32 66
123 184
183 235
274 353
334 404
26 251
375 405
86 302
34 112
125 230
237 471
278 472
80 487
28 297
88 348
327 364
387 415
46 122
290 482
238 292
269 359
329 410
389 461
141 359
172 426
232 477
39 82
42 353
190 251
231 252
41 128
46 472
132 246
192 297
343 466
35 313
384 467
95 364
134 292
58 482
37 359
185 257
245 308
396 477
0 477
148 375
146 302
187 303
239 493
51 442
90 370
150 421
48 144
139 262
391 483
102 380
50 190
143 381
5 447
65 498
13 308
104 426
252 324
403 493
444 494
43 150
103 201
153 318
194 319
254 370
6 268
56 385
4 195
157 437
105 247
55 160
159 483
398 499
57 206
117 257
208 375
309 427
20 324
111 442
59 252
171 493
212 494
17 26
113 488
321 437
300 314
11 211
71 262
164 453
15 330
106 448
166 499
64 222
12 32
163 201
316 443
27 340
66 268
217 437
24 42
29 386
115 160
268 402
307 330
367 381
119 279
210 397
270 448
330 499
168 171
272 494
24 392
79 99
170 217
230 268
323 459
73 284
133 335
174 336
224 453
77 403
96 453
223 228
374 397
38 448
126 295
186 346
184 273
277 464
188 392
86 115
91 459
177 233
278 285
80 300
88 161
181 352
179 279
82 346
290 295
381 413
40 120
45 464
81 121
193 362
232 290
383 459
195 408
234 336
46 285
285 301
436 470
35 126
40 470
95 177
155 228
246 346
287 347
58 295
378 465
89 362
149 413
190 414
47 136
0 290
52 480
93 481
148 188
239 306
299 357
51 255
390 475
431 476
49 182
202 424
150 234
301 403
12 300
53 301
204 470
47 486
143 194
162 244
253 362
5 260
65 311
13 121
385 481
44 188
156 429
104 239
197 430
255 408
306 373
6 81
56 198
9 352
97 199
248 368
368 470
60 317
151 435
159 296
361 430
20 137
264 497
212 307
363 476
14 322
74 373
206 492
11 24
16 368
164 266
106 261
125 311
166 312
226 363
28 378
129 430
25 80
66 81
71 425
118 271
178 322
269 440
217 250
370 492
81 389
122 390
221 369
18 40
83 435
124 436
22 159
421 430
25 430
173 328
233 379
272 307
76 395
136 446
84 256
175 374
37 440
73 97
133 148
138 492
224 266
284 317
36 215
96 266
416 436
127 333
476 487
187 384
30 400
131 452
428 446
87 153
92 497
128 154
188 205
240 395
91 272
430 492
182 390
242 441
80 113
140 164
43 231
423 452
82 159
142 210
235 401
334 380
45 277
196 446
237 447
297 498
435 462
94 169
135 170
195 221
387 391
46 98
189 406
249 457
290 458
288 385
147 180
100 334
339 350
3 401
58 108
89 175
149 226
190 227
302 468
341 396
52 293
0 103
401 447
203 462
15 411
51 68
202 237
293 355
353 406
394 407
17 457
53 114
256 473
295 401
47 299
107 350
167 401
198 468
406 417
5 73
10 417
65 124
156 242
408 463
7 119
12 463
67 170
158 288
259 340
350 458
61 355
121 406
24 473
60 130
65 474
151 248
211 299
271 350
403 469
62 176
153 294
213 345
77 484
56 361
75 411
116 412
14 135
165 304
206 305
266 356
16 181
128 422
169 423
31 489
72 490
130 468
218 315
410 485
69 192
181 433
129 243
160 310
220 361
280 412
321 413
123 428
183 479
26 495
34 356
122 203
120 130
125 474
180 181
273 372
83 248
234 417
275 418
46 366
137 484
178 485
76 208
136 259
475 479
134 186
175 187
227 377
287 428
326 356
138 305
229 423
30 213
90 264
38 74
222 383
342 485
31 34
143 275
182 203
335 445
333 372
44 269
85 270
393 423
145 321
236 439
184 249
296 490
337 491
48 388
87 316
194 213
97 280
45 90
50 434
237 260
297 311
8 208
388 429
200 378
291 496
2 393
98 101
103 445
249 270
309 321
1 168
59 146
100 147
193 338
212 388
243 455
191 265
251 316
3 214
94 332
154 383
52 106
57 450
112 157
304 327
395 445
455 496
54 152
207 394
17 270
110 461
397 491
108 388
256 286
209 440
448 456
47 112
107 163
258 332
318 383
101 348
161 399
109 209
64 466
12 276
163 445
121 219
162 220
214 410
24 286
65 287
115 404
63 214
156 405
175 455
216 456
18 471
114 179
174 230
265 348
366 400
77 297
168 415
116 225
228 466
176 276
267 394
68 184
128 235
260 354
320 405
72 303
130 281
181 246
123 241
183 292
274 410
375 462
34 169
177 477
125 287
28 354
88 405
387 472
46 179
25 56
178 298
238 349
269 416
40 364
81 365
141 416
39 139
37 66
190 308
231 309
281 426
229 236
382 478
93 375
41 185
132 303
192 354
35 370
95 421
155 472
241 246
284 293
47 380
148 432
96 242
146 359
187 360
51 499
49 426
109 477
150 478
197 324
236 252
296 303
447 472
139 319
199 370
240 371
259 421
9 246
50 247
102 437
201 416
8 21
13 365
44 432
99 139
252 381
250 308
291 309
2 206
442 478
153 375
194 376
56 442
97 443
157 494
435 438
94 145
206 386
154 196
305 365
117 314
208 432
309 484
15 37
20 381
111 499
418 427
110 274
449 494
108 201
261 443
209 253
300 371
11 268
71 319
203 438
263 489
101 161
161 212
221 263
312 381
353 382
64 279
12 89
215 448
163 258
256 449
22 53
27 397
66 325
217 494
24 99
29 443
65 100
115 217
175 268
268 459
276 320
307 387
367 438
119 336
22 403
77 110
168 228
228 279
319 397
420 449
19 105
131 346
79 156
222 464
230 325
422 495
133 392
31 115
36 459
72 116
75 387
223 285
283 336
314 403
374 454
33 161
225 331
188 449
427 465
31 465
369 460
80 357
28 167
140 408
88 218
181 409
82 403
142 454
381 470
81 178
193 419
172 296
94 413
42 223
135 414
93 188
46 342
35 183
147 424
155 285
246 403
287 404
347 455
58 352
89 419
149 470
47 193
0 347
148 245
146 172
239 363
299 414
51 312
338 342
49 239
109 290
202 481
241 409
301 460
12 357
53 358
9 59
162 301
253 419
201 229
354 471
13 178
156 486
104 296
2 19
7 363
62 70
306 430
6 138
345 358
56 255
4 65
97 256
157 307
308 476
60 374
16 75
62 420
361 487
20 194
359 414
400 415
111 312
69 86
74 430
113 358
412 425
11 81
16 425
315 492
263 302
356 493
15 200
34 250
125 368
166 369
226 420
28 435
64 92
129 487
215 261
27 210
407 431
118 328
66 138
269 497
217 307
310 498
81 446
29 256
122 447
120 374
180 425
268 272
419 441
18 97
23 441
78 148
83 492
119 149
231 390
210 267
270 318
22 216
421 487
25 487
173 385
233 436
272 364
84 313
222 277
175 431
37 497
474 498
133 205
325 375
36 272
96 323
416 493
127 390
187 441
228 442
30 457
38 318
277 334
337 385
128 211
240 452
188 262
279 380
31 278
91 329
242 498
80 170
140 221
181 222
291 390
332 391
43 288
82 216
194 457
142 267
235 458
6 406
45 334
105 385
193 232
94 226
135 227
195 278
286 396
387 448
98 345
189 463
59 390
100 391
147 237
339 407
3 458
58 165
89 232
341 453
52 350
0 160
15 468
49 52
54 396
293 412
353 463
394 464
12 170
53 171
204 340
295 458
47 356
107 407
167 458
5 130
10 474
65 181
44 58
63 108
104 109
109 453
156 299
255 278
348 469
7 176
121 463
19 186
60 187
63 458
151 305
159 166
271 407
114 423
174 474
213 402
72 197
75 468
111 125
116 469
171 176
74 243
113 171
225 412
266 413
16 238
128 479
34 63
70 474
125 181
166 182
278 423
317 351
28 248
69 249
181 490
129 300
160 367
280 469
32 367
118 141
123 485
269 310
310 311
81 259
172 377
180 238
273 429
234 474
275 475
22 29
46 423
25 300
173 198
76 265
136 316
134 243
175 244
227 434
287 485
328 486
326 413
78 311
138 362
229 480
41 429
96 136
127 203
187 254
228 255
319 373
379 424
439 475
38 131
241 490
282 491
53 439
92 367
331 383
391 434
50 141
91 142
96 486
182 260
333 429
393 480
236 496
444 445
43 101
48 445
6 219
386 440
9 490
97 337
105 198
297 368
388 486
159 434
200 435
2 450
98 158
189 276
309 378
340 445
59 203
100 204
152 394
55 461
3 271
94 389
302 338
112 214
244 333
304 384
15 281
106 399
147 400
205 378
209 497
107 220
167 271
258 389
10 287
101 405
12 333
119 230
210 348
311 400
22 297
121 276
214 467
272 445
313 446
24 343
63 271
21 45
114 236
174 287
265 405
213 215
366 457
77 354
168 472
116 282
176 333
267 451
19 349
165 174
16 51
260 411
320 462
130 338
28 61
160 180
280 282
373 473
371 400
123 298
86 416
28 411
88 462
327 478
46 236
25 113
238 406
269 473
40 421
76 78
81 422
141 473
287 298
39 196
438 467
37 123
42 467
190 365
138 175
231 366
281 483
229 293
0 241
41 242
93 432
132 360
192 411
35 427
90 134
150 185
241 303
342 355
53 252
144 370
245 422
47 437
143 145
148 489
146 416
294 314
44 139
49 483
85 140
145 191
296 360
48 258
139 376
199 427
6 32
201 473
13 422
440 489
44 489
200 248
2 263
351 417
62 314
103 315
153 432
194 433
254 484
6 382
4 309
152 207
212 258
243 325
303 376
344 377
55 274
3 84
435 495
206 443
154 253
305 422
57 320
117 371
208 489
59 366
298 382
69 330
17 140
110 331
108 258
11 325
71 376
219 274
310 392
10 100
101 218
221 320
312 438
372 489
64 336
163 315
22 110
365 449
24 156
84 207
115 274
175 325
276 377
307 444
119 393
22 460
75 94
168 285
228 336
360 455
19 162
131 403
79 213
73 398
133 449
31 172
72 173
223 342
283 393
314 460
184 387
225 388
82 110
128 455
274 280
86 229
34 39
177 347
125 157
140 465
88 275
181 466
179 393
46 49
82 460
137 167
290 409
288 336
329 337
193 476
232 404
292 455
94 470
281 296
341 347
0 54
93 245
132 173
285 415
155 342
58 409
89 476
336 353
47 250
0 404
396 404
146 229
239 420
338 399
109 347
150 348
241 466
48 71
53 415
199 240
259 291
391 410
9 116
50 117
102 307
451 461
253 476
5 374
65 425
13 235
104 353
7 420
62 127
67 471
103 128
153 245
194 246
306 487
254 297
6 195
345 415
56 312
4 122
9 466
157 364
405 466
248 482
19 430
206 256
357 425
21 476
62 477
458 477
260 492
309 354
20 251
359 471
171 420
212 421
410 436
69 143
110 144
113 415
261 313
412 482
16 482
71 189
263 359
34 307
122 154
166 426
28 492
69 493
124 200
407 488
118 385
66 195
219 437
29 313
120 431
180 482
419 498
23 498
78 205
231 447
270 375
173 442
233 493
134 487
175 488
222 334
133 262
224 380
284 431
325 432
36 329
127 447
187 498
228 499
85 221
38 375
126 222
186 273
337 442
87 267
128 268
279 437
50 385
80 227
140 278
181 279
200 329
6 463
40 47
45 391
105 442
191 216
344 458
383 386
94 283
42 93
135 284
195 335
286 453
35 53
147 294
95 104
100 448
339 464
58 222
89 289
438 443
47 63
0 217
52 407
112 458
51 182
390 402
101 299
49 109
54 453
109 160
150 161
450 453
293 469
301 330
12 227
53 228
144 346
163 396
47 413
66 463
107 464
162 171
5 187
65 238
13 48
445 459
63 165
156 356
197 357
216 407
255 335
7 233
119 474
67 284
259 454
6 8
457 469
56 125
116 176
157 177
151 362
211 413
271 464
114 480
213 459
72 254
111 182
171 233
264 424
164 193
125 238
166 239
218 429
226 290
69 306
129 357
220 475
27 80
32 424
118 198
178 249
219 250
269 367
310 368
370 419
81 316
34 470
172 434
120 244
180 295
273 486
372 465
83 362
231 260
22 86
132 254
173 255
324 424
35 321
76 322
425 476
84 183
134 300
175 301
227 491
39 440
326 470
37 367
185 265
138 419
377 435
0 485
437 486
96 193
127 260
187 311
338 480
379 481
90 378
38 188
240 322
331 440
50 198
91 199
85 384
145 435
43 158
103 209
82 86
235 328
6 276
97 394
45 204
105 255
196 373
297 425
8 322
94 96
159 491
200 492
189 333
309 435
1 282
288 312
59 260
100 261
152 451
191 379
251 430
89 102
94 446
113 496
149 153
154 497
112 271
304 441
15 338
54 266
205 435
12 40
17 384
163 209
66 276
107 277
167 328
198 395
258 446
318 497
10 344
101 462
156 169
119 287
67 97
158 215
311 457
22 354
61 282
19 56
24 400
211 226
271 277
362 395
422 446
21 102
114 293
174 344
265 462
213 272
77 411
176 390
14 62
19 406
79 457
165 231
225 282
266 283
68 298
16 108
417 452
260 468
31 416
72 417
70 344
130 395
278 293
410 412
28 118
33 462
69 119
129 170
160 237
179 287
32 237
123 355
26 422
86 473
122 130
232 298
364 417
23 124
135 365
83 175
234 344
46 293
137 411
35 134
40 478
76 135
136 186
477 479
378 473
37 180
190 422
138 232
231 423
229 350
0 298
41 299
93 489
132 417
431 484
35 484
90 191
53 309
144 427
245 479
143 202
146 473
335 372
44 196
85 197
197 438
145 248
296 417
199 484
6 89
4 16
9 360
50 361
248 376
289 377
349 428
151 443
99 253
159 304
200 305
250 422
62 371
103 372
153 489
194 490
1 95
6 439
59 73
152 264
212 315
344 434
363 484
55 331
3 141
154 310
305 479
117 428
15 151
20 495
106 269
166 320
205 248
358 490
69 387
17 197
110 388
108 315
71 433
198 208
258 259
10 157
409 428
221 377
312 495
124 444
210 218
22 167
61 95
66 439
214 337
272 315
24 213
115 331
63 141
464 485
216 383
276 434
265 275
325 326
77 224
75 151
228 393
176 203
267 321
19 219
170 388
73 455
260 281
320 332
31 229
72 230
380 383
70 157
130 208
283 450
322 378
85 465
184 444
225 445
332 342
423 460
82 167
123 168
235 409
183 219
274 337
334 388
26 235
375 389
177 404
237 455
278 456
80 471
135 178
88 332
179 450
387 399
46 106
238 276
288 393
100 342
141 343
191 460
232 461
39 66
42 337
281 353
382 405
0 111
93 302
132 230
244 471
343 450
35 297
95 348
155 399
245 292
396 461
0 461
198 476
146 286
239 477
247 338
51 426
49 353
109 404
7 127
12 471
48 128
53 472
139 246
350 466
9 173
102 364
162 415
5 431
65 482
13 292
63 409
104 410
151 256
252 308
403 477
2 133
444 478
103 185
254 354
6 252
345 472
56 369
116 420
456 488
60 488
357 482
117 241
20 308
111 426
171 477
410 493
14 493
69 200
110 201
160 318
113 472
261 370
321 421
11 195
164 437
263 416
34 364
122 211
125 482
166 483
64 206
124 257
163 185
275 426
316 427
25 251
24 26
115 144
120 488
328 437
307 314
18 211
210 381
270 432
41 380
132 498
272 478
19 32
131 273
222 391
282 442
323 443
73 268
224 437
284 488
31 42
96 437
182 211
374 381
85 278
33 88
38 432
186 330
184 257
277 448
337 499
87 324
279 494
177 217
237 268
388 437
80 284
429 438
140 335
200 386
179 263
43 402
103 453
142 381
40 104
45 448
100 155
105 499
141 156
232 274
292 325
383 443
94 340
42 150
135 341
443 494
93 115
244 284
436 454
95 161
155 212
246 330
347 382
58 279
89 346
149 397
209 448
47 120
0 274
52 464
148 172
198 289
51 239
390 459
101 356
49 166
109 217
150 218
202 408
313 397
5 244
354 398
65 295
13 105
63 222
257 465
255 392
7 290
366 408
248 352
19 300
60 301
151 419
211 470
21 346
361 414
20 121
264 481
262 408
14 306
363 460
74 357
165 475
113 285
16 352
315 419
375 470
125 295
166 296
218 486
226 347
317 465
129 414
32 481
25 64
118 255
178 306
219 307
269 424
217 234
310 425
122 374
172 491
120 301
180 352
23 368
231 317
229 244
382 486
41 193
324 481
35 378
76 379
136 430
134 357
39 497
37 424
138 476
224 250
377 492
36 199
96 250
127 317
187 368
30 384
90 435
38 245
428 430
188 189
279 307
50 255
143 446
430 476
182 374
242 425
80 97
140 148
145 492
291 317
43 215
423 436
194 384
142 194
45 261
105 312
196 430
297 482
3 35
435 446
94 153
135 154
154 204
195 205
57 271
98 272
189 390
249 441
1 339
147 164
207 215
298 333
3 385
110 282
58 92
89 159
149 210
302 452
52 277
401 431
112 328
263 497
304 498
10 51
15 395
51 52
101 169
54 323
202 221
205 492
293 339
413 441
163 266
204 267
256 457
295 385
355 436
66 333
107 334
5 57
65 108
156 226
257 278
307 395
348 396
408 447
7 103
119 344
67 154
158 272
61 339
121 390
24 457
63 385
151 232
211 283
271 334
114 350
213 329
72 124
75 395
116 396
176 447
264 294
314 411
415 463
14 119
19 463
74 170
165 288
225 339
68 355
128 406
169 407
31 473
218 299
369 468
410 469
28 175
88 226
181 417
179 344
220 345
280 396
32 294
123 412
183 463
81 186
232 355
83 232
234 401
137 468
285 366
136 243
134 170
227 361
287 412
347 463
39 310
326 340
37 237
190 479
229 407
0 355
41 356
132 474
338 350
30 197
90 248
38 58
150 299
342 469
53 366
139 140
144 484
185 485
50 68
182 187
294 428
335 429
333 356
44 253
85 254
104 304
145 305
197 495
236 423
7 371
139 490
6 146
4 73
45 74
50 418
97 264
105 125
196 243
289 434
349 485
60 382
8 192
99 310
250 479
2 377
57 84
103 429
189 203
249 254
400 423
243 439
303 490
55 388
113 366
154 367
112 141
263 310
15 208
455 480
166 377
207 378
205 305
298 496
69 444
17 254
110 445
108 372
11 439
66 146
107 147
219 388
167 198
198 265
101 332
23 449
119 157
210 275
311 327
402 445
25 495
66 496
121 203
214 394
272 372
24 270
84 321
276 491
73 162
114 163
168 399
116 209
228 450
176 260
267 378
38 326
79 327
126 173
170 445
68 168
169 220
320 389
380 440
70 214
182 455
223 456
33 332
181 230
332 399
373 400
32 107
82 224
123 225
235 466
183 276
334 445
86 343
135 235
88 389
327 405
387 456
137 281
238 333
40 348
100 399
141 400
3 466
39 123
37 50
42 394
190 292
281 410
0 168
132 287
192 338
54 404
95 405
53 179
144 297
92 107
185 298
204 348
245 349
295 466
336 467
146 343
247 395
10 482
51 483
44 66
49 410
104 117
257 359
348 477
7 184
139 303
199 354
259 405
9 230
102 421
162 472
5 488
13 349
63 466
99 123
104 467
151 313
159 174
250 292
62 241
153 359
213 410
254 411
55 201
454 472
206 370
305 349
16 246
169 488
117 298
15 21
106 139
111 483
166 190
298 309
17 67
110 258
160 375
108 185
261 427
321 478
11 252
263 473
10 27
34 421
122 268
101 145
120 195
221 247
312 365
23 262
64 263
372 416
124 314
413 417
163 242
275 483
316 484
22 37
25 308
173 206
217 478
76 273
24 83
29 427
84 134
425 427
216 253
328 494
326 421
18 268
367 422
78 319
41 437
77 94
168 212
228 263
319 381
379 432
38 139
79 140
131 330
282 499
230 309
73 325
133 376
432 443
36 443
91 150
96 494
182 268
223 269
283 320
314 387
434 489
186 387
184 314
376 484
87 381
235 279
427 449
50 499
86 156
177 274
237 325
297 376
388 494
88 202
200 443
179 320
43 459
82 387
189 284
142 438
381 454
40 161
100 212
141 213
193 403
191 330
232 331
251 381
42 207
135 398
154 448
195 449
93 172
244 341
304 392
54 217
95 218
207 459
155 269
246 387
58 336
89 403
47 177
107 228
148 229
146 156
239 347
299 398
10 295
51 296
101 413
109 274
301 444
12 341
102 234
162 285
201 213
313 454
5 301
354 455
13 162
63 279
104 280
255 449
2 3
7 347
67 398
306 414
366 465
56 239
4 49
116 290
157 291
19 357
151 476
16 59
169 301
260 419
208 229
361 471
20 178
359 398
111 296
171 347
262 465
69 70
160 188
352 358
11 65
123 306
164 307
263 286
34 234
414 455
125 352
226 404
364 368
23 75
28 419
88 470
124 127
129 471
215 245
426 465
25 121
118 312
178 363
238 414
141 481
120 358
180 409
419 425
18 81
78 132
83 476
231 374
270 302
41 250
173 369
35 435
76 436
131 143
222 261
37 481
73 138
185 379
474 482
224 307
127 374
187 425
247 476
85 148
90 492
186 200
236 317
277 318
337 369
139 384
87 194
240 436
91 313
242 482
44 497
80 154
85 498
140 205
481 498
200 256
291 374
332 375
351 425
235 442
254 492
1 46
6 390
45 318
105 369
196 487
3 92
94 210
154 261
195 262
286 380
57 328
98 329
249 498
59 374
147 221
207 272
298 390
339 391
399 442
58 149
89 216
149 267
300 436
52 334
401 488
15 452
51 109
101 226
293 396
353 447
12 154
17 498
163 323
204 324
355 493
66 390
10 458
65 165
63 92
156 283
216 334
307 452
255 262
348 453
7 160
119 401
67 211
22 468
61 396
121 447
267 272
60 171
151 289
170 339
211 340
271 391
21 216
114 407
174 458
72 181
70 108
75 452
223 350
314 468
262 278
322 329
14 176
126 417
165 345
68 412
34 47
125 165
218 356
278 407
317 335
88 283
129 284
220 402
82 468
118 125
123 469
269 294
329 345
141 294
461 464
172 361
120 171
232 412
180 222
273 413
23 238
135 479
83 289
234 458
41 63
46 407
473 474
132 181
173 182
285 423
324 351
35 248
76 249
384 402
136 300
227 418
287 469
39 367
326 397
89 484
37 294
138 346
41 413
96 120
239 428
187 238
247 289
338 407
30 254
90 305
38 115
150 356
439 459
241 474
282 475
48 79
139 197
92 351
50 125
91 126
143 316
201 294
294 485
13 243
44 310
236 480
43 85
48 429
103 136
194 254
6 203
386 424
4 130
9 474
45 131
105 182
446 475
248 490
8 249
159 418
398 434
2 434
62 485
98 142
189 260
1 209
59 187
152 378
212 429
243 496
251 357
302 322
52 147
57 491
112 198
203 316
304 368
395 486
207 435
205 362
17 311
108 429
256 327
316 378
407 496
448 497
66 203
107 204
219 445
167 255
217 372
29 321
120 439
161 440
119 214
270 383
311 384
22 281
61 209
173 450
121 260
214 451
313 430
24 327
84 378
323 394
73 219
114 220
174 271
265 389
325 440
77 338
75 265
168 456
176 317
267 435
376 378
128 276
188 327
279 445
320 446
31 343
380 497
91 394
28 45
181 287
371 384
82 281
123 282
183 333
86 400
23 51
42 101
83 102
135 292
327 462
46 220
426 441
35 61
40 405
141 457
339 472
39 180
89 297
42 451
190 349
138 159
93 416
41 226
54 461
90 118
150 169
241 287
301 338
53 236
433 457
245 406
148 473
385 416
13 56
445 467
44 123
49 467
104 174
257 416
236 293
296 344
7 241
48 242
139 360
199 411
6 16
97 134
102 478
157 185
289 304
349 355
8 62
13 406
250 349
2 247
351 401
153 416
213 467
1 22
56 483
152 191
212 242
243 309
363 411
206 427
305 406
57 304
356 371
20 422
106 196
166 247
207 248
358 417
69 314
418 468
160 432
108 242
261 484
32 432
11 309
71 360
219 258
310 376
370 427
29 134
34 478
122 325
161 253
221 304
312 422
23 319
64 320
413 474
124 371
215 489
27 438
214 264
76 330
84 191
115 258
175 309
276 361
326 478
18 325
78 376
41 494
77 151
75 78
168 269
420 490
38 196
79 197
131 387
170 315
230 366
133 433
31 156
91 207
182 325
130 135
223 326
314 444
333 494
85 392
33 202
186 444
184 371
82 94
87 438
142 145
188 490
235 336
26 162
297 433
80 398
140 449
88 259
137 151
290 393
1 290
288 320
40 218
100 269
141 270
480 490
191 387
251 438
292 439
89 110
42 264
94 454
0 38
93 229
244 398
192 208
304 449
147 465
95 275
155 326
246 444
295 336
107 285
148 286
146 213
239 404
299 455
10 352
49 280
109 331
12 398
139 173
199 224
259 275
9 100
102 291
162 342
253 460
5 358
65 409
60 65
63 336
104 337
151 183
7 404
62 111
153 229
213 280
254 281
306 471
345 399
56 296
405 450
116 347
157 348
14 70
19 414
55 71
206 240
357 409
398 410
16 116
21 460
117 168
208 286
70 352
74 471
129 178
261 297
321 348
32 245
352 415
412 466
123 363
26 430
34 291
125 409
273 307
226 461
364 425
64 133
118 369
178 420
217 348
81 487
29 297
419 482
18 138
138 240
231 431
229 358
270 359
330 410
41 307
132 425
173 426
30 148
35 492
76 493
282 369
323 370
92 245
185 436
224 364
284 415
36 313
96 364
127 431
335 380
30 498
85 205
38 359
186 257
236 374
48 323
139 441
87 251
188 303
140 262
200 313
351 482
392 483
142 308
1 103
6 447
4 374
45 375
105 426
193 273
191 200
344 442
94 267
42 77
195 319
286 437
57 385
98 386
1 453
54 87
207 329
110 396
397 426
209 375
11 390
52 391
112 442
198 216
10 165
51 166
101 283
49 93
109 144
293 453
301 314
64 401
163 380
204 381
295 499
61 103
66 447
102 104
313 324
65 222
13 32
404 442
464 493
63 149
104 150
156 340
216 391
255 319
119 458
158 386
56 109
61 453
157 161
176 211
459 499
271 448
73 463
21 273
169 171
260 289
320 340
72 238
20 48
223 407
171 217
262 335
322 386
14 233
126 474
74 284
225 453
68 469
123 176
315 346
26 243
375 397
34 104
125 222
218 413
226 274
88 340
179 458
220 459
32 408
118 182
178 233
238 284
329 402
370 403
81 300
141 351
232 469
180 279
23 295
42 345
46 464
173 239
192 289
233 290
285 480
324 408
76 306
227 475
37 351
138 403
245 300
336 418
0 469
36 126
437 470
96 177
239 485
247 346
51 434
90 362
150 413
48 136
53 480
139 254
92 408
240 306
391 475
143 373
201 351
242 352
333 470
44 367
104 418
145 419
7 485
444 486
103 193
194 311
254 362
6 260
345 480
386 481
4 187
45 188
97 378
105 239
157 429
196 357
8 306
99 424
398 491
2 491
57 198
189 317
249 368
309 419
1 266
340 486
59 244
152 435
110 209
108 136
113 480
154 481
302 379
352 496
300 306
11 203
112 255
203 373
263 424
304 425
15 322
106 440
207 492
12 24
108 486
163 193
256 384
66 260
258 430
318 481
29 378
120 496
161 497
307 322
367 373
119 271
67 81
210 389
22 338
61 266
121 317
272 486
19 40
24 384
79 91
323 451
362 379
73 276
21 86
114 277
265 446
77 395
75 322
176 374
14 46
38 440
74 97
79 441
68 282
128 333
188 384
26 56
31 400
70 328
130 379
218 226
369 395
80 292
28 102
33 446
220 272
32 221
371 441
82 338
142 389
183 390
26 406
86 457
172 231
383 451
424 452
42 158
83 159
135 349
195 400
285 293
238 447
95 169
136 170
227 288
287 339
347 390
190 406
0 282
93 473
148 180
239 298
51 247
30 124
90 175
241 344
53 293
92 221
204 462
146 457
294 355
354 406
385 473
44 180
104 231
197 422
236 350
7 298
139 417
199 468
6 73
9 344
97 191
248 360
289 361
349 412
60 309
8 119
13 463
151 427
252 479
250 406
2 304
351 458
111 247
243 366
303 417
14 314
363 468
113 293
206 484
16 360
117 412
15 135
20 479
166 304
317 473
358 474
17 181
129 422
160 489
108 299
32 489
11 366
66 73
71 417
217 242
310 433
120 309
161 310
124 428
22 151
27 495
25 422
61 79
173 320
121 130
214 321
76 387
24 197
464 469
175 366
276 418
18 382
73 89
138 484
224 258
416 428
476 479
75 135
228 377
319 495
267 305
30 392
38 253
79 254
230 423
68 95
73 439
92 489
128 146
133 490
279 315
31 213
91 264
430 484
471 485
223 383
242 433
283 434
80 105
33 259
85 449
126 450
32 34
483 495
82 151
87 495
334 372
177 388
80 455
195 213
327 332
46 90
189 398
137 208
290 450
40 275
191 444
251 495
339 342
3 393
39 50
89 167
42 321
190 219
281 337
341 388
401 439
0 95
93 286
244 455
192 265
51 60
54 331
95 332
394 399
144 224
204 275
245 276
295 393
336 394
47 291
107 342
148 343
10 409
51 410
49 337
197 235
257 286
348 404
7 111
12 455
48 112
139 230
158 280
259 332
350 450
61 347
5 415
65 466
63 393
151 240
211 291
252 292
403 461
2 117
153 286
213 337
254 338
56 353
176 455
264 302
14 127
19 471
55 128
456 472
206 297
266 348
16 173
169 415
117 225
72 482
70 409
171 461
410 477
14 477
69 184
129 235
160 302
108 112
220 353
261 354
321 405
32 302
11 179
71 230
164 421
34 348
122 195
120 122
125 466
273 364
364 482
23 189
215 359
275 410
27 308
25 235
118 426
178 477
217 405
76 200
29 354
227 369
175 179
268 370
328 421
326 348
18 195
231 488
229 415
270 416
330 467
127 138
132 482
173 483
30 205
38 66
131 257
222 375
282 426
230 236
342 477
92 302
133 303
185 493
36 370
96 421
127 488
242 246
335 437
333 364
145 313
186 314
184 241
277 432
87 308
45 82
177 201
297 303
80 268
140 319
200 370
291 488
43 386
142 365
1 160
40 88
45 432
100 139
105 483
191 257
251 308
344 499
383 427
94 324
42 134
195 376
57 442
93 99
436 438
54 144
95 145
207 386
246 314
110 453
108 380
149 381
209 432
47 104
52 448
107 155
112 499
148 156
198 273
239 274
258 324
10 222
390 443
101 340
202 392
301 371
64 458
311 335
402 453
61 160
102 161
214 402
162 212
253 330
313 381
354 382
404 499
63 206
156 397
216 448
276 499
255 376
114 171
67 325
158 443
306 341
366 392
56 166
116 217
176 268
267 386
308 387
19 284
21 330
260 346
320 397
72 295
70 222
171 274
262 392
322 443
14 290
74 341
165 459
32 115
123 233
164 234
274 402
315 403
26 300
177 469
218 470
317 449
88 397
129 398
27 121
32 465
25 48
118 239
178 290
238 341
329 459
81 357
29 167
141 408
172 475
180 336
39 131
83 403
231 301
382 470
41 177
132 295
233 347
35 362
134 341
37 408
92 115
245 357
224 234
336 475
284 285
36 183
148 424
96 234
127 301
51 491
30 368
150 470
236 244
48 193
87 121
92 465
240 363
143 430
430 460
80 81
104 475
145 476
291 301
351 352
103 250
442 470
194 368
142 178
254 419
6 317
97 435
157 486
105 296
243 260
196 414
3 19
94 137
99 481
154 188
305 357
98 256
249 425
309 476
1 323
59 301
147 148
17 75
110 266
449 486
149 194
209 245
11 260
112 312
263 481
15 379
101 153
106 497
161 204
202 205
353 374
64 271
12 81
17 425
163 250
256 441
66 317
214 215
167 369
217 486
258 487
65 92
156 210
307 379
367 430
408 431
119 328
210 446
158 256
22 395
360 390
19 97
24 441
84 492
271 318
362 436
422 487
75 379
176 431
264 278
314 395
374 446
415 447
14 103
38 497
79 498
126 344
165 272
225 323
128 390
31 457
86 164
130 436
218 283
369 452
80 349
181 401
129 211
179 328
280 380
32 278
82 395
142 446
81 170
172 288
232 339
42 215
135 406
195 457
234 385
137 452
285 350
136 227
347 447
0 339
148 237
51 304
30 181
90 232
150 283
241 401
342 453
144 468
92 278
50 52
201 221
294 412
5 309
333 340
44 237
104 288
197 479
255 457
296 458
7 355
48 356
345 350
4 57
9 401
97 248
105 109
157 299
248 417
196 227
289 418
308 468
60 366
8 176
151 484
99 294
250 463
2 361
57 68
117 119
208 237
20 186
340 356
111 304
152 305
212 356
243 423
303 474
14 371
55 372
113 350
352 366
52 74
164 315
112 125
203 243
263 294
356 485
15 192
414 463
106 310
205 289
64 84
17 238
129 479
407 423
11 423
467 474
71 474
217 299
310 490
318 351
29 248
122 439
409 469
120 366
18 89
23 433
64 434
119 141
210 259
270 310
22 208
402 429
121 187
272 356
76 444
24 254
84 305
175 423
18 439
73 146
78 490
114 147
133 197
224 315
265 316
36 264
416 485
127 382
75 192
168 383
228 434
176 244
30 449
126 157
79 311
186 208
277 326
230 480
469 496
188 254
279 372
31 270
380 424
91 321
182 439
130 249
242 490
283 491
181 214
184 485
332 383
82 208
142 259
183 260
334 429
45 326
237 496
135 219
195 270
327 389
98 337
46 147
189 455
137 265
1 404
288 434
40 332
389 486
3 450
39 107
42 378
190 276
281 394
52 342
0 152
401 496
192 322
51 117
343 491
54 388
95 389
293 404
53 163
144 281
245 333
336 451
148 400
167 450
5 122
10 466
51 467
44 50
49 394
109 445
197 292
257 343
7 168
199 338
259 389
61 404
9 214
102 405
162 456
252 349
2 174
114 415
62 225
153 343
213 394
56 410
111 117
264 359
14 184
55 185
206 354
266 405
305 333
16 230
169 472
208 400
20 349
70 466
106 123
166 174
317 343
17 51
108 169
321 462
32 359
118 133
71 287
123 477
164 478
29 61
461 472
161 180
180 230
221 231
273 421
372 400
64 247
124 298
275 467
27 365
233 241
324 359
76 257
84 118
115 185
175 236
268 427
276 288
39 375
326 405
78 303
138 354
229 472
41 421
127 195
168 196
30 262
131 314
222 432
92 359
96 478
182 252
242 303
335 494
374 422
434 473
33 129
145 370
186 371
277 489
48 437
87 365
235 263
386 432
86 140
289 499
237 309
388 478
80 325
140 376
43 443
98 150
103 494
189 268
142 422
290 320
1 217
381 438
4 488
40 145
45 489
100 196
193 387
191 314
251 365
292 366
55 453
154 432
195 433
52 155
57 499
244 325
304 376
147 392
207 443
155 253
205 370
246 371
108 437
149 438
209 489
47 161
167 263
258 381
299 382
10 279
161 448
109 258
163 494
311 392
9 27
102 218
214 459
253 387
313 438
5 285
63 263
156 454
255 433
67 382
153 156
306 398
366 449
267 443
308 444
19 341
368 495
79 392
21 387
169 285
208 213
361 455
72 352
20 162
359 382
70 279
111 280
130 330
171 331
262 449
14 347
74 398
160 172
220 223
373 465
32 172
371 392
183 341
315 460
125 336
23 59
28 403
83 110
129 455
275 280
27 178
25 105
118 296
178 347
141 465
180 393
18 65
229 285
330 337
41 234
421 455
132 352
192 403
35 419
95 470
136 471
134 398
282 296
342 347
433 465
37 465
185 363
133 173
245 414
224 291
284 342
148 481
96 291
247 460
30 425
49 475
90 476
145 183
236 301
277 302
139 368
240 420
102 486
50 296
143 487
201 465
242 466
289 312
13 414
440 481
481 482
200 240
2 255
351 409
254 476
4 301
97 492
152 199
243 317
344 369
3 76
8 420
94 194
57 312
117 363
208 481
249 482
20 430
59 358
358 425
399 426
58 133
209 302
302 493
11 317
52 318
112 369
10 92
15 436
101 210
161 261
202 262
353 431
12 138
17 482
163 307
256 498
66 374
406 442
5 98
29 492
65 149
115 266
63 76
156 267
216 318
276 369
307 436
367 487
408 488
22 452
61 380
168 277
121 431
360 447
420 498
24 498
230 374
362 493
114 391
133 441
174 442
264 335
314 452
74 211
186 452
165 329
225 380
68 396
128 447
177 339
130 493
218 340
278 391
80 406
179 385
280 437
82 452
141 278
480 498
172 345
232 396
292 447
42 272
83 273
234 442
41 47
46 391
285 407
324 335
384 386
95 283
136 284
287 453
89 468
37 278
148 294
96 104
127 171
146 221
187 222
239 412
247 273
51 361
338 391
49 288
90 289
150 340
53 407
139 181
199 232
331 351
391 402
102 299
50 109
143 300
451 453
201 278
294 469
103 120
194 238
6 187
345 407
4 114
9 458
105 166
248 474
8 233
99 351
458 469
62 469
117 176
208 294
249 295
309 346
20 243
340 413
400 464
59 171
152 362
212 413
243 480
55 429
110 136
113 407
261 305
453 475
52 131
164 372
166 418
226 469
64 141
17 295
69 485
108 413
215 310
256 311
316 362
118 377
66 187
219 429
258 357
318 408
29 305
122 496
120 423
268 321
221 475
18 146
23 490
119 198
311 368
330 418
22 265
173 434
121 244
214 435
233 485
272 413
84 362
175 480
73 203
325 424
36 321
77 322
127 439
75 249
126 214
186 265
277 383
188 311
279 429
31 327
182 496
130 306
28 29
33 373
181 271
179 198
392 491
183 317
334 486
45 383
86 384
42 85
83 86
195 327
286 445
234 255
387 497
46 204
137 322
1 461
35 45
40 389
100 440
339 456
39 164
89 281
149 332
281 451
93 400
51 174
54 445
90 102
150 153
241 271
301 322
53 220
47 405
102 112
107 456
385 400
13 40
44 107
49 451
197 349
257 400
7 225
67 276
447 497
158 394
259 446
61 461
97 118
102 462
157 169
308 338
60 236
440 457
151 354
99 164
211 405
159 215
250 333
2 231
62 282
153 400
20 56
56 467
111 174
152 175
212 226
262 343
14 241
55 242
363 395
113 220
206 411
266 462
68 477
16 287
315 354
15 62
106 180
317 400
69 298
17 108
129 349
418 452
220 467
27 72
118 190
219 242
310 360
29 118
122 309
120 236
372 457
83 354
215 473
27 422
25 349
324 416
365 417
425 468
136 365
115 242
227 483
175 293
39 432
18 309
138 411
36 134
77 135
168 253
30 319
379 473
131 371
222 489
230 350
432 484
31 140
36 484
283 361
374 479
85 376
33 186
145 427
184 355
48 494
235 320
386 489
86 197
196 365
237 366
297 417
8 314
200 484
98 207
189 325
249 376
290 377
1 274
340 494
288 304
381 495
40 202
152 443
100 253
193 444
251 422
89 94
154 489
302 387
52 212
93 213
343 361
54 258
147 449
155 310
246 428
17 376
58 377
108 494
167 320
198 387
146 197
258 438
109 315
7 38
12 382
158 207
311 449
350 377
102 275
162 326
253 444
313 495
5 342
65 393
211 218
255 490
21 94
153 213
265 454
213 264
306 455
116 331
14 54
19 398
74 105
79 449
165 223
357 393
169 342
117 152
260 460
20 219
359 439
70 336
130 387
171 388
69 111
74 455
160 229
220 280
280 331
321 332
32 229
371 449
412 450
123 347
71 157
183 398
26 414
364 409
424 460
28 460
215 286
118 353
178 404
76 127
81 471
136 178
180 450
39 245
419 466
138 224
41 291
132 409
192 460
233 461
131 184
222 302
282 353
342 404
92 229
133 230
185 420
245 471
36 297
187 466
335 364
145 240
277 359
296 409
337 410
48 307
87 235
240 477
50 353
289 369
8 127
13 471
2 312
351 466
392 467
103 364
194 482
1 87
6 431
4 358
105 410
193 257
243 374
344 426
55 323
3 133
8 477
94 251
305 471
57 369
20 487
59 415
147 262
207 313
205 240
298 431
358 482
17 189
58 190
110 380
300 477
112 426
198 200
411 493
15 493
161 318
293 437
353 488
64 385
12 195
163 364
66 431
121 138
167 483
214 329
404 426
63 133
156 324
276 426
18 390
119 442
265 267
116 144
176 195
79 262
170 380
230 431
271 432
68 103
21 257
133 498
174 499
260 273
320 324
471 493
130 200
171 201
223 391
322 370
165 386
225 437
123 160
274 329
315 330
26 227
34 88
177 396
125 206
80 463
28 273
179 442
327 340
280 494
27 48
118 166
269 335
329 386
141 335
232 453
39 58
83 330
281 345
234 499
382 397
41 104
46 448
132 222
285 464
324 392
343 442
35 289
384 443
95 340
136 341
155 391
58 458
37 335
185 233
336 402
377 403
396 453
437 454
0 453
148 351
96 161
146 278
187 279
239 469
247 330
51 418
338 448
49 345
150 397
48 120
53 464
199 289
240 290
331 408
391 459
102 356
50 166
143 357
5 423
252 300
7 469
43 126
444 470
194 295
254 346
4 171
157 413
105 223
196 341
55 136
8 290
99 408
159 459
398 475
2 475
57 182
208 351
249 352
20 300
340 470
152 419
14 485
110 193
108 120
113 464
261 362
302 363
352 480
11 187
52 188
71 238
112 239
203 357
263 408
215 367
256 368
27 316
118 434
66 244
219 486
167 296
217 413
318 465
115 136
120 480
268 378
18 203
119 255
330 475
22 322
24 368
84 419
115 486
170 193
323 435
73 260
133 311
224 429
265 430
325 481
36 378
77 379
127 496
75 306
314 322
33 80
186 322
225 250
376 419
68 266
279 486
26 40
91 435
177 209
130 363
80 276
28 86
88 137
179 255
332 497
371 425
82 322
183 374
40 96
81 97
86 441
141 148
172 215
232 266
292 317
383 435
443 486
135 333
484 487
195 384
137 379
436 446
95 153
246 322
347 374
378 441
89 338
37 148
149 389
0 266
93 457
239 282
299 333
390 451
431 452
49 158
202 400
241 328
301 379
53 277
204 446
102 169
143 170
146 441
294 339
354 390
13 97
44 164
104 215
197 406
255 384
296 385
7 282
67 333
158 451
6 57
56 174
9 328
157 226
248 344
308 395
349 396
60 293
8 103
151 411
211 462
159 272
252 463
250 390
2 288
62 339
153 457
361 406
20 113
111 231
171 282
212 283
264 473
262 400
303 401
363 452
14 298
55 299
74 349
113 277
206 468
164 242
117 396
315 411
356 412
15 119
226 339
317 457
69 355
160 473
118 247
219 299
217 226
122 366
120 293
180 344
221 345
312 463
23 360
83 411
124 412
22 135
27 479
173 304
233 355
272 283
365 474
76 371
136 422
115 299
39 489
18 366
37 416
78 417
138 468
224 242
377 484
127 309
75 119
168 310
319 479
38 237
131 428
230 407
87 129
133 474
331 489
279 299
31 197
143 438
91 248
430 468
242 417
283 418
80 89
85 433
145 484
184 412
43 207
423 428
82 135
334 356
45 253
105 304
196 422
237 423
297 474
8 371
99 489
135 146
140 490
195 197
286 315
346 366
98 264
46 74
478 485
189 382
249 433
290 434
1 331
288 361
40 259
191 428
251 479
58 84
89 151
149 202
190 203
281 321
341 372
0 79
244 439
304 490
343 418
54 315
202 213
155 367
293 331
17 433
58 434
204 259
295 377
47 275
167 377
198 444
146 254
258 495
299 496
197 219
408 439
67 146
158 264
259 316
350 434
61 331
9 141
102 332
162 383
24 449
60 106
65 450
63 377
211 275
252 276
271 326
403 445
114 342
463 496
153 270
213 321
116 388
176 439
14 111
19 455
74 162
206 281
357 450
68 347
16 157
72 466
359 496
70 393
130 444
218 291
410 461
69 168
129 219
160 286
280 388
321 389
123 404
183 455
25 219
118 410
76 184
136 235
227 353
268 354
328 405
39 302
326 332
37 229
78 230
190 471
138 281
231 472
229 399
41 348
30 189
38 50
222 359
282 410
342 461
92 286
185 477
284 456
85 246
145 297
236 415
296 466
48 364
87 292
50 410
105 117
289 426
8 184
140 303
291 472
43 370
103 421
189 195
340 364
4 415
40 72
152 313
100 123
105 467
193 314
191 241
344 483
55 380
94 308
443 462
154 359
244 252
455 472
59 472
147 319
155 180
298 488
58 247
149 365
209 416
47 88
71 482
107 139
112 483
299 309
318 359
409 477
101 324
161 375
109 185
64 442
12 252
163 421
402 437
462 488
61 144
66 488
162 196
253 314
313 365
24 262
65 263
404 483
115 380
156 381
216 432
276 483
119 499
306 325
457 494
56 150
267 370
19 268
368 422
79 319
170 437
271 489
68 160
21 314
169 212
320 381
223 448
283 499
322 427
74 325
184 493
225 494
373 392
183 268
315 387
375 438
86 335
34 145
177 453
28 330
179 499
327 397
25 32
238 325
269 392
40 340
81 341
389 494
37 42
42 386
190 284
382 454
93 351
41 161
132 279
192 330
95 397
155 448
245 341
336 459
148 408
96 218
146 335
247 387
51 475
90 403
150 454
48 177
87 105
199 346
240 347
331 465
102 413
50 223
143 414
201 392
5 480
99 115
104 459
252 357
250 284
2 182
442 454
153 351
194 352
254 403
56 418
157 470
105 280
196 398
55 193
99 465
206 362
154 172
57 239
117 290
309 460
20 357
111 475
298 301
17 59
58 60
110 250
108 177
261 419
302 420
300 347
112 296
10 19
106 481
161 188
221 239
312 357
64 255
12 65
124 306
215 424
163 234
256 425
316 476
27 373
365 368
29 419
115 193
276 296
18 260
270 481
77 86
360 374
420 425
19 81
24 425
79 132
323 492
271 302
73 317
21 127
133 368
422 471
265 487
36 435
72 92
223 261
283 312
314 379
374 430
415 431
38 481
74 138
186 379
184 306
277 497
87 373
128 374
427 441
31 441
86 148
91 492
177 266
237 317
278 318
369 436
80 333
28 143
140 384
88 194
429 487
179 312
82 379
142 430
290 328
40 153
45 497
193 395
141 205
232 323
292 374
383 492
135 390
195 441
137 436
95 210
155 261
134 138
246 379
287 380
347 431
58 328
378 498
89 395
37 205
149 446
190 447
148 221
299 390
51 288
49 215
241 385
301 436
53 334
144 452
102 226
143 227
253 395
201 205
5 293
354 447
13 154
44 221
156 462
255 441
296 442
153 164
306 406
6 114
56 231
9 385
97 232
157 283
248 401
308 452
349 453
159 329
21 395
62 396
208 221
111 288
59 98
171 339
212 340
262 457
303 458
74 406
113 334
11 57
16 401
164 299
315 468
263 278
356 469
15 176
414 447
106 294
166 345
226 396
64 68
129 463
27 186
118 304
66 114
219 356
217 283
310 474
318 335
409 453
180 401
221 402
18 73
119 125
124 469
210 243
270 294
22 192
25 463
462 464
173 361
121 171
233 412
76 428
136 479
134 406
175 407
222 253
37 473
174 182
224 299
265 300
77 249
96 299
187 417
228 418
30 433
90 484
38 294
277 310
188 238
279 356
31 254
143 495
91 305
182 423
80 146
85 490
332 367
43 264
392 418
142 243
235 434
334 413
45 310
105 361
193 208
237 480
8 428
195 254
286 372
98 321
46 131
137 249
249 490
1 388
288 418
40 316
100 367
191 485
339 383
399 434
149 259
190 260
281 378
300 428
52 326
0 136
93 327
203 495
244 496
51 101
343 475
54 372
202 270
155 424
353 439
394 440
53 147
58 491
204 316
295 434
355 485
396 486
107 383
167 434
406 450
5 106
10 450
257 327
348 445
7 152
12 496
67 203
158 321
259 373
350 491
121 439
60 163
63 434
271 383
174 450
153 327
213 378
56 394
116 445
176 496
264 343
262 270
14 168
16 214
106 107
218 348
317 327
28 224
468 496
280 445
321 446
32 343
71 271
81 235
29 45
34 389
122 236
172 353
120 163
180 214
273 405
23 230
372 384
83 281
234 450
275 451
46 399
25 276
173 174
76 241
136 292
84 102
134 219
326 389
37 286
229 456
36 61
41 405
96 112
127 179
30 246
379 400
90 297
131 298
439 451
222 416
282 467
331 359
31 67
143 308
91 118
96 462
182 236
242 287
393 456
85 303
434 457
145 354
236 472
184 282
87 349
235 247
45 123
50 467
196 292
297 344
8 241
99 359
140 360
200 411
2 426
43 427
103 478
189 252
249 303
290 304
1 201
340 421
4 472
441 473
59 179
100 180
193 371
191 298
94 365
154 416
52 139
57 483
112 190
203 308
244 309
304 360
15 257
395 478
106 375
54 185
205 354
17 303
256 319
209 473
448 489
47 145
107 196
167 247
198 314
258 365
318 416
10 263
109 242
221 483
64 499
12 309
163 478
311 376
61 201
9 11
121 252
162 253
214 443
253 371
313 422
24 319
65 320
115 437
63 247
156 438
216 489
114 212
265 381
306 382
366 433
56 207
75 257
116 258
168 448
176 309
267 427
19 325
368 479
79 376
170 494
68 217
16 27
260 387
320 438
72 336
359 366
70 263
130 314
28 37
33 381
373 449
32 156
371 376
123 274
183 325
274 443
375 495
86 392
125 320
28 387
83 94
234 263
327 454
137 330
178 331
238 382
81 398
141 449
378 392
37 99
42 443
78 100
138 151
190 341
231 342
229 269
93 408
41 218
132 336
90 110
95 454
134 382
92 156
284 326
148 465
96 275
146 392
187 393
247 444
385 408
49 459
85 116
145 167
236 285
296 336
48 234
139 352
87 162
97 126
50 280
143 471
201 449
289 296
8 54
13 398
44 465
440 465
99 172
140 173
159 223
200 224
250 341
2 239
351 393
62 290
103 291
153 408
254 460
1 14
56 475
4 285
97 476
105 337
212 234
243 301
303 352
55 250
3 60
435 471
94 178
206 419
154 229
305 398
117 347
356 363
15 70
20 414
106 188
147 189
298 358
358 409
17 116
108 234
11 301
112 353
411 420
10 76
15 420
101 194
161 245
64 312
12 122
413 466
215 481
256 482
27 430
25 357
66 358
214 256
365 425
406 426
29 476
216 302
276 353
18 317
367 471
119 369
210 487
22 436
77 143
168 261
121 415
319 430
360 431
420 482
24 482
131 379
79 189
170 307
73 374
174 426
31 148
36 492
77 493
70 76
75 420
283 369
314 436
374 487
184 363
225 364
87 430
128 431
188 482
177 323
125 133
80 390
140 441
181 442
179 369
137 143
142 487
290 385
81 211
193 452
141 262
172 329
42 256
234 426
93 221
46 375
132 149
137 493
285 391
343 369
35 216
134 195
246 436
347 488
58 385
89 452
144 159
0 380
148 278
487 498
146 205
187 206
239 396
247 257
338 375
109 323
150 324
241 442
301 493
53 391
199 216
259 267
102 283
143 284
162 334
253 452
5 350
65 401
13 211
44 278
104 329
255 498
2 52
7 396
103 104
153 221
194 222
6 171
345 391
56 288
9 442
97 289
157 340
405 442
248 458
55 63
206 232
159 386
398 402
62 453
117 160
208 278
309 330
359 447
400 448
111 345
59 155
212 397
14 412
74 463
110 120
261 289
321 340
352 407
412 458
11 114
16 458
71 165
112 166
164 356
263 335
15 233
125 401
226 453
28 468
64 125
69 469
465 469
256 295
316 346
27 243
407 464
66 171
178 412
217 340
81 479
29 289
122 480
180 458
221 459
268 305
419 474
78 181
119 182
210 300
22 249
173 418
272 397
76 485
84 346
134 463
175 464
222 310
73 187
224 356
284 407
36 305
96 356
127 423
75 233
187 474
228 475
126 198
337 418
87 243
188 295
279 413
31 311
91 362
182 480
80 203
140 254
181 255
142 300
235 491
334 470
105 418
193 265
8 485
42 69
195 311
286 429
234 239
346 480
46 188
189 496
288 475
59 423
100 424
339 440
3 491
58 198
397 418
89 265
149 316
209 367
300 485
52 383
112 434
51 158
49 85
293 445
301 306
394 497
12 203
53 204
204 373
47 389
107 440
167 491
253 265
5 163
65 214
13 24
44 91
156 332
104 142
255 311
7 209
67 260
447 481
158 378
56 101
61 445
121 496
162 497
308 322
60 220
151 338
159 199
250 317
21 265
62 266
213 435
56 451
111 158
303 328
14 225
165 394
206 395
266 446
68 461
16 271
164 169
315 338
15 46
34 96
125 214
218 405
226 266
317 384
418 436
160 400
220 451
27 56
32 400
118 174
178 225
219 226
29 102
34 446
122 293
172 410
180 271
23 287
372 441
83 338
231 236
22 62
25 333
173 231
233 282
384 451
76 298
227 467
39 416
326 446
78 344
138 395
437 462
36 118
41 462
96 169
127 236
228 288
319 406
30 303
90 354
38 164
131 355
222 473
92 400
240 298
331 416
31 124
143 365
242 344
333 462
85 360
145 411
184 339
43 134
235 304
386 473
97 370
45 180
196 349
237 350
8 298
140 417
159 467
200 468
2 483
98 191
189 309
249 360
309 411
340 478
59 236
100 237
193 428
191 355
251 406
55 494
94 422
154 473
52 196
112 247
203 365
15 314
54 242
147 433
207 484
205 411
12 16
256 376
295 304
107 253
258 422
318 473
10 320
161 489
109 299
7 22
12 366
67 73
350 361
9 68
162 310
253 428
313 479
24 376
115 494
63 304
156 495
362 371
62 79
174 320
213 248
366 490
75 314
116 315
176 366
267 484
14 38
19 382
79 433
417 428
16 84
128 325
260 444
31 392
72 393
70 320
130 371
369 387
33 438
69 95
280 315
123 331
183 382
26 398
81 105
34 259
172 223
125 377
273 275
364 393
23 100
83 151
234 320
275 321
46 269
426 490
25 146
137 387
238 439
40 454
76 111
81 455
136 162
227 280
287 331
39 229
378 449
419 450
37 156
78 157
190 398
138 208
231 399
93 465
41 275
192 444
30 116
35 460
90 167
131 168
241 336
282 337
342 388
92 213
245 455
284 383
47 470
143 178
187 450
335 348
385 465
85 173
197 414
145 224
236 342
296 393
337 394
139 409
240 461
6 65
97 183
289 353
349 404
8 111
13 455
99 229
159 280
200 281
291 399
351 450
62 347
103 348
194 466
1 71
6 415
4 342
152 240
212 291
303 409
344 410
55 307
3 117
206 476
154 286
117 404
356 420
15 127
106 245
147 246
207 297
298 415
17 173
160 481
108 291
209 343
300 461
11 358
71 409
112 410
411 477
10 133
15 477
101 251
109 112
312 471
12 179
163 348
27 487
25 414
61 71
121 122
214 313
272 291
365 482
24 189
84 240
404 410
115 307
63 117
175 358
276 410
307 477
18 374
119 426
22 493
77 200
75 127
116 128
168 318
176 179
228 369
267 297
19 195
170 364
68 87
73 431
133 482
31 205
471 477
70 133
130 184
223 375
283 426
322 354
33 251
184 420
225 421
123 144
128 488
26 211
86 262
34 72
466 483
177 380
125 190
278 432
80 447
28 257
88 308
179 426
46 82
82 493
137 200
290 442
238 252
40 267
81 268
389 421
232 437
292 488
39 42
42 313
190 211
281 329
234 483
41 88
473 499
132 206
244 447
192 257
35 273
246 493
287 494
53 98
58 442
144 216
185 217
396 437
437 438
148 335
96 145
239 453
51 402
49 329
150 381
241 499
12 447
48 104
53 448
350 442
391 443
9 149
451 494
201 319
5 407
13 268
104 386
252 284
2 109
444 454
62 160
103 161
194 279
254 330
345 448
56 345
4 155
9 499
97 346
157 397
405 499
55 120
60 464
206 289
159 443
16 165
57 166
117 217
309 387
20 284
111 402
59 212
212 454
14 469
69 176
113 448
261 346
321 397
11 171
164 413
263 392
15 290
125 458
166 459
124 233
215 351
316 403
27 300
25 227
66 228
118 418
178 469
219 470
217 397
29 346
115 120
120 464
78 238
119 239
231 480
210 357
330 459
173 475
272 454
131 249
84 403
222 367
170 177
323 419
73 244
133 295
224 413
325 465
96 413
127 480
75 290
33 64
38 408
186 306
225 234
337 475
376 403
87 300
128 301
279 470
31 368
91 419
177 193
80 260
28 70
88 121
181 312
332 481
6 496
45 424
100 131
191 249
232 250
344 491
443 470
135 317
195 368
286 486
46 245
244 260
155 188
246 306
339 497
347 358
397 475
89 322
149 373
209 424
52 440
0 250
239 266
51 215
450 486
202 384
150 194
241 312
301 363
53 261
162 204
253 322
65 271
13 81
385 441
44 148
156 389
104 199
197 390
257 441
255 368
7 266
67 317
158 435
306 333
56 158
9 312
97 159
157 210
248 328
308 379
368 430
271 497
62 323
260 338
72 287
20 97
212 267
262 384
322 435
14 282
363 436
74 333
113 261
16 328
375 446
125 271
166 272
317 441
129 390
32 457
25 40
118 231
178 282
310 401
370 452
81 349
29 159
180 328
83 395
231 293
25 390
173 288
233 339
76 355
136 406
84 216
175 334
39 473
138 452
224 226
377 468
36 175
127 293
228 345
30 360
90 411
38 221
143 422
430 452
242 401
44 416
85 417
145 468
103 242
194 360
105 288
196 406
297 458
3 11
8 355
94 129
286 299
346 350
98 248
189 366
249 417
309 468
288 345
152 484
100 294
191 412
3 361
58 68
94 479
149 186
341 356
52 253
0 63
112 304
401 407
203 422
244 423
304 474
15 371
106 489
54 299
147 490
205 468
17 417
53 74
144 192
256 433
295 361
355 412
47 259
66 309
107 310
167 361
198 428
101 495
109 356
197 203
307 371
408 423
7 79
12 423
67 130
22 387
61 315
121 366
65 434
151 208
211 259
271 310
403 429
422 479
21 135
114 326
174 377
265 495
213 305
77 444
264 270
415 439
14 95
19 439
74 146
79 490
266 316
68 331
16 141
417 485
31 449
72 450
70 377
410 445
33 495
470 496
129 203
160 270
172 280
125 434
273 332
364 450
234 377
275 378
25 203
137 444
178 445
238 496
76 168
136 219
227 337
328 389
78 214
190 455
138 265
231 456
229 383
41 332
132 450
90 224
131 225
150 275
241 393
282 394
342 445
92 270
294 404
236 399
296 450
139 466
45 50
50 394
349 461
8 168
388 389
99 286
200 338
250 455
291 456
62 404
6 472
4 399
59 106
212 348
191 225
251 276
344 467
55 364
3 174
113 342
154 343
52 66
57 410
117 461
203 235
356 477
15 184
106 302
54 112
59 456
207 354
455 456
298 472
69 420
17 230
108 348
209 400
407 415
11 415
71 466
107 123
112 467
167 174
219 364
198 241
310 482
258 292
10 190
122 431
409 461
101 308
64 426
119 133
210 251
163 405
22 200
402 421
25 471
61 128
66 472
121 179
214 370
272 348
115 364
63 174
175 415
216 416
18 431
78 482
114 139
119 483
416 477
168 375
176 236
267 354
19 252
131 493
469 488
68 144
73 488
169 196
260 314
320 365
31 262
70 190
223 432
322 411
33 308
184 477
225 478
32 83
82 200
183 252
274 370
334 421
26 268
375 422
86 319
34 129
177 437
125 247
278 489
135 211
88 365
179 483
327 381
178 258
290 499
238 309
40 324
39 99
42 370
190 268
231 269
281 386
341 437
382 438
41 145
132 263
192 314
343 483
95 381
155 432
394 448
53 155
144 273
245 325
336 443
47 340
396 494
146 319
51 459
338 489
109 437
150 438
197 284
48 161
139 279
259 381
350 499
9 206
50 207
102 397
201 376
13 325
44 392
63 442
250 268
2 166
62 217
153 335
194 336
254 387
6 285
56 402
4 212
97 403
116 453
55 177
206 346
154 156
305 325
16 222
57 223
169 464
208 392
309 444
20 341
106 115
111 459
110 234
449 454
160 351
321 454
71 279
263 449
34 397
161 172
312 341
64 239
124 290
163 218
275 459
316 460
27 357
84 110
175 228
328 470
276 280
18 244
119 296
210 414
270 465
22 363
168 188
228 239
79 116
230 285
133 352
224 470
31 75
36 419
72 76
75 347
182 244
223 245
283 296
314 363
374 414
85 311
33 121
126 312
186 363
434 465
184 290
277 481
376 460
128 358
86 132
278 302
297 352
388 470
429 471
140 368
200 419
43 435
103 486
142 414
290 312
40 137
45 481
100 188
193 379
232 307
292 358
383 476
94 373
195 425
93 148
285 318
436 487
35 143
147 384
95 194
155 245
58 312
149 430
47 153
0 307
148 205
101 389
202 441
150 251
241 369
301 420
12 317
53 318
144 436
204 487
9 19
102 210
162 261
253 379
294 380
5 277
63 255
156 446
216 497
257 498
255 425
7 323
67 374
56 215
116 266
157 267
19 333
60 334
368 487
16 35
21 379
169 277
260 395
111 272
171 323
262 441
322 492
363 493
11 41
16 385
71 92
164 283
34 210
414 431
166 329
226 380
317 498
28 395
129 447
215 221
27 170
118 288
66 98
217 267
310 458
29 216
122 407
120 334
180 385
23 401
78 108
210 227
229 277
270 278
22 176
173 345
233 396
76 412
134 390
222 237
37 457
185 355
224 283
284 334
36 232
127 350
187 401
228 402
247 452
30 417
85 124
90 468
428 463
188 222
50 288
91 289
242 458
44 473
80 130
140 181
291 350
332 351
43 248
103 299
82 176
194 417
142 227
235 418
45 294
3 68
8 412
435 479
94 186
135 187
286 356
346 407
98 305
189 423
249 474
288 402
59 350
100 351
147 197
191 469
339 367
399 418
3 418
58 125
89 192
302 485
52 310
0 120
112 361
244 480
101 202
54 356
202 254
394 424
12 130
17 474
53 131
163 299
204 300
256 490
295 418
355 469
107 367
198 485
406 434
5 90
65 141
63 68
156 259
216 310
307 428
348 429
408 480
7 136
67 187
61 372
360 439
19 146
63 418
151 265
211 316
21 192
114 383
174 434
213 362
72 157
116 429
176 480
264 327
14 152
19 496
113 131
357 491
68 388
128 439
169 440
70 434
130 485
218 332
278 383
28 208
181 450
468 480
160 327
220 378
280 429
32 327
81 219
34 373
122 220
172 337
180 198
46 383
132 157
285 399
84 86
134 203
287 445
328 446
347 496
39 343
138 322
0 388
36 45
247 265
379 384
90 281
282 451
53 399
92 327
331 343
91 102
242 271
335 462
44 286
85 287
393 440
145 338
43 61
48 405
6 179
386 400
4 106
9 450
50 451
97 297
248 466
196 276
289 467
99 343
159 394
57 117
62 461
98 118
103 462
189 236
309 338
1 185
441 457
152 354
100 164
212 405
243 472
251 333
55 421
3 231
154 400
16 466
52 123
112 174
203 292
263 343
15 241
395 462
106 359
54 169
207 411
69 477
108 405
448 473
107 180
219 421
167 231
198 298
10 247
122 488
101 365
119 190
210 308
163 462
311 360
22 257
402 478
61 185
272 405
313 406
84 354
115 421
63 231
175 472
216 473
18 488
174 247
265 365
366 417
77 314
75 241
116 242
168 432
176 293
19 309
170 478
169 253
260 371
279 421
320 422
70 247
223 489
322 468
33 365
181 263
373 433
32 140
123 258
235 499
334 478
26 325
86 376
177 494
135 268
88 422
234 247
327 438
46 196
288 483
35 37
100 432
3 499
37 83
42 427
190 325
382 495
93 392
41 202
132 320
30 43
35 387
95 438
53 212
92 140
185 331
245 382
47 397
148 449
146 376
247 428
385 392
49 443
85 100
197 341
150 495
236 269
296 320
139 336
488 490
259 438
9 263
102 454
60 228
8 38
13 382
63 499
159 207
250 325
2 223
351 377
62 274
103 275
213 443
254 444
6 342
152 167
212 218
243 285
363 387
113 212
154 213
305 382
15 54
20 398
106 172
207 224
298 342
358 393
69 290
17 100
110 291
160 408
219 234
310 352
10 60
34 454
161 229
221 280
312 398
372 449
64 296
124 347
163 275
27 414
25 341
365 409
425 460
24 116
29 460
84 167
115 234
175 285
216 286
268 476
276 337
307 404
326 454
18 301
367 455
78 352
119 353
210 471
22 420
77 127
168 245
228 296
319 414
379 465
19 122
38 172
79 173
131 363
170 291
230 342
73 358
31 132
91 183
182 301
223 302
314 420
374 471
85 368
33 178
126 369
186 420
184 347
87 414
188 466
26 138
86 189
177 307
237 358
297 409
80 374
88 235
200 476
290 369
288 296
100 245
141 246
193 436
191 363
232 364
3 312
135 431
195 482
93 205
132 133
244 374
343 353
54 250
95 251
147 441
246 420
347 472
58 369
89 436
149 487
295 312
0 364
107 261
148 262
198 379
299 431
10 328
109 307
150 308
202 498
7 30
12 374
53 375
139 149
199 200
9 76
102 267
253 436
313 487
5 334
354 488
65 385
13 195
151 159
104 313
7 380
67 431
494 498
153 205
306 447
254 257
345 375
56 272
4 82
157 324
248 442
19 390
60 391
206 216
266 267
169 334
117 144
260 452
72 401
111 329
14 396
74 447
160 221
113 375
261 273
321 324
352 391
412 442
11 98
472 493
71 149
164 340
263 319
34 267
125 385
226 437
23 108
64 109
69 453
124 160
215 278
275 329
316 330
27 227
407 448
426 498
118 345
66 155
217 324
76 119
29 273
122 464
328 340
419 458
23 458
78 165
119 166
229 334
270 335
330 386
132 401
35 468
76 469
131 176
134 447
222 294
282 345
323 346
73 171
133 222
36 289
96 340
127 407
85 181
186 233
277 351
337 402
87 227
240 469
188 279
279 397
50 345
182 464
140 238
200 289
291 407
82 233
194 474
142 284
235 475
6 423
4 350
45 351
105 402
193 249
344 418
3 125
42 53
195 295
286 413
346 464
189 480
54 63
100 408
147 254
339 424
399 475
110 372
58 182
89 249
149 300
52 367
10 141
51 142
49 69
54 413
109 120
202 311
353 480
12 187
163 356
204 357
167 475
10 491
65 198
404 418
156 316
104 126
307 485
255 295
348 486
7 193
119 434
56 85
61 429
116 136
121 480
360 496
19 203
60 204
459 475
63 475
211 373
271 424
21 249
114 440
260 265
213 419
72 214
70 141
111 142
116 486
264 384
262 311
322 362
14 209
74 260
454 481
165 378
266 430
123 152
128 496
315 322
26 219
34 80
466 491
218 389
166 199
88 316
129 317
179 434
280 486
27 40
32 384
178 209
329 378
370 379
29 86
122 277
141 327
172 394
120 204
232 445
180 255
461 497
23 271
83 322
234 491
41 96
46 440
132 214
324 384
35 281
76 282
384 435
134 260
227 451
39 400
326 430
185 225
138 379
377 395
0 445
36 102
437 446
338 440
38 148
150 389
92 384
240 282
391 451
432 452
50 158
143 349
182 277
242 328
333 446
393 497
85 344
104 394
444 462
103 169
6 236
345 456
386 457
97 354
45 164
105 215
297 385
60 472
8 282
159 451
200 452
398 467
57 174
189 293
249 344
59 220
251 390
55 478
113 456
154 457
302 355
52 180
203 349
304 401
106 416
54 226
166 467
207 468
205 395
17 344
108 462
256 360
66 236
107 237
219 478
198 355
258 406
10 304
101 422
210 365
158 175
311 417
22 314
61 242
121 293
214 484
313 463
24 360
115 478
21 62
265 422
213 232
325 473
366 474
168 489
116 299
176 350
126 263
79 417
165 191
225 242
376 411
188 360
279 478
320 479
91 427
70 304
369 371
88 129
129 130
332 489
280 299
373 490
32 197
371 417
82 314
183 366
26 382
81 89
86 433
232 258
364 377
23 84
88 479
234 304
327 495
137 371
238 423
35 94
40 438
141 490
227 264
287 315
347 366
39 213
89 330
37 140
42 484
438 484
138 192
479 485
229 310
0 258
41 259
93 449
192 428
431 444
491 495
95 495
241 320
282 321
53 269
433 490
144 387
92 197
204 438
143 162
146 433
294 331
247 485
385 449
13 89
44 156
104 207
197 398
257 449
236 326
296 377
7 274
48 275
199 444
9 320
97 167
157 218
201 490
289 337
60 285
8 95
151 403
99 213
159 264
252 455
250 382
2 280
62 331
153 449
4 326
152 224
243 342
363 444
55 291
113 269
154 270
305 439
16 336
57 337
356 404
15 111
20 455
106 229
207 281
205 208
298 399
110 348
160 465
217 218
310 409
411 461
122 358
101 235
120 285
312 455
23 352
163 332
22 127
27 471
25 398
173 296
365 466
24 173
84 224
115 291
216 343
276 394
18 358
78 409
77 184
168 302
319 471
267 281
38 229
79 230
170 348
230 399
68 71
73 415
31 189
91 240
85 425
33 235
184 404
87 471
235 369
334 348
26 195
177 364
297 466
135 138
140 482
82 477
137 184
329 354
40 251
389 405
141 303
292 472
3 369
42 297
190 195
281 313
341 364
93 262
41 72
192 241
285 432
304 482
54 307
95 308
155 359
58 426
89 493
204 251
245 252
295 369
146 246
239 437
299 488
10 385
51 386
49 313
109 364
197 211
348 380
7 87
12 431
48 88
139 206
259 308
350 426
102 324
162 375
253 493
5 391
60 98
151 216
104 370
252 268
403 437
2 93
463 488
67 488
153 262
213 313
254 314
345 432
405 483
157 381
19 447
55 104
60 448
266 324
398 443
21 493
20 268
70 385
111 386
410 453
14 453
69 160
261 330
321 381
352 448
412 499
11 155
123 396
71 206
263 376
26 463
34 324
122 171
226 494
364 458
23 165
275 386
316 387
25 211
118 402
217 381
76 176
29 330
120 448
328 397
78 222
231 464
229 391
41 340
132 458
173 459
38 42
131 233
282 402
323 403
73 228
185 469
133 279
224 397
284 448
36 346
96 397
127 464
38 392
236 407
184 217
337 459
376 387
87 284
279 454
50 402
91 403
140 295
43 362
103 413
142 341
1 136
4 407
40 64
105 459
191 233
3 182
383 403
94 300
42 110
154 351
195 352
98 419
147 311
155 172
298 480
339 481
110 429
58 239
89 306
47 80
52 424
198 249
239 250
10 198
51 199
390 419
450 470
54 470
202 368
293 486
301 347
204 414
66 480
102 137
107 481
162 188
253 306
5 204
354 358
13 65
404 475
445 476
63 182
104 183
156 373
216 424
257 425
255 352
119 491
67 301
158 419
366 368
61 486
267 362
368 414
60 261
151 379
170 429
271 481
73 496
114 497
169 204
213 476
320 373
361 374
72 271
20 81
452 492
70 198
223 440
262 368
14 266
165 435
225 486
266 487
373 384
123 209
315 379
375 430
218 446
28 322
88 373
129 374
179 491
220 492
27 97
32 441
118 215
178 266
269 384
370 436
81 333
29 143
172 451
120 261
180 312
23 328
83 379
41 153
132 271
173 272
233 323
384 492
76 339
136 390
134 317
326 487
185 282
138 436
377 452
96 210
127 277
247 379
338 497
379 498
90 395
48 169
87 97
92 441
240 339
143 406
91 216
430 436
201 384
242 385
44 400
104 451
145 452
43 175
103 226
194 344
142 154
45 221
157 462
105 272
196 390
8 339
94 113
99 457
154 164
98 232
249 401
309 452
1 299
59 277
251 447
110 242
89 119
149 170
209 221
302 412
300 339
112 288
203 406
10 11
15 355
101 129
205 452
12 57
17 401
204 227
295 345
355 396
66 293
167 345
198 412
217 462
10 361
216 237
348 356
7 63
210 422
270 473
22 371
61 299
360 366
19 73
24 417
60 74
84 468
323 484
271 294
362 412
73 309
21 119
114 310
174 361
265 479
72 84
77 428
75 355
223 253
176 407
314 371
14 79
38 473
74 130
79 474
165 248
225 299
376 468
68 315
417 469
128 366
188 417
26 89
31 433
91 484
70 361
130 412
278 310
369 428
429 479
220 305
280 356
32 254
183 423
26 439
482 490
81 146
141 197
172 264
232 315
273 316
364 434
42 191
83 192
135 382
234 361
46 310
137 428
285 326
238 480
35 151
40 495
76 152
136 203
477 496
227 321
287 372
347 423
39 270
378 490
37 197
190 439
138 249
0 315
41 316
148 213
150 259
301 428
342 429
53 326
144 444
92 254
204 495
245 496
143 219
146 490
294 388
44 213
145 265
236 383
48 332
139 450
4 33
9 377
97 224
157 275
289 394
349 445
60 342
8 152
13 496
151 460
99 270
159 321
250 439
2 337
351 491
62 388
1 112
4 383
212 332
243 399
303 450
55 348
113 326
154 327
11 49
57 394
203 219
263 270
356 461
15 168
414 439
205 265
69 404
17 214
108 332
11 399
71 450
217 275
258 276
318 327
29 224
122 415
409 445
161 343
23 409
64 410
124 461
210 235
270 286
22 184
25 455
121 163
214 354
272 332
76 420
24 230
115 348
175 399
276 451
18 415
114 123
265 292
416 461
228 410
176 220
38 286
126 133
131 477
170 405
230 456
469 472
68 128
73 472
128 179
188 230
279 348
320 349
31 246
70 174
130 225
283 467
80 138
33 292
85 482
126 483
181 190
332 359
142 235
183 236
235 426
274 354
334 405
26 252
45 302
177 421
237 472
80 488
135 195
286 364
327 365
387 416
46 123
189 431
137 241
290 483
238 293
1 380
288 410
40 308
389 462
100 359
141 360
191 477
3 426
39 83
89 200
42 354
190 252
281 370
341 421
401 472
93 319
343 467
54 364
95 365
155 416
53 139
58 483
144 257
245 309
295 426
336 427
107 375
146 303
239 494
51 443
48 145
259 365
350 483
102 381
201 360
5 448
60 155
13 309
65 499
63 426
151 273
250 252
403 494
7 494
62 201
213 370
254 371
56 386
157 438
55 161
113 139
206 330
357 499
57 207
169 448
208 376
70 442
111 443
317 319
17 27
110 218
129 268
160 335
220 386
261 387
321 438
32 335
11 212
71 263
164 454
29 37
34 381
122 228
120 155
312 325
23 222
372 376
124 274
215 392
118 459
76 233
24 43
29 387
84 94
268 403
328 454
326 381
367 382
78 279
270 449
41 397
319 341
30 238
38 99
79 100
131 290
222 408
170 218
282 459
230 269
73 285
92 335
133 336
224 454
31 59
91 110
96 454
335 470
374 398
85 295
38 449
145 346
186 347
236 464
184 274
277 465
48 413
87 341
50 459
86 116
91 460
237 285
297 336
388 454
80 301
200 403
43 419
98 126
290 296
381 414
4 464
45 465
441 465
100 172
193 363
191 290
251 341
3 239
42 167
57 475
93 132
98 476
304 352
395 470
436 471
54 177
95 178
246 347
58 296
89 363
149 414
209 465
11 480
47 137
52 481
107 188
148 189
448 481
198 306
239 307
299 358
10 255
390 476
49 183
109 234
202 425
301 404
64 491
163 470
402 486
61 193
102 194
162 245
65 312
13 122
63 239
104 240
156 430
216 481
255 409
67 358
158 476
306 374
366 425
116 250
176 301
308 420
19 317
368 471
79 368
211 487
21 363
169 261
260 379
72 328
20 138
70 255
111 256
264 498
262 425
74 374
11 25
164 267
315 436
26 333
375 487
414 415
125 312
317 482
23 35
28 379
129 431
27 154
32 498
25 81
118 272
238 374
329 492
370 493
81 390
29 200
180 369
18 41
23 385
42 435
83 436
231 334
41 210
132 328
233 380
324 498
95 446
136 447
92 148
133 149
138 493
185 339
245 390
224 267
127 334
187 385
247 436
30 401
85 108
145 159
277 278
48 226
139 344
87 154
92 498
50 272
430 493
201 441
13 390
140 165
291 334
43 232
103 283
194 401
1 6
6 350
4 277
45 278
97 468
344 345
3 52
8 396
94 170
195 222
286 340
346 391
57 288
189 407
249 458
1 356
147 181
207 232
298 350
339 351
399 402
110 299
89 176
108 226
149 227
209 278
112 345
203 463
10 68
15 412
51 69
101 186
161 237
64 304
12 114
413 458
163 283
204 284
256 474
355 453
66 350
214 248
406 418
29 468
156 243
216 294
257 295
276 345
307 412
367 463
119 361
67 171
158 289
22 428
121 407
360 423
19 130
24 474
79 181
211 300
114 367
174 418
72 141
75 412
223 310
176 464
264 311
415 480
14 136
74 187
165 305
225 356
68 372
128 423
188 474
26 146
31 490
70 418
177 315
130 469
218 316
369 485
28 192
88 243
129 244
181 434
179 361
220 362
32 311
82 428
123 429
183 480
26 496
141 254
172 321
232 372
180 182
273 373
292 423
135 439
234 418
46 367
132 141
137 485
285 383
95 259
136 260
134 187
227 378
287 429
39 327
89 444
37 254
190 496
127 147
187 198
247 249
51 337
90 265
150 316
241 434
301 485
342 486
53 383
139 157
92 311
50 85
201 254
242 255
294 445
354 496
13 203
333 373
393 424
104 321
145 322
296 491
43 45
194 214
254 265
6 163
345 383
45 91
157 332
105 142
289 451
60 399
159 378
250 496
2 394
62 445
98 102
1 169
340 389
400 440
111 337
59 147
460 491
212 389
243 456
251 317
55 405
110 112
261 281
352 399
11 106
16 450
52 107
112 158
164 348
203 276
263 327
304 328
15 225
106 343
166 394
207 395
205 322
64 117
17 271
69 461
108 389
316 338
407 456
11 456
66 163
167 215
217 332
318 384
120 399
221 451
23 466
64 467
210 292
270 343
22 241
61 169
173 410
214 411
272 389
24 287
84 338
115 405
175 456
323 354
73 179
114 180
224 348
265 349
325 400
77 298
127 415
168 416
228 467
176 277
267 395
30 482
38 343
79 344
170 462
128 236
279 405
320 406
31 303
380 457
91 354
182 472
130 282
223 473
80 195
33 349
32 124
82 241
142 292
183 293
235 483
334 462
45 359
86 360
42 61
135 252
195 303
387 473
98 370
189 488
137 298
1 437
40 365
100 416
339 432
89 257
37 67
42 411
190 309
281 427
341 478
0 185
93 376
192 355
51 150
54 421
95 422
241 247
53 196
144 314
92 124
204 365
245 366
295 483
336 484
107 432
148 433
146 360
44 83
104 134
109 478
197 325
257 376
236 253
255 303
296 304
348 494
139 320
158 370
199 371
61 437
162 489
248 263
308 314
8 22
13 366
63 483
99 140
159 191
252 382
2 207
351 361
62 258
254 428
20 32
116 494
264 392
243 269
14 217
55 218
363 371
454 489
113 196
266 438
305 366
16 263
20 382
70 499
106 156
166 207
226 258
418 428
17 84
129 325
160 392
108 202
220 443
261 444
32 392
11 269
71 320
310 336
29 94
34 438
221 264
23 279
64 280
372 433
124 331
27 398
25 325
214 224
425 444
24 100
84 151
227 459
268 460
276 321
326 438
18 285
367 439
36 110
127 228
319 398
30 295
379 449
420 450
79 157
230 326
92 392
133 393
432 460
31 116
36 460
91 167
182 285
242 336
333 454
85 352
33 162
145 403
48 470
87 398
235 296
386 465
427 466
45 172
177 291
237 342
297 393
140 409
98 183
189 301
142 455
290 353
1 250
381 471
193 420
191 347
251 398
94 414
42 224
154 465
93 189
244 358
304 409
54 234
95 235
155 286
246 404
17 352
58 353
149 471
148 246
146 173
239 364
258 414
299 415
51 313
101 430
161 481
109 291
202 482
7 14
158 183
350 353
102 251
214 492
162 302
253 420
5 318
354 472
63 296
156 487
255 466
2 20
114 261
62 71
67 415
153 189
366 482
405 410
116 307
176 358
267 476
14 30
19 374
357 369
417 420
16 76
21 420
169 318
208 246
320 487
72 385
20 195
359 415
70 312
111 313
262 482
69 87
74 431
160 205
373 498
32 205
352 375
412 426
11 82
123 323
71 133
164 324
472 477
274 492
315 493
34 251
125 369
226 421
23 92
64 93
83 143
88 487
124 144
129 488
27 211
25 138
118 329
178 380
269 498
29 257
141 498
227 272
180 426
268 273
39 221
419 442
18 98
83 493
330 370
41 267
132 385
35 452
131 160
222 278
282 329
433 498
37 498
224 324
284 375
96 324
127 391
187 442
335 340
30 458
85 165
145 216
236 334
277 335
337 386
48 283
139 401
87 211
50 329
289 345
200 273
291 391
351 442
43 289
392 443
103 340
194 458
6 407
105 386
193 233
243 350
344 402
8 453
94 227
286 397
305 447
346 448
1 413
59 391
207 289
205 216
298 407
339 408
110 356
58 166
149 284
209 335
300 453
11 350
52 351
10 125
161 294
293 413
12 171
163 340
214 305
167 459
406 475
65 182
63 109
216 351
276 402
307 469
119 418
56 69
61 413
116 120
121 464
267 289
360 480
19 187
79 238
170 356
271 408
68 79
21 233
73 423
114 424
174 475
72 198
75 469
111 126
223 367
171 177
264 368
262 295
322 346
14 193
33 243
74 244
225 413
123 136
128 480
183 187
274 305
26 203
86 254
34 64
177 372
125 182
218 373
88 300
129 301
181 491
238 244
269 311
329 362
172 378
180 239
292 480
42 305
83 306
135 496
41 80
46 424
473 491
132 198
192 249
233 250
324 368
35 265
384 419
95 316
134 244
287 486
185 209
336 378
36 86
96 137
247 306
51 394
30 271
150 373
241 491
53 440
139 214
331 384
391 435
451 486
143 333
201 311
242 312
13 260
333 430
44 327
104 378
145 379
236 497
2 101
48 446
67 496
103 153
444 446
194 271
345 440
386 441
405 491
446 492
157 389
55 112
8 266
99 384
398 451
2 451
57 158
117 209
208 327
309 379
20 276
340 446
400 497
59 204
152 395
212 446
14 461
55 462
110 169
113 440
261 338
302 339
352 456
11 163
164 405
15 282
166 451
205 379
66 220
167 272
258 390
318 441
29 338
120 456
161 457
18 179
119 231
158 159
270 400
22 298
61 226
121 277
214 468
24 344
84 395
115 462
323 411
73 236
21 46
174 288
265 406
36 354
75 282
168 473
176 334
33 56
38 400
79 401
126 247
186 298
376 395
68 242
128 293
31 360
91 411
177 185
33 406
88 113
181 304
179 231
332 473
82 298
142 349
45 416
86 417
172 191
292 293
383 411
42 118
135 309
195 360
286 478
234 288
327 479
46 237
137 355
1 494
35 78
40 422
95 129
339 489
287 299
347 350
39 197
89 314
42 468
190 366
52 432
239 258
51 207
390 427
54 478
95 479
150 186
241 304
301 355
53 253
92 181
204 422
245 423
47 438
102 145
107 489
143 146
146 417
5 212
385 433
13 73
445 484
44 140
49 484
104 191
145 192
255 360
296 361
67 309
199 428
6 33
61 494
97 151
102 495
248 320
308 371
349 372
60 269
440 490
151 387
99 197
211 438
159 248
250 366
153 433
213 484
361 382
20 89
111 207
264 449
303 377
266 495
305 423
16 320
164 218
117 372
208 490
356 388
15 95
20 439
106 213
166 264
226 315
69 331
17 141
129 382
160 449
108 259
32 449
11 326
71 377
310 393
370 444
29 151
122 342
180 320
23 336
25 382
173 280
214 281
233 331
324 449
76 347
24 157
84 208
115 275
175 326
276 378
39 465
18 342
78 393
138 444
377 460
36 167
77 168
127 285
75 95
168 286
319 455
30 352
131 404
230 383
92 449
133 450
31 173
430 444
182 342
130 152
85 409
33 219
145 460
184 388
142 162
235 353
45 229
177 348
297 450
80 415
98 240
46 50
189 358
137 168
290 410
1 307
40 235
100 286
193 477
191 404
251 455
3 353
94 471
0 55
244 415
192 225
304 466
205 460
246 461
293 307
204 235
295 353
355 404
47 251
396 405
107 302
146 230
10 369
101 487
49 297
348 364
408 415
7 71
67 122
199 241
259 292
162 359
60 82
65 426
211 251
2 77
62 128
153 246
213 297
306 488
405 467
19 431
165 256
206 257
266 308
357 426
68 323
16 133
21 477
417 477
458 478
260 493
208 303
72 442
70 369
111 370
218 267
69 144
74 488
160 262
220 313
261 314
32 262
371 482
412 483
71 190
164 381
183 431
26 447
86 498
34 308
122 155
125 426
273 324
226 478
364 442
424 493
23 149
465 494
124 201
27 268
25 195
178 437
76 160
136 211
227 329
180 483
268 330
328 381
39 278
419 499
18 155
78 206
192 493
233 494
30 165
131 217
134 488
222 335
282 386
185 453
133 263
284 432
36 330
127 448
187 499
335 397
85 222
145 273
186 274
184 201
277 392
337 443
48 340
139 458
87 268
50 386
196 211
289 402
99 278
2 345
6 464
4 391
40 48
152 289
105 443
193 290
243 407
191 217
251 268
344 459
94 284
57 402
117 453
395 397
54 104
59 448
155 156
205 273
246 274
110 413
58 223
397 443
108 340
11 407
47 64
107 115
198 233
258 284
390 403
101 300
49 110
161 351
293 470
64 418
12 228
163 397
402 413
61 120
66 464
214 362
162 172
313 341
404 459
216 408
255 336
18 423
114 131
67 285
119 475
61 470
168 367
176 228
308 347
19 244
79 295
170 413
271 465
73 480
21 290
260 306
320 357
72 255
20 65
70 182
130 233
171 234
223 424
264 425
283 475
262 352
322 403
33 300
74 301
225 470
32 75
123 193
183 244
274 362
315 363
26 260
375 414
34 121
125 239
218 430
80 496
28 306
88 357
27 81
118 199
178 250
238 301
329 419
389 470
81 317
141 368
172 435
232 486
180 296
42 362
382 430
41 137
46 481
132 255
192 306
285 497
324 425
35 322
136 374
134 301
227 492
37 368
185 266
245 317
336 435
148 384
96 194
127 261
187 312
51 451
49 378
90 379
139 271
391 492
102 389
143 390
201 368
242 369
13 317
44 384
104 435
252 333
2 158
103 210
194 328
254 379
345 497
157 446
105 256
196 374
8 323
99 441
159 492
305 317
57 215
117 266
208 384
249 385
309 436
20 333
59 261
17 35
110 226
113 497
149 154
261 395
302 396
300 323
11 220
164 462
112 272
203 390
263 441
101 113
161 164
205 436
64 231
12 41
17 385
215 400
256 401
316 452
118 467
66 277
217 446
318 498
115 169
268 411
307 339
18 236
367 390
210 406
22 355
168 180
121 334
19 57
24 401
230 277
271 278
323 468
73 293
21 103
422 447
224 462
265 463
77 412
75 339
283 288
374 406
38 457
74 114
126 304
186 355
165 232
277 473
68 299
26 73
31 417
91 468
177 242
130 396
218 243
278 294
369 412
429 463
28 119
33 463
88 170
181 361
179 288
280 340
371 458
82 355
183 407
86 474
141 181
172 248
383 468
424 469
42 175
83 176
135 366
195 417
98 484
285 310
436 479
477 480
95 186
136 187
246 355
287 356
39 254
37 181
149 422
190 423
0 299
93 490
148 197
239 315
51 264
49 191
90 192
301 412
342 413
53 310
144 428
47 495
102 202
294 372
5 269
354 423
385 490
13 130
197 439
257 490
255 417
67 366
158 484
6 90
9 361
97 208
60 326
8 136
99 254
211 495
159 305
252 496
250 423
2 321
62 372
153 490
111 264
152 265
212 316
243 383
303 434
14 331
55 332
113 310
305 480
71 84
15 152
20 496
106 270
166 321
317 490
17 198
129 439
118 280
66 90
71 434
219 332
217 259
122 399
409 429
120 326
221 378
312 496
23 393
83 444
210 219
22 168
421 439
25 439
173 337
121 147
76 404
24 214
136 455
84 265
115 332
175 383
18 399
73 106
133 157
224 275
325 327
77 225
127 342
75 152
228 394
131 461
277 286
68 112
128 163
188 214
279 332
31 230
380 384
182 399
80 122
33 276
85 466
184 445
332 343
392 394
423 461
82 168
142 219
183 220
235 410
334 389
45 286
86 287
196 455
237 456
8 404
195 230
327 349
346 399
46 107
189 415
249 466
40 292
389 446
100 343
339 359
399 410
3 410
58 117
89 184
149 235
190 236
302 477
281 354
341 405
0 112
93 303
244 472
343 451
155 400
17 466
53 123
58 467
144 241
295 410
396 462
107 359
167 410
146 287
5 82
49 354
67 179
158 297
350 467
61 364
9 174
60 139
65 483
211 308
362 477
403 478
2 134
21 184
62 185
56 370
116 421
176 472
264 319
14 144
19 488
55 145
456 489
113 123
357 483
72 499
70 426
171 478
410 494
69 201
468 472
160 319
220 370
280 421
321 422
32 319
123 437
71 247
180 190
273 381
364 499
23 206
83 257
124 258
27 325
25 252
118 443
24 27
136 268
115 145
175 196
328 438
326 365
78 263
229 432
36 37
41 381
127 155
319 325
30 222
131 274
222 392
282 443
230 253
342 494
92 319
133 320
284 489
36 387
96 438
182 212
335 454
333 381
374 382
85 279
145 330
236 448
43 53
386 392
50 443
86 100
105 150
196 268
289 459
388 438
99 335
140 336
2 402
43 403
98 110
103 454
189 228
249 279
1 177
340 397
381 398
4 448
40 105
152 346
100 156
243 464
191 274
251 325
55 413
94 341
154 392
52 115
93 116
244 285
304 336
395 454
147 352
155 213
205 330
246 331
17 279
58 280
108 397
149 398
209 449
11 464
47 121
107 172
167 223
258 341
299 342
390 460
101 357
109 218
202 409
64 475
12 285
163 454
311 352
402 470
61 177
102 178
121 228
162 229
214 419
313 398
115 413
156 414
216 465
114 188
67 342
265 357
306 358
366 409
56 183
116 234
176 285
79 352
170 470
21 347
169 245
260 363
320 414
380 465
72 312
130 290
223 481
322 460
74 358
165 476
373 425
32 132
123 250
274 419
26 317
375 471
86 368
177 486
218 487
28 363
88 414
27 138
25 65
178 307
238 358
40 373
81 374
172 492
180 353
18 25
37 75
231 318
229 245
132 312
192 363
233 364
324 482
35 379
95 430
136 431
155 481
134 358
92 132
185 323
336 492
284 302
146 368
187 369
49 435
85 92
90 436
139 328
240 380
331 498
50 256
143 447
201 425
13 374
44 441
99 148
140 149
252 390
291 318
2 215
103 267
194 385
6 334
4 261
97 452
105 313
243 277
55 226
3 36
435 447
94 154
99 498
305 374
57 272
117 323
208 441
249 442
309 493
20 390
106 164
147 165
358 385
17 92
58 93
108 210
149 211
261 452
209 262
302 453
11 277
52 278
71 328
112 329
203 447
263 498
161 221
12 98
17 442
124 339
215 457
163 267
27 406
214 232
167 386
24 108
29 452
65 109
268 468
276 329
210 463
22 412
168 237
360 407
420 458
19 114
24 458
79 165
170 283
230 334
271 335
362 453
73 350
133 401
174 402
72 125
77 469
223 294
283 345
314 412
374 463
415 464
74 171
225 340
68 356
188 458
427 474
26 130
31 474
130 453
218 300
369 469
88 227
181 418
280 397
183 464
40 186
81 187
141 238
232 356
292 407
42 232
135 423
195 474
234 402
93 197
137 469
285 367
35 192
287 413
58 361
37 238
149 479
190 480
0 356
148 254
146 181
299 423
51 321
338 351
49 248
90 249
150 300
301 469
53 367
139 141
102 259
201 238
294 429
5 326
354 480
13 187
44 254
104 305
197 496
255 474
2 28
7 372
67 423
194 198
6 147
345 367
405 418
4 74
9 418
97 265
105 126
157 316
248 434
8 193
206 208
159 362
250 480
21 428
57 85
208 254
20 203
359 423
400 424
460 475
59 131
212 373
303 491
352 383
412 434
11 90
16 434
71 141
112 142
117 486
203 260
15 209
414 480
64 101
69 445
124 152
215 270
256 271
316 322
27 219
407 440
118 337
71 491
29 265
122 456
120 383
180 434
23 450
119 158
270 327
330 378
22 225
421 496
25 496
121 204
233 445
272 373
24 271
84 322
115 389
175 440
18 456
73 163
133 214
174 215
224 332
265 333
36 281
127 399
75 209
228 451
126 174
186 225
277 343
230 497
128 220
188 271
279 389
31 287
380 441
91 338
182 456
80 179
142 276
235 467
45 343
193 241
8 461
42 45
195 287
286 405
346 456
387 457
98 354
46 164
189 472
137 282
40 349
339 416
3 467
58 174
89 241
37 51
190 293
0 169
93 360
51 134
49 61
54 405
202 303
155 457
53 180
144 298
295 467
47 365
107 416
5 139
67 236
447 457
158 354
259 406
61 421
9 231
162 473
60 196
459 467
63 467
151 314
211 365
271 416
250 293
114 432
62 242
174 483
153 360
213 411
56 427
111 134
116 478
171 185
264 376
262 303
14 201
206 371
68 437
70 483
106 140
218 381
226 242
160 376
220 427
280 478
321 479
27 32
32 376
71 304
310 320
370 371
29 78
122 269
461 489
120 196
180 247
221 248
273 438
23 263
372 417
83 314
215 433
22 38
27 382
25 309
173 207
324 376
365 377
76 274
136 325
115 202
175 253
268 444
328 495
39 392
78 320
138 371
36 94
168 213
228 264
30 279
379 433
439 484
131 331
222 449
230 310
92 376
240 274
331 392
31 100
143 341
91 151
96 495
283 321
333 438
393 489
145 387
43 110
48 454
87 382
235 280
386 449
45 156
196 325
297 377
99 392
140 393
200 444
43 460
290 337
152 403
100 213
193 404
251 382
3 280
154 449
52 172
93 173
203 341
244 342
106 408
54 218
147 409
207 460
155 270
246 388
17 336
58 337
108 454
149 455
47 178
167 280
299 399
101 414
161 465
109 275
61 234
121 285
162 286
214 476
24 352
65 353
115 470
63 280
21 54
114 245
153 173
306 415
366 466
77 363
168 481
176 342
267 460
19 358
79 409
68 250
16 60
169 302
260 420
70 296
130 347
171 348
262 466
33 414
69 71
160 189
220 240
280 291
373 482
32 189
183 358
274 476
315 477
26 374
34 235
172 199
364 369
28 420
83 127
88 471
124 128
215 246
234 296
327 487
426 466
137 363
238 415
269 482
40 430
76 87
81 431
136 138
227 256
39 205
378 425
419 426
78 133
190 374
231 375
281 492
41 251
132 369
192 420
431 436
95 487
131 144
134 415
282 313
433 482
92 189
148 498
96 308
247 477
486 493
85 149
145 200
296 369
337 370
428 488
87 195
199 436
349 380
13 431
440 498
44 498
99 205
140 206
250 374
291 375
2 272
351 426
103 324
153 441
194 442
1 47
105 370
193 217
344 386
8 437
206 452
154 262
305 431
57 329
117 380
59 375
207 273
298 391
358 442
399 443
17 149
58 150
108 267
209 319
300 437
11 334
71 385
112 386
10 109
15 453
101 227
161 278
221 329
353 448
64 345
12 155
413 499
27 463
66 391
214 289
365 458
406 459
24 165
65 166
63 93
276 386
307 453
119 402
168 294
267 273
360 464
170 340
230 391
271 392
133 458
174 459
72 182
70 109
75 453
283 402
314 469
262 279
322 330
33 227
74 228
126 418
186 469
184 396
225 397
274 289
334 340
26 187
86 238
34 48
237 407
80 423
28 233
88 284
46 58
137 176
269 295
329 346
389 397
81 244
172 362
292 464
135 480
281 305
234 459
93 254
41 64
473 475
343 402
384 403
155 351
246 469
287 470
89 485
37 295
336 362
0 413
148 311
96 121
239 429
187 239
299 480
247 290
51 378
338 408
49 305
90 306
150 357
241 475
240 250
331 368
102 316
50 126
143 317
253 485
201 295
44 311
2 85
7 429
62 136
103 137
153 254
306 496
6 204
345 424
405 475
97 322
157 373
105 183
55 96
8 250
60 440
398 435
458 486
57 142
117 193
20 260
400 481
171 429
212 430
14 445
110 153
113 424
261 322
412 491
453 492
71 198
112 199
164 389
263 368
15 266
106 384
166 435
226 486
64 158
124 209
215 327
256 328
316 379
27 276
66 204
219 446
217 373
180 491
221 492
18 163
119 215
210 333
270 384
121 261
24 328
84 379
175 497
323 395
174 272
265 390
96 389
127 456
186 282
277 400
337 451
376 379
87 276
128 277
188 328
91 395
80 236
28 46
88 97
181 288
179 215
332 457
43 354
142 333
40 56
45 400
193 298
383 395
443 446
135 293
234 272
98 411
46 221
1 478
35 62
95 113
100 457
155 164
246 282
339 473
89 298
37 108
149 349
438 452
281 468
0 226
239 242
51 191
390 411
54 462
109 169
202 360
301 339
12 236
53 237
204 406
47 422
102 129
107 473
162 180
253 298
5 196
65 247
385 417
156 365
104 175
257 417
255 344
7 242
158 411
306 309
259 463
6 17
56 134
97 135
248 304
60 253
159 232
271 473
250 350
21 298
62 299
213 468
361 366
452 484
171 242
264 433
303 361
14 258
74 309
165 427
113 237
206 428
266 479
16 304
356 372
15 79
106 197
218 438
166 248
226 299
28 314
69 315
418 469
129 366
160 433
32 433
118 207
71 361
269 376
370 428
29 135
34 479
122 326
172 443
120 253
180 304
221 305
273 495
312 423
83 371
124 372
22 95
27 439
46 489
25 366
173 264
324 433
365 434
76 331
425 485
84 192
326 479
78 377
437 495
36 151
41 495
96 202
127 269
187 320
228 321
319 439
379 490
38 197
131 388
87 89
92 433
240 331
331 449
31 157
91 208
242 377
85 393
145 444
184 372
43 167
82 95
142 146
235 337
237 383
297 434
8 331
94 105
99 449
140 450
98 224
249 393
290 394
40 219
59 269
193 461
191 388
251 439
3 337
94 455
149 162
302 404
300 331
52 229
0 39
93 230
112 280
244 399
54 275
155 327
144 168
256 409
204 219
47 235
107 286
167 337
10 353
101 471
109 332
7 55
12 399
67 106
158 224
311 466
259 276
61 291
9 101
60 66
151 184
211 235
271 286
403 405
21 111
62 112
174 353
153 230
265 471
213 281
306 472
77 420
56 297
116 348
176 399
14 71
74 122
79 466
165 240
266 292
357 410
417 461
169 359
72 426
359 456
70 353
130 404
171 405
218 251
369 420
28 127
69 128
74 472
129 179
160 246
220 297
321 349
371 466
412 467
123 364
183 415
81 138
34 292
86 482
122 139
273 308
424 477
28 477
275 354
46 302
25 179
238 472
40 487
76 144
287 364
39 262
37 189
78 190
138 241
231 432
229 359
93 498
192 477
431 493
35 493
131 201
134 472
282 370
342 421
92 246
185 437
96 365
187 483
335 381
385 498
44 205
145 257
236 375
184 185
296 426
337 427
48 324
139 442
87 252
199 493
240 494
9 369
50 370
97 216
289 386
349 437
13 488
99 262
159 313
200 314
250 431
291 432
2 329
351 483
153 498
1 104
4 375
152 273
105 427
212 324
94 268
154 319
117 437
203 211
356 453
15 160
54 88
207 330
298 448
358 499
17 206
110 397
108 324
209 376
300 494
11 391
47 48
71 442
258 268
318 319
409 437
101 284
161 335
109 145
221 386
64 402
124 453
163 381
25 447
61 104
66 448
121 155
214 346
253 274
24 222
404 443
464 494
63 150
156 341
216 392
18 407
78 458
114 115
119 459
265 284
77 233
416 453
168 351
176 212
19 228
131 469
79 279
170 397
230 448
271 449
68 120
73 464
128 171
320 341
380 392
70 166
223 408
283 459
322 387
33 284
225 454
123 177
183 228
274 346
334 397
26 244
86 295
34 105
177 413
278 465
28 290
327 357
387 408
46 115
137 233
178 234
290 475
269 352
389 454
81 301
141 352
39 75
42 346
190 244
281 362
382 414
93 311
41 121
46 465
192 290
285 481
343 459
35 306
95 357
58 475
37 352
144 249
245 301
336 419
47 316
0 470
437 471
148 368
96 178
247 347
51 435
338 465
49 362
90 363
109 413
150 414
197 260
12 480
48 137
139 255
199 306
240 307
350 475
162 424
5 440
65 491
44 368
252 317
403 486
7 486
444 487
62 193
103 194
153 311
254 363
4 188
97 379
55 153
60 497
206 322
398 492
57 199
117 250
208 368
309 420
111 435
59 245
110 210
113 481
321 430
352 497
300 307
11 204
203 374
263 425
15 323
106 441
125 491
64 215
12 25
163 194
256 385
316 436
66 261
217 430
318 482
24 35
307 323
18 220
119 272
330 492
272 487
131 282
84 436
222 400
170 210
230 261
323 452
73 277
422 431
133 328
224 446
284 497
325 498
31 51
36 395
96 446
75 323
434 441
33 97
38 441
186 339
225 267
128 334
188 385
26 57
86 108
177 226
237 277
369 396
80 293
429 447
140 344
88 154
181 345
489 498
179 272
142 390
381 406
193 355
141 165
172 232
191 282
232 283
292 334
383 452
94 349
42 159
195 401
234 329
93 124
98 468
137 396
285 294
436 463
40 463
147 360
95 170
155 221
246 339
287 340
58 288
89 355
149 406
47 129
0 283
299 350
49 175
109 226
202 417
241 345
12 293
53 294
144 412
204 463
47 479
162 237
294 356
65 304
13 114
385 474
104 232
197 423
257 474
158 468
6 74
56 191
97 192
248 361
308 412
368 463
60 310
62 356
153 474
361 423
111 248
171 299
264 490
262 417
14 315
74 366
206 485
16 361
164 259
315 428
15 136
125 304
317 474
28 371
69 372
129 423
160 490
27 146
118 264
66 74
178 315
219 316
269 433
217 243
29 192
122 383
180 361
83 428
231 326
421 423
25 423
173 321
233 372
324 490
272 300
76 388
136 439
84 249
134 366
175 367
37 433
73 90
78 434
36 208
96 259
476 480
187 377
228 378
319 496
428 439
92 490
128 147
31 214
143 455
91 265
182 383
242 434
44 449
80 106
140 157
184 429
291 326
43 224
483 496
82 152
87 496
142 203
194 393
235 394
97 460
3 44
435 455
195 214
98 281
189 399
290 451
147 173
191 445
251 496
339 343
89 168
149 219
209 270
302 461
300 388
341 389
52 286
0 96
112 337
203 455
51 61
54 332
12 106
17 450
256 466
204 276
295 394
355 445
107 343
198 461
5 66
10 410
156 235
109 389
197 236
408 456
7 112
12 456
67 163
158 281
350 451
61 348
9 158
121 399
162 400
24 466
63 394
271 343
21 168
62 169
213 338
116 405
415 472
14 128
19 472
74 179
266 349
68 364
16 174
128 415
31 482
70 410
369 477
410 478
28 184
181 426
321 406
32 303
123 421
183 472
26 488
81 195
172 313
125 467
273 365
275 411
46 359
137 477
136 252
134 179
175 180
227 370
287 421
39 319
37 246
190 488
138 298
231 489
41 365
127 139
132 483
338 359
30 206
90 257
38 67
131 258
222 376
282 427
144 493
185 494
143 268
96 422
182 196
242 247
335 438
333 365
44 262
85 263
145 314
236 432
48 381
139 499
6 155
9 426
45 83
50 427
97 273
196 252
289 443
349 494
297 304
388 422
99 319
159 370
200 371
250 488
291 489
2 386
103 438
189 212
249 263
309 314
400 432
4 432
100 140
212 381
243 448
303 499
251 309
55 397
3 207
94 325
154 376
57 443
112 150
244 269
54 145
205 314
17 263
110 454
397 484
256 279
11 448
47 105
71 499
167 207
198 274
258 325
318 376
409 494
101 341
450 495
161 392
109 202
221 443
64 459
12 269
210 284
163 438
311 336
22 233
402 454
61 161
121 212
214 403
253 331
272 381
313 382
24 279
65 280
84 330
115 397
63 207
175 448
216 449
18 464
174 223
265 341
77 290
116 218
228 459
176 269
19 285
368 439
79 336
169 229
260 347
320 398
130 274
223 465
322 444
373 409
183 285
274 403
334 454
375 455
86 352
34 162
125 280
28 347
88 398
327 414
387 465
46 172
25 49
178 291
238 342
329 460
40 357
81 358
42 403
231 302
281 419
382 471
0 177
93 368
132 296
35 363
95 414
155 465
53 188
92 116
185 307
336 476
47 373
247 404
51 492
44 75
49 419
109 470
150 471
236 245
48 194
447 465
139 312
9 239
201 409
5 497
8 14
13 358
44 425
99 132
159 183
252 374
250 301
2 199
62 250
103 251
153 368
6 318
56 435
157 487
303 312
94 138
206 379
16 255
57 256
208 425
309 477
15 30
20 374
106 148
59 302
111 492
298 318
418 420
449 487
160 384
108 194
209 246
321 487
300 364
11 261
310 328
263 482
10 36
15 380
34 430
101 154
161 205
221 256
312 374
353 375
372 425
64 272
413 426
124 323
215 441
163 251
22 46
27 390
25 317
66 318
365 385
425 436
24 92
84 143
115 210
175 261
216 262
268 452
18 277
78 328
119 329
210 447
270 498
168 221
228 272
319 390
360 391
420 442
19 98
131 339
79 149
84 493
222 457
170 267
230 318
422 488
133 385
31 108
36 452
223 278
283 329
314 396
374 447
434 498
33 154
186 396
184 323
225 324
376 493
87 390
188 442
177 283
237 334
278 335
80 350
28 160
140 401
88 211
181 402
82 396
290 345
381 463
40 170
81 171
193 412
141 222
191 339
292 391
3 288
42 216
195 458
46 335
285 351
147 417
149 463
47 186
0 340
146 165
299 407
49 232
109 283
241 402
301 453
12 350
144 469
50 53
162 294
294 413
5 310
354 464
44 238
156 479
104 289
197 480
7 356
306 423
6 131
345 351
56 248
4 58
9 402
97 249
248 418
308 469
19 366
60 367
151 485
159 346
357 361
16 68
21 412
57 69
62 413
260 428
361 480
72 377
20 187
359 407
171 356
262 474
14 372
69 79
160 197
113 351
352 367
412 418
16 418
71 125
315 485
263 295
34 243
414 464
125 361
166 362
69 429
124 136
129 480
407 424
25 130
66 131
178 372
219 373
269 490
217 300
310 491
81 439
29 249
180 418
419 434
23 434
83 485
119 142
231 383
210 260
330 362
22 209
421 480
272 357
136 496
84 306
175 424
37 490
73 147
133 198
224 316
284 367
36 265
96 316
127 383
75 193
187 434
228 435
30 450
126 158
186 209
277 327
337 378
428 496
469 497
87 203
128 204
188 255
279 373
91 322
182 440
181 215
200 265
291 383
332 384
43 281
392 435
103 332
194 450
142 260
235 451
45 327
105 378
193 225
344 394
195 271
286 389
189 456
1 405
288 435
59 383
339 400
399 451
58 158
89 225
149 276
209 327
300 445
341 446
52 343
15 461
51 118
54 389
202 287
353 456
394 457
12 163
204 333
295 451
47 349
66 399
107 400
167 451
406 467
10 467
63 101
109 446
257 344
348 462
67 220
158 338
259 390
22 477
61 405
121 456
151 298
211 349
271 400
21 225
114 416
174 467
213 395
72 190
75 461
111 118
116 462
14 185
454 457
266 406
68 421
16 231
34 56
466 467
70 467
125 174
166 175
218 365
278 416
28 241
129 293
160 360
280 462
178 185
269 303
29 62
122 253
172 370
120 180
180 231
23 247
372 401
83 298
234 467
275 468
25 293
132 190
324 360
76 258
84 119
175 237
287 478
326 406
37 303
78 304
229 473
36 78
41 422
96 129
187 247
228 248
247 298
338 416
90 314
131 315
439 468
241 483
282 484
391 427
50 134
91 135
143 325
182 253
294 494
333 422
44 319
85 320
393 473
43 94
48 438
194 263
235 264
6 212
386 433
97 330
45 140
50 484
446 484
196 309
8 258
159 427
200 428
2 443
62 494
103 495
249 320
1 218
340 438
441 490
59 196
100 197
212 438
191 315
251 366
55 454
3 264
94 382
113 432
52 156
112 207
15 274
395 495
106 392
147 393
205 371
17 320
108 438
256 336
209 490
66 212
107 213
198 331
318 433
10 280
161 449
210 341
311 393
22 290
61 218
121 269
272 438
313 439
24 336
84 387
63 264
21 38
265 398
325 449
366 450
75 274
116 275
176 326
267 444
19 342
68 234
128 285
169 286
260 404
320 455
31 352
72 353
28 54
33 398
181 296
160 173
179 223
220 224
373 466
32 173
371 393
183 342
274 460
34 219
172 183
125 337
232 234
23 60
135 301
88 455
234 280
275 281
426 450
178 348
35 70
100 465
141 466
227 240
39 189
438 460
37 116
42 460
190 358
138 168
281 476
229 286
0 234
41 235
93 425
132 353
192 404
30 76
90 127
150 178
241 296
342 348
53 245
433 466
144 363
245 415
47 430
148 482
146 409
294 307
247 461
385 425
44 132
49 476
197 374
296 353
48 251
139 369
259 471
6 25
9 296
50 297
102 487
201 466
8 71
13 415
44 482
159 240
200 241
252 431
250 358
291 359
351 410
62 307
103 308
153 425
56 492
4 302
97 493
152 200
243 318
344 370
435 488
113 245
154 246
206 436
57 313
117 364
20 431
207 257
298 375
358 426
69 323
110 324
418 477
160 441
108 251
261 493
219 267
310 385
411 437
10 93
34 487
122 334
101 211
161 262
312 431
372 482
64 329
413 483
215 498
163 308
22 103
66 375
365 442
425 493
24 149
29 493
84 200
115 267
63 77
175 318
216 319
276 370
307 437
78 385
119 386
22 453
77 160
75 87
168 278
228 329
319 447
360 448
420 499
19 155
131 396
79 206
170 324
73 391
133 442
31 165
72 166
70 93
130 144
314 453
85 401
126 402
184 380
225 381
128 448
235 345
188 499
86 222
278 392
80 407
140 458
88 268
181 459
179 386
329 330
40 227
193 469
141 279
191 396
232 397
94 463
42 273
135 464
281 289
93 238
41 48
244 407
192 217
285 408
95 284
246 453
53 58
89 469
144 176
336 346
47 243
0 397
396 397
148 295
146 222
299 464
247 274
51 362
338 392
109 340
53 408
139 182
9 109
50 110
162 351
13 228
63 345
104 346
2 69
7 413
67 464
103 121
153 238
213 289
405 459
116 356
157 357
248 475
19 423
55 80
60 424
206 249
357 418
398 419
16 125
21 469
57 126
117 177
260 485
208 295
72 434
20 244
359 464
111 362
171 413
410 429
14 429
69 136
74 480
110 137
160 254
261 306
321 357
412 475
11 131
16 475
164 373
263 352
122 147
125 418
166 419
226 470
465 486
64 142
69 486
124 193
215 311
316 363
27 260
118 378
66 188
219 430
217 357
81 496
180 475
268 322
23 491
78 198
210 317
229 367
270 368
330 419
173 435
233 486
131 209
84 363
222 327
175 481
185 445
133 255
284 424
325 425
36 322
96 373
127 440
228 492
38 368
126 215
186 266
184 193
277 384
337 435
87 260
279 430
91 379
182 497
80 220
200 322
332 441
43 338
103 389
6 456
45 384
193 282
344 451
94 276
42 86
195 328
346 497
98 395
288 492
35 46
59 440
147 287
246 266
58 215
397 435
89 282
209 384
52 400
0 210
112 451
198 225
10 174
49 102
54 446
109 153
150 154
202 344
293 462
241 272
301 323
12 220
53 221
204 390
66 456
107 457
162 164
5 180
65 231
13 41
404 451
63 158
104 159
156 349
216 400
255 328
7 226
158 395
457 462
61 462
248 288
19 236
60 237
151 355
211 406
271 457
114 473
72 247
111 175
322 395
74 293
165 411
225 462
68 478
16 288
164 186
34 113
218 422
278 473
28 298
69 299
129 350
160 417
179 467
220 468
27 73
32 417
118 191
178 242
219 243
370 412
29 119
34 463
122 310
180 288
23 304
22 79
46 473
173 248
285 489
233 299
35 314
76 315
384 468
136 366
84 176
134 293
227 484
39 433
326 463
37 360
185 258
0 478
41 479
437 479
96 186
187 304
247 355
338 473
150 422
53 489
92 417
240 315
50 191
91 192
182 310
242 361
333 479
85 377
444 495
43 151
48 495
103 202
194 320
235 321
386 490
97 387
105 248
196 366
8 315
99 433
159 484
200 485
98 208
189 326
249 377
309 428
1 275
340 495
288 305
59 253
100 254
152 444
212 495
113 489
154 490
300 315
52 213
112 264
263 433
15 331
101 105
54 259
106 449
205 428
12 33
17 377
163 202
316 444
295 321
355 372
107 270
167 321
258 439
318 490
156 162
307 331
7 39
67 90
210 398
22 347
61 275
272 495
313 496
84 444
63 321
151 168
211 219
362 388
422 439
21 95
265 455
77 404
176 383
314 347
14 55
19 399
74 106
79 450
165 224
225 275
266 276
376 444
68 291
128 342
260 461
26 65
31 409
72 410
70 337
218 235
278 286
369 404
28 111
33 455
69 112
129 163
181 353
179 280
220 281
32 230
371 450
86 466
141 173
273 292
364 410
424 461
23 117
135 358
83 168
234 337
46 286
35 127
76 128
227 297
347 399
39 246
378 466
190 415
138 225
229 343
93 482
41 292
192 461
431 477
30 133
35 477
241 353
282 354
342 405
144 420
185 421
245 472
47 487
143 195
146 466
294 364
335 365
44 189
85 190
197 431
236 359
48 308
139 426
199 477
6 82
50 354
349 421
159 297
200 298
250 415
2 313
351 467
62 364
103 365
1 88
6 432
152 257
303 426
113 302
206 493
16 369
57 370
356 437
106 262
166 313
207 314
205 241
69 380
17 190
110 381
108 308
66 82
71 426
219 324
198 201
310 442
411 494
101 268
161 319
124 437
210 211
22 160
61 88
214 330
272 308
365 499
24 206
84 257
216 376
73 98
265 268
77 217
416 437
168 335
228 386
176 196
267 314
38 262
79 263
170 381
230 432
68 104
73 448
188 206
279 324
31 222
72 223
91 273
70 150
182 391
130 201
223 392
283 443
85 458
33 268
184 437
423 453
123 161
183 212
334 381
86 279
177 397
237 448
297 499
135 171
88 325
179 443
387 392
137 217
288 386
329 387
40 284
389 438
141 336
191 453
232 454
39 59
42 330
190 228
281 346
382 398
244 464
192 274
343 443
35 290
54 340
95 341
394 408
53 115
58 459
295 402
47 300
0 454
107 351
396 454
198 469
239 470
247 331
51 419
49 346
150 398
348 413
53 465
139 239
199 290
259 341
350 459
102 357
162 408
60 131
13 285
252 301
403 470
2 126
62 177
153 295
213 346
4 172
157 414
456 481
55 137
60 481
357 475
16 182
57 183
117 234
208 352
72 491
20 301
171 470
410 486
14 486
69 193
110 194
108 121
113 465
352 481
11 188
164 430
263 409
34 357
122 204
125 475
64 199
124 250
316 420
27 317
25 244
66 245
118 435
219 487
217 414
115 137
120 481
268 379
328 430
326 357
18 204
119 256
138 306
270 425
330 476
41 373
132 491
173 492
38 75
170 194
282 435
230 245
73 261
133 312
224 430
284 481
36 379
127 497
314 323
85 271
38 425
126 272
184 250
277 441
337 492
87 317
279 487
86 92
91 436
177 210
237 261
297 312
80 277
429 431
140 328
179 256
291 497
332 498
142 374
381 390
4 440
45 441
105 492
193 339
191 266
232 267
292 318
3 215
383 436
94 333
135 334
57 451
93 108
98 452
395 446
54 153
59 497
100 498
147 344
155 205
496 498
246 323
347 375
110 462
89 339
149 390
448 457
47 113
52 457
107 164
299 334
390 452
49 159
109 210
202 401
301 380
12 277
163 446
204 447
162 221
313 390
5 237
354 391
65 288
13 98
156 406
216 457
255 385
7 283
67 334
158 452
306 350
366 401
56 175
157 227
248 345
308 396
19 293
60 294
368 447
211 463
21 339
169 237
361 407
72 304
111 232
262 401
14 299
165 468
113 278
315 412
166 289
226 340
28 355
69 356
129 407
32 474
25 57
118 248
219 300
238 350
269 417
329 468
370 469
81 366
29 176
122 367
141 417
180 345
23 361
83 412
229 237
132 304
233 356
134 350
39 490
73 74
185 315
224 243
284 294
36 192
127 310
247 412
30 377
90 428
38 238
87 130
92 474
240 372
331 490
279 300
50 248
91 249
143 439
430 469
104 484
140 141
291 310
423 429
442 479
194 377
142 187
235 378
6 326
4 253
45 254
105 305
3 28
8 372
435 439
94 146
154 197
195 198
286 316
346 367
98 265
189 383
1 332
147 157
207 208
298 326
58 85
490 496
89 152
149 203
209 254
300 372
52 270
401 424
112 321
203 439
263 490
304 491
15 388
54 316
202 214
205 485
413 434
17 434
163 259
256 450
355 429
66 326
107 327
198 445
258 496
5 50
10 394
156 219
216 270
257 271
307 388
348 389
7 96
119 337
210 455
158 265
22 404
61 332
121 383
360 399
19 106
24 450
63 378
170 275
211 276
271 327
73 342
21 152
174 394
213 322
77 461
116 389
223 286
176 440
264 287
415 456
14 112
126 353
74 163
165 281
266 333
68 348
128 399
169 400
188 450
26 122
31 466
70 394
278 343
88 219
129 220
179 337
220 338
280 389
32 287
183 456
81 179
141 230
172 297
273 349
364 467
23 174
135 415
234 394
137 461
285 359
76 185
134 163
227 354
287 405
326 333
89 420
229 400
41 349
30 190
90 241
150 292
342 462
53 359
144 477
143 252
201 230
44 246
104 297
197 488
6 139
345 359
4 66
97 257
248 426
196 236
349 478
60 375
8 185
99 303
2 370
57 77
62 421
189 196
1 145
400 416
4 416
152 314
212 365
303 483
251 293
55 381
113 359
154 360
16 426
52 83
57 427
112 134
117 478
203 252
263 303
356 494
15 201
395 422
106 319
166 370
207 371
205 298
69 437
17 247
256 263
407 432
11 432
66 139
219 381
167 191
198 258
217 308
310 499
122 448
409 478
101 325
161 376
221 427
64 443
210 268
270 319
311 320
22 217
402 438
25 488
462 489
173 386
121 196
84 314
175 432
323 330
276 484
18 448
73 155
78 499
114 156
174 207
265 325
77 274
416 494
75 201
228 443
267 371
79 320
170 438
128 212
279 381
320 382
31 279
380 433
91 330
130 258
223 449
33 325
181 223
184 494
373 393
82 217
123 218
235 459
183 269
274 387
334 438
177 454
135 228
88 382
327 398
387 449
189 464
137 274
238 326
288 443
40 341
3 459
39 116
89 233
37 43
42 387
190 285
341 454
0 161
41 162
93 352
192 331
51 126
54 397
155 449
144 290
92 100
204 341
245 342
295 459
47 357
148 409
146 336
51 476
44 59
49 403
109 454
197 301
257 352
348 470
7 177
48 178
447 449
139 296
199 347
259 398
9 223
102 414
162 465
201 393
5 481
63 459
99 116
104 460
151 306
252 358
2 183
62 234
153 352
213 403
254 404
56 419
4 229
116 470
157 471
243 245
154 173
266 414
305 342
16 239
57 240
169 481
117 291
208 409
70 475
106 132
298 302
69 250
17 60
108 178
261 420
321 471
123 486
71 296
310 312
263 466
10 20
29 70
34 414
461 481
120 188
161 189
273 430
221 240
23 255
372 409
124 307
215 425
275 476
316 477
118 492
217 471
24 76
84 127
115 194
175 245
268 436
328 487
276 297
18 261
367 415
78 312
138 363
229 481
270 482
41 430
77 87
168 205
319 374
379 425
131 323
79 133
222 441
170 251
282 492
230 302
323 493
73 318
224 487
432 436
91 143
182 261
283 313
374 431
85 328
126 329
434 482
186 380
277 498
87 374
235 272
427 442
26 98
45 148
50 492
86 149
91 493
177 267
237 318
297 369
388 487
80 334
429 488
88 195
189 277
1 226
381 447
4 497
40 154
482 499
141 206
191 323
251 374
383 493
244 334
304 385
54 210
147 401
246 380
149 447
47 170
107 221
148 222
198 339
239 340
299 391
10 288
51 289
101 406
49 216
202 458
301 437
12 334
9 36
102 227
5 294
65 345
13 155
63 272
104 273
156 463
255 442
7 340
67 391
153 165
306 407
4 42
116 283
157 284
21 396
169 294
208 222
320 463
72 361
20 171
70 288
171 340
74 407
160 181
220 232
373 474
32 181
123 299
71 109
164 300
315 469
34 227
414 448
125 345
23 68
28 412
64 69
88 463
215 238
275 289
25 114
178 356
238 407
269 474
217 284
76 79
29 233
81 423
180 402
23 418
78 125
83 469
138 176
270 295
41 243
421 464
132 361
173 362
233 413
35 428
76 429
131 136
136 480
134 407
222 254
282 305
474 475
73 131
185 372
133 182
284 351
36 249
96 300
127 367
187 418
247 469
30 434
85 141
38 295
90 485
126 142
186 193
277 311
337 362
48 259
428 480
139 377
188 239
50 305
91 306
201 474
242 475
13 423
481 491
140 198
200 249
291 367
351 418
43 265
103 316
1 39
6 383
105 362
193 209
196 480
8 429
435 496
94 203
154 254
195 255
286 373
57 321
98 322
189 440
1 389
59 367
147 214
207 265
298 383
339 384
110 332
58 142
209 311
401 481
112 378
203 496
15 445
51 102
202 271
293 389
413 491
12 147
17 491
163 316
204 317
66 383
107 384
167 435
406 451
5 107
10 451
65 158
156 276
216 327
257 328
307 445
348 446
367 496
408 497
7 153
67 204
158 322
22 461
121 440
60 164
79 214
170 332
211 333
271 384
21 209
114 400
174 451
70 101
75 445
223 343
264 344
314 461
262 271
126 410
74 220
165 338
68 405
128 456
26 179
34 40
70 451
125 158
278 400
28 225
181 467
179 394
280 446
32 344
82 461
123 462
29 46
141 287
172 354
180 215
273 406
23 231
234 451
41 56
46 400
132 174
173 175
285 416
35 241
384 395
95 292
136 293
134 220
227 411
287 462
39 360
37 287
138 339
0 405
36 62
41 406
96 113
127 180
239 421
187 231
51 370
30 247
379 401
90 298
439 452
150 349
241 467
48 72
139 190
240 242
451 462
50 118
201 287
44 303
393 457
104 354
236 473
7 421
103 129
254 298
6 196
9 467
45 124
97 314
157 365
248 483
196 293
289 484
60 432
99 360
159 411
57 134
62 478
98 135
249 304
1 202
400 473
251 350
110 145
113 416
154 417
302 315
453 484
52 140
57 484
304 361
395 479
106 376
207 428
205 355
64 150
17 304
69 494
110 495
108 422
256 320
316 371
448 490
66 196
107 197
219 438
217 365
258 366
318 417
29 314
120 432
161 433
221 484
23 499
119 207
210 325
270 376
311 377
402 495
61 202
121 253
272 422
84 371
115 438
175 489
323 387
73 212
114 213
174 264
77 331
75 258
168 449
176 310
267 428
79 377
128 269
188 320
279 438
380 490
31 336
91 387
70 264
28 38
88 89
181 280
179 207
332 449
373 450
142 325
183 326
334 495
42 94
83 95
135 285
286 454
234 264
327 455
426 434
1 470
40 398
95 105
141 450
339 465
39 173
438 444
281 460
93 409
51 183
54 454
95 455
53 229
433 450
144 347
92 157
245 399
148 466
13 49
445 460
44 116
49 460
104 167
236 286
7 234
139 353
259 455
9 280
102 471
248 296
201 450
289 297
60 245
8 55
440 466
151 363
99 173
159 224
252 415
250 342
2 240
153 409
452 476
56 476
111 183
152 184
303 353
14 250
363 404
206 420
154 230
266 471
305 399
16 296
57 297
164 194
208 466
15 71
20 415
166 240
207 241
226 291
317 409
358 410
69 307
17 117
129 358
418 461
32 425
11 302
71 353
310 369
411 421
29 127
122 318
161 246
273 487
221 297
312 415
23 312
64 313
22 87
173 256
214 257
365 426
76 323
24 133
29 477
425 477
175 302
268 493
326 471
18 318
367 472
41 487
77 144
168 262
228 313
30 328
379 482
38 189
79 190
131 380
222 498
170 308
230 359
92 425
133 426
432 493
31 149
36 493
91 200
182 318
223 319
283 370
333 487
374 488
85 385
126 386
186 437
184 364
82 87
235 329
188 483
427 499
45 205
297 426
80 391
140 442
98 216
142 488
1 283
40 211
100 262
193 453
480 483
191 380
251 431
292 432
89 103
94 447
195 499
343 370
54 267
95 268
155 319
58 386
89 453
204 211
148 279
146 206
239 397
10 345
51 346
101 463
49 273
7 47
12 391
158 216
199 217
350 386
9 93
253 453
5 351
65 402
13 212
151 176
104 330
211 227
255 499
2 53
114 294
62 104
67 448
153 222
213 273
306 464
56 289
405 443
116 340
176 391
14 63
79 458
206 233
357 402
417 453
16 109
21 453
169 351
117 161
260 469
208 279
72 418
20 228
359 448
70 345
111 346
171 397
410 413
14 413
129 171
160 238
220 289
261 290
352 408
412 459
71 166
26 423
122 131
273 300
364 418
28 469
465 470
124 177
215 295
27 244
25 171
118 362
178 413
238 464
29 290
120 408
180 459
18 131
23 475
138 233
229 351
132 418
173 419
233 470
30 141
35 485
134 464
222 311
282 362
323 363
185 429
133 239
245 480
224 357
284 408
96 357
127 424
335 373
30 491
85 198
186 250
277 368
139 434
87 244
240 486
50 362
13 480
80 204
200 306
291 424
351 475
43 322
392 476
194 491
142 301
1 96
4 367
45 368
191 193
344 435
3 142
8 486
42 70
154 311
195 312
189 497
1 446
54 80
147 271
207 322
205 249
246 250
339 441
399 492
110 389
397 419
89 266
108 316
209 368
300 486
11 383
112 435
198 209
258 260
10 158
51 159
49 86
161 327
202 328
293 446
301 307
12 204
204 374
66 440
214 338
253 266
313 317
5 164
65 215
13 25
464 486
63 142
156 333
216 384
257 385
276 435
255 312
119 451
158 379
61 446
121 497
176 204
308 323
19 220
368 374
79 271
170 389
73 456
21 266
260 282
72 231
20 41
111 159
171 210
264 401
262 328
322 379
14 226
126 467
165 395
225 446
123 169
164 170
375 390
34 97
125 215
278 457
317 385
28 282
129 334
179 451
220 452
27 57
32 401
118 175
269 344
329 395
81 293
29 103
172 411
180 272
39 67
42 338
83 339
231 237
382 406
46 457
132 231
192 282
233 283
285 473
35 298
384 452
95 349
227 468
37 344
377 412
0 462
437 463
148 360
96 170
127 237
187 288
247 339
51 427
338 457
30 304
90 355
139 247
92 401
240 299
331 417
143 366
242 345
13 293
333 463
44 360
104 411
145 412
444 479
43 135
6 253
386 474
4 180
45 181
157 422
105 232
60 489
8 299
99 417
159 468
189 310
249 361
309 412
1 259
111 427
59 237
152 428
212 479
251 407
14 494
55 495
110 202
108 129
113 473
261 371
302 372
11 196
52 197
164 438
112 248
304 418
15 315
106 433
166 484
207 485
205 412
163 186
355 356
66 253
167 305
217 422
318 474
29 371
120 489
161 490
307 315
119 264
210 382
158 192
270 433
311 434
22 331
121 310
272 479
19 33
24 377
79 84
84 428
115 495
170 202
323 444
362 372
73 269
21 79
114 270
422 423
325 490
314 331
267 485
14 39
126 280
225 259
417 429
128 326
188 377
26 49
91 444
218 219
369 388
429 439
28 95
33 439
88 146
129 147
181 337
179 264
280 316
82 331
183 383
86 450
172 224
232 275
292 326
383 444
42 151
83 152
195 393
484 496
137 388
285 286
40 455
95 162
227 281
287 332
378 450
89 347
37 157
0 275
93 466
148 173
239 291
51 240
30 117
90 168
241 337
301 388
342 389
53 286
144 404
47 471
143 179
13 106
104 224
145 225
257 466
296 394
7 291
139 410
158 460
199 461
6 66
9 337
157 235
248 353
289 354
308 404
349 405
60 302
8 112
13 456
211 471
252 472
2 297
351 451
62 348
153 466
361 415
1 72
20 122
111 240
264 482
212 292
243 359
303 410
14 307
55 308
363 461
113 286
305 456
164 251
117 405
356 421
15 128
20 472
106 246
166 297
205 225
358 467
69 364
17 174
129 415
108 292
32 482
11 359
71 410
219 308
310 426
370 477
411 478
122 375
120 302
221 354
312 472
64 370
124 421
25 415
121 123
365 483
76 380
175 359
276 411
73 82
78 426
138 477
77 201
416 421
127 318
75 128
228 370
176 180
30 385
79 247
230 416
68 88
92 482
128 139
133 483
279 308
31 206
91 257
471 478
182 375
130 185
283 427
145 493
186 494
82 144
87 488
183 196
274 314
334 365
45 262
86 263
177 381
237 432
80 448
140 499
195 206
286 324
478 494
189 391
137 201
290 443
1 340
288 370
40 268
100 319
191 437
3 386
39 43
89 160
42 314
190 212
341 381
401 432
0 88
93 279
244 448
304 499
51 53
343 427
54 324
155 376
246 494
58 443
144 217
204 268
245 269
295 386
336 387
355 437
47 284
396 438
198 453
239 454
5 58
10 402
51 403
49 330
109 381
197 228
257 279
408 448
7 104
48 105
158 273
259 325
350 443
9 150
451 495
5 408
65 459
151 233
252 285
2 110
114 351
153 279
213 330
116 397
176 448
264 295
206 290
266 341
357 459
16 166
208 336
72 475
20 285
70 402
410 470
14 470
69 177
220 346
261 347
32 295
352 465
71 223
164 414
26 480
34 341
122 188
273 357
364 475
64 183
83 233
124 234
215 352
275 403
25 228
118 419
76 193
29 347
136 244
115 121
227 362
268 363
78 239
231 481
229 408
41 357
127 131
30 198
38 59
131 250
282 419
342 470
185 486
133 296
224 414
284 465
36 363
127 481
335 430
333 357
85 255
145 306
184 234
48 373
139 491
87 301
50 419
237 245
388 414
80 261
200 363
291 481
103 430
142 358
1 153
6 497
340 373
4 424
40 81
105 476
191 250
251 301
292 302
3 199
383 420
94 317
154 368
195 369
286 487
52 91
57 435
98 436
395 430
59 481
207 379
155 189
205 306
110 446
58 256
209 425
11 440
52 441
107 148
112 492
148 149
167 199
258 317
390 436
101 333
109 194
202 385
12 261
402 446
253 323
404 492
63 199
156 390
216 441
306 334
366 385
56 159
116 210
176 261
267 379
308 380
19 277
368 431
271 498
21 323
169 221
320 390
72 288
20 98
111 216
322 436
165 452
373 401
183 277
375 447
86 344
177 462
125 272
226 324
88 390
129 391
25 41
178 283
329 452
81 350
141 401
180 329
39 124
42 395
382 463
41 170
132 288
192 339
233 340
35 355
136 407
134 334
92 108
245 350
336 468
148 417
187 345
247 396
51 484
150 463
236 237
87 114
240 356
331 474
50 232
430 453
5 489
44 417
104 468
145 469
291 294
2 191
43 192
442 463
194 361
254 412
4 237
45 238
97 428
243 253
196 407
55 202
8 356
94 130
154 181
346 351
98 249
117 299
309 469
20 366
111 484
59 294
358 361
17 68
58 69
110 259
108 186
261 428
302 429
209 238
300 356
11 253
52 254
164 495
112 305
203 423
10 28
106 490
161 197
293 316
12 74
163 243
256 434
316 485
355 413
167 362
29 428
156 203
216 254
276 305
307 372
367 423
408 424
119 321
210 439
158 249
270 490
311 491
22 388
61 316
121 367
360 383
19 90
24 434
84 485
211 260
271 311
422 480
21 136
114 327
133 377
174 378
224 495
75 372
223 270
264 271
374 439
415 440
38 490
74 147
126 337
165 265
225 316
376 485
68 332
128 383
188 434
427 450
26 106
86 157
177 275
218 276
278 327
369 445
80 342
28 152
429 496
88 203
179 321
280 373
371 491
82 388
183 440
81 163
172 281
42 208
83 209
46 327
137 445
285 343
35 168
95 219
287 389
347 440
39 287
89 404
37 214
51 297
30 174
90 225
150 276
241 394
301 445
342 446
53 343
144 461
92 271
102 235
201 214
5 302
13 163
44 230
104 281
145 282
197 472
255 450
296 451
7 348
67 399
4 50
9 394
97 241
157 292
248 410
196 220
308 461
349 462
60 359
151 477
99 287
159 338
250 456
2 354
208 230
111 297
59 107
212 349
303 467
14 364
55 365
352 359
11 66
16 410
52 67
112 118
164 308
263 287
356 478
414 456
106 303
455 457
166 354
205 282
64 77
69 421
129 472
407 416
11 416
118 313
66 123
71 467
167 175
217 292
258 293
310 483
318 344
409 462
120 359
180 410
221 411
18 82
23 426
64 427
83 477
119 134
124 478
210 252
270 303
402 422
421 472
462 473
173 370
214 371
272 349
76 437
24 247
136 488
84 298
175 416
276 468
18 432
474 483
73 139
174 191
325 360
36 257
77 258
127 375
168 376
228 427
30 442
38 303
126 150
131 494
186 201
277 319
230 473
469 489
68 145
188 247
279 365
380 417
91 314
182 432
242 483
283 484
80 155
33 309
85 499
181 207
184 478
423 494
142 252
183 253
235 443
45 319
86 320
237 489
195 263
327 382
189 448
137 258
1 397
100 376
191 494
339 392
39 100
281 387
341 438
52 335
0 145
93 336
401 489
343 484
54 381
155 433
394 449
17 499
53 156
144 274
204 325
245 326
295 443
396 495
107 392
167 443
146 320
10 459
49 387
109 438
197 285
257 336
348 454
158 330
199 331
259 382
61 397
9 207
102 398
5 465
60 172
63 443
99 100
151 290
2 167
62 218
153 336
116 454
264 352
14 177
165 346
113 156
206 347
305 326
169 465
117 275
20 342
70 459
111 460
218 357
166 167
17 44
129 285
160 352
220 403
261 404
321 455
32 352
118 126
123 470
34 398
461 465
120 172
312 342
215 409
25 285
118 476
173 183
233 234
324 352
76 250
115 178
175 229
268 420
328 471
39 368
326 398
138 347
36 70
41 414
319 358
30 255
379 409
439 460
38 116
222 425
282 476
224 471
36 420
91 127
96 471
182 245
242 296
283 297
333 414
374 415
434 466
33 122
186 364
184 291
235 256
386 425
45 132
50 476
86 133
196 301
289 492
297 353
80 318
99 368
140 369
200 420
98 143
103 487
189 261
290 313
1 210
381 431
4 481
441 482
152 379
100 189
191 307
292 359
3 256
154 425
195 426
244 318
395 487
54 194
147 385
155 246
205 363
17 312
58 313
108 430
149 431
11 497
448 498
107 205
167 256
198 323
258 374
299 375
10 272
49 200
109 251
202 442
12 318
163 487
311 385
9 20
214 452
253 380
313 431
5 278
65 329
115 446
63 256
156 447
21 30
114 221
56 216
168 457
116 267
267 436
308 437
368 488
68 226
16 36
21 380
169 278
361 448
72 345
262 442
322 493
33 390
74 391
373 458
32 165
371 385
123 283
71 93
274 452
315 453
26 350
86 401
34 211
23 52
83 103
27 171
426 442
25 98
178 340
238 391
227 232
39 181
78 109
83 453
138 160
229 278
421 448
132 345
233 397
35 412
95 463
134 391
433 458
92 165
224 284
284 335
36 233
148 474
96 284
127 351
146 401
187 402
49 468
90 469
145 176
236 294
337 346
48 243
102 479
50 289
289 305
242 459
349 356
8 63
99 181
140 182
252 423
200 233
291 351
2 248
43 249
351 402
194 418
254 469
1 23
6 367
97 485
196 464
344 362
55 259
8 413
94 187
154 238
305 407
57 305
208 474
249 475
147 198
207 249
298 367
358 418
399 419
17 125
58 126
108 243
149 244
261 485
209 295
203 480
411 429
10 85
15 429
161 254
202 255
293 373
215 490
256 491
355 470
66 367
214 265
5 91
29 485
65 142
63 69
156 260
216 311
276 362
307 429
408 481
119 378
67 188
210 496
77 152
168 270
121 424
360 440
420 491
19 147
170 316
230 367
73 383
21 193
72 158
70 85
75 429
130 136
223 327
283 378
314 445
374 496
33 203
126 394
165 322
68 389
128 440
188 491
26 163
86 214
177 332
125 142
218 333
80 399
88 260
181 451
468 481
179 378
81 220
141 271
480 491
172 338
292 440
42 265
83 266
234 435
46 384
132 158
192 209
285 400
324 328
343 378
35 225
95 276
136 277
134 204
227 395
246 445
39 344
89 461
336 338
0 389
36 46
148 287
146 214
187 215
338 384
49 281
150 333
241 451
53 400
139 174
199 225
391 395
102 292
143 293
201 271
294 462
5 359
44 287
393 441
2 61
43 62
194 231
254 282
405 451
9 451
446 452
157 349
248 467
55 72
8 226
60 416
99 344
159 395
398 411
2 411
117 169
208 287
309 339
20 236
340 406
400 457
59 164
152 355
212 406
243 473
110 129
352 416
16 467
52 124
71 174
453 468
106 360
226 462
69 478
124 185
316 355
27 252
407 473
66 180
219 422
217 349
318 401
29 298
122 489
120 416
180 467
268 314
23 483
119 191
210 309
330 411
22 258
121 237
233 478
115 422
73 196
133 247
174 248
224 365
77 315
168 433
30 499
38 360
126 207
186 258
188 304
31 320
380 474
91 371
130 299
33 366
181 264
179 191
86 377
42 78
135 269
195 320
346 489
387 490
98 387
46 197
137 315
1 454
288 484
35 38
40 382
100 433
39 157
58 207
89 274
149 325
190 326
281 444
341 495
93 393
54 438
90 95
202 336
155 490
241 264
301 315
53 213
204 382
107 449
5 172
385 393
44 100
49 444
109 495
257 393
255 320
7 218
67 269
447 490
259 439
56 110
97 111
157 162
248 280
308 331
60 229
8 39
99 157
159 208
250 326
2 224
21 274
62 275
114 465
213 444
20 49
111 167
152 168
171 218
212 219
264 409
262 336
303 337
14 234
55 235
74 285
363 388
266 455
68 470
164 178
117 332
315 347
15 55
20 399
218 414
166 224
226 275
317 393
129 342
27 65
71 337
310 353
370 404
120 229
180 280
221 281
372 450
215 466
22 71
27 415
25 342
173 240
324 409
425 461
84 168
115 235
227 476
175 286
39 425
18 302
377 420
36 127
41 471
168 246
228 297
30 312
379 466
38 173
222 482
92 409
432 477
31 133
36 477
91 184
182 302
242 353
283 354
374 472
85 369
33 179
186 421
184 348
48 487
235 313
386 482
427 483
105 240
196 358
237 359
297 410
8 307
99 425
140 426
200 477
2 492
43 493
98 200
340 487
288 297
381 488
100 246
193 437
94 431
154 482
302 380
52 205
0 15
93 206
244 375
304 426
343 354
147 442
207 493
155 303
205 420
246 421
58 370
108 487
149 488
295 313
355 364
47 211
107 262
167 313
146 190
258 431
299 432
10 329
161 498
7 31
311 442
350 370
9 77
102 268
121 318
162 319
5 335
24 385
65 386
63 313
151 160
362 380
21 87
174 329
494 499
153 206
306 448
366 499
56 273
116 324
14 47
19 391
79 442
74 98
165 216
266 268
357 386
68 283
16 93
169 335
72 402
70 329
130 380
171 381
218 227
262 499
74 448
220 273
280 324
32 222
371 442
472 494
71 150
183 391
26 407
34 268
125 386
273 284
364 402
23 109
28 453
83 160
124 161
215 279
275 330
25 155
178 397
76 120
81 464
136 171
227 289
39 238
378 458
419 459
18 115
78 166
138 217
231 408
229 335
330 387
41 284
132 402
192 453
233 454
431 469
30 125
35 469
90 176
134 448
222 295
282 346
342 397
92 222
185 413
284 392
143 187
187 459
85 182
145 233
186 234
236 351
337 403
48 300
139 418
87 228
199 469
240 470
50 346
349 413
8 120
13 464
140 239
252 480
43 306
103 357
1 80
6 424
4 351
152 249
105 403
193 250
243 367
55 316
3 126
94 244
154 295
346 465
117 413
20 480
54 64
147 255
207 306
298 424
358 475
17 182
58 183
149 301
209 352
11 367
112 419
411 486
10 142
101 260
109 121
353 481
12 188
61 80
66 424
121 131
214 322
24 198
65 199
404 419
464 470
216 368
276 419
77 209
56 86
168 327
267 306
19 204
170 373
230 424
271 425
73 440
21 250
133 491
174 492
260 266
72 215
75 486
130 193
171 194
283 435
126 451
74 261
165 379
32 35
68 446
123 153
128 497
183 204
26 220
86 271
34 81
466 492
125 199
278 441
80 456
179 435
327 333
27 41
137 209
178 210
238 261
269 328
329 379
40 276
81 277
389 430
141 328
172 395
232 446
180 256
292 497
39 51
42 322
190 220
281 338
234 492
93 287
41 97
285 457
35 282
95 333
58 451
185 226
245 277
336 395
437 447
239 462
187 272
247 323
51 411
338 441
49 338
90 339
150 390
48 113
53 457
139 231
199 282
240 283
391 452
102 349
13 277
44 344
393 498
252 293
7 462
43 119
444 463
103 170
153 287
254 339
6 237
345 457
56 354
4 164
157 406
105 216
196 334
60 473
8 283
99 401
159 452
398 468
2 468
57 175
117 226
249 345
309 396
111 411
59 221
152 412
171 462
212 463
14 478
55 479
110 186
108 113
113 457
261 355
302 356
11 180
71 231
164 422
203 350
263 401
15 299
106 417
166 468
64 191
163 170
256 361
316 412
27 309
118 427
66 237
219 479
29 355
115 129
268 371
18 196
173 484
121 294
272 463
24 361
115 479
323 428
73 253
21 63
133 304
174 305
224 422
265 423
77 372
127 489
168 490
314 315
38 417
186 315
165 192
277 433
225 243
376 412
68 259
87 309
128 310
188 361
26 33
31 377
91 428
237 253
369 372
80 269
140 320
181 321
179 248
332 490
280 300
43 387
183 367
381 382
40 89
81 90
105 484
193 331
172 208
232 259
292 310
383 428
443 479
42 135
286 495
93 100
98 444
137 372
436 439
35 95
40 439
95 146
246 315
287 316
347 367
378 434
89 331
37 141
438 485
190 383
52 449
0 259
93 450
148 157
239 275
299 326
390 444
431 445
491 496
202 393
150 203
241 321
53 270
204 439
143 163
294 332
5 229
354 383
385 450
104 208
197 399
257 450
255 377
296 378
199 445
259 496
6 50
56 167
9 321
248 337
308 388
349 389
8 96
211 455
250 383
62 332
361 399
20 106
111 224
171 275
303 394
363 445
74 342
165 460
113 270
206 461
16 337
164 235
15 112
106 230
218 471
166 281
226 332
160 466
32 466
118 240
71 394
219 292
310 410
370 461
122 359
120 286
180 337
221 338
83 404
124 405
27 472
173 297
324 466
272 276
365 467
24 174
84 225
115 292
39 482
37 409
78 410
284 286
36 184
77 185
127 302
168 303
187 353
228 354
30 369
90 420
38 230
230 400
87 122
92 466
331 482
31 190
143 431
430 461
182 359
80 82
85 426
145 477
43 200
82 128
87 472
235 370
45 246
105 297
196 415
237 416
297 467
99 482
135 139
140 483
286 308
189 375
290 427
1 324
288 354
40 252
100 303
191 421
3 370
58 77
190 196
281 314
52 262
401 416
203 431
244 432
304 483
343 411
106 498
147 499
202 206
205 477
246 478
293 324
17 426
53 83
58 427
144 201
256 442
204 252
355 421
47 268
396 422
107 319
167 370
198 437
258 488
299 489
5 42
10 386
65 93
156 211
197 212
348 381
408 432
7 88
12 432
259 309
61 324
162 376
24 442
65 443
151 217
211 268
271 319
362 437
403 438
21 144
62 145
114 335
174 386
153 263
213 314
56 330
116 381
176 432
264 279
14 104
19 448
74 155
165 273
206 274
266 325
357 443
417 494
21 494
72 459
359 489
70 386
130 437
218 284
410 454
69 161
280 381
321 382
371 499
123 397
26 464
34 325
122 172
172 289
273 341
23 166
83 217
124 218
215 336
234 386
275 387
27 285
178 454
76 177
136 228
268 347
287 397
328 398
78 223
190 464
138 274
231 465
132 459
90 233
131 234
222 352
342 454
185 470
143 244
96 398
335 414
333 341
236 408
184 218
337 460
48 357
139 475
87 285
45 59
50 403
196 228
289 419
349 470
388 398
200 347
291 465
2 362
43 363
103 414
6 481
4 408
40 65
152 306
100 116
105 460
243 424
251 285
344 476
55 373
94 301
57 419
112 126
117 470
203 244
244 245
356 486
15 193
395 414
106 311
59 465
147 312
207 363
155 173
455 465
205 290
298 481
17 239
110 430
397 460
108 357
209 409
71 475
107 132
167 183
198 250
258 301
318 352
101 317
450 471
221 419
12 245
163 414
311 312
402 430
462 481
66 481
121 188
214 379
313 358
65 256
115 373
63 183
216 425
276 476
114 148
265 317
306 318
366 369
77 266
457 487
168 384
116 194
176 245
19 261
368 415
79 312
230 481
68 153
21 307
73 497
169 205
320 374
380 425
70 199
130 250
283 492
262 369
184 486
225 487
373 385
123 210
183 261
315 380
334 430
375 431
34 138
218 447
237 497
28 323
88 374
179 492
327 390
46 148
137 266
178 267
238 318
269 385
329 436
40 333
389 487
141 385
172 452
39 108
42 379
231 278
281 395
382 447
46 498
192 323
343 492
35 339
384 493
134 318
37 385
185 283
245 334
148 401
146 328
51 468
44 51
48 170
199 339
240 340
5 473
13 334
44 401
252 350
43 176
62 226
103 227
153 344
254 396
6 294
56 411
4 221
105 273
206 355
305 334
117 283
208 401
309 453
20 350
106 124
59 278
111 468
17 52
110 243
108 170
209 222
321 463
71 288
112 289
164 479
203 407
263 458
10 12
15 356
106 474
161 181
312 350
64 248
12 58
163 227
256 418
316 469
27 366
118 484
66 294
24 68
29 412
65 69
115 186
156 187
216 238
276 289
210 423
77 79
168 197
360 367
19 74
24 418
84 469
222 433
170 243
230 294
362 413
73 310
21 120
422 464
174 362
224 479
265 480
31 84
36 428
72 85
77 429
96 479
75 356
223 254
283 305
374 423
415 424
126 321
74 131
277 490
376 469
87 366
427 434
26 90
31 434
86 141
91 485
177 259
237 310
278 311
369 429
140 377
88 187
181 378
179 305
43 444
82 372
45 490
81 147
482 491
172 265
383 485
42 192
135 383
195 434
234 362
137 429
285 327
436 496
40 496
287 373
347 424
58 321
89 388
149 439
190 440
47 162
0 316
148 214
299 383
49 208
109 259
150 260
202 450
241 378
301 429
12 326
53 327
144 445
253 388
5 286
13 147
44 214
156 455
104 265
255 434
7 332
153 157
306 399
4 34
9 378
97 225
157 276
368 496
60 343
151 461
159 322
62 389
208 214
359 383
59 91
171 332
212 333
262 450
14 348
74 399
113 327
11 50
16 394
71 101
164 292
356 462
414 440
106 287
226 389
28 404
69 405
215 230
25 106
66 107
71 451
219 349
269 466
318 328
29 225
122 416
180 394
221 395
18 66
23 410
78 117
124 462
210 236
270 287
330 338
22 185
421 456
25 456
173 354
121 164
272 333
76 421
136 472
84 282
134 399
222 246
37 466
78 467
174 175
224 292
325 344
96 292
127 359
228 411
90 477
38 287
126 134
131 478
428 472
87 179
240 421
188 231
91 298
182 416
242 467
80 139
181 191
332 360
392 411
82 185
235 427
334 406
196 472
237 473
94 195
135 196
195 247
286 365
346 416
46 124
137 242
290 484
1 381
288 411
147 206
100 360
191 478
339 376
3 427
58 134
190 253
302 494
300 421
52 319
0 129
112 370
203 488
244 489
15 437
202 263
155 417
353 432
394 433
12 139
17 483
58 484
256 499
204 309
295 427
355 478
47 325
198 494
406 443
5 99
197 269
348 438
408 489
7 145
12 489
67 196
158 314
61 381
121 432
162 433
24 499
60 156
63 427
151 274
211 325
271 376
362 494
21 201
114 392
174 443
116 438
176 489
264 336
262 263
74 212
165 330
206 331
68 397
16 207
169 449
70 443
125 150
171 495
28 217
468 489
220 387
280 438
123 454
81 228
29 38
34 382
122 229
120 156
180 207
372 377
275 444
46 392
324 336
384 387
134 212
227 403
328 455
326 382
78 280
36 54
41 398
319 342
30 239
379 393
90 290
222 409
282 460
31 60
143 301
182 229
242 280
335 471
333 398
44 295
145 347
48 414
194 239
446 460
45 116
50 460
289 476
237 286
8 234
99 352
140 353
2 419
62 470
98 127
103 471
189 245
249 296
309 347
4 465
441 466
59 172
100 173
152 363
191 291
3 240
453 476
52 132
57 476
112 183
203 301
395 471
106 368
147 369
207 420
205 347
17 296
209 466
47 138
167 240
161 425
109 235
64 492
12 302
163 471
402 487
121 245
162 246
214 436
253 364
313 415
24 312
65 313
63 240
114 205
174 256
265 374
366 426
75 250
116 251
168 441
19 318
368 472
16 20
128 261
320 431
380 482
72 329
70 256
130 307
171 308
223 498
322 477
28 30
373 442
32 149
334 487
26 334
375 488
86 385
125 313
23 36
28 380
88 431
234 256
387 498
25 82
137 323
238 375
269 442
329 493
141 442
39 165
378 385
78 93
190 334
138 144
231 335
229 262
93 401
132 329
192 380
30 52
90 103
95 447
433 442
37 442
144 339
92 149
185 340
245 391
47 406
148 458
96 268
146 385
187 386
247 437
49 452
85 109
197 350
145 160
236 278
296 329
447 498
259 447
97 119
50 273
102 463
143 464
201 442
440 458
159 216
200 217
250 334
2 232
351 386
62 283
194 402
1 7
6 351
97 469
344 346
55 243
206 412
154 222
57 289
117 340
208 458
15 63
59 335
147 182
207 233
418 453
17 109
110 300
108 227
261 469
71 345
411 413
15 413
101 187
161 238
221 289
312 407
353 408
64 305
124 356
215 474
256 475
25 350
365 418
406 419
24 125
29 469
115 243
156 244
175 294
307 413
18 310
78 361
119 362
210 480
22 429
77 136
168 254
228 305
360 424
420 475
19 131
79 182
222 490
170 300
230 351
73 367
133 418
31 141
36 485
75 413
283 362
374 480
33 187
184 356
128 424
188 475
427 491
31 491
86 198
177 316
125 126
369 486
80 383
28 193
140 434
88 244
181 435
179 362
82 429
142 480
381 496
40 203
81 204
193 445
141 255
292 424
94 439
42 249
135 440
0 23
46 368
93 214
132 142
137 486
192 193
343 362
35 209
147 450
246 429
347 481
58 378
89 445
144 152
149 496
190 497
487 491
146 198
239 389
51 338
150 317
241 435
53 384
139 158
199 209
102 276
50 86
162 327
201 255
294 446
5 343
354 497
65 394
13 204
104 322
255 491
2 45
62 96
67 440
153 214
194 215
306 456
254 266
345 384
56 281
9 435
97 282
157 333
405 435
248 451
60 400
206 225
159 379
57 102
62 446
117 153
208 271
20 220
359 440
400 441
111 338
59 148
171 389
212 390
460 492
14 405
74 456
110 113
160 230
113 384
261 282
321 333
352 400
412 451
11 107
71 158
164 349
203 277
263 328
15 226
125 394
166 395
28 461
64 118
69 462
215 287
275 338
316 339
27 236
25 163
66 164
178 405
217 333
120 400
180 451
268 298
419 467
23 467
78 174
119 175
270 344
233 462
76 478
222 303
323 355
133 231
224 349
36 298
127 416
38 344
186 242
240 478
279 406
91 355
182 473
140 247
291 416
82 242
194 483
142 293
235 484
105 411
193 258
344 427
3 134
8 478
94 252
42 62
135 253
195 304
286 422
346 473
387 474
98 371
46 181
59 416
100 417
147 263
339 433
3 484
58 191
149 309
209 360
300 478
52 376
0 186
49 78
54 422
109 129
293 438
241 248
394 490
53 197
144 315
204 366
295 484
47 382
107 433
167 484
5 156
13 17
156 325
104 135
109 479
197 326
257 377
255 304
7 202
67 253
447 474
158 371
56 94
61 438
121 489
308 315
60 213
459 484
63 484
159 192
21 258
62 259
114 449
260 274
213 428
20 33
111 151
264 393
262 320
303 321
322 371
14 218
363 372
74 269
113 197
266 439
68 454
16 264
34 89
125 207
166 208
218 398
418 429
129 326
160 393
280 495
178 218
370 388
81 285
34 439
122 286
120 213
273 455
372 434
83 331
22 55
46 449
25 326
324 393
384 444
425 445
136 342
134 269
175 270
78 337
377 404
437 455
36 111
41 455
96 162
127 229
228 281
319 399
379 450
131 348
222 466
92 393
331 409
91 168
182 286
44 352
145 404
43 127
48 471
103 178
194 296
386 466
97 363
45 173
297 394
8 291
2 476
98 184
189 302
249 353
309 404
1 251
152 420
100 230
212 471
251 399
55 487
302 364
52 189
112 240
15 307
207 477
205 404
17 353
295 297
47 195
198 364
258 415
10 313
101 431
161 482
109 292
7 15
158 184
311 426
22 323
350 354
61 251
121 302
214 493
272 471
19 25
24 369
65 370
63 297
362 364
21 71
62 72
114 262
174 313
213 241
306 432
366 483
77 380
75 307
168 498
176 359
267 477
165 200
225 251
357 370
68 267
16 77
128 318
320 488
31 385
72 386
130 364
369 380
28 87
33 431
181 329
32 206
371 426
123 324
472 478
26 391
86 442
125 370
364 386
424 437
484 488
88 488
275 314
46 262
426 483
25 139
238 432
35 103
40 447
81 448
136 155
141 499
227 273
287 324
39 222
378 442
419 443
42 493
479 494
190 391
229 319
0 267
41 268
132 386
192 437
431 453
35 453
90 160
150 211
241 329
282 330
53 278
433 499
144 396
92 206
185 397
47 463
96 325
247 494
335 341
385 458
44 165
197 407
236 335
296 386
199 453
6 58
9 329
97 176
8 104
13 448
159 273
252 464
250 391
291 392
2 289
351 443
62 340
153 458
194 459
6 408
4 335
152 233
243 351
55 300
3 110
206 469
154 279
305 448
16 345
117 397
207 290
205 217
358 459
17 166
160 474
108 284
209 336
11 351
71 402
112 403
310 418
411 470
10 126
15 470
101 244
161 295
221 346
312 464
353 465
64 362
124 413
27 480
66 408
272 284
406 476
84 233
63 110
175 351
216 352
276 403
307 470
18 367
78 418
119 419
77 193
168 311
116 121
228 362
319 480
267 290
19 188
131 429
170 357
230 408
73 424
128 131
133 475
75 470
130 177
223 368
283 419
314 486
33 244
126 435
186 486
184 413
225 414
82 136
123 137
128 481
183 188
274 306
26 204
86 255
466 476
125 183
237 424
80 440
135 147
88 301
140 491
181 492
179 419
46 75
82 486
137 193
178 194
288 362
100 311
141 312
191 429
292 481
42 306
190 204
281 322
341 373
0 80
41 81
46 425
132 199
244 440
192 250
285 441
343 419
95 317
155 368
246 486
53 91
58 435
185 210
336 379
396 430
0 430
247 307
51 395
338 425
197 220
150 374
12 440
48 97
53 441
139 215
259 317
350 435
391 436
102 333
201 312
65 451
13 261
44 328
104 379
252 277
444 447
67 497
103 154
194 272
254 323
4 148
9 492
157 390
19 456
55 113
60 457
456 457
206 282
357 451
57 159
117 210
208 328
309 380
72 467
359 497
400 498
111 395
171 446
212 447
14 462
110 170
113 441
261 339
352 457
11 164
71 215
263 385
122 180
124 226
316 396
27 293
219 463
217 390
29 339
268 355
328 406
18 180
119 232
210 350
270 401
330 452
22 299
173 468
272 447
131 242
222 360
323 412
73 237
284 457
325 458
127 473
85 247
33 57
186 299
184 226
376 396
87 293
128 294
279 463
31 361
91 412
177 186
80 253
140 304
88 114
181 305
200 355
179 232
43 371
103 422
82 299
142 350
6 489
105 468
193 315
232 243
344 484
292 294
3 191
383 412
443 463
42 119
195 361
286 479
244 253
1 495
35 79
147 320
95 130
100 474
155 181
246 299
58 248
397 468
89 315
438 469
47 89
112 484
390 428
49 135
54 479
109 186
150 187
301 356
204 423
47 439
66 489
107 490
162 197
253 315
294 316
354 367
65 264
13 74
445 485
104 192
257 434
7 259
67 310
158 428
306 326
259 480
6 34
457 495
61 495
97 152
116 202
157 203
308 372
19 269
60 270
368 423
151 388
159 249
271 490
169 213
72 280
111 208
171 259
262 377
14 275
165 444
113 254
225 495
266 496
16 321
315 388
375 439
34 146
125 264
166 265
218 455
28 331
69 332
129 383
160 450
27 106
118 224
178 275
219 276
269 393
34 496
122 343
172 460
120 270
180 321
372 491
83 388
22 112
25 383
132 280
173 281
233 332
324 450
35 347
76 348
136 399
84 209
134 326
175 327
39 466
326 496
138 445
377 461
96 219
127 286
187 337
228 338
247 388
30 353
87 106
92 450
240 348
331 466
143 415
91 225
182 343
242 394
44 409
145 461
43 184
103 235
82 112
194 353
45 230
196 399
297 451
8 348
99 466
286 292
98 241
189 359
1 308
288 338
191 405
3 354
58 61
89 128
94 472
149 179
209 230
302 421
52 246
112 297
203 415
244 416
15 364
101 138
54 292
106 482
205 461
293 308
12 66
53 67
163 235
204 236
355 405
167 354
198 421
10 370
65 77
156 195
307 364
348 365
7 72
119 313
67 123
210 431
158 241
311 483
22 380
61 308
121 359
19 82
24 426
60 83
84 477
63 354
211 252
362 421
422 472
21 128
114 319
265 488
213 298
72 93
75 364
116 365
176 416
14 88
19 432
225 308
357 427
417 478
16 134
128 375
169 376
260 494
70 370
218 268
28 144
33 488
69 145
470 489
179 313
280 365
123 381
183 432
26 448
81 155
34 309
172 273
232 324
273 325
364 443
424 494
28 494
275 371
46 319
137 437
178 438
238 489
35 160
134 139
287 381
39 279
378 499
37 206
190 448
138 258
229 376
0 324
41 325
132 443
192 494
30 166
90 217
241 386
53 335
92 263
185 454
146 499
294 397
335 398
44 222
85 223
197 464
145 274
296 443
6 115
97 233
196 212
289 403
99 279
159 330
250 448
291 449
2 346
103 398
6 465
4 392
59 99
152 290
303 459
3 167
113 335
117 454
203 228
263 279
356 470
15 177
395 398
106 295
54 105
205 274
298 465
69 413
17 223
110 414
108 341
407 408
66 115
71 459
107 116
198 234
310 475
258 285
318 336
122 424
409 454
101 301
161 352
124 470
210 244
163 398
22 193
402 414
25 464
462 465
121 172
272 341
24 239
84 290
63 167
175 408
18 424
114 132
119 476
174 183
265 301
77 250
416 470
457 471
116 178
228 419
267 347
19 245
131 486
79 296
230 465
469 481
169 189
279 357
31 255
380 409
182 424
130 234
322 404
126 492
181 199
225 471
332 368
32 76
82 193
123 194
235 435
183 245
274 363
26 261
375 415
86 312
237 481
278 482
135 204
179 476
387 425
46 132
137 250
290 492
288 419
389 471
141 369
191 486
232 487
3 435
39 92
190 261
281 379
341 430
0 137
132 256
244 497
285 498
35 323
95 374
53 148
185 267
245 318
47 333
396 487
148 385
146 312
51 452
197 277
12 497
48 154
139 272
350 492
391 493
9 199
162 441
5 457
13 318
63 435
104 436
2 159
62 210
153 328
194 329
213 379
254 380
345 498
4 205
55 170
113 148
206 339
266 390
305 318
16 215
169 457
208 385
309 437
20 334
110 227
108 154
113 498
261 396
11 221
71 272
164 463
263 442
122 237
101 114
161 165
312 334
372 385
124 283
163 211
316 453
25 277
66 278
217 447
24 52
29 396
84 103
115 170
175 221
216 222
268 412
328 463
307 340
326 390
78 288
210 407
229 457
270 458
22 356
168 181
319 350
19 58
222 417
282 468
230 278
323 469
73 294
422 448
224 463
31 68
91 119
96 463
182 237
223 238
335 479
283 289
314 356
434 458
38 458
126 305
184 283
376 453
87 350
235 248
26 74
50 468
86 125
237 294
297 345
388 463
80 310
429 464
200 412
103 479
82 356
142 407
290 305
381 423
100 181
141 182
191 299
292 351
3 248
94 366
195 418
93 141
98 485
244 310
436 480
35 136
155 238
347 408
58 305
149 423
209 474
47 146
0 300
198 315
299 367
10 264
51 265
390 485
49 192
109 243
202 434
241 362
12 310
163 479
204 480
9 12
102 203
253 372
313 423
5 270
354 424
65 321
13 131
63 248
216 490
257 491
255 418
7 316
306 383
56 208
157 260
308 429
19 326
60 327
368 480
151 445
211 496
16 28
169 270
260 388
361 440
72 337
20 147
359 367
111 265
171 316
14 332
74 383
11 34
16 378
71 85
164 276
315 445
375 496
34 203
414 424
125 321
226 373
23 44
28 388
69 389
129 440
27 163
25 90
219 333
310 451
81 399
29 209
120 327
180 378
18 50
23 394
78 101
83 445
231 343
229 270
173 338
35 404
76 405
136 456
84 266
134 383
37 450
73 107
185 348
133 158
127 343
476 497
187 394
247 445
30 410
85 117
38 271
90 461
337 338
428 456
240 405
188 215
50 281
91 282
143 472
242 451
44 466
80 123
85 467
140 174
200 225
103 292
423 462
194 410
6 359
45 287
344 354
3 61
8 405
435 472
94 179
135 180
195 231
286 349
346 400
98 298
189 416
249 467
1 365
59 343
100 344
147 190
3 411
58 118
89 185
209 287
302 478
300 405
52 303
401 457
112 354
203 472
10 77
51 78
54 349
353 416
394 417
413 467
12 123
163 292
204 293
256 483
295 411
107 360
167 411
198 478
406 427
65 134
257 304
307 421
348 422
7 129
119 370
67 180
210 488
22 437
61 365
360 432
19 139
24 483
60 140
63 411
211 309
362 478
114 376
213 355
72 150
75 421
264 320
314 437
74 196
165 314
113 124
225 365
266 366
357 484
68 381
16 191
26 155
70 427
125 134
278 376
369 494
410 495
28 201
69 202
88 252
129 253
468 473
179 370
220 371
280 422
32 320
82 437
123 438
183 489
34 366
232 381
180 191
273 382
83 258
234 427
132 150
285 392
35 217
76 218
136 269
475 489
227 387
347 489
39 336
326 366
37 263
0 381
127 156
30 223
90 274
38 84
282 444
342 495
53 392
92 320
331 336
143 285
182 213
294 454
242 264
333 382
44 279
393 433
145 331
48 398
103 105
6 172
4 99
9 443
45 100
97 290
105 151
196 269
289 460
297 321
60 408
8 218
388 439
99 336
159 387
398 403
2 403
98 111
189 229
309 331
1 178
340 398
400 449
441 450
152 347
212 398
243 465
251 326
110 121
154 393
453 460
52 116
395 455
106 352
54 162
166 403
205 331
17 280
110 471
256 296
316 347
11 465
448 466
219 414
198 291
318 393
10 240
122 481
161 409
221 460
64 476
163 455
311 353
61 178
121 229
214 420
24 296
115 414
63 224
175 465
216 466
18 481
114 189
265 358
325 409
77 307
75 234
168 425
267 404
19 302
38 352
79 353
170 471
169 246
320 415
31 312
72 313
91 363
380 466
130 291
223 482
33 358
181 256
332 425
373 426
32 133
82 250
123 251
235 492
274 420
334 471
177 487
88 415
234 240
327 431
46 189
288 476
329 477
40 374
100 425
141 426
3 492
42 420
190 318
281 436
341 487
382 488
0 194
41 195
30 36
54 430
95 431
241 256
394 498
53 205
245 375
295 492
336 493
107 441
148 442
146 369
247 421
44 92
49 436
85 93
109 487
150 488
236 262
296 313
7 210
447 482
139 329
199 380
9 256
97 103
102 447
60 221
8 31
13 375
63 492
99 149
151 339
159 200
200 201
252 391
2 216
351 370
442 488
153 385
213 436
254 437
56 452
4 262
152 160
243 278
303 329
55 227
495 499
113 205
154 206
266 447
305 375
57 273
117 324
208 442
15 47
106 165
166 216
207 217
298 335
358 386
69 283
17 93
110 284
418 437
160 401
108 211
11 278
310 345
101 171
120 221
221 273
312 391
372 442
413 443
215 458
22 63
27 407
66 335
173 232
76 299
24 109
29 453
84 160
115 227
175 278
216 279
268 469
18 294
367 448
119 346
138 396
168 238
228 289
379 458
131 356
170 284
230 335
133 402
31 125
36 469
91 176
182 294
283 346
374 464
126 362
186 413
87 407
188 459
427 475
86 182
177 300
80 367
140 418
200 469
179 346
142 464
290 362
288 289
40 187
141 239
232 357
292 408
94 423
42 233
135 424
154 474
195 475
93 198
244 367
54 243
95 244
147 434
246 413
347 465
58 362
89 429
295 305
107 254
148 255
146 182
299 424
10 321
51 322
49 249
202 491
301 470
7 23
12 367
139 142
9 69
102 260
313 480
5 327
65 378
63 305
156 496
255 475
7 373
62 80
213 249
306 440
366 491
345 368
56 265
4 75
116 316
308 486
19 383
21 429
57 86
169 327
117 137
260 445
361 497
72 394
20 204
359 424
70 321
171 373
262 491
69 96
74 440
160 214
220 265
261 266
11 91
123 332
71 142
26 399
414 481
125 378
166 379
273 276
364 394
23 101
28 445
88 496
129 497
215 271
275 322
426 491
25 147
467 492
219 390
238 440
81 456
29 266
122 457
180 435
419 451
18 107
78 158
231 400
229 327
270 328
330 379
421 497
173 395
233 446
76 462
131 169
134 440
222 287
323 339
185 405
133 215
224 333
284 384
36 282
127 400
335 349
30 467
38 328
126 175
337 395
188 272
279 390
50 338
182 457
80 180
200 282
291 400
332 401
392 452
103 349
142 277
235 468
6 416
4 343
105 395
42 46
154 287
195 288
57 354
98 355
189 473
1 422
59 400
147 247
399 468
89 242
149 293
52 360
15 478
51 135
101 252
49 62
54 406
293 422
353 473
12 180
204 350
107 417
5 140
10 484
65 191
156 309
104 119
257 361
255 288
348 479
119 427
67 237
158 355
22 494
56 78
61 422
116 129
121 473
267 298
360 489
60 197
63 468
151 315
73 432
21 242
114 433
174 484
72 207
70 134
75 478
111 135
223 376
264 377
262 304
322 355
14 202
126 443
74 253
165 371
225 422
123 145
169 490
34 73
70 484
125 191
317 361
28 258
179 427
220 428
280 479
32 377
82 494
118 151
123 495
178 202
238 253
269 320
329 371
370 372
29 79
141 320
180 248
23 264
83 315
41 89
285 449
35 274
136 326
134 253
287 495
39 393
326 423
37 320
185 218
229 490
0 438
41 439
96 146
247 315
338 433
30 280
90 331
38 141
150 382
439 485
139 223
92 377
331 393
143 342
201 320
13 269
333 439
44 336
104 387
7 454
48 455
444 455
103 162
194 280
6 229
345 449
386 450
4 156
45 157
105 208
60 465
99 393
398 460
2 460
57 167
98 168
340 455
55 471
110 178
113 449
154 450
52 173
112 224
203 342
263 393
15 291
106 409
54 219
166 460
207 461
205 388
17 337
316 404
66 229
107 230
219 471
198 348
217 398
101 415
161 466
119 240
210 358
158 168
270 409
311 410
22 307
61 235
121 286
214 477
313 456
24 353
84 404
73 245
114 246
325 466
168 482
176 343
14 15
126 256
68 251
128 302
188 353
320 472
31 369
130 348
88 122
220 241
332 482
280 292
373 483
371 410
123 308
183 359
274 477
172 200
232 251
364 370
23 77
135 318
83 128
327 488
426 467
137 364
35 87
100 482
136 139
141 483
227 257
39 206
378 426
89 323
42 477
438 477
281 493
229 303
0 251
41 252
93 442
239 267
192 421
431 437
30 93
54 487
90 144
95 488
150 195
282 314
301 364
342 365
53 262
144 380
204 431
245 432
47 447
146 426
354 375
445 493
44 149
49 493
197 391
486 494
257 442
7 267
48 268
6 42
9 313
157 211
248 329
201 483
60 278
8 88
440 499
151 396
159 257
252 448
2 273
351 427
153 442
1 48
212 268
363 437
55 284
113 262
154 263
206 453
305 432
16 329
57 330
208 499
20 448
106 222
317 442
358 443
108 268
11 335
71 386
310 402
411 454
10 110
29 160
122 351
120 278
312 448
372 499
64 346
22 120
27 464
25 391
173 289
365 459
24 166
84 217
175 335
18 351
78 402
138 453
77 177
168 295
228 346
319 464
267 274
79 223
170 341
230 392
73 408
31 182
70 110
182 351
283 403
85 418
33 228
126 419
186 470
184 397
82 120
87 464
235 362
26 188
297 459
80 424
88 285
286 300
189 367
137 177
1 316
288 346
40 244
389 398
100 295
141 296
191 413
251 464
94 480
42 290
281 306
341 357
401 408
192 234
343 403
54 300
95 301
147 491
155 352
246 470
53 75
58 419
89 486
204 244
295 362
336 363
47 260
396 414
107 311
198 429
146 239
299 481
49 306
7 80
12 424
139 199
259 301
350 419
162 368
253 486
5 384
60 91
65 435
63 362
104 363
463 481
62 137
153 255
213 306
254 307
306 497
56 322
4 132
157 374
248 492
14 96
55 97
357 435
398 436
417 486
16 142
57 143
458 487
117 194
208 312
72 451
20 261
359 481
171 430
14 446
470 497
69 153
74 497
110 154
129 204
160 271
220 322
261 323
321 374
32 271
352 441
412 492
11 148
123 389
164 390
26 456
34 317
122 164
125 435
226 487
23 158
64 159
27 277
25 204
178 446
238 497
217 374
76 169
29 323
120 441
268 339
18 164
231 457
229 384
173 452
131 226
134 497
282 395
185 462
133 272
224 390
96 390
127 457
85 231
33 41
38 385
126 232
277 401
337 452
48 349
376 380
50 395
388 390
200 339
291 457
332 458
43 355
103 406
6 473
40 57
100 108
105 452
251 277
344 468
3 175
94 293
443 447
154 344
195 345
286 463
57 411
98 412
1 479
395 406
54 113
59 457
147 304
298 473
246 283
339 474
110 422
58 232
89 299
149 350
107 124
112 468
198 242
10 191
51 192
101 309
49 119
109 170
12 237
163 406
66 473
102 130
107 474
253 299
65 248
445 469
63 175
104 176
216 417
257 418
7 243
67 294
158 412
56 135
61 479
116 186
157 187
176 237
267 355
308 356
60 254
170 422
211 423
73 489
114 490
169 197
260 315
320 366
361 367
72 264
20 74
452 485
70 191
171 243
264 434
262 361
14 259
74 310
225 479
32 84
123 202
315 372
26 269
34 130
125 248
278 490
226 300
317 418
28 315
88 366
179 484
220 485
27 90
118 208
238 310
370 429
29 136
141 377
232 495
180 305
273 496
42 371
41 146
46 490
132 264
233 316
35 331
76 332
384 485
136 383
134 310
39 450
326 480
37 377
185 275
138 429
336 444
41 496
148 393
51 460
338 490
30 337
90 388
150 439
48 162
139 280
92 434
240 332
331 450
143 399
242 378
333 496
43 168
103 219
194 337
6 286
4 213
97 404
157 455
105 265
94 106
99 450
57 224
249 394
1 292
59 270
152 461
251 440
110 235
89 112
209 214
302 405
300 332
11 229
52 230
112 281
203 399
304 451
54 276
205 445
64 240
12 50
17 394
163 219
204 220
66 286
107 287
167 338
156 179
216 230
276 281
367 399
119 297
67 107
158 225
270 466
311 467
22 364
19 66
170 235
211 236
323 477
271 287
73 302
21 112
265 472
72 77
77 421
176 400
14 72
38 466
74 123
79 467
165 241
225 292
376 461
68 308
417 462
128 359
188 410
26 82
31 426
91 477
130 405
429 472
28 128
33 472
88 179
129 180
181 370
179 297
220 298
280 349
32 247
123 365
183 416
26 432
482 483
81 139
86 483
273 309
383 477
424 478
42 184
135 375
234 354
98 493
46 303
436 488
35 144
40 488
95 195
136 196
477 489
227 314
347 416
378 483
37 190
190 432
0 308
93 499
148 206
239 324
51 273
90 201
241 370
301 421
342 422
53 319
144 437
92 247
143 212
294 381
354 432
385 499
13 139
44 206
197 448
257 499
7 324
48 325
139 443
199 494
6 99
4 26
157 268
60 335
8 145
13 489
151 453
99 263
2 330
351 484
62 381
153 499
1 105
4 376
111 273
59 83
152 274
243 392
251 253
363 494
55 341
113 319
154 320
305 489
16 386
57 387
203 212
106 279
166 330
207 331
226 381
69 397
17 207
129 448
108 325
11 392
66 99
71 443
219 341
217 268
258 269
318 320
29 217
122 408
409 438
120 335
221 387
23 402
210 228
22 177
25 448
173 346
121 156
214 347
272 325
76 413
24 223
115 341
464 495
175 392
18 408
73 115
265 285
77 234
416 454
75 161
228 403
176 213
30 418
38 279
79 280
230 449
68 121
73 465
128 172
31 239
380 393
182 408
130 218
223 409
283 460
85 475
33 285
126 476
181 183
332 352
423 470
82 177
142 228
235 419
274 347
334 398
45 295
86 296
177 414
237 465
135 188
195 239
286 357
387 409
189 424
290 476
288 403
40 301
389 455
100 352
191 470
339 368
39 76
341 414
401 465
93 312
244 481
51 86
343 460
95 358
155 409
53 132
58 476
204 301
47 317
396 471
198 486
146 296
10 435
51 436
109 414
197 261
7 137
48 138
199 307
259 358
350 476
102 374
162 425
5 441
60 148
65 492
151 266
211 317
252 318
403 487
153 312
254 364
56 379
116 430
157 431
176 481
264 328
19 497
456 498
206 323
266 374
357 492
117 251
20 318
111 436
171 487
69 210
129 261
160 328
108 138
220 379
261 380
321 431
11 205
123 446
71 256
164 447
120 148
125 492
23 215
64 216
124 267
275 436
25 261
217 431
76 226
24 36
115 154
120 498
175 205
268 396
328 447
367 375
78 272
138 323
270 442
330 493
319 334
30 231
379 385
38 92
222 401
282 452
230 262
323 453
92 328
224 447
31 52
91 103
96 447
182 221
242 272
335 463
434 442
33 98
186 340
236 457
184 267
48 406
87 334
50 452
177 227
289 468
237 278
388 447
80 294
140 345
489 499
43 412
98 119
189 237
142 391
1 186
4 457
40 114
441 458
193 356
292 335
3 232
94 350
154 401
195 402
98 469
244 294
395 463
436 464
54 170
147 361
155 222
246 340
89 356
108 406
149 407
209 458
448 474
47 130
52 474
148 182
198 299
239 300
258 350
51 249
390 469
49 176
161 417
109 227
202 418
64 484
12 294
204 464
311 361
61 186
102 187
253 356
313 407
5 254
354 408
65 305
63 232
156 423
216 474
255 402
67 351
306 367
366 418
56 192
116 243
176 294
267 412
308 413
79 361
170 479
211 480
21 356
169 254
260 372
320 423
361 424
72 321
20 131
111 249
171 300
264 491
322 469
14 316
74 367
373 434
32 141
11 18
123 259
164 260
315 429
125 305
218 496
226 357
317 475
88 423
129 424
27 147
25 74
118 265
178 316
238 367
217 244
329 485
81 383
29 193
141 434
180 362
18 34
42 428
78 85
83 429
421 424
192 372
233 373
95 439
136 440
37 434
92 141
245 383
224 260
284 311
36 209
148 450
127 327
187 378
247 429
90 445
145 152
139 337
92 491
488 491
13 383
80 107
200 209
291 327
351 378
43 225
103 276
442 496
483 497
142 204
4 270
97 461
243 286
196 440
3 45
435 456
94 163
154 214
195 215
286 333
346 384
57 281
98 282
189 400
208 450
1 349
147 174
298 343
251 497
339 344
358 394
17 101
58 102
108 219
149 220
261 461
209 271
401 441
10 61
15 405
51 62
101 179
161 230
202 231
293 349
353 400
64 297
17 451
413 451
256 467
214 241
167 395
406 411
5 67
29 461
65 118
276 338
367 456
408 457
119 354
210 472
22 421
61 349
79 174
271 344
362 462
21 169
114 360
72 134
77 478
75 405
223 303
176 457
314 421
415 473
14 129
74 180
225 349
68 365
188 467
26 139
31 483
177 308
130 462
218 309
80 375
88 236
129 237
280 406
32 304
82 421
292 416
135 432
83 242
195 483
234 411
132 134
285 376
35 201
95 252
136 253
134 180
227 371
287 422
39 320
37 247
148 263
187 191
51 330
338 360
30 207
150 309
301 478
342 479
144 494
92 304
143 269
201 247
242 248
13 196
333 366
44 263
393 417
104 314
236 433
255 483
296 484
2 37
48 382
405 427
9 427
45 84
105 135
248 443
289 444
308 494
349 495
60 392
159 371
250 489
2 387
57 94
62 438
208 263
249 264
309 315
1 162
111 330
152 331
243 449
113 376
261 274
11 99
52 100
164 341
112 151
117 495
203 269
263 320
414 489
106 336
455 490
166 387
226 438
17 264
108 382
256 280
316 331
407 449
167 208
217 325
409 495
120 392
23 459
64 460
210 285
311 337
402 455
173 403
76 470
24 280
175 449
323 347
73 172
174 224
224 341
325 393
36 290
127 408
168 409
176 270
38 336
79 337
277 352
188 280
279 398
31 296
182 465
130 275
80 188
332 409
373 410
82 234
142 285
274 404
45 352
86 353
42 54
135 245
327 415
98 363
189 481
137 291
40 358
100 409
3 476
89 250
42 404
281 420
341 471
0 178
49 70
95 415
155 466
293 430
394 482
92 117
204 358
245 359
295 476
336 477
148 426
146 353
10 492
51 493
44 76
104 127
109 471
257 369
255 296
296 297
348 487
7 194
48 195
67 245
447 466
199 364
9 240
102 431
248 256
60 205
8 15
151 323
159 184
252 375
250 302
153 369
213 420
20 25
56 436
111 143
303 313
14 210
55 211
363 364
454 482
266 431
169 498
117 308
106 149
111 493
226 251
317 369
358 370
69 267
17 77
129 318
108 195
261 437
321 488
32 385
11 262
29 87
34 431
122 278
461 498
161 206
273 447
221 257
312 375
23 272
64 273
83 323
22 47
25 318
365 386
76 283
136 334
84 144
115 211
175 262
326 431
18 278
78 329
138 380
377 396
127 221
168 222
228 273
379 442
38 149
222 458
230 319
92 385
133 386
432 453
31 109
36 453
91 160
242 329
283 330
374 448
85 345
33 155
434 499
186 397
87 391
427 459
45 165
177 284
80 351
43 469
98 176
189 294
142 448
1 243
340 463
381 464
193 413
191 340
251 391
3 289
195 459
52 181
93 182
244 351
304 402
54 227
147 418
207 469
205 396
246 397
17 345
108 463
149 464
107 238
198 356
146 166
299 408
51 306
101 423
49 233
161 474
202 475
12 351
158 176
61 243
9 53
102 244
162 295
214 485
313 464
5 311
255 459
62 64
67 408
153 182
213 233
56 249
267 469
19 367
79 418
16 69
21 413
169 311
117 121
208 239
320 480
72 378
111 306
130 356
171 357
262 475
69 80
129 131
352 368
371 418
123 316
71 126
274 485
315 486
34 244
414 465
125 362
364 378
424 429
23 85
28 429
88 480
124 137
129 481
27 204
118 322
467 476
178 373
238 424
76 96
81 440
136 147
141 491
180 419
419 435
42 485
78 142
83 486
138 193
231 384
479 486
330 363
421 481
132 378
192 429
233 430
30 101
136 497
134 424
222 271
282 322
37 491
245 440
284 368
36 266
96 317
127 384
187 435
85 158
145 209
186 210
236 327
277 328
48 276
428 497
87 204
240 446
201 491
80 164
140 215
200 266
291 384
2 281
43 282
351 435
103 333
392 436
194 451
142 261
4 327
45 328
152 225
105 379
193 226
243 343
344 395
8 446
154 271
195 272
57 338
98 339
117 389
147 231
207 282
205 209
298 400
358 451
399 452
17 158
110 349
108 276
209 328
300 446
52 344
112 395
411 462
10 118
101 236
161 287
353 457
64 354
163 333
66 400
214 298
406 468
5 124
65 175
63 102
216 344
276 395
255 272
119 411
67 221
22 478
61 406
121 457
360 473
19 180
79 231
170 349
211 350
68 72
73 416
114 417
72 191
75 462
130 169
223 360
264 361
314 478
262 288
322 339
74 237
165 355
225 406
68 422
123 129
128 473
274 298
26 196
86 247
34 57
466 468
177 365
125 175
218 366
28 242
179 411
118 135
178 186
269 304
329 355
389 406
141 304
172 371
42 298
135 489
234 468
46 417
132 191
285 433
324 361
95 309
136 310
134 237
287 479
37 304
245 253
336 371
0 422
36 79
148 320
127 197
146 247
247 299
51 387
49 314
439 469
241 484
53 433
139 207
92 361
199 258
391 428
50 135
143 326
294 495
5 392
104 371
145 372
252 269
43 95
67 489
103 146
254 315
345 433
405 484
4 140
9 484
157 382
446 485
196 310
60 449
8 259
159 428
458 495
57 151
62 495
117 202
208 320
340 439
111 387
152 388
212 439
110 162
261 331
352 449
52 157
203 326
15 275
106 393
226 495
205 372
64 167
17 321
108 439
256 337
316 388
118 403
66 213
167 265
217 382
258 383
318 434
29 331
120 449
119 224
210 342
270 393
173 460
214 461
272 439
24 337
84 388
73 229
21 39
133 280
174 281
224 398
265 399
127 465
75 275
168 466
126 240
165 168
376 388
128 286
31 353
91 404
177 178
130 332
80 245
33 399
181 297
179 224
332 466
371 394
142 342
274 461
86 410
172 184
232 235
383 404
42 111
83 112
286 471
327 472
98 420
46 230
35 71
100 466
227 241
287 292
378 410
190 359
281 477
52 425
0 235
239 251
192 405
299 302
390 420
54 471
90 128
202 369
150 179
293 487
301 348
342 349
144 364
47 431
146 410
294 308
354 359
385 426
13 66
445 477
44 133
49 477
104 184
197 375
257 426
255 353
296 354
7 251
67 302
158 420
199 421
6 26
61 487
97 144
102 488
157 195
248 313
308 364
349 365
60 262
8 72
151 380
99 190
211 431
252 432
250 359
153 426
213 477
452 493
56 493
111 200
212 252
303 370
55 268
165 436
113 246
206 437
266 488
164 211
117 365
208 483
20 432
106 206
226 308
358 427
69 324
160 442
32 442
118 216
219 268
310 386
370 437
411 438
120 262
180 313
312 432
372 483
83 380
124 381
215 499
22 104
25 375
173 273
233 324
324 442
365 443
76 340
24 150
425 494
84 201
39 458
326 488
18 335
78 386
138 437
377 453
36 160
77 161
127 278
75 88
228 330
30 345
38 206
131 397
92 442
133 443
31 166
91 217
430 437
182 335
130 145
242 386
283 387
85 402
33 212
186 454
87 448
142 155
45 222
485 494
196 391
297 443
80 408
99 458
98 233
189 351
137 161
290 403
1 300
288 330
40 228
152 469
100 279
251 448
292 449
89 120
94 464
149 171
52 238
0 48
93 239
304 459
343 387
54 284
147 475
155 336
205 453
17 402
53 59
58 403
144 177
204 228
295 346
198 413
146 223
258 464
10 362
101 480
49 290
109 341
348 357
158 233
199 234
311 475
259 285
350 403
61 300
9 110
102 301
5 368
65 419
63 346
151 193
403 414
2 70
463 465
153 239
306 481
405 460
176 408
14 80
19 424
55 81
79 475
206 250
266 301
357 419
417 470
169 368
72 435
20 245
70 362
130 413
171 414
74 481
220 306
280 357
321 358
32 255
371 475
412 476
71 183
26 440
34 301
122 148
125 419
273 317
364 435
424 486
23 142
83 193
124 194
215 312
27 261
25 188
118 379
178 430
238 481
76 153
81 497
136 204
227 322
180 476
268 323
39 271
419 492
18 148
78 199
138 250
231 441
229 368
330 420
233 487
222 328
342 430
92 255
133 256
245 497
224 374
96 374
127 441
146 491
186 267
236 384
184 194
277 385
296 435
139 451
87 261
196 204
13 497
2 338
43 339
351 492
103 390
392 493
6 457
4 384
40 41
152 282
105 436
193 283
251 261
344 452
55 349
3 159
94 277
154 328
346 498
117 446
54 97
59 441
147 288
205 266
246 267
110 406
58 216
397 436
149 334
209 385
52 401
107 108
112 452
258 277
101 293
202 345
293 463
64 411
12 221
402 406
66 457
214 355
162 165
253 283
5 181
65 232
404 452
115 349
63 159
156 350
216 401
18 416
119 468
67 278
77 242
457 463
56 119
267 339
19 237
368 391
170 406
73 473
169 181
260 299
380 401
72 248
130 226
171 227
283 468
262 345
33 293
74 294
126 484
165 412
225 463
32 68
68 479
123 186
274 355
315 356
26 253
375 407
34 114
278 474
28 299
179 468
327 366
118 192
389 463
81 310
141 361
172 428
232 479
42 355
83 356
41 130
46 474
132 248
192 299
233 300
285 490
343 468
95 366
227 485
245 310
336 428
437 480
146 304
187 305
239 495
247 356
51 444
338 474
150 423
48 146
53 490
199 315
391 485
102 382
143 383
13 310
252 326
2 151
7 495
43 152
194 321
6 270
345 490
4 197
97 388
105 249
55 162
117 259
309 429
20 326
340 496
152 445
212 496
17 28
110 219
108 146
113 490
52 214
101 106
106 450
312 326
64 224
12 34
17 378
215 393
256 394
316 445
27 342
355 373
66 270
318 491
24 44
115 162
156 163
268 404
307 332
18 229
367 383
119 281
270 450
22 348
168 173
121 327
272 496
19 50
84 445
170 219
323 461
362 389
422 440
21 96
174 338
224 455
265 456
36 404
374 399
38 450
74 107
126 297
165 225
277 466
376 445
68 292
128 343
188 394
26 66
31 410
86 117
130 389
33 456
88 163
179 281
82 348
142 399
381 415
45 466
141 174
172 241
292 343
383 461
42 168
135 359
195 410
234 338
93 133
98 477
137 405
285 303
436 472
40 472
95 179
136 180
155 230
246 348
287 349
347 400
39 247
378 467
149 415
0 292
93 483
239 308
299 359
51 257
202 426
53 303
204 472
47 488
294 365
5 262
13 123
257 483
255 410
199 478
6 83
56 200
4 10
9 354
97 201
157 252
308 421
151 437
99 247
252 489
250 416
21 364
62 365
20 139
212 309
262 426
14 324
55 325
74 375
363 478
113 303
206 494
16 370
71 77
164 268
315 437
356 438
15 145
20 489
414 416
106 263
226 365
129 432
27 155
32 499
217 252
370 494
29 201
122 392
409 422
120 319
221 371
312 489
18 42
23 386
210 212
421 432
173 330
121 140
233 381
324 499
24 207
175 376
18 392
73 99
78 443
138 494
77 218
127 335
75 145
168 336
228 387
476 489
30 402
38 263
428 448
92 499
188 207
279 325
31 223
91 274
430 494
471 495
182 392
283 444
85 459
33 269
140 166
184 438
332 336
82 161
142 212
183 213
235 403
45 279
86 280
105 330
196 448
237 449
8 397
135 172
286 341
387 393
98 290
46 100
189 408
137 218
1 357
288 387
100 336
191 454
399 403
3 403
58 110
89 177
302 470
281 347
341 398
52 295
0 105
93 296
244 465
51 70
54 341
202 239
293 357
394 409
17 459
58 460
144 234
396 455
167 403
146 280
5 75
10 419
109 398
257 296
408 465
7 121
158 290
199 291
259 342
350 460
9 167
102 358
121 408
162 409
5 425
24 475
65 476
63 403
252 302
362 470
403 471
21 177
62 178
174 419
153 296
116 414
264 312
456 482
74 188
165 306
206 307
68 373
72 492
70 419
130 470
171 471
218 317
129 245
160 312
220 363
280 414
321 415
183 481
26 497
34 358
120 132
180 183
364 492
83 250
215 369
275 420
25 245
178 487
136 261
475 481
115 138
227 379
175 189
268 380
328 431
39 328
326 358
18 205
37 255
78 256
231 498
229 425
330 477
41 374
132 492
30 215
38 76
131 267
222 385
282 436
342 487
92 312
284 482
31 36
96 431
242 256
335 447
186 324
236 441
184 251
43 46
48 390
45 92
50 436
105 143
196 261
237 262
289 452
297 313
8 210
99 328
200 380
2 395
43 396
98 103
189 221
249 272
1 170
340 390
381 391
4 441
40 98
441 442
105 493
243 457
191 267
55 406
3 216
94 334
443 488
52 108
57 452
93 109
244 278
304 329
395 447
455 498
54 154
59 498
207 396
205 323
246 324
17 272
58 273
397 493
108 390
149 391
209 442
258 334
299 335
10 232
101 350
109 211
221 452
64 468
12 278
163 447
311 345
61 170
121 221
162 222
253 340
24 288
65 289
63 216
18 473
114 181
306 351
56 176
168 417
176 278
267 396
19 294
79 345
170 463
68 186
169 238
260 356
380 458
72 305
70 232
130 283
223 474
262 402
322 453
33 350
74 351
32 125
274 412
315 413
26 310
86 361
34 171
177 479
218 480
28 356
88 407
25 58
118 249
137 299
238 351
269 418
329 469
81 367
141 418
172 485
39 141
37 68
42 412
190 310
231 311
281 428
382 480
93 377
192 356
233 357
35 372
95 423
134 351
185 316
284 295
148 434
96 244
146 361
247 413
90 429
150 480
48 203
139 321
87 131
331 491
102 439
50 249
143 440
201 418
8 23
13 367
44 434
99 141
104 485
140 142
252 383
291 311
43 209
103 260
442 480
153 377
194 378
254 429
56 444
4 254
97 445
157 496
105 306
196 424
55 219
8 373
435 440
94 147
99 491
305 367
117 316
208 434
309 486
15 39
20 383
106 157
59 311
207 209
298 327
358 378
58 86
490 497
108 203
261 445
209 255
11 270
112 322
203 440
263 491
15 389
101 163
221 265
312 383
353 384
64 281
12 91
413 435
27 399
66 327
214 225
217 496
365 394
65 102
115 219
156 220
268 461
216 271
18 286
367 440
210 456
168 230
420 451
19 107
24 451
170 276
230 327
271 328
21 153
133 394
75 389
223 287
314 405
374 456
126 354
74 164
186 405
165 282
184 332
225 333
68 349
87 399
188 451
427 467
26 123
31 467
177 292
130 446
218 293
278 344
369 462
88 220
181 411
82 405
142 456
183 457
290 354
381 472
40 179
81 180
193 421
141 231
172 298
42 225
195 467
234 395
93 190
46 344
137 462
285 360
35 185
155 287
246 405
287 406
347 457
58 354
37 231
0 349
146 174
239 365
299 416
51 314
338 344
49 241
150 293
241 411
301 462
144 478
102 252
50 62
143 253
201 231
294 422
5 319
13 180
44 247
393 401
197 489
67 416
153 190
6 140
56 257
4 67
9 411
405 411
248 427
308 478
349 479
60 376
159 355
250 473
21 421
62 422
117 129
208 247
20 196
359 416
400 417
460 468
171 365
212 366
262 483
352 376
11 83
164 325
112 135
203 253
315 494
263 304
356 495
15 202
414 473
166 371
226 422
69 438
124 145
129 489
215 263
407 433
467 484
66 140
71 484
219 382
217 309
29 258
122 449
120 376
268 274
221 428
18 99
23 443
83 494
119 151
270 320
330 371
421 489
25 489
233 438
272 366
24 264
134 432
175 433
222 279
323 331
37 499
73 156
224 325
265 326
284 376
325 377
36 274
77 275
127 392
75 202
168 393
187 443
228 444
30 459
230 490
87 212
188 264
380 434
91 331
182 449
80 172
140 223
184 495
332 393
392 444
82 218
142 269
235 460
105 387
8 454
195 280
46 157
189 465
137 275
1 414
40 342
100 393
339 409
399 460
3 460
58 167
89 234
149 285
190 286
281 404
52 352
0 162
93 353
51 127
54 398
202 296
155 450
394 466
12 172
53 173
144 291
295 460
47 358
107 409
167 460
5 132
10 476
104 111
197 302
257 353
255 280
348 471
67 229
158 347
259 399
56 70
9 224
61 414
211 358
250 286
21 234
62 235
174 476
153 353
213 404
111 127
116 471
171 178
264 369
262 296
14 194
74 245
165 363
206 364
266 415
68 430
16 240
106 133
166 184
317 353
69 251
160 369
220 420
280 471
321 472
32 369
269 312
310 313
29 71
34 415
172 379
120 189
273 431
312 359
23 256
372 410
124 308
275 477
22 31
27 375
233 251
384 420
76 267
24 77
136 318
84 128
134 245
175 246
227 436
287 487
39 385
326 415
37 312
78 313
377 380
36 87
41 431
96 138
127 205
187 256
228 257
319 375
90 323
38 133
439 477
282 493
240 267
31 93
143 334
91 144
96 488
182 262
333 431
393 482
434 483
236 498
184 308
43 103
87 375
235 273
386 442
446 493
50 493
105 200
196 318
237 319
297 370
388 488
99 385
200 437
43 453
98 160
249 329
290 330
1 227
340 447
4 498
40 155
59 205
152 396
193 397
441 499
55 463
3 273
154 442
302 340
52 165
93 166
203 334
244 335
15 283
147 402
207 453
155 263
58 330
108 447
47 171
318 442
10 289
101 407
109 268
12 335
158 160
311 402
61 227
121 278
162 279
214 469
253 397
24 345
65 346
115 463
63 273
156 464
114 238
153 166
213 217
306 408
366 459
168 474
176 335
267 453
19 351
79 402
165 176
16 53
260 413
320 464
72 362
359 392
130 340
171 341
262 459
28 63
33 407
74 408
160 182
220 233
373 475
32 182
371 402
71 110
315 470
26 367
86 418
172 192
125 346
23 69
28 413
83 120
88 464
327 480
275 290
27 188
46 238
426 459
25 115
269 475
40 423
76 80
81 424
287 300
378 418
37 125
190 367
138 177
231 368
41 244
132 362
192 413
35 429
90 136
95 480
131 137
134 408
222 255
342 357
433 475
37 475
92 182
245 424
143 147
96 301
247 470
44 141
49 485
90 486
145 193
236 311
296 362
337 363
48 260
428 481
139 378
199 429
240 430
9 305
50 306
102 496
143 497
201 475
289 322
349 373
440 491
99 198
252 440
2 265
43 266
351 419
103 317
153 434
254 486
6 384
4 311
152 209
105 363
344 379
55 276
3 86
94 204
154 255
57 322
208 491
356 389
20 440
147 215
298 384
358 435
108 260
209 312
300 430
71 378
411 446
10 102
15 446
101 220
161 271
312 440
12 148
124 389
163 317
66 384
214 282
365 451
406 452
115 276
156 277
307 446
18 343
367 497
77 169
75 96
168 287
360 457
19 164
79 215
170 333
271 385
73 400
21 210
133 451
174 452
72 175
70 102
75 446
130 153
283 395
314 462
322 323
33 220
74 221
126 411
186 462
184 389
225 390
87 456
177 349
125 159
237 400
278 401
80 416
28 226
140 467
181 468
46 51
137 169
290 411
269 288
81 237
141 288
172 355
232 406
292 457
281 298
234 452
41 57
46 401
132 175
192 226
285 417
343 395
155 344
134 221
287 463
89 478
37 288
336 355
47 252
0 406
396 406
148 304
96 114
146 231
187 232
299 473
338 401
49 298
109 349
241 468
12 416
48 73
53 417
139 191
199 242
9 118
50 119
143 310
162 360
201 288
294 479
5 376
65 427
13 237
44 304
252 253
403 422
7 422
62 129
67 473
103 130
194 248
306 489
254 299
6 197
56 314
4 124
97 315
157 366
405 468
248 484
206 258
159 412
21 478
458 479
400 474
59 181
212 423
74 489
110 146
261 315
321 366
352 433
11 140
453 485
112 192
203 310
263 361
15 259
106 377
166 428
226 479
124 202
215 320
316 372
27 269
407 490
25 196
66 197
219 439
318 418
180 484
221 485
268 331
18 156
119 208
330 428
173 444
131 218
84 372
222 336
175 490
133 264
224 382
325 434
36 331
96 382
127 449
75 259
38 377
126 224
186 275
337 444
128 270
188 321
279 439
91 388
80 229
88 90
82 275
334 496
40 49
45 393
105 444
193 291
42 95
195 337
286 455
234 265
98 404
46 214
137 332
1 471
35 55
59 449
95 106
147 296
246 275
339 466
378 394
397 444
89 291
438 445
149 342
190 343
47 65
93 410
51 184
390 404
202 353
150 163
241 281
301 332
12 229
204 399
102 122
162 173
65 240
445 461
156 358
197 359
257 410
7 235
67 286
158 404
259 456
6 10
56 127
61 471
157 179
248 297
308 348
368 399
60 246
211 415
159 225
271 466
250 343
114 482
62 292
452 477
56 477
111 184
171 235
264 426
262 353
303 354
14 251
363 405
74 302
165 420
113 230
206 421
68 487
16 297
315 364
106 190
125 240
166 241
317 410
69 308
418 462
160 426
220 477
32 426
178 251
219 252
269 369
180 297
221 298
273 488
23 313
372 467
231 262
22 88
46 482
173 257
233 308
324 426
76 324
425 478
136 375
134 302
175 303
227 493
39 442
78 370
138 421
377 437
437 488
36 144
96 195
187 313
319 432
379 483
90 380
131 381
222 499
92 426
240 324
432 494
31 150
143 391
91 201
182 319
242 370
44 385
145 437
184 365
43 160
386 499
97 396
45 206
237 376
297 427
94 98
99 442
140 443
159 493
200 494
98 217
249 386
290 387
1 284
288 314
59 262
100 263
191 381
251 432
3 330
89 104
149 155
302 397
300 324
52 222
112 273
203 391
244 392
304 443
15 340
106 458
54 268
147 459
205 437
12 42
204 212
295 330
167 330
198 397
258 448
10 346
101 464
156 171
109 325
7 48
12 392
67 99
158 217
350 387
121 335
162 336
253 454
24 402
63 330
151 177
211 228
362 397
114 295
62 105
153 223
265 464
306 465
77 413
56 290
75 340
74 115
79 459
165 233
225 284
357 403
68 300
16 110
128 351
417 454
260 470
72 419
130 397
278 295
181 362
129 172
160 239
220 290
280 341
32 239
123 357
183 408
26 424
81 131
34 285
122 132
364 419
424 470
23 126
28 470
83 177
234 346
275 347
178 414
238 465
40 480
76 137
81 481
136 188
227 306
287 357
328 358
39 255
378 475
419 476
37 182
190 424
138 234
192 470
30 142
35 486
90 193
131 194
134 465
282 363
342 414
92 239
47 496
143 204
96 358
187 476
335 374
385 491
85 199
145 250
48 317
139 435
199 486
9 362
97 209
289 379
349 430
13 481
252 497
250 424
2 322
351 476
62 373
103 374
194 492
1 97
4 368
59 75
212 317
243 384
55 333
3 143
94 261
154 312
305 481
15 153
106 271
54 81
59 425
207 323
298 441
17 199
110 390
397 420
108 317
198 210
258 261
101 277
221 379
312 497
353 498
12 205
124 446
210 220
163 374
61 97
66 441
121 148
253 267
272 317
313 318
404 436
115 333
63 143
175 384
216 385
18 400
119 452
265 277
325 328
77 226
416 446
75 153
228 395
176 205
267 323
19 221
131 462
79 272
368 375
230 441
68 113
128 164
260 283
31 231
380 385
223 401
283 452
322 380
33 277
184 446
225 447
183 221
34 98
177 406
125 216
237 457
278 458
80 473
88 334
179 452
327 350
137 226
290 468
269 345
81 294
141 345
42 339
190 237
231 238
281 355
382 407
41 114
46 458
244 473
192 283
285 474
343 452
35 299
384 453
95 350
155 401
58 468
185 243
245 294
336 412
0 463
148 361
96 171
146 288
247 340
338 458
49 355
197 253
53 474
199 299
259 350
391 469
9 175
201 345
5 433
65 484
44 361
252 310
7 479
62 186
153 304
194 305
6 254
345 474
56 371
97 372
157 423
456 490
55 146
60 490
206 315
398 485
57 192
117 243
208 361
59 238
171 479
212 480
160 320
108 130
113 474
261 372
321 423
352 490
164 439
112 249
203 367
263 418
125 484
166 485
12 18
124 259
215 377
256 378
25 253
66 254
318 475
328 439
307 316
18 213
78 264
119 265
210 383
270 434
330 485
22 332
272 480
131 275
79 85
170 203
73 270
422 424
224 439
284 490
325 491
36 388
96 439
75 316
374 383
33 90
186 332
225 260
26 50
86 101
91 445
177 219
237 270
28 96
140 337
43 404
82 332
40 106
45 450
191 275
232 276
292 327
3 224
383 445
94 342
42 152
135 343
195 394
484 497
98 461
244 286
285 287
436 456
35 112
149 399
209 450
47 122
239 292
299 343
51 241
390 461
49 168
150 220
301 389
12 286
53 287
144 405
47 472
102 179
253 348
5 246
354 400
65 297
13 107
385 467
44 174
257 467
255 394
7 292
158 461
306 359
6 67
56 184
9 338
97 185
157 236
308 405
368 456
60 303
151 421
211 472
159 282
250 400
21 348
62 349
260 364
361 416
20 123
111 241
171 292
262 410
303 411
322 461
14 308
74 359
165 477
206 478
16 354
356 422
375 472
15 129
34 179
125 297
166 298
218 488
226 349
28 364
160 483
27 139
32 483
25 66
66 67
118 257
370 478
81 375
29 185
122 376
120 303
231 319
22 145
25 416
324 483
76 381
84 242
134 359
37 426
73 83
133 134
284 303
377 494
416 422
127 319
187 370
228 371
319 489
30 386
90 437
131 438
92 483
128 140
240 381
188 191
279 309
31 207
143 448
182 376
242 427
44 442
140 150
145 494
43 217
103 268
483 489
82 145
194 386
6 335
45 263
105 314
196 432
297 484
3 37
8 381
435 448
94 155
99 499
195 207
286 325
1 341
288 371
59 319
100 320
191 438
251 489
3 387
58 94
89 161
209 263
300 381
52 279
0 89
112 330
203 448
51 54
202 223
12 99
17 443
53 100
256 459
295 387
355 438
47 285
107 336
167 387
198 454
10 403
65 110
156 228
109 382
257 280
348 398
12 449
67 156
210 464
158 274
259 326
350 444
121 392
162 393
360 408
19 115
24 459
63 387
151 234
211 285
271 336
362 454
403 455
21 161
114 352
174 403
72 126
77 470
116 398
176 449
264 296
415 465
19 465
456 466
357 460
68 357
16 167
128 408
169 409
31 475
70 403
130 454
369 470
69 178
181 419
220 347
280 398
32 296
123 414
26 481
81 188
172 306
125 460
273 358
23 183
83 234
234 403
275 404
46 352
25 229
35 193
76 194
136 245
227 363
326 342
37 239
78 240
190 481
138 291
231 482
0 357
41 358
132 476
30 199
90 250
38 60
131 251
241 419
282 420
342 471
144 486
185 487
143 261
96 415
182 189
44 255
393 409
197 497
236 425
296 476
139 492
6 148
97 266
105 127
196 245
349 487
8 194
388 415
200 364
250 481
291 482
2 379
103 431
189 205
1 154
6 498
340 374
400 425
4 425
59 132
100 133
152 323
243 441
191 251
303 492
251 302
344 493
55 390
3 200
154 369
57 436
112 143
203 261
304 313
15 210
106 328
59 482
147 329
207 380
455 482
205 307
17 256
397 477
108 374
407 441
11 441
47 98
71 492
107 149
112 493
198 267
258 318
318 369
409 487
450 488
161 385
109 195
221 436
64 452
402 447
462 498
61 154
66 498
214 396
162 206
272 374
24 272
84 323
404 493
115 390
175 441
216 442
276 493
366 386
77 283
75 210
228 452
19 278
79 329
170 447
68 170
128 221
260 340
320 391
31 288
72 289
380 442
70 216
130 267
223 458
322 437
33 334
373 402
32 109
82 226
123 227
183 278
274 396
26 294
86 345
34 155
177 463
125 273
88 391
46 165
137 283
178 284
288 452
329 453
81 351
100 401
3 468
39 125
37 52
190 294
231 295
281 412
0 170
41 171
93 361
132 289
192 340
95 407
53 181
144 299
92 109
245 351
336 469
47 366
148 418
146 345
44 68
49 412
109 463
48 187
447 458
139 305
199 356
259 407
9 232
50 233
102 423
162 474
201 402
13 351
99 125
104 469
159 176
252 367
250 294
291 295
2 192
62 243
442 464
153 361
194 362
254 413
6 311
56 428
4 238
97 429
243 254
303 305
3 13
94 131
113 181
16 248
208 418
309 470
15 23
20 367
106 141
111 485
166 192
298 311
358 362
17 69
449 480
160 377
108 187
261 429
321 480
11 254
71 305
310 321
263 475
10 29
122 270
161 198
372 418
64 265
413 419
215 434
275 485
316 486
22 39
25 310
66 311
217 480
365 378
425 429
29 429
115 203
175 254
216 255
268 445
276 306
328 496
18 270
119 322
210 440
270 491
168 214
228 265
319 383
360 384
131 332
222 450
230 311
73 327
133 378
31 101
36 445
72 102
75 373
182 270
283 322
374 440
85 337
33 147
126 338
186 389
434 491
184 316
225 317
376 486
188 435
26 107
278 328
80 343
140 394
88 204
200 445
179 322
43 461
82 389
381 456
40 163
193 405
141 215
191 332
232 333
292 384
3 281
42 209
244 343
147 410
95 220
347 441
58 338
89 405
149 456
0 333
148 231
146 158
239 349
49 225
202 467
150 277
241 395
301 446
12 343
53 344
144 462
9 45
201 215
294 406
5 303
354 457
65 354
44 231
156 472
104 282
197 473
6 124
56 241
4 51
157 293
248 411
308 462
19 359
60 360
159 339
16 61
21 405
57 62
169 303
260 421
361 473
111 298
212 350
14 365
74 416
113 344
352 360
11 67
16 411
71 118
164 309
315 478
263 288
414 457
125 354
166 355
226 406
28 421
64 78
124 129
129 473
275 298
25 123
467 468
219 366
269 483
217 293
29 242
122 433
120 360
180 411
18 83
78 134
83 478
119 135
231 376
210 253
330 355
22 202
421 473
132 370
173 371
272 350
76 438
131 145
136 489
134 416
222 263
78 484
133 191
224 309
325 361
36 258
127 376
30 443
85 150
90 494
131 495
186 202
277 320
337 371
87 196
91 315
182 433
242 484
44 499
80 156
140 207
200 258
291 376
332 377
392 428
103 325
423 495
82 202
235 444
6 392
45 320
193 218
196 489
3 94
8 438
195 264
346 433
189 449
1 398
288 428
339 393
399 444
58 151
300 438
341 439
401 490
112 387
101 228
202 280
293 398
353 449
394 450
12 156
53 157
144 275
204 326
295 444
355 495
107 393
5 116
65 167
63 94
156 285
216 336
307 454
255 264
7 162
119 403
67 213
158 331
22 470
61 398
360 465
19 172
151 291
271 393
174 460
72 183
116 455
264 353
262 280
322 331
14 178
74 229
165 347
113 157
225 398
68 414
16 224
128 465
169 466
34 49
125 167
166 168
317 337
28 234
129 286
160 353
280 455
32 353
82 470
118 127
123 471
29 55
122 246
232 414
23 240
372 394
83 291
275 461
41 65
132 183
173 184
285 425
233 235
324 353
35 250
76 251
384 404
136 302
84 112
287 471
328 472
326 399
37 296
185 194
138 348
229 466
41 415
96 122
187 240
338 409
379 410
90 307
241 476
53 425
92 353
331 369
391 420
91 128
182 246
294 487
242 297
333 415
44 312
85 313
145 364
236 482
103 138
235 257
6 205
9 476
50 477
97 323
446 477
289 493
297 354
388 472
99 369
200 421
62 487
98 144
189 262
1 211
340 431
400 482
59 189
100 190
243 498
191 308
251 359
302 324
453 493
203 318
244 319
263 369
106 385
54 195
205 364
17 313
108 431
256 329
316 380
407 498
11 498
448 499
66 205
219 447
167 257
258 375
318 426
101 391
161 442
119 216
311 386
22 283
61 211
121 262
214 453
272 431
313 432
24 329
115 447
63 257
175 498
216 499
174 273
325 442
366 443
75 267
116 268
168 458
267 437
79 386
68 227
16 37
260 397
320 448
380 499
72 346
130 324
322 494
28 47
33 391
371 386
82 283
183 335
274 453
34 212
83 104
88 448
234 273
327 464
46 222
137 340
35 63
40 407
100 458
141 459
227 233
39 182
378 402
438 453
37 109
42 453
190 351
138 161
229 279
192 397
90 120
95 464
150 171
241 289
282 290
92 166
185 357
245 408
148 475
247 454
44 125
49 469
197 367
145 177
236 295
296 346
48 244
199 413
259 464
97 136
50 290
102 480
201 459
349 357
8 64
13 408
151 372
99 182
159 233
291 352
2 249
62 300
153 418
213 469
254 470
1 24
6 368
56 485
4 295
212 244
243 311
303 362
55 260
113 238
206 429
16 305
57 306
208 475
356 373
20 424
106 198
207 250
298 368
358 419
69 316
17 126
11 311
219 260
310 378
411 430
10 86
34 480
122 327
101 204
161 255
221 306
312 424
372 475
64 322
124 373
215 491
163 301
25 367
214 266
365 435
425 486
24 142
29 486
84 193
216 312
18 327
367 481
78 378
210 497
75 80
168 271
228 322
19 148
38 198
131 389
170 317
230 368
73 384
133 435
31 158
72 159
91 209
70 86
182 327
374 497
33 204
126 395
186 446
184 373
87 440
188 492
485 486
177 333
237 384
80 400
140 451
88 261
179 379
290 395
288 322
100 271
141 272
193 462
480 492
191 389
232 390
292 441
94 456
281 282
0 40
93 231
132 159
244 400
192 210
343 379
155 328
347 498
58 395
89 462
144 169
295 338
336 339
0 390
198 405
299 457
247 267
10 354
51 355
338 385
49 282
109 333
150 334
241 452
7 56
12 400
139 175
199 226
9 102
50 103
102 293
253 462
201 272
60 67
63 338
403 406
2 62
62 113
103 114
153 231
306 473
254 283
56 298
405 452
116 349
248 468
19 416
55 73
206 242
266 293
357 411
458 463
117 170
72 427
359 457
14 422
69 129
110 130
113 401
261 299
352 417
16 468
71 175
164 366
263 345
34 293
125 411
166 412
226 463
28 478
64 135
69 479
465 479
215 304
275 355
316 356
118 371
66 181
178 422
217 350
76 145
29 299
328 366
419 484
18 140
23 484
119 192
138 242
270 361
330 412
22 259
41 309
173 428
233 479
35 494
131 202
84 356
134 473
222 320
282 371
323 372
133 248
224 366
284 417
36 315
96 366
127 433
187 484
335 382
38 361
186 259
184 186
277 377
87 253
188 305
279 423
50 371
182 490
140 264
200 315
179 192
43 331
392 485
103 382
82 259
142 310
6 449
45 377
193 275
8 495
94 269
42 79
135 270
195 321
98 388
1 455
288 485
35 39
54 89
59 433
100 434
246 259
397 428
149 326
47 49
52 393
112 444
51 168
101 285
49 95
54 439
109 146
202 337
293 455
301 316
12 213
163 382
204 383
66 449
107 450
253 275
313 326
5 173
65 224
63 151
104 152
156 342
255 321
158 388
61 455
116 162
157 163
248 281
308 332
60 230
151 348
211 399
114 466
169 173
260 291
213 445
72 240
70 167
111 168
171 219
264 410
262 337
322 388
14 235
363 389
74 286
165 404
113 214
225 455
16 281
164 179
315 348
26 245
34 106
125 224
28 291
69 292
88 342
129 343
220 461
32 410
178 235
269 353
81 302
122 303
141 353
172 420
120 230
232 471
180 281
273 472
23 297
46 466
173 241
285 482
233 292
76 308
136 359
326 456
138 405
0 471
36 128
437 472
127 246
247 348
338 466
379 467
38 174
150 415
92 410
240 308
331 426
391 477
50 184
91 185
182 303
333 472
44 369
85 370
145 421
7 487
43 144
194 313
235 314
6 262
105 241
196 359
297 411
99 426
159 477
398 493
57 200
98 201
189 319
249 370
340 488
59 246
152 437
251 416
113 482
154 483
302 381
300 308
112 257
263 426
304 427
106 442
54 252
166 493
207 494
205 421
12 26
163 195
316 437
295 314
355 365
107 263
198 381
10 330
101 448
161 499
7 32
119 273
210 391
311 443
121 319
272 488
19 42
24 386
84 437
151 161
211 212
73 278
21 88
114 279
265 448
77 397
116 325
176 376
314 340
38 442
74 99
79 443
126 289
376 437
68 284
417 438
128 335
169 336
188 386
26 58
31 402
130 381
218 228
429 448
28 104
33 448
181 346
129 156
280 325
32 223
371 443
123 341
183 392
26 408
81 115
141 166
273 285
364 403
424 454
23 110
135 351
83 161
234 330
46 279
137 397
285 295
76 121
347 392
378 459
138 218
229 336
0 284
30 126
90 177
150 228
282 347
53 295
185 414
245 465
143 188
146 459
145 234
7 300
48 301
139 419
6 75
9 346
97 193
248 362
349 414
60 311
13 465
151 429
159 290
200 291
252 481
250 408
2 306
351 460
62 357
153 475
1 81
4 352
212 301
243 368
303 419
55 317
206 486
305 465
16 362
117 414
356 430
15 137
20 481
106 255
54 65
166 306
207 307
205 234
298 425
69 373
17 183
110 374
160 491
108 301
71 419
310 435
10 143
122 384
120 311
312 481
23 378
64 379
124 430
163 358
27 497
25 424
61 81
66 425
121 132
272 301
76 389
84 250
464 471
175 368
276 420
18 384
73 91
77 210
416 430
168 328
267 307
38 255
79 256
230 425
73 441
128 148
279 317
31 215
91 266
182 384
85 451
126 452
87 497
235 395
334 374
26 221
237 441
88 318
179 436
327 334
46 92
137 210
290 452
288 379
329 380
40 277
389 431
100 328
141 329
191 446
232 447
292 498
3 395
39 52
42 323
190 221
281 339
341 390
382 391
93 288
192 267
285 458
54 333
95 334
155 385
394 401
53 108
58 452
204 277
295 395
336 396
47 293
396 447
107 344
198 462
146 272
239 463
247 324
10 411
348 406
7 113
12 457
48 114
139 232
259 334
350 452
102 350
162 401
5 417
65 468
13 278
63 395
104 396
151 242
252 294
403 463
2 119
7 463
62 170
153 288
213 339
254 340
56 355
4 165
116 406
157 407
19 473
55 130
60 474
456 474
206 299
357 468
57 176
169 417
208 345
20 294
70 411
410 479
69 186
108 114
113 458
220 355
352 474
11 181
123 422
71 232
164 423
263 402
26 489
122 197
125 468
64 192
215 361
316 413
25 237
178 479
29 356
120 474
175 181
268 372
328 423
326 350
138 299
231 490
229 417
270 418
330 469
41 366
132 484
173 485
38 68
131 259
222 377
170 187
282 428
73 254
133 305
224 423
284 474
96 423
127 490
335 439
314 316
38 418
126 265
184 243
277 434
376 413
87 310
188 362
279 480
91 429
177 203
297 305
388 423
80 270
140 321
88 131
332 491
43 388
103 439
189 213
142 367
381 383
4 433
40 90
45 434
100 141
105 485
193 332
191 259
232 260
251 310
292 311
3 208
443 480
42 136
154 377
195 378
286 496
57 444
93 101
98 445
244 270
395 439
246 316
110 455
397 485
89 332
149 383
209 434
448 450
47 106
52 450
107 157
148 158
198 275
299 327
390 445
109 203
202 394
12 270
163 439
204 440
102 163
313 383
5 230
65 281
13 91
63 208
104 209
156 399
216 450
257 451
255 378
67 327
158 445
306 343
56 168
116 219
267 388
308 389
19 286
60 287
151 405
170 455
211 456
21 332
361 400
20 107
70 224
223 466
171 276
264 467
262 394
14 292
363 446
74 343
164 236
26 302
375 456
125 281
218 472
226 333
28 348
88 399
129 400
27 123
32 467
25 50
118 241
238 343
217 220
329 461
370 462
81 359
141 410
172 477
180 338
83 405
382 472
41 179
173 298
233 349
37 410
138 462
224 236
284 287
377 478
36 185
96 236
187 354
30 370
90 421
38 231
150 472
236 246
240 365
50 241
91 242
143 432
182 360
44 426
80 83
104 477
145 478
291 303
43 201
103 252
142 180
235 371
254 421
4 246
97 437
105 298
297 468
94 139
154 190
57 257
98 258
309 478
1 325
59 303
110 268
58 78
89 145
209 247
302 438
401 417
112 314
304 484
10 37
15 381
106 499
54 309
202 207
205 478
293 325
353 376
413 427
12 83
163 252
204 253
316 494
295 371
355 422
66 319
107 320
198 438
258 489
5 43
10 387
65 94
257 264
307 381
348 382
119 330
67 140
158 258
22 397
61 325
19 99
84 494
170 268
271 320
362 438
21 145
463 490
72 110
77 454
75 381
223 279
176 433
264 280
314 397
415 449
14 105
38 499
74 156
165 274
188 443
26 115
31 459
70 387
130 438
218 285
278 336
369 454
28 161
88 212
181 403
220 331
280 382
82 397
123 398
183 449
26 465
81 172
172 290
232 341
273 342
364 460
23 167
135 408
83 218
137 454
136 229
134 156
227 347
287 398
39 296
89 413
37 223
190 465
138 275
229 393
0 341
41 342
239 357
30 183
90 234
150 285
241 403
282 404
301 454
53 352
143 245
294 414
335 415
13 172
104 290
197 481
48 358
139 476
6 132
345 352
157 301
105 111
248 419
196 229
349 471
60 368
151 486
99 296
250 465
2 363
62 414
1 138
340 358
59 116
152 307
212 358
251 286
55 374
113 352
154 353
11 75
16 419
57 420
112 127
117 471
263 296
356 487
455 466
54 122
207 364
205 291
298 482
64 86
17 240
69 430
110 431
11 425
71 476
107 133
219 374
310 492
318 353
10 200
29 250
122 441
221 420
64 436
119 143
124 487
210 261
311 313
22 210
402 431
25 481
462 482
173 379
121 189
76 446
84 307
175 425
73 148
114 149
174 200
265 318
77 267
416 487
75 194
168 385
228 436
176 246
267 364
126 159
230 482
469 498
73 498
128 205
188 256
279 374
31 272
70 200
182 441
130 251
223 442
283 493
181 216
373 386
32 93
82 210
235 452
274 380
334 431
26 278
86 329
177 447
88 375
286 390
327 391
137 267
1 406
288 436
40 334
100 385
339 401
3 452
39 109
42 380
190 278
341 447
401 498
0 154
93 345
192 324
95 391
155 442
394 458
144 283
204 334
295 452
336 453
47 350
148 402
146 329
44 52
109 447
257 345
7 170
48 171
259 391
9 216
102 407
201 386
5 474
60 181
13 335
63 452
99 109
104 453
159 160
442 448
213 396
254 397
56 412
4 222
111 119
116 463
157 464
14 186
454 458
206 356
305 335
16 232
57 233
117 284
208 402
70 468
106 125
111 469
226 227
17 53
110 244
160 361
108 171
220 412
321 464
32 361
11 238
123 479
71 289
164 480
29 63
34 407
120 181
161 182
221 233
312 351
372 402
124 300
275 469
22 23
118 485
173 192
217 464
76 259
24 69
29 413
84 120
115 187
175 238
328 480
276 290
326 407
18 254
367 408
78 305
138 356
270 475
41 423
77 80
168 198
228 249
319 367
379 418
38 125
79 126
131 316
222 434
170 244
230 295
73 311
133 362
224 480
31 85
91 136
96 480
182 254
223 255
335 496
283 306
314 373
374 424
85 321
38 475
434 475
186 373
184 300
277 491
376 470
87 367
235 265
188 419
386 434
45 141
50 485
86 142
91 486
177 260
237 311
80 327
200 429
43 445
98 152
189 270
142 424
290 322
4 490
40 147
45 491
100 198
193 389
441 491
251 367
292 368
42 193
154 434
195 435
93 158
244 327
304 378
147 394
95 204
207 445
246 373
149 440
107 214
198 332
239 333
299 384
10 281
49 209
301 430
12 327
163 496
61 219
9 29
102 220
162 271
253 389
313 440
65 338
13 148
104 266
255 435
7 333
114 230
67 384
153 158
306 400
366 451
56 225
116 276
157 277
176 327
308 446
19 343
60 344
16 45
21 389
169 287
260 405
208 215
320 456
20 164
171 333
14 349
74 400
160 174
220 225
373 467
11 51
71 102
164 293
226 390
28 405
88 456
129 457
215 231
275 282
426 451
25 107
118 298
178 349
238 400
269 467
217 277
81 416
29 226
141 467
120 344
180 395
18 67
23 411
42 461
78 118
83 462
138 169
231 360
229 287
270 288
41 236
421 457
233 406
35 421
95 472
136 473
134 400
222 247
433 467
37 467
92 174
185 365
36 242
96 293
127 360
187 411
85 134
145 185
236 303
277 304
48 252
87 180
240 422
143 489
242 468
13 416
140 191
200 242
351 411
392 412
142 237
254 478
6 376
4 303
97 494
105 355
193 202
196 473
344 371
3 78
8 422
435 489
94 196
154 247
195 248
346 417
57 314
189 433
1 382
59 360
207 258
298 376
339 377
399 428
110 325
58 135
89 202
108 252
149 253
302 495
11 319
401 474
112 371
203 489
10 94
101 212
54 366
161 263
202 264
293 382
17 484
204 310
66 376
107 377
214 274
406 444
10 444
29 494
65 151
63 78
156 269
216 320
307 438
367 489
158 315
22 454
61 382
79 207
170 325
271 377
73 392
21 202
114 393
72 167
70 94
223 336
176 490
264 337
314 454
262 264
14 162
126 403
74 213
225 382
68 398
26 172
70 444
125 151
130 495
278 393
28 218
88 269
129 270
181 460
468 490
179 387
280 439
32 337
82 454
123 455
81 229
29 39
141 280
172 347
120 157
232 398
180 208
135 465
83 275
41 49
132 167
192 218
285 409
324 337
35 234
384 388
95 285
136 286
134 213
227 404
39 353
37 280
336 347
0 398
148 296
239 414
30 240
90 291
439 445
150 342
48 65
139 183
92 337
331 353
50 111
201 280
242 281
294 471
13 229
333 399
393 450
104 347
145 348
236 466
7 414
43 71
48 415
103 122
345 409
386 410
9 460
45 117
97 307
105 168
157 358
446 461
248 476
196 286
289 477
60 425
8 235
99 353
398 420
57 127
62 471
98 128
189 246
208 296
249 297
309 348
1 195
340 415
400 466
111 363
59 173
152 364
212 415
243 482
251 343
55 431
110 138
352 425
11 132
52 133
453 477
112 184
203 302
304 354
166 420
205 348
69 487
17 297
110 488
407 482
11 482
219 431
167 241
217 358
258 359
29 307
120 425
161 426
221 477
23 492
119 200
210 318
311 370
22 267
214 437
272 415
84 364
175 482
323 380
18 498
114 206
265 375
325 426
75 251
168 442
176 303
79 370
170 488
188 313
320 432
380 483
91 380
182 498
223 499
80 221
28 31
33 375
181 273
179 200
332 442
373 443
32 150
82 267
142 318
183 319
274 437
334 488
135 278
83 88
195 329
286 447
327 448
46 206
288 493
40 391
100 442
339 458
378 386
37 93
190 335
281 453
93 402
192 381
51 176
30 53
95 448
241 273
301 324
144 340
92 150
204 391
245 392
493 494
107 458
148 459
146 386
13 42
445 453
49 453
104 160
145 161
257 402
236 279
296 330
7 227
48 228
447 499
158 396
259 448
61 463
9 273
102 464
248 289
60 238
8 48
151 356
211 407
159 217
250 335
2 233
62 284
1 8
20 58
452 469
56 469
111 176
152 177
212 228
303 346
14 243
55 244
113 222
266 464
16 289
164 187
117 341
208 459
356 357
20 408
106 182
317 402
69 300
17 110
418 454
160 418
108 228
220 469
261 470
11 295
219 244
310 362
370 413
411 414
34 464
122 311
161 239
273 480
372 459
64 306
124 357
215 475
22 80
27 424
25 351
214 250
76 316
29 470
115 244
175 295
276 347
326 464
18 311
367 465
41 480
319 424
30 321
379 475
131 373
79 183
222 491
170 301
230 352
92 418
432 486
31 142
36 486
91 193
182 311
242 362
283 363
374 481
85 378
186 430
48 496
235 322
386 491
427 492
86 199
177 317
237 368
297 419
140 435
189 327
142 481
290 379
1 276
288 306
100 255
193 446
191 373
251 424
94 440
42 250
154 491
93 215
304 435
343 363
54 260
95 261
147 451
155 312
205 429
144 153
295 322
47 220
148 272
487 492
198 389
258 440
299 441
10 338
51 339
49 266
109 317
7 40
12 384
67 91
158 209
199 210
259 261
61 276
9 86
102 277
162 328
354 498
65 395
13 205
211 220
255 492
114 287
62 97
213 266
306 457
56 282
116 333
19 400
55 57
79 451
266 277
357 395
16 102
21 446
169 344
72 411
20 221
359 441
70 338
111 339
69 113
129 164
220 282
321 334
352 401
412 452
11 108
123 349
164 350
26 416
34 277
414 498
125 395
23 118
28 462
275 339
118 355
178 406
238 457
217 334
81 473
227 298
180 452
268 299
328 350
419 468
78 175
138 226
231 417
229 344
270 345
41 293
132 411
192 462
233 463
30 134
35 478
222 304
342 406
92 231
185 422
96 350
127 417
30 484
85 191
186 243
236 360
277 361
337 412
240 479
50 355
13 473
80 197
140 248
200 299
291 417
351 468
43 315
142 294
1 89
6 433
4 360
45 361
105 412
193 259
243 376
3 135
94 253
42 63
154 304
286 423
305 473
346 474
57 371
1 439
54 73
59 417
147 264
205 242
298 433
358 484
399 485
17 191
58 192
149 310
209 361
300 479
11 376
52 377
198 202
411 495
10 151
15 495
51 152
101 269
109 130
293 439
353 490
64 387
12 197
66 433
253 259
5 157
404 428
464 479
63 135
156 326
216 377
307 495
255 305
119 444
67 254
56 95
61 439
116 146
121 490
176 197
267 315
308 316
79 264
459 485
211 383
73 449
21 259
114 450
320 326
223 393
171 203
262 321
14 219
126 460
74 270
165 388
32 44
123 162
274 331
315 332
26 229
375 383
34 90
226 260
317 378
80 465
28 275
88 326
129 327
179 444
280 496
178 219
329 388
81 286
141 337
232 455
39 60
83 332
382 399
46 450
132 224
192 275
233 276
95 342
134 270
37 337
377 405
0 455
36 112
148 353
437 456
247 332
338 450
90 348
150 399
53 466
139 240
92 394
391 461
50 168
201 337
242 338
13 286
44 353
104 404
145 405
7 471
48 472
103 179
194 297
254 348
345 466
97 364
157 415
105 225
55 138
8 292
60 482
99 410
159 461
57 184
117 235
249 354
1 252
20 302
340 472
111 420
212 472
110 195
108 122
113 466
302 365
352 482
112 241
203 359
263 410
106 426
166 477
64 200
17 354
108 472
256 370
66 246
167 298
217 415
258 416
318 467
29 364
120 482
161 483
119 257
210 375
158 185
22 324
61 252
121 303
272 472
19 26
24 370
84 421
115 488
170 195
323 437
73 262
21 72
224 431
265 432
325 483
36 380
77 381
75 308
176 360
38 426
79 427
126 273
165 201
277 442
68 268
417 422
188 370
320 489
31 386
86 93
91 437
177 211
130 365
369 381
80 278
33 432
429 432
181 330
332 499
82 324
183 376
274 494
45 442
81 99
232 268
292 319
383 437
424 438
42 144
484 489
98 453
137 381
436 448
35 104
95 155
227 274
347 376
89 340
37 150
438 494
190 392
0 268
148 166
192 438
51 233
431 454
30 110
49 160
241 330
301 381
342 382
53 279
144 397
245 449
143 172
146 443
354 392
385 459
13 99
44 166
104 217
197 408
257 459
7 284
67 335
158 453
199 454
9 330
157 228
60 295
8 105
99 223
159 274
252 465
250 392
2 290
153 459
20 115
111 233
264 475
212 285
14 300
55 301
363 454
113 279
206 470
305 449
117 398
356 414
166 290
69 357
17 167
129 408
108 285
32 475
11 352
71 403
219 301
217 228
310 419
370 470
29 177
122 368
161 296
221 347
312 465
64 363
83 413
22 137
61 65
214 307
365 476
136 424
84 234
39 491
18 368
73 75
78 419
224 244
377 486
127 311
168 312
228 363
30 378
38 239
131 430
68 81
92 475
128 132
279 301
31 199
91 250
430 470
182 368
33 245
145 486
184 414
423 430
82 137
142 188
183 189
235 379
274 307
334 358
45 255
86 256
177 374
237 425
297 476
80 441
135 148
195 199
286 317
98 266
46 76
478 487
189 384
290 436
288 363
389 415
100 312
191 430
94 497
149 204
281 323
401 425
0 81
93 272
244 441
304 492
343 420
95 318
202 215
155 369
205 486
246 487
144 210
204 261
245 262
295 379
355 430
47 277
396 431
107 328
198 446
258 497
299 498
10 395
49 323
109 374
197 221
408 441
67 148
158 266
199 267
259 318
9 143
102 334
5 401
60 108
65 452
63 379
151 226
211 277
252 278
2 103
114 344
62 154
67 498
405 493
116 390
176 441
264 288
19 457
55 114
456 458
357 452
169 401
208 329
20 278
359 498
70 395
410 463
14 463
129 221
160 288
220 339
321 391
352 458
71 216
122 181
125 452
273 350
364 468
23 175
124 227
275 396
27 294
25 221
118 412
136 237
227 355
268 356
328 407
39 304
18 181
138 283
231 474
229 401
41 350
132 468
38 52
131 243
222 361
282 412
92 288
185 479
224 407
284 458
36 356
96 407
127 474
333 350
85 248
145 299
186 300
236 417
184 227
277 418
337 469
48 366
139 484
87 294
45 68
50 412
177 187
196 237
289 428
80 254
99 304
291 474
2 371
43 372
189 197
142 351
340 366
45 418
152 315
100 125
105 469
193 316
191 243
55 382
3 192
443 464
154 361
195 362
52 84
57 428
117 479
304 305
395 423
59 474
147 321
155 182
205 299
246 300
298 490
110 439
58 249
397 469
108 366
149 367
52 434
107 141
112 485
198 259
299 311
390 429
101 326
450 480
109 187
12 254
163 423
311 321
402 439
61 146
66 490
102 147
162 198
214 388
253 316
313 367
5 214
65 265
404 485
63 192
216 434
18 449
67 311
158 429
116 203
267 372
308 373
19 270
368 424
79 321
170 439
271 491
68 162
21 316
320 383
72 281
20 91
130 259
171 260
264 451
322 429
165 445
32 101
123 219
183 270
274 388
315 389
375 440
86 337
34 147
177 455
125 265
28 332
88 383
327 399
27 107
25 34
329 445
141 394
172 461
231 287
41 163
192 332
233 333
95 399
37 394
185 292
336 461
377 462
36 169
96 220
146 337
187 338
247 389
51 477
150 456
48 179
92 451
199 348
240 349
331 467
102 415
143 416
201 394
13 343
44 410
99 117
104 461
145 462
2 184
103 236
194 354
254 405
6 303
157 472
105 282
243 246
196 400
55 195
8 349
94 123
99 467
154 174
305 343
57 241
117 292
111 477
152 478
298 303
17 61
110 252
149 180
261 421
209 231
302 422
11 246
164 488
112 298
203 416
10 21
15 365
101 139
106 483
353 360
64 257
12 67
17 411
163 236
256 427
316 478
355 406
66 303
167 355
217 472
5 27
29 421
65 78
115 195
18 262
210 432
158 242
22 381
121 360
420 427
19 83
84 478
170 252
211 253
230 303
271 304
362 422
422 473
73 319
21 129
133 370
174 371
224 488
265 489
36 437
77 438
33 139
74 140
126 330
186 381
165 258
277 499
225 309
188 427
427 443
31 443
91 494
218 269
278 320
369 438
80 335
28 145
33 489
88 196
181 387
179 314
280 366
142 432
141 207
172 274
232 325
292 376
383 494
424 495
42 201
135 392
137 438
285 336
35 161
95 212
136 213
134 140
37 207
190 449
146 150
192 495
239 341
299 392
51 290
90 218
202 459
150 269
241 387
342 439
144 454
102 228
201 207
354 449
13 156
44 223
197 465
7 341
67 392
6 116
97 234
157 285
248 403
196 213
308 454
60 352
8 162
151 470
99 280
250 449
2 347
208 223
361 465
20 172
340 342
111 290
152 291
212 342
243 409
303 460
11 59
164 301
356 471
15 178
106 296
166 347
226 398
205 275
64 70
17 224
215 239
118 306
66 116
167 168
217 285
310 476
29 234
409 455
221 404
18 75
23 419
421 465
25 465
462 466
173 363
121 173
233 414
272 342
76 430
115 358
18 425
474 476
73 132
78 476
133 183
174 184
224 301
265 302
36 250
77 251
228 420
30 435
126 143
131 487
277 312
230 466
469 482
68 138
128 189
188 240
279 358
31 256
91 307
182 425
130 235
283 477
80 148
33 302
85 492
181 200
184 471
332 369
392 420
423 487
82 194
142 245
235 436
334 415
45 312
86 313
177 431
196 481
237 482
80 498
135 205
195 256
286 374
327 375
346 425
98 323
46 133
189 441
137 251
290 493
1 390
288 420
40 318
389 472
100 369
191 487
339 385
3 436
89 210
281 380
341 431
401 482
0 138
93 329
244 498
54 374
202 272
155 426
293 390
394 442
17 492
144 267
204 318
47 334
107 385
146 313
5 108
49 380
109 431
197 278
257 329
255 256
408 498
7 154
67 205
199 324
259 375
350 493
9 200
102 391
5 458
60 165
151 283
211 334
252 335
250 262
2 160
114 401
62 211
213 380
56 396
116 447
264 345
14 170
55 171
165 339
113 149
206 340
305 319
68 406
16 216
169 458
218 350
69 227
129 278
468 498
160 345
220 396
280 447
321 448
32 345
123 463
29 47
34 391
122 238
273 407
312 335
23 232
124 284
215 402
275 453
27 351
25 278
173 176
76 243
24 53
84 104
115 171
175 222
268 413
328 464
39 361
326 391
18 238
229 458
127 181
228 233
319 351
379 402
439 453
38 109
131 300
222 418
230 279
133 346
224 464
31 69
182 238
242 289
283 290
335 480
333 407
393 458
85 305
145 356
236 474
184 284
277 475
43 79
48 423
87 351
235 249
386 418
45 125
50 469
86 126
105 176
196 294
297 346
8 243
388 464
140 362
200 413
98 136
249 305
1 203
340 423
4 474
40 131
243 490
55 439
3 249
154 418
302 316
57 485
93 142
304 362
395 480
147 378
155 239
205 356
246 357
17 305
58 306
149 424
209 475
47 147
52 491
198 316
258 367
299 368
202 435
311 378
61 203
253 373
313 424
65 322
115 439
63 249
21 23
67 368
265 383
306 384
366 435
77 332
116 260
267 429
308 430
19 327
368 481
79 378
68 219
16 29
21 373
260 389
320 440
361 441
380 491
72 338
359 368
70 265
130 316
171 317
322 486
373 451
32 158
371 378
71 86
183 327
26 343
28 389
327 456
25 91
118 282
178 333
238 384
81 400
141 451
180 379
39 174
42 445
78 102
281 461
229 271
41 220
421 441
132 338
192 389
233 390
30 61
90 112
95 456
134 384
433 451
37 451
92 158
245 400
148 467
96 277
90 462
145 169
236 287
337 339
48 236
139 354
87 164
199 405
102 472
143 473
201 451
289 298
8 56
13 400
44 467
140 175
252 416
200 226
2 241
351 395
103 293
194 411
6 360
105 339
344 355
8 406
94 180
154 231
305 400
346 401
117 349
208 467
20 416
207 242
358 411
399 412
17 118
110 309
108 236
149 237
209 288
300 406
11 303
112 355
203 473
10 78
15 422
101 196
161 247
202 248
293 366
312 416
353 417
64 314
17 468
124 365
27 432
355 463
66 360
214 258
167 412
365 427
406 428
24 134
115 252
156 253
268 494
216 304
276 355
307 422
367 473
119 371
210 489
77 145
360 433
19 140
24 484
79 191
170 309
230 360
271 361
73 376
21 186
174 428
36 494
72 151
77 495
75 422
223 320
374 489
33 196
74 197
126 387
186 438
165 315
68 382
188 484
26 156
86 207
177 325
125 135
130 479
278 377
369 495
80 392
28 202
88 253
181 444
468 474
179 371
137 145
142 489
183 490
141 264
480 484
172 331
292 433
135 449
83 259
93 223
46 377
132 151
137 495
285 393
343 371
35 218
136 270
155 320
246 438
287 439
347 490
58 387
89 454
37 264
0 382
148 280
146 207
338 377
90 275
301 495
48 49
199 218
331 337
102 285
50 95
201 264
294 455
13 213
44 280
393 434
104 331
2 54
7 398
43 55
67 449
194 224
254 275
345 393
97 291
157 342
105 152
248 460
196 270
99 337
159 388
398 404
2 404
21 454
57 111
62 455
249 281
309 332
20 229
340 399
359 449
400 450
59 157
152 348
55 415
74 465
110 122
113 393
261 291
352 409
412 460
11 116
16 460
164 358
106 353
166 404
226 455
64 127
69 471
124 178
215 296
316 348
27 245
118 363
217 342
318 394
29 291
122 482
180 460
221 461
268 307
210 302
270 353
330 404
22 251
173 420
121 230
233 471
115 415
18 482
133 240
224 358
265 359
77 308
127 425
75 235
168 426
228 477
186 251
277 369
87 245
128 246
188 297
279 415
31 313
91 364
80 205
33 359
332 426
43 323
392 477
142 302
183 303
45 369
86 370
105 420
193 267
8 487
135 262
234 241
387 483
46 190
137 308
40 375
339 442
399 493
3 493
58 200
149 318
190 319
281 437
93 386
51 160
49 87
202 329
293 447
241 257
394 499
53 206
144 324
204 375
295 493
167 493
146 370
5 165
385 386
13 26
44 93
104 144
109 488
197 335
257 386
255 313
296 314
7 211
158 380
199 381
259 432
61 447
121 498
162 499
459 493
151 340
159 201
62 268
20 42
56 453
111 160
171 211
264 402
262 329
14 227
74 278
266 448
68 463
16 273
164 171
15 48
106 166
166 217
226 268
69 284
129 335
160 402
220 453
118 176
310 346
29 104
122 295
120 222
180 273
221 274
312 392
23 289
372 443
83 340
124 341
27 408
173 233
233 284
324 402
76 300
115 228
134 278
268 470
39 418
326 448
18 295
37 345
78 346
138 397
36 120
41 464
127 238
187 289
228 290
319 408
30 305
90 356
38 166
131 357
230 336
92 402
133 403
240 300
31 126
143 367
182 295
242 346
333 464
85 362
145 413
43 136
48 480
87 408
235 306
386 475
45 182
196 351
237 352
297 403
99 418
43 486
290 363
340 480
288 290
381 481
40 188
100 239
193 430
191 357
251 408
55 496
3 306
94 424
302 373
52 198
0 8
93 199
244 368
304 419
54 244
147 435
207 486
246 414
58 363
108 480
149 481
295 306
107 255
167 306
299 425
101 440
109 301
202 492
7 24
12 368
158 193
311 435
350 363
61 260
9 70
121 311
253 430
24 378
65 379
115 496
63 306
151 153
156 497
21 80
62 81
153 199
213 250
306 441
366 492
77 389
56 266
267 486
14 40
19 384
74 91
79 435
165 209
16 86
21 430
169 328
260 446
320 497
359 425
130 373
171 374
218 220
33 440
69 97
74 441
129 148
160 215
220 266
280 317
32 215
371 435
412 436
472 487
71 143
183 384
26 400
86 451
34 261
172 225
125 379
273 277
364 395
424 446
28 446
83 153
88 497
25 148
118 339
178 390
238 441
40 456
76 113
81 457
136 164
378 451
37 158
78 159
231 401
229 328
330 380
93 467
41 277
233 447
30 118
35 462
90 169
134 441
222 288
342 390
92 215
185 406
245 457
143 180
96 334
146 451
335 350
236 344
296 395
337 396
48 293
139 411
240 463
50 339
289 355
8 113
140 232
200 283
351 452
43 299
103 350
194 468
4 344
105 396
193 243
243 360
55 309
3 119
8 463
94 237
154 288
305 457
346 458
20 473
106 247
54 57
147 248
205 226
358 468
399 469
110 366
108 293
300 463
71 411
112 412
411 479
10 135
15 479
109 114
353 474
12 181
124 422
61 73
66 417
121 124
24 191
65 192
63 119
276 412
307 479
18 376
119 428
22 495
168 320
116 130
121 474
267 299
360 490
19 197
79 248
271 418
73 433
133 484
174 485
471 479
70 135
75 479
283 428
322 356
126 444
74 254
186 495
184 422
225 423
68 439
123 146
183 197
274 315
315 316
334 366
26 213
86 264
466 485
218 383
237 433
80 449
88 310
280 480
27 34
137 202
290 444
238 254
329 372
40 269
389 423
141 321
232 439
292 490
42 315
190 213
281 331
234 485
93 280
41 90
46 434
132 208
192 259
285 450
343 428
35 275
384 429
95 326
287 496
58 444
37 321
245 270
336 388
396 439
437 440
148 337
96 147
239 455
187 265
247 316
51 404
49 331
90 332
150 383
48 106
53 450
139 224
391 445
102 342
143 343
451 496
201 321
5 409
13 270
393 491
104 388
252 286
7 455
103 163
153 280
194 281
254 332
345 450
56 347
4 157
97 348
157 399
105 209
60 466
8 276
206 291
159 445
398 461
117 219
309 389
59 214
171 455
212 456
14 471
302 349
352 466
71 224
164 415
263 394
15 292
106 410
166 461
64 184
256 354
316 405
219 472
217 399
318 451
29 348
115 122
120 466
268 364
18 189
119 241
270 410
330 461
22 308
173 477
121 287
272 456
24 354
222 369
323 421
73 246
21 56
174 298
224 415
265 416
284 466
325 467
77 365
38 410
126 257
186 308
277 426
225 236
87 302
128 303
188 354
31 370
91 421
28 72
140 313
88 123
181 314
179 241
332 483
43 380
82 308
142 359
40 82
45 426
105 477
193 324
383 421
42 128
135 319
286 488
98 437
46 247
137 365
35 88
40 432
95 139
100 483
155 190
339 499
287 309
347 360
378 427
438 478
37 134
149 375
190 376
52 442
0 252
148 150
299 319
51 217
390 437
54 488
90 145
301 365
12 262
53 263
204 432
102 155
143 156
294 325
5 222
354 376
65 273
13 83
385 443
104 201
257 443
255 370
296 371
7 268
67 319
158 437
306 335
259 489
97 161
157 212
248 330
349 382
60 279
211 448
159 258
62 325
153 443
213 494
111 217
171 268
262 386
303 387
363 438
74 335
165 453
206 454
164 228
356 398
15 105
106 223
166 274
226 325
129 392
160 459
27 115
32 459
25 42
71 387
118 233
219 285
269 402
310 403
29 161
122 352
120 279
180 330
124 398
22 121
27 465
173 290
233 341
324 459
365 460
76 357
24 167
136 408
175 336
39 475
37 402
138 454
377 470
36 177
77 178
187 346
228 347
319 465
30 362
38 223
131 414
92 459
331 475
279 285
31 183
143 424
91 234
430 454
182 352
242 403
85 419
184 398
87 465
142 172
235 363
237 409
297 460
8 357
99 475
140 476
286 301
98 250
46 60
290 420
1 317
59 295
100 296
152 486
193 487
191 414
251 465
58 70
89 137
94 481
149 188
302 430
52 255
93 256
112 306
244 425
15 373
106 491
54 301
147 492
205 470
353 368
12 75
53 76
58 420
144 194
256 435
204 245
295 363
355 414
107 312
167 363
198 430
5 35
10 379
65 86
101 497
156 204
109 358
197 205
348 374
408 425
7 81
12 425
67 132
158 250
311 492
350 420
61 317
121 368
162 369
253 487
24 435
65 436
63 363
151 210
211 261
271 312
362 430
21 137
174 379
265 497
213 307
116 374
176 425
415 441
19 441
165 266
266 318
357 436
68 333
16 143
21 487
417 487
72 452
359 482
70 379
130 430
171 431
470 498
129 205
160 272
220 323
321 375
32 272
371 492
123 390
71 200
183 441
26 457
81 164
122 165
172 282
125 436
364 452
23 159
275 380
27 278
46 328
25 205
137 446
178 447
238 498
76 170
227 339
328 391
39 288
37 215
78 216
190 457
138 267
231 458
229 385
41 334
132 452
30 175
90 226
134 498
92 272
185 463
284 442
143 237
145 283
184 211
296 452
48 350
139 468
9 395
289 412
349 463
99 288
140 289
200 340
250 457
291 458
2 355
43 356
59 108
105 453
152 299
193 300
191 227
55 366
3 176
94 294
443 448
154 345
57 412
356 479
15 186
395 407
455 458
147 305
205 283
17 232
108 350
209 402
11 417
71 468
107 125
112 469
167 176
198 243
258 294
318 345
10 192
409 463
221 412
64 428
12 238
163 407
462 474
61 130
66 474
121 181
162 182
214 372
313 351
24 248
65 249
404 469
63 176
216 418
276 469
18 433
119 485
174 192
265 310
306 311
77 259
416 479
457 480
56 136
168 377
176 238
267 356
19 254
368 408
79 305
170 423
469 490
68 146
21 300
169 198
260 316
320 367
31 264
380 418
70 192
130 243
171 244
322 413
33 310
74 311
184 479
225 480
373 378
32 85
123 203
183 254
26 270
375 424
34 131
177 439
278 491
28 316
179 485
387 434
137 259
329 429
389 480
81 327
172 445
39 101
42 372
281 388
93 337
41 147
192 316
35 332
384 486
95 383
155 434
37 378
185 276
245 327
336 445
47 342
0 496
396 496
437 497
96 204
146 321
51 461
338 491
49 388
90 389
109 439
48 163
240 333
331 451
9 208
143 400
201 378
5 466
13 327
44 394
99 101
104 445
250 270
2 168
103 220
153 337
56 404
4 214
97 405
157 456
55 179
94 107
154 158
305 327
117 276
208 394
309 446
106 117
59 271
111 461
110 236
449 456
261 405
209 215
321 456
11 230
71 281
112 282
164 472
263 451
101 123
106 467
64 241
12 51
256 411
316 462
27 359
118 477
24 61
29 405
115 179
156 180
216 231
276 282
18 246
78 297
119 298
270 467
22 365
168 190
121 344
131 308
222 426
170 236
133 354
174 355
224 472
36 421
75 349
223 247
283 298
314 365
374 416
38 467
126 314
184 292
376 462
87 359
128 360
86 134
91 478
177 252
237 303
278 304
369 422
80 319
28 129
140 370
88 180
429 473
43 437
82 365
142 416
381 432
482 484
141 191
172 258
232 309
383 478
94 375
42 185
135 376
195 427
98 494
46 304
137 422
285 320
35 145
40 489
95 196
147 386
155 247
246 365
347 417
58 314
378 484
89 381
149 432
190 433
47 155
0 309
52 499
148 207
49 201
109 252
150 253
202 443
53 320
144 438
204 489
9 21
102 212
162 263
253 381
5 279
65 330
13 140
44 207
156 448
7 325
158 494
6 100
56 217
4 27
9 371
97 218
157 269
308 438
60 336
159 315
361 449
20 156
359 376
171 325
14 341
363 495
74 392
113 320
11 43
315 454
263 264
414 433
106 280
125 330
166 331
226 382
69 398
215 223
66 100
178 341
217 269
318 321
81 408
29 218
180 387
18 59
23 403
78 110
210 229
270 280
421 449
233 398
272 326
76 414
84 275
222 239
37 459
73 116
78 460
224 285
416 455
127 352
228 404
30 419
90 470
38 280
126 127
428 465
188 224
279 342
31 240
91 291
242 460
80 132
140 183
181 184
184 455
43 250
392 404
423 471
82 178
142 229
97 486
45 296
105 347
193 194
196 465
237 466
8 414
435 481
94 188
286 358
387 410
98 307
189 425
249 476
290 477
288 404
59 352
100 353
191 471
58 127
89 194
209 296
341 415
52 312
0 122
401 466
244 482
15 430
51 87
54 358
202 256
353 425
17 476
53 133
256 492
204 302
295 420
355 471
47 318
406 436
5 92
10 436
65 143
257 313
408 482
7 138
12 482
67 189
158 307
61 374
9 184
65 493
151 267
271 369
403 488
62 195
153 313
213 364
56 380
75 430
116 431
176 482
264 329
415 498
19 498
456 499
165 323
206 324
357 493
68 390
16 200
70 436
125 143
130 487
171 488
218 334
278 385
28 210
69 211
181 452
129 262
160 329
280 431
269 272
29 31
34 375
122 222
172 339
120 149
273 391
23 216
83 267
275 437
25 262
324 329
136 278
84 88
475 498
227 396
39 345
326 375
37 272
78 273
138 324
229 442
41 391
96 98
187 216
30 232
379 386
90 283
131 284
222 402
282 453
92 329
31 53
143 294
96 448
182 222
242 273
333 391
44 288
85 289
145 340
236 458
43 63
386 402
9 452
45 109
50 453
105 160
196 278
289 469
297 330
8 227
99 345
159 396
200 397
2 412
98 120
103 464
189 238
309 340
1 187
340 407
400 458
4 458
441 459
212 407
243 474
191 284
251 335
94 351
154 402
52 125
112 176
244 295
304 346
395 464
106 361
207 413
17 289
110 480
108 407
256 305
11 474
167 233
198 300
258 351
318 402
10 249
109 228
64 485
12 295
210 310
163 464
311 362
61 187
121 238
253 357
272 407
65 306
63 233
156 424
175 474
216 475
114 198
306 368
366 419
77 316
75 243
168 434
176 295
19 311
368 465
170 480
68 203
169 255
260 373
320 424
72 322
130 300
322 470
33 367
373 435
32 142
183 311
274 429
26 327
375 481
86 378
34 188
177 496
23 29
387 491
25 75
137 316
178 317
238 368
269 435
329 486
141 435
39 158
37 85
42 429
78 86
231 328
0 203
41 204
35 389
90 96
95 440
155 491
53 214
433 435
144 332
148 451
146 378
247 430
385 394
44 101
49 445
85 102
109 496
145 153
150 497
236 271
447 491
199 389
9 265
201 435
8 40
13 384
440 451
99 158
200 210
291 328
2 225
351 379
442 497
153 394
194 395
254 446
6 344
4 271
152 169
212 220
303 338
55 236
3 46
435 457
94 164
206 405
305 384
57 282
15 56
20 400
147 175
207 226
358 395
418 446
17 102
110 293
108 220
209 272
11 287
71 338
203 457
310 354
10 62
101 180
353 401
372 451
413 452
12 108
124 349
163 277
256 468
27 416
25 343
66 344
214 242
365 411
406 412
425 462
29 462
84 169
175 287
276 339
307 406
18 303
367 457
78 354
119 355
22 422
77 129
319 416
360 417
19 124
170 293
230 344
73 360
133 411
31 134
36 478
72 135
223 304
283 355
374 473
33 180
126 371
225 350
87 416
128 417
188 468
427 484
26 140
31 484
177 309
28 186
140 427
181 428
43 494
290 371
381 489
81 197
193 438
141 248
191 365
94 432
135 433
195 484
0 16
46 361
132 135
244 376
343 355
35 202
147 443
95 253
347 474
149 489
148 264
239 382
49 258
109 309
150 310
301 479
12 376
144 495
199 202
102 269
162 320
201 248
294 439
5 336
354 490
65 387
13 197
44 264
104 315
255 484
2 38
7 382
62 89
153 207
194 208
306 449
254 259
6 157
345 377
56 274
405 428
157 326
248 444
60 393
206 218
159 372
21 438
57 95
208 264
20 213
400 434
111 331
59 141
171 382
212 383
460 485
14 398
69 105
74 449
160 223
113 377
261 275
321 326
412 444
11 100
16 444
34 269
414 490
166 388
226 439
215 280
27 229
25 156
66 157
118 347
120 393
180 444
268 291
328 342
419 460
18 116
78 167
210 286
22 235
272 383
134 449
323 348
73 173
133 224
224 342
284 393
96 342
127 409
228 461
30 476
126 184
87 229
128 230
240 471
188 281
279 399
31 297
50 347
91 348
140 240
291 409
332 410
43 307
103 358
82 235
194 476
235 477
105 404
344 420
3 127
94 245
42 55
135 246
286 415
346 466
189 482
147 256
399 477
58 184
397 404
149 302
300 471
52 369
0 179
112 420
15 487
51 144
49 71
54 415
109 122
202 313
293 431
394 483
144 308
47 375
107 426
5 149
10 493
65 200
404 420
63 127
104 128
109 472
156 318
257 370
307 487
255 297
348 488
7 195
447 467
158 364
56 87
116 138
121 482
19 205
60 206
459 477
151 324
271 426
21 251
174 493
260 267
72 216
20 26
75 487
116 488
171 195
322 364
363 365
454 483
165 380
225 431
16 257
128 498
315 324
34 82
466 493
70 493
125 200
166 201
218 391
278 442
28 267
69 268
160 386
220 437
280 488
27 42
32 386
118 160
269 329
310 330
370 381
29 88
461 499
172 396
180 257
273 448
23 273
372 427
83 324
46 442
25 319
233 268
35 283
76 284
384 437
136 335
227 453
39 402
326 432
229 499
377 397
36 104
41 448
127 222
228 274
338 442
90 340
38 150
131 341
150 391
439 494
92 386
240 284
331 402
432 454
50 160
91 161
143 351
182 279
242 330
333 448
44 345
85 346
393 499
43 120
194 289
235 290
386 459
196 335
297 387
8 284
159 453
2 469
189 295
249 346
1 244
340 464
59 222
212 464
251 392
55 480
3 290
94 408
154 459
302 357
52 182
112 233
203 351
244 352
15 300
106 418
54 228
147 419
207 470
205 397
17 346
108 464
163 171
47 188
66 238
167 290
198 357
258 408
7 8
119 249
158 177
311 419
22 316
121 295
162 296
272 464
313 465
24 362
115 480
63 290
265 424
213 234
366 476
77 373
75 300
116 301
168 491
14 24
19 368
74 75
79 419
225 244
357 363
68 260
169 312
260 430
31 378
72 379
130 357
369 373
28 80
33 424
69 81
129 132
181 322
280 301
373 492
371 419
123 317
274 486
81 91
34 245
86 435
172 209
125 363
424 430
23 86
135 327
83 137
234 306
275 307
426 476
137 373
178 374
35 96
81 441
100 491
136 148
141 492
227 266
39 215
419 436
37 142
479 487
138 194
231 385
0 260
132 379
431 446
491 497
90 153
95 497
150 204
241 322
342 374
144 389
92 199
47 456
143 164
294 333
247 487
385 451
44 158
85 159
197 400
145 210
296 379
48 277
139 395
199 446
6 51
9 322
50 323
97 169
201 492
289 339
8 97
99 215
159 266
200 267
252 457
291 385
2 282
351 436
62 333
194 452
6 401
152 226
243 344
303 395
55 293
94 221
113 271
154 272
305 441
16 338
57 339
117 390
356 406
15 113
20 457
106 231
147 232
166 282
207 283
205 210
298 401
358 452
17 159
110 350
160 467
108 277
209 329
71 395
219 293
310 411
411 463
10 119
122 360
221 339
312 457
64 355
124 406
163 334
22 129
27 473
25 400
66 401
214 299
272 277
365 468
84 226
115 293
175 344
216 345
307 463
18 360
22 479
77 186
75 113
168 304
228 355
267 283
19 181
79 232
170 350
68 73
73 417
133 468
31 191
72 192
70 119
75 463
130 170
322 340
85 427
126 428
184 406
225 407
82 129
128 474
334 350
26 197
86 248
466 469
177 366
237 417
80 433
140 484
88 294
181 485
179 412
46 68
478 479
82 479
137 186
290 428
329 356
40 253
389 407
193 495
292 474
3 371
94 489
42 299
0 73
41 74
93 264
473 485
132 192
244 433
285 434
343 412
35 259
155 361
246 479
53 84
89 495
144 202
336 372
47 269
0 423
146 248
239 439
299 490
49 315
150 367
48 90
53 434
139 208
199 259
259 310
350 428
9 135
102 326
162 377
253 495
201 305
13 254
44 321
151 218
104 372
252 270
403 439
62 146
103 147
153 264
194 265
213 315
345 434
97 332
116 382
157 383
19 449
55 106
60 450
266 326
357 444
398 445
16 151
458 496
117 203
208 321
309 373
72 460
359 490
111 388
171 439
212 440
14 455
69 162
110 163
160 280
113 434
261 332
321 383
352 450
71 208
164 399
263 378
34 326
122 173
166 445
226 496
64 168
124 219
215 337
316 389
118 404
66 214
178 455
219 456
217 383
29 332
120 450
18 173
78 224
22 292
173 461
84 389
323 405
73 230
185 471
133 281
224 399
284 450
96 399
127 466
85 240
33 50
38 394
186 292
277 410
376 389
87 286
279 456
91 405
177 179
388 399
140 297
88 107
200 348
179 225
291 466
332 467
43 364
82 292
6 482
45 410
105 461
232 236
344 477
3 184
383 405
443 456
42 112
135 303
286 472
98 421
244 246
1 488
35 72
59 466
155 174
339 483
397 461
47 82
112 477
198 251
239 252
51 201
390 421
101 318
49 128
54 472
109 179
150 180
202 370
450 472
293 488
241 298
301 349
12 246
163 415
204 416
66 482
102 139
107 483
162 190
253 308
313 359
5 206
65 257
13 67
445 478
156 375
197 376
257 427
255 354
7 252
119 493
158 421
259 473
366 370
6 27
457 488
116 195
157 196
248 314
308 365
19 262
151 381
271 483
21 308
114 499
260 324
361 376
72 273
20 83
452 494
171 252
264 443
262 370
322 421
363 422
113 247
266 489
16 314
315 381
375 432
34 139
218 448
166 258
226 309
317 427
28 324
69 325
129 376
160 443
179 493
220 494
32 443
25 26
118 217
178 268
81 335
29 145
172 453
180 314
23 330
372 484
83 381
22 105
41 155
132 273
173 274
233 325
384 494
425 495
84 202
39 459
37 386
185 284
138 438
377 454
36 161
96 212
127 279
187 330
247 381
338 499
30 346
150 448
143 408
91 218
430 438
182 336
242 387
44 402
85 403
103 228
82 105
194 346
235 347
8 341
94 115
99 459
98 234
189 352
249 403
309 454
288 331
59 279
100 280
191 398
251 449
3 347
149 172
209 223
302 414
300 341
341 342
52 239
0 49
244 409
263 459
304 460
10 13
106 475
54 285
205 454
17 403
163 228
204 229
316 470
295 347
107 296
167 347
5 19
101 481
408 409
119 306
67 116
311 476
22 373
360 368
19 75
24 419
60 76
84 470
151 194
211 245
271 296
422 465
21 121
114 312
463 466
265 481
213 291
72 86
77 430
75 357
176 409
14 81
19 425
74 132
79 476
357 420
68 317
417 471
26 91
31 435
70 363
130 414
218 261
278 312
410 431
33 481
470 482
129 189
179 306
220 307
32 256
82 373
183 425
81 148
122 149
232 317
273 318
364 436
23 143
135 384
83 194
234 363
46 312
137 430
285 328
35 153
40 497
76 154
136 205
287 374
347 425
378 492
37 199
190 441
138 251
229 369
0 317
41 318
30 159
90 210
150 261
342 431
92 256
143 221
294 390
335 391
85 216
197 457
296 436
48 334
139 452
4 35
9 379
50 380
97 226
248 395
196 205
289 396
349 447
8 154
13 498
99 272
159 323
2 339
351 493
62 390
103 391
1 114
6 458
4 385
152 283
243 401
303 452
251 262
344 453
55 350
3 160
113 328
154 329
16 395
117 447
15 170
166 339
205 267
298 458
17 216
110 407
108 334
11 401
66 108
71 452
107 109
198 227
318 329
10 176
409 447
101 294
124 463
210 237
163 391
402 407
25 457
66 458
121 165
214 356
272 334
115 350
63 160
175 401
276 453
18 417
78 468
174 176
265 294
325 345
77 243
416 463
457 464
168 361
116 171
228 412
38 288
79 289
131 479
170 407
73 474
128 181
380 402
91 299
70 176
182 417
130 227
283 469
85 484
33 294
126 485
184 463
82 186
235 428
183 238
334 407
86 305
88 351
387 418
137 243
290 485
238 295
40 310
389 464
100 361
141 362
3 428
39 85
281 372
341 423
382 424
0 130
41 131
244 490
192 300
285 491
343 469
35 316
155 418
394 434
53 141
144 259
185 260
336 429
47 326
0 480
396 480
148 378
146 305
239 496
247 357
338 475
49 372
109 423
348 439
7 146
12 490
48 147
53 491
139 265
350 485
391 486
102 383
201 362
5 450
13 311
151 275
104 429
2 152
7 496
62 203
444 497
345 491
4 198
116 439
55 163
113 141
206 332
266 383
305 311
169 450
208 378
20 327
111 445
171 496
69 219
17 29
160 337
113 491
261 389
321 440
11 214
71 265
164 456
263 435
34 383
101 107
312 327
372 378
316 446
27 343
25 270
66 271
76 235
24 45
175 214
328 456
18 230
367 384
78 281
119 282
270 451
22 349
41 399
379 394
38 101
79 102
84 446
131 292
222 410
282 461
230 271
73 287
422 441
224 456
31 61
91 112
223 231
314 349
434 451
38 451
126 298
184 276
277 467
235 241
188 395
50 461
86 118
297 338
388 456
80 303
429 457
140 354
88 164
200 405
43 421
290 298
381 416
40 123
45 467
100 174
141 175
191 292
292 344
383 462
135 360
195 411
98 478
285 304
395 472
436 473
35 129
95 180
155 231
347 401
58 298
209 467
47 139
52 483
51 258
390 478
101 375
49 185
109 236
202 427
12 303
163 472
204 473
102 196
313 416
5 263
354 417
65 314
13 124
63 241
104 242
216 483
257 484
255 411
306 376
56 201
116 252
157 253
248 371
368 473
60 320
151 438
16 21
260 381
361 433
72 330
70 257
111 258
322 478
14 325
363 479
113 304
11 27
123 268
71 78
164 269
375 489
34 196
414 417
166 315
317 484
23 37
28 381
69 382
88 432
27 156
25 83
178 325
219 326
238 376
269 443
217 253
370 495
29 202
122 393
120 320
180 371
23 387
83 438
231 336
41 212
421 433
132 330
173 331
233 382
136 449
134 376
222 223
73 100
185 341
138 495
224 269
96 269
476 490
247 438
30 403
90 454
277 280
240 398
50 274
91 275
143 465
182 393
242 444
44 459
80 116
43 234
103 285
82 162
142 213
6 352
97 470
105 331
196 449
344 347
8 398
135 173
154 223
286 342
57 290
98 291
189 409
249 460
1 358
59 336
147 183
298 352
339 353
399 404
110 301
58 111
89 178
149 229
300 398
401 450
112 347
203 465
10 70
51 71
101 188
54 342
202 240
413 460
17 460
204 286
295 404
66 352
107 353
198 471
406 420
5 76
156 245
257 297
348 415
7 122
67 173
210 481
22 430
121 409
360 425
19 132
60 133
362 471
21 178
174 420
72 143
75 414
264 313
314 430
415 482
19 482
165 307
266 359
128 425
169 426
26 148
31 492
70 420
125 127
130 471
278 369
28 194
88 245
129 246
181 436
179 363
220 364
280 415
26 498
81 205
141 256
232 374
180 184
364 493
23 200
83 251
234 420
46 369
132 143
137 487
35 210
136 262
475 482
134 189
227 380
39 329
326 359
37 256
190 498
229 426
0 374
41 375
127 149
187 200
338 369
90 267
38 77
150 318
282 437
53 385
139 159
92 313
50 87
182 206
294 447
335 448
44 272
393 426
104 323
145 324
296 493
7 390
43 47
48 391
194 216
254 267
345 385
4 92
45 93
97 283
105 144
196 262
289 453
297 314
99 329
200 381
57 103
62 447
98 104
189 222
249 273
1 171
340 391
4 442
59 149
212 391
243 458
251 319
110 114
154 386
52 109
57 453
203 278
15 227
395 448
106 345
54 155
207 397
205 324
69 463
17 273
110 464
256 289
316 340
11 458
448 459
66 165
219 407
198 284
258 335
318 386
10 233
122 474
101 351
120 401
221 453
23 468
210 294
163 448
311 346
22 243
402 464
61 171
121 222
313 392
24 289
84 340
175 458
216 459
18 474
174 233
265 351
325 402
366 403
75 227
168 418
228 469
176 279
267 397
38 345
79 346
126 192
170 464
188 289
279 407
320 408
31 305
70 233
223 475
33 351
181 249
332 418
373 419
32 126
82 243
123 244
183 295
274 413
334 464
26 311
177 480
135 254
327 424
387 475
46 182
329 470
100 418
141 419
3 485
39 142
89 259
42 413
190 311
229 239
382 481
0 187
93 378
192 357
95 424
155 475
394 491
53 198
92 126
204 367
107 434
146 362
247 414
13 18
49 429
104 136
109 480
197 327
257 378
348 496
48 204
139 322
259 424
248 265
60 214
13 368
63 485
151 332
252 384
351 363
254 430
56 445
157 497
243 271
303 322
55 220
113 198
117 317
208 435
15 40
20 384
207 210
298 328
358 379
17 86
110 277
160 394
108 204
220 445
261 446
11 271
71 322
263 492
10 46
29 96
34 440
122 287
161 215
273 456
312 384
64 282
124 333
215 451
22 56
25 327
173 225
217 497
365 395
84 153
175 271
268 462
276 323
326 440
367 441
78 338
41 456
77 113
168 231
228 282
319 400
420 452
38 158
79 159
131 349
170 277
230 328
133 395
31 118
36 462
182 287
223 288
314 406
374 457
85 354
33 164
126 355
186 406
184 333
427 468
237 344
200 462
179 339
43 478
189 303
142 457
290 355
381 473
40 180
193 422
141 232
191 349
232 350
292 401
94 416
154 467
195 468
285 361
304 411
207 478
155 288
58 355
89 422
149 473
107 247
148 248
239 366
299 417
10 314
51 315
101 432
49 242
109 293
202 484
301 463
12 360
350 355
9 62
102 253
162 304
313 473
65 371
13 181
63 298
2 22
7 366
62 73
67 417
153 191
213 242
345 361
56 258
405 412
157 310
308 479
14 32
151 495
16 78
169 320
117 130
208 248
72 387
359 417
70 314
460 469
262 484
14 382
74 433
160 207
32 207
352 377
412 428
11 84
123 325
164 326
315 495
414 474
226 423
23 94
88 489
124 146
129 490
275 315
27 213
118 331
467 485
178 382
217 310
76 105
81 449
180 428
268 275
18 100
479 495
78 151
83 495
138 202
231 393
270 321
330 372
35 454
76 455
131 162
134 433
282 331
323 332
73 157
185 398
133 208
224 326
284 377
36 275
247 495
335 342
30 460
85 167
126 168
186 219
277 337
337 388
139 403
240 455
279 383
50 331
182 450
289 347
13 449
80 173
140 224
291 393
332 394
43 291
392 445
103 342
194 460
142 270
1 65
6 409
45 337
105 388
193 235
344 404
3 111
8 455
195 281
286 399
346 450
57 347
98 348
189 466
147 240
298 409
399 461
110 358
58 168
89 235
149 286
209 337
300 455
52 353
10 127
15 471
51 128
49 55
202 297
293 415
353 466
12 173
163 342
204 343
295 461
66 409
107 410
167 461
5 133
65 184
156 302
104 112
216 353
257 354
255 281
7 179
67 230
56 71
116 122
121 466
360 482
19 189
60 190
79 240
459 461
211 359
271 410
73 425
21 235
114 426
174 477
70 127
264 370
314 487
262 297
322 348
14 195
68 431
123 138
26 205
466 477
70 477
125 184
218 375
226 236
317 354
88 302
129 303
181 493
280 472
82 487
118 144
269 313
329 364
81 262
29 72
141 313
172 380
180 241
273 432
23 257
135 498
83 308
46 426
473 493
173 201
324 370
35 267
76 268
384 421
287 488
39 386
326 416
229 483
96 139
127 206
239 447
247 308
338 426
30 273
379 427
90 324
38 134
150 375
439 478
241 493
282 494
48 98
53 442
92 370
240 268
331 386
391 437
432 438
451 488
50 144
91 145
143 335
201 313
13 262
333 432
393 483
104 380
145 381
236 499
444 448
7 447
43 104
48 448
103 155
194 273
6 222
386 443
4 149
9 493
45 150
97 340
157 391
196 319
60 458
99 386
159 437
189 279
1 228
400 499
4 499
59 206
152 397
110 171
154 443
11 165
263 386
304 387
15 284
106 402
54 212
207 454
205 381
64 176
108 448
256 346
316 397
167 274
217 391
258 392
318 443
10 290
120 458
161 459
210 351
270 402
311 403
22 300
61 228
121 279
272 448
84 397
115 464
170 171
323 413
73 238
174 290
265 408
325 459
168 475
176 336
38 402
79 403
126 249
165 177
225 228
376 397
68 244
128 295
320 465
70 290
130 341
33 408
88 115
181 306
179 233
280 285
373 476
371 403
123 301
183 352
274 470
232 244
383 413
23 70
42 120
135 311
286 480
46 239
137 357
238 409
76 81
100 475
141 476
227 250
339 491
347 352
378 419
89 316
37 126
438 470
190 368
138 178
281 486
0 244
93 435
239 260
51 209
54 480
241 306
301 357
342 358
53 255
433 476
204 424
245 425
107 491
143 148
148 492
146 419
354 368
13 75
44 142
49 486
197 384
486 487
236 312
296 363
48 261
139 379
259 481
97 153
102 497
157 204
248 322
201 476
289 323
60 271
8 81
13 425
440 492
151 389
99 199
159 250
252 441
2 266
351 420
62 317
153 435
213 486
254 487
1 41
4 312
111 209
152 210
212 261
14 276
55 277
363 430
305 425
16 322
57 323
164 220
117 374
106 215
166 266
226 317
317 435
358 436
110 334
129 384
108 261
32 451
11 328
71 379
219 277
411 447
29 153
34 497
120 271
161 272
221 323
64 339
124 390
22 113
173 282
76 349
24 159
84 210
115 277
175 328
326 497
18 344
367 498
78 395
77 170
75 97
228 339
38 215
79 216
131 406
230 385
73 401
91 226
182 344
130 154
223 345
314 463
85 411
33 221
126 412
186 463
184 390
82 113
142 164
235 355
274 283
45 231
86 232
297 452
98 242
46 52
189 360
137 170
290 412
40 237
100 288
193 479
251 457
3 355
89 129
281 299
341 350
0 57
93 248
304 468
343 396
54 293
58 412
89 479
144 186
204 237
295 355
336 356
148 305
146 232
299 474
10 371
51 372
101 489
49 299
109 350
348 366
12 417
48 74
139 192
259 294
9 119
102 310
162 361
451 464
253 479
201 289
60 84
13 238
63 355
104 356
151 202
403 423
2 79
114 320
62 130
67 474
213 299
254 300
306 490
56 315
405 469
116 366
19 433
60 434
79 484
206 259
266 310
417 479
16 135
21 479
117 187
260 495
72 444
20 254
70 371
410 439
470 490
69 146
129 197
160 264
220 315
261 316
321 367
32 264
412 485
11 141
123 382
71 192
122 157
273 326
226 480
364 444
28 495
465 496
124 203
215 321
275 372
27 270
178 439
238 490
217 367
76 162
29 316
120 434
78 208
231 450
270 378
330 429
173 445
30 167
134 490
222 337
73 214
92 264
133 265
185 455
224 383
284 434
36 332
96 383
127 450
85 224
126 225
186 276
236 393
337 445
48 342
139 460
87 270
188 322
289 404
80 230
140 281
200 332
291 450
43 348
103 399
4 393
45 394
100 101
105 445
191 219
344 461
3 168
383 389
94 286
154 337
286 456
57 404
1 472
59 450
147 297
207 348
155 158
246 276
339 467
58 225
89 292
149 343
11 409
47 66
52 410
112 461
10 184
51 185
101 302
49 112
54 456
109 163
161 353
301 333
64 420
12 230
61 122
66 466
102 123
107 467
214 364
253 292
313 343
65 241
13 51
404 461
63 168
257 411
119 477
67 287
158 405
56 128
116 179
176 230
308 349
19 246
368 400
79 297
170 415
211 416
271 467
73 482
114 483
169 190
260 308
72 257
70 184
223 426
171 236
322 405
14 252
74 303
32 77
123 195
164 196
375 416
218 432
28 308
88 359
129 360
179 477
220 478
27 83
32 427
238 303
269 370
81 319
29 129
172 437
180 298
273 489
42 364
83 365
231 263
46 483
173 258
192 308
285 499
324 427
384 478
95 375
136 376
134 303
37 370
185 268
245 319
377 438
0 488
36 145
148 386
96 196
247 365
338 483
30 330
48 155
53 499
139 273
240 325
391 494
242 371
13 319
333 489
104 437
145 438
103 212
194 330
254 381
6 279
345 499
4 206
45 207
157 448
105 258
196 376
94 99
159 494
57 217
98 218
189 336
249 387
309 438
1 285
111 453
59 263
251 433
17 37
149 156
302 398
300 325
11 222
112 274
492 495
203 392
263 443
15 341
101 115
64 233
17 387
316 454
167 331
217 448
258 449
29 397
156 172
216 223
307 341
367 392
119 290
67 100
158 218
311 460
22 357
61 285
121 336
19 59
24 403
79 110
84 454
170 228
211 229
323 470
271 280
362 398
422 449
21 105
114 296
174 347
77 414
223 239
176 393
314 357
14 65
126 306
74 116
79 460
225 285
68 301
417 455
128 352
26 75
31 419
177 244
130 398
218 245
80 311
33 465
429 465
88 172
129 173
181 363
179 290
280 342
32 240
82 357
142 408
45 475
141 183
172 250
273 302
42 177
83 178
135 368
98 486
46 296
137 414
285 312
238 466
436 481
35 137
477 482
95 188
136 189
227 307
287 358
347 409
39 256
378 476
89 373
0 301
93 492
148 199
192 471
51 266
150 245
301 414
342 415
144 430
204 481
47 497
143 205
146 476
13 132
44 199
104 250
145 251
257 492
255 419
296 420
7 317
48 318
158 486
199 487
4 19
9 363
97 210
157 261
289 380
8 138
13 482
151 446
99 256
211 497
252 498
2 323
20 148
111 266
59 76
212 318
303 436
14 333
55 334
363 487
16 379
117 431
203 205
20 498
166 323
205 251
317 492
17 200
129 441
108 318
11 385
71 436
217 261
258 262
310 452
122 401
409 431
161 329
221 380
23 395
64 396
124 447
210 221
270 272
22 170
61 98
121 149
214 340
272 318
24 216
115 334
464 488
175 385
276 437
18 401
73 108
78 452
224 277
325 329
127 344
168 345
176 206
267 324
38 272
170 391
277 288
68 114
128 165
188 216
320 335
91 283
130 211
242 452
283 453
80 124
85 468
392 396
32 53
423 463
82 170
142 221
183 222
274 340
334 391
45 288
177 407
195 232
286 350
327 351
46 109
189 417
137 227
1 366
288 396
40 294
389 448
100 345
191 463
39 69
190 238
281 356
341 407
401 458
0 114
244 474
51 79
343 453
54 350
95 351
394 418
53 125
58 469
144 243
295 412
47 310
107 361
146 289
239 480
10 428
49 356
197 254
7 130
48 131
158 299
259 351
61 366
9 176
102 367
5 434
63 412
151 259
211 310
2 136
114 377
153 305
213 356
56 372
264 321
14 146
113 125
206 316
266 367
357 485
169 434
208 362
111 429
410 496
69 203
160 321
261 373
32 321
352 491
11 198
71 249
34 367
122 214
120 141
273 383
124 260
27 327
25 254
118 445
217 424
76 219
29 373
115 147
175 198
268 389
328 440
18 214
270 435
330 486
36 39
127 157
38 85
79 86
131 276
282 445
323 446
342 496
31 45
36 389
96 440
242 265
335 456
374 384
85 281
434 435
186 333
184 260
277 451
48 399
87 327
386 394
45 101
177 220
237 271
388 440
140 338
200 389
43 405
189 230
142 384
40 107
45 451
193 349
251 327
3 225
383 446
94 343
42 153
443 497
195 395
52 117
57 461
93 118
244 287
304 338
436 457
54 163
95 164
147 354
205 332
110 472
108 399
149 400
209 451
11 466
47 123
52 467
107 174
198 292
258 343
299 344
51 242
101 359
49 169
161 410
109 220
202 411
12 287
311 354
402 472
61 179
102 180
162 231
253 349
313 400
5 247
65 298
63 225
158 462
56 185
176 287
19 303
368 457
211 473
21 349
260 365
320 416
361 417
20 124
111 242
171 293
262 411
322 462
14 309
165 478
373 427
164 253
375 473
34 180
177 488
125 298
317 468
28 365
129 417
327 432
27 140
25 67
238 360
269 427
141 427
180 355
39 150
18 27
42 421
83 422
231 320
41 196
192 365
233 366
324 484
30 37
35 381
95 432
136 433
134 360
37 427
92 134
133 135
185 325
336 494
284 304
148 443
96 253
127 320
187 371
247 422
30 387
85 94
90 438
236 263
139 330
87 140
92 484
240 382
50 258
242 428
44 443
80 100
104 494
145 495
200 202
291 320
2 217
351 371
103 269
194 387
142 197
254 438
6 336
4 263
45 264
152 161
105 315
196 433
55 228
8 382
435 449
94 156
195 208
305 376
346 377
57 274
117 325
208 443
249 444
309 495
1 342
59 320
147 167
207 218
298 336
358 387
110 285
58 95
108 212
149 213
209 264
302 455
300 382
11 279
52 280
112 331
10 54
15 398
101 172
161 223
202 224
205 495
293 342
353 393
64 290
163 269
66 336
214 234
167 388
156 229
307 398
367 449
408 450
61 342
420 460
19 116
24 460
271 337
21 162
114 353
174 404
72 127
77 471
75 398
223 296
176 450
314 414
374 465
14 122
33 172
74 173
126 363
165 291
68 358
128 409
188 460
26 132
31 476
130 455
369 471
80 368
28 178
88 229
181 420
280 399
82 414
183 466
81 189
141 240
172 307
232 358
195 476
46 353
35 194
95 245
136 246
134 173
227 364
347 466
89 430
37 240
190 482
148 256
51 323
30 200
49 250
150 302
241 420
342 472
53 369
139 143
144 487
50 71
143 262
294 431
354 482
13 189
44 256
393 410
197 498
145 308
48 375
67 425
4 76
9 420
157 318
248 436
349 488
60 385
8 195
99 313
2 380
57 87
117 138
249 257
361 498
20 205
340 375
400 426
111 323
152 324
460 477
212 375
243 442
14 390
113 369
261 267
352 385
11 92
112 144
117 488
203 262
15 211
414 482
106 329
226 431
64 103
17 257
316 324
407 442
11 442
66 149
71 493
217 318
29 267
161 386
221 437
18 108
119 160
270 329
311 330
22 227
402 448
25 498
61 155
173 396
214 397
76 463
24 273
84 324
115 391
323 340
18 458
73 165
114 166
133 216
224 334
325 386
36 283
77 284
176 263
30 468
38 329
126 176
277 345
230 499
68 171
128 222
279 391
31 289
380 443
91 340
182 458
33 335
392 453
82 227
183 279
274 397
334 448
45 345
86 346
177 464
42 47
286 407
387 459
98 356
46 166
288 453
40 351
100 402
339 418
3 469
37 53
42 397
190 295
281 413
341 464
52 361
0 171
93 362
51 136
54 407
202 305
155 459
293 423
394 475
53 182
144 300
47 367
107 418
167 469
146 346
5 141
10 485
51 486
44 69
104 120
109 464
257 362
255 289
7 187
67 238
447 459
199 357
61 423
9 233
248 249
5 491
252 368
250 295
114 434
62 244
153 362
213 413
56 429
111 136
264 378
243 255
303 306
14 203
55 204
454 475
206 373
266 424
16 249
169 491
117 301
15 24
20 368
166 193
317 362
358 363
69 260
17 70
449 481
160 378
220 429
261 430
321 481
32 378
118 152
71 306
123 496
164 497
310 322
29 80
461 491
120 198
161 199
180 249
221 250
273 440
23 265
83 316
124 317
215 435
275 486
22 40
25 311
324 378
76 276
24 86
425 430
115 204
227 445
268 446
276 307
39 394
326 424
18 271
138 373
229 491
36 96
41 440
127 214
168 215
228 266
319 384
30 281
439 486
38 142
131 333
92 378
224 497
182 271
242 322
333 440
434 492
33 148
145 389
186 390
48 456
87 384
235 282
386 451
427 452
45 158
86 159
177 277
237 328
388 497
80 344
140 395
200 446
2 461
43 462
98 169
189 287
142 441
249 338
290 339
1 236
340 456
40 164
152 405
193 406
251 384
292 385
55 472
3 282
94 400
154 451
244 344
304 395
54 220
207 462
155 272
205 389
246 390
17 338
58 339
108 456
198 349
299 401
10 298
49 226
12 344
158 169
61 236
9 46
102 237
162 288
313 457
5 304
65 355
63 282
156 473
2 6
366 468
116 293
176 344
267 462
308 463
14 16
19 360
79 411
165 185
169 304
320 473
20 181
359 401
70 298
130 349
33 416
74 417
160 191
220 242
280 293
373 484
32 191
371 411
123 309
71 119
274 478
26 376
86 427
34 237
226 407
364 371
83 129
88 473
215 248
327 489
275 299
426 468
25 124
118 315
178 366
238 417
269 484
76 89
81 433
136 140
227 258
180 412
39 207
419 428
18 84
78 135
138 186
41 253
421 474
132 371
192 422
30 94
136 490
433 484
92 191
185 382
245 433
284 361
127 377
146 427
187 428
30 444
49 494
85 151
90 495
186 203
236 320
337 372
48 269
428 490
87 197
199 438
201 484
242 485
8 89
13 433
99 207
140 208
200 259
291 377
392 429
103 326
1 49
6 393
152 218
105 372
243 336
196 490
344 388
55 285
154 264
305 433
346 434
20 449
59 377
207 275
298 393
358 444
17 151
110 342
149 270
209 321
300 439
52 337
411 455
161 280
202 281
293 399
353 450
64 347
12 157
355 496
214 291
167 445
406 461
5 117
65 168
63 95
156 286
216 337
276 388
307 455
255 265
18 352
67 214
168 296
121 450
267 275
360 466
19 173
79 224
170 342
211 343
230 393
271 394
73 409
21 219
72 184
70 111
75 455
264 354
283 404
262 281
126 420
165 348
225 399
128 466
274 291
86 240
34 50
125 168
278 410
80 425
82 471
178 179
269 297
329 348
389 399
141 297
172 364
180 225
292 466
135 482
83 292
234 461
473 477
132 184
192 235
233 236
35 251
384 405
95 302
136 303
287 472
39 370
89 487
185 195
245 246
0 415
36 72
187 241
299 482
247 292
338 410
49 307
439 462
241 477
48 82
199 251
240 252
331 370
102 318
50 128
143 319
451 472
201 297
5 385
13 246
44 313
393 467
2 87
103 139
254 308
345 426
9 477
97 324
157 375
446 478
248 493
196 303
60 442
8 252
99 370
159 421
458 488
57 144
62 488
249 314
309 365
20 262
340 432
400 483
111 380
59 190
212 432
243 499
14 447
55 448
110 155
113 426
302 325
352 442
11 149
263 370
106 386
17 314
215 329
256 330
316 381
407 499
118 396
66 206
219 448
217 375
318 427
180 493
221 494
268 340
18 165
119 217
210 335
311 387
330 437
22 284
173 453
272 432
84 381
115 448
175 499
323 397
21 32
133 273
174 274
224 391
36 340
77 341
75 268
33 42
38 386
126 233
376 381
68 228
128 279
188 330
31 346
91 397
80 238
28 48
33 392
88 99
181 290
179 217
332 459
82 284
142 335
183 336
274 454
40 58
45 402
86 403
383 397
42 104
83 105
286 464
327 465
98 413
46 223
1 480
35 64
95 115
155 166
246 284
339 475
39 183
438 454
281 470
52 418
239 244
390 413
49 120
54 464
150 172
241 290
301 341
53 239
144 357
204 408
47 424
107 475
5 198
385 419
445 470
44 126
257 419
296 347
67 295
158 413
199 414
259 465
6 19
61 480
97 137
157 188
248 306
308 357
151 373
99 183
211 424
159 234
252 425
250 352
2 250
114 491
62 301
153 419
213 470
361 368
56 486
152 194
264 435
212 245
243 312
262 362
303 363
14 260
55 261
363 414
165 429
113 239
206 430
16 306
117 358
356 374
15 81
218 440
166 250
226 301
358 420
160 435
220 486
32 435
71 363
219 261
310 379
370 430
29 137
34 481
122 328
120 255
180 306
221 307
312 425
23 322
372 476
124 374
215 492
22 97
27 441
173 266
324 435
365 436
76 333
425 487
136 384
84 194
175 312
39 451
18 328
78 379
138 430
41 497
228 323
379 492
38 199
87 91
92 435
133 436
31 159
91 210
182 328
242 379
283 380
85 395
184 374
82 97
87 441
235 339
86 216
105 266
485 487
196 384
237 385
8 333
189 344
137 154
249 395
290 396
1 293
40 221
193 463
251 441
3 339
94 457
149 164
281 283
52 231
93 232
304 452
343 380
147 468
155 329
246 447
17 395
144 170
295 339
355 390
47 237
107 288
198 406
146 216
299 458
101 473
348 350
67 108
158 226
311 468
259 278
61 293
102 294
253 463
24 411
60 68
65 412
63 339
151 186
211 237
362 406
2 63
21 113
67 458
213 283
306 474
405 453
116 350
176 401
415 417
14 73
55 74
74 124
79 468
165 242
266 294
68 309
21 463
417 463
169 361
117 171
458 464
260 479
218 253
171 407
410 423
33 473
69 130
74 474
129 181
470 474
280 350
321 351
32 248
412 469
123 366
183 417
26 433
34 294
122 141
125 412
273 310
364 428
23 135
28 479
124 187
215 305
275 356
238 474
477 490
76 146
81 490
227 315
180 469
268 316
328 367
18 141
37 191
78 192
229 361
330 413
41 310
132 428
192 479
233 480
30 151
35 495
134 474
222 321
342 423
92 248
133 249
185 439
245 490
143 213
146 484
187 485
335 383
186 260
236 377
184 187
296 428
337 429
48 326
199 495
289 388
349 439
8 146
13 490
99 264
140 265
351 485
43 332
1 106
6 450
4 377
152 275
193 276
251 254
55 342
3 152
117 439
54 90
59 434
147 281
205 259
110 399
58 209
108 326
149 327
209 378
300 496
47 50
52 394
71 444
409 439
101 286
49 96
161 337
12 214
61 106
66 450
102 107
121 157
253 276
65 225
404 445
464 496
156 343
18 409
114 117
265 286
56 112
168 353
116 163
176 214
267 332
368 384
170 399
230 450
271 451
68 122
73 466
169 174
260 292
223 410
262 338
322 389
33 286
126 477
165 405
32 61
68 472
123 179
183 230
274 348
315 349
375 400
86 297
34 107
125 225
218 416
80 482
28 292
88 343
327 359
27 67
178 236
329 405
40 302
81 303
172 421
180 282
39 77
42 348
190 246
281 364
93 313
41 123
46 467
132 241
192 292
233 293
343 461
35 308
384 462
136 360
155 410
39 427
58 477
37 354
245 303
336 421
396 472
0 472
437 473
96 180
146 297
187 298
247 349
51 437
338 467
49 364
90 365
150 416
48 139
199 308
240 309
331 427
391 478
50 185
201 354
104 421
2 144
7 488
43 145
194 314
254 365
6 263
4 190
97 381
157 432
105 242
196 360
99 427
159 478
398 494
2 494
117 252
208 370
340 489
111 437
59 247
152 438
212 489
110 212
113 483
352 499
300 309
11 206
71 257
164 448
263 427
15 325
106 443
12 27
124 268
256 387
316 438
27 335
66 263
217 432
318 484
24 37
29 381
115 155
268 397
307 325
18 222
119 274
330 494
22 341
19 43
79 94
84 438
170 212
230 263
323 454
362 382
73 279
422 433
224 448
265 449
36 397
75 325
314 341
374 392
38 443
74 100
126 290
186 341
165 218
184 268
376 438
68 285
128 336
31 403
91 454
177 228
130 382
237 279
369 398
28 105
88 156
43 413
183 393
40 115
81 116
86 460
141 167
193 357
292 336
383 454
42 161
195 403
93 126
46 280
98 470
35 121
246 341
58 290
37 167
149 408
190 409
52 475
0 285
93 476
148 183
239 301
51 250
390 470
49 177
150 229
301 398
53 296
144 414
204 465
47 481
5 255
354 409
385 476
44 183
104 234
197 425
257 476
296 404
67 352
199 471
6 76
56 193
248 363
8 122
252 482
250 409
21 357
361 425
20 132
111 250
152 251
171 301
264 492
262 419
303 420
363 471
74 368
206 487
11 19
164 261
315 430
356 431
15 138
106 256
166 307
226 358
69 374
129 425
160 492
27 148
32 492
66 76
71 420
219 318
217 245
310 436
29 194
122 385
409 415
120 312
180 363
221 364
22 154
421 425
25 425
173 323
324 492
76 390
84 251
175 369
18 385
37 435
78 436
138 487
224 261
36 210
476 482
75 138
168 329
187 379
228 380
319 498
90 446
38 256
87 148
92 492
133 493
240 390
279 318
31 216
143 457
182 385
242 436
283 437
80 108
184 431
423 447
483 498
82 154
87 498
142 205
334 375
105 323
196 441
8 390
135 165
195 216
286 334
346 385
98 283
46 93
189 401
137 211
40 278
191 447
251 498
339 345
58 103
89 170
149 221
302 463
52 288
0 98
401 442
51 63
54 334
202 232
155 386
293 350
394 402
53 109
295 396
47 294
198 463
146 273
5 68
10 412
156 237
109 391
197 238
348 407
408 458
67 165
158 283
350 453
61 350
162 402
24 468
60 125
63 396
211 294
252 295
271 345
362 463
403 464
21 170
114 361
174 412
213 340
56 356
176 458
264 305
415 474
456 475
206 300
266 351
357 469
68 366
16 176
169 418
72 485
218 310
171 464
69 187
129 238
160 305
280 407
321 408
71 233
34 351
122 198
273 367
364 485
124 244
234 412
275 413
27 311
118 429
137 479
178 480
76 203
134 181
175 182
227 372
287 423
328 424
39 321
326 351
37 248
190 490
138 300
231 491
229 418
41 367
127 141
132 485
90 259
131 260
92 305
185 496
143 270
182 198
242 249
335 440
333 367
393 418
85 265
145 316
184 244
296 485
337 486
48 383
87 311
45 85
349 496
297 306
8 203
388 424
140 322
200 373
2 388
1 163
381 384
152 332
100 142
105 486
193 333
243 450
191 260
55 399
154 378
52 101
93 102
117 496
244 271
304 322
395 440
106 337
54 147
207 389
155 199
205 316
246 317
110 456
58 266
108 383
256 281
11 450
47 107
198 276
10 225
450 497
161 394
109 204
64 461
12 271
311 338
61 163
121 214
162 215
214 405
24 281
265 343
366 395
168 410
267 389
368 441
79 338
170 456
68 179
169 231
260 349
320 400
380 451
72 298
130 276
171 277
223 467
262 395
74 344
165 462
373 411
123 236
183 287
315 406
26 303
375 457
34 164
177 472
28 349
88 400
327 416
387 467
46 174
25 51
238 344
269 411
329 462
40 359
172 478
37 61
42 405
190 303
231 304
281 421
229 231
93 370
192 349
95 416
155 467
37 411
92 118
185 309
245 360
284 288
148 427
96 237
187 355
247 406
51 494
90 422
236 247
48 196
139 314
331 484
102 432
143 433
201 411
44 427
104 478
252 376
2 201
43 202
6 320
56 437
4 247
97 438
157 489
55 212
3 22
94 140
206 381
346 361
57 258
117 309
208 427
309 479
20 376
106 150
59 304
111 494
147 151
298 320
358 371
418 422
17 78
449 489
108 196
261 438
209 248
300 366
112 315
203 433
263 484
221 258
312 376
353 377
64 274
12 84
124 325
163 253
27 392
66 320
214 218
217 489
365 387
24 94
65 95
115 212
156 213
276 315
307 382
18 279
367 433
119 331
22 398
77 105
168 223
121 377
360 393
420 444
19 100
24 444
79 151
84 495
222 459
170 269
271 321
362 439
73 336
21 146
133 387
422 490
72 111
77 455
223 280
283 331
314 398
374 449
415 450
33 156
74 157
126 347
186 398
184 325
376 495
128 393
188 444
427 460
31 460
86 167
177 285
369 455
28 162
140 403
181 404
179 331
82 398
142 449
381 465
40 172
193 414
172 291
135 409
234 388
93 183
46 337
285 353
35 178
95 229
155 280
134 157
246 398
287 399
347 450
58 347
37 224
149 465
190 466
148 240
146 167
239 358
51 307
49 234
90 235
150 286
241 404
301 455
53 353
144 471
102 245
143 246
253 414
201 224
5 312
354 466
44 240
393 394
104 291
255 460
2 14
7 358
62 65
153 183
306 425
6 133
345 353
56 250
4 60
9 404
97 251
157 302
308 471
349 472
159 348
21 414
62 415
117 122
208 240
20 189
111 307
59 117
171 358
14 374
113 353
412 420
164 318
315 487
263 297
356 488
106 313
64 87
129 482
215 256
256 257
407 426
467 477
269 492
217 302
310 493
29 251
122 442
409 472
180 420
221 421
18 92
23 436
78 143
119 144
124 488
270 313
330 364
22 211
421 482
25 482
462 483
173 380
233 431
272 359
76 447
131 154
84 308
136 498
134 425
175 426
37 492
73 149
78 493
474 493
174 201
224 318
284 369
325 370
36 267
75 195
187 436
228 437
38 313
126 160
277 329
337 380
428 498
469 499
128 206
240 447
188 257
279 375
31 273
80 165
140 216
181 217
184 488
332 386
43 283
82 211
142 262
235 453
334 432
45 329
105 380
193 227
196 498
8 447
195 273
46 150
189 458
137 268
1 407
59 385
100 386
399 453
58 160
89 227
149 278
281 397
300 447
52 345
401 499
51 120
54 391
202 289
353 458
12 165
53 166
144 284
295 453
47 351
107 402
167 453
65 176
44 53
156 294
109 448
197 295
257 346
67 222
158 340
56 63
9 217
61 407
121 458
162 459
63 453
151 300
250 279
21 227
62 228
114 418
174 469
153 346
213 397
111 120
116 464
264 362
262 289
14 187
165 356
206 357
266 408
68 423
16 233
169 475
70 469
218 367
166 177
160 362
220 413
321 465
32 362
118 136
71 290
178 187
81 254
29 64
122 255
221 234
23 249
372 403
83 300
124 301
234 469
275 470
22 24
25 295
173 193
233 244
76 260
136 311
84 121
134 238
227 429
287 480
39 378
37 305
78 306
229 475
36 80
41 424
228 250
30 265
379 419
90 316
38 126
131 317
439 470
92 362
240 260
331 378
31 86
143 327
91 137
96 481
182 255
333 424
393 475
85 322
434 476
145 373
236 491
184 301
87 368
235 266
386 435
9 485
45 142
50 486
105 193
446 486
237 312
8 260
140 379
62 496
98 153
189 271
340 440
381 441
4 491
193 390
191 317
251 368
55 456
94 384
154 435
52 158
203 327
244 328
304 379
395 497
106 394
54 204
205 373
17 322
256 338
47 164
167 266
258 384
318 435
109 261
163 497
311 395
61 220
9 30
121 271
162 272
214 462
253 390
313 441
65 339
115 456
156 457
174 282
153 159
265 400
306 401
366 452
77 349
56 226
75 276
168 467
176 328
267 446
19 344
79 395
68 236
16 46
21 390
169 288
260 406
31 354
72 355
70 282
130 333
171 334
28 56
74 401
181 298
160 175
220 226
373 468
32 175
371 395
123 293
183 344
26 360
34 221
83 113
234 282
275 283
327 473
46 231
426 452
269 468
40 416
81 417
141 468
287 293
39 191
42 462
78 119
190 360
231 361
281 478
229 288
132 355
192 406
90 129
95 473
134 401
282 299
433 468
284 345
47 432
96 294
146 411
187 412
247 463
385 427
44 134
49 478
85 135
139 371
240 423
9 298
50 299
97 145
143 490
289 315
8 73
440 484
44 484
481 485
99 191
140 192
159 242
252 433
291 361
62 309
153 427
194 428
254 479
1 33
6 377
56 494
4 304
152 202
193 203
212 253
303 371
435 490
94 197
206 438
154 248
57 315
117 366
15 89
147 208
207 259
358 428
418 479
110 326
108 253
209 305
300 423
11 320
112 372
411 439
221 315
64 331
12 141
413 485
163 310
27 449
25 376
66 377
406 445
24 151
65 152
115 269
63 79
156 270
276 372
307 439
18 336
367 490
78 387
119 388
22 455
75 89
121 434
228 331
360 450
19 157
73 393
133 444
31 167
72 168
70 95
75 439
314 455
126 404
186 455
184 382
225 383
87 449
128 450
26 173
86 224
125 152
237 393
80 409
28 219
140 460
88 270
181 461
179 388
82 455
137 162
290 404
269 281
40 229
81 230
141 281
172 348
232 399
94 465
42 275
135 466
234 445
93 240
41 50
132 168
192 219
343 388
35 235
147 476
95 286
384 389
155 337
246 455
287 456
58 404
336 348
47 245
0 399
396 399
146 224
187 225
247 276
150 343
241 461
12 409
48 66
53 410
139 184
199 235
259 286
391 405
9 111
50 112
102 302
451 456
201 281
294 472
5 369
13 230
44 297
403 415
2 71
153 240
194 241
6 190
9 461
97 308
157 359
248 477
55 82
60 426
206 251
159 405
398 421
21 471
458 472
117 179
309 349
400 467
111 364
59 174
171 415
212 416
14 431
74 482
110 139
160 256
261 308
321 359
352 426
412 477
16 477
453 478
164 375
112 185
203 303
263 354
15 252
106 370
226 472
465 488
64 144
124 195
256 314
275 364
316 365
27 262
407 483
25 189
66 190
178 431
219 432
217 359
122 499
268 324
419 493
23 493
210 319
330 421
173 437
272 416
131 211
84 365
134 482
175 483
222 329
323 381
73 206
224 375
284 426
325 427
36 324
96 375
127 442
75 252
126 217
186 268
184 195
277 386
87 262
128 263
188 314
91 381
181 274
179 201
332 443
43 340
392 494
142 319
334 489
45 386
105 437
191 211
94 278
42 88
135 279
234 258
346 499
46 207
1 464
147 289
95 99
100 443
246 268
339 459
58 217
397 437
89 284
149 335
209 386
47 58
0 212
52 402
51 177
390 397
49 104
54 448
109 155
241 274
301 325
12 222
53 223
204 392
47 408
102 115
107 459
162 166
5 182
65 233
13 43
445 454
44 110
156 351
104 161
197 352
257 403
385 403
255 330
67 279
259 449
56 120
9 274
61 464
248 290
308 341
159 218
271 459
250 336
21 284
114 475
260 300
213 454
20 59
452 470
56 470
171 228
212 229
264 419
262 346
303 347
322 397
14 244
363 398
165 413
206 414
225 464
266 465
16 290
375 408
15 65
34 115
218 424
166 234
278 475
226 285
317 403
28 300
69 301
418 455
220 470
27 75
32 419
178 244
219 245
269 362
310 363
370 414
29 121
34 465
172 429
23 306
372 460
83 357
22 81
173 250
384 470
136 368
134 295
175 296
227 486
326 465
138 414
377 430
437 481
36 137
127 255
228 307
319 425
379 476
90 373
131 374
222 492
92 419
240 317
331 435
91 194
182 312
242 363
333 481
44 378
85 379
145 430
43 153
48 497
194 322
235 323
6 271
386 492
97 389
45 199
196 368
297 420
99 435
159 486
249 379
290 380
309 430
1 277
340 497
288 307
59 255
100 256
152 446
212 497
3 323
89 97
52 215
0 25
203 384
244 385
15 333
106 451
54 261
147 452
205 430
12 35
108 497
144 154
256 395
47 221
107 272
167 323
258 441
10 339
101 457
307 333
7 41
311 452
259 262
9 87
121 328
162 329
253 447
272 497
19 51
24 395
65 396
63 323
271 272
362 390
114 288
62 98
174 339
265 457
75 333
116 334
14 57
19 401
225 277
266 278
417 447
16 103
128 344
260 463
31 411
130 390
218 237
278 288
369 406
28 113
69 114
129 165
160 232
280 334
123 350
26 417
86 468
34 278
172 242
125 396
273 294
424 463
28 463
83 170
234 339
275 340
46 288
25 165
137 406
178 407
238 458
76 130
81 474
136 181
227 299
287 350
419 469
37 175
190 417
138 227
0 293
41 294
93 484
132 412
431 479
90 186
131 187
222 305
241 355
282 356
342 407
185 423
284 402
47 489
294 366
335 367
385 484
85 192
296 412
199 479
6 84
9 355
50 356
289 372
349 423
8 130
13 474
99 248
159 299
200 300
252 490
250 417
103 367
153 484
194 485
1 90
212 310
303 428
3 136
206 495
305 474
57 372
117 423
356 439
15 146
20 490
106 264
59 418
205 243
298 434
17 192
110 383
108 310
300 480
71 428
112 429
198 203
310 444
10 152
15 496
409 423
101 270
161 321
221 372
312 490
353 491
64 388
12 198
124 439
210 213
163 367
22 162
25 433
61 90
66 434
24 208
65 209
84 259
464 480
175 377
216 378
307 496
78 444
265 270
416 439
75 146
116 147
176 198
19 214
131 455
170 383
230 434
73 450
128 157
320 327
31 224
72 225
70 152
130 203
32 45
123 163
183 214
26 230
375 384
86 281
34 91
177 399
125 209
237 450
278 451
28 276
179 445
327 343
387 394
46 101
137 219
290 461
238 271
288 388
389 440
232 456
39 61
42 332
190 230
281 348
341 399
0 106
41 107
192 276
285 467
35 292
155 394
394 410
58 461
185 236
336 405
47 302
437 457
146 281
239 472
51 421
338 451
49 348
109 399
150 400
197 246
48 123
53 467
139 241
199 292
259 343
350 461
391 462
102 359
50 169
162 410
201 338
5 426
65 477
13 287
104 405
252 303
403 472
2 128
103 180
153 297
254 349
345 467
4 174
97 365
456 483
159 462
57 185
117 236
208 354
309 406
111 421
410 488
69 195
110 196
160 313
113 467
352 483
71 241
112 242
164 432
263 411
15 309
125 477
166 478
124 252
215 370
275 421
316 422
27 319
66 247
219 489
29 365
115 139
175 190
268 381
328 432
307 309
18 206
78 257
119 258
231 499
210 376
270 427
22 325
173 494
84 422
170 196
230 247
73 263
133 314
36 381
75 309
314 325
38 427
184 252
277 443
337 494
128 320
188 371
279 489
31 387
50 437
86 94
91 438
177 212
369 382
80 279
140 330
88 140
181 331
179 258
291 499
103 448
82 325
441 443
100 150
193 341
191 268
232 269
3 217
383 438
94 335
42 145
135 336
195 387
443 489
93 110
98 454
436 449
59 499
95 156
147 346
347 377
58 274
89 341
438 495
149 392
209 443
47 115
52 459
148 167
239 285
299 336
51 234
109 212
150 213
241 331
144 398
47 465
253 341
354 393
65 290
44 167
156 408
197 409
255 387
7 285
158 454
306 352
6 60
56 177
157 229
248 347
19 295
60 296
151 414
211 465
159 275
62 342
260 357
361 409
72 306
20 116
111 234
171 285
212 286
262 403
363 455
74 352
165 470
113 280
16 347
164 245
375 465
34 172
226 342
28 357
69 358
160 476
27 132
32 476
118 250
178 301
269 419
217 229
310 420
370 471
81 368
122 369
172 486
120 296
180 347
18 19
23 363
83 414
231 312
25 409
173 307
233 358
272 286
35 373
76 374
84 235
134 352
175 353
37 419
73 76
78 420
138 471
224 245
284 296
96 245
127 312
187 363
228 364
30 379
131 431
87 132
92 476
128 133
331 492
279 302
50 250
91 251
143 441
182 369
242 420
44 435
85 436
103 261
82 138
194 379
142 189
235 380
105 307
196 425
3 30
135 149
195 200
286 318
346 369
189 385
249 436
1 334
288 364
100 313
191 431
251 482
3 380
58 87
490 498
89 154
149 205
209 256
341 375
0 82
112 323
244 442
304 493
202 216
293 334
17 436
53 93
144 211
163 261
204 262
256 452
355 431
47 278
107 329
167 380
198 447
258 498
5 52
10 396
65 103
216 272
257 273
408 442
119 339
158 267
22 406
162 386
360 401
19 108
24 452
60 109
63 380
151 227
271 329
362 447
422 498
21 154
114 345
174 396
463 499
213 324
72 119
77 463
75 390
116 391
176 442
264 289
415 458
74 165
225 334
357 453
128 401
169 402
72 469
70 396
218 294
278 345
28 170
181 412
129 222
160 289
280 391
32 289
82 406
183 458
122 182
125 453
273 351
23 176
135 417
234 396
275 397
46 345
137 463
134 165
227 356
39 305
190 474
138 284
0 350
41 351
338 345
38 53
241 412
53 361
144 479
92 289
50 63
143 254
294 423
393 402
85 249
197 490
145 300
236 418
48 367
139 485
6 141
45 69
105 120
289 429
349 480
8 187
99 305
159 356
200 357
250 474
291 475
62 423
103 424
1 147
340 367
4 418
152 316
100 126
243 434
191 244
303 485
55 383
3 193
94 311
154 362
52 85
112 136
117 480
263 305
304 306
356 496
106 321
147 322
166 372
298 491
69 439
17 249
110 440
108 367
256 265
407 434
11 434
112 486
219 383
198 260
318 362
122 450
409 480
101 327
161 378
221 429
64 445
119 152
124 496
210 270
163 424
22 219
25 490
462 491
121 198
313 368
404 486
18 450
114 158
174 209
265 327
325 378
416 496
457 497
75 203
116 204
168 394
176 255
228 445
19 271
79 322
170 440
230 491
68 163
128 214
169 215
320 384
31 281
380 435
70 209
130 260
223 451
322 430
33 327
181 225
225 497
123 220
183 271
274 389
334 440
26 287
88 384
46 158
137 276
238 328
288 445
329 446
389 497
100 394
141 395
3 461
37 45
42 389
190 287
281 405
341 456
0 163
41 164
93 354
132 282
192 333
95 400
155 451
394 467
336 462
148 411
146 338
247 390
44 61
49 405
109 456
150 457
48 180
447 451
199 349
259 400
9 225
50 226
162 467
201 395
13 344
44 411
63 461
104 462
159 169
252 360
62 236
213 405
254 406
56 421
97 422
157 473
243 247
55 196
3 6
206 365
266 416
305 344
16 241
57 242
117 293
208 411
309 463
20 360
111 478
166 185
69 252
17 62
108 180
321 473
11 247
164 489
263 468
122 263
372 411
64 258
124 309
215 427
163 237
275 478
316 479
22 32
27 376
118 494
66 304
365 371
24 78
29 422
115 196
175 247
216 248
276 299
307 366
119 315
270 484
77 89
168 207
228 258
319 376
360 377
420 428
19 84
131 325
84 479
222 443
230 304
323 495
73 320
422 474
224 489
31 94
36 438
96 489
182 263
283 315
85 330
33 140
126 331
186 382
184 309
188 428
427 444
50 494
86 151
177 269
237 320
297 371
388 489
80 336
140 387
88 197
200 438
43 454
82 382
142 433
381 449
40 156
193 398
141 208
191 325
232 326
3 274
383 495
94 392
42 202
195 444
244 336
285 337
147 403
95 213
155 264
246 382
347 434
89 398
149 449
47 172
0 326
198 341
146 151
101 408
49 218
202 460
150 270
241 388
12 336
53 337
9 38
102 229
294 399
313 449
5 296
65 347
156 465
104 275
197 466
7 342
153 167
213 218
366 460
6 117
56 234
4 44
116 285
157 286
248 404
19 352
60 353
16 54
260 414
208 224
361 466
72 363
20 173
359 393
171 342
262 460
14 358
74 409
352 353
16 404
164 302
263 281
125 347
166 348
226 399
28 414
129 466
215 240
407 410
118 307
66 117
178 358
217 286
81 425
122 426
419 420
78 127
119 128
231 369
210 246
229 296
270 297
330 348
421 466
132 363
35 430
76 431
131 138
84 292
136 482
134 409
222 256
282 307
474 477
73 133
185 374
133 184
325 354
96 302
127 369
247 471
30 436
90 487
277 313
337 364
87 189
240 431
188 241
279 359
143 498
44 492
85 493
140 200
200 251
332 370
392 421
103 318
82 195
142 246
235 437
6 385
105 364
344 380
3 87
435 498
94 205
135 206
286 375
189 442
249 493
1 391
288 421
100 370
191 488
298 385
339 386
3 437
58 144
149 262
209 313
300 431
341 432
52 329
0 139
112 380
203 498
15 447
101 221
54 375
202 273
293 391
353 442
413 493
17 493
53 150
163 318
204 319
295 437
355 488
66 385
167 437
5 109
63 87
156 278
257 330
348 448
119 396
67 206
158 324
22 463
61 391
360 458
19 165
151 284
211 335
271 386
174 453
72 176
75 447
116 448
176 499
264 346
14 171
74 222
165 340
113 150
225 391
266 392
128 458
169 459
34 42
70 453
125 160
278 402
28 227
69 228
88 278
179 396
220 397
280 448
32 346
82 463
123 464
269 289
329 340
81 238
34 392
172 356
120 166
232 407
273 408
23 233
135 474
372 387
234 453
46 402
132 176
173 177
285 418
324 346
35 243
76 244
134 222
227 413
287 464
138 341
229 459
36 64
41 408
187 233
247 284
30 249
379 403
90 300
38 110
150 351
241 469
282 470
92 346
240 244
391 413
182 239
333 408
44 305
85 306
393 459
145 357
236 475
43 80
48 424
103 131
194 249
235 250
6 198
345 418
386 419
4 125
9 469
45 126
105 177
446 470
248 485
289 486
297 347
8 244
99 362
200 414
398 429
2 429
57 136
62 480
98 137
103 481
189 255
309 357
400 475
441 476
59 182
100 183
152 373
212 424
251 352
3 250
110 147
113 418
453 486
57 486
112 193
203 311
263 362
304 363
15 260
54 188
166 429
207 430
205 357
17 306
110 497
108 424
407 491
448 492
107 199
167 250
198 317
258 368
10 266
161 435
210 327
163 481
311 379
22 276
402 497
61 204
121 255
214 446
272 424
313 425
24 322
84 373
115 440
175 491
114 215
174 266
325 435
366 436
77 333
75 260
116 261
168 451
267 430
19 328
38 378
68 220
128 271
169 272
320 441
31 338
72 339
91 389
380 492
70 266
130 317
28 40
33 384
181 282
373 452
32 159
82 276
123 277
274 446
334 497
83 97
88 441
234 266
327 457
46 215
426 436
238 385
40 400
100 451
438 446
190 344
138 154
229 272
0 220
41 221
93 411
35 406
150 164
144 349
185 350
47 416
146 395
247 447
385 411
445 462
44 118
49 462
104 169
145 170
197 360
236 288
296 339
7 236
48 237
139 355
199 406
9 282
97 129
157 180
248 298
201 452
289 299
349 350
8 57
151 365
99 175
159 226
200 227
351 396
62 293
103 294
153 411
213 462
254 463
1 17
56 478
4 288
152 186
212 237
303 355
363 406
55 253
113 231
154 232
206 422
266 473
305 401
117 350
208 468
356 366
15 73
20 417
106 191
358 412
69 309
17 119
160 427
261 479
71 355
310 371
10 79
34 473
122 320
161 248
372 468
64 315
124 366
215 484
22 89
27 433
25 360
66 361
365 428
425 479
29 479
84 186
115 253
175 304
216 305
268 495
276 356
307 423
326 473
138 422
22 439
41 489
77 146
319 433
379 484
170 310
230 361
133 428
31 151
36 495
70 79
182 320
374 490
85 387
126 388
186 439
184 366
82 89
87 433
235 331
188 485
86 208
177 326
237 377
297 428
140 444
200 495
179 372
82 439
137 146
142 490
100 264
141 265
193 455
191 382
3 331
89 105
42 259
94 449
135 450
132 152
285 394
343 372
35 219
155 321
246 439
58 388
89 455
47 229
107 280
148 281
198 398
239 399
247 260
10 347
109 326
150 327
301 496
48 50
259 270
350 388
9 95
102 286
253 455
5 353
65 404
63 331
104 332
7 399
153 224
213 275
306 466
345 394
56 291
116 342
248 461
19 409
60 410
206 235
266 286
21 455
57 112
117 163
260 471
20 230
70 347
111 348
171 399
410 415
14 415
113 394
261 292
412 461
11 117
71 168
164 359
263 338
34 286
122 133
125 404
364 420
28 471
69 472
465 472
124 179
316 349
27 246
407 467
118 364
219 416
217 343
76 138
120 410
180 461
328 359
18 133
23 477
78 184
138 235
231 426
229 353
270 354
330 405
41 302
132 420
173 421
233 472
35 487
76 488
131 195
222 313
282 364
323 365
133 241
284 410
127 426
335 375
30 493
85 200
38 354
126 201
186 252
240 488
279 416
50 364
182 483
140 257
179 185
332 427
43 324
103 375
194 493
142 303
235 494
6 442
105 421
344 437
3 144
8 488
94 262
154 313
195 314
286 432
98 381
189 499
1 448
59 426
54 82
100 427
207 324
298 442
246 252
339 443
399 494
110 391
149 319
209 370
52 386
112 437
101 278
202 330
293 448
353 499
301 309
12 206
163 375
66 442
107 443
167 494
253 268
5 166
65 217
404 437
63 144
156 335
257 387
7 212
119 453
56 104
61 448
121 499
308 325
459 494
63 494
151 341
211 392
73 458
21 268
114 459
260 284
72 233
20 43
452 454
70 160
111 161
171 212
264 403
262 330
322 381
363 382
126 469
225 448
123 171
164 172
315 341
26 238
375 392
34 99
278 459
226 269
317 387
129 336
220 454
238 279
269 346
81 295
141 346
172 413
120 223
232 464
180 274
273 465
382 408
46 459
132 233
173 234
285 475
324 403
384 454
76 301
136 352
134 279
39 419
326 449
0 464
437 465
96 172
187 290
247 341
338 459
30 306
379 460
90 357
150 408
53 475
139 249
92 403
240 301
391 470
50 177
143 368
201 346
85 363
104 413
444 481
43 137
103 188
194 306
235 307
345 475
4 182
45 183
157 424
105 234
60 491
8 301
200 471
2 486
57 193
98 194
189 312
340 481
59 239
212 481
251 409
55 497
110 204
113 475
154 476
300 301
52 199
112 250
203 368
15 317
106 435
166 486
207 487
205 414
12 19
17 363
108 481
163 188
316 430
295 307
66 255
107 256
198 374
318 476
120 491
307 317
7 25
119 266
210 384
311 436
22 333
61 261
272 481
313 482
24 379
84 430
115 497
170 204
362 374
73 271
114 272
174 323
176 369
314 333
14 41
38 435
74 92
376 430
417 431
128 328
188 379
320 498
26 51
31 395
33 441
181 339
129 149
280 318
32 216
371 436
82 333
123 334
183 385
81 108
141 159
172 226
232 277
364 396
424 447
23 103
484 498
83 154
234 323
46 272
426 493
238 442
35 113
76 114
136 165
227 283
378 452
89 349
37 159
138 211
229 329
0 277
41 278
93 468
132 396
239 293
192 447
241 339
282 340
53 288
144 406
185 407
204 457
47 473
146 452
294 350
335 351
354 401
197 417
145 227
257 468
236 345
7 293
48 294
199 463
6 68
248 355
289 356
349 407
60 304
13 458
151 422
99 232
159 283
252 474
250 401
2 299
153 468
4 345
243 361
303 412
363 463
113 288
206 479
305 458
57 356
117 407
106 248
54 58
166 299
205 227
298 418
69 366
17 176
108 294
11 361
66 68
71 412
217 237
411 480
122 377
221 356
312 474
64 372
124 423
27 490
61 74
173 315
121 125
214 316
365 485
24 192
115 310
276 413
18 377
73 84
78 428
416 423
168 321
176 182
170 367
230 418
128 141
133 485
279 310
31 208
91 259
471 480
70 136
182 377
130 187
223 378
283 429
85 444
33 254
126 445
186 496
184 423
423 439
82 146
87 490
123 147
183 198
274 316
334 367
26 214
177 383
237 434
297 485
80 450
135 157
88 311
179 429
46 85
189 393
238 255
288 372
329 373
389 424
100 321
141 322
191 439
292 491
3 388
42 316
281 332
382 384
93 281
244 450
285 451
51 55
343 429
54 326
155 378
246 496
53 101
58 445
245 271
295 388
47 286
396 440
107 337
198 455
146 265
10 404
51 405
49 332
109 383
348 399
7 106
48 107
350 445
102 343
162 394
201 322
5 410
60 117
13 271
63 388
151 235
403 456
2 112
62 163
153 281
254 333
345 451
56 348
4 158
116 399
157 400
19 466
55 123
60 467
456 467
206 292
266 343
357 461
398 462
57 169
72 477
20 287
70 404
410 472
69 179
110 180
160 297
220 348
261 349
321 400
32 297
352 467
11 174
123 415
71 225
164 416
26 482
34 343
122 190
125 461
364 477
124 236
275 405
27 303
25 230
178 472
76 195
29 349
115 123
120 467
328 416
326 343
138 292
231 483
229 410
270 411
41 359
132 477
173 478
38 61
222 370
170 180
282 421
323 422
73 247
185 488
133 298
224 416
284 467
36 365
127 483
335 432
85 257
186 309
184 236
337 478
376 406
139 493
87 303
188 355
279 473
26 27
45 77
91 422
177 196
237 247
88 124
200 365
43 381
142 360
1 155
6 499
4 426
40 83
100 134
105 478
191 252
344 494
3 201
383 422
42 129
195 371
286 489
57 437
93 94
98 438
395 432
54 139
59 483
298 499
246 309
110 448
89 325
148 151
198 268
239 269
299 320
390 438
450 489
54 489
109 196
202 387
12 263
163 432
66 499
5 223
354 377
65 274
13 84
404 494
445 495
156 392
257 444
255 371
7 269
67 320
158 438
306 336
56 161
116 212
157 213
308 382
368 433
170 448
211 449
169 223
260 341
320 392
361 393
72 290
223 459
171 269
14 285
74 336
165 454
373 403
32 110
123 228
164 229
26 295
375 449
34 156
125 274
218 465
317 444
28 341
88 392
129 393
27 116
25 43
178 285
238 336
269 403
329 454
81 352
172 470
120 280
180 331
23 347
231 296
132 290
233 342
324 460
136 409
134 336
39 476
37 403
185 301
138 455
36 178
127 296
187 347
30 363
90 414
38 224
150 465
48 188
139 306
240 358
331 476
50 234
143 425
201 403
44 419
291 296
43 194
194 363
6 312
4 239
157 481
105 291
196 409
3 14
8 358
99 476
154 183
98 251
249 420
1 318
59 296
152 487
251 466
110 261
58 71
302 431
300 358
52 256
112 307
203 425
263 476
304 477
10 30
15 374
101 148
54 302
106 492
353 369
64 266
12 76
163 245
204 246
316 487
355 415
167 364
10 380
29 430
65 87
156 205
216 256
348 375
367 425
67 133
210 441
158 251
270 492
311 493
22 390
61 318
121 369
420 436
84 487
170 261
211 262
271 313
73 328
21 138
174 380
72 103
77 447
223 272
176 426
314 390
38 492
74 149
79 493
126 339
188 436
26 108
70 380
218 278
369 447
429 498
28 154
220 324
32 273
123 391
26 458
81 165
172 283
23 160
135 401
234 380
137 447
285 345
136 222
134 149
287 391
347 442
190 458
138 268
0 334
148 232
51 299
90 227
150 278
241 396
301 447
53 345
144 463
143 238
294 407
13 165
44 232
104 283
145 284
236 402
7 350
48 351
139 469
6 125
4 52
9 396
45 53
97 243
157 294
248 412
349 464
8 171
151 479
159 340
250 458
57 63
340 351
400 402
4 402
111 299
59 109
152 300
243 418
303 469
251 279
14 366
55 367
113 345
11 68
16 412
52 69
57 413
117 464
203 238
263 289
356 480
15 187
395 408
414 458
106 305
455 459
166 356
207 357
64 79
17 233
69 423
110 424
108 351
407 418
467 469
66 125
258 295
318 346
29 243
122 434
409 464
120 361
161 362
221 413
23 428
119 136
124 480
270 305
22 203
402 424
25 474
61 131
462 475
121 182
214 373
272 351
76 439
84 300
115 367
18 434
73 141
174 193
168 378
176 239
126 152
79 306
131 496
170 424
230 475
73 491
279 367
320 368
70 193
182 434
130 244
373 379
32 86
423 496
82 203
123 204
142 254
235 445
274 373
334 424
45 321
86 322
237 491
135 214
327 384
387 435
98 332
189 450
137 260
238 312
1 399
40 327
389 481
100 378
141 379
3 445
39 102
42 373
190 271
281 389
341 440
401 491
0 147
93 338
343 486
95 384
204 327
245 328
295 445
47 343
396 497
107 394
146 322
51 462
44 45
49 389
109 440
197 287
257 338
348 456
139 282
199 333
61 399
162 451
201 379
5 467
60 174
13 328
63 445
104 446
252 344
114 410
153 338
213 389
254 390
111 112
157 457
14 179
113 158
266 400
169 467
117 277
70 461
106 118
317 338
69 236
17 46
449 457
108 164
220 405
321 457
123 472
71 282
29 56
34 400
122 247
461 467
273 416
221 226
312 344
372 395
124 293
275 462
25 287
24 62
84 113
115 180
268 422
326 400
18 247
367 401
78 298
229 467
270 468
41 416
319 360
30 257
379 411
38 118
79 119
131 309
222 427
282 478
230 288
92 354
224 473
31 78
36 422
223 248
242 298
335 489
333 416
374 417
85 314
33 124
145 365
186 366
236 483
48 432
235 258
386 427
427 428
177 253
289 494
237 304
297 355
388 473
80 320
140 371
200 422
43 438
98 145
189 263
1 212
441 484
40 140
45 484
100 191
191 309
251 360
292 361
3 258
94 376
42 186
98 495
395 489
436 490
207 438
246 366
58 315
89 382
149 433
209 484
11 499
47 156
107 207
239 326
299 377
51 275
101 392
109 253
202 444
301 423
204 490
61 212
102 213
162 264
253 382
313 433
13 141
63 258
255 428
114 223
67 377
366 444
56 218
116 269
267 438
308 439
19 336
368 490
79 387
16 38
21 382
169 280
361 450
72 347
20 157
359 377
70 274
111 275
262 444
322 495
14 342
32 167
11 44
164 286
34 213
414 434
125 331
23 54
129 450
215 224
25 100
118 291
178 342
238 393
269 460
217 270
29 219
141 460
120 337
227 234
180 388
18 60
42 454
83 455
138 162
270 281
330 332
41 229
421 450
132 347
173 348
192 398
233 399
95 465
136 466
134 393
222 240
37 460
133 168
245 409
224 286
284 337
148 476
96 286
127 353
187 404
247 455
30 420
85 127
90 471
145 178
277 297
337 348
48 245
428 466
139 363
87 173
240 415
50 291
143 482
242 461
44 476
80 133
140 184
200 235
291 353
351 404
392 405
194 420
142 230
97 487
105 348
193 195
3 71
154 240
57 307
1 375
59 353
207 251
298 369
339 370
399 421
17 127
58 128
110 318
108 245
261 487
209 297
302 488
300 415
11 312
52 313
401 467
203 482
15 431
51 88
101 205
161 256
293 375
353 426
413 477
12 133
17 477
163 302
256 493
355 472
66 369
214 267
29 487
63 71
156 262
216 313
276 364
307 431
367 482
119 380
67 190
210 498
22 447
61 375
121 426
360 442
420 493
19 149
24 493
271 370
362 488
21 195
174 437
72 160
70 87
75 431
415 499
14 155
126 396
165 324
225 375
68 391
188 493
125 144
218 335
80 401
129 263
179 380
220 381
32 330
82 447
183 499
269 273
81 222
29 32
141 273
232 391
180 201
42 267
83 268
135 458
234 437
41 42
46 386
192 211
285 402
136 279
475 499
134 206
227 397
287 448
39 346
36 48
148 289
96 99
127 166
239 407
187 217
51 356
338 386
90 284
150 335
139 176
92 330
331 346
50 104
201 273
13 222
104 340
145 341
7 407
43 64
48 408
103 115
194 233
254 284
6 182
345 402
446 454
45 110
157 351
105 161
196 279
8 228
99 346
159 397
398 413
2 413
98 121
249 290
309 341
1 188
20 238
340 408
400 459
59 166
152 357
243 475
14 423
55 424
110 131
261 300
352 418
11 125
16 469
52 126
112 177
164 367
203 295
263 346
15 244
226 464
205 341
64 136
108 408
256 306
407 475
11 475
66 182
219 424
217 351
258 352
161 419
64 486
119 193
22 260
121 239
272 408
76 496
84 357
175 475
323 373
18 491
73 198
77 317
228 486
176 296
267 414
38 362
126 209
170 481
68 204
128 255
279 424
320 425
182 491
223 492
33 368
332 435
373 436
392 486
32 143
142 311
183 312
274 430
334 481
45 378
177 497
42 80
135 271
286 440
234 250
327 441
98 389
137 317
1 456
288 486
35 40
40 384
100 435
339 451
39 159
378 379
37 86
190 328
281 446
341 497
0 204
93 395
51 169
30 46
90 97
95 441
241 266
144 333
92 143
245 385
47 400
148 452
146 379
5 174
385 395
445 446
44 102
104 153
109 497
145 154
197 344
199 390
61 456
9 266
97 113
102 457
248 282
308 333
60 231
440 452
151 349
211 400
159 210
252 401
250 328
62 277
213 446
452 462
111 169
152 170
212 221
243 288
303 339
14 236
266 457
305 385
164 180
20 401
226 277
317 395
358 396
418 447
17 103
129 344
220 462
11 288
71 339
219 237
310 355
34 457
120 231
273 473
221 283
312 401
64 299
215 468
22 73
173 242
214 243
365 412
76 309
29 463
425 463
227 478
175 288
268 479
276 340
326 457
18 304
367 458
138 406
41 473
168 248
228 299
30 314
379 468
38 175
79 176
131 366
222 484
230 345
133 412
31 135
36 479
182 304
242 355
283 356
374 474
85 371
33 181
186 423
184 350
48 489
235 315
386 484
427 485
45 191
86 192
177 310
237 361
297 412
80 377
140 428
200 479
98 202
189 320
290 372
288 299
40 197
193 439
191 366
292 418
3 315
94 433
42 243
154 484
195 485
52 207
0 17
304 428
343 356
147 444
155 305
246 423
17 371
108 489
149 490
295 315
355 366
148 265
146 192
299 434
10 331
51 332
101 449
49 259
12 377
67 84
158 202
311 444
61 269
9 79
253 439
5 337
65 388
151 162
211 213
255 485
114 280
67 434
213 259
306 450
56 275
405 429
267 495
308 496
19 393
79 444
206 219
266 270
357 388
16 95
21 439
169 337
117 147
260 455
208 265
72 404
20 214
359 434
70 331
14 399
69 106
74 450
129 157
220 275
261 276
321 327
371 444
11 101
123 342
164 343
26 409
125 388
273 286
364 404
424 455
23 111
28 455
83 162
215 281
275 332
27 230
118 348
238 450
76 122
136 173
227 291
180 445
268 292
328 343
419 461
18 117
231 410
229 337
41 286
192 455
30 127
222 297
282 348
185 415
133 225
245 466
284 394
36 292
96 343
187 461
335 359
85 184
145 235
277 354
337 405
240 472
99 240
140 241
200 292
291 410
2 307
351 461
103 359
194 477
6 426
45 354
344 421
55 318
3 128
57 364
1 432
20 482
54 66
59 410
205 235
298 426
397 405
108 302
149 303
300 472
11 369
52 370
411 488
10 144
15 488
101 262
49 72
161 313
109 123
293 432
353 483
64 380
163 359
61 82
66 426
167 478
5 150
464 472
63 128
216 370
276 421
307 488
255 298
119 437
56 88
61 432
116 139
267 308
459 478
211 376
271 427
68 98
21 252
73 442
72 217
20 27
471 488
111 145
171 196
264 387
322 365
14 212
33 262
126 453
68 448
128 499
183 206
274 324
315 325
26 222
375 376
86 273
177 391
125 201
218 392
278 443
226 253
80 458
88 319
327 335
280 489
27 43
118 161
178 212
238 263
389 432
141 330
172 397
232 448
39 53
42 324
83 325
382 392
41 99
285 459
233 269
35 284
384 438
39 403
37 330
185 228
245 279
0 448
36 105
148 346
96 156
437 449
127 223
239 464
187 274
51 413
30 290
48 115
53 459
139 233
92 387
240 285
331 403
391 454
50 161
143 352
44 346
2 120
48 465
444 465
194 290
345 459
105 218
196 336
60 475
8 285
159 454
2 470
57 177
208 346
249 347
20 295
111 413
59 223
14 480
113 459
261 357
302 358
352 475
11 182
52 183
112 234
203 352
263 403
15 301
106 419
166 470
205 398
108 465
163 172
256 363
66 239
219 481
167 291
217 408
258 409
318 460
120 475
18 198
158 178
311 420
22 317
121 296
84 414
115 481
170 188
73 255
21 65
114 256
133 306
174 307
224 424
36 373
77 374
168 492
314 317
33 75
38 419
126 266
186 317
277 435
68 261
128 312
26 35
369 374
80 271
28 81
88 132
332 492
371 420
82 317
142 368
274 487
172 210
232 261
292 312
383 430
42 137
83 138
135 328
195 379
286 497
234 307
327 498
98 446
137 374
436 441
35 97
40 441
136 149
227 267
287 318
347 369
378 436
89 333
37 143
42 487
149 384
190 385
0 261
93 452
148 159
239 277
51 226
390 446
431 447
54 497
95 498
491 498
241 323
342 375
144 390
204 441
47 457
143 165
146 436
294 334
5 231
13 92
104 210
255 379
296 380
6 52
97 170
157 221
308 390
8 98
151 406
211 457
159 267
250 385
2 283
62 334
20 108
111 226
264 468
243 345
303 396
14 293
363 447
305 442
164 237
117 391
15 114
20 458
166 283
226 334
205 211
317 452
69 350
129 401
108 278
32 468
217 221
370 463
411 464
29 170
120 288
161 289
180 339
221 340
312 458
23 355
22 130
27 474
173 299
214 300
272 278
365 469
76 366
24 176
84 227
115 294
18 361
78 412
377 479
77 187
127 304
228 356
30 371
38 232
68 74
92 468
133 469
31 192
91 243
130 171
242 412
80 84
33 238
85 428
186 480
184 407
82 130
87 474
274 300
177 367
196 417
237 418
297 469
80 434
99 484
135 141
140 485
98 259
46 69
478 480
249 428
288 356
40 254
389 408
193 496
89 146
94 490
149 197
190 198
281 316
52 264
343 413
202 208
205 479
246 480
293 326
17 428
53 85
295 372
355 423
47 270
396 424
107 321
167 372
198 439
258 490
5 44
10 388
49 316
109 367
197 214
348 383
408 434
7 90
67 141
199 260
259 311
61 326
9 136
253 496
5 394
60 101
65 445
63 372
151 219
211 270
252 271
2 96
114 337
62 147
67 491
116 383
176 434
264 281
14 106
55 107
165 275
206 276
357 445
68 342
16 152
21 496
169 394
117 204
417 496
458 497
208 322
70 388
111 389
410 456
220 332
321 384
32 281
71 209
164 400
183 450
34 327
125 445
226 497
364 461
83 219
124 220
215 338
275 389
25 214
118 405
76 179
227 348
268 349
328 400
39 297
18 174
138 276
229 394
41 343
30 184
282 405
342 456
92 281
133 282
224 400
284 451
36 349
96 400
333 343
85 241
33 51
186 293
236 410
184 220
277 411
337 462
45 61
50 405
196 230
289 421
8 179
388 400
140 298
200 349
291 467
2 364
103 416
189 190
1 139
6 483
340 359
4 410
100 118
105 462
193 309
243 426
344 478
55 375
94 303
443 457
52 77
117 472
244 247
395 416
455 467
54 123
59 467
147 314
155 175
205 292
246 293
298 483
17 241
58 242
397 462
108 359
209 411
52 427
167 185
198 252
258 303
299 304
10 201
390 422
101 319
109 180
293 489
64 437
12 247
163 416
311 314
402 432
61 139
66 483
214 381
253 309
313 360
5 207
65 258
404 478
63 185
156 376
216 427
255 355
18 442
114 150
265 319
457 489
56 145
19 263
79 314
230 483
271 484
21 309
169 207
260 325
320 376
361 377
380 427
20 84
70 201
130 252
223 443
264 444
322 422
33 319
74 320
165 438
225 489
32 94
123 212
315 382
26 279
86 330
34 140
125 258
218 449
28 325
327 392
27 100
25 27
118 218
178 269
238 320
329 438
81 336
172 454
180 315
42 381
83 382
231 280
382 449
132 274
192 325
233 326
324 444
384 495
95 392
136 393
92 94
245 336
96 213
187 331
247 382
49 397
90 398
48 172
139 290
87 100
199 341
331 460
201 387
13 336
44 403
104 454
252 352
2 177
43 178
103 229
442 449
194 347
4 223
157 465
105 275
196 393
55 188
8 342
94 116
99 460
154 167
305 336
57 234
208 403
20 352
111 470
59 280
17 54
110 245
108 172
149 173
209 224
302 415
52 240
203 409
263 460
10 14
15 358
101 132
106 476
161 183
205 455
12 60
163 229
256 420
316 471
355 399
217 465
258 466
24 70
29 414
65 71
115 188
156 189
268 430
216 240
18 255
367 409
408 410
119 307
67 117
311 477
22 374
77 81
168 199
121 353
19 76
79 127
84 471
170 245
323 487
271 297
21 122
133 363
174 364
36 430
75 358
223 256
283 307
374 425
415 426
33 132
38 476
126 323
186 374
225 302
376 471
128 369
188 420
427 436
26 92
31 436
130 415
369 431
80 328
33 482
429 482
88 189
181 380
280 359
82 374
142 425
40 148
45 492
81 149
86 493
141 200
172 267
482 493
232 318
383 487
424 488
83 195
234 364
46 313
285 329
35 154
40 498
95 205
136 206
155 256
39 273
58 323
378 493
89 390
149 441
190 442
0 318
299 385
49 210
202 452
144 447
204 498
102 221
294 391
5 288
354 442
13 149
44 216
197 458
255 436
296 437
7 334
6 109
4 36
9 380
97 227
248 396
196 206
349 448
60 345
8 155
99 273
159 324
250 442
208 216
361 458
20 165
359 385
59 93
152 284
303 453
55 351
113 329
305 499
11 52
52 53
315 463
263 273
356 464
106 289
166 340
226 391
69 407
66 109
71 453
310 469
318 330
409 448
120 345
180 396
18 68
23 412
124 464
210 238
270 289
421 458
233 407
76 423
24 233
136 474
175 402
18 418
133 176
224 294
265 295
325 346
416 464
127 361
75 171
30 428
38 289
131 480
186 187
277 305
230 459
68 131
87 181
128 182
31 249
182 418
130 228
242 469
283 470
80 141
181 193
184 464
392 413
423 480
82 187
142 238
183 239
235 429
45 305
105 356
196 474
8 423
135 198
195 249
346 418
387 419
98 316
189 434
137 244
249 485
1 383
288 413
40 311
100 362
191 480
339 378
399 429
3 429
89 203
149 254
190 255
302 496
281 373
341 424
0 131
93 322
244 491
51 96
343 470
54 367
155 419
293 383
394 435
17 485
58 486
144 260
204 311
295 429
355 480
47 327
107 378
167 429
198 496
5 101
10 445
49 373
109 424
197 271
257 322
348 440
12 491
158 316
199 317
259 368
61 383
9 193
162 435
5 451
151 276
211 327
252 328
362 496
403 497
21 203
62 204
153 322
176 491
262 265
14 163
165 332
113 142
206 333
266 384
68 399
16 209
169 451
117 261
171 497
317 322
468 491
280 440
321 441
32 338
123 456
29 40
34 384
122 231
120 158
312 328
23 225
372 379
83 276
275 446
25 271
118 462
324 338
76 236
136 287
84 97
115 164
175 215
268 406
328 457
39 354
18 231
37 281
229 451
127 174
168 175
379 395
90 292
131 293
439 446
222 411
282 462
230 272
133 339
331 354
31 62
36 406
91 113
143 303
182 231
242 282
335 473
333 400
393 451
85 298
145 349
236 467
43 72
48 416
87 344
235 242
446 462
50 462
105 169
196 287
237 288
289 478
297 339
388 457
140 355
2 421
43 422
98 129
103 473
249 298
381 417
4 467
441 468
152 365
100 175
193 366
243 483
191 293
251 344
55 432
302 309
52 134
57 478
93 135
147 371
207 422
155 232
205 349
246 350
110 489
108 416
149 417
11 483
107 191
167 242
198 309
258 360
299 361
390 479
101 376
49 186
161 427
109 237
202 428
12 304
402 489
214 438
313 417
65 315
115 432
114 207
174 258
265 376
366 428
77 325
56 202
168 443
176 304
267 422
19 320
368 474
170 489
68 212
16 22
21 366
169 264
260 382
320 433
380 484
72 331
359 361
70 258
171 310
322 479
33 376
74 377
165 495
32 151
123 269
71 79
274 438
26 336
86 387
34 197
125 315
23 38
28 382
83 89
25 84
118 275
178 326
269 444
81 393
39 167
378 387
37 94
190 336
138 146
281 454
229 264
93 403
41 213
421 434
233 383
30 54
35 398
90 105
95 449
136 450
134 377
433 444
37 444
493 495
245 393
284 321
148 460
96 270
146 387
187 388
85 111
90 455
236 280
48 229
139 347
199 398
240 399
102 465
50 275
143 466
201 444
289 291
8 49
13 393
44 460
99 167
252 409
200 219
351 388
43 235
103 286
194 404
254 455
4 280
97 471
152 178
105 332
243 296
344 348
55 245
3 55
8 399
94 173
154 224
305 393
57 291
208 460
106 183
59 337
358 404
17 111
58 112
110 302
302 472
300 399
11 296
71 347
203 466
411 415
15 415
101 189
221 291
312 409
353 410
64 307
124 358
27 425
66 353
365 420
24 127
29 471
65 128
115 245
156 246
276 348
307 415
18 312
210 482
77 138
121 410
360 426
24 477
170 302
230 353
271 354
133 420
36 487
77 488
70 71
283 364
314 431
415 483
126 380
74 190
186 431
165 308
184 358
68 375
87 425
128 426
188 477
427 493
86 200
177 318
125 128
237 369
80 385
88 246
181 437
82 431
142 482
183 483
40 205
193 447
232 375
292 426
135 442
234 421
93 216
46 370
132 144
137 488
285 386
343 364
95 262
134 190
287 432
347 483
58 380
149 498
190 499
0 375
487 493
146 200
187 201
239 391
247 252
299 442
338 370
150 319
241 437
301 488
53 386
199 211
50 88
201 257
5 345
354 499
13 206
44 273
393 427
104 324
255 493
2 47
153 216
194 217
254 268
6 166
345 386
56 283
9 437
405 437
248 453
196 263
55 58
57 104
62 448
117 155
208 273
249 274
309 325
20 222
359 442
111 340
59 150
152 341
171 391
212 392
14 407
74 458
110 115
113 386
261 284
321 335
11 109
16 453
71 160
112 161
164 351
453 454
414 499
106 346
166 397
64 120
124 171
256 290
316 341
407 459
66 166
219 408
217 335
318 387
122 475
120 402
180 453
18 125
119 177
210 295
330 397
173 413
272 392
24 290
84 341
115 408
134 458
175 459
323 357
18 475
73 182
133 233
224 351
265 352
325 403
77 301
75 228
168 419
228 470
38 346
126 193
87 238
128 239
240 480
31 306
380 460
91 357
182 475
140 249
332 419
43 316
82 244
142 295
235 486
334 465
45 362
105 413
193 260
8 480
195 306
286 424
346 475
387 476
46 183
189 491
137 301
288 470
40 368
100 419
399 486
3 486
58 193
89 260
149 311
190 312
341 481
52 378
93 379
51 153
54 424
293 440
241 250
394 492
53 199
204 368
47 384
107 435
167 486
146 363
253 260
5 158
13 19
109 481
197 328
257 379
348 497
296 307
447 476
158 373
199 374
259 425
9 250
121 491
162 492
308 317
60 215
8 25
459 486
63 486
151 333
159 194
271 435
250 312
114 451
62 261
153 379
213 430
20 35
56 446
111 153
171 204
262 322
303 323
14 220
363 374
74 271
454 492
113 199
206 390
68 456
15 41
218 400
166 210
226 261
317 379
418 431
129 328
220 446
27 51
118 169
71 323
370 390
122 288
120 215
180 266
221 267
312 385
372 436
83 333
124 334
173 226
233 277
324 395
365 396
76 293
24 103
136 344
84 154
425 447
227 462
175 272
268 463
39 411
326 441
78 339
138 390
377 406
127 231
228 283
30 298
379 452
38 159
331 411
143 360
91 170
182 288
242 339
333 457
145 406
184 334
43 129
48 473
87 401
386 468
45 175
196 344
237 345
297 396
140 412
200 463
43 479
189 304
249 355
1 253
340 473
40 181
152 422
100 232
191 350
251 401
55 489
94 417
154 468
302 366
0 1
203 360
244 361
54 237
207 479
155 289
205 406
246 407
17 355
58 356
256 371
47 197
167 299
258 417
299 418
318 468
10 315
101 433
7 17
12 361
158 186
311 428
350 356
61 253
9 63
121 304
162 305
214 495
253 423
313 474
24 371
63 299
362 366
114 264
62 74
174 315
265 433
366 485
77 382
56 259
116 310
267 479
14 33
19 377
74 84
79 428
165 202
16 79
21 423
169 321
320 490
72 388
359 418
70 315
130 366
171 367
262 485
28 89
69 90
74 434
129 141
32 208
123 326
71 136
183 377
472 480
274 495
315 496
26 393
86 444
34 254
172 218
424 439
23 95
28 439
124 147
275 316
27 214
46 264
426 485
25 141
178 383
76 106
81 450
136 157
227 275
39 224
37 151
78 152
190 393
138 203
229 321
41 270
132 388
192 439
30 111
90 162
222 281
342 383
92 208
185 399
245 450
143 173
96 327
146 444
187 445
145 219
236 337
337 389
87 214
240 456
50 332
289 348
349 399
8 106
99 224
140 225
252 466
291 394
2 291
351 445
103 343
153 460
6 410
152 235
105 389
193 236
243 353
3 112
94 230
206 471
154 281
346 451
57 348
117 399
356 415
15 122
20 466
59 394
147 241
205 219
358 461
399 462
110 359
108 286
209 338
300 456
11 353
71 404
411 472
10 128
101 246
161 297
312 466
353 467
12 174
124 415
163 343
365 477
115 302
63 112
156 303
276 405
307 472
119 421
22 488
77 195
56 72
75 122
168 313
267 292
459 462
230 410
73 426
21 236
133 477
174 478
72 201
471 472
223 370
171 180
314 488
322 349
33 246
74 247
186 488
184 415
87 482
123 139
183 190
274 308
334 359
26 206
86 257
34 67
177 375
237 426
278 427
80 442
88 303
181 494
46 77
82 488
137 195
178 196
269 314
81 263
172 381
232 432
292 483
42 308
190 206
93 273
46 427
473 494
132 201
192 252
35 268
384 422
155 370
134 247
246 488
287 489
58 437
185 212
245 263
336 381
0 432
148 330
96 140
146 257
187 258
239 448
247 309
299 499
51 397
338 427
90 325
150 376
241 494
12 442
53 443
139 217
199 268
331 387
350 437
9 144
50 145
143 336
451 489
201 314
5 402
13 263
44 330
444 449
2 104
7 448
43 105
62 155
67 499
153 273
194 274
254 325
345 443
56 340
4 150
9 494
97 341
105 202
157 392
405 494
446 495
456 459
398 454
57 161
117 212
208 330
309 382
20 279
359 499
111 397
59 207
171 448
113 443
261 341
321 392
352 459
11 166
203 336
263 387
15 285
106 403
166 454
64 177
124 228
215 346
256 347
27 295
25 222
118 413
217 392
29 341
268 357
18 182
78 233
119 234
210 352
270 403
22 301
173 470
121 280
272 449
84 398
323 414
174 291
284 459
325 460
36 357
77 358
96 408
127 475
75 285
33 59
126 250
184 228
225 229
277 419
337 470
376 398
87 295
188 347
279 465
31 363
237 239
80 255
28 65
140 306
88 116
181 307
43 373
142 352
40 75
45 419
105 470
193 317
232 245
292 296
383 414
135 312
195 363
286 481
234 291
98 430
46 240
137 358
1 497
100 476
246 301
347 353
58 250
89 317
37 127
149 368
281 487
52 435
299 312
51 210
390 430
49 137
54 481
90 138
109 188
202 379
241 307
12 255
53 256
102 148
107 492
143 149
162 199
253 317
5 215
354 369
385 436
13 76
65 266
44 143
156 384
104 194
445 487
257 436
255 363
7 261
67 312
158 430
6 36
56 153
61 497
157 205
248 323
308 374
368 425
151 390
211 441
159 251
250 369
153 436
213 487
361 385
20 92
264 452
262 379
303 380
14 277
363 431
74 328
113 256
206 447
164 221
315 390
106 216
125 266
166 267
218 457
317 436
28 333
69 334
418 488
160 452
27 108
32 452
25 35
71 380
178 277
269 395
310 396
370 447
81 344
122 345
120 272
180 323
221 324
23 339
83 390
124 391
231 288
22 114
27 458
25 385
173 283
233 334
136 401
84 211
134 328
175 329
39 468
78 396
138 447
36 170
96 221
75 98
187 339
319 458
90 406
240 350
331 468
31 176
143 417
91 227
182 345
85 412
43 186
87 458
142 165
235 356
105 283
196 401
237 402
297 453
94 124
140 469
98 243
249 412
290 413
288 340
59 288
100 289
152 479
193 480
191 407
3 356
89 130
94 474
209 232
300 350
341 351
52 248
0 58
112 299
401 402
203 417
244 418
304 469
15 366
54 294
205 463
293 310
12 68
17 412
144 187
355 407
47 254
107 305
167 356
258 474
5 28
10 372
65 79
101 490
156 197
197 198
348 367
311 485
259 295
61 310
9 120
162 362
253 480
65 429
271 305
362 423
403 424
21 130
265 490
213 300
77 439
56 316
75 366
116 367
176 418
264 265
19 434
74 141
79 485
165 259
206 260
225 310
266 311
357 429
417 480
128 377
169 378
72 445
70 372
130 423
171 424
218 270
28 146
181 388
129 198
160 265
220 316
32 265
371 485
183 434
81 157
34 311
122 158
172 275
125 429
364 445
424 496
28 496
234 372
275 373
46 321
238 491
136 214
134 141
227 332
287 383
328 384
78 209
138 260
231 451
229 378
41 327
30 168
222 338
282 389
342 440
92 265
185 456
284 435
143 230
96 384
335 400
145 276
236 394
184 204
296 445
48 343
9 388
196 214
289 405
349 456
8 163
250 450
103 400
4 394
59 101
193 293
212 343
191 220
303 461
344 462
55 359
3 169
94 287
57 405
117 456
203 230
395 400
106 297
54 107
147 298
207 349
205 276
298 467
17 225
110 416
108 343
209 395
11 410
112 462
198 236
258 287
409 456
450 457
109 164
221 405
64 421
124 472
163 400
25 466
61 123
462 467
121 174
162 175
214 365
253 293
313 344
24 241
404 462
115 359
156 360
276 462
18 426
78 477
114 134
174 185
265 303
416 472
457 473
168 370
116 180
228 421
267 349
19 247
79 298
170 416
230 467
469 483
68 139
73 483
128 190
169 191
260 309
31 257
380 411
130 236
223 427
283 478
322 406
33 303
126 494
181 201
184 472
32 78
86 314
34 124
177 432
125 242
237 483
28 309
88 360
179 478
327 376
387 427
46 134
137 252
178 253
238 304
269 371
40 319
81 320
172 438
42 365
190 263
281 381
93 330
132 258
192 309
35 325
384 479
95 376
155 427
144 268
185 269
245 320
336 438
47 335
437 490
0 489
148 387
96 197
146 314
247 366
51 454
338 484
49 381
12 499
240 326
259 376
350 494
391 495
9 201
50 202
13 320
44 387
104 438
252 336
2 161
103 213
254 382
6 280
56 397
97 398
157 449
55 172
94 100
206 341
159 495
305 320
57 218
117 269
111 454
59 264
108 156
261 398
321 449
300 326
71 274
164 465
203 393
15 342
106 460
312 336
12 44
124 285
215 403
163 213
256 404
316 455
27 352
25 279
24 54
268 414
328 465
18 239
78 290
119 291
210 409
270 460
22 358
228 234
319 352
131 301
79 111
84 455
73 296
422 450
133 347
224 465
31 70
36 414
96 465
223 240
314 358
374 409
33 116
126 307
186 358
184 285
225 286
87 352
188 404
26 76
31 420
86 127
91 471
237 296
278 297
369 415
80 312
429 466
88 173
181 364
179 291
82 358
290 307
81 133
172 251
383 471
94 368
135 369
195 420
234 348
93 143
98 487
285 313
436 482
35 138
147 379
246 358
347 410
58 307
149 425
47 148
0 302
52 492
148 200
239 318
390 487
49 194
109 245
150 246
202 436
241 364
301 415
12 312
144 431
204 482
47 498
294 375
5 272
354 426
65 323
156 441
197 442
255 420
7 318
67 369
158 487
306 385
56 210
9 364
97 211
157 262
368 482
60 329
151 447
211 498
159 308
250 426
21 374
62 375
260 390
361 442
20 149
359 369
212 319
262 436
303 437
363 488
74 385
11 36
16 380
164 278
315 447
375 498
15 155
34 205
125 323
166 324
226 375
317 493
28 390
69 391
129 442
27 165
25 92
118 283
178 334
269 452
217 262
81 401
29 211
23 396
78 103
83 447
210 222
270 273
22 171
25 442
233 391
136 458
84 268
175 386
73 109
78 453
133 160
224 278
284 329
325 330
36 227
96 278
416 448
476 499
187 396
30 412
90 463
131 464
277 289
428 458
87 165
188 217
143 474
182 402
242 453
80 125
85 469
140 176
332 346
392 397
423 464
82 171
142 222
235 413
6 361
334 392
45 289
196 458
237 459
3 63
8 407
195 233
346 402
387 403
249 469
290 470
1 367
59 345
191 464
399 413
58 120
89 187
149 238
209 289
302 480
300 407
341 408
401 459
244 475
15 423
54 351
202 249
394 419
12 125
17 469
256 485
204 295
295 413
47 311
198 480
406 429
5 85
10 429
109 408
257 306
348 424
408 475
12 475
210 490
158 300
259 352
350 470
9 177
24 485
60 142
65 486
211 311
362 480
21 187
114 378
174 429
72 152
77 496
75 423
176 475
415 491
74 198
165 316
113 126
225 367
266 368
357 486
128 434
169 435
70 429
125 136
278 378
369 496
410 497
28 203
69 204
181 445
160 322
32 322
123 440
183 491
122 215
172 332
120 142
125 486
23 209
46 378
25 255
137 496
475 491
175 199
39 338
326 368
78 266
138 317
36 40
127 158
187 209
338 378
30 225
90 276
131 277
222 395
241 445
282 446
342 497
92 322
331 338
284 492
31 46
50 96
91 97
242 266
335 457
44 281
393 435
145 333
236 451
43 56
103 107
194 225
6 174
386 395
97 292
50 446
105 153
196 271
289 462
297 323
8 220
200 390
2 405
62 456
103 457
189 231
309 333
340 400
4 451
441 452
59 158
152 349
191 277
251 328
55 416
3 226
94 344
453 462
52 118
57 462
244 288
395 457
54 164
205 333
17 282
110 473
209 452
448 468
47 124
167 226
198 293
258 344
318 395
161 411
109 221
221 462
64 478
12 288
119 185
163 457
311 355
402 473
61 180
121 231
162 232
214 422
272 400
313 401
65 299
63 226
216 468
114 191
174 242
325 411
366 412
77 309
75 236
116 237
168 427
176 288
228 478
267 406
79 355
170 473
320 417
70 242
130 293
322 463
33 360
181 258
373 428
32 135
183 304
274 422
26 320
86 371
34 181
88 417
234 242
327 433
387 484
25 68
178 310
269 428
40 376
81 377
141 428
3 494
37 78
42 422
78 79
190 320
231 321
281 438
229 248
341 489
382 490
41 197
192 366
30 38
35 382
241 258
53 207
144 325
185 326
245 377
336 495
47 392
146 371
385 387
44 94
85 95
109 489
145 146
150 490
197 336
296 315
139 331
199 382
259 433
9 258
50 259
97 105
102 449
8 33
13 377
44 444
104 495
159 202
252 393
291 321
2 218
62 269
103 270
442 490
194 388
6 337
97 455
212 213
243 280
55 229
3 39
435 450
94 157
113 207
206 398
305 377
117 326
309 496
15 49
20 393
59 321
147 168
207 219
298 337
69 285
110 286
160 403
108 213
209 265
11 280
71 331
112 332
219 229
10 55
34 449
122 296
101 173
161 224
312 393
372 444
413 445
124 342
215 460
22 65
27 409
25 336
66 337
425 455
24 111
29 455
84 162
175 280
216 281
276 332
307 399
18 296
22 415
77 122
228 291
319 409
420 461
79 168
230 337
73 353
133 404
31 127
72 128
75 399
283 348
314 415
33 173
184 342
225 343
427 477
26 133
86 184
237 353
278 354
369 472
80 369
88 230
43 487
82 415
142 466
290 364
288 291
381 482
141 241
232 359
3 307
195 477
0 9
244 369
285 370
343 348
35 195
95 246
155 297
347 467
58 364
89 431
47 205
0 359
146 184
299 426
51 324
338 354
109 302
202 493
12 369
139 144
144 488
102 262
162 313
253 431
201 241
294 432
5 329
65 380
44 257
63 307
104 308
156 498
197 499
255 477
7 375
153 200
194 201
306 442
345 370
405 421
4 77
116 318
157 319
308 488
60 386
159 365
357 380
16 87
21 431
169 329
117 139
208 257
72 396
460 478
171 375
212 376
14 391
69 98
160 216
113 370
261 268
352 386
412 437
11 93
71 144
164 335
263 314
166 381
28 447
69 448
124 155
215 273
316 325
27 222
407 443
25 149
66 150
118 340
178 391
219 392
467 494
81 458
120 386
268 284
328 335
18 109
23 453
231 402
270 330
421 499
173 397
35 463
76 464
131 171
84 325
175 443
323 341
133 217
284 386
127 402
228 454
30 469
126 177
186 228
337 397
87 222
128 223
240 464
188 274
279 392
50 340
91 341
181 234
200 284
291 402
332 403
43 300
103 351
82 228
142 279
235 470
6 418
45 346
105 397
344 413
3 120
8 464
94 238
135 239
195 290
346 459
98 357
189 475
1 424
288 454
59 402
100 403
339 419
399 470
58 177
89 244
209 346
0 172
112 413
51 137
101 254
49 64
394 476
53 183
144 301
163 351
204 352
295 470
47 368
66 418
107 419
167 470
406 486
5 142
10 486
65 193
63 120
104 121
156 311
348 481
7 188
67 239
22 496
56 80
61 424
162 476
248 250
360 491
19 198
459 470
63 470
211 368
271 419
21 244
114 435
213 414
72 209
75 480
111 137
116 481
264 379
262 306
322 357
14 204
74 255
454 476
165 373
225 424
266 425
68 440
169 492
315 317
70 486
218 384
166 194
278 435
226 245
317 363
28 260
69 261
129 312
160 379
220 430
32 379
82 496
123 497
178 204
269 322
370 374
81 271
122 272
172 389
120 199
180 250
273 441
23 266
372 420
275 487
22 41
46 435
132 209
233 261
324 379
384 430
76 277
425 431
84 138
227 446
287 497
328 498
326 425
37 322
185 220
229 492
377 390
41 441
96 148
127 215
187 266
228 267
247 317
338 435
30 282
379 436
439 487
38 143
150 384
53 451
432 447
143 344
91 154
44 338
85 339
393 492
444 457
43 113
103 164
194 282
6 231
386 452
97 349
45 159
105 210
196 328
297 380
8 277
388 498
159 446
200 447
2 462
189 288
249 339
1 237
340 457
59 215
100 216
152 406
191 334
55 473
113 451
154 452
302 350
52 175
112 226
203 344
263 395
304 396
15 293
54 221
147 412
166 462
205 390
17 339
108 457
163 164
256 355
316 406
66 231
318 452
10 299
101 417
161 468
119 242
61 237
121 288
272 457
313 458
24 355
114 248
174 299
213 227
77 366
168 484
116 294
176 345
267 463
14 17
19 361
165 186
128 304
320 474
31 371
72 372
28 73
33 417
181 315
220 243
280 294
373 485
32 192
371 412
82 309
123 310
183 361
26 377
81 84
34 238
232 253
364 372
23 79
135 320
88 474
275 300
137 366
35 89
40 433
100 484
136 141
227 259
347 361
378 428
438 479
42 479
190 377
138 187
229 305
0 253
41 254
93 444
132 372
192 423
431 439
30 95
35 439
95 490
150 197
282 316
53 264
185 383
245 434
143 157
294 326
247 480
385 444
44 151
49 495
85 152
197 393
259 490
97 162
50 316
201 485
289 332
349 383
8 90
151 398
159 259
200 260
351 429
62 326
103 327
153 444
194 445
213 495
1 50
6 394
4 321
212 270
243 337
344 389
363 439
55 286
113 264
305 434
16 331
57 332
117 383
20 450
106 224
166 275
358 445
69 342
110 343
11 337
71 388
219 286
310 404
411 456
101 230
161 281
221 332
64 348
124 399
22 122
66 394
214 292
24 168
115 286
175 337
307 456
18 353
78 404
119 405
75 106
170 343
230 394
73 410
133 461
279 286
31 184
72 185
70 112
182 353
130 163
223 354
283 405
314 472
322 333
85 420
33 230
126 421
184 399
82 122
87 466
235 364
334 343
86 241
177 359
278 411
297 461
80 426
88 287
46 61
82 472
137 179
290 421
40 246
100 297
191 415
292 467
3 364
94 482
135 483
281 308
341 359
0 66
41 67
93 257
473 478
132 185
244 426
192 236
155 354
89 488
144 195
185 196
47 262
0 416
396 416
148 314
198 431
146 241
239 432
247 293
338 411
101 498
197 206
150 360
241 478
7 82
12 426
48 83
139 201
199 252
259 303
350 421
102 319
162 370
253 488
60 93
13 247
65 437
63 364
104 365
252 263
2 88
62 139
67 483
103 140
153 257
213 308
254 309
306 499
6 207
345 427
116 375
157 376
248 494
19 442
55 99
60 443
266 319
357 437
398 438
16 144
21 488
57 145
117 196
169 386
208 314
72 453
111 381
171 432
410 448
14 448
69 155
110 156
160 273
261 325
321 376
352 443
412 494
16 494
71 201
164 392
122 166
166 438
226 489
215 330
275 381
25 206
118 397
217 376
29 325
180 494
328 392
229 386
41 335
132 453
173 454
131 228
84 382
323 398
73 223
224 392
284 443
36 341
96 392
127 459
85 233
33 43
126 234
186 285
184 212
337 454
376 382
87 279
188 331
279 449
91 398
388 392
140 290
88 100
179 218
332 460
43 357
103 408
82 285
142 336
40 59
45 403
383 398
94 295
42 105
135 296
195 347
443 449
286 465
35 65
54 115
59 459
95 116
100 460
147 306
155 167
298 475
246 285
339 476
58 234
89 301
149 352
209 403
52 419
0 229
198 244
239 245
51 194
101 311
49 121
54 465
109 172
150 173
202 363
12 239
53 240
204 409
66 475
107 476
162 183
313 352
13 60
445 471
63 177
156 368
257 420
255 347
67 296
158 414
306 312
157 189
248 307
308 358
368 409
60 256
21 301
114 492
260 317
72 266
452 487
171 245
262 363
322 414
14 261
363 415
113 240
225 481
266 482
68 497
315 374
375 425
34 132
125 250
166 251
278 492
28 317
69 318
179 486
220 487
32 436
118 210
178 261
219 262
269 379
329 430
34 482
122 329
120 256
232 497
180 307
23 323
83 374
46 492
132 266
233 318
324 436
35 333
384 487
425 488
136 385
134 312
326 482
0 497
36 154
41 498
96 205
437 498
127 272
30 339
90 390
38 200
87 92
92 436
240 334
331 452
143 401
430 431
182 329
242 380
333 498
44 395
43 170
103 221
82 98
142 149
6 288
97 406
105 267
94 108
99 452
57 226
497 498
189 345
309 447
1 294
59 272
152 463
251 442
3 340
110 237
89 114
302 407
300 334
52 232
112 283
203 401
15 350
205 447
293 294
12 52
163 221
256 412
66 288
107 289
198 407
258 458
10 356
101 474
156 181
216 232
348 351
7 58
67 109
311 469
121 345
360 361
60 69
271 289
362 407
21 114
114 305
265 474
77 423
116 351
176 402
314 366
415 418
14 74
19 418
79 469
165 243
266 295
357 413
376 463
417 464
128 361
169 362
31 428
91 479
70 356
130 407
218 254
369 423
429 474
28 130
33 474
470 475
179 299
220 300
280 351
82 366
183 418
26 434
81 141
364 429
424 480
23 136
135 377
83 187
234 356
46 305
137 423
285 321
35 146
76 147
477 491
136 198
227 316
287 367
347 418
39 265
378 485
37 192
229 362
192 480
431 496
30 152
35 496
90 203
150 254
282 373
92 249
245 491
143 214
146 485
335 384
44 208
85 209
145 260
236 378
48 327
139 445
199 496
6 101
4 28
50 373
97 219
289 389
8 147
151 455
200 317
351 486
62 383
103 384
59 85
152 276
212 327
243 394
303 445
251 255
363 496
55 343
113 321
154 322
305 491
16 388
117 440
263 265
15 163
106 281
54 91
207 333
108 327
11 394
71 445
198 220
310 461
318 322
10 169
101 287
161 338
221 389
64 405
124 456
210 230
22 179
121 158
214 349
272 327
76 415
404 446
115 343
464 497
175 394
276 446
78 461
114 118
119 462
265 287
325 338
77 236
416 456
75 163
116 164
168 354
176 215
38 281
79 282
126 128
131 472
170 400
230 451
68 123
128 174
169 175
188 225
279 343
320 344
31 241
380 395
91 292
70 169
182 410
130 220
223 411
283 462
85 477
33 287
332 354
423 472
123 180
183 231
274 349
334 400
26 247
86 298
177 416
80 483
179 462
387 411
137 236
290 478
238 288
329 406
40 303
389 457
141 355
191 472
232 473
39 78
89 195
42 349
190 247
281 365
341 416
382 417
41 124
132 242
244 483
285 484
343 462
35 309
54 359
95 360
155 411
394 427
58 478
185 253
295 421
336 422
47 319
107 370
148 371
198 488
146 298
239 489
10 437
51 438
49 365
109 416
150 417
197 263
257 314
348 432
7 139
12 483
199 309
259 360
350 478
9 185
102 376
162 427
5 443
65 494
13 304
63 421
151 268
252 320
403 489
7 489
62 196
213 365
254 366
345 484
56 381
4 191
116 432
157 433
113 134
206 325
398 495
16 201
169 443
117 253
208 371
20 320
70 437
111 438
171 489
69 212
160 330
113 484
261 382
321 433
11 207
164 449
263 428
34 376
122 223
120 150
166 495
23 217
64 218
215 387
163 197
275 438
316 439
27 336
25 263
217 433
76 228
29 382
84 89
115 156
175 207
268 398
326 376
18 223
367 377
78 274
138 325
229 443
270 444
330 495
41 392
379 387
38 94
79 95
131 285
170 213
282 454
73 280
224 449
36 398
91 105
96 449
182 223
314 342
374 393
434 444
33 100
184 269
277 460
376 439
87 336
50 454
86 111
177 229
237 280
297 331
80 296
140 347
88 157
200 398
43 414
82 342
189 239
290 291
381 409
4 459
45 460
100 167
141 168
191 285
232 286
251 336
292 337
3 234
383 455
42 162
195 404
57 470
93 127
285 297
304 347
395 465
54 172
147 363
246 342
347 394
58 291
89 358
209 460
448 476
47 132
52 476
148 184
198 301
10 250
51 251
390 471
101 368
49 178
109 229
202 420
12 296
163 465
204 466
162 240
313 409
5 256
354 410
63 234
104 235
156 425
216 476
255 404
67 353
158 471
366 420
56 194
116 245
157 246
19 312
368 466
151 431
21 358
169 256
260 374
361 426
70 250
111 251
171 302
264 493
322 471
14 318
363 472
74 369
165 487
11 20
26 328
375 482
125 307
226 359
28 374
27 149
25 76
118 267
178 318
238 369
217 246
370 488
29 195
141 436
180 364
18 36
83 431
41 205
132 323
233 375
324 493
35 390
76 391
136 442
134 369
138 488
284 313
36 211
96 262
127 329
187 380
90 447
38 257
150 498
236 272
428 442
139 339
92 493
488 493
188 201
279 319
50 267
91 268
430 488
182 386
201 436
85 453
140 160
103 278
442 498
194 396
142 206
235 397
4 272
45 273
97 463
105 324
196 442
297 494
3 47
435 458
94 165
154 216
195 217
286 335
346 386
1 351
59 329
207 227
298 345
251 499
110 294
58 104
209 273
401 443
112 340
15 407
51 64
101 181
54 335
293 351
353 402
413 453
12 109
17 453
163 278
204 279
355 448
66 345
107 346
167 397
10 413
156 238
307 407
348 408
408 459
7 115
119 356
67 166
210 474
158 284
22 423
121 402
360 418
19 125
24 469
151 244
211 295
73 361
21 171
174 413
72 136
223 305
176 459
264 306
415 475
126 372
74 182
225 351
266 352
31 485
70 413
130 464
218 311
278 362
369 480
28 187
129 239
179 356
220 357
280 408
32 306
82 423
123 424
183 475
26 491
172 316
120 126
232 367
273 368
364 486
135 434
83 244
234 413
46 362
132 136
35 203
76 204
136 255
227 373
39 322
326 352
89 439
190 491
229 419
0 367
41 368
187 193
338 362
30 209
90 260
150 311
342 481
53 378
144 496
92 306
50 80
143 271
201 249
242 250
145 317
296 486
48 384
194 209
254 260
4 85
97 276
157 327
105 137
248 445
196 255
349 497
60 394
99 322
250 491
57 96
62 440
249 266
309 317
400 435
4 435
460 486
59 142
243 451
251 312
55 400
154 379
16 445
52 102
112 153
117 497
304 323
15 220
106 338
54 148
455 492
205 317
69 456
17 266
108 384
256 282
316 333
407 451
448 452
107 159
167 210
198 277
217 327
318 379
10 226
122 467
409 497
23 461
64 462
210 287
402 457
61 164
173 405
272 384
313 385
76 472
84 333
115 400
323 349
114 175
174 226
265 344
366 396
168 411
228 462
176 272
38 338
79 339
126 185
170 457
128 231
188 282
279 400
31 298
70 226
182 467
33 344
373 412
123 237
334 457
26 304
42 56
88 401
135 247
286 416
46 175
189 483
137 293
238 345
288 462
40 360
100 411
339 427
3 478
39 135
89 252
37 62
42 406
190 304
281 422
341 473
382 474
0 180
41 181
192 350
51 145
54 416
155 468
394 484
53 191
144 309
92 119
204 360
245 361
295 478
336 479
47 376
148 428
197 320
257 371
348 489
296 299
7 196
139 315
199 366
259 417
9 242
102 433
162 484
248 258
201 412
8 17
13 361
63 478
99 135
104 479
252 377
250 304
2 202
351 356
442 474
153 371
254 423
116 489
157 490
243 264
303 315
363 366
55 213
113 191
206 382
266 433
305 361
16 258
117 310
208 428
15 33
20 377
70 494
111 495
317 371
358 372
69 269
110 270
418 423
449 490
108 197
220 438
261 439
321 490
32 387
11 264
310 331
370 382
34 433
122 280
120 207
161 208
273 449
312 377
23 274
372 428
413 429
215 444
275 495
22 49
27 393
173 218
214 219
217 490
365 388
76 285
84 146
175 264
268 455
326 433
18 280
78 331
41 449
168 224
319 393
379 444
420 445
38 151
79 152
222 460
170 270
73 337
31 111
36 455
182 280
223 281
283 332
314 399
374 450
85 347
126 348
186 399
184 326
376 496
235 291
188 445
386 460
427 461
26 117
45 167
86 168
237 337
297 388
140 404
88 214
98 178
290 348
1 245
381 466
40 173
193 415
3 291
94 409
42 219
154 460
195 461
93 184
304 404
54 229
95 230
147 420
246 399
58 348
89 415
149 466
47 189
107 240
148 241
198 358
146 168
239 359
299 410
10 307
51 308
101 425
301 456
7 9
9 55
162 297
201 225
5 313
354 467
65 364
156 482
2 15
67 410
153 184
306 426
366 477
345 354
56 251
157 303
60 370
357 364
16 71
169 313
260 431
72 380
359 410
70 307
111 308
460 462
171 359
262 477
74 426
373 493
32 200
412 421
11 77
315 488
26 385
34 246
414 467
226 416
364 380
23 87
124 139
129 483
215 257
275 308
27 206
426 477
118 324
178 375
238 426
269 493
217 303
76 98
81 442
141 493
120 370
419 437
23 437
78 144
83 488
138 195
270 314
421 483
173 381
233 432
30 103
134 426
222 273
323 325
474 494
73 150
185 391
284 370
36 268
96 319
127 386
247 488
85 160
38 314
277 330
337 381
87 206
50 324
91 325
201 493
242 494
13 442
80 166
140 217
351 437
392 438
103 335
194 453
142 263
193 228
196 499
3 104
8 448
94 222
195 274
286 392
57 340
189 459
59 386
147 233
207 284
339 403
399 454
58 161
149 279
209 330
300 448
52 346
10 120
101 238
54 392
293 408
64 356
12 166
163 335
295 454
66 402
107 403
5 126
10 470
65 177
63 104
104 105
307 464
255 274
22 480
61 408
121 459
267 284
360 475
19 182
79 233
73 418
174 470
70 120
75 464
111 121
171 172
314 480
262 290
126 429
74 239
128 475
34 59
466 470
125 177
218 368
226 229
317 347
28 244
129 296
179 413
280 465
82 480
118 137
123 481
178 188
269 306
329 357
29 65
141 306
461 476
120 183
232 424
180 234
273 425
135 491
234 470
46 419
473 486
132 193
192 244
233 245
324 363
384 414
76 261
136 312
287 481
89 496
37 306
185 204
138 358
245 255
336 373
0 424
36 81
148 322
96 132
127 199
239 440
187 250
338 419
30 266
150 368
241 486
48 91
92 363
240 261
391 430
143 328
201 306
294 497
13 255
333 425
393 476
104 373
145 374
236 492
7 440
43 97
48 441
254 317
6 215
345 435
386 436
4 142
9 486
45 143
97 333
105 194
157 384
446 487
8 261
99 379
159 430
2 446
57 153
98 154
189 272
249 323
309 374
340 441
400 492
212 441
251 369
154 436
302 334
11 158
112 210
203 328
263 379
15 277
106 395
205 374
64 169
108 441
256 339
66 215
219 457
217 384
258 385
161 452
210 344
270 395
311 396
22 293
61 221
173 462
272 441
24 339
84 390
115 457
323 406
73 231
21 41
114 232
265 401
325 452
77 350
75 277
168 468
176 329
267 447
79 396
165 170
279 457
130 334
80 247
28 57
33 401
88 108
181 299
179 226
220 227
332 468
373 469
32 176
82 293
123 294
45 411
86 412
172 186
232 237
42 113
135 304
195 355
234 283
327 474
46 232
1 489
35 73
95 124
141 469
227 243
339 484
287 294
438 463
37 119
42 463
281 479
0 237
93 428
239 253
30 79
54 473
90 130
95 474
150 181
241 299
301 350
342 351
53 248
433 469
92 176
204 417
245 418
148 485
146 412
385 428
44 135
49 479
145 187
236 305
296 356
199 423
259 474
6 28
9 299
102 490
157 197
289 316
60 264
13 418
440 485
99 192
159 243
252 434
250 361
351 413
62 310
153 428
213 479
254 480
1 34
452 495
56 495
111 202
152 203
243 321
303 372
14 269
363 423
113 248
206 439
16 315
117 367
208 485
356 383
15 90
106 208
166 259
317 428
358 429
418 480
129 377
160 444
108 254
220 495
261 496
71 372
310 388
29 146
122 337
312 434
23 331
64 332
372 485
124 383
22 106
25 377
173 275
214 276
365 445
76 342
24 152
29 496
84 203
425 496
115 270
326 490
367 491
78 388
138 439
77 163
127 280
75 90
168 281
319 450
79 209
230 378
73 394
133 445
430 439
182 337
130 147
283 389
33 214
186 456
274 276
86 225
485 496
177 343
237 394
297 445
80 410
98 235
189 353
137 163
290 405
288 332
40 230
193 472
191 399
251 450
292 451
3 348
94 466
281 292
0 50
244 410
192 220
304 461
343 389
54 286
95 287
155 338
246 456
53 61
89 472
204 230
295 348
336 349
47 246
396 400
107 297
148 298
146 225
299 467
51 365
49 292
109 343
348 359
7 66
12 410
139 185
350 405
61 302
102 303
451 457
162 354
253 472
5 370
151 195
211 246
2 72
114 313
62 123
463 467
153 241
213 292
56 308
405 462
176 410
19 426
55 83
79 477
206 252
266 303
417 472
458 473
169 370
117 180
72 437
20 247
70 364
410 432
14 432
470 483
129 190
160 257
321 360
32 257
352 427
412 478
11 134
123 375
26 442
273 319
364 437
23 144
64 145
275 365
27 263
238 483
217 360
76 155
29 309
227 324
180 478
328 376
18 150
78 201
138 252
229 370
270 371
330 422
132 437
192 488
233 489
30 160
131 212
134 483
222 330
282 381
323 382
185 448
133 258
96 376
187 494
335 392
85 217
186 269
236 386
184 196
277 387
337 438
48 335
139 453
87 263
50 381
289 397
13 499
80 223
291 443
351 494
43 341
392 495
103 392
142 320
4 386
45 387
105 438
251 263
42 89
286 449
57 397
98 398
1 465
54 99
59 443
147 290
207 341
205 268
246 269
298 459
339 460
17 217
58 218
110 408
108 335
149 336
112 454
10 177
51 178
101 295
49 105
161 346
109 156
202 347
293 465
301 326
64 413
12 223
163 392
402 408
61 115
66 459
102 116
162 167
214 357
253 285
313 336
5 183
404 454
63 161
156 352
216 403
276 454
255 331
114 126
158 398
56 121
61 465
116 172
368 393
79 290
271 460
73 475
169 183
260 301
320 352
20 60
452 471
111 178
223 419
171 229
262 347
322 398
14 245
126 486
74 296
165 414
32 70
68 481
123 188
164 189
274 357
375 409
177 424
125 234
218 425
278 476
226 286
28 301
129 353
179 470
220 471
27 76
32 420
178 245
238 296
269 363
370 415
29 122
141 363
172 430
232 481
180 291
39 86
42 357
231 256
382 425
132 250
192 301
95 368
134 296
227 487
37 363
185 261
245 312
336 430
377 431
437 482
36 138
148 379
239 497
187 307
338 476
90 374
150 425
48 148
53 492
139 266
92 420
331 436
391 487
50 194
143 385
201 363
333 482
145 431
7 497
48 498
103 205
194 323
345 492
386 493
4 199
45 200
97 390
105 251
196 369
8 318
99 436
159 487
305 312
57 210
309 431
1 278
340 498
111 446
17 30
108 148
261 390
300 318
11 215
52 216
164 457
112 267
15 334
106 452
205 431
17 380
163 205
256 396
355 375
167 324
318 493
29 390
307 334
367 385
119 283
67 93
210 401
158 211
270 452
272 498
24 396
79 103
84 447
170 221
211 222
323 463
362 391
73 288
21 98
224 457
223 232
176 386
314 350
374 401
33 108
38 452
79 453
165 227
277 468
225 278
376 447
417 448
26 68
91 463
177 237
130 391
218 238
278 289
369 407
80 304
28 114
88 165
129 166
280 335
32 233
371 453
141 176
172 243
232 294
292 345
383 463
424 464
42 170
83 171
135 361
195 412
234 340
98 479
285 305
436 474
227 300
347 402
39 249
37 176
190 418
0 294
192 464
51 259
431 480
30 136
241 356
301 407
342 408
53 305
144 423
92 233
204 474
47 490
146 469
354 418
385 485
13 125
44 192
104 243
145 244
197 434
257 485
255 412
296 413
48 311
67 361
158 479
248 372
289 373
349 424
60 321
8 131
13 475
99 249
159 300
252 491
250 418
2 316
59 69
152 260
243 378
303 429
14 326
206 496
305 475
16 372
164 270
356 440
15 147
20 491
106 265
166 316
205 244
317 485
69 383
17 193
129 434
108 311
11 378
71 429
219 327
310 445
411 497
122 394
409 424
120 321
312 491
23 388
64 389
124 440
210 214
25 434
61 91
173 332
121 142
214 333
272 311
76 399
84 260
115 327
464 481
175 378
18 394
133 152
138 496
36 219
127 337
168 338
30 404
38 265
131 456
277 281
128 158
471 497
130 204
80 117
33 271
332 338
82 163
142 214
183 215
274 333
334 384
45 281
86 282
177 400
237 451
80 467
135 174
195 225
286 343
387 395
98 292
46 102
189 410
290 462
40 287
389 441
100 338
339 354
3 405
39 62
89 179
42 333
281 349
52 297
0 107
93 298
401 451
192 277
343 446
54 343
95 344
293 359
394 411
17 461
53 118
58 462
204 287
245 288
295 405
336 406
355 456
396 457
107 354
167 405
5 77
10 421
51 422
49 349
109 400
197 247
257 298
408 467
67 174
158 292
259 344
350 462
61 359
9 169
60 134
65 478
63 405
151 252
213 349
56 365
116 416
176 467
264 314
456 484
14 139
19 483
55 140
113 118
206 309
266 360
357 478
16 185
169 427
208 355
72 494
20 304
70 421
111 422
171 473
410 489
69 196
129 247
160 314
108 124
220 365
261 366
321 417
352 484
123 432
164 433
34 360
122 207
120 134
125 478
273 376
83 252
215 371
275 422
27 320
25 247
118 438
178 489
76 212
136 263
227 381
175 191
268 382
328 433
18 207
138 309
229 427
41 376
127 150
319 320
38 78
131 269
222 387
342 489
92 314
133 315
224 433
31 38
36 382
242 258
333 376
374 377
85 274
33 84
145 325
186 326
236 443
184 253
277 444
87 320
386 387
45 94
50 438
86 95
289 454
237 264
388 433
80 280
99 330
200 382
2 397
103 449
189 223
340 392
381 393
4 443
40 100
100 151
105 495
193 342
191 269
292 321
55 408
383 439
94 336
154 387
195 388
52 110
93 111
304 331
436 450
147 347
207 398
155 208
205 325
246 326
17 274
108 392
149 393
11 459
47 116
52 460
167 218
198 285
258 336
390 455
161 403
202 404
64 470
12 280
163 449
311 347
402 465
61 172
102 173
162 224
313 393
5 240
63 218
156 409
114 183
158 455
306 353
366 404
56 178
176 280
267 398
308 399
19 296
368 450
79 347
170 465
211 466
21 342
260 358
320 409
361 410
72 307
70 234
111 235
171 286
262 404
322 455
14 302
33 352
74 353
165 471
373 420
164 246
183 296
375 466
86 363
34 173
177 481
226 343
25 60
329 471
141 420
172 487
180 348
39 143
18 20
42 414
231 313
229 240
382 482
132 307
324 477
35 374
95 425
136 426
39 493
37 420
92 127
185 318
245 369
224 246
336 487
377 488
36 195
148 436
96 246
247 415
30 380
85 87
90 431
236 256
48 205
139 323
92 477
102 441
50 251
201 420
242 421
13 369
44 436
99 143
140 144
291 313
43 211
103 262
442 482
194 380
254 431
4 256
97 447
157 498
105 308
243 272
55 221
3 31
8 375
435 442
94 149
99 493
154 200
346 370
117 318
208 436
249 437
309 488
59 313
147 160
207 211
298 329
358 380
17 87
58 88
110 278
449 498
490 499
149 206
209 257
302 448
300 375
11 272
52 273
263 493
101 165
161 216
205 488
64 283
12 93
17 437
413 437
214 227
167 381
217 498
258 499
29 447
216 273
307 391
18 288
367 442
408 443
119 340
67 150
158 268
22 407
61 335
121 386
360 402
420 453
24 453
79 160
230 329
73 345
422 499
133 396
174 397
72 120
77 464
75 391
223 289
176 443
283 340
415 459
33 165
68 351
128 402
26 125
31 469
86 176
177 294
130 448
218 295
369 464
80 361
28 171
179 340
280 392
82 407
142 458
183 459
141 233
172 300
232 351
42 227
83 228
135 418
195 469
46 346
285 362
35 187
136 239
134 166
227 357
347 459
148 249
146 176
338 346
49 243
202 485
150 295
241 413
301 464
342 465
53 362
144 480
102 254
143 255
201 233
294 424
5 321
354 475
13 182
44 249
393 403
104 300
197 491
255 469
67 418
6 142
4 69
9 413
97 260
105 121
248 429
196 239
349 481
60 378
8 188
151 496
2 373
62 424
249 250
20 198
400 419
111 316
460 470
303 486
14 383
113 362
16 429
164 327
112 137
263 306
414 475
106 322
455 476
166 373
64 96
17 250
69 440
129 491
215 265
256 266
316 317
407 435
71 486
219 384
167 194
258 312
318 363
29 260
122 451
409 481
120 378
161 379
268 276
221 430
18 101
23 445
210 271
270 322
311 323
22 220
421 491
25 491
462 492
173 389
121 199
214 390
233 440
272 368
76 456
24 266
84 317
175 435
276 487
18 451
133 209
174 210
265 328
325 379
36 276
77 277
416 497
127 394
228 446
30 461
38 322
230 492
68 164
31 282
182 451
80 174
33 328
181 226
184 497
332 395
392 446
82 220
334 441
45 338
135 231
286 400
387 452
1 416
100 395
339 411
39 119
58 169
89 236
37 46
341 457
0 164
49 56
54 400
202 298
394 468
53 175
295 462
47 360
167 462
146 339
5 134
10 478
109 457
255 282
348 473
7 180
67 231
447 452
158 349
199 350
61 416
102 417
162 468
60 191
63 462
99 119
151 309
159 170
211 360
252 361
2 186
114 427
62 237
213 406
262 298
454 468
165 365
266 417
305 345
68 432
16 242
117 294
15 17
106 135
111 479
218 376
17 63
129 304
160 371
220 422
261 423
280 473
118 145
71 299
310 315
29 73
34 417
122 264
461 484
312 361
372 412
124 310
275 479
22 33
27 377
25 304
118 495
173 202
233 253
365 372
136 320
84 130
115 197
268 439
328 490
39 387
326 417
78 315
138 366
229 484
41 433
77 90
127 207
228 259
379 428
439 479
131 326
230 305
92 371
133 372
31 95
36 439
91 146
182 264
242 315
283 316
333 433
374 434
85 331
33 141
145 382
186 383
48 449
427 445
45 151
196 320
8 269
388 490
43 455
189 280
290 332
1 229
381 450
40 157
100 208
193 399
191 326
251 377
3 275
94 393
154 444
52 167
304 388
54 213
147 404
205 382
246 383
58 332
149 450
47 173
107 224
258 393
101 409
161 460
202 461
12 337
158 162
311 404
9 39
102 230
162 281
214 471
253 399
156 466
21 49
67 394
114 240
153 168
265 409
213 219
306 410
366 461
56 235
168 476
116 286
176 337
267 455
308 456
165 178
16 55
169 297
260 415
361 467
20 174
70 291
130 342
171 343
262 461
33 409
280 286
373 477
32 184
371 404
123 302
71 112
183 353
315 472
26 369
34 230
125 348
23 71
28 415
83 122
327 482
27 190
426 461
118 308
238 410
269 477
76 82
81 426
141 477
227 251
180 405
18 77
42 471
78 128
83 472
138 179
229 297
41 246
421 467
30 87
95 482
134 410
222 257
433 477
37 477
133 185
245 426
284 354
36 252
148 493
187 421
247 472
49 487
85 144
90 488
145 195
236 313
277 314
428 483
139 380
87 190
102 498
143 499
201 477
349 375
8 82
13 426
44 493
440 493
99 200
252 442
2 267
43 268
194 437
254 488
6 386
4 313
152 211
193 212
196 483
3 88
8 432
435 499
94 206
154 257
305 426
346 427
117 375
249 494
20 442
207 268
17 144
110 335
300 432
11 329
52 330
411 448
161 273
202 274
293 392
312 442
413 494
12 150
17 494
163 319
355 489
214 284
167 438
365 453
24 160
65 161
115 278
63 88
18 345
367 499
119 397
168 289
121 443
19 166
170 335
230 386
271 387
73 402
21 212
133 453
174 454
70 104
75 448
130 155
283 397
314 464
262 274
126 413
74 223
186 464
165 341
225 392
68 408
274 284
26 182
86 233
34 43
177 351
218 352
80 418
88 279
181 470
179 397
82 464
118 121
269 290
329 341
40 238
141 290
232 408
180 218
292 459
42 284
83 285
281 300
234 454
93 249
132 177
192 228
324 347
343 397
35 244
384 398
95 295
136 296
134 223
246 464
287 465
39 363
58 413
89 480
37 290
185 188
336 357
396 408
96 116
146 233
187 234
239 424
247 285
299 475
51 373
338 403
49 300
90 301
150 352
241 470
48 75
199 244
240 245
331 363
201 290
294 481
44 306
393 460
104 357
2 80
7 424
43 81
67 475
194 250
6 199
345 419
405 470
4 126
157 368
248 486
55 91
8 245
2 430
458 481
57 137
62 481
117 188
359 475
59 183
152 374
243 492
110 148
113 419
261 317
352 435
412 486
453 487
16 486
52 143
71 193
112 194
164 384
203 312
263 363
15 261
106 379
166 430
226 481
465 497
64 153
124 204
215 322
316 374
27 271
118 389
217 368
318 420
29 317
120 435
180 486
268 333
18 158
119 210
210 328
270 379
330 430
22 277
173 446
121 256
233 497
272 425
24 323
323 390
21 25
133 266
174 267
265 385
325 436
36 333
77 334
75 261
33 35
38 379
277 395
68 221
87 271
128 272
188 323
279 441
380 493
91 390
130 318
80 231
28 41
33 385
181 283
179 210
43 349
82 277
142 328
183 329
45 395
86 396
105 446
383 390
42 97
135 288
195 339
234 267
35 57
40 401
100 452
155 159
246 277
89 293
37 103
438 447
190 345
0 221
93 412
49 113
54 457
90 114
202 355
293 473
301 334
144 350
204 401
47 417
102 124
5 191
385 412
13 52
445 463
255 339
296 340
7 237
67 288
158 406
199 407
259 458
6 12
56 129
9 283
61 473
97 130
102 474
157 181
248 299
349 351
60 248
8 58
440 469
211 417
159 227
252 418
21 293
62 294
153 412
213 463
452 479
111 186
152 187
171 237
264 428
262 355
303 356
363 407
55 254
74 304
165 422
206 423
68 489
16 299
315 366
356 367
106 192
317 412
69 310
418 464
220 479
27 84
32 428
118 202
219 254
370 423
29 130
34 474
120 248
180 299
273 490
372 469
23 315
83 366
215 485
22 90
233 310
365 429
425 480
76 326
24 136
84 187
136 377
175 305
268 496
39 444
326 474
18 321
37 371
138 423
377 439
168 265
228 316
319 434
30 331
379 485
38 192
331 444
36 496
143 393
91 203
242 372
145 439
186 440
184 367
43 162
82 90
87 434
235 332
196 377
237 378
297 429
8 326
99 444
98 219
189 337
137 147
290 389
193 456
191 383
3 332
89 106
94 450
302 399
52 224
492 496
304 445
54 270
147 461
155 322
205 439
246 440
17 388
58 389
204 214
198 399
146 209
258 450
10 348
109 327
7 50
12 394
158 219
199 220
311 461
350 389
9 96
102 287
121 337
162 338
253 456
24 404
63 332
271 281
114 297
62 107
174 348
153 225
265 466
306 467
77 415
56 292
19 410
74 117
79 461
165 235
206 236
68 302
169 354
359 451
70 348
130 399
171 400
218 246
410 416
69 123
74 467
129 174
220 292
280 343
321 344
32 241
371 461
412 462
71 169
122 134
125 405
364 421
424 472
28 472
124 180
215 298
275 349
27 247
25 174
118 365
178 416
477 483
76 139
136 190
227 308
328 360
39 257
378 477
78 185
190 426
231 427
229 354
330 406
192 472
233 473
431 488
30 144
35 488
90 195
131 196
222 314
92 241
185 432
284 411
96 360
146 477
187 478
145 252
236 370
337 422
48 319
139 437
87 247
240 489
289 381
8 139
13 483
140 258
200 309
291 427
2 324
351 478
103 376
194 494
1 99
6 443
4 370
193 269
243 386
191 196
55 335
3 145
8 489
305 483
346 484
57 381
117 432
203 206
20 499
106 273
59 427
147 274
207 325
298 443
358 494
399 495
110 392
397 422
149 320
198 212
409 432
101 279
161 330
221 381
12 207
124 448
163 376
61 99
121 150
214 341
63 145
156 336
276 438
18 402
119 454
56 105
168 346
116 156
176 207
267 325
19 223
368 377
459 495
170 392
230 443
68 115
260 285
320 336
72 234
130 212
171 213
283 454
322 382
33 279
74 280
126 470
165 398
68 465
183 223
274 341
26 239
375 393
34 100
125 218
218 409
278 460
179 454
27 60
46 110
238 280
389 449
81 296
141 347
172 414
232 465
42 341
190 239
231 240
93 306
41 116
132 234
192 285
285 476
343 454
35 301
95 352
155 403
336 414
396 465
0 465
437 466
96 173
146 290
187 291
247 342
51 430
90 358
150 409
48 132
53 476
139 250
240 302
102 368
50 178
143 369
201 347
44 363
104 414
252 312
2 137
43 138
444 482
153 306
194 307
97 374
157 425
206 317
159 471
398 487
57 194
208 363
249 364
309 415
20 312
111 430
59 240
152 431
171 481
212 482
14 497
108 132
261 374
302 375
352 492
71 250
164 441
203 369
263 420
166 487
12 20
215 379
163 189
316 431
27 328
219 498
217 425
24 30
29 374
115 148
120 492
268 390
307 318
18 215
270 436
22 334
121 313
272 482
24 380
84 431
115 498
170 205
323 447
73 272
174 324
265 442
36 390
75 318
374 385
184 261
225 262
188 380
26 52
31 396
91 447
369 391
429 442
88 149
179 267
43 406
82 334
142 385
381 401
40 108
45 452
81 109
141 160
193 350
172 227
232 278
292 329
383 447
443 498
42 154
484 499
195 396
98 463
436 458
35 114
95 165
155 216
246 334
347 386
58 283
378 453
37 160
149 401
148 176
390 463
431 464
90 171
301 391
53 289
144 407
47 474
102 181
143 182
146 453
253 350
294 351
13 109
44 176
257 469
255 396
67 345
158 463
199 464
306 361
9 340
97 187
157 238
308 407
349 408
368 458
60 305
8 115
211 474
159 284
250 402
21 350
153 469
361 418
111 243
171 294
264 485
262 412
14 310
363 464
74 361
165 479
113 289
206 480
11 12
164 254
315 423
356 424
15 131
106 249
218 490
166 300
226 351
317 469
69 367
129 418
160 485
27 141
66 69
71 413
217 238
310 429
29 187
120 305
180 356
312 475
18 28
23 372
124 424
22 147
27 491
25 418
173 316
233 367
272 295
365 486
136 434
175 362
73 85
78 429
133 136
138 480
284 305
377 496
36 203
96 254
416 424
127 321
187 372
228 373
30 388
428 434
87 141
92 485
128 142
188 193
31 209
143 450
91 260
430 480
182 378
242 429
80 101
483 491
87 491
142 198
334 368
196 434
237 435
297 486
8 383
135 158
346 378
46 86
249 445
290 446
1 343
288 373
100 322
251 491
3 389
58 96
89 163
190 215
281 333
300 383
341 384
401 435
0 91
93 282
203 450
244 451
54 327
202 225
205 496
293 343
353 394
394 395
17 445
53 102
144 220
295 389
47 287
396 441
107 338
167 389
198 456
5 61
10 405
65 112
109 384
408 451
7 107
12 451
67 158
158 276
259 328
350 446
61 343
24 461
65 462
211 287
362 456
403 457
114 354
62 164
153 282
213 333
56 349
116 400
176 451
19 467
456 468
74 174
165 292
206 293
266 344
357 462
68 359
169 411
70 405
130 456
218 303
28 179
69 180
129 231
220 349
280 400
32 298
71 226
26 483
81 190
34 344
172 308
83 236
25 231
178 473
76 196
136 247
287 416
328 417
326 344
78 242
138 293
231 484
229 411
41 360
127 134
132 478
30 201
90 252
38 62
131 253
342 473
92 298
284 468
96 417
182 191
335 433
333 360
393 411
85 258
145 309
184 237
296 478
87 304
45 78
50 422
289 438
237 248
297 299
8 196
99 314
140 315
200 366
291 484
103 433
189 207
249 258
340 376
400 427
4 427
40 84
59 134
303 494
344 495
3 202
154 371
93 95
112 145
117 489
203 263
244 264
15 212
455 484
54 140
59 484
155 192
110 449
58 259
108 376
209 428
47 100
71 494
107 151
112 495
167 202
318 371
409 489
161 387
109 197
221 438
64 454
311 331
61 156
121 207
162 208
214 398
253 326
24 274
65 275
404 495
115 392
63 202
216 444
276 495
18 459
114 167
174 218
306 337
366 388
77 285
56 162
75 212
168 403
176 264
19 280
368 434
21 326
260 342
320 393
31 290
72 291
70 218
130 269
171 270
33 336
74 337
274 398
334 449
86 347
34 157
177 465
88 393
46 167
25 44
137 285
178 286
238 337
40 352
81 353
141 404
190 296
231 297
382 466
93 363
41 173
132 291
192 342
95 409
134 337
37 404
92 111
185 302
245 353
96 230
146 347
187 348
44 70
49 414
48 189
139 307
87 117
199 358
240 359
9 234
50 235
102 425
5 492
8 9
13 353
44 420
104 471
250 296
291 297
103 246
442 466
153 363
194 364
254 415
6 313
56 430
4 240
157 482
55 205
3 15
94 133
154 184
305 353
117 302
208 420
15 25
20 369
106 143
59 297
111 487
298 313
358 364
110 262
449 482
108 189
261 431
209 241
321 482
300 359
11 256
71 307
112 308
263 477
15 375
101 149
106 493
161 200
221 251
312 369
413 421
12 77
124 318
163 246
27 385
25 312
66 313
217 482
65 88
156 206
216 257
307 375
18 272
210 442
270 493
22 391
77 98
168 216
319 385
360 386
420 437
24 437
131 334
79 144
84 488
222 452
170 262
271 314
73 329
422 483
31 103
36 447
72 104
77 448
75 375
283 324
314 391
415 443
434 493
38 493
126 340
186 391
184 318
87 385
128 386
188 437
427 453
26 109
31 453
86 160
177 278
237 329
369 448
429 499
28 155
179 324
43 463
82 391
290 340
81 166
172 284
232 335
292 386
42 211
135 402
195 453
234 381
46 330
137 448
95 222
155 273
287 392
347 443
58 340
89 407
37 217
149 458
190 459
146 160
299 402
51 300
90 228
109 278
202 469
241 397
301 448
12 345
53 346
144 464
9 47
102 238
143 239
253 407
201 217
294 408
5 305
354 459
13 166
104 284
197 475
67 402
306 418
6 126
345 346
56 243
4 53
9 397
97 244
248 413
60 362
151 480
21 407
57 64
208 233
361 475
20 182
400 403
171 351
212 352
303 470
352 362
16 413
71 120
112 121
356 481
15 188
414 459
106 306
125 356
166 357
28 423
64 80
69 424
129 475
215 249
27 198
66 126
71 470
178 367
269 485
310 486
318 347
81 434
29 244
122 435
409 465
221 414
419 429
18 85
23 429
78 136
83 480
124 481
22 204
25 475
233 424
272 352
131 147
136 491
134 418
175 419
474 486
73 142
78 486
133 193
325 363
416 481
127 378
187 429
30 445
38 306
131 497
186 204
428 491
87 198
240 440
31 266
182 435
242 486
80 158
140 209
43 276
392 430
423 497
82 204
142 255
235 446
334 425
45 322
105 373
8 440
94 214
135 215
286 384
346 435
387 436
98 333
46 143
137 261
1 400
288 430
147 225
100 379
58 153
89 220
209 322
401 492
112 389
15 456
51 113
54 384
202 282
293 400
394 452
12 158
295 446
355 497
47 344
107 395
406 462
5 118
10 462
156 287
109 441
197 288
257 339
255 266
348 457
7 164
67 215
259 385
9 210
162 452
63 446
151 293
211 344
62 221
174 462
153 339
213 390
56 406
75 456
111 113
14 180
74 231
165 349
113 159
206 350
225 400
68 416
16 226
128 467
34 51
125 169
166 170
317 339
181 478
129 288
220 406
280 457
178 180
81 247
29 57
34 401
461 468
180 226
372 396
83 293
275 463
46 411
173 186
233 237
324 355
384 406
76 253
136 304
84 114
227 422
287 473
328 474
39 371
326 401
37 298
78 299
138 350
229 468
96 124
187 242
228 243
319 361
30 258
90 309
38 119
131 310
439 463
282 479
240 253
331 371
31 79
91 130
96 474
333 417
44 314
85 315
393 468
434 469
184 294
43 89
48 433
87 361
194 258
235 259
386 428
9 478
45 135
50 479
105 186
446 479
196 304
237 305
289 495
297 356
8 253
388 474
99 371
159 422
200 423
2 438
62 489
98 146
103 490
290 316
1 213
340 433
400 484
441 485
59 191
212 433
191 310
251 361
3 259
94 377
154 428
302 326
52 151
57 495
112 202
203 320
244 321
304 372
15 269
395 490
54 197
147 388
205 366
108 433
256 331
209 485
10 275
101 393
161 444
109 254
221 495
311 388
9 23
214 455
313 434
24 331
115 449
156 450
21 33
114 224
265 393
366 445
77 342
75 269
116 270
19 337
68 229
16 39
169 281
260 399
320 450
31 347
72 348
70 275
130 326
322 496
181 291
160 168
274 455
86 404
23 55
83 106
88 450
275 276
46 224
25 101
137 342
178 343
238 394
40 409
81 410
141 461
227 235
39 184
378 404
37 111
42 455
78 112
190 353
281 471
229 281
93 420
41 230
132 348
192 399
30 71
35 415
90 122
95 466
134 394
222 241
241 291
342 343
433 461
144 358
92 168
284 338
47 425
148 477
96 287
146 404
294 302
247 456
385 420
44 127
197 369
145 179
236 297
296 348
139 364
199 415
240 416
6 20
97 138
102 482
201 461
289 308
349 359
8 66
13 410
44 477
99 184
159 235
200 236
252 426
250 353
291 354
351 405
103 303
153 420
194 421
1 26
56 487
4 297
97 488
152 195
212 246
243 313
303 364
344 365
55 262
3 72
94 190
154 241
305 410
57 308
117 359
208 477
20 426
106 200
147 201
298 370
358 421
418 472
160 436
108 246
261 488
209 298
300 416
112 365
411 432
221 308
312 426
353 427
64 324
413 478
215 493
163 303
256 494
22 98
27 442
25 369
66 370
214 268
24 144
29 488
65 145
84 195
115 262
175 313
216 314
307 432
18 329
78 380
75 82
168 273
319 442
79 201
170 319
73 386
133 437
72 161
70 88
223 330
314 448
374 499
33 206
126 397
186 448
184 375
225 376
188 494
26 166
86 217
177 335
125 145
237 386
278 387
28 212
88 263
181 454
82 448
137 155
142 499
40 222
193 464
480 494
191 391
232 392
292 443
94 458
42 268
135 459
281 284
234 438
0 42
93 233
132 161
244 402
192 212
285 403
343 381
147 469
95 279
246 448
287 449
336 341
47 238
0 392
146 217
239 408
299 459
247 269
338 387
241 454
48 59
199 228
259 279
350 397
391 398
102 295
50 105
162 346
253 464
5 362
44 290
104 341
7 408
62 115
67 459
103 116
306 475
254 285
405 454
4 110
9 454
97 301
157 352
248 470
60 419
206 244
159 398
398 414
21 464
57 121
458 465
208 290
309 342
359 459
111 357
59 167
171 408
14 424
69 131
74 475
110 132
160 249
113 403
261 301
321 352
352 419
412 470
11 126
16 470
71 177
112 178
453 471
465 481
69 481
124 188
215 306
275 357
27 255
118 373
219 425
122 492
120 419
180 470
268 317
328 368
23 486
78 193
231 435
210 312
330 414
233 481
272 409
84 358
222 322
175 476
36 317
96 368
127 435
187 486
38 363
184 188
277 379
337 430
240 497
188 307
91 374
182 492
80 215
140 266
181 267
179 194
291 435
332 436
43 333
392 487
142 312
6 451
334 482
193 277
191 204
344 446
8 497
42 81
135 272
195 323
286 441
387 493
98 390
46 200
35 41
59 435
147 282
58 210
89 277
149 328
341 498
52 395
112 446
54 441
241 267
53 216
144 334
47 401
5 175
63 153
104 154
156 344
197 345
257 396
255 323
7 221
447 493
158 390
259 442
61 457
9 267
157 165
368 385
60 232
151 350
211 401
159 211
271 452
21 277
62 278
114 468
260 293
72 242
20 52
452 463
111 170
171 221
212 222
262 339
363 391
74 288
266 458
68 473
16 283
164 181
375 401
34 108
218 417
166 227
317 396
28 293
69 294
129 345
160 412
220 463
27 68
32 412
118 186
219 238
269 355
310 356
81 304
29 114
34 458
172 422
120 232
23 299
231 248
22 74
46 468
25 345
324 412
384 463
76 310
425 464
136 361
84 171
134 288
227 479
138 407
377 423
0 473
36 130
41 474
96 181
437 474
127 248
187 299
228 300
338 468
379 469
90 366
38 176
131 367
53 484
331 428
391 479
432 480
31 136
50 186
143 377
182 305
44 371
85 372
145 423
444 490
43 146
48 490
103 197
194 315
235 316
6 264
386 485
97 382
45 192
196 361
297 413
8 310
99 428
159 479
200 480
2 495
189 321
249 372
1 270
288 300
152 439
100 249
212 490
191 367
251 418
0 18
112 259
203 377
244 378
304 429
106 444
54 254
205 423
17 372
256 388
355 367
47 214
66 264
107 265
258 434
10 332
101 450
156 157
307 326
7 34
119 275
67 85
210 393
158 203
311 445
61 270
121 321
272 490
313 491
19 44
65 389
63 316
151 163
114 281
174 332
213 260
75 326
14 50
74 101
79 445
165 219
266 271
357 389
169 338
260 456
72 405
130 383
218 230
278 281
369 399
69 107
181 348
129 158
160 225
280 327
32 225
123 343
183 394
26 410
81 117
86 461
172 235
364 405
424 456
23 112
28 456
234 332
275 333
137 399
178 400
238 451
40 466
76 123
81 467
136 174
287 343
328 344
39 241
378 461
229 338
0 286
41 287
93 477
431 472
35 472
131 180
150 230
241 348
144 415
185 416
294 359
335 360
197 426
145 236
236 354
296 405
9 348
50 349
97 195
289 365
8 123
13 467
99 241
159 292
200 293
252 483
250 410
2 308
351 462
194 478
1 83
6 427
152 252
212 303
344 422
94 247
206 488
305 467
16 364
57 365
117 416
106 257
54 67
59 411
207 309
205 236
298 427
358 478
69 375
110 376
397 406
160 493
108 303
209 355
66 77
71 421
411 489
10 145
15 489
122 386
409 416
101 263
312 483
124 432
163 360
22 155
25 426
121 134
214 325
365 494
84 252
63 129
216 371
18 386
78 437
77 212
416 432
168 330
116 140
228 381
176 191
267 309
19 207
131 448
79 258
170 376
128 150
133 494
260 269
31 217
72 218
471 489
75 489
130 196
223 387
283 438
225 433
32 38
423 448
82 155
87 499
123 156
183 207
274 325
334 376
26 223
86 274
34 84
466 495
237 443
278 444
80 459
88 320
179 438
46 94
137 212
290 454
238 264
329 382
389 433
141 331
191 448
232 449
3 397
39 54
42 325
190 223
341 392
382 393
0 99
93 290
132 218
343 438
35 285
95 336
394 403
53 110
58 454
144 228
245 280
336 398
47 295
396 449
148 347
146 274
51 414
197 239
150 393
48 116
53 460
199 285
259 336
391 455
9 161
102 352
162 403
5 419
65 470
403 465
444 466
62 172
194 291
213 341
254 342
6 240
4 167
97 358
116 408
157 409
19 475
55 132
60 476
456 476
159 455
357 470
398 471
57 178
117 229
208 347
309 399
72 486
20 296
111 414
171 465
212 466
410 481
14 481
69 188
108 116
261 358
352 476
71 234
164 425
263 404
125 470
64 194
124 245
215 363
163 173
316 415
27 312
25 239
118 430
178 481
219 482
115 132
175 183
328 425
18 199
78 250
231 492
210 369
270 420
272 466
222 379
230 240
133 307
284 476
325 477
36 374
96 425
127 492
314 318
85 266
33 76
38 420
126 267
186 318
184 245
277 436
337 487
376 415
87 312
128 313
188 364
279 482
26 36
86 87
177 205
297 307
388 425
140 323
88 133
181 324
200 374
179 251
291 492
332 493
43 390
82 318
142 369
45 436
193 334
232 262
292 313
3 210
383 431
94 328
42 138
135 329
195 380
443 482
286 498
244 272
436 442
35 98
59 492
100 493
147 339
347 370
58 267
89 334
209 436
47 108
148 160
239 278
299 329
51 227
390 447
49 154
54 498
109 205
150 206
202 396
301 375
144 391
163 441
204 442
102 165
253 334
294 335
65 283
13 93
63 210
104 211
216 452
255 380
67 329
306 345
6 53
56 170
116 221
157 222
248 340
308 391
19 288
368 442
151 407
21 334
260 350
361 402
72 299
111 227
171 278
264 469
262 396
322 447
14 294
363 448
113 273
164 238
125 283
166 284
218 474
226 335
317 453
28 350
129 402
25 52
178 294
269 412
217 222
310 413
370 464
122 362
172 479
120 289
180 340
83 407
229 232
22 131
76 367
136 418
134 345
39 485
37 412
224 238
96 238
127 305
228 357
247 407
38 233
150 474
240 367
331 485
279 295
50 243
91 244
143 434
44 428
80 85
145 480
43 203
103 254
423 424
82 131
142 182
6 321
105 300
196 418
8 367
99 485
286 311
346 362
249 429
1 327
147 152
152 496
191 424
251 475
3 373
490 491
89 147
94 491
149 198
300 367
341 368
52 265
401 419
112 316
263 485
304 486
10 39
15 383
101 157
54 311
293 327
353 378
17 429
53 86
163 254
204 255
316 496
295 373
66 321
107 322
198 440
258 491
10 389
65 96
156 214
216 265
257 266
307 383
348 384
408 435
119 332
210 450
61 327
121 378
360 394
24 445
60 102
84 496
63 373
151 220
211 271
271 322
362 440
422 491
21 147
114 338
174 389
463 492
213 317
72 112
77 456
75 383
14 107
19 451
225 327
357 446
417 497
16 153
128 394
169 395
72 462
130 440
278 338
28 163
69 164
129 215
220 333
32 282
82 399
123 400
81 174
122 175
172 292
232 343
364 462
83 220
234 389
275 390
46 338
137 456
76 180
136 231
134 158
227 349
287 400
328 401
39 298
326 328
190 467
138 277
231 468
229 395
0 343
132 462
30 185
38 46
241 405
53 354
144 472
92 282
185 473
50 56
143 247
294 416
335 417
333 344
44 241
85 242
296 462
48 360
4 61
9 405
196 231
289 422
8 180
388 401
151 488
99 298
159 349
200 350
291 468
2 365
1 140
6 484
152 309
243 427
251 288
344 479
113 354
154 355
57 422
112 129
117 473
203 247
263 298
356 489
106 314
455 468
166 365
205 293
298 484
69 432
256 258
407 427
66 134
71 478
310 494
258 304
318 355
101 320
161 371
221 422
210 263
163 417
22 212
402 433
25 483
61 140
66 484
121 191
214 382
272 360
404 479
115 376
63 186
216 428
276 479
114 151
119 495
174 202
265 320
325 371
366 372
77 269
416 489
168 387
116 197
228 438
176 248
267 366
19 264
128 207
169 208
279 376
31 274
72 275
70 202
182 443
130 253
223 444
283 495
322 423
33 320
184 489
225 490
332 387
373 388
32 95
235 454
334 433
26 280
375 434
86 331
34 141
135 223
179 495
387 444
137 269
288 438
329 439
389 490
100 387
141 388
3 454
341 449
0 156
41 157
93 347
192 326
343 495
35 342
155 444
53 167
144 285
92 95
185 286
245 337
336 455
47 352
148 404
146 331
44 54
109 449
197 296
199 342
9 218
50 219
201 388
5 476
60 183
13 337
63 454
151 301
159 162
252 353
2 178
62 229
103 230
442 450
213 398
6 297
56 414
4 224
116 465
157 466
206 358
305 337
117 286
20 353
111 471
17 55
449 466
160 363
108 173
261 415
321 466
11 240
10 15
34 409
122 256
101 133
221 235
372 404
64 251
124 302
215 420
316 472
22 25
118 487
66 297
217 466
24 71
29 415
175 240
216 241
268 431
328 482
307 359
18 256
367 410
119 308
210 426
229 476
22 375
77 82
228 251
319 369
379 420
38 127
79 128
84 472
170 246
282 487
230 297
323 488
73 313
422 467
133 364
36 431
72 88
91 138
96 482
182 256
223 257
335 498
314 375
374 426
85 323
33 133
38 477
126 324
186 375
434 477
277 493
376 472
235 267
188 421
427 437
50 487
86 144
177 262
237 313
297 364
388 482
429 483
140 380
200 431
179 308
43 447
82 375
290 324
381 442
45 493
100 200
141 201
193 391
191 318
232 319
292 370
383 488
42 195
135 386
195 437
244 329
54 205
95 206
155 257
246 375
347 427
149 442
47 165
0 319
107 216
148 217
198 334
299 386
51 284
101 401
109 262
202 453
301 432
163 498
102 222
162 273
313 442
354 443
13 150
104 268
255 437
67 386
153 160
306 402
56 227
4 37
116 278
308 448
19 345
60 346
368 499
151 464
260 407
208 217
361 459
359 386
14 351
74 402
160 176
113 330
11 53
71 104
164 295
263 274
34 222
414 443
166 341
226 392
23 63
28 407
69 408
129 459
275 284
27 182
426 453
25 109
66 110
118 300
269 469
310 470
81 418
29 228
122 419
120 346
180 397
18 69
78 120
119 121
138 171
231 362
229 289
270 290
330 341
41 238
421 459
132 356
35 423
136 475
134 402
282 300
37 469
73 126
185 367
224 295
284 346
36 244
96 295
127 362
85 136
38 290
186 188
337 357
428 475
240 424
188 234
50 300
91 301
143 491
182 419
242 470
44 485
80 142
85 486
140 193
200 244
291 362
332 363
103 311
423 481
82 188
194 429
97 496
45 306
105 357
193 204
3 80
8 424
435 491
94 198
135 199
154 249
195 250
286 368
346 419
249 486
1 384
147 209
207 260
298 378
339 379
399 430
3 430
302 497
300 424
52 322
112 373
10 96
101 214
54 368
202 266
293 384
353 435
413 486
12 142
295 430
355 481
107 379
198 497
406 446
5 102
63 80
307 440
7 148
119 389
67 199
61 384
121 435
360 451
60 159
211 328
271 379
362 497
21 204
114 395
174 446
213 374
72 169
116 441
264 339
225 384
266 385
128 451
169 452
34 35
70 446
278 395
317 323
88 271
129 272
181 462
468 492
220 390
32 339
82 456
123 457
269 282
81 231
29 41
122 232
141 282
120 159
232 400
180 210
135 467
83 277
234 446
285 411
35 236
76 237
384 390
136 288
134 215
227 406
287 457
39 355
326 385
37 282
138 334
229 452
36 57
41 401
96 108
127 175
187 226
247 277
338 395
379 396
90 293
38 103
150 344
439 447
241 462
282 463
92 339
331 355
391 406
50 113
182 232
201 282
335 474
7 416
43 73
48 417
6 191
345 411
446 463
4 118
9 462
45 119
97 309
105 170
157 360
196 288
289 479
60 427
8 237
99 355
159 406
200 407
57 129
62 473
98 130
4 468
59 175
212 417
243 484
251 345
113 411
154 412
302 310
16 478
52 135
453 479
112 186
203 304
304 356
395 474
166 422
69 489
17 299
110 490
316 366
11 484
448 485
107 192
10 259
101 377
221 479
23 494
64 495
119 202
163 474
311 372
22 269
402 490
61 197
214 439
272 417
313 418
115 433
63 243
175 484
216 485
73 207
174 259
265 377
325 428
77 326
75 253
168 444
228 495
176 305
38 371
126 218
68 213
188 315
279 433
320 434
130 310
28 33
332 444
32 152
371 372
82 269
123 270
183 321
274 439
334 490
26 337
86 388
135 280
83 90
88 434
234 259
327 450
46 208
426 429
238 378
35 49
40 393
100 444
39 168
378 388
89 285
438 439
0 213
93 404
192 383
30 55
54 449
95 450
241 275
53 224
433 445
144 342
92 152
185 343
204 393
245 394
493 496
47 409
146 388
445 455
104 162
145 163
197 353
236 281
48 230
139 348
259 450
157 173
248 291
201 445
289 292
8 50
440 461
99 168
159 219
250 337
2 235
62 286
213 455
254 456
1 10
56 471
4 281
152 179
212 230
243 297
303 348
363 399
55 246
206 415
154 225
266 466
305 394
16 291
57 292
208 461
356 359
15 66
20 410
106 184
166 235
207 236
298 354
358 405
69 302
108 230
261 472
71 348
219 246
310 364
411 416
34 466
122 313
101 190
161 241
221 292
312 410
23 307
64 308
372 461
124 359
413 462
215 477
22 82
25 353
173 251
214 252
425 472
24 128
115 246
175 297
268 488
276 349
367 467
78 364
77 139
168 257
228 308
379 477
420 478
38 184
79 185
131 375
170 303
73 370
432 488
31 144
91 195
70 72
182 313
314 432
374 483
33 190
126 381
186 432
184 359
87 426
235 324
188 478
86 201
297 421
140 437
200 488
179 365
82 432
189 329
137 139
290 381
288 308
100 257
193 448
251 426
292 427
3 324
89 98
135 443
0 26
244 386
192 196
285 387
147 453
155 314
347 484
58 381
89 448
204 206
295 324
47 222
107 273
148 274
487 494
198 391
146 201
239 392
51 341
101 458
49 268
109 319
7 42
139 161
259 263
9 88
162 330
253 448
201 258
313 499
5 346
63 324
151 171
255 494
67 443
153 217
213 268
306 459
345 387
116 335
157 336
248 454
55 59
60 403
206 228
266 279
357 397
16 104
21 448
260 464
208 274
72 413
359 443
70 340
14 408
110 116
261 285
321 336
352 403
412 454
11 110
123 351
71 161
164 352
263 331
34 279
125 397
273 295
226 449
23 120
215 290
275 341
316 342
178 408
81 475
180 454
268 301
419 470
18 126
23 470
78 177
231 419
229 346
270 347
330 398
41 295
132 413
173 414
76 481
134 459
222 306
185 424
133 234
284 403
36 301
96 352
127 419
187 470
30 486
85 193
277 363
337 414
139 429
188 291
182 476
140 250
200 301
291 419
332 420
351 470
43 317
392 471
194 486
235 487
1 91
6 435
4 362
45 363
105 414
344 430
3 137
8 481
94 255
42 65
154 306
195 307
346 476
57 373
189 492
54 75
147 266
207 317
298 435
399 487
110 384
58 194
149 312
209 363
112 430
198 204
15 497
101 271
49 81
293 441
353 492
301 302
12 199
204 369
107 436
167 487
5 159
13 20
404 430
63 137
156 328
216 379
307 497
348 498
7 205
158 374
56 97
116 148
121 492
248 267
368 369
459 487
211 385
21 261
114 452
213 431
320 328
72 226
20 36
75 497
111 154
264 396
262 323
322 374
14 221
363 375
74 272
165 390
266 442
32 46
68 457
123 164
164 165
315 334
375 385
34 92
125 210
278 452
226 262
28 277
88 328
129 329
220 447
27 52
32 396
178 221
238 272
269 339
329 390
81 288
29 98
141 339
172 406
120 216
232 457
180 267
273 458
23 283
83 334
231 232
382 401
41 108
46 452
132 226
285 468
233 278
324 396
35 293
76 294
384 447
136 345
37 339
138 391
377 407
0 457
36 114
437 458
338 452
30 299
379 453
90 350
139 242
240 294
331 412
391 463
432 464
50 170
91 171
143 361
242 340
13 288
333 458
104 406
145 407
7 473
48 474
444 474
103 181
194 299
254 350
345 468
386 469
4 175
45 176
97 366
157 417
196 345
60 484
8 294
99 412
159 463
398 479
57 186
98 187
189 305
249 356
309 407
340 474
212 474
251 402
55 490
154 469
302 367
112 243
203 361
304 413
106 428
54 238
166 479
207 480
205 407
17 356
256 372
295 300
66 248
107 249
167 300
217 417
258 418
161 485
307 310
119 259
210 377
158 187
270 428
22 326
61 254
121 305
214 496
272 474
313 475
19 28
115 490
170 197
323 439
362 367
73 264
21 74
174 316
265 434
325 485
366 486
77 383
75 310
314 326
38 428
74 85
79 429
225 254
376 423
417 424
128 321
279 490
320 491
26 44
31 388
91 439
70 316
130 367
429 434
28 90
181 332
129 142
220 260
32 209
371 429
82 326
183 378
26 394
81 101
86 445
141 152
232 270
424 440
23 96
42 146
83 147
135 337
484 491
426 486
35 106
95 157
136 158
39 225
438 496
37 152
42 496
89 342
138 204
190 394
479 497
0 270
93 461
239 286
192 440
51 235
431 456
30 112
90 163
150 214
241 332
301 383
92 209
204 450
47 466
143 174
146 445
385 461
197 410
145 220
257 461
236 338
7 286
139 405
199 456
6 61
9 332
97 179
157 230
248 348
289 349
13 451
151 415
252 467
2 292
153 461
1 67
4 338
152 236
212 287
363 456
55 303
113 281
154 282
305 451
16 348
117 400
356 416
15 123
317 461
69 359
110 360
160 477
108 287
32 477
11 354
71 405
217 230
310 421
411 473
29 179
122 370
120 297
161 298
312 467
23 364
64 365
22 139
27 483
25 410
61 67
173 308
214 309
76 375
276 406
18 370
78 421
138 472
77 196
228 365
38 241
79 242
230 411
68 83
128 134
133 478
279 303
31 201
91 252
471 473
70 129
182 370
223 371
283 422
314 489
85 437
33 247
126 438
186 489
184 416
423 432
82 139
87 483
235 381
183 191
334 360
45 257
86 258
177 376
297 478
135 150
88 304
195 201
98 268
46 78
478 489
189 386
238 248
40 263
389 417
100 314
191 432
292 484
3 381
89 155
94 499
401 427
0 83
192 253
304 494
155 371
246 489
53 94
58 438
204 263
245 264
295 381
336 382
47 279
107 330
148 331
146 258
239 449
10 397
49 325
109 376
197 223
7 99
12 443
48 100
139 218
199 269
451 490
60 110
13 264
151 228
252 280
62 156
213 325
254 326
345 444
405 495
116 392
157 393
14 115
19 459
55 116
206 285
16 161
169 403
117 213
20 280
111 398
171 449
69 172
110 173
129 223
160 290
321 393
32 290
11 167
123 408
71 218
26 475
122 183
125 454
273 352
364 470
64 178
124 229
215 347
275 398
25 223
118 414
217 393
29 342
120 460
328 409
326 336
18 183
78 234
138 285
231 476
229 403
330 455
41 352
30 193
38 54
131 245
170 173
282 414
73 240
185 481
133 291
224 409
36 358
96 409
333 352
85 250
33 60
38 404
145 301
186 302
236 419
277 420
337 471
48 368
188 348
45 70
50 414
91 415
289 430
237 240
388 409
80 256
291 476
43 374
103 425
142 353
4 419
40 76
100 127
105 471
193 318
191 245
344 487
292 297
3 194
94 312
195 364
286 482
57 430
98 431
244 256
1 498
54 132
59 476
95 133
147 323
246 302
110 441
149 369
11 435
52 436
107 143
112 487
239 262
51 211
390 431
450 482
109 189
202 380
293 498
301 359
64 446
163 425
204 426
61 148
66 492
107 493
253 318
5 216
65 267
13 77
404 487
445 488
63 194
104 195
156 385
67 313
158 431
366 380
457 498
56 154
61 498
116 205
176 256
267 374
308 375
19 272
368 426
79 323
170 441
21 318
169 216
320 385
361 386
72 283
20 93
223 452
264 453
322 431
14 278
74 329
225 498
373 396
32 103
164 222
375 442
125 267
218 458
317 437
28 334
25 36
118 227
238 329
269 396
370 448
141 396
120 273
180 324
231 289
41 165
132 283
173 284
233 335
76 351
134 329
37 396
92 103
138 448
245 345
377 464
148 412
96 222
127 289
247 391
51 479
30 356
90 407
48 181
139 299
240 351
50 227
143 418
242 397
13 345
44 412
145 464
103 238
6 305
97 423
105 284
196 402
94 125
99 469
286 295
57 243
98 244
189 362
249 413
309 464
1 311
59 289
110 254
449 474
58 64
89 131
108 181
149 182
209 233
302 424
300 351
112 300
203 418
263 469
304 470
15 367
161 192
205 464
12 69
256 429
204 239
316 480
66 305
167 357
217 474
258 475
156 198
307 367
367 418
408 419
119 316
67 126
210 434
158 244
311 486
360 378
420 429
19 85
24 429
170 254
211 255
323 496
362 424
73 321
114 322
174 373
265 491
72 96
75 367
223 265
176 419
264 266
314 383
415 435
14 91
38 485
74 142
225 311
376 480
68 327
128 378
188 429
31 445
70 373
177 270
80 337
429 491
470 492
220 317
280 368
32 266
371 486
82 383
123 384
142 434
183 435
26 451
141 209
172 276
273 328
424 497
42 203
135 394
195 445
46 322
238 492
35 163
95 214
136 215
134 142
287 384
347 435
39 282
89 399
0 327
148 225
239 343
192 497
51 292
30 169
150 271
301 440
144 456
143 231
201 209
294 400
13 158
44 225
104 276
197 467
236 395
296 446
7 343
48 344
6 118
4 45
45 46
157 287
196 215
289 406
60 354
8 164
99 282
159 333
62 400
208 225
340 344
212 344
243 411
251 272
14 359
55 360
113 338
352 354
11 61
16 405
164 303
112 113
117 457
263 282
207 350
226 400
69 416
17 226
129 467
407 411
11 411
66 118
71 462
219 360
167 170
217 287
258 288
318 339
29 236
409 457
120 354
221 406
23 421
64 422
119 129
124 473
270 298
25 467
173 365
214 366
24 242
84 293
175 411
276 463
73 134
78 478
114 135
265 304
325 355
127 370
75 180
168 371
228 422
267 350
38 298
79 299
126 145
131 489
170 417
128 191
279 360
320 361
182 427
223 428
242 478
80 150
33 304
85 494
126 495
332 371
423 489
142 247
183 248
235 438
274 366
334 417
86 315
177 433
195 258
286 376
327 377
98 325
46 135
189 443
1 392
288 422
40 320
389 474
100 371
191 489
3 438
39 95
89 212
42 366
190 264
281 382
401 484
0 140
192 310
51 105
343 479
95 377
155 428
394 444
53 151
144 269
204 320
245 321
47 336
396 490
49 382
197 280
257 331
348 449
48 157
139 275
158 325
259 377
61 392
9 202
102 393
201 372
5 460
60 167
63 438
151 285
250 264
2 162
114 403
153 331
213 382
56 398
264 347
113 151
206 342
266 393
305 321
16 218
169 460
117 270
20 337
70 454
106 111
111 455
317 331
69 229
17 39
129 280
220 398
261 399
321 450
32 347
11 224
71 275
164 466
29 49
34 393
122 240
120 167
161 168
312 337
372 388
64 235
275 455
27 353
25 280
173 178
217 450
76 245
24 55
29 399
227 414
175 224
268 415
18 240
78 291
138 342
270 461
127 183
228 235
30 250
38 111
131 302
222 420
282 471
230 281
323 472
92 347
133 348
224 466
31 71
36 415
96 466
182 240
242 291
283 292
335 482
374 410
33 117
145 358
186 359
236 476
184 286
48 425
87 353
235 251
386 420
45 127
50 471
86 128
177 246
289 487
80 313
140 364
43 431
103 482
142 410
290 308
1 205
381 426
4 476
40 133
45 477
100 184
251 353
292 354
195 421
57 487
93 144
98 488
304 364
395 482
54 189
95 190
147 380
155 241
207 431
246 359
110 498
58 308
108 425
149 426
209 477
11 492
47 149
52 493
107 200
448 493
198 318
239 319
258 369
299 370
390 488
101 385
49 195
109 246
202 437
301 416
163 482
311 380
402 498
9 15
162 257
313 426
354 427
156 442
114 216
366 437
56 211
116 262
176 313
308 432
19 329
170 498
211 499
21 375
169 273
260 391
361 443
171 319
262 437
322 488
373 453
32 160
11 37
164 279
274 447
315 448
34 206
125 324
226 376
23 47
129 443
215 217
426 437
25 93
118 284
178 335
269 453
81 402
29 212
141 453
180 381
18 53
231 346
41 222
421 443
30 63
35 407
95 458
136 459
134 386
282 284
433 453
92 160
36 228
148 469
127 346
90 464
145 171
236 289
277 290
337 341
48 238
428 459
139 356
87 166
50 284
143 475
201 453
242 454
44 469
80 126
140 177
291 346
351 397
43 244
392 398
194 413
254 464
6 362
4 289
45 290
105 341
243 305
196 459
344 357
8 408
435 475
286 352
305 402
346 403
57 300
98 301
1 368
20 418
59 346
147 193
207 244
399 414
108 238
149 239
261 480
209 290
11 305
203 475
411 424
101 198
161 249
202 250
353 419
413 470
17 470
256 486
355 465
66 362
167 414
406 430
29 480
65 137
63 64
156 255
216 306
307 424
367 475
119 373
210 491
158 301
22 440
121 419
360 435
420 486
19 142
24 486
79 193
271 363
362 481
21 188
174 430
77 497
70 80
130 131
176 476
223 322
314 440
415 492
14 148
126 389
165 317
225 368
188 486
177 327
80 394
28 204
88 255
129 256
181 446
280 425
82 440
142 491
183 492
81 215
172 333
180 194
42 260
234 430
192 204
285 395
35 220
95 271
475 492
287 441
39 339
89 456
148 282
127 159
239 400
187 210
338 379
90 277
150 328
241 446
301 497
342 498
48 51
53 395
92 323
50 97
294 457
5 354
13 215
333 385
44 282
104 333
145 334
2 56
7 400
43 57
48 401
67 451
103 108
254 277
6 175
386 396
405 446
9 446
446 447
157 344
105 154
248 462
196 272
55 67
8 221
99 339
159 390
62 457
98 114
117 164
208 282
309 334
59 159
152 350
212 401
14 416
55 417
110 124
113 395
261 293
352 411
11 118
16 462
52 119
112 170
164 360
453 463
203 288
263 339
226 457
205 334
64 129
256 299
316 350
407 468
11 468
66 175
217 344
29 293
122 484
161 412
221 463
18 134
119 186
270 355
61 181
121 232
214 423
272 401
24 299
84 350
115 417
175 468
323 366
73 191
174 243
77 310
168 428
228 479
176 289
30 494
126 202
79 356
186 253
68 197
128 248
188 299
279 417
380 469
91 366
130 294
80 207
33 361
181 259
179 186
332 428
392 479
82 253
142 304
183 305
235 495
334 474
45 371
177 490
42 73
135 264
195 315
286 433
98 382
46 192
288 479
40 377
100 428
339 444
39 152
89 269
42 423
190 321
93 388
30 39
49 89
95 434
155 485
293 449
301 310
53 208
144 326
204 377
295 495
336 496
148 445
167 495
146 372
13 28
104 146
109 490
145 147
197 337
257 388
296 316
199 383
259 434
61 449
9 259
97 106
248 275
308 326
60 224
8 34
151 342
99 152
211 393
159 203
252 394
114 460
62 270
153 388
213 439
20 44
111 162
264 404
243 281
303 332
363 383
55 230
113 208
206 399
266 450
305 378
164 173
117 327
15 50
20 394
166 219
317 388
358 389
17 96
108 214
220 455
261 456
32 404
11 281
219 230
29 106
122 297
161 225
273 466
221 276
23 291
64 292
372 445
215 461
173 235
214 236
76 302
24 112
29 456
84 163
136 353
425 456
268 472
276 333
326 450
18 297
78 348
36 122
41 466
77 123
127 240
168 241
228 292
379 461
38 168
131 359
230 338
133 405
432 472
182 297
283 349
85 364
186 416
48 482
87 410
235 308
386 477
427 478
86 185
177 303
237 354
297 405
80 370
2 487
43 488
98 195
189 313
142 467
1 262
40 190
100 241
193 432
251 410
292 411
55 498
94 426
195 478
52 200
0 10
93 201
244 370
304 421
343 349
54 246
147 437
207 488
155 298
205 415
246 416
295 308
355 359
47 206
167 308
198 375
146 185
299 427
101 442
49 252
109 303
202 494
7 26
12 370
311 437
350 365
61 262
9 72
162 314
253 432
5 330
63 308
151 155
156 499
2 32
114 273
153 201
213 252
306 443
366 494
405 422
116 319
176 370
267 488
308 489
14 42
79 437
16 88
21 432
260 448
208 258
320 499
72 397
20 207
359 427
130 375
171 376
218 222
262 494
33 442
74 443
160 217
220 268
261 269
280 319
32 217
371 437
412 438
123 335
71 145
164 336
26 402
34 263
125 381
273 279
424 448
23 104
28 448
83 155
88 499
27 223
25 150
118 341
76 115
81 459
136 166
180 438
328 336
419 454
18 110
78 161
138 212
330 382
192 448
30 120
35 464
131 172
222 290
342 392
92 217
133 218
284 387
36 285
96 336
187 454
335 352
85 177
186 229
236 346
277 347
337 398
139 413
87 223
240 465
50 341
289 357
13 459
140 234
200 285
291 403
2 300
43 301
351 454
103 352
194 470
105 398
193 245
243 362
3 121
154 290
305 459
346 460
57 357
117 408
20 475
54 59
207 301
205 228
358 470
399 471
17 177
397 398
108 295
149 296
209 347
11 362
52 363
10 137
101 255
49 65
161 306
109 116
202 307
293 425
353 476
64 373
163 352
61 75
66 419
5 143
65 194
404 414
115 311
156 312
464 465
276 414
307 481
255 291
18 378
119 430
67 240
56 81
168 322
116 132
121 476
176 183
360 492
79 250
170 368
211 369
230 419
73 435
21 245
114 436
133 486
174 487
260 261
72 210
70 137
75 481
223 379
171 189
264 380
262 307
322 358
126 446
74 256
186 497
165 374
68 441
123 148
128 492
183 199
315 318
86 266
177 384
218 385
278 436
80 451
88 312
179 430
280 482
27 36
118 154
269 323
329 374
389 425
81 272
141 323
172 390
180 251
292 492
39 46
42 317
234 487
41 92
46 436
132 210
285 452
324 380
35 277
384 431
95 328
134 256
227 447
287 498
37 323
245 272
377 391
0 441
437 442
148 339
96 149
146 266
187 267
239 457
247 318
51 406
338 436
49 333
90 334
439 488
139 226
199 277
240 278
391 447
102 344
50 154
143 345
451 498
242 324
5 411
2 113
7 457
43 114
103 165
444 458
254 334
6 232
97 350
105 211
196 329
55 124
8 278
99 396
159 447
2 463
208 339
249 340
340 458
59 216
152 407
212 458
14 473
55 474
110 181
113 452
261 350
302 351
11 175
52 176
164 417
203 345
263 396
15 294
106 412
166 463
205 391
17 340
108 458
215 355
163 165
256 356
316 407
118 422
66 232
219 474
167 284
258 402
115 124
120 468
268 366
18 191
119 243
210 361
270 412
330 463
121 289
214 480
115 474
170 181
230 232
21 58
133 299
265 418
325 469
36 366
77 367
75 294
168 485
33 68
38 412
126 259
165 187
225 238
68 254
128 305
26 28
31 372
91 423
130 351
28 74
88 125
179 243
371 413
142 361
274 480
45 428
81 85
232 254
292 305
383 423
135 321
83 131
195 372
286 490
234 300
137 367
35 90
40 434
246 310
347 362
39 209
378 429
438 480
37 136
149 377
281 496
52 444
148 152
299 321
390 439
431 440
49 146
54 490
90 147
150 198
202 388
53 265
144 383
204 434
47 450
102 157
143 158
146 429
13 85
44 152
49 496
104 203
296 373
7 270
67 321
158 439
199 440
6 45
97 163
248 332
349 384
8 91
99 209
211 450
159 260
252 451
62 327
213 496
361 394
20 101
111 219
152 220
212 271
243 338
14 286
55 287
363 440
165 455
113 265
206 456
305 435
164 230
356 400
218 466
226 327
69 343
17 153
129 394
418 497
160 461
32 461
71 389
310 405
411 457
120 281
221 333
23 348
83 399
22 123
324 461
365 462
24 169
136 410
115 287
39 477
78 405
224 230
377 472
36 179
77 180
168 298
319 467
30 364
131 416
230 395
92 461
133 462
279 287
31 185
430 456
182 354
130 164
242 405
33 231
145 472
186 473
142 174
235 365
274 293
45 241
297 462
8 359
99 477
140 478
286 303
98 252
46 62
189 370
1 319
288 349
40 247
389 401
100 298
193 489
251 467
3 365
58 72
89 139
94 483
149 190
190 191
52 257
0 67
93 258
401 411
244 427
155 355
205 472
246 473
17 421
53 78
58 422
144 196
355 416
396 417
146 242
258 483
299 484
5 37
10 381
101 499
109 360
257 258
348 376
7 83
67 134
199 253
311 494
350 422
61 319
9 129
162 371
253 489
60 94
65 438
151 212
211 263
252 264
403 433
2 89
21 139
62 140
463 484
265 499
405 479
176 427
14 99
19 443
79 494
357 438
68 335
16 145
21 489
169 387
20 264
359 484
130 432
69 156
129 207
160 274
220 325
32 274
371 494
412 495
123 392
183 443
34 320
122 167
125 438
273 336
364 454
23 161
124 213
215 331
275 382
25 207
178 449
76 172
136 223
227 341
268 342
328 393
39 290
18 167
138 269
330 439
132 454
30 177
131 229
222 347
282 398
92 274
133 275
185 465
284 444
36 342
333 336
186 286
184 213
87 280
45 54
50 398
196 223
289 414
349 465
8 172
99 290
200 342
2 357
6 476
340 352
4 403
40 60
152 301
100 111
193 302
251 280
344 471
55 368
94 296
154 347
52 70
57 414
54 116
147 307
207 358
155 168
205 285
17 234
58 235
110 425
397 455
108 352
149 353
209 404
11 419
52 420
258 296
10 194
390 415
101 312
49 122
450 466
109 173
202 364
293 482
64 430
12 240
163 409
61 132
66 476
102 133
162 184
214 374
253 302
313 353
5 200
65 251
115 368
18 435
67 297
306 313
77 261
116 189
267 358
368 410
230 476
271 477
68 148
21 302
73 492
169 200
260 318
320 369
380 420
70 194
130 245
223 436
283 487
322 415
165 431
225 482
373 380
68 498
123 205
183 256
274 374
26 272
375 426
86 323
125 251
218 442
28 318
88 369
179 487
27 93
118 211
178 262
238 313
329 431
40 328
81 329
141 380
172 447
180 308
39 103
42 374
231 273
281 390
382 442
41 149
46 493
132 267
192 318
233 319
324 437
95 385
136 386
155 436
39 453
37 380
185 278
336 447
377 448
396 498
437 499
148 396
96 206
146 323
187 324
338 493
90 391
150 442
48 165
87 93
102 401
201 380
5 468
44 396
252 345
2 170
194 340
254 391
6 289
4 216
157 458
105 268
196 386
55 181
8 335
94 109
305 329
117 278
208 396
309 448
20 345
106 119
59 273
111 463
152 464
110 238
261 407
209 217
302 408
300 335
71 283
164 474
263 453
15 351
101 125
106 469
161 176
64 243
12 53
124 294
163 222
256 413
316 464
167 341
29 407
156 182
276 284
18 248
367 402
119 300
210 418
270 469
22 367
168 192
121 346
19 69
24 413
79 120
84 464
362 408
73 305
422 459
133 356
174 357
224 474
265 475
36 423
72 80
223 249
283 300
314 367
415 419
33 125
38 469
74 126
225 295
376 464
68 311
26 85
31 429
86 136
91 480
177 254
130 408
218 255
278 306
369 424
28 131
33 475
181 373
179 300
371 470
82 367
183 419
40 141
81 142
86 486
141 193
482 486
232 311
424 481
135 378
195 429
234 357
285 322
436 491
155 249
246 367
347 419
378 486
37 193
149 434
190 435
0 311
148 209
239 327
299 378
390 496
431 497
49 203
90 204
241 373
301 424
53 322
204 491
146 486
5 281
354 435
13 142
44 209
104 260
197 451
255 429
296 430
7 327
67 378
6 102
56 219
4 29
9 373
157 271
248 389
196 199
308 440
60 338
151 456
250 435
21 383
62 384
20 158
359 378
152 277
171 327
212 328
262 445
303 446
14 343
55 344
11 45
16 389
71 96
117 441
164 287
203 215
263 266
356 457
226 384
69 400
129 451
215 225
27 174
118 292
66 102
71 446
219 344
217 271
310 462
318 323
29 220
122 411
180 389
221 390
18 61
23 405
83 456
124 457
210 231
330 333
25 451
173 349
233 400
76 416
84 277
37 461
78 462
133 169
265 288
325 339
36 236
77 237
416 457
75 164
168 355
228 406
90 472
131 473
277 298
87 174
188 226
279 344
380 396
143 483
91 293
182 411
242 462
283 463
85 478
181 186
184 457
392 406
423 473
82 180
235 422
45 298
105 349
193 196
196 467
8 416
195 242
286 360
346 411
387 412
98 309
46 119
189 427
137 237
249 478
290 479
1 376
288 406
40 304
339 371
399 422
58 129
89 196
149 247
281 366
401 468
0 124
202 258
155 412
17 478
58 479
204 304
47 320
396 474
107 371
167 422
198 489
5 94
10 438
109 417
348 433
7 140
199 310
61 376
9 186
102 377
121 427
162 428
65 495
63 422
151 269
271 371
362 489
21 196
62 197
174 438
213 366
56 382
116 433
14 156
165 325
113 135
266 377
357 495
68 392
16 202
169 444
171 490
129 264
160 331
220 382
280 433
321 434
32 331
123 449
71 259
29 33
273 393
312 321
124 270
215 388
118 455
324 331
76 229
136 280
84 90
115 157
134 207
227 398
268 399
328 450
39 347
326 377
37 274
78 275
41 393
127 167
319 337
30 234
131 286
282 455
92 331
331 347
143 296
91 106
96 450
182 224
242 275
335 466
333 393
85 291
145 342
236 460
184 270
48 409
87 337
386 404
446 455
45 111
50 455
289 471
297 332
388 450
140 348
200 399
2 414
43 415
98 122
189 240
1 189
381 410
4 460
441 461
152 358
100 168
193 359
243 476
55 425
3 235
94 353
154 404
52 127
57 471
93 128
203 296
244 297
395 466
106 363
54 173
147 364
207 415
155 225
205 342
246 343
17 291
110 482
108 409
149 410
256 307
11 476
47 133
448 477
107 184
167 235
198 302
258 353
318 404
10 251
101 369
161 420
109 230
163 466
402 482
214 431
162 241
313 410
24 307
65 308
115 425
156 426
174 251
265 369
306 370
366 421
56 195
168 436
368 467
170 482
68 205
21 359
169 257
260 375
320 426
72 324
70 251
130 302
262 421
322 472
74 370
165 488
71 72
183 313
274 431
315 432
26 329
375 483
86 380
34 190
177 498
218 499
23 31
234 251
327 442
27 150
178 319
269 437
329 488
40 385
81 386
141 437
39 160
378 380
37 87
78 88
190 329
138 139
231 330
229 257
382 499
41 206
192 375
35 391
95 442
134 370
433 437
245 386
284 314
148 453
146 380
187 381
247 432
49 447
85 104
90 448
236 273
48 222
428 443
139 340
199 391
102 458
50 268
143 459
201 437
13 386
440 453
99 160
200 212
250 329
291 330
442 499
194 397
254 448
56 463
4 273
152 171
105 325
243 289
196 443
55 238
3 48
8 392
435 459
154 217
305 386
346 387
117 335
208 453
249 454
15 58
20 402
106 176
147 177
298 346
418 448
58 105
209 274
302 465
300 392
11 289
112 341
15 408
353 403
64 300
413 454
124 351
215 469
163 279
256 470
27 418
66 346
365 413
406 414
24 120
65 121
115 238
156 239
268 480
216 290
276 341
307 408
18 305
367 459
210 475
22 424
77 131
360 419
19 126
24 470
79 177
170 295
230 346
271 347
362 465
21 172
174 414
36 480
77 481
223 306
283 357
314 424
415 476
74 183
184 351
225 352
87 418
128 419
188 470
427 486
26 142
31 486
86 193
237 362
80 378
28 188
140 429
88 239
181 430
179 357
43 496
82 424
142 475
81 199
193 440
141 250
172 317
232 368
292 419
42 244
195 486
93 209
46 363
132 137
137 481
343 357
95 255
155 306
475 476
134 183
246 424
347 476
58 373
89 440
37 250
149 491
190 492
148 266
187 194
51 333
338 363
49 260
241 430
301 481
53 379
144 497
350 373
102 271
50 81
143 272
253 440
201 250
294 441
5 338
354 492
13 199
393 420
255 486
2 40
67 435
153 209
194 210
254 261
345 379
56 276
9 430
97 277
157 328
105 138
405 430
308 497
8 205
206 220
21 440
57 97
117 148
20 215
359 435
111 333
460 487
171 384
212 385
14 400
113 379
321 328
352 395
11 102
16 446
71 153
203 272
226 441
64 113
69 457
124 164
215 282
118 349
66 159
219 401
217 328
318 380
29 277
122 468
409 498
120 395
180 446
221 447
268 293
119 170
210 288
270 339
330 390
173 406
272 385
24 283
84 334
323 350
73 175
133 226
174 227
284 395
96 344
75 221
187 462
30 478
38 339
186 237
277 355
87 231
188 283
279 401
182 468
80 191
140 242
332 412
82 237
45 355
105 406
193 253
42 57
195 299
286 417
346 468
98 366
46 176
189 484
288 463
339 428
399 479
58 186
89 253
149 304
190 305
281 423
52 371
93 372
51 146
54 417
202 315
155 469
241 243
353 484
12 191
53 192
295 479
47 377
107 428
167 479
156 320
104 130
197 321
257 372
7 197
67 248
447 469
158 366
259 418
61 433
248 259
308 310
63 479
151 326
211 377
271 428
21 253
62 254
114 444
174 495
153 372
213 423
20 28
116 490
303 316
165 382
206 383
266 434
68 449
16 259
315 326
70 495
226 254
28 269
69 270
418 424
129 321
160 388
220 439
321 491
32 388
118 162
269 331
310 332
370 383
172 398
180 259
221 260
273 450
312 378
372 429
124 327
234 495
22 50
46 444
173 219
324 388
365 389
425 440
134 264
37 331
78 332
138 383
187 275
228 276
319 394
30 291
379 445
38 152
222 461
240 286
432 456
242 332
333 450
145 399
48 466
196 337
297 389
99 404
140 405
200 456
2 471
43 472
98 179
189 297
249 348
1 246
340 466
40 174
152 415
193 416
191 343
251 394
55 482
3 292
94 410
154 461
302 359
52 184
93 185
112 235
304 405
15 302
106 420
207 472
155 282
205 399
58 349
47 190
107 241
258 410
10 308
161 477
109 287
12 354
158 179
311 421
61 246
121 297
253 416
313 467
65 365
115 482
156 483
21 66
62 67
114 257
265 426
306 427
366 478
168 493
116 303
19 370
74 77
79 421
68 262
16 72
21 416
31 380
72 381
359 411
171 360
369 375
220 252
280 303
373 494
183 370
274 488
34 247
125 365
364 381
424 432
23 88
28 432
83 139
327 499
137 375
238 427
269 494
76 99
136 150
287 319
37 144
42 488
78 145
138 196
190 386
231 387
479 489
229 314
93 453
41 263
192 432
30 104
35 448
131 156
134 427
222 274
282 325
342 376
433 494
37 494
92 201
185 392
245 443
284 371
96 320
146 437
335 336
85 161
236 330
296 381
337 382
48 279
240 449
9 324
50 325
97 171
201 494
289 341
349 392
8 99
13 443
99 217
159 268
200 269
252 459
2 284
43 285
62 335
351 438
194 454
1 59
6 403
193 229
243 346
303 397
344 398
3 105
206 464
154 274
305 443
57 341
15 115
106 233
59 387
147 234
298 403
358 454
110 352
108 279
209 331
300 449
11 346
71 397
411 465
10 121
161 290
221 341
353 460
64 357
124 408
25 402
66 403
214 301
365 470
24 177
65 178
63 105
156 296
216 347
276 398
307 465
18 362
78 413
22 481
75 115
121 460
168 306
319 475
267 285
360 476
19 183
131 424
79 234
170 352
230 403
271 404
68 75
73 419
174 471
72 194
75 465
130 172
223 363
314 481
184 408
87 475
123 132
274 301
334 352
86 250
34 60
177 368
237 419
278 420
80 435
28 245
140 486
88 296
46 70
478 481
137 188
178 189
290 430
269 307
40 255
81 256
193 497
141 307
389 409
172 374
42 301
135 492
281 317
93 266
41 76
46 420
473 487
192 245
285 436
384 415
134 240
246 481
58 430
185 205
245 256
47 271
0 425
148 323
146 250
187 251
299 492
51 390
338 420
109 368
150 369
197 215
241 487
12 435
139 210
199 261
451 482
9 137
50 138
102 328
143 329
162 379
253 497
201 307
294 498
5 395
2 97
7 441
62 148
103 149
153 266
194 267
254 318
6 216
345 436
56 333
4 143
9 487
97 334
157 385
55 108
206 277
159 431
398 447
21 497
57 154
62 498
117 205
458 498
208 323
309 375
20 272
111 390
110 165
113 436
261 334
321 385
11 159
164 401
112 211
15 278
106 396
125 446
166 447
226 498
64 170
124 221
215 339
256 340
316 391
25 215
178 457
219 458
318 437
120 452
268 350
18 175
119 227
210 345
270 396
22 294
173 463
272 442
131 237
84 391
73 232
224 401
284 452
325 453
36 350
96 401
127 468
75 278
33 52
376 391
87 288
279 458
31 356
80 248
28 58
88 109
181 300
179 227
43 366
82 294
40 68
45 412
105 463
193 310
172 187
232 238
443 458
42 114
135 305
195 356
234 284
98 423
46 233
137 351
244 248
1 490
59 468
147 315
155 176
246 294
339 485
58 243
397 463
149 361
190 362
209 412
47 84
112 479
239 254
299 305
51 203
390 423
450 474
49 130
54 474
109 181
150 182
202 372
293 490
241 300
301 351
12 248
53 249
144 367
204 418
47 434
102 141
107 485
162 192
65 259
13 69
44 136
156 377
197 378
257 429
7 254
67 305
259 475
97 147
157 198
308 367
60 265
151 383
211 434
159 244
271 485
21 310
62 311
213 480
452 496
56 496
111 203
171 254
212 255
14 270
74 321
165 439
113 249
206 440
266 491
16 316
315 383
15 91
218 450
226 311
317 429
28 326
160 445
220 496
27 101
219 271
269 388
370 440
34 491
180 316
372 486
231 281
22 107
25 378
173 276
324 445
384 496
425 497
84 204
134 321
39 461
37 388
138 440
36 163
96 214
127 281
75 91
228 333
319 451
90 399
38 209
131 400
87 101
92 445
240 343
91 220
430 440
182 338
242 389
44 404
85 405
145 456
184 384
43 179
82 107
142 158
45 225
105 276
485 497
196 394
237 395
297 446
94 117
140 462
286 287
290 406
309 456
59 281
100 282
152 472
193 473
191 400
3 349
89 123
149 174
209 225
302 416
341 344
52 241
203 410
244 411
304 462
106 477
205 456
293 303
12 61
17 405
53 62
204 231
295 349
355 400
47 247
198 416
258 467
5 21
10 365
101 483
109 344
348 360
408 411
12 411
158 236
311 478
259 288
61 303
9 113
121 354
162 355
253 473
60 78
63 349
151 196
271 298
362 416
403 417
21 123
174 365
213 293
306 484
77 432
75 359
116 360
176 411
415 427
19 427
165 252
225 303
266 304
357 422
16 129
128 370
169 371
260 489
72 438
70 365
130 416
278 314
369 432
28 139
69 140
181 381
129 191
220 309
371 478
123 376
183 427
26 443
86 494
122 151
364 438
424 489
23 145
83 196
234 365
275 366
227 325
287 376
328 377
419 495
37 201
190 443
231 444
229 371
41 320
132 438
192 489
90 212
131 213
241 381
282 382
342 433
144 448
92 258
185 449
284 428
143 223
146 494
187 495
294 392
335 393
44 217
197 459
145 269
296 438
337 439
48 336
139 454
50 382
196 207
289 398
159 325
250 443
291 444
2 341
1 116
4 387
59 94
152 285
243 403
303 454
251 264
344 455
3 162
94 280
154 331
52 54
117 449
15 172
106 290
205 269
110 409
397 439
108 336
209 388
11 403
47 60
71 454
107 111
198 229
10 178
161 347
221 398
64 414
124 465
210 239
402 409
25 459
61 116
121 167
162 168
253 286
272 336
313 337
24 234
404 455
115 352
175 403
216 404
276 455
18 419
114 127
119 471
265 296
325 347
77 245
416 465
457 466
168 363
116 173
228 414
267 342
19 240
79 291
230 460
469 476
68 132
169 184
260 302
380 404
72 251
70 178
130 229
223 420
322 399
33 296
181 194
184 465
32 71
183 240
274 358
26 256
375 410
86 307
34 117
125 235
237 476
278 477
80 492
28 302
327 369
178 246
238 297
269 364
288 414
329 415
81 313
141 364
172 431
191 481
42 358
231 257
382 426
0 132
41 133
46 477
93 323
132 251
384 472
394 436
53 143
58 487
144 261
245 313
336 431
396 482
0 482
437 483
96 190
146 307
239 498
51 447
338 477
49 374
109 425
150 426
197 272
12 492
48 149
139 267
259 369
350 487
391 488
9 194
50 195
162 436
201 364
5 452
13 313
104 431
252 329
250 256
2 154
103 206
153 323
254 375
6 273
345 493
56 390
4 200
97 391
55 165
206 334
159 488
305 313
16 210
57 211
117 262
309 432
20 329
111 447
59 257
171 498
69 221
160 339
113 493
321 442
11 216
164 458
15 335
34 385
101 109
312 329
372 380
124 278
163 206
275 447
316 448
27 345
24 47
29 391
84 98
175 216
216 217
307 335
119 284
210 402
270 453
168 176
319 345
272 499
131 294
79 104
84 448
222 412
230 273
73 289
133 340
224 458
31 63
36 407
75 335
223 233
314 351
434 453
126 300
186 351
225 279
376 448
128 346
188 397
31 413
86 120
91 464
177 238
278 290
388 458
80 305
28 115
88 166
181 357
179 284
43 423
142 402
290 300
381 418
441 469
40 125
45 469
81 126
100 176
141 177
191 294
232 295
292 346
383 464
94 361
135 362
195 413
93 136
46 290
98 480
244 305
285 306
436 475
147 372
95 182
155 233
246 351
89 367
149 418
47 141
0 295
52 485
239 311
51 260
390 480
49 187
241 357
301 408
53 306
144 424
204 475
162 249
294 368
5 265
354 419
65 316
13 126
385 486
44 193
156 434
104 244
197 435
7 311
306 378
4 13
248 373
308 424
19 321
60 322
159 301
16 23
21 367
361 435
72 332
111 260
171 311
322 480
363 481
74 378
16 373
164 271
34 198
226 368
317 486
25 85
178 327
219 328
370 497
81 394
29 204
122 395
18 45
23 389
78 96
25 435
173 333
233 384
272 312
76 400
136 451
84 261
175 379
37 445
133 153
138 497
224 271
36 220
416 441
127 338
75 148
30 405
90 456
38 266
277 282
87 158
279 328
31 226
143 467
91 277
182 395
242 446
44 461
85 462
140 169
200 220
291 338
332 339
43 236
82 164
194 405
235 406
6 354
97 472
45 282
105 333
344 349
3 56
135 175
195 226
346 395
98 293
189 411
1 360
288 390
59 338
100 339
191 457
339 355
399 406
3 406
58 113
89 180
149 231
209 282
300 400
341 401
401 452
203 467
244 468
202 242
293 360
394 412
12 118
17 462
256 478
355 457
66 354
198 473
5 78
10 422
65 129
197 248
257 299
348 417
408 468
12 468
158 293
259 345
61 360
121 411
162 412
19 134
60 135
271 355
21 180
114 371
174 422
213 350
72 145
77 489
75 416
116 417
176 468
19 484
74 191
165 309
113 119
225 360
357 479
16 186
128 427
169 428
31 494
72 495
70 422
125 129
278 371
369 489
69 197
181 438
123 433
183 484
122 208
120 135
125 479
180 186
273 377
83 253
234 422
275 423
46 371
25 248
132 145
178 490
134 191
227 382
287 433
328 434
326 361
37 258
229 428
0 376
41 377
127 151
132 495
187 202
247 253
30 218
90 269
38 79
131 270
150 320
241 438
342 490
53 387
50 89
182 208
294 449
242 259
335 450
333 377
393 428
85 275
236 444
296 495
43 49
48 393
194 218
6 167
9 438
45 95
97 285
196 264
289 455
297 316
8 213
388 434
159 382
2 398
62 449
98 106
103 450
249 275
309 326
1 173
340 393
4 444
441 445
59 151
152 342
212 393
243 460
191 270
251 321
3 219
94 337
113 387
154 388
16 454
52 111
57 455
453 455
203 280
244 281
304 332
15 229
106 347
54 157
147 348
205 326
17 275
397 496
108 393
209 445
407 460
11 460
448 461
198 286
318 388
10 235
101 353
221 455
311 348
22 245
402 466
61 173
121 224
214 415
313 394
24 291
115 409
63 219
216 461
18 476
114 184
174 235
265 353
325 404
366 405
77 302
75 229
168 420
228 471
176 281
19 297
79 348
170 466
68 189
128 240
260 359
320 410
31 307
380 461
130 286
223 477
322 456
33 353
181 251
32 128
123 246
183 297
274 415
334 466
26 313
86 364
34 174
88 410
327 426
387 477
46 184
137 302
238 354
329 472
40 369
141 421
39 144
231 314
281 431
229 241
382 483
93 380
41 190
132 308
192 359
30 31
53 200
144 318
185 319
47 385
148 437
146 364
247 416
44 87
109 482
236 257
296 308
447 477
259 426
9 251
97 98
102 442
8 26
13 370
44 437
63 487
99 144
104 488
252 386
291 314
2 211
62 262
103 263
153 380
194 381
254 432
97 448
116 498
157 499
243 273
303 324
55 222
435 443
113 200
154 201
206 391
305 370
16 267
57 268
117 319
208 437
309 489
166 211
298 330
358 381
69 278
17 88
418 432
449 499
160 396
108 206
321 499
11 273
71 324
10 48
122 289
221 268
312 386
372 437
64 284
413 438
124 335
163 263
27 402
25 329
66 330
214 228
365 397
425 448
29 448
84 155
115 222
175 273
216 274
367 443
18 289
78 340
210 459
22 408
77 115
168 233
228 284
319 402
420 454
19 110
131 351
79 161
73 346
133 397
31 120
36 464
72 121
223 290
85 356
33 166
126 357
184 335
87 402
235 300
188 454
427 470
26 126
237 346
297 397
80 362
179 341
43 480
82 408
142 459
290 357
381 475
40 182
100 233
193 424
191 351
232 352
292 403
94 418
0 2
93 193
244 362
285 363
147 429
95 239
155 290
246 408
347 460
58 357
89 424
149 475
148 250
146 177
299 419
338 347
101 434
109 295
150 296
12 362
53 363
144 481
350 357
102 255
50 65
253 424
201 234
294 425
5 322
354 476
65 373
13 183
63 300
104 301
197 492
255 470
2 24
67 419
153 193
213 244
345 363
56 260
405 414
157 312
248 430
308 481
19 378
357 373
16 80
169 322
260 440
361 492
72 389
20 199
171 368
262 486
14 384
74 435
160 209
113 363
352 379
11 86
16 430
71 137
164 328
472 481
263 307
414 476
125 373
28 440
64 97
69 441
124 148
27 215
25 142
118 333
178 384
219 385
467 487
81 451
120 379
419 446
23 446
78 153
210 272
229 322
270 323
22 221
132 389
173 390
272 369
134 435
175 436
282 333
323 334
224 328
284 379
36 277
187 446
30 462
126 170
277 339
337 390
87 215
240 457
188 267
279 385
50 333
91 334
140 226
200 277
291 395
332 396
43 293
392 447
103 344
142 272
235 463
6 411
45 339
105 390
193 237
344 406
8 457
195 283
286 401
346 452
189 468
1 417
339 412
399 463
3 463
58 170
89 237
300 457
52 355
0 165
112 406
15 473
54 401
353 468
394 469
12 175
53 176
163 344
204 345
295 463
107 412
167 463
406 479
10 479
65 186
63 113
104 114
216 355
257 356
307 473
255 283
348 474
119 422
67 232
158 350
56 73
61 417
116 124
360 484
19 191
459 463
63 463
151 310
211 361
271 412
174 479
213 407
72 202
116 474
165 366
113 176
225 417
68 433
16 243
128 484
34 68
466 479
70 479
218 377
278 428
226 238
181 495
179 422
220 423
280 474
32 372
82 489
118 146
178 197
329 366
29 74
461 485
172 382
232 433
180 243
273 434
23 259
83 310
275 480
41 84
46 428
132 202
173 203
285 444
324 372
35 269
76 270
136 321
84 131
134 248
227 439
287 490
328 491
37 315
138 367
229 485
377 383
0 433
36 90
96 141
187 259
247 310
379 429
90 326
439 480
241 495
282 496
240 270
331 388
391 439
50 146
182 265
242 316
333 434
44 331
85 332
393 485
145 383
43 106
103 157
194 275
235 276
6 224
386 445
9 495
45 152
50 496
97 342
446 496
297 373
8 270
388 491
99 388
159 439
200 440
2 455
57 162
98 163
249 332
1 230
59 208
100 209
152 399
212 450
3 276
154 445
302 343
52 168
112 219
203 337
263 388
15 286
106 404
54 214
166 455
207 456
256 348
316 399
107 225
219 466
167 276
318 445
161 461
119 235
210 353
158 163
311 405
22 302
61 230
214 472
24 348
84 399
63 276
21 50
114 241
174 292
265 410
213 220
325 461
75 286
267 456
79 405
225 230
128 297
169 298
72 365
130 343
28 66
88 117
220 236
332 477
373 478
32 185
371 405
274 472
26 370
34 231
172 195
232 246
364 365
23 72
135 313
88 467
234 292
327 483
238 411
40 426
76 83
100 477
227 252
287 303
39 201
438 472
37 128
190 370
138 180
281 488
229 298
0 246
132 365
192 416
431 432
30 88
35 432
90 139
150 190
241 308
342 360
53 257
185 376
47 442
143 150
294 319
385 437
44 144
49 488
486 489
145 196
236 314
7 262
48 263
199 432
6 37
9 308
50 309
97 155
102 499
248 324
289 325
60 273
8 83
440 494
159 252
200 253
252 443
250 370
2 268
62 319
213 488
254 489
4 314
243 330
55 279
113 257
206 448
266 499
117 376
356 392
15 99
20 443
106 217
207 269
358 438
69 335
17 145
110 336
418 489
160 453
108 263
11 330
310 397
411 449
10 105
34 499
122 346
101 223
161 274
221 325
64 341
124 392
163 320
27 459
25 386
365 454
24 161
63 89
175 330
216 331
276 382
307 449
326 499
18 346
119 398
22 465
77 172
75 99
168 290
319 459
267 269
360 460
38 217
131 408
170 336
230 387
73 403
31 177
72 178
91 228
70 105
182 346
130 156
283 398
314 465
85 413
186 465
184 392
87 459
235 357
274 285
334 336
26 183
237 403
297 454
80 419
140 470
137 172
288 341
329 342
40 239
389 393
100 290
141 291
191 408
232 409
292 460
3 357
42 285
0 59
41 60
93 250
132 178
192 229
343 398
54 295
95 296
147 486
155 347
246 465
53 70
58 414
144 188
336 358
47 255
0 409
107 306
148 307
396 409
198 424
146 234
239 425
299 476
247 286
10 373
49 301
197 199
150 353
7 75
12 419
53 420
139 194
199 245
259 296
391 415
9 121
102 312
162 363
451 466
201 291
5 379
60 86
13 240
65 430
63 357
104 358
252 256
7 425
67 476
213 301
306 492
56 317
405 471
116 368
248 487
19 435
55 92
60 436
266 312
398 431
16 137
21 481
57 138
117 189
169 379
458 482
72 446
20 256
359 476
410 441
74 492
160 266
113 420
261 318
321 369
412 487
11 143
16 487
71 194
164 385
34 312
166 431
364 446
23 153
28 497
64 154
69 498
124 205
465 498
215 323
275 374
316 375
25 199
66 200
178 441
219 442
76 164
29 318
120 436
180 487
18 159
119 211
138 261
231 452
229 379
330 431
132 446
233 498
131 221
134 492
222 339
282 390
323 391
73 216
185 457
133 267
224 385
36 334
127 452
335 401
85 226
33 36
38 380
126 227
186 278
184 205
277 396
337 447
87 272
188 324
88 93
179 211
332 453
43 350
103 401
40 52
45 396
105 447
193 294
191 221
344 463
3 170
383 391
94 288
154 339
195 340
286 458
57 406
98 407
395 401
54 108
59 452
95 109
147 299
339 469
58 227
89 294
438 448
47 68
52 412
112 463
10 186
51 187
390 407
450 458
54 458
109 165
202 356
163 401
204 402
102 125
107 469
313 345
13 53
404 463
156 361
104 171
216 412
257 413
255 340
7 238
119 479
67 289
457 474
56 130
157 182
19 248
151 367
211 418
271 469
21 294
213 464
361 362
72 259
20 69
171 238
264 429
262 356
322 407
14 254
363 408
74 305
225 474
266 475
68 490
123 197
164 198
315 367
26 264
34 125
125 243
166 244
218 434
226 295
278 485
317 413
28 310
129 362
179 479
220 480
32 429
178 254
219 255
238 305
269 372
329 423
370 424
29 131
122 322
172 439
120 249
232 490
180 300
273 491
23 316
231 265
382 434
41 141
46 485
173 260
134 305
227 496
326 475
37 372
138 424
377 440
0 490
36 147
437 491
96 198
127 265
187 316
247 367
338 485
379 486
150 434
92 429
240 327
331 445
391 496
432 497
143 394
91 204
182 322
242 373
85 389
145 440
103 214
235 333
45 209
157 450
196 378
297 430
94 101
99 445
159 496
98 220
189 338
249 389
309 440
1 287
152 456
251 435
110 230
149 158
302 400
300 327
52 225
492 497
263 445
304 446
106 461
12 45
163 214
204 215
316 456
355 384
66 281
107 282
167 333
198 400
258 451
10 349
101 467
156 174
216 225
307 343
7 51
119 292
67 102
210 410
311 462
22 359
61 287
24 405
60 62
151 180
211 231
362 400
73 297
21 107
114 298
174 349
422 451
265 467
77 416
75 343
223 241
314 359
14 67
126 308
74 118
79 462
165 236
225 287
68 303
417 457
188 405
26 77
31 421
91 472
70 349
130 400
278 298
429 467
33 467
88 174
129 175
181 365
280 344
371 462
123 360
183 411
81 134
232 303
273 304
424 473
135 370
83 180
234 349
137 416
285 314
35 139
40 483
76 140
136 191
477 484
227 309
287 360
347 411
39 258
89 375
37 185
190 427
138 237
229 355
0 303
93 494
132 422
192 473
431 489
150 247
241 365
282 366
144 432
185 433
204 483
47 499
143 207
294 376
335 377
385 494
13 134
44 201
197 443
257 494
236 371
296 422
48 320
199 489
6 94
9 365
97 212
157 263
248 381
289 382
8 140
13 484
99 258
2 325
62 376
153 494
4 371
152 269
212 320
303 438
113 314
154 315
305 484
16 381
203 207
15 156
106 274
54 84
166 325
207 326
0 149
298 444
358 495
69 392
17 202
108 320
11 387
219 336
217 263
258 264
310 454
10 162
122 403
409 433
101 280
161 331
23 397
64 398
124 449
210 223
163 377
22 172
25 443
61 100
214 342
272 320
76 408
24 218
84 269
464 490
18 403
73 110
265 280
325 331
77 229
416 449
75 156
168 347
267 326
38 274
170 393
230 444
68 116
128 167
188 218
279 336
320 337
31 234
380 388
91 285
70 162
182 403
223 404
283 455
33 280
32 55
123 173
235 414
274 342
334 393
86 291
177 409
88 337
179 455
387 404
46 111
189 419
137 229
238 281
40 296
141 348
191 465
3 414
42 342
190 240
341 409
382 410
0 116
41 117
244 476
192 286
285 477
51 81
54 352
95 353
155 404
58 471
144 245
204 296
245 297
336 415
47 312
396 466
107 363
198 481
51 431
49 358
197 256
257 307
348 425
7 132
12 476
48 133
139 251
199 302
9 178
201 348
5 436
60 143
65 487
151 261
104 415
252 313
403 482
7 482
62 189
153 307
213 358
56 374
4 184
116 425
157 426
456 493
55 149
60 493
113 127
266 369
398 488
57 195
169 436
117 246
208 364
70 430
111 431
171 482
410 498
69 205
110 206
108 133
220 374
261 375
321 426
164 442
263 421
34 369
120 143
273 385
23 210
124 262
275 431
27 329
25 256
219 499
24 31
29 375
115 149
120 493
175 200
268 391
326 369
18 216
367 370
78 267
229 436
270 437
330 488
41 385
38 87
79 88
222 396
282 447
323 448
133 324
224 442
31 47
36 391
182 216
314 335
374 386
434 437
33 93
38 437
186 335
184 262
277 453
376 432
87 329
188 381
279 499
26 53
45 103
86 104
91 448
177 222
237 273
297 324
80 289
429 443
140 340
489 494
200 391
43 407
103 458
142 386
1 181
381 402
4 452
45 453
141 161
191 278
251 329
3 227
443 499
42 155
154 396
195 397
57 463
93 120
244 289
304 340
54 165
95 166
147 356
155 217
207 407
246 335
110 474
58 284
149 402
209 453
47 125
198 294
10 243
51 244
390 464
101 361
202 413
12 289
163 458
102 182
162 233
253 351
313 402
5 249
13 110
63 227
104 228
156 418
255 397
67 346
56 187
116 238
157 239
267 407
19 305
60 306
368 459
151 424
170 474
21 351
169 249
260 367
320 418
361 419
72 316
20 126
111 244
223 485
171 295
264 486
262 413
322 464
14 311
165 480
32 136
123 254
164 255
315 424
26 321
375 475
34 182
125 300
317 470
28 367
88 418
129 419
32 486
118 260
178 311
238 362
269 429
217 239
329 480
370 481
81 378
141 429
172 496
120 306
180 357
18 29
23 373
78 80
83 424
229 249
382 491
41 198
132 316
173 317
233 368
35 383
76 384
37 429
73 86
133 137
96 255
127 322
187 373
247 424
30 389
90 440
38 250
150 491
236 265
48 214
428 435
240 384
188 194
91 261
430 481
242 430
13 378
44 445
145 497
200 204
351 373
43 220
103 271
483 492
194 389
6 338
4 265
45 266
97 456
105 317
196 435
8 384
94 158
195 210
286 328
346 379
57 276
98 277
1 344
251 492
110 287
58 97
149 215
209 266
401 436
15 400
51 57
101 174
12 102
17 446
163 271
204 272
256 462
295 390
10 406
65 113
257 283
367 451
408 452
7 108
210 467
61 344
121 395
420 462
19 118
24 462
60 119
79 169
362 457
72 129
77 473
75 400
223 298
176 452
415 468
126 365
74 175
225 344
68 360
128 411
188 462
26 134
130 457
218 304
369 473
28 180
181 422
220 350
32 299
82 416
123 417
183 468
81 191
141 242
232 360
273 361
364 479
23 186
42 236
83 237
135 427
234 406
46 355
285 371
35 196
76 197
95 247
136 248
134 175
227 366
347 468
39 315
89 432
190 484
138 294
41 361
148 258
127 135
239 376
51 325
30 202
241 422
301 473
53 371
92 299
50 73
294 433
242 243
354 484
13 191
333 361
44 258
393 412
104 309
145 310
236 428
7 376
139 495
194 202
6 151
4 78
97 269
157 320
105 130
289 439
8 197
99 315
159 366
250 484
57 89
62 433
309 310
1 157
4 428
59 135
152 326
212 377
243 444
352 387
11 94
16 438
52 95
112 146
117 490
15 213
395 434
414 484
106 331
455 485
166 382
207 383
205 310
69 449
17 259
110 450
256 275
316 326
467 495
66 151
71 495
107 152
167 203
217 320
258 321
318 372
122 460
409 490
120 387
221 439
119 162
210 280
402 450
173 398
121 208
214 399
272 377
76 465
175 444
174 219
265 337
325 388
77 286
75 213
176 265
126 178
170 450
128 224
188 275
279 393
320 394
31 291
223 461
33 337
181 235
82 229
123 230
142 280
183 281
235 471
274 399
334 450
26 297
86 348
42 49
88 394
135 240
195 291
327 410
387 461
98 358
189 476
1 425
288 455
339 420
37 55
42 399
281 415
341 466
192 343
51 138
54 409
144 302
92 112
47 369
107 420
146 348
51 488
49 415
348 482
7 189
48 190
139 308
199 359
102 426
162 477
201 405
60 200
8 10
13 354
151 318
99 128
104 472
2 195
62 246
153 364
213 415
254 416
56 431
111 138
116 482
157 483
243 257
113 184
206 375
305 354
16 251
57 252
15 26
20 370
70 487
106 144
226 246
69 262
129 313
32 380
11 257
123 498
71 308
164 499
310 324
370 375
29 82
34 426
461 493
120 200
161 201
273 442
221 252
23 267
64 268
372 421
124 319
22 42
27 386
217 483
76 278
29 432
115 206
175 257
326 426
18 273
367 427
78 324
270 494
77 99
168 217
228 268
30 283
420 438
38 144
79 145
222 453
170 263
73 330
36 448
91 155
283 325
333 442
374 443
85 340
33 150
38 494
126 341
145 391
186 392
184 319
386 453
427 454
177 279
237 330
80 346
189 289
142 443
381 459
40 166
100 217
193 408
191 335
251 386
292 387
42 212
154 453
195 454
93 177
244 346
54 222
95 223
147 413
155 274
107 233
148 234
146 161
239 352
101 418
109 279
202 470
301 449
158 171
61 238
9 48
102 239
162 290
253 408
313 459
354 460
13 167
156 475
2 8
114 249
67 403
153 177
306 419
56 244
116 295
157 296
14 18
19 362
79 413
16 64
21 408
260 424
320 475
361 476
72 373
20 183
359 403
111 301
262 470
14 368
69 75
74 419
160 193
220 244
373 486
32 193
352 363
11 70
123 311
71 121
164 312
315 481
34 239
125 357
226 409
364 373
23 80
28 424
129 476
25 126
118 317
178 368
467 471
238 419
217 296
29 245
141 486
120 363
180 414
23 430
42 480
78 137
83 481
138 188
231 379
479 481
270 307
330 358
173 374
192 424
35 440
76 441
95 491
136 492
222 266
282 317
433 486
474 487
92 193
185 384
245 435
224 312
284 363
36 261
96 312
187 430
247 481
486 497
85 153
90 497
145 204
186 205
236 322
277 323
337 374
139 389
240 441
201 486
242 487
13 435
80 159
200 261
291 379
43 277
392 431
194 446
254 497
1 51
6 395
4 322
196 492
344 390
8 441
94 215
346 436
57 333
189 452
1 401
147 226
207 277
339 396
110 344
89 221
149 272
209 323
300 441
11 338
52 339
401 493
112 390
10 113
15 457
51 114
101 231
202 283
293 401
64 349
163 328
204 329
355 498
214 293
167 447
406 463
65 170
63 97
216 339
257 340
276 390
255 267
119 406
67 216
121 452
267 277
19 175
170 344
271 396
114 412
174 463
70 113
223 355
264 356
262 283
322 334
14 181
126 422
165 350
225 401
68 417
128 468
26 191
34 52
70 463
125 170
218 361
317 340
80 427
88 288
129 289
181 479
179 406
32 356
82 473
118 130
178 181
269 299
81 248
29 58
141 299
461 469
232 417
273 418
292 468
135 484
83 294
234 463
46 412
473 479
132 186
192 237
233 238
285 428
324 356
95 304
134 232
227 423
39 372
89 489
37 299
185 197
245 248
336 366
96 125
127 192
239 433
187 243
338 412
90 310
439 464
150 361
48 84
53 428
139 202
240 254
331 372
143 321
201 299
294 490
13 248
333 418
393 469
44 315
104 366
145 367
236 485
7 433
43 90
194 259
254 310
345 428
386 429
4 135
9 479
45 136
97 326
248 495
196 305
289 496
60 444
8 254
99 372
398 439
57 146
62 490
98 147
189 265
249 316
1 214
340 434
400 485
111 382
59 192
251 362
14 449
55 450
110 157
261 326
453 496
52 152
106 388
207 440
205 367
64 162
17 316
108 434
256 332
219 450
258 378
318 429
119 219
311 389
22 286
173 455
115 450
323 399
224 393
77 343
127 460
75 270
168 461
33 44
376 383
68 230
128 281
188 332
279 450
130 327
28 50
181 292
179 219
32 169
371 389
142 337
183 338
86 405
383 399
135 297
286 466
234 276
98 415
137 343
1 482
35 66
40 410
95 117
39 185
438 456
37 112
42 456
281 472
0 230
93 421
239 246
192 400
30 72
54 466
90 123
95 467
150 174
241 292
301 343
53 241
92 169
204 410
47 426
107 477
148 478
146 405
385 421
13 61
44 128
104 179
197 370
257 421
236 298
255 348
296 349
48 247
158 415
199 416
6 21
61 482
97 139
102 483
157 190
248 308
201 462
308 359
60 257
13 411
440 478
99 185
211 426
159 236
252 427
2 252
153 421
213 472
361 370
452 488
56 488
111 195
152 196
264 437
243 314
303 365
14 262
113 241
206 432
305 411
164 206
117 360
208 478
356 376
15 83
20 427
317 421
69 319
17 129
418 473
160 437
220 488
71 365
219 263
310 381
411 433
122 330
120 257
273 499
312 427
372 478
124 376
173 268
214 269
365 438
76 335
24 145
425 489
115 263
175 314
367 484
78 381
36 155
41 499
75 83
228 325
319 443
30 340
420 495
38 201
79 202
230 371
92 437
91 212
430 432
242 381
283 382
333 499
85 397
33 207
186 449
87 443
45 217
86 218
177 336
237 387
297 438
80 403
98 228
137 156
290 398
1 295
40 223
193 465
480 495
191 392
251 443
292 444
3 341
89 115
42 269
281 285
0 43
93 234
244 403
192 213
304 454
343 382
54 279
155 331
205 448
293 295
53 54
58 398
144 172
204 223
295 341
355 392
47 239
198 408
146 218
258 459
299 460
10 357
101 475
109 336
348 352
12 403
67 110
199 229
311 470
259 280
350 398
5 363
211 239
403 409
2 65
114 306
67 460
153 234
213 285
306 476
405 455
116 352
55 76
206 245
266 296
16 121
21 465
169 363
117 173
458 466
208 291
359 460
111 358
171 409
14 425
470 476
69 132
129 183
352 420
412 471
11 127
71 178
34 296
122 143
125 414
28 481
83 188
124 189
215 307
275 358
27 256
25 183
118 374
29 302
136 199
180 471
328 369
419 487
18 143
138 245
330 415
41 312
192 481
233 482
30 153
35 497
131 205
222 323
282 374
342 425
92 250
133 251
185 441
224 369
36 318
96 369
335 385
85 210
236 379
277 380
337 431
139 446
87 256
13 492
80 216
140 267
200 318
351 487
43 334
392 488
103 385
142 313
1 108
6 452
4 379
45 380
191 205
344 447
3 154
8 498
94 272
42 82
286 442
57 390
98 391
1 458
59 436
207 334
298 452
339 453
110 401
397 431
108 328
209 380
300 498
47 52
112 447
198 221
258 272
390 391
101 288
49 98
109 149
202 340
293 458
64 406
12 216
163 385
61 108
102 109
253 278
313 329
65 227
404 447
63 154
156 345
216 396
276 447
255 324
114 119
61 458
116 165
176 216
308 335
19 232
79 283
170 401
73 468
169 176
260 294
320 345
20 53
452 464
111 171
130 221
171 222
223 412
262 340
14 238
74 289
165 407
32 63
68 474
164 182
86 299
34 109
177 417
278 469
226 279
80 484
28 294
88 345
129 346
179 463
27 69
178 238
269 356
329 407
389 458
81 305
141 356
39 79
42 350
231 249
382 418
46 469
192 294
285 485
35 310
95 361
227 480
39 429
185 254
336 423
377 424
0 474
437 475
148 372
96 182
127 249
239 490
187 300
247 351
51 439
30 316
53 485
139 259
240 311
331 429
391 480
242 357
5 444
333 475
44 372
104 423
145 424
2 146
43 147
48 491
103 198
194 316
254 367
6 265
386 486
4 192
45 193
97 383
105 244
8 311
99 429
398 496
2 496
98 204
117 254
208 372
309 424
20 321
340 491
111 439
152 440
212 491
17 23
110 214
108 141
261 383
302 384
11 208
52 209
164 450
112 260
15 327
106 445
205 424
64 219
12 29
108 491
163 198
66 265
217 434
258 435
318 486
307 327
18 224
367 378
119 276
158 204
311 446
22 343
61 271
272 491
19 45
24 389
79 96
170 214
211 215
323 456
73 281
21 91
114 282
174 333
422 435
176 379
314 343
33 101
38 445
79 446
186 343
165 220
277 461
68 287
128 338
188 389
26 61
86 112
91 456
130 384
218 231
278 282
369 400
429 451
181 349
280 328
82 343
86 462
383 456
42 163
83 164
195 405
234 333
98 472
46 282
137 400
35 123
95 174
136 175
227 293
287 344
347 395
39 242
378 462
190 411
0 287
93 478
148 185
239 303
390 472
431 473
30 129
90 180
150 231
301 400
342 401
53 298
144 416
245 468
102 190
146 462
354 411
385 478
44 185
104 236
145 237
197 427
296 406
7 303
67 354
158 472
4 5
9 349
97 196
157 247
248 365
308 416
60 314
8 124
99 242
159 293
252 484
2 309
62 360
153 478
361 427
20 134
152 253
212 304
243 371
303 422
14 319
55 320
363 473
206 489
305 468
11 21
16 365
117 417
356 433
15 140
20 484
106 258
226 360
17 186
108 304
32 494
66 78
71 422
310 438
411 490
29 196
122 387
120 314
161 315
180 365
221 366
83 432
124 433
22 156
421 427
173 325
121 135
272 304
76 392
136 443
84 253
115 320
175 371
276 423
138 489
36 212
416 433
127 330
75 140
476 484
228 382
38 258
131 449
230 428
68 100
92 494
133 495
188 202
31 218
91 269
130 197
242 438
283 439
80 110
33 264
85 454
423 449
82 156
235 398
183 208
334 377
177 393
80 460
195 218
387 388
98 285
46 95
189 403
290 455
1 352
288 382
389 434
191 449
39 55
89 172
149 223
281 342
341 393
52 290
93 291
401 444
51 65
343 439
54 336
202 234
293 352
394 404
17 454
53 111
58 455
204 280
355 449
396 450
47 296
107 347
167 398
198 465
146 275
5 70
10 414
49 342
197 240
348 409
408 460
7 116
67 167
158 285
199 286
259 337
350 455
102 353
162 404
60 127
65 471
63 398
151 245
211 296
252 297
2 122
114 363
62 173
213 342
56 358
264 307
19 476
55 133
456 477
165 301
206 302
357 471
68 368
16 178
208 348
70 414
130 465
218 312
410 482
14 482
69 189
129 240
261 359
32 307
123 425
164 426
183 476
26 492
120 127
125 471
273 369
364 487
83 245
124 246
275 415
27 313
25 240
118 431
178 482
76 205
136 256
115 133
175 184
328 426
39 323
326 353
78 251
138 302
231 493
229 420
330 472
41 369
38 71
131 262
222 380
230 241
342 482
92 307
133 308
185 498
284 477
36 375
127 493
182 200
335 442
333 369
85 267
33 77
145 318
186 319
236 436
184 246
337 488
87 313
45 87
196 256
289 447
297 308
388 426
200 375
291 493
103 442
249 267
4 436
100 144
105 488
243 452
251 313
292 314
55 401
3 211
94 329
154 380
195 381
52 103
57 447
93 104
244 273
395 442
455 493
147 340
207 391
155 201
205 318
246 319
17 267
58 268
110 458
397 488
108 385
448 453
47 109
107 160
167 211
198 278
258 329
10 227
390 448
101 345
49 155
161 396
109 206
202 397
12 273
163 442
311 340
402 458
61 165
102 166
162 217
313 386
5 233
115 401
156 402
216 453
255 381
18 468
114 176
67 330
158 448
56 171
168 412
176 273
267 391
308 392
368 443
79 340
170 458
211 459
260 351
320 402
361 403
20 110
70 227
130 278
171 279
223 469
264 470
262 397
322 448
165 464
373 413
32 120
123 238
274 407
375 459
86 356
125 284
28 351
88 402
327 418
27 126
25 53
118 244
178 295
269 413
329 464
141 413
180 341
39 136
83 408
231 306
229 233
382 475
41 182
132 300
324 470
35 367
95 418
134 346
37 413
92 120
185 311
245 362
36 188
148 429
127 306
187 357
247 408
51 496
90 424
150 475
48 198
199 367
102 434
201 413
242 414
13 362
44 429
99 136
104 480
351 357
43 204
442 475
194 373
254 424
4 249
97 440
157 491
196 419
8 368
94 142
154 193
305 362
346 363
57 260
117 311
208 429
249 430
309 481
20 378
59 306
152 497
358 373
17 80
449 491
209 250
302 441
52 266
112 317
203 435
263 486
10 40
15 384
101 158
161 209
353 379
64 276
17 430
215 445
256 446
355 425
66 322
214 220
167 374
217 491
258 492
5 46
24 96
29 440
115 214
156 215
268 456
276 317
18 281
367 435
408 436
119 333
22 400
77 107
168 225
121 379
360 395
420 446
19 102
84 497
170 271
271 323
362 441
422 492
21 148
36 456
72 113
75 384
223 282
283 333
374 451
415 452
33 158
126 349
186 400
376 497
26 118
177 287
130 441
369 457
80 354
88 215
179 333
280 385
141 226
172 293
232 344
292 395
42 220
234 390
46 339
137 457
95 231
136 232
134 159
287 401
347 452
39 299
149 467
190 468
0 344
148 242
239 360
299 411
49 236
90 237
202 478
150 288
241 406
301 457
342 458
102 247
143 248
294 417
5 314
354 468
393 396
104 293
197 484
296 463
2 16
7 360
6 135
345 355
405 406
9 406
97 253
157 304
248 422
196 232
308 473
60 371
8 181
99 299
159 350
250 468
2 366
57 73
62 417
208 242
20 191
400 412
460 463
59 119
152 310
212 361
243 428
262 478
113 355
11 78
16 422
164 320
203 248
263 299
356 490
15 197
414 468
106 315
166 366
226 417
64 89
17 243
124 140
129 484
215 258
256 259
27 207
467 479
66 135
71 479
167 187
310 495
318 356
122 444
180 422
23 438
210 264
270 315
330 366
421 484
462 485
173 382
233 433
76 449
84 310
115 377
175 428
18 444
73 151
78 495
133 202
174 203
224 320
265 321
36 269
77 270
416 490
127 387
168 388
38 315
126 162
68 157
188 259
279 377
31 275
380 429
182 444
130 254
181 219
184 490
82 213
183 265
274 383
45 331
86 332
195 275
327 394
387 445
98 342
1 409
40 337
389 491
100 388
339 404
399 455
58 162
89 229
149 280
190 281
281 399
341 450
52 347
0 157
343 496
54 393
155 445
394 461
204 337
295 455
47 353
107 404
167 455
146 332
10 471
104 106
197 297
257 348
255 275
348 466
7 173
67 224
199 343
259 394
56 65
9 219
102 410
162 461
5 477
211 353
159 163
252 354
21 229
62 230
114 420
153 348
213 399
56 415
111 122
116 466
171 173
264 364
262 291
14 189
55 190
74 240
165 358
113 168
206 359
266 410
68 425
16 235
169 477
117 287
20 354
106 128
226 230
160 364
32 364
29 66
34 410
461 477
180 235
221 236
372 405
83 302
124 303
275 472
324 364
76 262
24 72
136 313
84 123
115 190
268 432
39 380
326 410
18 257
78 308
77 83
319 370
379 421
439 472
38 128
131 319
282 488
230 298
92 364
133 365
224 483
331 380
31 88
36 432
91 139
182 257
283 309
374 427
393 477
434 478
85 324
145 375
186 376
184 303
277 494
48 442
87 370
45 144
86 145
237 314
297 365
388 483
140 381
200 432
43 448
189 273
249 324
290 325
1 222
381 443
4 493
40 150
100 201
193 392
191 319
251 370
55 458
3 268
94 386
154 437
302 335
52 160
93 161
244 330
395 499
54 206
147 397
207 448
155 258
205 375
58 325
108 442
209 494
47 166
107 217
167 268
258 386
299 387
10 284
161 453
109 263
202 454
12 330
311 397
61 222
102 223
214 464
162 274
313 443
5 290
65 341
156 459
21 42
67 387
114 233
153 161
306 403
176 330
19 346
79 397
165 171
16 48
21 392
169 290
260 408
320 459
72 357
359 387
171 336
262 454
33 402
220 228
123 295
274 464
315 465
26 362
34 223
125 341
23 64
28 408
83 115
215 234
327 475
275 285
27 183
426 454
25 110
118 301
178 352
238 403
269 470
40 418
81 419
227 244
180 398
39 193
378 413
37 120
138 172
231 363
281 480
229 290
192 408
233 409
30 80
90 131
134 403
222 250
342 352
37 470
92 177
185 368
245 419
96 296
146 413
187 414
247 465
49 480
85 137
90 481
236 306
337 358
48 255
428 476
139 373
87 183
199 424
240 425
102 491
143 492
349 368
13 419
440 486
481 487
99 193
140 194
200 245
291 363
2 260
103 312
194 430
1 35
6 379
4 306
97 497
193 205
243 322
196 476
55 271
435 492
305 419
57 317
208 486
20 435
59 363
147 210
207 261
298 379
358 430
58 138
108 255
149 256
261 497
302 498
300 425
11 322
71 373
203 492
411 441
10 97
101 215
312 435
353 436
64 333
17 487
413 487
66 379
167 431
406 447
29 497
115 271
63 81
156 272
307 441
18 338
367 492
77 164
168 282
121 436
360 452
19 159
170 328
230 379
73 395
21 205
72 170
70 97
75 441
223 339
283 390
314 457
262 267
33 215
74 216
126 406
186 457
165 334
225 385
68 401
274 277
26 175
86 226
34 36
177 344
125 154
218 345
181 463
468 493
179 390
280 442
82 457
269 283
81 232
141 283
232 401
180 211
292 452
42 277
234 447
93 242
132 170
343 390
155 339
134 216
96 109
239 417
187 227
299 468
51 366
338 396
49 293
90 294
241 463
48 68
139 186
331 356
391 407
50 114
143 305
201 283
294 474
104 350
7 417
43 74
103 125
194 243
254 294
6 192
345 412
56 309
4 119
9 463
97 310
105 171
157 361
446 464
248 479
55 84
8 238
206 253
159 407
2 423
458 474
57 130
117 181
208 299
249 300
309 351
20 248
400 469
111 366
59 176
152 367
212 418
14 433
55 434
110 141
113 412
302 311
352 428
412 479
11 135
16 479
453 480
112 187
203 305
263 356
15 254
106 372
226 474
465 490
64 146
215 315
256 316
27 264
118 382
66 192
217 361
29 310
120 428
18 151
23 495
119 203
210 321
270 372
330 423
22 270
173 439
24 316
115 434
323 383
133 259
224 377
325 429
77 327
228 496
126 219
186 270
184 197
277 388
87 264
128 265
188 316
380 486
80 224
28 34
181 276
179 203
332 445
392 496
82 270
334 491
40 44
45 388
105 439
193 286
42 90
135 281
195 332
234 260
46 209
137 327
1 466
288 496
35 50
40 394
95 101
100 445
246 270
58 219
438 440
37 96
52 404
0 214
51 179
390 399
49 106
90 107
150 158
293 466
301 327
53 225
144 343
493 497
204 394
102 117
146 389
5 184
385 405
445 456
49 456
104 163
197 354
257 405
67 281
199 400
56 122
9 276
61 466
97 123
102 467
157 174
308 343
60 241
8 51
151 359
252 411
271 461
250 338
114 477
153 405
213 456
20 61
56 472
111 179
262 348
303 349
113 225
266 467
68 482
356 360
15 67
106 185
166 236
69 303
418 457
129 354
160 421
220 472
27 77
118 195
71 349
219 247
370 416
34 467
180 292
221 293
273 483
312 411
23 308
124 360
215 478
27 427
25 354
365 422
425 473
76 319
24 129
84 180
136 370
115 247
227 488
175 298
268 489
37 364
78 365
36 139
41 483
77 140
127 257
168 258
187 308
228 309
319 427
30 324
38 185
131 376
222 494
92 421
432 489
31 145
143 386
91 196
182 314
333 483
85 381
184 360
43 155
48 499
82 83
87 427
45 201
196 370
237 371
8 319
99 437
200 489
98 212
249 381
290 382
193 449
191 376
94 443
154 494
302 392
52 217
244 387
343 366
106 453
54 263
155 315
246 433
12 37
17 381
58 382
108 499
256 397
355 376
107 274
167 325
10 341
101 459
156 166
109 320
7 43
12 387
67 94
350 382
9 89
121 330
162 331
24 397
63 325
114 290
153 218
265 459
213 269
79 454
206 229
68 295
21 449
260 465
72 414
359 444
130 392
171 393
218 239
33 459
69 116
129 167
160 234
220 285
321 337
32 234
371 454
123 352
71 162
34 280
122 127
172 244
125 398
273 296
364 414
424 465
465 466
83 172
124 173
215 291
234 341
25 167
178 409
238 460
40 475
76 132
81 476
136 183
227 301
287 352
39 250
378 470
37 177
190 419
231 420
229 347
93 486
41 296
132 414
30 137
35 481
90 188
131 189
282 358
342 409
92 234
245 476
143 199
146 470
187 471
335 369
236 363
296 414
337 415
48 312
87 240
199 481
240 482
50 358
349 425
99 250
140 251
252 492
200 302
250 419
291 420
351 471
6 436
59 70
243 379
303 430
344 431
55 328
3 138
94 256
346 477
57 374
117 425
20 492
54 76
59 420
147 267
207 318
205 245
17 194
58 195
110 385
397 415
108 312
209 364
11 379
71 430
15 498
409 425
101 272
161 323
109 133
353 493
64 390
12 200
163 369
61 92
121 143
214 334
253 262
24 210
65 211
404 431
464 482
63 138
156 329
276 431
307 498
18 395
265 272
77 221
56 98
116 149
121 493
176 200
267 318
368 370
79 267
459 488
68 108
73 452
260 278
70 154
75 498
130 205
33 272
184 441
225 442
32 47
123 165
183 216
274 334
334 385
26 232
34 93
177 401
125 211
237 452
80 468
28 278
88 329
327 345
387 396
46 103
178 222
290 463
238 273
269 340
329 391
40 288
81 289
141 340
172 407
232 458
39 63
231 233
382 402
93 299
46 453
192 278
343 447
35 294
95 345
155 396
134 273
58 463
245 289
336 407
396 458
0 458
148 356
146 283
187 284
51 423
338 453
48 125
240 295
350 463
102 361
201 340
5 428
13 289
104 407
252 305
43 131
62 181
103 182
6 249
345 469
56 366
97 367
157 418
55 141
8 295
60 485
206 310
159 464
398 480
57 187
117 238
208 356
20 305
59 233
212 475
14 490
110 198
108 125
261 367
321 418
11 192
71 243
112 244
203 362
106 429
12 13
124 254
215 372
27 321
118 439
219 491
217 418
29 367
115 141
120 485
268 383
307 311
119 260
210 378
270 429
330 480
272 475
24 373
79 80
84 424
222 388
230 249
323 440
362 368
73 265
174 317
265 435
325 486
36 383
77 384
96 434
314 327
374 378
33 85
38 429
74 86
126 276
186 327
128 322
26 45
31 389
86 96
91 440
237 265
429 435
140 332
88 142
181 333
179 260
43 399
82 327
142 378
381 394
40 101
81 102
193 343
172 220
292 322
383 440
42 147
484 492
195 389
234 317
93 112
46 266
98 456
137 384
436 451
95 158
287 328
58 276
378 446
438 497
190 395
47 117
0 271
93 462
148 169
239 287
299 338
51 236
390 456
49 163
202 405
301 384
53 282
144 400
204 451
47 467
102 174
143 175
253 343
354 395
65 292
13 102
385 462
156 410
197 411
257 462
255 389
7 287
67 338
158 456
306 354
56 179
9 333
97 180
157 231
248 349
368 451
151 416
211 467
159 277
250 395
21 343
153 462
361 411
171 287
264 478
14 303
363 457
165 472
113 282
206 473
16 349
164 247
315 416
356 417
218 483
317 462
28 359
69 360
160 478
32 478
118 252
219 304
310 422
29 180
172 488
120 298
221 350
18 21
23 365
83 416
124 417
173 309
324 478
365 479
136 427
134 354
175 355
39 494
37 421
78 422
138 473
284 298
36 196
96 247
75 124
187 365
319 484
38 242
131 433
87 134
128 135
279 304
31 202
143 443
91 253
182 371
85 438
140 145
145 489
184 417
43 212
483 484
82 140
87 484
235 382
45 258
105 309
196 427
8 376
99 494
135 151
195 202
346 371
46 79
189 387
137 197
249 438
100 315
191 433
3 382
58 89
89 156
190 208
209 258
300 376
341 377
52 274
0 84
401 428
203 443
244 444
304 495
15 392
202 218
353 387
12 94
17 438
53 95
58 439
144 213
256 454
204 264
295 382
355 433
47 280
167 382
198 449
5 54
65 105
156 223
348 393
408 444
7 100
12 444
259 321
350 439
61 336
9 146
121 387
162 388
151 229
211 280
362 449
403 450
21 156
114 347
153 275
213 326
77 465
264 291
415 460
14 116
19 460
74 167
456 461
165 285
206 286
266 337
68 352
16 162
169 404
130 449
171 450
218 296
410 466
69 173
160 291
220 342
280 393
321 394
32 291
123 409
183 460
34 337
172 301
273 353
83 229
46 347
25 224
76 189
136 240
134 167
227 358
287 409
326 337
37 234
190 476
231 477
38 55
282 415
342 466
92 291
284 461
143 256
335 426
333 353
393 404
85 251
145 302
296 471
337 472
48 369
139 487
87 297
9 414
45 71
50 415
196 240
237 241
289 431
349 482
99 307
140 308
159 358
2 374
43 375
103 426
249 251
400 420
152 318
105 472
193 319
212 369
191 246
344 488
52 87
57 431
117 482
203 256
244 257
304 308
106 323
147 324
207 375
205 302
298 493
110 442
397 472
256 267
209 421
11 436
71 487
107 144
112 488
167 195
198 262
318 364
10 211
409 482
101 329
109 190
221 431
64 447
12 257
163 426
311 324
25 492
462 493
121 200
162 201
214 391
253 319
24 267
65 268
63 195
156 386
216 437
276 488
18 452
114 160
265 329
306 330
366 381
77 278
457 499
116 206
176 257
79 324
271 494
169 217
320 386
72 284
70 211
223 453
171 263
322 432
33 329
181 227
184 498
373 397
32 104
123 222
183 273
274 391
26 289
375 443
86 340
177 458
28 335
88 386
387 453
46 160
25 37
178 279
238 330
329 448
40 345
81 346
141 397
172 464
39 120
42 391
231 290
93 356
41 166
35 351
95 402
37 397
144 294
92 104
336 464
96 223
187 341
51 480
44 63
49 407
109 458
197 305
48 182
447 453
199 351
240 352
259 402
102 418
50 228
201 397
5 485
44 413
99 120
104 464
159 171
252 362
250 289
2 187
62 238
442 459
153 356
194 357
254 408
6 306
4 233
97 424
157 475
243 249
55 198
3 8
154 177
305 346
57 244
117 295
208 413
309 465
15 18
20 362
106 136
111 480
17 64
449 475
108 182
261 424
321 475
11 249
71 300
263 470
101 142
106 486
161 193
312 362
353 363
64 260
413 414
124 311
215 429
163 239
256 430
316 481
27 378
118 496
66 306
217 475
29 424
65 81
156 199
175 249
216 250
268 440
307 368
367 419
78 316
210 435
270 486
22 384
77 91
168 209
319 378
420 430
131 327
79 137
84 481
222 445
271 307
133 373
224 491
36 440
72 97
75 368
223 266
374 435
434 486
33 142
126 333
186 384
184 311
87 378
188 430
427 446
26 102
31 446
91 497
237 322
278 323
80 338
28 148
140 389
88 199
429 492
43 456
82 384
290 333
381 451
81 159
193 400
383 497
94 394
42 204
195 446
234 374
93 169
244 338
35 164
95 215
246 384
89 400
149 451
190 452
47 174
0 328
239 344
51 293
109 271
202 462
301 441
12 338
102 231
162 282
253 400
201 210
5 298
65 349
13 159
104 277
197 468
255 446
67 395
153 169
306 411
6 119
56 236
4 46
9 390
97 237
157 288
248 406
60 355
151 473
159 334
250 452
208 226
361 468
111 293
171 344
212 345
262 462
303 463
74 411
160 185
352 355
11 62
16 406
71 113
164 304
203 232
315 473
166 350
226 401
64 73
69 417
129 468
215 242
275 293
27 191
25 118
66 119
118 309
178 360
269 478
310 479
318 340
81 427
122 428
120 355
180 406
419 422
18 78
119 130
231 371
210 248
270 299
22 197
421 468
173 366
272 345
84 294
37 478
78 479
133 186
224 304
325 356
36 253
96 304
127 371
30 438
90 489
186 197
277 315
469 485
279 361
91 310
182 428
44 494
80 151
140 202
181 203
184 474
291 371
332 372
43 269
392 423
423 490
82 197
194 438
142 248
235 439
105 366
193 213
237 485
344 382
3 89
8 433
94 207
195 259
286 377
346 428
387 429
98 326
46 136
189 444
249 495
147 218
100 372
191 490
399 439
3 439
58 146
149 264
209 315
300 433
341 434
52 331
0 141
112 382
15 449
51 106
54 377
293 393
12 151
17 495
144 270
204 321
167 439
406 455
5 111
10 455
156 280
197 281
257 332
255 259
348 450
67 208
158 326
259 378
61 393
9 203
151 286
271 388
250 265
21 213
114 404
174 455
213 383
75 449
116 450
262 275
322 326
14 173
165 342
225 393
68 409
16 219
128 460
169 461
34 44
125 162
218 353
278 404
28 229
69 230
160 348
220 399
321 451
32 348
118 122
123 466
269 291
29 50
34 394
172 358
23 235
372 389
83 286
234 455
46 404
173 179
76 246
84 107
134 224
287 466
328 467
39 364
326 394
37 291
78 292
229 461
96 117
127 184
187 235
319 354
30 251
90 302
38 112
131 303
222 421
282 472
92 348
182 241
242 292
333 410
44 307
85 308
145 359
236 477
43 82
48 426
235 252
6 200
9 471
50 472
97 318
105 179
446 472
297 349
388 467
99 364
159 415
200 416
2 431
62 482
103 483
189 257
1 206
400 477
152 375
100 185
243 493
191 303
251 354
3 252
94 370
154 421
302 319
52 144
112 195
203 313
244 314
304 365
106 380
54 190
205 359
17 308
108 426
256 324
318 421
10 268
101 386
109 247
221 488
210 329
163 483
311 381
22 278
61 206
121 257
162 258
214 448
253 376
272 426
313 427
84 375
63 252
216 494
114 217
174 268
306 387
366 438
75 262
168 453
267 432
19 330
170 499
68 222
16 32
260 392
320 443
31 340
72 341
380 494
130 319
322 489
28 42
33 386
181 284
160 161
373 454
32 161
371 381
183 330
274 448
334 499
26 346
86 397
125 325
23 48
83 99
88 443
234 268
327 459
426 438
25 94
137 335
269 454
40 402
81 403
141 454
227 228
37 104
42 448
78 105
231 347
229 274
0 222
41 223
30 64
95 459
241 284
282 285
53 233
433 454
245 403
47 418
96 280
146 397
385 413
197 362
145 172
236 290
296 341
48 239
139 357
199 408
259 459
9 284
97 131
102 475
349 352
8 59
13 403
440 470
99 177
252 419
200 229
291 347
2 244
62 295
153 413
254 465
6 363
97 481
152 188
212 239
344 358
55 255
435 476
94 183
206 424
208 470
356 368
20 419
59 347
147 194
298 363
358 414
110 312
108 239
261 481
300 409
71 357
112 358
310 373
411 425
10 81
15 425
34 475
312 419
413 471
124 368
163 296
22 91
27 435
25 362
214 261
24 137
29 481
84 188
115 255
175 306
216 307
268 497
276 358
307 425
18 322
119 374
22 441
77 148
228 317
360 436
131 384
170 312
230 363
73 379
31 153
72 154
70 81
75 425
130 132
223 323
33 199
184 368
225 369
82 91
128 436
188 487
26 159
86 210
177 328
125 138
237 379
278 380
80 395
88 256
179 374
137 148
142 492
290 390
288 317
40 215
193 457
232 385
292 436
42 261
135 452
0 35
46 380
93 226
132 154
244 395
192 205
285 396
343 374
147 462
155 323
246 441
347 493
58 390
89 457
0 385
148 283
239 401
247 262
51 350
338 380
49 277
109 328
301 498
12 395
48 52
53 396
199 221
259 272
9 97
102 288
162 339
294 458
5 355
65 406
44 283
104 334
2 57
7 401
67 452
194 227
6 176
405 447
97 294
157 345
248 463
19 411
60 412
206 237
159 391
398 407
16 113
21 457
57 114
62 458
260 473
208 283
309 335
20 232
111 350
212 402
410 417
14 417
74 468
110 125
261 294
321 345
352 412
412 463
11 119
453 464
164 361
122 135
125 406
166 407
226 458
28 473
124 181
215 299
275 350
316 351
118 366
219 418
81 484
29 294
122 485
120 412
268 310
328 361
419 479
18 135
78 186
119 187
210 305
22 254
173 423
272 402
76 490
84 351
134 468
175 469
222 315
73 192
133 243
224 361
284 412
325 413
36 310
96 361
127 428
75 238
187 479
228 480
30 495
38 356
126 203
186 254
337 423
87 248
128 249
188 300
279 418
31 316
80 208
181 260
179 187
43 326
392 480
82 254
194 495
235 496
45 372
193 270
191 197
3 146
94 264
42 74
195 316
286 434
346 485
98 383
1 450
59 428
147 275
58 203
397 423
89 270
149 321
209 372
341 491
52 388
51 163
54 434
109 141
293 450
241 260
301 311
53 209
204 378
295 496
167 496
253 270
5 168
65 219
13 29
156 337
104 147
109 491
197 338
7 214
119 455
67 265
447 486
158 383
259 435
56 106
97 107
157 158
308 327
19 224
60 225
368 378
63 496
151 343
211 394
271 445
21 270
114 461
260 286
20 45
452 456
111 163
171 214
212 215
14 230
363 384
165 399
113 209
266 451
68 466
164 174
375 394
34 101
125 219
166 220
218 410
317 389
28 286
69 287
160 405
220 456
27 61
32 405
178 230
219 231
269 348
370 400
81 297
29 107
122 298
172 415
120 225
180 276
231 241
25 338
132 235
173 236
324 405
35 302
76 303
384 456
136 354
84 164
425 457
227 472
39 421
37 348
78 349
377 416
437 467
36 123
96 174
187 292
228 293
338 461
30 308
379 462
90 359
150 410
53 477
331 421
242 349
333 467
85 365
145 416
444 483
48 483
103 190
235 309
6 257
105 236
8 303
99 421
200 473
309 416
340 483
288 293
59 241
152 432
55 499
3 309
94 427
113 477
302 376
300 303
203 370
244 371
304 422
147 438
166 488
205 416
17 365
108 483
163 190
355 360
107 258
167 309
258 427
318 478
10 325
307 319
7 27
119 268
67 78
158 196
22 335
121 314
272 483
313 484
19 37
24 381
84 432
115 499
151 156
362 376
422 427
114 274
174 325
265 443
213 253
366 495
77 392
176 371
14 43
79 438
225 263
357 382
68 279
16 89
128 330
169 331
72 398
70 325
369 392
28 99
33 443
69 100
181 341
160 218
220 269
82 335
183 387
172 228
125 382
273 280
364 398
424 449
23 105
28 449
83 156
275 326
426 495
178 393
285 290
238 444
35 115
40 459
227 285
287 336
328 337
347 387
378 454
37 161
190 403
138 213
231 404
229 331
0 279
41 280
93 470
132 398
30 121
35 465
90 172
241 341
282 342
342 393
53 290
143 183
335 353
44 177
85 178
197 419
236 347
48 296
139 414
9 341
50 342
97 188
8 116
13 460
99 234
159 285
200 286
252 476
250 403
291 404
2 301
103 353
1 76
6 420
212 296
243 363
344 415
55 312
3 122
113 290
154 291
206 481
305 460
57 358
117 409
356 425
54 60
166 301
205 229
298 420
69 368
110 369
160 486
108 296
11 363
66 70
71 414
219 312
10 138
122 379
221 358
312 476
64 374
124 425
163 353
22 148
25 419
61 76
66 420
272 296
365 487
24 194
84 245
404 415
464 466
63 122
175 363
276 415
307 482
119 431
22 498
77 205
416 425
75 132
116 133
168 323
228 374
319 492
267 302
360 493
19 200
170 369
230 420
73 436
133 487
72 211
471 482
70 138
182 379
130 189
283 431
33 256
423 441
123 149
235 390
183 200
274 318
334 369
26 216
86 267
237 436
80 452
179 431
46 87
478 498
137 205
288 374
329 375
40 272
389 426
141 324
191 441
232 442
292 493
3 390
39 47
42 318
190 216
93 283
244 452
285 453
343 431
35 278
95 329
246 498
53 103
185 222
245 273
0 442
247 319
338 437
49 334
150 386
12 452
48 109
139 227
199 278
259 329
391 448
9 154
50 155
102 345
162 396
5 412
13 273
63 390
151 237
252 289
2 114
7 458
62 165
103 166
444 459
153 283
6 233
345 453
56 350
116 401
19 468
357 463
398 464
208 340
20 289
111 407
171 458
410 474
14 474
110 182
160 299
108 109
113 453
11 176
263 397
34 345
122 192
125 463
166 464
124 238
215 356
163 166
275 407
27 305
118 423
66 233
178 474
217 402
120 469
175 176
268 367
328 418
326 345
78 243
231 485
229 412
270 413
272 459
38 63
84 408
222 372
282 423
323 424
73 249
224 418
284 469
96 418
127 485
335 434
38 413
126 260
277 429
376 408
87 305
50 423
91 424
177 198
297 300
388 418
80 265
88 126
200 367
179 244
291 485
332 486
43 383
103 434
142 362
40 85
45 429
100 136
193 327
191 254
344 496
292 306
3 203
94 321
135 322
443 475
286 491
93 96
244 265
59 485
100 486
155 193
246 311
58 260
438 481
89 327
149 378
209 429
47 101
0 255
52 445
112 496
148 153
198 270
239 271
299 322
10 219
51 220
390 440
101 337
49 147
54 491
202 389
150 199
12 265
53 266
163 434
102 158
162 209
253 327
294 328
5 225
354 379
65 276
13 86
404 496
156 394
255 373
7 271
67 322
306 338
116 214
157 215
248 333
308 384
19 281
368 435
151 400
21 327
169 225
213 497
361 395
111 220
171 271
264 462
262 389
74 338
165 456
113 266
16 333
164 231
375 451
125 276
166 277
226 328
69 344
160 462
27 118
25 45
219 288
310 406
81 354
29 164
122 355
172 472
120 282
23 349
83 400
382 467
22 124
41 174
132 292
173 293
324 462
76 360
136 411
84 221
39 478
224 231
377 473
36 180
96 231
247 400
30 365
90 416
38 226
150 467
87 118
92 462
331 478
279 288
50 236
91 237
430 457
182 355
44 421
291 298
43 196
103 247
82 124
194 365
235 366
4 241
97 432
105 293
8 360
99 478
286 304
346 355
288 350
100 299
298 314
58 73
149 191
209 242
341 361
52 258
401 412
203 427
263 478
15 376
106 494
54 304
293 320
353 371
413 422
12 78
256 438
204 248
316 489
66 314
107 315
167 366
198 433
258 484
10 382
65 89
156 207
257 259
307 376
348 377
119 325
67 135
210 443
158 253
311 495
22 392
121 371
24 438
84 489
151 213
211 264
114 331
174 382
213 310
77 449
116 377
314 392
415 444
19 444
79 495
266 321
357 439
68 336
16 146
128 387
169 388
31 454
72 455
130 433
218 280
369 449
28 156
69 157
88 207
220 326
280 377
371 495
82 392
123 393
183 444
81 167
34 321
122 168
141 218
172 285
232 336
234 382
285 347
35 172
136 224
134 151
227 342
287 393
347 444
39 291
37 218
190 460
229 388
0 336
30 178
90 229
38 39
150 280
241 398
282 399
144 465
185 466
143 240
294 409
335 410
333 337
85 235
197 476
145 286
236 404
48 353
139 471
6 127
345 347
97 245
50 399
105 106
248 414
196 224
388 394
151 481
250 460
57 65
400 404
4 404
212 353
251 281
344 472
55 369
113 347
16 414
52 71
112 122
203 240
263 291
15 189
395 410
106 307
54 117
455 461
205 286
298 477
69 425
110 426
108 353
407 420
107 128
219 369
167 179
198 246
310 487
258 297
10 195
122 436
64 431
119 138
163 410
462 477
61 133
121 184
214 375
272 353
313 354
84 302
404 472
115 369
63 179
216 421
276 472
18 436
73 143
78 487
114 144
174 195
265 313
416 482
457 483
168 380
228 431
176 241
267 359
19 257
126 154
469 493
68 149
73 493
128 200
169 201
320 370
31 267
72 268
91 318
70 195
182 436
223 437
283 488
33 313
181 211
184 482
332 380
373 381
32 88
423 498
123 206
235 447
183 257
274 375
334 426
86 324
177 442
237 493
135 216
179 488
327 386
137 262
238 314
288 431
329 432
100 380
141 381
232 499
190 273
281 391
93 340
