# family=structured seed=1
# opt_upper_bound=50
500 29862
206 217
247 26
379 145
54 385
491 386
394 453
359 432
262 499
317 206
47 345
33 447
107 396
220 273
201 31
242 32
247 376
385 340
44 47
123 340
104 98
145 99
467 150
472 494
7 165
461 335
442 93
139 284
447 437
424 453
372 263
102 402
124 161
5 469
13 330
25 155
495 104
173 53
238 448
425 274
442 443
268 290
39 238
378 458
78 166
229 335
490 110
127 58
495 454
90 176
222 295
208 397
304 105
182 115
85 182
120 176
312 346
348 3
140 239
214 188
360 13
2 305
29 408
478 234
436 8
55 316
366 178
176 54
302 193
57 362
79 121
222 429
298 424
380 234
58 183
466 8
493 111
434 470
198 193
258 244
411 486
371 121
445 70
202 312
408 188
66 424
140 373
484 183
167 476
404 419
478 368
252 25
290 317
40 142
45 486
114 91
475 70
347 70
135 379
479 189
363 14
459 476
174 492
347 420
58 317
433 194
209 486
283 435
418 71
487 430
10 276
445 204
123 153
472 307
296 81
447 250
465 267
451 369
88 317
215 92
63 260
118 159
250 86
365 36
40 276
67 379
442 256
153 153
232 446
213 204
157 272
243 46
234 492
93 287
285 457
233 267
16 40
111 277
92 35
284 205
358 154
437 447
110 52
220 220
150 390
428 334
409 92
483 41
199 282
28 400
316 278
27 175
402 52
388 154
25 102
104 395
393 498
269 462
291 221
7 462
29 221
122 412
442 390
152 62
193 63
305 277
492 103
37 462
496 222
246 47
55 479
110 186
223 63
374 232
332 6
337 350
166 468
124 242
311 68
85 479
462 237
140 186
406 305
423 474
478 181
156 130
18 196
196 468
22 315
286 361
272 463
382 69
57 309
1 377
73 253
417 63
95 12
298 371
325 474
433 7
314 315
401 469
74 74
184 242
373 141
68 259
49 17
486 18
293 377
256 495
107 372
63 73
329 192
141 141
480 361
292 310
383 428
135 326
132 28
137 372
431 95
260 213
452 383
111 90
460 244
410 157
396 259
486 152
90 152
472 254
491 496
301 372
70 439
144 388
226 198
275 90
13 90
257 450
238 208
250 33
329 326
494 393
232 393
303 44
344 45
330 147
46 388
206 111
346 91
497 260
134 208
309 209
460 378
185 173
262 393
453 338
277 112
337 163
53 404
376 91
240 230
129 399
7 409
404 45
6 184
345 404
23 353
289 472
297 333
22 128
8 230
60 420
76 364
24 174
1 190
422 220
152 359
174 118
77 185
397 163
490 354
75 112
52 128
57 472
90 420
186 128
487 56
390 123
428 415
166 415
331 482
279 292
353 241
301 51
380 344
110 483
466 118
316 359
407 477
489 287
217 353
406 252
10 252
423 421
45 246
389 56
480 174
210 313
196 415
237 416
306 21
292 123
311 365
383 241
484 293
387 360
478 478
323 375
343 61
73 200
21 10
100 303
152 493
384 62
361 78
89 144
75 246
396 72
401 416
74 21
51 37
412 16
472 67
205 477
31 324
17 426
91 375
447 10
182 493
130 303
223 494
256 442
226 11
355 421
429 370
451 129
468 298
280 247
156 211
348 381
7 88
482 381
447 360
177 499
350 427
83 83
327 443
40 386
213 314
37 88
111 37
116 381
190 330
264 279
377 156
74 155
454 376
192 376
486 99
150 150
315 217
72 459
414 196
144 335
218 284
204 386
69 161
107 453
143 110
407 156
486 449
467 207
296 325
318 84
125 443
196 94
201 438
234 386
13 387
440 454
25 212
151 351
252 403
365 280
153 397
497 207
287 397
39 295
422 33
152 172
229 392
476 269
154 218
277 59
92 279
293 3
96 398
160 413
108 223
219 239
370 408
48 357
392 167
87 285
50 403
482 60
499 229
210 126
215 470
27 419
457 3
173 244
286 121
24 121
103 414
175 290
436 65
193 307
399 183
341 178
415 127
93 76
230 347
133 414
314 425
429 183
112 476
468 111
406 199
385 76
188 471
86 194
480 121
237 363
135 86
121 188
46 14
137 132
211 81
216 425
290 374
1 271
250 9
288 301
141 251
191 368
306 318
287 76
339 266
77 266
42 245
116 194
401 363
266 138
357 256
155 307
342 133
433 251
295 317
410 267
396 369
487 487
146 194
10 333
51 334
412 313
486 262
467 20
109 312
310 36
199 205
259 256
5 339
25 25
238 318
269 385
328 211
400 87
78 36
14 51
19 395
60 396
93 344
437 154
132 272
305 200
95 390
169 339
155 441
208 267
395 93
493 436
92 92
171 385
245 334
284 262
148 401
430 87
146 328
335 227
51 468
333 154
184 31
310 170
411 222
139 288
240 340
372 267
102 406
143 407
237 42
275 334
178 401
159 159
252 350
153 344
6 294
23 463
441 222
173 407
76 474
131 181
170 109
282 350
106 124
111 468
224 345
205 103
380 104
449 463
258 114
332 63
386 299
256 418
237 176
311 125
388 345
43 310
24 68
387 120
189 135
1 84
307 356
362 63
4 355
40 12
389 166
441 356
482 357
480 284
210 423
191 181
176 58
454 2
357 69
469 310
422 464
169 18
207 310
36 428
466 12
130 63
314 372
434 474
107 79
146 7
274 192
353 485
204 362
140 377
167 480
313 305
406 496
13 13
464 474
216 372
255 300
7 198
45 490
457 434
405 244
231 91
281 208
382 260
93 157
417 254
282 29
149 439
165 383
299 383
32 39
278 445
226 255
28 270
372 80
354 440
440 214
426 316
291 91
329 383
425 91
494 450
6 107
479 327
303 101
421 322
206 168
233 271
379 96
384 440
117 96
208 214
433 332
133 40
298 107
377 400
187 276
209 35
247 327
352 343
338 445
16 394
90 343
164 292
277 169
53 461
488 389
92 389
188 97
331 405
427 113
143 354
430 384
242 333
388 158
145 400
406 175
6 241
4 168
83 461
383 164
25 456
154 112
159 456
170 56
175 400
1 247
395 174
397 220
490 411
209 169
283 118
225 113
299 62
373 11
161 128
240 421
143 488
499 123
184 462
354 119
423 478
404 236
82 185
156 134
141 11
480 231
292 180
479 6
234 175
19 21
98 314
79 72
84 416
246 185
3 427
72 32
359 62
452 253
176 355
264 202
52 319
38 421
126 268
437 130
239 145
51 94
352 22
390 314
68 263
412 73
417 417
394 433
26 37
58 484
70 309
218 207
364 32
429 427
181 325
129 135
179 252
201 11
332 494
373 495
445 371
426 129
109 422
370 197
444 146
461 315
480 365
383 432
479 140
484 484
382 207
459 427
63 427
475 371
208 27
361 269
452 387
264 336
206 331
338 258
30 105
486 156
315 274
69 218
468 489
201 145
32 336
197 403
219 162
318 141
81 228
122 229
483 208
120 156
273 398
221 208
386 275
210 49
8 100
13 444
76 234
460 382
229 449
284 156
363 449
228 224
302 173
300 100
453 342
222 409
304 219
166 285
207 286
188 44
91 111
335 471
369 55
11 347
355 157
66 54
489 157
236 465
370 465
48 414
392 224
235 240
381 65
9 459
105 167
311 235
297 337
27 476
435 301
462 404
272 280
2 419
365 471
478 348
115 296
175 347
271 55
147 19
138 465
55 430
399 240
77 189
476 460
228 358
314 132
267 286
165 9
15 250
376 229
450 178
469 420
491 179
188 178
108 414
218 20
209 466
295 240
80 86
220 66
258 358
32 15
445 184
86 251
259 179
61 194
135 143
121 245
214 436
327 313
382 20
473 138
459 240
189 379
216 482
40 256
463 359
62 15
3 374
89 148
281 318
165 143
170 487
412 20
72 329
70 256
92 15
47 272
220 200
472 421
197 216
274 436
444 93
122 42
442 20
199 262
259 313
372 190
201 308
234 256
5 396
289 155
426 426
495 31
104 375
137 323
324 149
2 98
76 47
463 493
136 98
213 318
254 319
405 488
138 144
243 160
93 401
228 37
35 396
21 498
222 222
433 442
70 390
455 201
493 493
245 391
418 319
449 386
187 386
261 335
71 211
219 109
26 468
318 88
34 329
120 103
273 345
446 273
485 201
289 289
297 150
44 458
62 283
175 160
268 351
323 58
326 329
400 278
422 37
3 53
416 222
168 120
206 412
228 171
379 340
453 289
401 99
79 48
244 115
356 356
304 166
224 402
284 453
427 7
31 7
91 58
96 402
333 345
434 397
112 346
167 53
198 120
236 412
139 479
235 187
353 408
24 125
65 126
404 346
115 243
216 295
276 346
18 310
114 18
438 115
75 63
228 305
454 59
395 418
469 367
31 141
342 3
204 69
245 70
448 429
112 480
198 254
239 255
220 13
101 321
49 131
109 182
158 74
311 316
214 383
253 311
5 209
13 70
156 378
178 137
269 255
494 373
361 29
206 91
244 383
338 18
320 378
361 379
347 481
53 34
58 378
433 255
149 496
148 271
393 75
123 214
486 266
488 312
391 379
465 328
102 276
294 446
275 204
159 29
269 389
250 147
7 389
29 148
172 456
42 383
157 333
229 209
377 107
416 35
495 328
476 86
154 35
497 374
230 30
39 462
111 338
92 96
185 287
14 405
36 164
108 40
209 92
453 452
186 108
236 225
92 446
125 394
353 221
69 462
407 457
118 354
178 405
318 385
6 298
389 36
231 416
325 51
416 169
76 478
57 236
492 164
133 231
298 298
394 6
397 277
374 293
52 242
434 344
487 170
128 237
278 181
311 129
355 401
484 57
217 467
291 416
142 293
381 309
329 119
334 463
105 411
232 186
383 355
94 252
24 422
368 232
456 79
170 247
496 417
95 73
260 140
452 310
209 360
341 479
52 376
38 478
396 186
146 11
239 202
150 130
12 196
461 22
144 315
125 73
218 264
364 89
102 89
162 140
275 17
426 186
118 33
183 428
255 304
403 202
351 12
86 495
444 203
153 27
479 197
83 197
195 438
231 95
308 315
456 213
60 213
459 484
159 192
250 310
439 17
37 202
474 203
190 444
264 393
262 320
303 321
377 270
74 269
206 388
352 213
30 162
434 23
375 382
411 39
414 310
92 259
240 157
143 224
430 254
146 495
215 100
27 49
13 151
388 28
489 80
219 219
307 39
243 54
46 449
383 34
346 152
420 101
497 321
249 219
340 337
186 55
376 152
469 343
128 50
427 117
69 409
163 44
388 162
66 111
145 404
217 280
291 229
310 471
43 127
235 297
221 399
276 106
307 173
119 122
485 445
344 240
402 410
383 168
25 460
94 65
443 219
473 61
309 404
147 76
496 230
174 179
223 71
415 241
112 240
492 461
239 15
244 359
54 235
207 477
293 251
241 61
394 303
218 77
204 179
283 472
85 487
489 348
181 195
445 241
183 241
307 307
86 308
447 287
405 61
313 472
98 318
211 195
285 144
21 71
191 482
347 241
433 15
75 307
168 498
322 184
415 375
456 376
454 303
51 98
486 26
260 437
315 144
58 488
125 20
204 313
355 482
129 139
486 376
109 426
12 493
67 200
122 99
461 319
259 370
9 195
446 196
248 211
234 313
25 139
99 88
324 206
398 155
81 448
213 375
460 252
176 493
325 27
93 458
30 109
16 211
131 161
117 263
241 329
96 325
261 392
321 443
481 166
145 217
461 453
161 161
221 212
23 227
201 499
270 104
275 448
13 448
388 325
118 464
214 172
346 99
194 459
249 166
323 115
309 217
18 233
243 351
228 228
302 177
379 397
455 392
54 48
427 64
432 408
110 357
295 110
407 351
66 58
310 418
332 177
318 279
142 53
427 414
86 121
289 480
388 459
80 306
424 116
114 75
480 398
265 244
42 172
19 188
230 408
357 183
207 424
246 352
75 470
204 126
52 486
181 142
160 19
198 311
161 429
123 137
109 239
128 481
257 137
26 204
12 306
64 496
375 358
237 424
278 425
350 301
9 8
484 301
313 419
5 266
389 414
366 430
378 255
438 306
135 497
190 204
382 374
456 323
454 250
244 440
343 419
117 76
155 368
260 384
320 435
317 137
47 276
358 138
129 86
449 256
160 153
468 306
352 323
123 271
472 425
236 148
375 492
411 149
9 142
440 328
44 328
252 277
250 204
141 446
194 272
175 30
309 30
345 441
4 148
83 441
474 97
212 97
435 334
490 41
192 384
228 41
319 159
30 56
95 451
222 226
474 447
92 153
147 52
171 446
212 447
224 272
110 170
113 441
486 457
90 457
122 180
413 329
201 446
402 170
365 288
392 391
404 216
6 355
18 180
243 298
3 57
195 227
131 242
170 170
417 47
298 355
325 458
399 407
72 12
107 6
299 176
373 125
10 73
15 417
390 294
411 417
101 191
450 345
31 361
64 309
408 119
177 186
237 237
80 253
102 12
140 304
162 63
313 232
387 181
29 473
404 350
480 345
306 192
382 187
19 135
93 84
420 479
394 197
347 351
58 248
438 469
185 23
264 316
52 433
487 361
183 135
301 356
177 320
488 182
102 146
162 197
5 213
82 433
63 191
269 259
477 208
81 208
67 310
306 326
135 444
19 269
211 439
233 198
134 192
227 383
37 259
160 100
146 202
261 152
352 270
434 80
296 146
411 96
53 388
414 367
92 316
312 90
28 331
372 141
451 434
124 39
289 106
407 327
388 85
467 378
296 496
351 203
43 50
425 152
120 270
405 439
270 214
344 163
99 332
132 280
346 209
76 348
37 393
399 220
476 440
113 388
448 112
164 353
15 230
428 399
87 106
226 450
413 276
481 410
219 410
167 220
103 235
180 455
408 282
191 55
292 107
22 246
383 225
443 276
135 123
84 343
244 66
362 287
496 287
361 62
438 282
228 472
30 487
322 107
336 5
126 195
74 5
401 400
415 298
277 364
51 21
205 461
353 359
181 252
179 179
332 421
216 246
269 72
274 416
45 364
389 174
67 123
177 483
234 236
24 426
368 236
46 185
84 477
459 354
192 10
357 77
362 421
136 78
246 246
245 21
281 432
14 88
74 139
113 67
187 16
70 370
144 319
166 78
69 145
102 93
275 21
13 21
407 140
445 432
104 139
252 37
61 442
162 494
231 99
229 26
151 335
132 93
495 145
159 196
475 432
361 330
39 279
452 448
111 155
229 376
165 391
192 494
305 371
379 320
38 27
432 331
215 104
393 376
85 223
118 171
215 454
270 161
250 448
291 449
62 397
103 398
459 33
497 325
323 172
288 151
400 392
100 100
344 460
41 459
77 116
113 335
131 352
230 331
31 121
130 100
85 357
167 167
332 234
371 162
119 126
237 347
297 398
402 414
424 173
121 172
313 342
387 291
478 409
115 357
216 409
340 475
288 285
381 476
422 285
114 132
463 286
477 184
399 301
77 250
416 470
94 419
75 177
154 470
176 229
281 245
363 55
170 414
304 414
417 291
491 240
246 409
31 255
72 256
58 358
493 286
369 250
410 251
391 9
468 229
220 127
299 420
371 296
445 245
296 122
375 415
7 19
444 20
158 188
199 189
278 482
364 256
424 307
498 256
102 256
135 204
382 81
440 251
426 353
211 199
255 471
403 369
114 266
3 435
347 245
452 261
42 363
479 364
93 328
79 430
305 184
117 133
58 492
428 25
262 487
49 379
393 189
109 430
86 446
461 323
199 323
273 272
312 200
88 492
215 267
13 318
2 159
180 431
6 278
345 498
83 498
460 256
303 272
233 442
302 47
379 267
453 216
208 385
309 437
133 211
205 87
96 329
261 396
247 498
355 31
164 463
392 98
124 283
402 227
443 36
140 227
286 52
291 396
2 293
392 448
478 222
229 457
22 356
366 166
490 232
443 386
319 350
415 58
401 160
420 402
244 176
357 53
73 294
59 396
394 120
36 412
108 288
295 114
369 63
186 356
373 182
10 130
385 7
376 453
423 299
109 109
348 125
427 418
50 468
91 469
461 2
429 464
214 310
459 114
381 423
477 131
114 79
67 233
482 475
287 7
383 469
94 366
176 176
341 243
382 244
473 362
454 120
230 412
343 289
431 136
174 480
282 13
361 306
70 130
144 79
223 372
336 249
225 418
280 125
101 382
445 192
486 193
183 192
241 362
301 413
370 18
461 136
80 444
372 64
498 203
215 80
201 182
275 131
313 423
354 424
426 300
257 491
238 249
324 23
329 367
494 434
153 141
213 192
328 142
39 39
138 18
248 378
330 188
456 327
211 496
324 373
21 372
169 270
117 80
287 491
460 419
185 214
160 157
146 259
187 260
471 19
448 35
71 85
186 35
315 445
122 50
199 270
143 338
215 214
349 214
13 265
99 39
444 451
76 55
81 399
120 327
216 35
326 203
193 51
60 461
41 219
421 440
173 338
420 215
492 91
469 107
73 107
59 209
147 56
358 276
209 153
283 102
90 461
112 220
277 287
293 231
388 276
118 415
217 394
464 271
156 118
216 169
307 287
18 184
270 405
330 456
121 282
19 5
115 467
189 416
230 225
59 343
100 344
133 292
260 67
471 287
299 180
10 77
51 78
109 56
413 467
91 416
447 51
130 344
204 293
295 411
369 360
80 257
451 170
489 462
354 237
426 113
216 303
255 231
475 5
158 298
213 5
473 309
285 258
40 427
95 134
77 494
378 422
359 180
89 319
75 421
460 232
185 27
176 473
284 6
19 489
0 247
449 73
165 314
357 484
49 139
164 89
169 433
293 499
301 360
414 237
278 376
372 11
215 27
201 129
294 320
349 27
252 94
257 438
7 263
172 330
194 89
196 135
41 32
495 202
211 443
159 253
324 320
420 28
62 320
458 320
264 454
399 90
437 382
490 208
277 100
20 444
427 44
256 162
316 213
481 280
85 280
71 382
406 106
345 392
381 49
421 387
443 146
121 95
24 162
98 111
84 213
103 455
18 347
441 450
73 54
339 173
377 465
55 414
184 43
304 337
395 455
469 404
450 162
69 470
177 3
163 105
182 347
237 54
283 399
316 347
369 173
332 291
101 358
292 111
297 455
61 178
121 229
73 188
496 291
265 358
399 358
281 302
322 111
239 76
299 127
343 399
431 246
17 414
53 71
58 415
72 313
70 240
317 117
429 358
465 15
451 117
354 184
109 353
348 369
484 415
157 20
253 482
63 358
250 184
324 133
362 425
384 184
458 133
39 149
264 267
377 144
415 436
132 313
206 262
476 123
247 71
379 190
342 308
148 442
468 420
385 385
393 246
71 195
109 487
219 93
217 20
26 452
442 138
120 87
199 380
162 498
248 272
201 426
289 273
60 221
254 437
474 211
78 211
377 278
266 447
300 31
30 170
90 221
38 31
117 324
208 442
376 26
207 217
96 386
160 401
333 329
71 329
198 104
296 447
406 53
392 155
120 221
386 340
8 165
121 42
200 335
286 109
272 211
103 402
175 278
1 125
6 469
18 294
251 273
443 443
314 63
417 161
394 177
36 469
17 227
110 418
471 397
149 346
11 412
47 69
186 413
487 341
156 12
109 166
64 423
482 182
177 300
199 59
297 402
61 125
484 228
121 176
214 367
234 53
368 53
65 244
46 2
252 70
403 239
100 238
475 115
227 13
232 357
287 64
306 306
452 131
363 59
454 177
170 418
192 177
266 126
271 470
285 368
357 244
417 295
439 54
380 413
58 362
130 238
171 239
396 357
33 305
468 233
373 373
10 321
321 183
412 301
257 198
236 75
274 367
348 316
34 126
218 435
451 414
248 85
234 187
65 378
421 13
156 496
426 357
462 14
255 475
398 29
425 132
172 440
366 491
340 24
326 126
382 435
55 40
41 142
35 327
72 394
433 373
336 440
14 389
432 148
352 384
85 40
145 91
273 276
364 394
64 102
102 394
215 271
316 323
297 81
27 220
178 389
81 456
367 261
78 158
251 86
94 102
206 343
154 153
401 30
134 440
244 46
249 390
152 457
224 333
279 40
110 231
223 108
71 276
15 344
334 97
388 333
88 41
286 56
103 349
142 277
362 51
210 411
265 118
8 462
383 339
479 47
346 457
24 406
57 354
189 473
271 283
362 401
491 57
149 293
130 51
171 52
336 119
33 118
470 119
148 68
184 287
15 478
109 113
86 129
447 108
162 124
201 52
65 191
404 411
137 67
381 427
158 355
135 371
248 248
360 489
19 196
473 366
170 365
35 140
342 68
0 304
126 443
449 130
239 320
352 197
431 490
128 489
315 315
411 23
240 141
446 17
146 479
354 428
464 7
328 146
400 22
138 22
382 382
458 377
37 320
455 79
460 423
187 264
209 23
321 264
186 39
337 208
139 223
450 85
166 326
317 495
353 152
430 372
289 167
297 28
481 337
66 95
180 382
235 281
482 158
157 398
480 85
344 224
297 378
457 101
495 393
159 444
398 460
136 460
37 454
496 214
284 331
416 450
168 348
225 101
263 393
299 50
304 394
376 270
87 167
353 286
481 471
334 394
121 286
46 112
137 230
249 471
343 106
95 4
325 466
77 364
58 122
452 241
438 343
149 240
302 482
126 256
373 133
390 302
144 246
102 20
451 174
294 190
445 359
109 410
255 235
442 61
364 370
97 26
135 318
248 195
349 247
382 195
459 415
324 190
35 87
62 190
497 118
227 257
479 478
111 82
262 251
127 26
165 318
187 77
247 128
491 488
263 72
428 139
488 190
92 190
166 139
171 483
226 190
240 88
69 206
242 134
316 83
333 252
145 201
236 319
296 370
180 195
312 314
372 365
105 21
330 139
324 324
153 442
175 201
213 493
254 494
1 48
363 437
36 42
300 88
342 499
20 448
376 83
279 150
69 340
316 217
355 145
411 454
464 88
386 397
105 155
485 376
115 284
381 403
174 110
452 54
75 104
149 53
300 222
131 413
487 48
293 182
218 8
11 469
85 418
167 228
354 54
334 341
408 290
447 218
88 285
121 233
253 352
234 110
387 352
271 177
389 398
114 193
100 295
174 244
265 362
361 70
3 362
94 480
479 291
281 306
304 475
338 59
241 126
245 245
107 311
385 255
333 65
371 357
109 357
183 306
269 80
274 424
310 81
81 29
273 199
484 419
5 384
398 86
7 430
81 379
403 430
442 358
172 497
153 255
254 307
328 256
405 476
460 183
231 323
243 148
303 199
16 142
131 92
169 384
208 312
433 430
185 328
129 204
160 271
333 199
434 251
258 25
26 456
120 91
161 92
364 451
312 261
485 189
270 35
311 36
462 205
104 497
351 374
43 221
76 169
115 97
120 441
189 46
497 199
288 25
381 216
193 165
228 159
267 87
401 87
131 226
222 344
230 205
469 221
106 169
185 462
127 457
333 333
332 108
274 103
353 396
408 103
215 462
311 170
200 339
156 232
381 350
18 298
4 400
367 452
482 402
480 329
195 345
286 463
456 120
79 170
492 339
72 130
278 6
314 417
295 175
369 124
52 417
181 73
371 170
101 309
54 463
109 170
177 304
387 299
46 6
426 227
227 17
405 289
495 182
211 423
285 372
155 299
282 74
359 294
452 485
190 485
322 412
0 361
432 18
148 259
96 69
449 187
187 187
261 136
247 238
375 423
312 74
350 366
386 23
179 484
215 141
27 90
13 192
32 434
65 382
118 208
467 362
180 305
254 254
419 321
23 321
9 423
400 79
405 423
270 198
330 249
435 265
416 23
132 264
154 23
76 332
326 480
359 428
474 378
455 136
59 136
138 429
185 275
358 203
0 495
41 496
74 444
113 372
321 321
300 198
338 490
379 491
186 96
277 214
318 23
15 214
423 39
161 39
166 383
226 434
430 429
388 203
313 29
351 321
406 220
483 440
276 147
157 455
494 40
480 142
22 230
495 450
267 34
131 173
222 291
244 50
271 153
152 461
325 389
399 338
380 96
110 235
397 265
30 471
487 158
198 55
277 348
101 122
106 466
128 225
240 466
256 410
402 235
489 389
214 184
269 56
307 348
482 349
210 415
232 174
292 225
94 240
176 50
420 410
84 461
384 164
21 112
174 354
339 421
437 175
225 292
376 461
68 308
150 118
375 236
461 10
317 231
129 180
167 472
220 298
201 56
238 123
329 241
254 67
419 134
83 185
157 134
231 83
270 11
495 129
137 421
62 247
95 195
136 196
400 242
336 257
74 257
449 134
192 478
335 32
16 252
203 78
315 319
488 247
465 263
418 417
215 88
321 484
385 499
13 139
197 448
257 499
48 325
122 274
103 32
199 494
273 443
254 201
386 320
45 27
196 196
13 489
175 258
323 156
340 325
400 376
224 150
298 99
399 151
437 443
352 335
52 43
164 284
112 94
263 263
466 33
108 325
242 325
402 48
355 202
407 392
467 443
140 48
167 151
43 115
483 387
464 145
194 284
221 387
64 403
408 213
482 162
237 331
292 38
22 177
462 449
121 156
195 105
43 465
464 495
276 444
340 459
265 285
3 285
176 213
38 279
126 126
373 3
491 224
202 121
256 357
278 116
181 183
167 285
220 111
327 8
10 301
385 178
142 228
197 127
12 347
45 295
67 54
482 296
383 290
424 291
286 357
368 167
115 475
260 75
265 419
56 245
116 296
19 363
437 122
456 364
165 188
206 189
439 168
433 353
70 301
144 250
92 60
204 301
245 302
226 60
414 111
295 419
331 76
28 75
107 368
160 194
44 19
393 173
178 19
257 312
255 239
350 476
97 30
157 81
65 492
440 369
2 143
136 143
141 487
208 19
287 312
309 71
116 430
212 138
132 374
352 148
30 97
401 10
117 251
356 267
433 487
205 71
413 20
418 364
242 138
385 446
11 205
434 308
219 154
258 82
122 221
461 441
6 46
275 436
420 36
24 36
425 380
464 308
497 256
175 205
496 31
265 98
251 200
41 390
397 25
490 216
176 26
302 165
57 334
112 41
282 452
304 211
417 88
133 329
205 205
31 52
380 206
242 272
333 390
369 47
448 340
434 442
470 99
468 26
406 114
10 114
371 93
101 232
409 385
483 334
307 108
386 401
64 350
163 329
259 37
498 53
162 104
272 272
327 171
365 463
189 237
137 47
288 216
378 109
94 350
195 402
281 176
266 53
271 397
436 464
68 68
469 412
320 289
471 458
70 114
218 12
204 114
283 407
148 182
186 474
487 402
299 351
123 125
257 125
26 192
466 464
199 120
237 412
61 186
451 341
253 356
324 7
403 300
114 197
193 490
425 59
452 192
94 484
229 120
267 412
377 18
147 495
117 64
260 372
53 79
111 249
493 351
322 469
391 74
437 419
74 367
338 413
241 480
139 203
199 254
221 13
226 357
102 321
162 372
201 300
294 491
32 491
2 90
29 193
62 141
141 434
180 362
479 429
416 80
495 373
476 131
206 270
95 439
492 75
208 316
342 316
92 141
245 383
36 209
96 260
471 137
182 34
187 378
247 429
300 255
333 203
486 445
236 270
310 219
263 373
337 322
318 80
139 337
488 491
353 266
334 24
489 312
291 327
387 35
268 343
307 271
119 220
191 96
292 148
325 96
435 456
168 112
420 333
79 40
170 158
304 158
147 174
320 102
261 461
396 97
184 214
225 215
10 61
390 282
128 282
161 230
279 451
348 56
499 225
424 51
140 292
489 446
179 220
291 461
387 169
82 287
290 236
329 164
114 10
210 472
158 282
191 230
457 349
195 349
176 107
93 72
211 293
285 242
35 67
433 113
111 62
144 10
14 129
126 370
199 67
278 360
226 170
369 478
350 236
47 427
102 134
88 236
162 185
215 11
275 62
82 421
142 472
291 6
403 247
480 467
306 314
303 16
308 360
60 258
117 11
287 422
39 320
111 196
171 247
148 263
247 242
30 207
434 68
164 207
310 32
428 253
144 494
372 129
289 94
316 197
393 417
178 263
464 68
340 32
4 83
119 33
270 202
305 196
76 336
222 161
230 22
326 484
460 484
261 274
226 438
279 264
427 162
413 264
430 433
182 331
256 280
237 38
214 54
219 398
142 151
290 49
408 270
193 116
270 336
311 337
457 162
443 264
135 111
272 382
420 280
271 157
1 296
309 449
362 275
73 172
114 173
147 121
36 290
89 116
209 218
262 44
341 337
338 39
376 331
128 229
315 55
375 106
91 347
144 173
80 188
107 291
167 342
65 65
371 337
445 286
269 60
348 353
408 404
480 280
210 419
345 55
248 122
357 65
422 460
114 307
458 117
174 358
475 286
497 45
347 286
474 61
116 353
262 178
410 76
19 420
192 348
68 312
70 358
317 235
160 251
146 353
242 61
13 9
371 471
269 194
48 195
273 313
328 20
23 138
162 482
60 205
324 251
272 61
2 200
384 302
136 200
328 370
116 487
303 313
437 313
476 241
35 498
434 15
164 154
117 308
342 426
15 31
53 323
70 492
144 441
414 302
488 251
240 149
353 26
129 318
242 195
32 385
333 313
355 72
219 211
406 37
483 257
27 391
421 318
443 77
324 385
365 386
351 488
425 437
29 437
62 385
340 329
422 139
399 155
397 82
490 273
154 324
209 31
112 98
188 93
432 453
31 109
17 211
430 380
181 53
186 397
423 340
404 98
307 165
348 166
64 407
177 284
402 402
383 160
457 109
135 58
234 37
272 329
360 176
115 345
63 155
189 294
290 346
362 222
191 340
287 48
75 165
154 458
228 407
19 233
487 109
343 330
469 469
293 243
394 295
53 2
493 274
355 340
47 187
33 289
126 480
410 239
160 64
161 474
109 284
296 110
7 7
125 228
158 176
311 418
484 346
426 341
151 136
2 13
494 475
326 110
56 249
438 351
452 249
19 367
437 126
456 368
352 18
431 311
453 70
394 429
72 378
414 115
262 475
358 183
385 316
164 317
197 265
236 193
370 193
86 434
447 413
488 414
161 19
199 311
226 414
391 481
28 429
129 481
159 131
214 30
250 249
272 8
76 96
425 250
103 199
442 419
276 127
340 142
377 209
325 19
330 363
154 137
192 429
302 35
319 204
57 204
282 322
433 491
106 96
298 266
36 266
160 332
187 435
247 486
374 261
11 209
186 210
184 137
332 35
48 276
122 225
409 255
274 30
312 322
124 271
177 97
242 492
388 317
286 40
313 143
189 107
194 451
290 159
367 379
330 497
22 344
94 220
57 338
401 148
73 282
207 282
155 92
260 108
31 56
110 349
471 328
75 328
493 87
130 35
209 328
300 446
299 221
373 170
10 118
411 462
423 287
161 287
353 457
427 406
375 216
311 231
350 159
88 159
216 344
329 221
45 462
292 339
366 288
56 62
454 108
271 401
357 175
208 52
361 294
347 396
452 412
149 411
493 221
262 288
410 186
52 478
470 237
186 478
128 473
301 401
139 73
204 468
278 417
80 432
179 411
248 16
280 463
151 83
255 406
268 79
97 197
479 299
157 248
206 140
285 433
319 17
305 119
16 16
136 310
20 135
395 12
474 305
171 304
224 130
437 423
69 27
96 130
160 145
335 146
321 248
333 73
374 74
164 264
122 38
199 258
221 17
226 361
331 377
465 377
64 33
69 377
160 495
440 320
442 366
254 315
307 141
18 38
441 141
78 89
157 382
243 156
330 310
25 428
99 377
228 33
272 305
35 392
131 100
84 254
422 249
212 439
246 23
36 213
113 433
223 39
209 141
261 331
131 450
411 275
413 321
44 454
85 455
140 162
219 455
332 332
43 229
235 399
288 33
329 34
389 85
210 342
265 49
297 496
8 393
457 219
443 321
267 95
341 44
211 163
230 213
285 112
288 383
422 383
147 178
399 399
347 209
72 4
89 173
493 34
322 152
470 50
277 409
299 168
101 183
450 337
128 286
202 235
241 163
279 455
218 179
350 106
451 158
156 240
142 342
216 291
255 219
348 410
408 461
45 409
463 168
56 9
116 60
360 420
382 179
459 399
132 4
362 466
436 415
477 416
136 123
174 415
77 482
378 410
433 117
75 409
264 308
245 66
377 185
93 426
225 353
352 128
486 128
31 487
72 488
369 482
451 292
143 139
316 67
407 185
49 477
123 426
219 134
26 493
370 303
196 123
330 123
151 380
99 190
76 206
287 426
323 83
361 375
111 200
59 10
455 10
496 11
36 26
41 370
96 77
449 195
261 144
352 262
300 72
342 483
15 88
20 432
428 257
358 427
427 32
432 376
430 303
335 443
27 98
333 370
489 129
236 437
217 195
406 94
411 438
483 314
142 21
97 278
441 88
289 448
159 375
324 442
76 340
24 150
136 391
340 386
422 196
325 263
77 161
476 432
154 381
209 88
300 206
112 155
487 32
225 32
390 99
166 391
293 166
430 437
429 212
392 330
101 346
87 448
183 156
274 274
255 32
177 341
163 443
366 48
135 115
152 469
399 346
3 346
460 33
341 341
170 459
68 182
54 284
128 233
147 475
169 234
260 352
293 300
31 300
466 228
493 331
331 3
391 54
88 53
332 413
49 290
426 48
255 166
26 306
375 460
408 408
447 336
311 475
23 8
9 110
479 59
484 403
498 301
440 296
63 346
495 3
285 193
425 173
458 121
227 188
400 116
116 357
377 132
363 234
93 373
449 8
338 177
117 178
455 173
166 70
242 65
280 357
333 183
371 475
481 81
183 424
310 199
444 199
34 301
194 24
364 435
345 193
424 486
50 245
124 194
270 19
349 312
462 189
159 188
62 255
84 14
115 81
6 323
419 492
490 143
127 91
495 487
266 435
38 19
263 137
376 14
298 323
432 323
335 390
355 76
429 25
71 317
448 267
406 41
423 210
124 328
105 86
499 205
289 395
237 205
13 497
388 374
286 97
272 199
103 390
63 25
216 267
381 334
55 349
305 497
341 154
57 395
492 323
357 98
469 339
72 114
182 282
130 92
283 334
295 159
107 108
299 278
373 227
450 447
49 103
87 395
257 52
158 46
473 57
63 159
211 57
306 294
168 360
229 47
266 114
458 284
149 468
493 278
123 186
315 356
301 458
447 283
199 181
350 350
80 489
28 299
289 74
294 418
27 74
440 243
63 293
151 140
269 361
2 17
479 356
83 356
243 79
303 130
398 367
453 74
433 361
284 238
410 377
143 33
449 305
247 356
481 28
472 474
310 146
386 141
28 433
372 243
391 485
275 310
219 378
310 496
2 151
76 100
29 254
120 372
180 423
328 321
457 142
132 382
173 383
159 485
305 310
57 208
497 480
309 429
432 270
302 389
126 163
409 259
235 106
427 276
485 254
316 445
406 338
103 337
82 214
307 332
329 91
403 40
105 383
457 276
479 35
286 394
456 51
473 220
285 169
271 271
323 461
155 96
260 112
399 456
493 91
52 348
470 107
225 276
412 102
49 50
109 101
274 168
353 461
86 117
278 287
102 61
406 472
252 5
348 467
45 466
81 123
86 467
477 123
306 241
424 462
405 220
498 411
454 112
398 180
475 400
246 348
58 297
452 416
171 174
314 482
262 292
410 190
148 190
113 169
352 185
123 133
236 10
488 231
240 129
331 247
102 195
220 416
275 123
280 467
393 344
257 483
365 16
158 477
273 427
229 128
234 472
99 247
159 298
324 365
346 124
359 359
474 309
264 499
224 134
358 134
352 319
453 371
434 129
186 27
263 247
450 73
87 21
279 191
129 432
393 478
71 427
140 32
236 494
423 320
386 438
119 94
124 438
94 37
286 207
272 309
420 207
136 448
84 258
459 135
170 32
73 99
78 443
339 218
325 320
314 161
415 213
203 330
376 258
106 397
283 444
316 392
198 336
184 438
406 285
348 280
334 382
389 89
105 330
135 172
121 274
249 459
290 460
271 218
422 387
100 336
213 213
190 229
341 398
322 156
363 157
38 397
225 223
266 224
472 100
155 393
188 341
315 116
320 460
17 459
278 234
33 403
107 352
332 470
280 280
123 296
104 54
97 14
484 460
65 476
173 9
35 75
76 76
384 229
497 106
134 54
208 3
309 55
347 347
438 465
460 224
190 363
171 121
0 239
165 306
169 425
144 368
143 143
129 245
242 122
280 414
333 240
71 240
183 481
332 15
370 307
48 256
444 256
409 235
194 81
254 132
446 302
344 25
349 369
13 420
435 143
462 246
443 4
252 436
286 20
272 122
420 20
24 20
475 481
134 188
496 15
138 307
265 82
303 374
330 477
339 31
416 251
127 148
113 250
132 492
187 199
453 318
38 76
230 246
304 195
133 313
284 482
186 324
258 200
48 390
381 41
372 487
119 41
105 143
485 364
196 261
388 431
61 36
84 205
276 375
4 441
40 98
105 493
138 441
3 216
94 334
443 488
131 401
244 278
390 103
395 447
417 206
31 170
110 463
209 442
126 407
107 165
82 108
87 452
197 58
202 402
334 329
26 176
12 278
424 222
387 340
329 335
287 109
292 453
264 125
303 53
41 53
473 464
147 479
282 115
336 351
294 125
354 176
333 53
371 345
71 53
145 2
257 243
370 120
12 412
122 18
125 289
424 356
275 233
27 131
118 249
495 7
250 176
365 126
398 74
213 294
287 243
56 310
42 412
243 136
330 290
233 357
319 131
21 474
95 423
185 316
166 74
110 142
148 434
220 310
335 260
352 429
85 85
123 377
34 305
409 182
120 79
334 8
69 491
413 301
499 75
215 316
201 418
316 368
349 316
8 23
118 383
462 193
346 18
351 362
442 480
115 85
120 429
153 377
194 378
6 327
18 152
4 254
367 306
152 152
138 254
495 491
99 491
267 75
117 316
170 142
208 434
376 18
106 157
496 312
133 260
298 327
284 429
96 378
261 445
374 322
167 29
198 96
203 440
277 389
406 45
334 142
402 276
350 86
121 34
162 35
253 153
406 395
387 153
404 322
276 322
367 440
389 199
116 40
195 333
360 400
459 379
230 327
271 328
436 395
110 410
58 220
75 389
283 338
126 354
165 282
198 230
280 40
390 400
472 210
334 276
26 123
12 225
375 277
350 220
181 411
162 169
253 287
234 45
290 354
135 416
229 51
382 293
19 241
343 338
431 185
155 287
320 354
58 354
111 180
185 129
460 334
245 180
298 6
336 298
14 247
363 401
396 349
418 108
96 57
335 73
486 242
434 52
337 119
278 478
129 355
201 231
5 319
440 247
388 57
141 365
494 483
273 484
405 411
479 360
270 186
308 478
344 135
421 355
443 114
173 253
136 371
117 129
497 350
323 197
37 365
185 263
133 73
14 381
110 89
127 258
187 309
209 68
247 360
448 84
236 201
53 494
92 422
226 422
353 197
391 489
413 248
124 145
129 489
163 73
242 366
316 315
481 382
140 89
145 433
313 17
478 84
115 32
142 135
23 443
119 151
124 495
297 423
94 94
319 212
368 74
84 315
1 280
496 259
380 84
58 33
113 494
472 23
293 280
301 141
31 280
12 38
237 156
179 151
65 49
101 460
156 167
142 269
257 219
408 388
7 44
482 337
67 95
292 213
8 454
484 383
281 54
308 157
24 398
84 449
473 224
211 224
288 444
357 49
436 342
174 342
265 460
339 409
223 234
171 44
264 235
281 404
314 352
410 60
52 352
93 353
299 229
338 157
90 55
188 398
293 414
447 100
125 49
364 65
47 358
253 234
426 162
467 163
197 302
81 127
442 106
172 245
232 296
97 71
83 173
121 465
231 71
446 225
479 173
382 240
368 342
473 358
285 307
477 477
282 9
323 10
309 112
264 369
303 297
453 241
282 359
337 66
411 15
15 15
428 184
488 235
218 374
166 184
47 492
201 178
242 179
316 128
27 25
118 143
104 245
197 436
257 487
217 122
172 379
194 138
254 189
4 14
441 15
57 25
227 436
400 364
474 313
422 123
496 72
339 88
399 139
110 36
471 15
113 307
154 308
434 133
38 133
117 426
131 324
337 200
15 149
428 318
376 128
128 26
293 93
298 437
413 195
466 21
204 21
11 380
181 37
258 257
10 155
29 205
43 103
48 447
392 257
445 83
161 324
216 31
312 493
23 390
50 493
498 94
140 386
200 437
272 313
2 452
362 206
59 205
191 324
287 32
399 273
89 47
126 114
73 453
147 402
394 279
167 273
318 442
385 166
445 217
156 114
274 335
306 58
311 402
383 278
24 345
362 340
494 459
475 217
347 217
89 181
400 43
479 336
19 351
0 109
239 125
417 397
90 2
320 464
301 222
356 121
488 48
171 341
336 408
69 64
74 408
10 423
407 59
44 7
71 110
257 300
315 470
296 228
120 2
102 362
275 290
349 239
421 115
104 408
403 475
326 228
419 419
4 177
37 125
479 470
212 126
251 54
490 70
187 69
431 429
30 85
164 85
169 429
222 255
208 357
282 306
304 65
337 13
20 306
111 424
185 373
205 59
69 198
143 147
256 24
486 486
85 142
489 3
29 18
409 239
199 429
408 14
124 255
210 29
196 131
13 424
402 199
440 491
214 148
252 440
286 24
365 317
24 24
103 317
323 91
191 137
230 250
304 199
54 24
188 24
36 384
91 91
355 137
107 35
337 497
371 81
409 373
413 492
12 148
50 440
485 368
402 333
61 40
406 452
387 210
65 159
18 343
40 102
463 205
482 447
213 30
378 97
457 390
368 318
68 56
417 210
155 210
246 328
301 35
130 153
209 446
295 220
445 164
274 282
301 385
86 231
466 452
158 107
80 416
372 36
498 175
179 395
313 395
13 103
252 119
141 288
232 406
116 231
176 282
382 350
19 298
60 299
46 401
384 396
134 221
246 462
282 119
89 478
185 186
317 113
14 304
11 6
486 299
145 6
310 73
296 175
409 52
240 243
28 360
465 361
143 310
129 412
294 479
13 237
178 304
329 473
365 130
81 371
29 181
442 350
306 489
276 58
309 6
18 22
9 468
400 124
229 242
270 243
490 17
132 309
495 361
154 68
319 135
30 32
35 376
95 427
379 186
170 12
304 12
395 130
37 422
474 423
205 6
358 248
113 417
182 22
261 315
300 243
374 192
453 485
337 310
428 428
488 479
188 187
331 495
413 305
143 444
430 474
289 269
163 130
237 79
242 423
311 28
407 490
388 248
104 489
318 418
406 265
175 140
216 141
254 433
193 157
8 377
416 202
495 495
420 321
57 269
134 489
189 388
436 265
59 315
174 265
246 141
251 485
58 90
471 259
396 85
33 33
126 224
186 275
401 429
375 147
204 265
402 280
28 39
489 434
181 281
29 449
156 224
255 203
408 445
292 270
383 388
98 404
79 162
459 383
192 39
343 208
59 449
147 296
496 450
155 157
77 466
378 394
0 219
126 358
51 184
150 163
26 127
447 157
139 4
125 106
273 4
278 348
47 415
28 173
354 343
426 219
197 359
238 168
269 235
7 235
444 236
494 353
480 455
194 61
232 353
306 302
61 471
135 420
231 128
46 348
421 225
151 364
305 50
35 189
134 168
222 15
287 410
309 169
37 235
190 477
298 10
96 61
247 230
335 77
300 56
203 123
236 71
263 174
342 467
411 72
430 287
44 251
388 61
197 493
296 472
365 77
43 26
276 5
345 364
419 313
196 241
60 380
435 257
154 15
309 303
326 472
73 26
55 386
397 123
490 314
448 88
90 380
164 329
184 15
279 252
353 201
110 443
108 370
278 27
316 319
181 94
313 21
292 83
462 494
443 252
73 160
251 432
320 37
339 279
399 330
77 279
416 499
264 105
341 325
38 324
376 319
147 459
177 109
223 454
451 89
88 37
385 223
482 341
259 269
42 42
121 335
327 403
234 212
65 403
421 38
362 397
40 346
95 53
339 413
3 464
89 238
171 48
262 166
363 218
0 166
79 459
225 284
247 43
417 454
169 352
260 470
92 105
171 398
33 464
143 70
201 48
294 239
467 167
386 178
102 419
289 245
5 486
137 413
173 70
324 239
2 188
384 290
175 116
254 409
78 183
116 475
190 424
231 425
243 250
14 198
55 199
325 60
358 8
454 470
302 76
131 194
222 312
277 19
411 19
428 188
317 357
358 358
129 306
182 132
385 491
333 301
434 353
310 317
312 363
334 122
9 362
45 19
441 19
482 20
215 430
311 138
344 86
349 430
99 255
360 30
2 322
425 425
62 373
98 30
497 301
268 441
362 76
229 486
77 92
438 71
319 379
314 35
79 138
277 153
450 81
92 373
353 148
358 492
394 149
182 266
130 76
145 384
186 385
184 312
48 451
450 431
109 138
307 153
348 154
353 498
64 395
45 153
124 446
447 133
177 272
140 390
200 441
286 215
234 25
65 216
115 333
287 36
325 328
452 103
456 222
266 98
271 442
417 267
147 406
493 262
218 57
223 401
295 277
33 277
220 103
51 294
109 272
296 98
12 339
67 46
172 62
484 334
275 160
65 350
172 412
366 463
378 288
400 47
0 113
41 114
55 12
93 304
379 109
384 453
58 468
359 396
455 104
317 170
358 171
239 479
434 166
150 407
444 130
488 402
120 6
199 299
372 227
102 366
65 484
426 463
462 120
324 186
351 289
81 428
464 166
249 12
419 423
400 181
42 473
330 351
435 367
416 125
132 366
192 417
420 244
136 485
309 413
395 187
284 356
279 12
36 254
17 12
397 233
108 130
300 300
355 7
210 33
256 378
118 444
406 322
120 490
6 388
367 367
441 316
78 264
105 367
191 141
251 192
330 485
438 18
272 480
98 327
131 275
323 445
293 44
380 198
17 146
58 147
96 439
374 383
434 434
470 91
184 259
445 34
49 34
450 378
334 203
26 50
64 342
163 321
402 337
80 286
214 286
5 112
43 404
404 383
307 450
480 378
158 327
383 445
94 342
195 394
281 168
285 287
271 389
431 112
155 214
322 327
487 394
321 102
352 169
49 168
241 338
317 333
350 281
88 281
162 230
27 5
440 174
104 225
178 174
329 343
403 292
351 102
172 359
328 118
56 184
135 477
243 10
368 456
159 282
192 230
319 5
224 118
14 308
437 411
110 16
127 185
160 133
206 478
374 62
122 26
409 56
139 195
125 297
485 51
32 483
118 257
291 185
122 376
404 62
194 252
175 10
216 11
307 129
446 473
78 77
152 26
480 57
289 489
173 314
272 293
2 432
76 381
57 139
305 241
230 67
436 135
474 427
205 10
397 180
302 320
300 247
277 263
337 314
390 140
376 242
87 139
226 483
205 360
427 207
17 309
44 442
355 304
481 443
179 78
313 78
318 422
29 319
464 247
142 196
255 73
367 314
100 320
265 387
251 489
320 94
77 336
127 453
176 315
374 330
203 448
239 105
225 207
277 397
390 274
376 376
68 223
109 32
188 325
320 444
394 393
380 495
17 443
447 27
144 218
47 285
107 336
197 229
269 105
389 207
482 398
494 223
172 172
424 393
9 151
162 393
195 341
19 115
24 459
46 218
285 234
357 110
384 213
213 331
433 105
262 223
336 172
449 49
239 239
352 116
472 218
218 301
204 403
369 470
129 229
468 449
316 55
354 347
407 173
393 275
310 240
81 188
483 168
254 116
6 14
275 404
60 250
420 4
84 55
117 3
222 19
208 121
37 239
298 14
228 184
16 301
453 302
38 60
164 199
428 245
450 4
358 415
391 363
413 122
427 20
129 363
85 256
489 117
296 476
444 374
48 374
34 476
423 251
409 353
483 302
441 76
482 77
196 245
344 143
297 297
22 92
173 261
24 138
84 189
497 358
323 205
400 425
4 425
133 81
55 390
36 148
471 76
149 25
401 246
117 487
487 20
203 261
293 154
432 498
31 154
110 447
182 323
33 200
71 492
489 251
468 128
184 369
280 77
142 143
221 436
408 262
158 87
163 431
457 154
462 498
272 374
360 221
24 272
368 82
1 288
436 216
114 165
193 458
213 144
251 436
325 385
378 211
452 160
75 210
264 109
341 329
322 87
52 226
192 206
338 31
128 221
260 340
414 26
317 93
47 232
470 335
167 334
198 401
32 109
49 278
197 176
183 278
257 227
255 154
296 155
7 52
122 2
177 463
498 289
88 391
5 356
63 334
178 284
211 232
477 351
475 278
227 176
39 125
326 155
479 397
377 120
41 171
150 114
359 453
317 227
391 176
143 74
468 396
197 310
150 464
370 238
235 13
364 423
372 284
465 475
270 7
275 351
13 351
421 176
173 74
200 177
477 485
62 243
189 18
180 464
419 480
400 238
157 480
243 254
224 12
41 305
401 59
203 74
208 418
263 125
277 23
282 367
284 413
353 18
96 362
471 239
30 496
448 255
85 203
10 29
409 300
45 23
196 192
237 193
289 383
13 485
388 362
484 70
121 18
365 378
387 137
340 321
441 373
119 322
105 424
243 388
191 198
270 491
22 389
490 265
94 265
267 193
360 384
415 91
57 383
93 40
117 434
222 450
244 209
422 481
147 276
380 255
72 102
397 424
466 29
493 132
223 271
52 389
126 338
371 142
376 486
109 142
257 40
364 102
102 102
63 147
67 266
480 435
61 451
42 209
438 209
473 395
192 153
305 30
147 410
169 169
241 45
359 266
493 266
185 113
218 61
336 282
317 40
487 451
32 56
412 277
49 225
393 35
424 287
50 46
294 406
27 62
65 354
403 349
62 56
180 277
116 292
308 462
60 360
421 339
192 287
266 236
285 478
453 62
134 282
342 231
395 57
474 350
92 56
166 5
298 124
14 365
110 73
127 242
486 360
150 411
236 185
411 186
34 236
427 130
69 422
143 371
129 473
25 123
214 22
29 242
103 191
404 119
442 411
194 309
328 309
243 201
196 355
2 489
420 248
134 416
222 263
244 22
469 140
73 140
59 242
36 258
58 17
96 309
449 427
223 84
374 253
448 202
38 304
390 197
376 299
87 196
177 89
313 135
43 274
119 269
100 27
105 371
141 28
306 95
121 315
195 264
281 38
360 331
415 38
285 157
422 428
458 85
133 325
224 443
265 444
283 269
341 439
74 95
468 22
277 454
390 331
101 228
412 90
86 105
144 275
177 223
253 218
216 336
232 280
254 39
345 157
60 173
72 183
359 213
75 454
111 111
149 403
474 163
52 470
165 347
225 398
321 106
263 101
391 286
407 230
481 179
178 178
370 348
7 296
67 347
194 122
254 173
6 71
326 49
83 291
234 460
308 409
41 65
435 184
76 251
497 281
287 471
37 296
460 399
496 56
138 348
229 466
110 20
165 481
352 307
11 14
434 117
53 425
87 9
226 353
427 77
32 487
236 482
258 241
318 292
142 66
124 426
196 302
22 149
8 251
27 493
421 420
25 420
443 179
195 77
272 297
400 482
4 482
152 380
224 256
347 67
89 31
127 323
438 185
223 31
57 493
492 421
299 26
390 144
68 93
31 211
182 380
295 257
429 257
489 308
483 493
87 493
329 26
480 195
306 42
121 262
234 139
346 380
285 104
389 427
422 375
475 201
287 150
347 201
75 267
338 88
260 397
331 48
5 63
354 217
104 42
109 386
408 453
12 453
461 279
442 37
199 279
424 397
498 346
102 346
88 448
60 120
403 459
2 115
76 64
378 402
190 351
176 453
212 110
281 469
377 177
41 228
449 53
187 53
431 413
68 361
144 356
130 458
240 64
331 182
148 475
430 161
310 244
461 413
483 172
120 120
199 413
268 18
221 172
270 64
118 424
233 182
365 301
103 301
497 228
56 485
228 188
266 480
379 357
131 255
263 182
20 424
376 59
54 8
188 8
224 419
298 368
284 470
413 126
333 362
33 70
198 137
310 378
392 188
34 480
381 29
334 183
64 322
482 81
499 250
311 199
297 301
383 75
66 368
387 194
103 435
84 193
78 378
100 137
22 446
55 394
399 204
116 81
190 30
420 492
225 24
357 143
68 40
147 333
133 435
455 486
496 487
320 261
70 86
182 327
410 154
52 446
126 395
396 256
167 204
390 441
235 338
499 384
297 435
82 446
156 395
137 153
211 102
252 103
459 204
250 30
288 322
191 389
227 46
77 287
452 164
479 267
308 385
382 334
437 41
41 41
132 159
439 87
169 226
282 103
342 154
130 271
391 46
198 405
239 406
49 282
241 452
310 57
7 56
139 175
391 396
465 345
50 103
124 52
349 170
13 221
426 390
462 47
76 11
419 350
152 6
454 344
132 293
324 463
398 412
458 463
492 47
260 478
37 406
298 181
14 422
74 473
430 108
160 247
471 109
412 468
85 73
161 68
372 288
143 428
124 186
499 63
201 406
289 253
291 299
194 366
290 74
6 315
340 191
463 2
191 68
265 17
55 207
168 84
233 479
305 355
20 371
284 417
358 366
380 125
449 484
471 243
261 433
209 243
314 259
295 17
10 33
371 12
279 423
427 321
482 28
177 146
182 490
256 439
402 264
388 366
88 74
162 23
214 213
179 192
217 484
327 90
387 141
29 433
216 259
482 378
22 393
366 203
77 100
94 269
346 490
459 367
288 485
436 383
491 90
169 39
339 450
320 208
89 275
438 429
171 85
410 101
74 152
186 393
487 321
146 28
54 439
491 440
202 337
183 95
348 162
130 434
498 106
451 260
162 157
354 327
445 445
104 152
329 270
463 270
158 388
213 95
306 286
498 456
116 162
473 399
206 55
357 224
343 326
21 275
208 101
72 240
58 342
187 163
225 455
266 456
16 281
150 281
296 106
26 245
375 399
34 106
414 327
240 174
28 291
50 50
129 343
178 235
252 184
238 286
405 399
446 400
308 466
344 123
349 467
476 50
117 117
227 477
39 426
340 354
185 251
432 128
41 472
437 472
187 297
338 466
448 72
85 20
453 416
53 482
202 16
91 185
481 370
80 26
71 472
140 77
489 231
179 5
318 349
43 144
404 123
23 431
367 241
232 16
8 308
443 236
173 375
398 493
420 252
189 319
249 370
271 129
133 195
36 262
416 483
302 381
469 494
166 493
274 26
278 145
33 314
489 365
88 21
10 330
392 432
423 499
478 206
482 325
119 273
463 83
457 268
443 370
286 386
308 145
19 42
24 386
84 437
368 196
189 453
40 330
287 207
359 83
438 376
190 274
171 32
264 223
363 202
38 442
79 443
126 289
165 217
343 489
486 43
150 94
91 453
88 155
468 376
179 273
10 464
44 48
444 167
81 115
67 217
199 336
364 403
9 212
5 470
60 177
114 413
475 392
361 290
309 100
262 284
303 285
284 43
454 454
187 110
30 126
439 331
164 126
356 296
317 341
391 290
430 218
146 459
215 64
256 65
44 182
85 183
123 475
236 352
332 60
268 75
97 193
344 70
60 311
25 290
173 188
159 290
233 239
250 408
326 403
59 59
138 352
265 127
41 419
168 194
448 19
52 19
57 363
117 414
331 373
358 476
466 9
108 301
242 301
295 127
219 317
87 363
120 311
257 20
23 378
119 86
158 14
360 148
365 492
76 389
288 245
496 194
138 486
366 313
314 153
38 255
230 425
202 97
320 318
394 267
17 317
58 318
91 266
70 143
278 92
33 261
126 452
253 35
220 87
354 87
390 498
101 395
87 497
161 446
296 82
405 25
9 25
179 436
285 108
389 431
21 35
114 226
458 36
153 154
366 447
42 323
116 272
79 390
454 267
239 113
16 41
439 144
356 109
70 277
322 498
33 395
148 345
280 272
10 411
335 171
32 170
123 288
296 216
26 355
370 165
273 232
364 350
312 160
386 109
372 211
157 57
248 175
118 294
252 294
233 52
238 396
365 171
141 463
268 238
4 165
460 216
479 458
251 42
266 350
35 417
169 417
356 243
20 294
284 340
410 479
261 356
335 305
407 181
434 284
184 109
440 479
44 479
351 407
29 356
175 181
249 130
254 474
290 131
56 489
191 125
344 367
77 23
435 485
476 294
173 485
415 18
249 480
323 429
133 305
293 28
36 372
182 197
448 316
470 75
186 316
318 243
371 69
353 429
413 480
91 429
485 356
424 80
121 79
162 80
286 146
478 316
271 23
40 90
389 244
100 141
141 142
477 91
480 362
251 310
339 157
347 18
452 34
492 372
73 388
417 198
347 368
89 332
471 434
223 332
418 19
165 327
51 225
371 203
125 147
424 214
372 24
387 332
65 281
216 450
255 378
193 466
475 152
254 153
287 101
328 102
116 219
248 338
93 235
46 389
211 456
357 281
343 383
384 384
95 281
134 209
356 56
70 224
262 394
363 446
0 394
148 292
335 118
412 338
472 389
34 163
122 10
273 179
226 333
64 5
50 107
124 56
451 451
269 410
76 15
180 338
254 287
6 185
345 405
326 163
56 302
367 164
479 405
138 112
229 230
41 179
490 5
359 461
395 118
400 462
106 15
496 170
138 462
14 426
74 477
418 287
96 236
182 10
321 354
352 421
300 231
374 180
85 77
71 179
164 370
434 231
236 246
184 56
353 242
69 483
44 426
462 185
103 252
483 473
115 77
276 180
381 196
193 145
191 72
435 432
154 190
76 499
57 257
368 119
496 304
298 319
284 421
58 78
302 438
314 263
374 314
401 417
38 365
74 22
202 207
279 427
17 427
177 150
350 78
355 422
424 27
140 268
181 269
253 145
404 314
82 263
156 212
104 22
334 484
105 432
405 135
443 427
1 459
58 212
89 279
176 433
165 274
431 393
49 99
188 443
70 387
493 490
317 264
451 264
280 382
82 397
197 347
238 156
370 275
7 223
351 33
403 223
444 224
447 495
328 49
364 460
229 43
132 110
211 403
233 162
250 331
324 280
384 331
458 280
20 54
326 326
37 223
111 172
0 341
96 49
165 408
321 167
38 44
241 403
263 162
215 121
201 223
333 342
393 393
467 342
217 167
406 66
268 132
4 59
9 403
45 60
124 353
330 229
457 4
250 465
324 414
420 122
131 19
189 189
326 460
37 357
422 168
436 66
460 460
212 358
397 111
127 250
75 60
302 251
314 76
30 317
131 369
186 76
492 348
188 122
427 138
69 430
17 240
430 409
256 256
316 307
85 374
258 302
313 9
318 353
445 128
221 420
386 487
482 195
494 20
402 431
383 189
443 240
484 241
24 256
323 323
276 477
1 272
18 441
73 148
496 251
287 77
347 128
490 436
168 385
154 487
302 385
262 20
341 313
54 256
128 205
293 272
241 82
58 375
91 323
182 441
429 318
184 487
82 210
269 36
334 431
67 87
141 36
177 447
158 205
162 324
60 47
65 391
211 216
285 165
384 144
361 160
77 401
433 36
438 380
460 139
336 103
343 493
417 442
394 458
166 42
148 402
280 329
123 345
145 104
178 52
48 171
34 273
180 98
234 334
27 233
159 160
351 330
189 2
213 396
378 463
56 412
4 222
111 119
190 412
251 99
132 407
302 64
319 233
401 43
169 474
356 300
455 279
185 418
353 2
143 192
96 346
242 171
85 187
164 480
310 305
337 408
318 166
270 125
297 228
462 295
484 54
365 362
351 464
84 120
478 239
497 289
1 85
6 429
367 408
59 63
265 131
251 233
303 423
399 131
490 249
438 59
305 469
401 177
38 125
304 244
15 141
20 485
376 120
417 121
59 413
450 69
469 311
17 187
110 378
397 408
204 13
11 372
47 29
355 182
434 475
167 131
198 198
411 491
183 75
12 193
91 486
158 18
80 327
313 306
387 255
103 496
115 321
63 131
189 270
290 322
18 388
174 147
480 419
265 265
366 317
3 265
116 142
436 497
68 101
73 445
491 204
207 445
394 271
433 199
283 440
295 265
33 265
148 215
299 384
354 91
51 282
123 158
274 327
301 430
334 378
447 255
177 394
278 446
61 219
446 30
234 147
313 440
5 287
104 266
425 92
62 40
254 210
378 276
132 220
476 30
305 148
361 457
245 282
432 108
220 225
32 174
337 221
414 441
440 349
214 6
444 468
29 226
497 102
175 51
18 67
400 169
138 169
243 185
330 339
41 236
127 10
228 62
117 231
134 400
323 299
474 468
397 221
127 360
108 118
223 68
261 360
283 119
335 309
300 288
11 185
434 288
126 135
186 186
337 355
48 252
64 196
201 467
242 468
297 175
402 191
25 241
80 140
462 242
291 360
272 118
365 309
6 376
494 130
330 473
22 320
77 27
341 73
1 382
357 17
469 258
417 68
496 361
31 32
89 202
471 304
336 79
410 28
15 438
445 22
54 366
128 315
293 382
301 243
427 382
177 207
259 17
140 325
464 422
178 28
238 79
255 248
67 197
105 489
195 382
360 449
368 310
362 495
436 444
73 392
496 495
260 218
397 489
89 336
438 490
493 197
223 336
176 490
418 23
373 280
109 207
241 326
315 275
34 33
447 202
273 49
226 203
317 321
391 270
28 218
465 219
253 336
5 234
385 455
44 162
156 403
217 90
291 39
67 331
248 342
303 49
60 291
285 409
398 286
62 337
439 95
153 455
497 265
282 111
342 162
20 111
400 332
433 280
474 281
59 39
377 348
358 106
0 398
96 106
16 342
356 410
413 163
256 179
316 230
13 229
407 348
140 4
219 297
103 122
483 343
119 66
270 235
421 404
154 60
346 230
57 127
304 4
4 466
251 343
36 189
110 138
314 133
131 426
225 61
376 230
450 179
128 128
293 195
301 56
427 195
182 364
80 87
181 139
214 87
29 307
122 498
156 82
255 61
408 303
172 26
297 472
435 436
121 246
195 195
420 313
46 72
175 482
285 88
323 380
436 257
147 154
458 16
251 477
490 493
94 493
300 369
336 26
487 195
373 93
376 364
293 329
241 139
91 380
177 154
179 200
220 201
467 78
109 370
183 319
197 217
444 94
158 262
292 262
405 139
286 447
473 273
40 391
477 392
136 99
497 78
309 27
378 386
89 283
111 42
176 437
245 42
437 212
417 499
164 53
301 324
375 273
70 391
218 289
204 391
391 217
148 459
129 217
468 437
201 93
321 387
257 402
310 228
26 469
351 37
392 38
139 346
125 448
172 294
180 155
483 156
345 222
231 120
201 443
250 335
114 474
134 160
287 402
56 469
460 330
212 228
449 171
282 408
263 166
376 43
414 335
240 182
226 284
143 249
129 351
489 105
291 120
120 238
161 239
221 290
45 64
124 357
402 301
383 59
462 352
61 8
99 300
214 250
291 470
459 54
464 398
276 347
4 413
78 362
59 120
100 121
325 239
476 408
453 424
356 491
68 24
147 317
202 24
207 368
320 245
110 435
397 465
130 121
256 260
85 378
71 480
112 481
429 188
167 188
468 116
280 65
109 183
348 199
386 491
499 368
480 126
462 486
162 194
195 142
327 261
308 19
137 137
477 205
347 132
416 491
168 389
176 250
165 91
128 209
155 312
31 276
58 379
70 204
108 496
204 204
369 271
198 389
10 338
123 215
310 41
12 384
48 41
125 261
498 277
179 497
349 154
65 395
477 339
458 97
67 441
56 282
132 277
192 328
417 446
226 97
69 113
146 333
150 452
310 175
26 416
411 227
386 170
102 411
25 164
76 129
189 6
194 350
4 226
138 226
303 293
55 191
495 463
206 360
20 355
284 401
358 350
394 7
36 299
17 57
110 248
397 278
187 468
71 293
145 242
203 412
184 170
263 463
277 361
310 309
332 68
423 186
409 288
353 356
386 304
64 253
12 63
237 181
27 371
484 58
200 299
286 73
115 191
441 361
45 361
193 259
243 376
383 356
457 305
438 63
228 253
360 372
19 79
57 371
79 130
244 197
431 23
59 417
169 23
155 125
260 141
339 434
399 485
314 377
11 376
126 326
167 135
487 305
198 202
258 253
15 495
385 28
348 146
461 23
125 74
237 315
364 90
350 192
429 485
61 89
66 433
426 187
156 326
252 34
477 152
114 100
67 254
119 444
158 372
405 249
368 367
211 383
73 449
384 311
169 157
320 326
72 224
452 445
245 152
336 270
322 372
14 219
47 167
146 146
239 337
321 147
371 264
123 162
109 264
164 163
241 383
301 434
26 229
370 39
375 383
34 90
411 40
139 106
218 399
273 106
350 326
162 275
354 445
178 219
365 45
7 337
389 439
268 112
419 281
138 39
382 399
21 393
458 394
208 219
309 271
474 338
96 163
113 332
239 471
247 332
51 420
219 4
15 174
48 122
122 71
488 394
427 118
50 168
462 112
43 128
425 230
180 399
367 225
4 173
105 225
270 292
8 292
98 185
131 133
497 456
230 112
474 472
152 421
207 128
246 56
449 415
490 416
38 292
126 139
164 431
186 190
428 477
161 133
31 252
50 302
91 303
375 62
350 5
429 298
219 488
29 364
389 118
119 257
67 67
141 16
158 185
366 134
435 493
479 11
121 303
286 370
308 129
341 77
24 370
323 437
357 21
77 381
149 257
223 206
302 499
264 207
262 134
322 185
38 426
390 319
371 77
491 371
274 144
53 145
86 93
204 314
429 432
470 433
253 206
306 217
424 438
248 212
19 160
421 140
192 88
35 104
114 397
174 448
89 340
116 443
171 150
212 151
146 93
51 233
431 454
169 454
375 330
125 155
391 274
220 392
201 150
294 341
118 115
217 94
81 233
34 387
120 161
97 177
231 177
243 2
173 172
324 341
346 100
136 290
111 233
490 229
206 470
314 3
434 105
282 465
263 223
353 116
69 357
44 300
429 111
66 59
258 229
122 368
142 54
276 54
6 193
307 121
18 18
9 464
64 363
124 414
482 122
196 290
22 137
402 358
388 460
324 475
62 475
464 455
230 59
400 470
474 419
59 177
147 24
174 127
496 178
246 3
36 193
380 3
438 173
176 173
492 409
202 81
205 352
394 251
471 471
163 126
209 471
80 91
33 245
181 143
167 245
198 312
423 430
87 481
408 307
482 256
86 256
311 374
80 441
84 368
478 487
459 245
63 245
151 92
1 333
384 71
100 312
361 87
267 425
336 30
415 323
401 425
93 272
74 30
225 199
343 420
95 318
439 128
155 369
260 385
380 487
493 364
278 210
369 328
451 138
371 374
49 323
12 441
172 164
405 143
484 436
234 261
308 210
426 431
99 36
329 498
67 498
153 272
39 170
479 442
281 457
363 267
113 92
305 262
185 345
317 272
321 391
32 288
481 114
197 355
125 452
199 401
161 109
6 6
50 278
297 155
200 222
425 340
84 47
254 458
326 334
4 283
97 474
231 474
229 401
127 124
206 417
341 53
117 345
203 119
376 47
92 288
432 356
380 166
17 114
448 300
85 248
33 58
434 402
371 53
101 192
445 2
274 120
334 171
408 120
215 479
196 237
297 289
457 12
286 130
327 131
29 474
103 423
404 351
115 248
63 58
137 7
189 197
276 351
288 176
18 315
477 75
463 177
149 17
228 310
341 187
93 85
79 187
117 479
454 64
170 305
225 12
266 13
431 80
469 372
59 474
207 372
320 249
380 300
72 147
70 74
108 366
223 316
314 434
52 434
126 383
220 18
188 480
31 496
499 372
158 79
273 29
61 146
498 147
200 490
308 23
349 24
478 434
151 39
137 141
475 136
480 480
191 377
306 327
479 255
368 424
93 219
437 29
285 389
266 147
68 162
379 24
417 316
260 332
218 106
264 451
262 378
322 429
358 86
470 327
487 496
412 322
123 219
472 373
409 24
215 158
253 450
327 399
25 34
63 326
178 276
329 445
194 220
340 45
56 286
441 97
474 45
206 230
233 333
357 399
30 4
21 450
136 400
169 348
492 35
282 225
356 174
72 415
133 102
298 169
410 410
110 118
471 97
146 337
321 338
352 405
236 230
337 282
318 40
122 128
201 394
275 343
289 241
66 169
214 67
115 61
120 405
175 112
180 456
254 405
276 164
290 62
419 472
325 56
399 5
8 349
435 416
416 174
154 174
20 359
147 134
152 478
496 288
205 112
325 406
449 472
228 473
52 247
470 6
161 190
427 309
17 411
50 359
316 478
88 62
200 303
327 78
426 57
156 196
307 365
389 175
463 124
100 72
141 73
306 140
405 119
135 258
195 309
456 84
323 494
35 27
58 196
359 124
89 263
433 73
149 314
130 72
264 264
295 139
300 483
336 140
374 432
74 140
468 67
198 206
277 499
385 32
376 478
101 273
128 376
293 443
461 27
447 129
350 196
107 438
88 196
167 489
201 73
63 139
197 331
351 17
119 448
389 309
477 156
259 428
345 202
42 201
479 202
368 371
60 218
456 218
132 94
192 145
324 264
357 212
114 454
39 280
75 499
474 208
190 449
245 156
262 325
199 161
465 280
388 33
7 341
81 290
29 100
34 444
307 44
23 285
243 59
308 454
319 54
360 55
398 347
117 105
497 326
340 342
59 100
133 49
152 291
314 60
352 352
30 301
374 111
85 8
126 9
448 60
414 449
226 398
331 414
256 240
355 219
467 460
71 460
145 409
489 219
310 476
386 471
441 178
193 76
383 173
457 122
168 19
173 363
285 15
340 476
474 476
496 235
174 184
380 60
89 76
75 178
154 471
283 127
299 71
390 189
68 138
128 189
166 481
293 256
413 358
12 14
466 184
163 183
429 302
451 61
258 420
332 369
354 128
423 487
82 194
156 143
348 313
389 122
177 431
457 256
405 66
42 14
135 205
360 323
421 10
343 127
155 76
265 436
3 436
433 20
75 312
377 88
363 190
74 87
412 82
486 31
90 31
315 149
144 267
355 487
102 41
88 143
129 144
143 42
451 195
179 261
445 380
269 154
348 447
26 396
370 206
444 155
447 426
180 82
273 273
23 98
498 391
88 493
157 98
211 334
398 160
35 108
62 211
136 160
39 227
37 154
460 257
152 104
185 52
229 324
262 272
127 47
132 391
247 149
35 458
16 216
68 406
412 216
342 386
432 279
392 99
120 165
97 181
118 469
462 279
173 176
252 469
189 120
268 413
39 361
59 47
303 407
302 182
300 109
439 453
186 7
222 418
203 176
15 125
188 53
353 120
380 223
96 464
295 115
448 357
181 13
219 305
468 43
184 284
122 372
409 402
386 418
124 418
485 397
237 295
388 464
140 362
2 428
115 305
211 13
276 408
174 131
191 300
94 367
176 177
225 69
299 18
357 188
395 480
147 378
246 357
58 306
108 423
317 8
47 147
33 249
126 440
354 75
371 244
197 91
202 435
274 311
408 311
177 378
163 480
402 496
484 306
234 131
308 80
382 29
362 316
62 24
67 368
452 209
42 311
190 209
264 158
281 327
267 429
132 204
170 496
342 199
53 96
144 214
396 435
472 430
145 35
150 379
26 343
444 102
199 271
273 220
345 96
424 389
23 45
215 215
426 435
159 91
238 384
365 159
444 452
81 400
425 210
134 34
268 226
345 446
4 153
157 395
19 461
363 271
456 462
416 97
154 97
222 231
282 282
20 282
433 451
111 400
133 159
171 451
96 277
448 170
90 462
486 462
145 169
186 170
296 338
48 236
34 338
101 62
199 405
210 5
163 159
349 349
388 277
200 226
43 242
189 67
175 169
249 118
326 338
422 46
193 186
243 303
22 304
476 282
173 473
267 108
360 299
84 401
376 51
279 118
284 462
358 411
91 67
182 185
85 252
33 62
186 304
332 129
312 416
297 293
462 360
253 186
43 376
288 180
45 422
135 315
176 124
230 360
362 479
21 186
54 134
95 135
491 135
298 494
320 253
301 11
36 494
342 12
89 320
471 422
130 129
314 438
336 197
112 489
198 263
321 74
350 253
403 264
463 315
475 140
328 90
234 428
473 444
151 393
95 269
169 218
213 490
287 439
70 212
264 455
410 280
96 90
160 105
393 84
123 223
486 275
409 28
166 270
372 146
451 439
143 286
294 455
440 280
25 38
467 383
219 281
291 157
425 157
29 157
442 326
172 465
120 275
328 224
419 342
105 152
476 95
35 352
76 353
379 162
136 404
469 55
207 55
224 224
36 173
449 342
283 50
300 219
85 65
71 167
376 214
488 455
166 404
221 111
279 281
312 229
50 229
124 178
143 420
499 55
316 348
297 106
85 415
214 71
217 342
291 291
478 117
82 117
307 235
45 235
482 236
480 163
457 179
154 178
233 471
382 5
420 297
98 246
115 415
147 138
246 117
339 308
89 133
168 426
149 184
471 235
33 9
74 10
373 77
87 245
472 56
205 466
375 123
316 482
355 410
429 359
162 15
167 359
253 133
406 375
354 185
142 302
403 77
7 77
40 25
480 297
292 246
366 195
345 72
498 314
42 71
234 241
346 482
19 87
93 36
459 359
151 206
362 426
496 426
174 375
265 493
339 442
3 493
111 26
264 268
281 437
336 144
437 196
79 488
146 20
51 160
486 88
90 88
31 447
428 83
493 478
201 77
252 42
255 313
370 263
153 36
196 83
349 325
330 83
8 32
63 493
238 494
136 217
400 263
212 212
437 330
74 278
454 499
113 206
247 206
335 53
30 171
412 273
434 32
203 99
263 150
185 459
331 284
353 43
69 284
289 58
44 227
219 228
310 346
291 104
296 448
7 345
29 104
103 53
442 273
23 289
482 49
289 408
22 64
365 403
268 470
39 418
340 346
152 295
138 397
496 105
298 120
75 48
30 305
379 459
401 218
15 182
106 300
298 470
427 126
432 470
110 419
256 244
237 2
407 413
355 223
429 172
107 121
219 362
167 172
122 429
409 459
101 306
45 182
499 352
366 8
443 228
121 177
346 295
43 486
387 296
478 414
249 362
288 290
18 429
362 239
73 136
381 481
475 116
265 306
378 183
416 475
438 234
168 373
154 475
415 250
363 60
239 24
373 24
343 347
106 434
54 244
469 486
207 486
188 244
320 363
31 260
53 19
218 86
223 430
283 481
429 306
468 234
198 373
373 374
423 491
334 419
370 76
408 368
61 260
9 70
405 70
421 14
426 358
252 205
191 491
213 250
359 75
264 215
267 486
303 143
74 91
453 87
491 379
155 430
301 255
465 97
129 148
371 435
472 487
348 451
370 210
221 87
28 446
97 51
88 497
102 395
372 256
435 46
421 148
173 46
159 148
178 390
238 441
365 216
81 457
497 143
213 384
287 333
4 210
116 451
138 210
113 153
154 154
319 221
431 462
16 220
70 456
166 164
96 334
430 210
242 159
333 277
393 328
184 154
122 242
235 119
221 221
23 236
237 165
311 114
27 355
272 159
98 6
478 227
115 175
464 329
441 345
422 103
55 309
443 391
154 288
281 63
379 406
420 407
73 299
106 247
496 402
353 124
369 68
71 411
258 237
450 407
257 12
348 130
353 474
91 474
461 7
158 6
163 350
297 350
402 366
80 315
88 176
121 124
214 315
253 243
24 191
65 192
404 412
271 68
276 412
4 478
403 187
441 479
477 136
306 254
382 249
363 7
93 146
401 299
73 433
147 382
433 187
171 187
204 135
336 254
52 495
126 444
74 254
487 423
198 320
225 423
280 130
51 270
101 387
197 95
236 23
274 315
375 367
466 485
125 192
424 259
9 17
179 428
253 377
156 444
104 254
389 423
475 197
213 197
306 388
326 74
56 213
460 74
248 383
308 434
377 39
151 450
495 260
35 275
458 378
439 136
117 85
246 495
284 198
322 490
358 147
418 198
333 90
123 280
53 450
409 85
125 326
331 394
64 50
201 321
349 219
425 214
120 332
153 280
276 91
345 450
441 158
303 224
55 122
159 445
453 168
131 117
282 286
309 389
298 230
358 281
164 415
423 117
450 220
161 117
221 168
413 338
124 235
163 163
316 405
297 163
66 230
219 472
365 297
351 399
65 5
103 297
290 123
307 292
97 482
463 51
267 112
456 11
492 230
249 472
230 230
73 246
59 348
298 364
399 416
302 483
52 308
38 410
15 426
26 26
447 56
369 365
498 21
107 365
332 483
5 88
43 380
82 308
137 15
307 426
213 10
457 370
135 319
116 77
479 129
281 144
93 93
192 72
398 140
40 432
73 380
245 83
336 201
14 150
146 77
187 78
220 26
352 145
491 489
472 247
301 365
375 314
12 262
125 139
47 448
28 206
102 155
143 156
372 16
294 325
104 201
183 494
296 371
67 319
141 268
405 314
135 453
308 381
368 432
60 279
271 499
62 325
475 494
474 269
455 27
460 371
212 269
284 145
14 284
377 336
437 387
476 315
239 402
30 228
374 38
486 279
69 341
215 166
289 115
27 115
481 285
25 42
118 233
467 387
180 330
312 449
381 54
124 398
121 100
154 48
195 49
360 116
131 64
84 218
136 408
436 111
133 110
399 229
228 347
374 172
11 120
263 341
390 116
101 13
64 131
17 285
108 403
369 178
80 75
122 486
404 172
156 70
45 239
105 290
210 306
196 408
457 183
61 183
140 476
214 425
443 285
24 301
137 178
496 296
265 363
75 239
314 255
341 358
396 65
203 424
373 81
106 491
147 492
417 353
202 199
472 60
375 127
91 368
414 55
350 70
33 363
181 261
253 137
65 86
257 256
255 183
329 132
273 200
459 363
285 210
398 87
35 35
76 36
384 189
3 497
77 446
56 323
74 148
113 76
192 369
352 92
30 41
21 487
356 211
488 138
171 431
204 379
226 138
245 380
220 323
280 374
316 31
354 323
44 97
123 390
71 200
467 200
486 442
236 267
392 26
447 487
120 92
199 385
9 261
289 278
27 278
440 447
233 154
324 272
398 221
346 31
323 47
400 267
229 385
449 159
154 211
352 226
57 278
222 345
282 396
337 103
395 273
358 391
91 47
333 334
407 283
337 453
411 402
34 452
139 468
161 227
45 52
196 221
22 68
25 339
121 47
291 458
360 63
43 356
24 114
464 386
268 474
323 181
326 452
400 401
436 58
496 109
174 58
339 125
416 345
94 294
168 243
244 238
133 407
320 233
91 181
198 243
258 294
373 244
10 192
423 361
371 171
82 68
235 310
221 412
408 238
237 356
424 182
135 79
121 181
195 130
253 300
98 197
271 125
114 141
463 295
213 120
347 120
77 259
262 12
19 254
304 423
469 490
21 300
169 198
245 193
336 311
396 362
487 480
109 305
334 423
370 80
139 147
177 439
199 198
364 265
386 24
61 264
162 316
234 192
354 486
475 254
287 203
419 322
474 29
243 96
303 147
60 389
93 337
476 75
266 265
131 40
169 332
433 378
185 276
171 378
245 327
336 445
47 342
96 204
44 44
164 338
219 45
122 112
409 142
446 209
402 102
104 445
252 343
76 117
194 338
78 163
212 163
243 230
127 55
379 276
420 277
401 35
453 225
497 497
224 338
205 96
36 287
380 97
187 456
256 61
258 107
373 57
406 5
235 123
386 292
499 169
25 286
351 456
142 282
216 231
1 77
193 247
121 344
360 360
98 360
79 118
170 236
323 478
271 288
417 113
169 11
207 303
36 421
396 175
148 73
487 293
10 139
376 462
101 257
293 427
348 134
301 288
26 83
64 375
427 427
402 370
61 77
275 6
216 365
290 314
40 139
494 309
480 411
452 83
116 134
176 185
382 253
363 11
46 304
473 371
170 370
266 78
357 196
21 247
378 484
322 360
0 309
487 427
239 325
299 376
32 32
385 150
390 494
259 196
350 314
465 264
446 22
294 382
275 140
82 499
426 309
29 84
62 32
67 376
494 443
120 202
326 78
400 27
405 371
83 320
234 489
330 197
159 315
453 38
282 156
37 325
111 274
245 274
224 151
261 218
247 320
321 269
164 285
15 162
450 90
465 398
485 84
215 223
44 341
406 168
392 270
442 387
120 336
142 95
345 454
367 213
97 352
124 455
270 280
292 39
457 106
495 398
159 449
228 54
286 224
76 414
175 393
208 341
249 342
284 336
325 337
339 235
108 110
126 127
277 296
304 399
373 4
242 460
402 183
481 476
80 132
258 404
387 60
82 178
290 127
269 4
408 348
135 189
360 307
308 117
382 66
387 410
46 117
459 286
249 476
285 133
1 374
288 404
343 111
58 127
89 194
493 55
223 194
262 122
52 312
401 466
373 138
417 410
54 358
202 256
293 374
241 184
315 133
447 60
369 369
80 266
162 76
280 297
373 488
440 20
44 20
197 262
269 138
274 482
403 138
45 430
408 482
447 410
383 425
56 30
162 426
308 251
24 492
60 149
473 318
192 76
324 195
436 436
40 436
136 144
174 436
378 431
89 328
460 241
281 498
261 31
412 200
488 195
372 20
69 211
280 431
467 257
178 154
219 155
48 273
425 31
442 200
419 216
367 26
231 165
421 262
173 160
384 380
227 396
213 498
287 447
37 272
422 83
59 31
138 324
474 273
496 32
14 288
476 319
113 267
379 386
337 160
15 109
240 227
331 345
317 447
242 273
467 391
219 289
167 99
43 63
194 232
221 335
312 453
23 350
119 58
196 278
388 448
173 294
360 120
98 120
464 443
288 217
251 335
453 469
277 243
202 69
182 356
204 115
448 475
186 475
198 300
179 58
294 8
406 249
10 249
445 177
109 228
183 177
274 295
306 18
61 187
121 238
162 239
46 64
473 131
422 351
458 8
174 249
366 419
228 485
415 311
192 239
304 480
433 301
466 249
204 249
331 24
299 486
373 435
49 311
472 414
269 85
310 86
442 13
125 306
273 204
419 29
83 80
275 250
387 491
65 440
495 24
137 316
403 435
136 91
287 260
328 261
378 378
111 34
231 328
281 445
377 153
79 496
228 30
266 322
319 148
305 250
357 440
453 148
90 96
433 435
144 332
455 194
240 40
226 142
331 158
284 312
47 399
317 260
85 102
109 496
139 338
194 45
364 456
50 266
196 91
275 384
289 282
297 143
13 384
365 277
497 204
189 51
249 102
18 169
56 461
152 169
243 287
344 339
420 334
79 41
323 401
15 56
205 153
182 169
71 338
277 406
10 62
48 354
109 41
427 350
413 452
12 108
45 56
210 123
214 242
478 288
216 288
210 473
366 232
401 226
431 68
469 360
31 134
108 354
245 63
146 57
299 299
385 73
371 175
375 294
466 412
499 360
125 119
163 411
162 186
275 63
387 304
478 422
211 78
389 350
232 366
366 366
457 484
56 140
94 432
190 140
281 258
382 310
46 361
79 309
271 479
439 63
149 489
322 417
47 212
468 242
146 191
225 484
239 382
472 361
71 17
177 443
199 202
391 372
465 321
446 79
83 27
451 423
201 248
5 336
462 23
62 89
67 433
340 33
400 84
479 377
83 377
382 444
456 393
435 270
495 321
21 438
57 95
439 197
458 439
497 367
260 454
400 434
224 208
410 398
358 208
36 157
242 33
352 393
338 495
11 100
448 101
472 495
145 100
184 28
337 270
48 167
50 213
297 90
481 399
80 55
291 275
268 291
18 116
97 409
270 337
344 286
330 388
443 265
346 332
208 398
111 465
59 275
246 101
490 461
149 168
187 460
52 235
337 404
450 281
293 297
12 55
278 174
311 122
429 343
140 240
181 241
214 189
327 66
406 359
142 286
290 184
6 425
381 302
329 112
408 405
67 112
100 60
191 178
292 230
405 107
267 173
346 466
456 72
93 20
244 189
285 190
431 15
95 66
399 477
89 251
471 353
33 127
38 471
148 77
15 487
68 313
164 21
150 123
241 241
315 190
130 410
278 308
259 66
47 375
80 323
470 478
294 252
445 421
104 128
403 195
482 488
442 123
259 416
479 190
308 308
473 375
436 493
439 10
260 267
208 77
342 77
111 144
336 262
14 211
449 139
165 380
164 155
315 324
375 375
50 26
215 93
275 144
217 139
291 88
310 330
81 278
29 88
180 257
273 448
4 31
157 273
308 442
349 443
435 217
360 43
57 42
84 145
340 330
460 432
284 206
0 447
11 47
52 48
38 150
203 217
166 335
240 284
226 386
430 381
333 448
181 54
310 464
332 223
464 150
307 166
386 459
408 218
158 43
270 284
22 182
421 453
168 7
459 156
276 449
288 274
474 464
114 121
147 69
212 464
3 290
416 459
38 284
186 182
165 59
299 59
304 403
202 126
279 346
315 3
283 465
489 341
179 115
65 13
161 475
257 183
348 301
292 177
484 347
162 296
286 362
327 363
115 480
459 290
211 188
290 481
288 408
324 65
359 59
438 352
267 470
322 177
74 75
165 193
352 19
431 312
54 362
493 409
245 307
278 255
295 424
410 374
44 24
197 266
219 25
257 317
269 142
259 363
364 379
345 137
23 86
28 430
157 86
234 306
275 307
327 497
473 322
99 81
132 29
252 323
250 250
309 76
116 435
14 158
0 260
55 159
449 86
352 153
16 204
95 497
150 204
263 81
106 97
240 97
317 317
430 194
160 333
468 486
316 92
32 333
407 210
164 452
489 20
332 36
370 328
392 87
29 35
423 154
125 497
235 103
386 272
372 374
124 272
196 148
330 148
233 215
249 159
326 379
18 226
400 328
59 35
243 344
191 154
265 103
77 52
206 462
305 441
415 47
453 339
492 267
203 164
230 267
263 215
92 333
133 334
31 57
17 159
186 345
236 462
184 272
406 119
392 221
404 46
221 339
480 41
297 334
498 58
119 412
100 170
463 222
55 427
438 165
168 304
319 473
267 283
57 473
98 474
469 417
202 73
207 417
293 191
320 294
110 484
58 294
70 119
149 412
130 170
11 478
355 288
160 12
198 304
225 407
32 12
161 422
334 350
177 366
237 417
350 294
102 192
214 433
234 119
473 135
252 136
238 238
158 474
191 422
213 181
328 131
361 79
452 197
267 417
93 264
117 69
488 12
262 423
410 321
432 80
418 182
338 418
412 367
393 125
197 213
296 192
483 18
424 377
446 136
162 377
297 13
44 321
104 372
425 198
136 95
377 157
30 49
35 393
282 270
263 28
359 490
474 440
111 388
212 440
321 383
30 399
49 449
85 106
374 209
448 158
318 85
411 276
34 326
386 219
50 270
143 461
242 440
25 213
462 214
219 456
365 281
115 106
399 50
490 168
168 117
154 219
272 440
346 389
57 286
131 235
401 96
230 214
323 405
73 230
185 471
422 384
207 230
224 399
293 4
284 450
322 153
355 101
33 50
126 241
186 292
390 287
353 405
26 10
64 302
375 164
364 5
253 174
63 50
238 51
255 220
362 117
367 461
477 67
463 169
480 338
232 236
121 405
281 128
308 231
382 180
459 400
211 298
357 123
35 72
59 466
95 123
144 15
171 118
283 359
47 82
186 426
239 252
321 62
51 201
450 472
150 180
488 175
199 72
369 483
424 190
107 483
162 190
349 16
440 134
82 426
252 83
329 303
403 252
494 370
180 180
292 421
460 5
231 145
382 314
19 262
60 263
454 190
384 360
114 499
208 134
347 478
37 252
149 493
245 201
336 319
187 196
247 247
352 263
486 263
241 432
315 381
409 16
226 309
331 325
312 83
124 32
220 494
393 422
200 27
310 387
43 43
29 145
34 489
464 73
419 330
367 140
105 140
231 279
248 448
344 156
435 274
132 273
173 274
2 392
379 150
420 151
136 392
425 495
497 371
222 166
111 335
59 145
138 438
207 43
460 489
377 454
399 213
110 110
490 331
108 37
149 38
352 397
453 449
52 105
184 32
450 151
161 48
202 49
91 218
485 145
215 284
297 94
85 403
429 213
332 280
43 177
180 448
6 295
367 274
105 274
270 341
195 167
272 387
98 234
84 336
246 105
77 296
149 172
228 465
209 223
302 414
341 342
263 459
491 286
274 59
353 352
31 301
163 228
295 347
451 106
167 347
468 275
216 239
257 240
334 460
403 65
7 65
40 13
119 306
479 60
116 8
286 419
368 229
98 368
456 76
454 3
495 4
211 245
288 465
477 364
114 312
287 240
359 116
341 476
377 133
363 235
410 81
454 353
239 199
247 60
390 368
150 127
26 91
461 19
317 240
178 81
183 425
255 301
26 441
364 436
234 363
60 210
473 379
99 138
132 86
250 307
62 256
153 374
347 425
326 302
460 302
41 318
266 436
379 313
453 262
15 36
92 256
166 205
218 395
279 82
358 375
465 272
220 441
27 46
85 216
217 143
29 92
423 211
268 108
221 262
23 277
124 329
275 498
330 205
388 375
324 390
346 149
436 42
133 41
55 350
75 36
314 52
374 103
16 395
52 52
401 206
492 324
263 272
304 273
356 463
15 170
279 216
432 458
355 211
429 160
66 108
167 160
468 88
43 124
48 468
478 52
119 119
163 391
8 288
462 458
478 402
189 299
175 401
285 7
340 468
18 417
152 417
55 484
490 412
89 68
131 479
469 474
417 284
301 109
375 58
380 402
53 7
129 2
332 361
10 310
371 289
202 480
274 356
296 115
199 182
350 351
80 490
405 58
327 367
308 125
252 193
288 412
324 69
329 413
384 120
494 480
153 187
326 115
405 408
116 305
229 182
377 80
363 182
79 423
192 300
352 23
453 75
90 23
315 141
361 486
226 69
0 480
143 34
129 136
468 356
280 305
335 204
32 203
338 475
385 321
393 182
85 29
412 424
236 198
48 147
447 418
483 75
215 260
248 208
275 311
63 428
99 85
233 85
134 79
180 424
227 270
152 96
416 142
495 435
30 106
35 450
169 450
492 137
342 378
455 255
92 203
245 445
279 29
69 219
160 337
247 491
85 163
71 265
332 40
337 384
411 333
34 383
161 158
199 450
221 209
312 327
485 255
210 50
275 445
272 147
346 96
351 440
387 97
326 383
422 91
119 282
251 209
339 56
457 277
154 276
38 101
222 410
282 461
298 405
358 456
31 61
17 163
91 112
471 333
182 230
335 472
355 158
396 159
470 108
258 225
373 175
10 123
450 395
188 395
163 338
311 236
61 61
102 62
167 457
253 231
459 107
290 298
307 467
494 293
292 344
438 169
473 355
436 473
21 231
491 180
471 467
245 124
283 416
448 483
74 242
299 360
385 134
412 237
445 185
125 180
372 57
446 6
181 489
179 416
215 73
354 417
252 140
255 411
494 427
268 84
306 376
345 304
16 21
95 314
208 191
361 433
342 191
455 68
185 207
322 478
14 325
430 11
146 252
247 304
486 320
241 489
296 196
122 43
428 315
317 484
23 37
446 140
50 140
465 382
289 156
5 397
13 258
402 33
388 135
25 83
99 32
365 151
351 253
444 444
464 130
175 27
216 28
345 438
441 146
157 387
138 145
193 44
251 22
55 110
435 331
99 382
76 398
230 84
309 377
323 275
205 27
246 28
432 218
108 94
149 95
434 264
112 213
186 162
277 280
337 331
15 280
312 274
413 326
388 269
80 116
85 460
332 337
82 162
97 470
45 280
463 39
344 347
330 449
22 296
8 398
366 106
383 275
360 291
323 409
395 285
73 234
72 9
168 471
302 471
401 450
299 173
177 183
256 476
204 286
28 60
88 111
181 302
183 348
408 466
463 173
61 358
405 168
157 66
19 132
211 302
285 251
362 471
431 76
21 178
347 348
72 143
452 364
70 70
190 364
171 122
176 466
262 240
363 292
165 307
299 307
49 132
123 81
293 492
26 148
466 420
139 25
226 179
179 363
220 364
385 431
269 256
291 15
425 15
67 307
494 374
364 493
23 200
9 302
234 420
330 128
443 5
475 482
134 189
361 380
39 329
326 359
264 447
262 374
14 272
74 323
266 493
164 216
241 436
356 386
465 329
143 278
91 88
182 206
294 447
407 324
388 82
393 426
318 252
48 391
442 318
386 386
367 144
97 283
45 93
372 488
297 314
272 257
76 345
24 155
136 396
230 31
138 442
399 217
476 437
113 385
168 284
209 93
453 453
263 329
331 463
69 463
163 98
11 458
448 459
140 114
145 458
167 217
82 109
87 453
482 228
237 397
99 463
387 341
174 233
246 109
399 351
3 351
58 58
168 418
149 176
264 126
52 243
74 2
373 69
54 289
241 115
320 408
31 305
380 459
70 233
414 43
130 284
204 233
278 182
369 300
391 59
396 403
104 2
403 69
81 18
461 239
364 306
405 115
9 115
157 13
253 475
382 131
46 182
288 469
39 142
264 260
212 70
229 239
377 137
382 481
93 378
192 357
321 13
155 475
433 419
240 24
391 193
432 194
148 435
335 261
333 188
49 429
486 430
310 204
48 204
34 306
447 475
125 424
194 29
372 301
465 492
157 147
248 265
137 434
250 311
76 158
136 209
227 327
254 430
340 204
326 306
378 496
400 255
460 306
229 373
325 81
454 491
154 199
30 163
57 266
455 312
432 328
187 497
481 220
429 30
219 220
48 338
367 91
124 333
27 400
217 497
351 497
323 169
276 323
105 441
366 216
399 164
244 226
230 328
304 277
395 395
431 52
417 154
496 447
493 149
223 288
47 62
184 333
332 231
109 159
183 108
235 298
482 175
237 344
462 462
88 221
200 462
156 355
142 457
271 113
288 282
381 473
40 180
119 473
480 452
153 57
287 57
56 124
438 226
116 175
195 468
368 396
93 191
492 462
68 134
315 11
342 114
347 458
359 283
317 57
451 57
468 226
160 73
472 345
109 293
350 355
424 304
349 130
25 6
63 298
389 468
475 242
213 242
306 433
366 484
4 68
474 17
495 305
132 253
357 371
398 372
72 387
428 22
70 314
455 125
185 264
469 23
110 90
96 192
187 310
32 207
407 84
393 186
448 85
164 326
318 12
87 79
199 320
446 197
124 146
129 490
215 264
297 74
13 315
388 192
118 331
217 310
250 258
272 17
291 259
351 310
249 33
340 151
326 253
479 495
105 254
138 202
495 439
168 44
346 316
134 433
304 90
395 208
147 106
224 326
38 321
71 269
186 219
236 336
332 44
15 337
188 265
413 383
91 332
388 326
484 34
214 173
365 342
387 101
29 393
65 50
103 342
191 162
383 332
341 106
401 157
98 348
84 450
271 276
147 240
394 117
58 168
397 388
433 45
149 286
410 61
470 112
107 60
487 281
198 178
277 471
51 128
472 158
109 106
293 415
66 409
451 220
201 45
404 404
442 107
328 5
419 123
190 71
231 72
456 190
473 359
454 117
137 410
211 359
357 184
287 354
342 61
359 230
452 421
460 282
185 77
190 421
322 348
299 364
338 292
150 241
241 359
12 307
34 66
139 82
218 375
226 236
312 10
350 302
9 9
215 77
354 421
403 313
103 21
461 483
494 431
158 482
194 139
270 134
382 375
173 201
35 267
361 437
395 21
400 365
433 313
474 314
303 432
358 139
0 431
397 67
430 15
113 308
333 82
338 426
448 32
90 324
71 82
414 421
450 78
331 386
124 93
129 437
13 262
66 88
200 88
103 155
254 324
6 222
292 27
286 212
272 314
319 160
57 160
309 381
37 447
78 448
133 155
325 325
209 150
30 407
52 166
186 166
304 387
337 335
450 212
87 160
31 228
177 53
278 105
66 222
392 392
161 459
235 408
367 335
408 336
196 453
270 402
311 403
366 110
443 330
484 331
308 105
19 2
368 156
456 3
249 464
1 362
174 290
191 459
77 357
267 454
341 403
470 59
487 228
51 75
90 3
155 398
353 413
17 464
350 115
28 64
102 13
220 234
385 301
82 300
257 301
348 419
273 245
259 347
350 465
383 413
23 70
421 116
151 255
137 357
173 14
1 496
398 132
76 81
458 183
227 250
111 75
212 127
14 142
51 209
486 137
439 291
356 256
245 425
294 317
321 420
32 317
333 245
481 143
71 245
183 486
217 70
483 189
6 35
446 307
248 322
270 81
60 271
25 250
137 491
178 492
286 25
420 25
1 41
39 333
111 209
127 153
352 271
305 425
16 322
434 81
453 323
356 390
92 317
205 194
279 143
31 41
110 334
143 282
430 312
182 210
355 138
29 153
87 323
161 272
464 81
45 97
297 318
98 108
175 328
18 344
436 103
422 205
265 221
438 149
319 457
267 267
131 406
487 41
73 401
128 108
301 36
110 468
91 226
430 446
182 344
283 396
47 119
186 463
220 47
280 98
371 216
334 334
177 350
163 452
135 124
327 294
151 68
238 222
288 339
403 289
40 237
251 457
292 458
89 129
303 58
401 401
437 58
128 242
144 186
465 12
69 12
107 304
280 232
354 181
104 6
145 7
197 197
274 417
177 484
273 192
498 310
162 361
253 479
275 238
387 479
25 63
398 79
463 474
254 300
328 249
111 22
176 417
243 141
229 243
458 480
433 423
37 423
358 249
11 141
164 383
337 311
488 480
235 34
102 444
143 445
289 270
25 197
159 197
238 490
2 213
346 23
351 367
387 24
425 316
153 382
268 332
138 259
224 33
270 378
399 34
94 152
267 80
203 95
208 439
230 198
417 24
185 455
418 434
110 281
397 311
182 157
198 101
236 393
64 286
12 96
45 44
124 337
402 281
383 39
80 230
214 230
286 106
327 107
29 450
464 378
189 173
1 122
18 291
403 102
78 342
438 96
75 44
341 163
57 404
131 353
357 107
395 399
431 56
58 225
314 410
33 168
198 235
54 456
87 404
128 405
486 113
301 333
26 128
125 107
158 55
369 467
402 415
498 123
88 225
65 241
404 461
252 67
257 411
463 287
213 112
328 62
361 10
405 282
42 230
479 231
231 129
437 5
41 5
132 123
206 72
357 241
343 343
21 292
452 478
111 185
493 287
284 113
322 405
74 303
146 179
187 180
373 370
32 77
486 247
447 292
139 139
317 411
220 478
178 252
238 303
250 128
306 437
6 145
479 365
206 206
192 308
21 426
230 11
323 202
245 319
298 145
284 247
14 386
430 72
453 433
85 37
186 89
488 427
215 268
237 27
388 196
25 144
467 489
145 438
392 315
29 263
120 381
464 191
216 89
191 32
330 376
25 494
272 371
346 320
249 387
395 212
152 454
284 381
380 89
490 449
149 156
302 398
283 156
434 325
186 223
203 392
184 150
299 100
106 459
240 459
427 285
316 454
451 90
354 157
387 105
276 274
269 49
67 100
210 408
8 459
438 43
368 213
170 228
73 295
384 157
458 106
320 172
72 70
397 392
79 460
112 408
51 132
417 455
49 59
54 403
278 296
47 363
102 70
129 173
468 393
10 481
354 291
440 65
426 167
370 235
447 455
180 111
424 471
9 229
248 245
368 347
46 296
384 291
62 240
213 409
56 425
37 183
111 132
400 235
363 353
160 24
266 420
128 486
226 240
312 14
391 307
372 65
465 256
215 81
385 492
145 251
370 369
120 194
210 87
349 431
13 482
421 307
25 307
495 256
252 498
250 425
351 477
62 374
208 199
400 369
78 318
224 143
229 487
358 143
55 334
399 144
30 277
453 380
38 138
164 277
186 36
337 205
11 385
29 210
82 36
142 87
216 36
119 103
480 82
344 221
135 47
200 442
272 318
346 267
24 216
473 42
170 41
175 385
271 93
265 278
347 88
89 52
300 272
322 31
131 463
112 221
492 442
304 391
147 407
128 165
188 216
293 232
353 283
167 278
406 294
354 104
82 170
161 463
334 391
408 340
499 458
158 165
292 165
162 284
253 402
313 453
46 109
473 176
288 396
40 294
477 295
136 2
475 222
191 463
227 120
361 120
77 361
75 288
460 99
262 114
19 356
456 357
148 12
192 284
453 59
90 7
95 351
491 351
260 418
342 228
72 367
428 2
414 104
204 294
245 295
69 69
129 120
51 429
445 356
486 357
104 63
199 300
273 249
386 126
83 125
88 469
63 412
99 69
233 69
324 187
2 136
81 429
40 428
136 136
477 429
361 254
309 64
479 475
243 198
127 23
431 434
95 485
131 142
282 311
106 85
391 254
294 321
261 373
321 424
242 131
385 439
11 198
85 147
393 300
411 317
199 434
221 193
372 362
408 19
50 311
105 18
289 327
344 34
99 203
159 254
365 322
249 147
326 367
59 23
325 142
55 281
36 39
453 327
131 276
230 255
323 446
342 496
455 373
92 321
147 220
207 271
279 147
394 97
242 265
295 91
434 435
184 260
332 158
48 399
274 153
427 395
297 322
383 96
424 97
360 112
276 384
4 450
45 451
463 210
292 328
75 101
190 51
360 462
401 271
98 462
343 266
73 405
147 354
95 164
169 113
293 179
466 107
148 175
146 102
354 51
51 242
296 46
466 457
158 112
163 456
273 62
311 354
350 282
61 179
140 472
248 5
327 298
478 467
63 225
137 174
178 175
288 343
114 190
287 118
328 119
361 67
378 236
79 354
473 473
305 108
343 400
16 5
260 365
241 123
282 124
20 124
58 416
144 190
185 191
322 462
47 257
129 67
239 427
11 11
315 422
12 421
447 349
180 5
221 6
317 468
349 191
403 427
76 32
67 478
153 252
497 62
306 494
276 63
419 371
474 78
78 78
229 247
251 6
132 314
206 263
379 191
458 484
230 68
395 135
245 376
110 151
471 130
352 438
164 387
145 145
423 89
101 38
166 433
28 499
316 377
44 443
387 28
6 336
367 315
231 454
344 331
267 84
420 326
304 151
436 270
496 321
133 269
320 95
75 264
261 454
314 280
322 141
355 89
390 275
128 275
413 444
163 269
237 218
256 460
355 439
181 286
313 213
387 162
478 280
255 208
480 326
479 101
420 460
24 460
98 409
436 404
35 60
21 162
144 3
130 105
223 296
493 157
374 465
415 466
33 172
299 291
373 240
375 286
53 235
139 9
177 301
278 353
424 178
102 127
88 229
385 415
63 172
197 364
351 50
389 342
259 461
498 477
456 251
159 230
114 487
117 4
497 225
377 308
0 358
225 476
338 353
374 10
434 61
236 76
48 25
53 369
166 246
278 487
372 122
451 415
50 71
124 20
430 292
316 190
118 205
310 375
328 200
231 267
210 144
46 487
76 329
57 87
62 431
84 190
117 138
230 15
361 498
496 134
207 31
284 251
325 252
110 98
108 25
300 195
90 385
150 436
428 380
106 329
87 87
353 206
432 499
69 447
17 257
485 133
297 82
481 391
429 201
467 493
489 252
406 217
404 144
235 335
221 437
290 42
499 381
480 139
168 52
200 499
189 340
436 217
59 267
114 166
133 216
152 458
191 386
490 453
89 109
68 171
450 273
128 222
472 32
427 289
91 340
350 42
198 402
156 176
142 278
216 227
235 469
257 228
403 53
7 53
119 294
477 2
177 464
158 222
135 238
83 48
121 340
248 115
24 407
368 217
21 109
361 177
3 469
378 346
359 104
149 294
190 295
460 156
336 120
52 361
0 171
454 341
113 48
247 48
51 136
417 459
491 408
164 13
493 454
204 351
33 469
69 126
102 74
107 418
470 470
160 244
220 295
32 244
371 464
445 413
82 361
7 187
444 188
442 115
180 115
254 64
97 80
231 80
196 59
8 8
398 193
81 486
497 172
287 362
452 429
474 188
377 255
437 306
449 131
338 300
53 316
488 244
92 244
166 193
317 362
358 363
335 379
145 255
236 373
444 322
122 271
103 29
120 198
464 8
408 76
215 435
349 435
13 486
443 70
286 86
2 327
420 86
24 86
362 81
400 373
303 440
490 266
300 142
341 143
52 40
57 384
439 486
186 40
203 209
277 158
390 35
450 86
54 86
188 86
36 446
380 256
209 374
333 440
33 148
489 199
181 46
186 390
406 164
161 333
235 282
348 159
480 86
237 328
22 174
99 394
195 102
200 446
2 461
387 272
98 169
142 441
211 46
340 456
77 231
228 400
267 328
363 36
165 51
225 102
439 31
241 46
218 62
223 406
181 180
487 452
468 210
160 57
373 350
26 242
350 339
80 478
405 46
9 46
327 355
275 165
440 232
252 181
288 400
425 109
458 57
153 175
244 478
343 457
16 62
491 355
361 474
72 371
331 73
33 416
146 293
261 243
280 293
385 309
412 412
467 119
219 17
274 478
26 376
461 304
488 407
364 371
446 181
124 130
485 109
13 299
99 73
178 366
252 315
269 484
425 243
153 309
180 412
254 361
340 135
479 479
60 495
168 28
192 422
401 7
169 438
282 315
469 141
111 433
171 484
17 17
96 310
355 12
448 203
489 12
166 490
221 197
210 38
289 331
462 259
66 259
484 18
286 33
84 84
115 151
189 100
249 151
328 444
381 270
389 131
119 270
210 388
77 44
154 264
57 331
131 280
222 398
323 450
31 49
96 444
130 28
283 270
295 95
322 198
396 147
434 439
101 229
450 383
472 142
183 39
64 347
482 106
91 450
499 275
163 326
297 326
179 270
313 270
156 286
216 337
18 352
482 456
193 353
475 39
480 383
213 39
168 296
267 275
382 225
93 122
79 224
454 101
459 445
35 117
147 358
155 219
89 353
336 230
47 127
33 229
148 179
198 296
220 55
299 348
371 224
101 363
472 276
197 71
274 291
296 50
34 50
461 117
204 461
350 286
465 236
102 184
451 338
82 471
118 128
269 297
329 348
351 107
425 56
67 348
442 225
227 71
232 415
345 292
42 291
460 50
229 117
473 477
132 184
206 133
324 354
169 251
342 179
89 487
14 313
418 174
374 67
412 359
71 66
375 477
125 302
218 493
50 128
124 77
143 319
160 488
275 246
99 20
140 21
219 314
252 262
291 190
464 118
180 359
216 16
405 477
4 133
78 82
210 201
421 421
492 72
37 431
73 88
138 483
96 257
300 252
30 391
52 150
390 145
376 247
106 386
488 488
161 93
188 196
485 190
429 258
365 273
268 340
381 217
97 458
193 166
270 386
306 43
360 279
309 499
75 268
168 459
262 94
341 387
374 335
205 499
53 105
218 172
204 274
369 341
355 443
28 48
88 99
354 218
445 336
82 284
104 43
274 454
86 403
463 161
442 38
172 177
232 228
306 177
292 279
22 418
457 346
42 104
234 274
308 223
327 465
357 115
40 408
213 336
72 131
58 233
77 475
111 59
185 8
281 470
52 418
0 228
74 177
299 295
68 362
439 275
144 357
240 65
278 357
181 424
316 60
385 419
481 127
197 368
26 486
172 311
273 363
61 480
83 239
229 64
234 408
132 131
173 132
346 60
39 317
400 296
224 70
298 19
127 137
187 188
352 255
164 204
112 14
263 183
450 9
218 440
455 353
226 301
50 75
124 24
129 368
143 266
44 260
429 71
236 430
411 431
29 137
103 86
372 476
482 82
289 441
270 199
27 441
435 266
154 24
233 317
286 143
425 487
340 379
436 87
251 307
209 81
186 97
492 369
304 318
54 143
128 92
207 385
188 143
430 430
11 446
80 51
33 205
66 153
186 447
371 200
404 148
409 492
235 339
183 149
307 215
119 164
494 41
158 92
195 159
286 277
308 36
459 205
137 154
1 293
436 221
193 463
75 215
168 406
302 406
262 41
267 385
454 211
165 108
357 278
338 36
293 293
279 395
72 294
218 119
278 170
429 339
258 457
280 216
82 231
472 386
158 226
311 468
405 103
484 396
382 119
387 463
60 68
426 391
459 339
329 458
362 406
463 458
67 458
306 474
361 181
400 109
247 52
241 237
359 458
428 63
488 114
92 114
143 79
468 401
247 402
333 176
371 468
412 469
85 74
486 418
219 74
409 171
28 479
446 238
50 238
270 12
13 356
346 7
351 351
115 74
134 124
249 74
254 418
309 125
328 367
4 243
231 434
229 361
41 310
35 495
16 253
38 12
15 28
428 197
207 198
418 418
471 244
335 383
481 208
429 18
186 260
392 136
34 428
348 29
408 80
214 214
313 193
351 485
404 311
478 260
340 326
288 136
496 85
174 34
3 152
438 80
75 28
267 198
360 389
131 337
492 316
222 455
170 265
431 40
469 332
147 281
169 40
47 50
429 152
487 322
373 220
385 45
423 337
183 96
86 163
163 383
424 158
200 450
253 276
478 394
156 343
252 51
403 220
265 286
368 384
79 281
147 415
320 343
394 292
58 343
433 220
70 168
493 271
74 287
198 353
220 112
299 405
101 420
393 40
424 292
28 292
9 50
465 293
201 220
275 169
63 286
40 302
351 164
389 456
141 354
425 113
306 421
39 77
474 5
116 297
35 308
439 169
208 236
58 477
469 11
455 113
166 10
396 472
432 129
448 73
472 467
219 21
411 191
34 241
122 88
423 16
331 427
143 376
297 62
388 180
291 247
351 298
249 21
326 241
97 381
152 88
196 360
229 308
60 499
416 134
420 253
244 27
323 320
304 78
37 488
343 6
455 247
320 22
110 212
108 139
223 89
448 207
396 17
71 257
258 83
428 494
202 151
12 27
318 484
156 156
142 258
307 325
441 325
389 135
3 99
438 27
479 28
420 387
456 44
84 438
436 331
95 38
100 382
174 331
298 397
320 156
223 223
401 495
165 218
10 115
445 43
87 335
183 43
293 403
274 161
66 397
88 156
167 449
179 274
10 465
478 341
290 290
238 100
389 269
81 116
119 408
457 403
405 213
195 403
248 229
308 280
46 280
378 460
37 167
111 116
336 234
284 44
363 337
148 183
472 280
301 398
34 54
461 121
218 363
226 224
317 342
47 481
372 49
451 342
181 481
215 65
349 65
291 60
141 301
273 420
405 347
441 4
157 245
229 121
270 122
303 70
421 291
76 256
39 374
400 353
474 302
284 178
358 127
397 55
127 194
11 19
376 117
166 307
353 133
465 374
29 194
442 363
483 364
180 363
276 71
6 210
45 138
157 379
251 14
383 133
443 184
154 81
398 441
175 369
323 267
37 435
59 194
339 211
325 313
416 431
314 154
319 498
277 272
395 493
450 200
293 216
279 318
66 210
107 211
258 380
423 447
156 103
161 447
235 396
45 272
499 442
121 267
248 42
313 437
115 452
290 453
40 278
191 447
287 155
361 104
75 272
52 288
363 150
165 165
390 283
412 42
491 335
26 6
58 453
144 227
181 294
468 324
146 273
220 222
385 289
370 166
442 42
232 232
162 402
456 125
151 243
324 171
114 361
141 464
361 238
378 407
326 217
111 63
176 458
93 423
68 366
54 468
90 125
95 469
453 177
356 244
70 412
166 120
47 428
69 187
148 480
32 305
333 233
407 182
486 475
123 423
71 233
26 490
7 248
351 58
29 7
172 315
483 177
421 238
173 136
159 238
398 254
2 254
420 13
4 300
422 59
96 74
127 141
113 243
266 485
203 136
207 255
240 203
69 321
219 265
236 434
318 244
392 193
406 91
483 311
142 18
50 429
311 204
388 424
99 321
387 199
137 24
18 332
100 142
174 91
475 19
416 378
397 136
443 481
300 203
93 102
117 496
59 491
491 148
207 389
11 450
396 261
33 209
107 158
126 400
429 209
179 34
332 276
235 343
12 271
499 389
80 405
211 107
238 210
403 277
191 394
227 51
339 292
287 102
89 117
368 441
93 236
41 46
454 215
165 112
206 113
192 215
338 40
54 281
58 400
359 328
107 292
165 462
321 221
32 118
393 97
12 405
444 62
34 164
122 11
9 107
248 123
234 225
5 365
440 293
238 344
7 411
425 170
141 411
442 339
213 287
326 164
248 473
449 5
192 349
305 226
21 467
208 293
414 169
171 411
418 288
449 355
430 113
321 355
32 252
333 180
296 298
26 437
34 298
483 124
240 366
221 124
386 191
372 293
50 242
13 360
440 427
175 129
249 78
328 371
326 298
367 299
422 6
265 22
230 186
304 135
15 32
147 151
496 305
298 320
279 78
418 422
96 371
449 489
108 196
182 145
256 94
302 439
11 263
38 366
126 213
263 484
371 17
450 310
353 377
334 135
50 376
182 495
489 423
29 438
98 43
268 454
238 23
288 140
45 382
494 208
265 156
22 398
443 428
75 32
121 377
286 444
420 444
368 254
1 460
95 95
128 43
72 111
58 213
70 38
245 39
410 106
33 156
186 398
225 326
390 393
450 444
109 151
183 100
257 49
293 460
348 167
375 270
461 44
259 95
424 162
28 162
162 162
253 280
156 347
137 105
269 224
141 224
442 152
287 49
378 167
61 460
42 218
405 270
231 117
363 44
93 183
79 285
473 404
132 111
95 229
222 4
262 342
220 116
51 307
338 337
486 235
90 235
164 184
102 245
143 246
201 224
388 50
393 394
252 189
269 358
365 66
444 359
494 476
120 235
232 476
268 133
419 302
56 250
97 251
479 353
231 251
212 9
344 128
60 369
416 4
250 466
420 123
117 122
497 343
222 138
361 482
298 133
418 235
127 251
113 353
187 302
247 353
300 179
453 421
434 179
277 195
48 143
53 487
423 20
226 415
69 431
413 241
91 190
499 15
27 205
402 82
407 426
80 31
118 323
140 82
214 31
467 477
478 77
268 267
254 369
386 488
83 487
124 488
494 21
191 20
8 313
443 241
2 498
57 205
131 154
368 67
497 477
309 426
340 493
78 493
147 98
399 319
416 488
471 195
396 21
126 160
239 37
304 432
337 380
128 206
207 499
334 82
427 273
17 375
177 98
237 149
429 319
181 217
392 437
478 211
426 21
216 211
381 278
45 329
389 139
499 499
405 83
121 324
234 201
346 442
420 391
459 319
285 166
73 283
496 386
100 386
265 453
37 37
322 206
470 104
299 222
486 48
125 42
364 58
350 160
470 454
5 125
10 469
32 228
44 53
156 294
104 104
426 155
370 223
444 172
461 341
306 238
345 166
97 64
308 284
159 161
153 346
227 295
282 2
452 413
89 361
171 171
284 48
93 480
206 357
335 13
338 284
431 475
241 351
125 176
317 346
451 346
294 362
316 121
44 187
467 290
269 305
48 306
194 131
180 233
419 249
45 8
8 126
286 70
2 311
425 414
189 137
287 480
323 137
309 239
39 378
400 357
474 306
397 59
490 250
228 250
112 75
20 486
395 363
87 18
166 311
31 86
69 378
91 137
143 327
466 14
316 255
32 496
333 424
369 81
120 316
235 266
9 485
50 486
105 193
237 312
94 34
443 188
234 14
346 255
24 204
478 374
211 30
249 322
271 81
265 266
3 266
452 92
94 384
223 40
176 194
341 261
52 158
73 446
108 440
204 148
33 266
470 267
220 92
32 41
82 158
156 107
408 328
12 328
86 277
494 102
259 205
383 271
484 323
88 323
286 338
327 339
156 457
290 457
271 215
362 333
403 334
287 159
3 400
75 276
303 103
192 272
21 390
150 46
241 164
356 114
53 113
204 282
369 349
74 401
181 298
354 226
104 51
109 395
296 221
86 411
345 113
386 114
23 62
9 164
372 216
25 108
104 401
324 175
141 468
153 293
39 191
340 119
42 462
190 360
243 186
60 479
41 237
113 113
261 11
352 129
431 422
428 124
414 226
171 468
47 432
256 17
32 309
407 186
219 135
409 232
483 181
9 298
499 125
13 417
44 484
118 433
99 191
140 192
252 433
76 207
24 17
29 361
425 361
309 186
1 33
362 12
367 356
100 12
231 495
344 372
55 269
399 79
435 490
490 197
300 73
38 73
15 89
417 69
450 17
397 356
223 203
85 269
107 28
468 7
203 490
109 74
221 315
386 382
482 90
124 382
447 69
177 208
480 17
27 449
424 85
272 253
313 254
327 152
387 203
98 100
459 79
307 439
381 388
191 264
281 157
57 449
368 311
192 85
266 34
343 254
496 496
433 147
130 146
11 454
418 24
146 90
280 90
128 450
274 275
296 34
64 465
34 34
28 219
498 168
387 337
440 163
478 455
250 39
81 230
67 332
326 34
405 327
460 34
437 50
192 219
147 476
241 111
245 230
358 107
148 297
239 415
335 123
164 241
150 343
26 307
337 169
370 117
34 168
461 235
414 389
139 184
199 235
240 236
364 302
350 404
5 369
440 297
351 225
425 174
227 189
6 190
479 410
231 308
270 236
41 184
416 61
476 112
305 230
230 56
304 5
39 488
309 349
342 297
283 67
112 185
203 303
184 61
106 370
240 370
28 487
69 488
334 5
427 196
215 313
163 123
275 364
311 21
407 483
388 241
272 66
404 185
142 185
45 252
119 201
422 10
191 77
383 247
457 196
195 196
272 416
360 263
134 482
343 67
397 303
374 319
322 129
355 77
198 93
239 94
10 42
17 432
177 155
237 206
355 427
217 493
43 340
29 442
426 78
216 268
381 335
389 196
172 161
383 381
79 155
244 222
192 32
357 99
35 48
417 150
458 151
89 284
438 438
493 145
171 94
415 454
47 58
470 161
450 448
123 53
466 392
118 59
178 110
370 280
153 53
254 105
157 172
229 48
151 357
495 167
185 126
171 228
336 295
206 414
30 188
68 480
164 188
428 234
240 183
278 475
372 110
413 111
143 250
465 301
160 419
242 229
316 178
467 347
255 464
425 121
103 70
442 290
328 188
307 65
419 306
344 132
22 81
222 142
175 296
340 363
78 363
207 19
298 137
339 138
437 481
416 358
374 132
112 132
469 369
166 368
240 317
331 435
91 194
80 35
71 481
29 255
194 322
97 389
408 251
494 25
480 127
191 24
25 486
195 143
286 261
308 20
459 189
211 87
249 379
309 430
78 497
191 374
320 30
325 374
399 323
416 492
154 492
314 215
341 318
126 164
165 92
277 333
230 487
450 261
472 20
188 261
205 430
353 328
394 329
380 431
466 205
489 374
129 31
327 46
385 216
109 318
348 334
7 41
480 261
498 278
253 447
382 103
65 396
46 154
459 323
63 323
100 390
475 267
227 165
378 334
452 283
37 41
336 108
415 401
165 226
412 103
453 104
439 206
486 52
394 463
342 273
414 149
218 237
166 47
245 340
336 458
317 216
369 406
391 165
129 165
10 473
104 108
109 452
296 278
461 345
447 447
199 345
13 340
421 165
495 114
211 355
233 114
40 473
153 350
400 227
111 124
243 243
261 68
319 238
338 288
131 187
169 479
53 304
432 300
50 6
449 469
256 74
335 367
32 366
44 191
123 484
481 192
219 192
310 310
48 310
139 428
161 187
221 238
312 356
386 305
50 356
215 423
344 79
22 28
435 197
121 7
98 23
276 295
18 259
270 480
377 377
77 85
416 305
57 372
54 74
432 434
430 361
471 362
47 34
184 305
318 305
15 496
101 270
483 372
235 270
386 439
408 198
485 418
158 23
457 90
484 193
404 429
422 254
265 270
287 29
325 321
77 219
93 163
131 455
192 142
225 90
54 208
241 34
342 86
471 496
70 152
130 203
218 50
47 168
198 337
371 265
486 215
123 163
311 399
259 209
440 220
137 219
238 271
255 440
81 287
114 235
475 214
3 404
452 230
56 230
231 231
93 297
458 395
169 292
150 50
356 118
394 410
20 169
70 286
111 287
92 45
144 235
185 236
245 287
336 405
0 456
69 61
373 472
164 298
197 246
125 343
180 50
28 410
102 359
200 113
250 230
441 175
94 67
127 15
154 118
206 308
35 426
134 405
433 472
469 129
59 231
185 370
279 5
148 488
182 72
247 467
283 124
352 483
407 190
434 293
112 242
166 478
80 145
327 22
328 432
1 37
307 309
367 360
231 499
480 237
292 186
22 325
457 253
438 11
168 150
319 319
222 386
496 366
207 263
17 139
58 140
493 68
410 33
277 443
299 202
411 443
472 130
188 371
26 43
31 387
402 330
313 258
43 397
29 499
478 325
178 33
307 443
119 392
475 27
158 320
3 217
378 94
42 145
190 43
195 387
19 161
211 331
244 279
266 38
271 382
431 105
73 397
322 320
299 336
385 110
390 454
49 161
123 110
12 279
125 156
465 224
215 49
13 100
44 167
197 409
178 167
255 387
345 280
42 279
157 229
231 178
229 105
19 295
357 290
379 49
136 291
134 218
260 357
282 116
342 167
460 388
264 476
418 162
110 9
127 178
407 3
16 347
90 296
434 106
263 224
428 291
240 240
391 409
160 476
402 9
44 301
25 59
388 111
7 419
43 76
81 368
97 312
157 363
490 14
233 358
62 476
39 492
474 420
147 25
207 76
36 194
110 143
490 364
149 71
223 20
319 482
300 240
314 138
16 481
352 430
448 138
469 426
101 30
92 476
106 374
128 133
188 184
202 82
413 302
499 76
108 420
237 76
278 77
407 487
80 92
217 363
406 262
119 205
459 246
211 144
244 92
362 313
422 364
399 380
359 15
314 272
38 374
225 200
450 318
491 319
472 77
91 385
144 211
163 261
177 159
218 160
278 211
295 380
162 36
354 206
255 200
403 98
141 98
180 26
419 42
457 334
195 334
248 160
46 211
288 498
384 206
422 498
134 31
361 222
149 339
171 98
336 165
192 386
51 181
352 109
150 160
226 155
47 412
69 171
160 289
280 391
13 47
440 114
44 114
467 217
183 458
269 232
351 42
199 402
268 7
259 453
273 351
135 417
210 2
229 52
324 289
2 238
35 186
76 187
227 356
175 166
323 64
309 166
20 63
303 351
358 58
434 53
337 120
428 238
376 48
205 166
418 459
91 64
182 182
215 130
197 490
236 418
411 419
43 23
180 294
215 480
195 13
98 80
459 59
249 249
18 316
36 141
77 142
490 311
30 326
341 188
415 137
126 34
117 480
68 29
128 80
207 373
316 316
423 378
445 137
483 429
257 86
86 204
232 29
297 424
195 147
234 75
272 367
308 24
290 384
18 450
343 18
362 260
114 158
384 19
422 311
475 137
431 215
54 265
260 333
241 91
394 333
375 91
72 282
380 435
295 327
369 276
184 496
225 497
280 204
82 219
393 81
296 148
408 389
424 333
102 282
446 92
253 451
5 349
382 107
46 158
137 276
238 328
324 102
361 169
326 148
138 97
476 92
357 400
21 451
282 226
20 226
331 118
49 405
118 10
393 215
296 282
444 180
86 472
122 129
235 6
221 108
273 298
364 416
386 175
50 226
162 467
25 169
63 461
272 46
76 134
103 237
227 303
6 304
326 282
419 473
97 422
157 473
55 196
169 483
277 16
230 170
342 411
298 304
418 406
96 355
430 231
316 129
11 247
85 196
164 489
219 196
372 411
215 427
316 479
462 304
217 473
272 180
189 145
381 315
4 365
422 124
436 22
463 125
210 433
191 191
416 309
302 207
415 84
52 32
420 428
357 79
343 181
59 422
314 382
396 192
181 38
487 310
258 258
280 17
423 325
472 187
348 151
408 202
364 95
80 336
327 213
65 213
464 484
63 140
18 397
329 259
153 33
287 33
383 495
438 202
135 393
168 341
211 388
35 162
361 332
70 156
218 54
322 377
396 326
126 465
148 224
468 202
150 270
296 95
102 229
289 55
118 173
269 342
324 49
351 152
81 291
444 343
141 342
213 218
254 219
39 65
377 60
41 111
458 399
227 466
260 414
72 363
185 240
298 117
432 117
430 44
113 337
247 337
321 286
333 111
412 404
393 162
434 163
310 127
48 127
53 471
483 55
488 399
161 4
331 415
297 50
13 291
104 409
178 358
214 15
200 117
252 307
351 286
175 60
180 404
268 251
326 229
441 179
119 128
435 364
476 173
154 122
319 189
305 291
360 190
282 307
469 133
133 184
432 251
380 61
471 179
149 128
209 179
302 370
396 5
164 436
434 297
258 71
240 431
312 307
17 359
485 235
311 82
489 354
214 149
327 26
103 318
404 246
276 246
408 365
193 211
494 139
480 241
210 380
265 87
8 431
435 498
286 375
415 31
420 375
288 421
362 370
95 26
100 370
298 385
246 195
359 72
89 211
397 364
433 21
223 211
438 365
487 257
468 15
165 206
277 447
376 426
101 221
486 32
279 493
427 391
204 319
278 268
80 283
33 437
280 314
426 139
156 278
442 83
213 31
366 273
383 442
457 391
135 340
231 48
248 217
211 335
343 262
477 454
116 448
493 206
245 104
284 32
437 274
113 150
315 284
428 161
331 228
316 105
13 104
257 464
310 290
291 48
67 340
6 64
135 474
196 161
308 402
349 403
421 279
151 418
384 397
76 244
282 120
287 464
59 48
14 305
437 408
113 284
379 403
16 351
52 8
38 110
448 8
277 126
455 398
488 346
188 54
279 172
50 120
160 480
294 480
335 481
402 13
85 306
462 64
467 408
483 352
194 249
221 352
307 126
83 418
119 75
482 127
485 398
210 193
248 485
270 244
121 121
233 362
286 188
76 378
175 357
400 475
133 131
246 8
438 178
476 470
401 296
376 239
491 189
207 430
188 188
31 204
182 373
163 131
278 81
369 199
468 178
43 214
445 194
478 142
183 194
307 260
67 19
196 429
366 86
308 81
151 97
288 368
436 266
265 384
58 91
75 260
415 328
19 328
396 86
244 446
51 51
412 30
128 271
169 272
205 491
414 76
278 215
280 261
393 138
257 277
348 395
482 395
141 102
345 97
83 97
162 390
46 215
324 159
477 401
62 159
227 226
287 277
77 467
452 344
14 118
428 108
433 452
226 159
410 468
418 329
247 447
316 52
321 396
44 118
118 67
219 119
217 46
310 237
370 288
199 406
386 232
9 282
102 473
485 211
215 350
99 175
250 344
2 242
76 191
227 360
309 170
18 186
303 355
339 12
36 11
127 129
374 6
117 350
222 366
203 124
356 366
15 73
20 417
376 52
91 68
256 135
335 428
316 186
236 422
445 7
87 299
142 6
221 299
307 73
312 417
119 22
388 412
99 309
291 479
24 135
100 130
243 438
265 197
213 7
344 490
366 249
3 197
176 125
126 38
170 310
417 187
59 479
202 33
394 203
70 79
108 371
130 130
493 182
448 439
332 264
373 265
385 90
123 90
177 326
484 254
387 321
290 388
227 39
265 331
3 331
347 141
378 208
267 377
368 429
0 33
454 203
170 444
357 270
491 270
72 286
53 44
359 316
89 455
414 23
148 281
165 450
198 398
294 106
197 173
274 393
348 342
48 50
447 321
177 460
465 338
102 286
201 265
5 353
60 60
65 404
440 281
118 230
462 40
159 39
136 55
475 275
172 466
268 174
254 276
405 445
78 50
229 219
60 410
93 358
113 44
305 214
95 404
155 455
222 179
208 281
342 281
359 450
92 106
245 348
74 466
242 50
283 51
16 461
85 66
310 184
318 45
411 236
488 456
235 10
64 128
102 420
215 297
196 55
275 348
5 487
407 467
140 123
178 415
200 174
2 189
81 482
442 461
478 118
120 410
254 410
290 67
328 359
326 286
441 236
344 303
416 179
379 297
420 298
38 4
131 195
492 174
134 466
170 123
323 365
309 467
152 483
133 241
185 431
246 118
432 308
397 287
127 426
490 478
223 134
302 427
283 185
448 252
33 10
71 302
263 472
15 370
376 349
161 195
163 241
80 206
140 257
313 185
478 252
235 494
307 370
477 27
482 371
193 268
210 437
306 145
154 313
195 314
1 448
133 375
347 304
415 438
239 212
412 140
315 207
31 448
199 32
63 144
104 145
329 263
40 160
351 22
442 140
172 279
306 279
56 104
121 499
231 105
308 325
382 274
330 84
63 494
285 341
458 269
475 438
245 161
487 448
68 464
164 172
315 341
53 341
34 99
488 269
50 43
197 470
255 448
296 449
2 2
444 347
67 397
464 33
6 121
23 290
441 49
231 239
46 459
151 475
159 336
319 59
420 111
323 178
171 346
303 465
449 290
476 393
209 49
126 14
186 65
92 403
391 470
91 178
163 54
201 346
237 3
66 121
156 14
235 307
60 491
8 301
495 419
443 229
168 24
360 194
368 55
459 173
244 19
309 414
1 261
37 480
224 306
325 358
77 256
228 425
126 148
198 24
293 261
31 261
380 415
91 312
256 379
204 189
66 255
327 30
101 441
82 199
290 148
480 245
172 92
158 194
210 384
22 333
8 435
383 312
457 261
61 261
248 87
24 379
98 328
368 189
459 307
285 154
458 82
174 323
475 251
191 492
260 97
378 318
149 266
171 25
264 216
281 385
341 436
322 194
93 334
470 92
148 41
239 159
17 497
466 323
70 323
414 133
331 98
350 148
369 390
396 493
102 46
465 98
220 267
371 436
440 41
82 333
444 160
405 205
446 206
83 154
88 498
479 154
368 323
212 160
439 324
139 62
166 165
129 283
333 278
123 468
318 155
268 68
23 237
446 340
124 289
234 457
330 165
159 283
76 248
497 278
222 73
227 417
249 176
1 74
4 345
460 396
298 68
251 222
303 412
319 356
337 181
15 130
87 6
92 350
427 74
69 366
430 345
242 294
429 120
307 130
334 233
367 181
158 7
289 490
388 469
484 177
2 433
420 192
103 485
464 464
175 361
323 259
340 428
288 238
362 187
152 377
138 479
496 187
191 305
438 182
223 28
228 372
319 490
299 23
417 244
147 383
128 141
188 192
58 311
471 480
108 428
278 85
126 445
329 23
177 383
9 18
121 259
327 327
308 85
46 85
426 306
288 372
141 322
494 440
251 490
77 337
378 265
56 214
116 265
460 75
176 316
336 39
19 332
454 260
244 450
51 55
357 327
338 85
343 429
394 394
359 373
493 373
218 168
396 440
74 389
146 265
32 163
385 281
104 39
310 107
172 173
259 327
386 102
419 50
124 102
201 322
440 338
178 338
233 45
269 456
250 214
351 266
384 214
136 112
39 179
345 451
78 107
190 348
231 349
243 174
490 51
266 343
398 462
304 46
469 113
317 281
432 231
108 107
182 56
90 467
26 482
411 293
461 410
483 169
240 411
413 339
485 215
196 112
237 113
311 62
13 405
402 180
44 472
99 179
291 349
43 247
84 56
153 415
105 344
168 134
319 303
300 61
379 354
492 231
222 370
323 422
356 370
20 421
395 298
450 5
36 365
167 67
332 134
337 478
450 355
235 201
427 371
50 421
489 468
88 124
121 72
214 263
98 88
426 119
290 258
367 478
477 84
141 135
251 303
383 422
42 129
21 191
59 483
169 89
207 381
491 140
301 16
342 17
72 156
336 202
369 150
74 202
468 129
184 370
49 145
54 489
128 438
273 38
278 382
498 156
156 392
216 443
269 269
351 79
442 197
153 94
158 438
229 89
456 280
60 280
41 38
473 449
170 448
285 398
305 84
431 223
222 49
58 392
336 336
418 146
338 382
393 89
90 280
467 38
236 105
312 100
102 290
88 392
451 444
485 28
27 116
44 285
462 44
252 234
403 403
62 110
306 470
345 398
326 156
23 347
157 347
382 465
35 357
458 460
208 285
282 234
323 235
111 352
336 470
377 471
110 127
182 3
209 106
112 173
184 49
411 240
413 286
462 178
217 347
18 137
344 307
8 358
368 112
492 178
155 4
380 122
96 363
228 482
300 358
322 117
52 256
396 66
487 184
203 425
299 133
87 250
205 471
12 76
237 194
278 195
316 487
369 313
355 415
429 364
28 20
484 71
167 364
327 87
29 430
156 205
235 498
257 257
269 82
348 375
40 30
482 375
105 425
193 272
210 441
158 251
306 149
121 369
157 26
195 318
46 195
79 143
431 36
169 36
134 15
287 257
347 308
223 272
245 31
281 442
437 201
449 26
146 25
225 318
338 195
376 487
450 436
472 195
293 452
12 210
317 257
143 104
129 206
253 272
275 31
426 200
156 339
178 98
238 149
370 268
141 216
180 144
273 335
306 283
157 160
382 278
421 206
137 447
192 154
305 31
56 458
460 319
190 458
138 268
96 42
127 109
338 329
453 279
164 176
106 171
218 412
226 273
69 289
143 238
418 443
201 216
104 283
236 402
291 109
365 58
43 7
194 176
345 345
372 448
344 120
22 69
27 413
60 361
99 289
286 115
131 12
189 182
1 131
37 350
110 74
314 69
30 310
16 412
52 69
90 361
117 464
374 120
356 480
353 182
427 131
17 233
466 59
108 351
71 469
332 244
318 346
404 120
156 18
142 120
235 311
381 136
210 254
61 131
214 373
195 131
360 198
308 8
384 3
422 295
191 362
287 70
452 137
438 239
322 64
38 305
225 131
450 249
31 265
17 367
466 193
283 486
123 204
329 80
158 198
232 147
237 491
306 96
345 24
42 23
308 142
24 383
65 384
459 311
238 312
436 327
458 86
62 86
400 81
37 29
433 29
303 148
93 338
266 266
247 24
357 384
338 142
486 40
414 137
47 343
28 101
143 51
294 220
481 46
139 282
273 282
364 400
498 400
97 56
60 174
440 395
99 102
272 30
398 169
477 462
134 96
460 266
243 231
284 40
187 107
261 56
319 226
30 123
35 467
401 36
222 293
413 46
108 164
256 62
321 457
44 179
393 333
258 108
291 56
296 400
332 57
122 247
483 226
273 416
312 344
367 51
50 344
289 360
237 170
311 119
25 287
346 113
103 355
497 282
194 473
323 129
18 247
400 349
78 298
138 349
3 124
476 344
206 483
341 119
38 118
244 186
282 478
106 252
128 11
320 181
256 196
11 365
85 314
468 52
385 17
188 412
221 360
257 17
386 427
50 478
485 406
140 371
162 130
200 422
368 6
65 197
115 314
63 124
156 315
216 366
290 315
403 192
190 84
228 376
281 202
360 495
322 11
131 443
357 197
436 490
207 438
155 248
260 264
342 74
471 484
130 191
223 382
317 17
396 310
126 449
239 326
10 274
202 444
109 253
183 202
236 28
12 320
34 79
466 490
80 454
9 22
253 382
313 433
13 141
211 156
290 449
254 203
378 269
326 79
479 321
116 269
190 218
176 320
264 167
382 388
454 264
305 141
16 38
95 331
208 208
433 326
226 33
284 203
14 342
358 152
96 152
261 219
123 285
109 387
434 147
26 352
12 454
409 90
259 331
64 55
102 347
124 106
129 450
275 275
349 224
440 342
388 152
252 291
250 218
291 219
120 337
227 234
180 388
18 60
56 352
83 455
212 111
456 471
490 55
319 173
57 173
342 342
37 460
455 219
133 168
224 286
321 404
71 229
15 297
392 55
483 173
256 359
289 307
297 168
388 286
25 234
481 477
214 133
43 251
65 10
103 302
142 230
268 369
307 297
403 5
210 364
306 72
292 174
19 15
170 184
73 251
31 25
75 297
261 487
295 71
148 21
101 205
348 82
26 31
12 133
375 185
278 252
80 267
61 25
140 318
424 77
5 93
65 144
426 123
63 71
216 313
238 72
367 482
45 431
232 257
292 308
56 31
94 323
438 133
484 478
93 98
431 93
436 437
95 144
361 263
72 160
438 483
75 431
149 380
176 483
209 431
336 206
410 155
396 257
415 499
165 324
239 273
373 273
352 150
49 149
150 201
139 42
177 334
451 314
181 453
327 278
280 432
5 227
440 155
197 397
252 104
250 31
329 324
444 274
425 32
480 493
259 494
292 442
345 268
248 335
303 42
344 43
330 145
192 211
458 330
439 88
208 155
213 499
361 397
309 207
347 499
474 274
460 376
336 340
322 442
74 340
148 289
239 407
411 110
428 279
414 381
488 330
465 346
129 397
44 289
25 47
200 48
217 217
370 459
103 115
404 43
442 335
464 94
276 43
386 403
157 351
210 177
243 125
248 469
22 126
420 172
84 223
175 341
147 13
133 115
207 64
284 284
476 454
30 367
16 469
401 280
15 244
202 70
279 290
69 480
413 290
499 64
311 13
388 233
80 80
167 234
258 352
332 301
122 491
423 419
307 244
463 3
105 295
499 414
344 311
457 188
98 255
473 132
175 475
285 81
343 59
147 147
155 8
260 24
265 368
320 75
493 3
209 244
341 363
225 188
338 65
188 306
293 322
375 132
17 424
204 250
167 368
327 91
373 436
406 384
32 143
65 91
371 363
255 188
408 430
141 86
479 81
368 250
459 368
192 24
362 435
114 333
100 435
361 210
452 328
89 276
212 87
336 153
14 102
239 220
266 323
352 97
169 390
315 215
240 41
391 210
275 35
32 277
440 102
178 102
310 221
7 220
81 169
444 221
442 148
125 441
308 333
46 333
440 452
475 446
175 154
249 103
264 411
416 216
476 267
228 165
90 231
38 41
439 385
222 350
282 401
356 350
205 154
418 447
316 170
11 288
393 390
467 339
217 164
406 63
119 6
124 350
270 175
200 345
365 412
76 309
464 391
6 479
340 355
362 114
436 63
73 11
78 355
441 407
174 63
300 175
304 294
68 17
36 479
380 289
167 181
184 350
406 197
385 74
156 22
86 192
124 484
499 361
135 84
121 186
234 63
360 202
43 495
368 63
98 202
84 304
115 371
63 181
216 423
288 299
18 438
436 197
119 490
193 439
463 300
213 125
292 418
361 23
3 315
89 89
93 208
454 187
68 151
205 422
493 300
204 197
322 418
396 367
280 192
10 331
385 208
109 310
461 203
172 100
28 321
446 80
62 90
306 450
400 85
363 203
95 388
47 347
247 378
352 394
11 101
109 444
122 117
120 44
199 337
226 440
312 214
424 455
289 230
297 91
13 332
214 56
328 343
39 240
441 220
138 219
191 45
303 286
344 287
206 353
57 230
222 297
304 107
111 466
224 343
36 292
127 410
187 461
209 220
242 168
332 61
337 405
10 10
15 354
86 5
124 297
316 467
402 241
291 410
189 133
1 82
45 354
191 179
265 128
77 77
195 298
98 365
343 169
54 66
128 15
246 236
110 375
466 10
146 5
423 313
450 416
123 21
472 175
348 139
31 432
64 380
499 308
369 427
167 478
313 303
211 26
255 298
441 488
482 489
475 72
366 314
308 309
93 155
285 325
266 83
114 443
458 253
174 494
260 268
342 78
347 422
70 144
185 94
245 145
322 365
294 37
109 257
150 258
12 324
411 33
275 145
354 438
153 155
180 258
292 499
328 156
248 392
234 494
344 100
330 202
454 268
319 43
458 387
169 284
497 315
227 454
309 264
37 330
133 38
224 156
432 105
96 156
338 443
30 290
374 100
407 48
412 392
186 49
315 459
226 387
427 111
50 161
215 228
297 38
145 398
219 347
81 413
103 172
120 341
345 459
435 352
421 454
457 111
99 403
490 59
159 454
228 59
492 105
224 290
416 460
223 65
302 358
314 183
186 183
299 60
376 280
293 245
279 347
182 414
355 342
80 137
66 239
481 481
291 357
327 14
103 306
423 476
120 475
307 301
381 250
193 199
344 368
42 3
214 487
195 245
176 3
267 121
272 465
360 312
19 19
420 363
79 70
473 189
459 291
73 255
191 476
262 127
33 75
472 122
241 189
31 379
17 481
86 86
375 189
447 65
177 204
130 358
256 497
364 30
350 132
47 323
253 199
197 267
238 76
269 143
480 363
306 210
345 138
83 138
157 87
60 154
98 446
211 323
233 82
362 492
100 492
134 76
213 369
260 215
149 384
14 159
0 261
74 210
418 20
454 431
165 328
187 87
352 154
390 446
472 256
375 323
466 441
488 200
240 98
391 267
160 334
146 436
354 385
310 278
392 88
425 36
345 272
367 31
9 323
275 442
344 47
8 98
250 385
458 334
175 211
328 453
20 108
37 277
14 293
432 52
228 222
453 340
38 98
263 216
92 334
240 232
279 160
358 453
432 402
91 109
294 468
467 396
167 104
103 119
142 47
276 47
307 114
482 115
344 181
27 474
365 469
62 468
422 222
59 170
374 181
15 248
92 468
166 417
202 74
293 192
380 346
110 485
430 463
242 412
11 479
406 254
122 495
423 423
156 79
221 474
255 58
348 249
389 58
494 74
158 125
80 434
99 484
248 18
286 310
175 479
211 136
285 85
18 495
463 357
213 182
325 423
58 79
452 198
490 490
75 248
168 439
190 198
493 7
262 74
74 23
150 18
241 136
394 378
414 64
295 372
28 28
107 321
129 80
468 300
294 147
299 491
5 44
49 316
472 419
329 141
61 326
382 152
60 101
46 203
211 270
398 96
403 440
114 337
136 96
475 316
347 316
56 332
400 142
111 39
190 332
176 434
281 450
262 208
490 35
30 50
68 342
379 204
458 497
117 204
208 322
72 461
106 45
130 439
240 45
160 281
182 40
392 35
386 220
372 322
83 219
330 96
8 45
118 405
178 456
159 214
103 282
115 107
326 327
344 344
416 220
30 184
117 338
492 215
282 405
284 451
353 56
471 277
108 225
411 411
392 169
423 236
210 128
311 180
402 298
99 297
286 123
327 124
175 292
290 242
496 118
174 67
191 236
344 478
228 303
176 113
222 488
266 6
304 298
357 124
343 226
469 365
54 123
496 468
260 191
144 16
314 427
322 288
85 375
410 135
107 134
448 427
470 186
146 62
184 354
10 201
423 370
82 77
109 180
66 483
498 140
162 191
179 360
404 478
473 83
250 11
18 442
389 355
463 304
67 304
193 443
438 247
42 247
168 386
195 489
262 21
456 264
79 314
431 207
246 427
262 371
336 320
33 319
468 247
294 94
51 336
385 212
71 22
236 89
447 309
350 376
9 83
5 341
354 495
136 43
213 263
479 382
303 156
60 398
357 392
57 100
95 392
117 151
131 49
356 167
474 388
92 94
207 44
377 455
148 403
449 331
434 208
161 49
331 460
69 460
237 44
440 403
18 121
367 275
119 173
231 414
325 49
435 409
379 285
134 454
170 111
282 352
147 127
320 55
399 348
380 106
187 465
261 414
11 239
10 14
15 358
205 455
353 353
334 111
427 302
163 229
350 55
80 194
489 399
167 348
103 363
142 291
381 307
403 66
119 307
141 66
174 14
191 183
77 81
94 250
420 420
456 77
170 245
436 364
417 122
422 466
260 138
359 117
70 14
493 117
245 15
314 374
198 199
150 128
447 122
488 123
125 71
424 138
465 139
451 241
406 498
65 205
183 426
329 251
389 302
463 251
383 487
19 210
305 15
343 307
384 308
458 257
155 256
134 133
208 82
260 272
287 375
58 323
116 493
185 98
262 318
410 216
14 216
396 318
74 267
239 334
472 313
411 37
461 154
465 273
129 324
146 493
179 441
280 493
354 442
440 216
252 165
310 335
370 386
442 262
328 160
157 278
231 227
196 206
330 206
495 273
159 324
35 288
379 98
262 452
437 453
36 109
490 279
247 329
338 447
453 397
434 155
263 273
337 222
221 47
279 217
413 217
143 356
316 284
407 402
467 453
66 109
214 7
219 351
406 177
103 176
180 396
290 2
119 120
105 222
344 238
22 187
457 115
154 114
200 459
286 233
459 161
492 109
230 109
395 176
496 228
490 413
471 171
209 171
165 64
277 305
15 305
68 131
450 233
128 182
353 300
427 249
380 403
130 228
295 295
10 311
43 259
269 13
403 13
389 115
119 254
105 356
141 13
463 64
234 177
456 24
98 316
285 142
290 486
362 362
384 121
458 70
477 312
339 378
168 496
171 13
302 496
267 475
14 29
396 131
79 424
454 301
338 126
417 419
54 367
486 24
320 486
375 193
466 311
130 362
166 19
295 429
429 429
28 85
88 136
167 429
181 327
354 255
445 373
370 199
408 491
444 148
172 214
196 19
137 378
211 327
285 276
238 430
250 255
361 271
39 220
359 198
479 492
152 97
185 45
212 148
229 317
165 332
113 142
431 451
35 451
412 209
488 204
171 497
69 220
335 339
333 266
370 333
9 327
349 395
421 271
151 410
462 272
103 339
227 405
175 215
249 164
474 282
496 41
224 107
127 174
415 52
57 344
131 293
230 272
395 339
376 97
469 288
133 339
69 354
110 355
96 457
143 303
380 216
413 164
283 283
333 400
236 467
406 124
423 293
101 242
235 242
221 344
386 411
334 221
8 236
457 62
140 355
211 6
271 57
288 226
251 344
325 293
77 191
94 360
438 170
302 309
360 479
341 237
57 478
266 63
299 11
304 355
169 130
188 180
110 489
108 416
149 417
209 468
314 484
107 191
468 170
198 309
32 17
87 478
183 186
364 197
80 438
102 197
248 22
115 432
271 191
477 259
114 207
494 428
400 12
168 443
264 151
303 79
473 490
206 146
266 197
241 140
336 377
418 187
280 253
373 444
333 79
371 371
412 372
472 423
444 95
48 95
125 315
259 315
364 331
9 140
102 331
233 33
425 203
37 94
157 388
281 454
495 383
266 331
57 157
439 259
395 152
111 393
185 342
493 495
240 49
352 455
217 38
411 281
48 229
423 106
483 157
87 157
125 449
446 275
50 275
275 393
316 394
349 342
44 460
76 183
152 178
105 332
463 40
330 450
55 245
132 465
117 342
282 409
455 337
284 455
17 111
182 178
209 281
283 230
374 348
11 296
126 246
470 56
101 189
221 291
427 359
215 476
237 235
364 10
80 251
200 353
103 420
6 487
403 123
100 122
292 292
56 15
154 358
176 117
267 235
79 184
454 61
492 353
170 302
285 252
68 25
21 179
147 318
491 128
155 179
320 246
394 195
72 144
149 364
223 313
171 123
209 415
374 482
396 241
146 66
225 359
10 205
390 426
68 375
49 133
101 323
109 184
412 185
273 26
102 144
445 483
151 36
137 138
250 15
119 498
193 447
287 82
366 375
405 303
498 494
211 437
357 262
431 211
213 483
246 431
72 278
20 88
455 16
460 360
437 376
261 150
335 99
90 268
296 144
28 329
426 375
269 391
291 150
365 99
370 443
43 48
141 391
419 335
367 145
157 335
303 160
41 160
495 330
319 104
384 499
21 447
458 448
282 222
230 32
96 217
261 284
283 43
16 453
186 110
263 330
15 228
409 155
106 346
414 499
331 464
279 274
256 290
316 341
217 335
442 453
120 402
142 161
216 110
45 228
480 156
270 346
297 449
22 244
115 408
244 64
1 306
343 43
496 285
224 351
265 352
298 300
127 418
187 469
302 419
470 3
277 362
373 70
279 408
91 357
429 352
162 8
43 316
389 172
119 311
193 260
158 239
157 14
286 424
234 234
267 182
382 132
93 29
454 8
189 491
285 199
1 440
357 75
436 368
73 316
114 317
100 419
496 419
475 296
287 245
320 193
361 194
72 91
77 435
399 486
438 414
149 311
460 173
93 379
437 189
376 475
68 322
301 301
31 440
53 199
218 266
369 435
426 188
252 35
444 205
86 497
67 255
306 271
328 30
345 199
56 96
9 250
97 97
368 368
153 379
262 322
377 272
449 148
187 148
192 492
321 148
164 164
203 92
15 41
53 333
414 312
92 261
160 395
146 497
215 102
289 51
242 205
316 154
335 396
489 82
370 390
318 200
464 25
273 457
23 282
83 333
344 108
330 210
233 277
324 395
2 344
24 103
98 52
136 344
39 411
395 46
78 339
174 47
224 164
298 113
377 406
416 334
476 385
415 109
57 401
356 468
428 344
128 52
166 344
242 339
333 457
407 406
406 181
87 401
383 170
360 186
76 427
473 63
1 253
438 227
149 124
314 191
38 293
390 186
431 187
147 428
155 289
293 253
353 304
466 181
493 284
350 6
10 315
32 74
197 141
255 119
461 187
177 428
350 356
313 474
382 79
60 28
115 489
211 197
238 300
250 125
403 367
389 469
3 433
39 90
336 84
341 428
148 33
454 305
165 202
266 254
431 321
150 79
394 439
144 264
226 74
336 434
69 90
430 69
468 361
280 310
481 34
123 326
370 203
81 100
461 321
442 79
498 388
151 280
495 90
233 90
272 18
2 157
40 449
384 259
213 377
400 203
4 203
460 254
251 80
154 147
35 455
342 383
106 106
432 276
413 34
96 327
146 444
85 168
411 338
34 388
446 332
289 348
8 106
118 466
173 173
76 240
420 50
425 394
84 101
59 44
100 45
105 389
270 456
55 302
228 230
57 348
492 276
106 240
491 51
496 395
394 118
314 354
181 10
198 179
332 179
373 180
235 246
257 5
386 415
427 416
12 174
50 466
124 415
259 51
27 482
297 343
80 308
66 410
24 184
115 302
156 303
459 112
211 10
193 370
475 56
339 195
22 488
154 415
195 416
93 139
492 410
266 67
54 184
147 375
493 231
245 129
184 415
128 483
296 67
465 253
102 201
498 201
156 437
329 365
463 365
232 432
213 190
368 478
437 83
285 443
384 422
95 319
260 386
361 438
72 335
359 365
70 262
437 433
160 155
146 257
49 324
315 443
337 202
12 442
411 151
122 48
139 217
226 371
465 387
103 156
405 494
9 494
495 387
173 336
206 284
228 43
136 454
356 228
111 397
59 207
284 325
14 464
358 274
430 150
187 392
223 49
434 269
337 336
101 59
50 279
499 105
311 54
481 465
118 413
478 167
115 115
290 116
307 285
105 336
193 183
265 59
306 60
8 403
443 331
154 228
281 3
415 3
368 157
79 54
271 224
147 188
133 290
77 358
33 59
184 228
390 296
450 347
279 465
86 70
466 291
88 116
167 409
179 234
354 235
440 9
178 9
216 301
408 471
172 194
158 296
383 414
452 19
231 20
281 137
98 430
454 65
137 358
192 65
246 301
287 302
171 127
314 435
47 91
247 122
321 71
352 138
431 431
128 430
414 235
218 323
204 425
129 251
179 368
253 317
156 384
255 363
158 430
273 380
498 498
83 256
231 154
382 323
41 30
137 492
211 441
324 318
384 369
347 487
89 451
264 452
284 138
36 36
127 154
333 30
434 82
263 200
301 492
353 93
391 385
413 144
50 92
465 334
430 313
256 160
388 87
462 36
43 52
392 206
103 103
483 324
464 82
419 339
23 339
372 493
78 46
45 98
324 452
76 350
175 329
323 227
111 344
133 103
108 46
149 47
283 47
453 458
434 216
131 407
186 114
184 41
225 42
106 350
188 160
205 329
413 278
182 345
369 171
402 119
179 47
122 479
483 458
23 473
172 7
191 57
237 402
402 469
61 176
387 346
496 289
399 356
190 182
209 232
341 351
401 402
373 74
15 366
376 345
491 295
128 243
353 361
31 310
70 238
256 428
470 357
451 115
65 79
385 249
426 58
255 176
403 74
86 367
172 141
424 362
405 120
83 69
157 18
162 362
286 428
189 495
324 131
398 80
35 28
463 475
62 131
227 198
265 490
3 490
309 8
460 177
171 74
113 69
321 18
431 378
164 34
260 496
342 306
107 439
13 23
333 193
393 244
178 90
81 157
392 19
364 445
386 204
196 80
201 424
234 372
289 271
440 440
495 147
104 491
137 439
272 75
384 316
153 383
132 445
113 203
187 152
319 271
434 29
222 338
106 163
91 40
96 384
220 450
85 225
489 86
184 204
291 101
406 51
34 445
312 389
45 45
402 282
25 332
76 297
103 400
189 174
323 174
326 445
138 394
251 271
339 118
344 462
267 215
420 457
112 112
356 472
390 56
68 5
279 225
91 174
108 343
355 220
429 169
448 411
107 118
112 462
332 236
48 477
482 180
499 349
237 349
253 293
234 51
404 462
137 118
216 411
285 16
40 185
174 185
191 354
306 304
3 303
452 129
438 231
267 349
363 57
79 298
192 175
230 467
68 139
439 52
72 258
336 304
369 252
451 62
181 201
294 78
354 129
51 320
393 57
296 124
301 468
237 483
273 140
61 257
9 67
275 186
211 201
159 11
329 422
114 268
136 27
172 438
227 145
56 263
37 21
19 381
379 135
282 202
361 495
428 27
414 129
410 387
44 37
197 279
318 17
447 427
97 48
88 494
349 269
118 336
365 213
2 161
81 454
351 315
268 280
276 141
340 156
326 258
78 156
41 274
416 151
127 48
154 151
233 444
57 218
282 336
230 146
304 95
224 331
279 38
380 90
449 449
430 207
471 208
355 33
434 326
409 269
87 218
240 460
312 336
413 388
140 229
327 55
43 296
175 223
328 465
416 285
19 60
401 162
189 471
244 178
343 157
54 54
205 223
339 415
394 122
75 342
369 65
51 133
101 250
123 9
109 111
188 404
293 420
408 178
86 127
82 358
142 409
211 14
153 9
287 9
366 302
378 127
56 76
176 178
341 245
368 348
98 487
79 245
456 195
211 364
244 312
266 71
384 292
169 138
287 359
75 476
149 425
264 375
123 143
109 245
139 87
312 15
129 308
253 374
82 492
365 26
370 370
444 319
62 25
464 5
56 210
4 20
231 211
303 87
344 88
330 190
368 482
377 36
473 498
151 447
495 257
16 30
458 375
497 303
39 391
185 216
437 437
160 159
209 21
51 401
11 36
90 329
448 37
122 52
221 31
226 375
317 493
427 99
69 391
50 149
275 267
333 437
407 386
388 144
393 488
291 211
365 160
175 36
268 227
307 155
446 499
83 447
119 104
480 83
243 170
421 442
346 268
76 407
57 165
84 268
134 385
20 283
395 160
147 58
55 469
490 397
228 397
52 171
299 48
106 407
188 217
31 233
17 335
143 474
177 58
163 160
237 109
278 110
66 227
140 176
255 99
158 166
311 408
366 115
435 474
94 181
173 474
272 453
308 110
382 59
19 7
368 161
115 469
459 279
211 177
325 464
359 48
89 187
410 13
203 474
239 131
225 233
352 8
150 59
17 469
80 259
162 69
179 238
63 63
329 182
447 403
42 125
231 24
286 485
63 413
362 480
477 430
475 357
227 255
287 306
438 475
75 423
281 491
336 198
127 24
113 126
165 316
352 142
433 481
226 188
391 255
107 496
143 153
13 80
481 148
178 147
67 316
172 332
199 435
405 311
231 158
435 153
421 255
443 14
211 445
272 132
208 147
213 491
20 96
455 24
358 91
363 435
96 91
319 328
379 379
16 327
434 86
241 445
106 220
188 30
279 148
427 46
143 287
160 456
388 91
429 92
481 282
43 56
161 277
441 102
45 102
446 446
289 462
344 169
462 390
360 113
98 113
84 215
459 92
271 41
18 349
400 451
243 467
77 175
416 395
168 293
176 154
453 462
203 287
108 400
177 5
204 108
429 226
101 360
445 170
197 68
274 288
255 46
334 339
64 478
45 236
348 237
480 164
232 62
121 231
195 180
234 108
387 350
24 298
1 314
18 483
422 344
193 484
339 309
39 17
438 288
190 186
16 6
128 247
169 248
293 314
466 242
70 242
278 191
107 309
220 186
299 479
371 355
393 114
467 63
269 78
334 473
81 27
34 181
158 247
484 417
162 366
349 192
65 433
25 68
329 479
398 84
475 304
153 253
227 202
39 151
37 78
116 371
479 423
138 130
264 269
19 438
90 89
95 433
53 207
106 33
432 203
74 495
143 100
160 269
182 28
321 372
85 95
411 265
392 23
423 90
139 331
488 485
9 258
50 259
289 275
178 444
291 321
103 270
189 44
323 44
288 23
377 280
319 275
439 377
147 168
96 388
295 39
332 106
413 445
177 168
27 409
388 388
66 337
360 60
478 281
459 39
307 399
288 157
4 398
436 55
119 348
477 56
480 327
490 291
94 291
438 101
360 410
401 219
79 168
492 337
455 455
54 111
59 455
491 112
293 127
374 466
107 122
10 189
188 461
31 477
408 235
158 60
199 61
179 348
327 246
313 348
43 487
349 5
477 190
193 431
227 15
213 117
361 15
457 477
190 133
281 251
206 77
285 370
305 56
35 195
155 297
260 313
208 123
282 72
347 467
218 87
33 307
129 15
486 252
472 354
109 302
241 421
48 26
34 128
177 436
424 313
28 313
446 72
465 314
388 67
421 15
159 15
477 324
103 83
227 149
306 442
400 77
41 144
206 211
21 431
117 139
208 257
230 16
309 309
39 448
72 396
433 375
474 376
185 273
133 83
212 376
224 201
262 493
298 150
449 319
242 26
434 196
236 211
409 139
414 483
483 88
312 206
129 499
242 376
388 201
481 392
365 217
404 145
478 94
120 386
483 438
196 381
325 37
99 448
319 222
272 376
84 325
492 150
230 150
395 217
343 27
298 284
164 469
186 228
487 156
235 120
334 99
17 392
350 43
66 284
179 161
290 177
288 104
403 54
408 398
232 172
22 362
42 48
195 290
281 64
308 167
288 454
431 8
73 300
114 301
260 126
265 470
394 126
36 418
72 75
397 397
149 295
176 398
209 346
283 295
126 311
112 413
470 121
468 48
299 239
371 115
68 306
54 408
412 116
486 65
274 182
447 110
130 403
278 301
369 419
350 177
88 177
181 368
82 362
238 121
348 481
7 188
389 290
444 189
180 116
259 409
292 357
42 182
479 183
162 476
234 352
308 301
363 8
260 260
342 70
284 65
363 358
454 476
146 131
261 81
51 271
90 199
125 193
240 143
28 260
102 209
129 312
294 379
242 189
13 137
178 204
219 205
291 81
370 374
29 81
34 425
442 250
172 389
120 199
464 9
273 441
6 97
441 25
275 487
305 137
117 86
134 255
249 205
323 154
37 322
59 81
399 149
127 215
302 216
305 487
379 436
11 40
90 333
450 87
226 379
143 344
91 154
430 374
485 81
215 220
217 266
318 318
45 159
94 51
195 103
420 221
368 31
84 272
496 216
246 41
89 57
149 108
302 350
341 278
322 36
390 170
202 119
279 339
375 47
163 164
316 406
80 129
451 42
181 181
327 6
332 350
371 278
101 417
183 227
216 175
80 479
286 355
272 457
387 407
60 12
46 114
115 473
459 283
137 232
422 401
325 468
460 104
0 119
454 289
487 237
244 479
90 12
241 181
320 474
72 372
488 58
218 197
33 417
102 22
451 176
468 345
373 485
354 243
445 361
370 187
86 428
122 85
158 304
405 181
97 28
157 79
382 197
46 248
132 22
213 361
39 208
400 187
152 85
185 33
456 496
93 444
437 254
187 79
352 146
379 249
164 95
150 197
208 367
282 316
433 485
414 243
106 90
92 192
432 260
247 480
164 445
489 13
291 28
48 270
29 28
423 147
483 198
97 162
118 450
324 326
153 444
213 495
249 152
268 394
326 372
78 270
265 96
36 44
168 163
228 214
453 332
492 260
304 209
188 34
293 50
284 496
91 101
96 445
182 219
295 96
333 388
374 389
107 45
145 337
198 163
445 40
183 40
307 106
381 55
50 450
480 34
383 101
388 445
61 50
66 394
140 343
365 461
2 409
84 219
137 45
288 214
362 163
441 456
119 405
3 230
116 107
302 297
314 122
267 276
415 174
52 122
93 123
230 394
357 169
395 461
54 168
293 184
31 184
283 405
123 123
12 292
259 169
440 180
156 421
238 231
250 56
362 297
227 72
265 364
3 364
56 190
438 292
190 190
267 410
285 427
417 354
246 472
359 349
455 57
185 196
493 349
33 364
465 21
165 483
393 118
467 67
486 309
12 426
391 422
28 370
451 473
83 77
124 78
426 416
118 263
103 140
136 88
180 360
39 155
56 324
400 134
212 83
233 371
439 247
263 21
469 89
474 433
205 16
335 274
374 202
85 99
184 78
122 166
87 145
372 314
215 330
311 38
118 397
462 207
178 448
219 449
478 151
194 392
326 319
4 268
422 27
325 94
22 285
399 43
132 453
84 382
222 346
249 449
455 325
133 274
207 223
335 408
411 403
10 59
376 382
279 449
312 397
86 54
429 393
291 459
5 65
103 408
82 285
362 110
40 59
94 295
267 223
456 122
459 393
357 116
21 167
394 183
36 475
295 177
322 280
52 419
396 229
112 470
468 105
321 55
68 363
486 122
274 239
427 481
86 188
350 234
465 184
162 183
215 9
275 60
280 404
13 60
178 127
81 194
132 132
192 183
266 132
357 250
343 352
431 199
155 301
222 25
58 368
111 194
455 4
410 261
14 261
74 312
487 481
187 189
51 328
393 65
150 307
310 30
315 374
199 199
364 266
317 420
220 487
201 245
27 92
388 71
296 482
444 380
81 328
43 36
345 374
105 133
60 390
250 487
305 194
398 385
395 87
469 36
284 256
449 323
471 82
209 82
338 492
453 442
164 339
203 267
279 262
312 210
91 211
297 87
402 103
407 447
429 206
489 257
193 114
485 488
196 385
168 57
76 468
57 226
492 154
323 345
422 324
59 272
152 463
298 288
246 98
325 391
36 288
58 47
209 216
314 232
396 42
491 279
274 52
380 448
17 396
466 222
130 273
66 288
88 47
313 165
43 304
404 283
426 42
307 350
348 351
408 402
232 176
366 176
419 2
308 171
459 340
40 356
21 114
155 114
287 233
72 79
19 418
38 468
74 125
187 2
431 362
417 464
49 68
123 17
169 362
202 310
315 187
53 187
199 12
369 423
391 182
181 372
146 351
179 299
294 249
280 351
426 176
238 125
255 294
348 485
86 485
461 362
328 18
196 64
330 64
99 131
137 423
2 198
40 490
76 147
114 439
474 193
185 90
284 69
476 239
315 321
414 300
226 249
331 265
143 214
201 192
256 91
407 260
429 19
236 378
365 34
7 326
29 85
372 424
9 372
45 29
105 80
349 440
297 250
22 45
330 198
435 214
495 265
159 316
200 317
365 384
4 378
78 327
325 204
55 343
41 445
471 29
75 29
305 491
52 45
203 214
304 266
428 332
432 451
163 34
283 328
107 102
140 50
181 51
219 343
122 410
404 96
478 45
161 338
216 45
23 404
311 282
402 400
383 158
61 107
66 451
214 349
191 338
246 45
399 287
347 97
77 236
378 164
416 456
89 61
94 405
457 457
190 113
281 231
314 179
415 231
363 41
492 451
299 56
128 174
394 293
375 51
17 343
70 169
369 236
33 287
220 113
332 354
354 113
423 472
445 231
235 421
26 247
12 349
494 123
499 467
199 175
273 124
382 67
387 411
63 287
288 405
62 62
227 129
287 180
89 195
474 6
138 57
176 349
267 467
303 124
382 417
132 242
343 462
53 134
70 303
92 62
185 253
391 129
418 232
129 129
321 299
385 314
486 366
104 72
109 416
219 22
86 432
122 89
386 135
372 237
9 185
102 376
248 201
25 129
118 320
252 320
365 197
40 437
442 417
153 314
227 263
268 264
378 432
419 433
400 191
460 242
168 33
379 253
117 253
222 269
304 79
70 437
143 161
108 140
49 499
393 309
423 151
428 495
125 494
166 495
240 444
367 27
413 372
196 145
237 146
272 140
29 382
276 259
6 398
326 376
441 326
422 84
138 325
191 151
399 100
267 146
57 336
38 94
20 454
469 280
496 383
394 106
182 223
256 172
209 326
374 393
71 392
167 100
277 460
161 285
221 336
350 157
313 275
478 342
459 100
142 393
271 49
475 44
251 336
22 476
135 353
415 178
271 399
343 275
207 414
130 167
336 235
47 132
52 476
165 353
49 178
123 127
348 245
34 55
466 466
177 363
273 71
80 430
426 286
63 234
104 235
178 184
238 235
425 61
475 178
213 178
268 77
4 4
116 245
231 195
248 364
229 122
330 174
192 240
260 374
359 353
322 471
410 318
418 179
110 26
148 318
146 245
220 194
335 144
412 364
393 122
90 313
71 71
310 87
409 66
240 257
226 359
23 30
349 200
140 26
329 487
76 41
254 313
6 211
56 328
367 190
446 483
138 138
382 498
421 426
490 31
228 31
35 390
309 370
20 267
474 437
152 386
171 436
205 20
298 211
352 447
85 103
150 498
186 155
106 391
353 268
64 165
124 216
214 109
219 453
351 380
189 52
290 104
97 463
441 273
210 340
196 442
330 442
267 93
382 43
24 335
115 453
271 212
496 330
207 227
394 53
279 453
12 109
256 469
102 2
140 294
162 53
451 156
179 222
327 120
426 99
156 238
216 289
40 63
210 474
457 351
498 352
135 300
281 125
308 228
192 53
357 120
35 69
496 464
320 238
77 480
438 459
111 64
322 284
148 131
449 59
352 126
68 367
412 177
472 228
202 367
188 469
70 413
488 172
125 120
451 290
146 408
349 13
481 132
467 234
197 373
250 7
329 300
273 368
259 470
345 244
498 486
97 142
248 311
211 429
420 14
136 255
475 475
213 475
287 424
56 491
474 250
59 8
0 367
41 368
437 368
127 142
165 434
352 260
412 311
439 414
428 255
409 13
139 152
92 306
462 24
71 368
467 368
318 245
351 193
103 91
6 158
386 379
367 137
446 430
22 102
27 446
25 373
154 29
230 24
362 143
395 91
460 486
298 158
339 159
77 159
127 276
374 153
415 154
117 497
487 30
92 440
240 338
188 148
293 164
301 25
31 164
85 400
219 400
318 379
156 51
158 97
196 389
311 339
140 457
267 40
420 282
46 41
115 400
211 108
362 277
343 35
152 467
339 293
320 51
106 472
54 282
293 298
315 57
353 349
466 226
278 175
295 344
396 396
451 103
371 339
370 114
232 180
479 57
83 57
421 52
151 191
189 483
250 170
329 463
76 17
463 463
141 412
361 186
3 478
89 252
111 11
171 62
382 474
14 78
93 371
41 181
363 232
456 423
113 57
30 22
21 468
412 124
150 124
394 484
428 68
106 17
240 17
331 135
451 237
129 186
160 253
146 355
321 356
197 320
348 489
86 489
447 468
194 22
83 191
275 361
63 478
104 479
462 187
233 135
238 479
40 494
81 495
62 253
425 305
442 474
134 129
227 320
254 423
56 438
460 299
138 248
41 315
16 258
38 17
203 84
337 84
342 428
376 12
92 253
166 202
207 203
245 495
317 371
430 248
160 387
187 490
407 264
11 264
71 315
145 264
219 213
167 23
318 192
161 208
413 429
105 84
499 203
13 495
402 270
25 320
214 219
351 490
290 214
340 331
288 141
105 434
265 157
303 449
443 429
379 444
450 95
496 440
155 147
353 162
394 163
36 455
17 213
314 399
468 85
184 326
101 291
82 49
158 44
424 163
214 353
368 39
189 296
100 224
480 445
457 461
94 409
79 286
206 61
192 163
244 353
491 230
207 471
394 297
130 224
317 50
126 482
160 66
239 359
225 461
299 410
278 472
345 4
162 297
151 138
324 66
384 117
62 66
141 359
442 287
213 235
405 405
460 112
377 77
16 71
21 415
260 431
208 241
469 16
455 118
185 257
432 134
110 83
96 185
143 31
146 302
373 493
51 442
385 318
412 421
11 77
49 369
472 472
150 421
236 195
310 144
296 246
34 246
461 313
447 415
139 262
9 189
64 88
143 381
499 16
215 257
27 206
13 308
388 185
25 133
118 324
178 375
159 133
214 32
467 478
2 149
103 201
442 421
175 77
268 268
326 246
56 385
419 437
193 94
251 72
132 380
168 37
476 190
131 155
222 273
203 31
309 427
298 268
397 247
223 94
209 196
242 144
256 42
261 386
335 335
448 212
101 104
87 206
166 499
289 340
200 268
253 94
327 43
351 437
194 453
290 161
18 227
196 499
383 325
416 273
319 340
360 341
341 99
420 392
79 99
189 459
230 268
73 284
147 233
95 43
133 335
207 284
417 94
283 279
300 448
415 398
47 2
198 171
51 121
301 269
64 356
237 284
364 59
369 403
406 470
156 295
403 172
477 121
463 223
116 115
121 459
285 301
208 54
320 295
58 295
378 465
75 464
149 413
47 136
93 481
449 116
225 408
373 306
51 255
412 234
49 182
197 80
236 8
315 301
26 198
144 419
199 126
364 193
162 244
220 414
280 465
440 188
44 188
426 290
255 408
329 357
81 255
23 250
135 491
479 301
138 8
229 126
173 194
324 363
398 312
35 260
379 70
153 481
227 430
361 430
433 306
37 306
455 65
284 183
377 374
0 424
432 81
110 30
96 132
437 425
165 491
471 9
16 368
112 76
145 24
186 25
236 142
241 486
409 70
414 414
488 363
353 138
143 328
160 497
163 14
481 323
71 425
269 440
404 76
268 215
367 194
441 143
210 210
462 431
159 430
233 379
76 395
62 497
131 102
222 220
170 30
1 221
340 441
73 97
78 441
251 369
284 317
325 318
223 41
203 328
277 277
263 379
304 380
15 277
376 256
128 154
202 103
207 447
31 221
64 169
80 113
181 165
387 41
82 159
464 261
307 277
482 278
158 154
232 103
270 395
61 221
443 323
286 339
360 288
346 390
473 165
285 114
290 458
436 283
417 41
114 232
100 334
496 334
246 159
399 401
314 293
267 447
322 154
401 447
203 462
15 411
338 98
450 339
491 340
128 288
188 339
320 458
301 216
12 113
91 406
488 42
129 109
220 227
238 52
494 237
447 391
350 458
419 63
484 458
286 473
234 283
473 299
1 489
398 125
477 418
141 469
134 52
303 238
437 238
239 253
30 79
90 130
150 181
263 58
356 249
433 469
130 468
166 125
369 484
28 191
107 484
160 310
280 412
32 310
123 428
217 63
291 12
296 356
81 202
392 64
120 130
194 79
180 181
364 490
157 197
330 125
495 192
189 85
213 479
287 428
328 429
340 254
326 356
474 254
243 321
224 79
303 372
363 423
416 249
113 248
228 198
266 490
90 264
131 265
277 90
411 90
428 259
469 260
205 187
316 203
44 269
219 270
423 265
404 23
483 316
276 23
386 383
50 434
119 39
344 157
360 101
2 393
346 203
365 445
387 204
425 496
4 439
59 146
452 40
168 281
149 39
267 260
304 327
417 204
293 168
204 96
33 214
470 215
445 158
161 399
45 224
389 34
163 445
61 168
135 117
214 410
286 286
65 287
98 235
40 230
494 400
475 158
77 297
75 224
116 225
281 292
19 292
0 50
456 293
431 236
54 286
128 235
394 354
72 303
204 230
465 5
181 246
468 276
486 293
269 66
86 359
34 169
199 236
25 56
114 313
62 123
67 467
458 123
463 467
42 410
460 169
474 67
303 185
79 477
132 303
192 354
35 370
439 231
131 78
433 416
106 21
493 467
245 365
418 293
146 359
187 360
321 360
123 375
219 83
447 472
125 421
235 27
221 129
226 473
273 319
64 145
50 247
102 437
446 247
196 72
402 140
365 258
288 11
419 494
224 26
251 129
399 27
319 263
300 21
117 314
203 88
207 207
245 499
279 83
11 268
355 78
434 371
112 320
203 438
409 314
221 263
499 207
215 448
25 324
484 84
24 99
29 443
464 371
63 27
1 115
362 94
119 336
193 285
265 161
77 110
75 37
176 89
79 156
170 274
1 465
436 393
128 48
155 151
466 43
70 43
355 212
396 213
112 454
186 403
51 178
385 54
450 449
128 398
109 156
197 3
293 465
375 275
499 341
447 151
278 342
259 100
402 408
424 167
313 336
142 454
255 331
389 331
480 449
94 413
456 240
93 188
343 336
35 183
417 285
95 234
361 353
347 455
89 419
185 127
171 229
336 296
14 245
396 347
96 55
129 3
487 465
51 312
296 116
199 183
273 132
364 250
312 60
102 250
88 352
275 178
349 127
354 471
467 348
200 4
403 363
2 19
7 363
141 363
306 430
6 138
345 358
78 14
476 60
21 419
497 348
356 143
455 122
171 363
303 482
0 481
418 240
110 87
338 476
412 425
11 81
16 425
236 199
34 250
488 420
221 76
331 436
465 436
64 92
215 261
104 430
145 431
178 379
351 307
43 154
442 425
120 374
175 81
328 323
386 493
18 97
441 200
105 251
243 215
191 25
495 436
360 211
346 313
131 159
170 87
249 380
20 328
436 206
212 498
358 323
399 324
17 30
490 442
108 148
149 149
283 149
355 25
38 318
112 267
198 41
258 92
390 211
101 108
161 159
240 452
188 262
31 278
163 205
311 103
429 324
484 31
214 170
216 216
276 267
193 232
494 160
158 211
383 329
61 278
438 36
443 380
24 396
98 345
368 206
211 222
357 47
417 98
59 390
147 237
58 165
359 93
438 386
247 37
488 99
204 340
391 166
28 114
429 458
201 42
5 130
354 284
65 181
63 108
178 58
172 243
61 412
42 170
382 238
98 479
137 407
35 130
458 233
475 402
309 110
72 197
116 469
363 346
148 192
96 2
127 69
225 412
247 171
68 428
90 187
439 341
150 238
125 181
160 367
146 469
289 23
354 418
333 295
440 192
481 193
34 413
194 136
386 306
419 254
9 356
83 305
105 64
270 131
60 321
25 300
250 418
324 367
272 177
136 316
323 142
326 413
474 311
133 18
229 480
416 306
449 254
352 321
300 131
16 372
186 29
337 198
53 439
428 316
488 367
205 244
331 383
129 434
466 19
108 311
242 311
316 260
434 481
66 85
145 378
489 188
310 445
392 255
216 29
312 491
64 389
408 199
499 317
388 486
443 193
135 40
121 142
200 435
272 311
497 429
323 276
340 445
133 152
77 220
397 198
490 389
30 404
126 112
131 456
15 281
380 379
91 276
355 322
80 117
107 220
280 148
423 456
235 405
257 164
329 40
482 282
172 56
158 158
306 56
424 277
457 225
327 344
24 343
475 215
227 113
325 456
322 158
377 57
415 349
487 225
192 277
225 225
51 72
95 344
472 102
146 282
5 77
371 400
440 5
145 57
257 298
310 124
296 226
26 365
12 467
444 124
158 292
28 411
405 169
60 134
46 236
137 354
159 113
114 370
153 298
213 349
287 298
328 299
378 416
400 175
231 366
281 483
456 484
0 241
449 67
490 68
247 118
30 83
379 237
150 185
282 304
263 62
279 6
358 299
391 247
430 175
247 468
335 315
407 191
44 139
217 67
296 360
367 11
83 252
311 79
435 145
233 196
24 22
227 381
340 258
191 135
229 427
344 377
399 84
3 84
435 495
113 252
356 387
110 331
96 433
471 310
335 449
374 377
434 428
332 151
10 100
122 341
392 202
161 269
221 320
372 489
64 336
427 388
482 95
177 213
22 110
25 381
140 331
286 156
265 218
77 167
267 264
401 264
487 38
225 38
73 398
133 449
342 34
70 100
245 101
186 460
371 213
232 54
364 173
140 465
88 275
426 270
288 336
40 234
232 404
306 353
287 111
479 281
264 127
456 297
93 245
147 481
260 358
208 168
414 44
336 353
0 404
33 352
449 230
280 229
32 127
296 173
370 122
375 466
226 343
275 235
5 374
403 420
136 76
227 194
41 189
416 66
421 410
454 358
113 65
154 66
228 15
30 30
458 477
222 200
260 492
282 251
433 420
133 128
336 487
284 297
110 144
449 364
160 261
108 71
113 415
11 138
71 189
150 482
236 256
411 257
428 426
488 477
166 426
221 133
331 493
312 251
430 472
196 76
316 370
407 488
481 437
217 364
2 210
29 313
483 483
328 380
381 206
18 154
152 154
105 308
330 426
435 442
416 200
495 493
302 98
84 370
249 437
147 160
325 432
399 381
110 278
96 380
187 498
355 82
396 83
112 324
487 201
263 493
299 150
390 268
235 165
293 335
447 21
80 227
489 432
88 88
217 498
406 397
387 155
307 391
441 391
265 165
378 42
42 93
98 402
230 329
285 228
133 396
155 155
438 443
493 150
468 93
373 233
51 182
101 299
54 453
491 454
26 125
461 53
447 155
488 156
163 396
204 397
259 104
391 223
63 165
269 233
7 233
158 402
213 109
206 69
233 172
266 120
271 464
324 290
452 475
0 351
36 8
418 110
449 177
439 398
241 413
301 464
53 362
414 341
199 187
317 408
50 64
25 7
197 491
462 8
489 111
269 367
310 368
296 470
370 419
43 24
34 470
405 413
243 85
344 137
443 116
305 182
76 322
227 491
282 198
323 199
361 491
400 419
59 126
243 435
490 312
113 362
300 188
30 327
338 480
203 255
423 29
488 424
161 29
353 199
50 198
430 419
215 265
237 24
242 368
481 384
66 142
145 435
217 311
406 210
392 312
483 430
82 86
115 34
276 137
381 153
97 394
408 256
485 476
330 373
173 389
200 492
368 76
497 486
170 91
191 379
490 446
94 446
149 153
223 102
396 30
126 169
492 492
203 389
225 148
304 441
373 46
293 282
279 384
353 333
394 334
427 282
466 210
130 261
369 277
355 379
198 395
318 497
10 344
392 446
101 462
463 97
141 46
480 266
177 457
61 282
360 349
308 159
382 108
60 57
137 277
398 52
100 395
246 220
3 462
39 119
347 272
433 46
75 338
341 457
14 62
0 164
49 56
150 108
260 468
70 344
278 293
295 462
129 170
167 462
179 287
280 339
310 181
199 350
259 401
99 119
384 288
76 135
287 355
328 356
190 422
264 371
224 6
132 417
302 74
338 293
431 484
453 243
439 345
356 310
411 17
455 289
432 305
160 371
220 422
27 27
118 145
145 248
217 124
423 192
409 294
194 140
307 17
372 412
215 428
196 186
289 377
22 33
13 479
286 79
360 28
346 130
365 372
249 197
436 23
441 367
339 90
377 382
399 141
168 208
16 376
230 305
390 28
455 423
293 95
353 146
413 197
219 331
184 310
406 157
445 85
142 84
183 85
45 151
124 444
158 28
163 372
311 270
457 95
99 387
484 198
121 146
368 23
459 141
216 383
213 85
366 327
77 224
438 203
281 219
415 219
492 439
230 439
357 214
376 264
390 162
394 281
31 229
380 383
466 157
218 55
355 326
47 173
107 224
220 101
32 50
385 168
101 409
393 29
408 337
86 286
499 455
199 163
273 112
80 471
446 40
179 450
440 225
473 173
403 343
463 394
232 461
306 410
56 235
168 476
116 286
14 9
93 302
79 404
165 178
70 291
171 343
226 50
396 461
470 410
69 66
129 117
198 476
32 184
338 456
407 61
467 112
48 128
122 77
221 56
364 364
297 51
65 482
173 15
178 359
398 133
2 133
76 82
444 478
136 133
477 426
249 10
328 303
39 200
340 128
56 369
4 179
116 420
456 488
55 144
41 246
490 72
192 415
266 364
357 482
453 190
439 292
20 308
207 134
284 354
17 10
110 201
471 180
242 128
333 246
374 247
11 195
85 144
393 297
448 196
236 313
125 482
386 257
413 360
50 308
196 133
275 426
311 83
316 427
349 375
13 426
44 493
118 442
388 303
140 201
462 252
43 268
425 370
276 247
6 386
422 72
119 263
496 21
210 381
270 432
344 381
22 330
77 37
379 375
222 391
282 442
20 442
422 422
58 145
369 37
374 381
434 432
167 88
198 155
258 206
26 48
17 494
485 370
388 437
429 438
61 42
102 43
489 489
115 278
426 140
482 449
119 397
193 346
213 32
347 32
479 151
267 268
415 166
456 167
132 43
244 284
285 285
54 160
133 453
155 212
380 330
209 448
314 464
0 274
74 223
126 413
418 33
225 392
10 238
51 239
109 217
202 408
447 212
218 352
199 110
259 161
289 3
313 397
13 105
63 222
255 392
351 100
180 218
328 116
345 285
405 336
281 300
155 346
260 362
460 393
336 357
74 357
321 234
16 352
90 301
439 455
241 470
218 486
124 70
485 49
440 306
481 307
310 425
29 183
180 352
216 9
381 76
419 368
4 126
479 419
119 76
228 19
233 363
324 481
305 239
57 137
62 481
492 65
208 306
304 14
147 30
496 184
246 9
149 76
182 24
209 127
223 25
352 435
16 486
166 430
334 14
64 153
50 255
215 322
118 389
140 148
219 441
217 368
291 317
313 76
387 25
103 266
221 487
6 333
307 261
306 36
344 328
3 35
435 446
457 205
443 307
173 446
272 425
57 271
368 133
133 266
359 20
471 261
168 452
186 277
487 205
371 30
87 271
128 272
109 30
163 266
80 231
66 333
424 41
162 41
198 452
179 210
313 210
406 401
445 329
82 277
255 205
7 103
292 272
366 221
360 406
60 114
271 334
477 402
174 401
58 226
176 447
281 463
487 339
225 339
68 355
90 114
128 406
130 452
102 124
129 227
220 345
294 294
32 294
440 119
445 463
183 463
252 68
269 237
442 165
153 62
273 356
419 181
56 129
61 473
479 232
8 58
41 6
99 176
346 53
420 2
282 68
361 361
37 237
460 340
138 289
224 63
363 407
399 64
490 182
187 181
266 474
30 197
453 300
277 74
282 418
342 469
356 367
428 243
144 484
92 294
240 192
188 2
331 310
201 237
197 495
200 12
7 371
406 80
34 474
423 249
235 198
372 469
480 2
196 243
27 434
383 69
462 362
62 428
115 254
340 372
496 131
377 439
77 147
168 265
283 23
379 485
126 39
492 362
390 85
54 136
166 377
36 496
17 254
69 444
430 423
471 424
278 29
355 249
198 265
258 316
82 90
87 434
161 383
216 90
235 332
311 327
22 224
366 34
457 152
140 445
308 29
24 270
459 198
137 147
285 45
343 23
463 317
251 434
366 384
77 281
264 107
281 276
262 34
322 85
52 224
93 225
415 276
230 496
299 101
68 168
491 271
472 29
380 440
53 45
144 163
218 112
47 230
396 384
373 400
49 276
467 35
197 174
296 153
329 101
86 343
350 389
473 230
63 332
398 56
458 107
100 399
378 343
359 101
138 102
171 50
229 220
341 461
456 411
93 359
266 287
338 163
54 404
95 405
164 10
439 215
260 472
241 230
282 231
394 472
166 56
204 348
391 174
33 466
74 467
143 72
432 175
412 462
44 66
104 117
197 308
236 236
348 477
122 134
442 112
483 113
125 405
345 179
83 179
124 180
349 298
137 415
76 139
136 190
254 411
39 257
378 477
4 236
303 303
251 113
41 303
305 349
57 247
401 57
20 365
106 139
166 190
205 118
413 67
110 258
160 375
187 478
242 185
283 186
11 252
393 354
296 421
483 247
120 195
23 262
121 16
217 478
313 186
346 134
351 478
98 32
194 494
6 443
340 319
441 371
422 129
193 269
8 489
378 22
416 314
75 21
154 314
228 263
117 432
417 135
54 83
455 427
188 83
320 202
204 27
85 335
434 489
258 263
318 314
373 213
385 38
101 279
82 37
188 433
12 207
447 135
484 202
253 269
404 438
82 387
403 213
366 331
94 397
42 207
168 346
195 449
341 274
492 443
68 115
169 167
320 336
301 94
359 264
126 470
470 280
198 346
220 105
393 33
123 172
109 274
202 465
315 342
348 290
172 64
275 162
5 301
13 162
151 126
255 449
329 398
2 3
81 296
62 54
67 398
477 296
172 414
232 465
213 223
366 465
456 358
357 352
356 127
361 471
37 347
111 296
185 245
207 4
358 173
0 465
146 290
261 240
321 291
51 430
337 235
53 476
428 353
221 60
372 229
64 76
88 470
129 471
446 178
27 194
467 466
217 291
291 240
7 481
425 240
120 358
175 65
340 132
270 302
251 60
41 250
168 25
154 127
228 76
346 297
497 466
249 364
356 261
212 482
471 184
182 81
209 184
302 375
314 200
30 441
186 200
236 317
332 25
318 127
450 246
312 312
413 364
177 87
481 498
484 15
219 498
313 133
478 200
115 148
156 149
276 251
105 369
196 487
306 93
281 36
382 88
456 37
84 431
244 154
304 205
246 200
320 149
325 493
394 98
77 391
149 267
171 26
314 334
262 144
415 386
186 334
225 262
371 87
26 52
12 154
140 339
88 149
484 149
201 26
387 216
104 93
137 41
381 401
40 108
193 350
232 278
234 324
271 391
73 406
155 216
134 93
260 232
245 109
262 278
52 468
165 345
239 294
373 294
352 171
486 171
128 463
461 114
466 458
139 63
488 217
179 401
5 248
32 351
197 418
120 171
232 412
306 361
435 182
421 284
233 233
305 109
62 351
136 300
497 279
37 294
474 295
0 412
432 69
96 120
206 480
187 238
379 408
434 115
112 64
236 130
282 475
411 131
53 423
376 110
409 58
488 351
312 125
50 125
91 126
335 486
66 69
489 172
483 357
194 254
367 182
4 130
45 131
289 491
270 249
251 7
383 126
421 418
443 177
173 316
233 367
324 485
365 486
84 244
474 429
174 137
377 496
416 424
490 373
471 131
209 131
319 491
300 249
401 301
131 440
304 368
428 434
279 311
256 327
295 255
481 445
66 203
258 373
313 80
464 249
161 440
216 147
311 384
297 486
308 86
313 430
346 378
459 255
251 491
287 148
320 96
399 389
77 338
267 435
336 40
52 281
0 91
401 435
188 327
315 102
70 271
47 287
33 389
129 97
385 282
183 333
257 282
482 400
447 379
158 276
405 153
83 102
162 395
382 169
151 236
285 236
271 338
398 113
136 113
479 452
116 400
176 451
262 225
30 67
164 67
428 113
488 164
410 473
129 231
44 123
486 468
48 242
442 169
23 185
157 185
201 457
46 354
440 473
421 231
25 231
159 231
233 180
384 349
76 196
134 174
175 175
400 293
4 293
37 241
422 52
303 360
339 17
325 119
36 16
90 252
428 247
240 196
188 6
430 293
242 242
316 191
32 432
66 16
310 376
258 186
406 84
48 376
404 11
139 494
120 252
235 202
273 494
312 422
105 129
210 145
349 489
61 22
195 22
2 381
29 484
193 326
475 12
55 392
77 151
397 129
94 320
168 269
154 371
228 320
443 474
490 320
314 94
300 196
38 196
79 197
117 489
492 366
244 264
304 315
390 89
376 191
54 140
491 141
496 485
301 17
31 156
380 310
144 33
11 443
33 202
198 269
332 269
354 28
123 95
235 336
334 315
163 433
311 331
350 259
80 398
484 259
121 207
214 398
313 377
24 274
65 275
404 495
478 444
250 28
389 372
114 167
193 460
292 439
366 388
479 265
116 213
262 38
51 3
68 172
147 465
241 100
342 152
144 167
336 337
470 337
146 213
280 213
321 214
51 353
348 347
370 106
81 3
177 465
350 393
386 50
498 291
9 100
451 445
201 270
327 409
426 388
238 337
324 111
351 214
463 455
452 296
460 157
138 106
231 297
14 70
55 71
357 409
95 409
117 168
134 337
260 476
282 235
359 455
171 404
331 127
410 420
335 246
32 245
393 224
467 173
71 173
337 292
48 189
122 138
428 410
139 307
235 15
499 61
201 404
270 9
140 128
214 77
200 179
217 348
365 246
442 466
175 122
323 20
276 174
340 189
18 138
157 482
243 256
251 117
154 184
35 492
309 472
469 195
455 297
59 297
353 20
17 71
223 139
256 87
335 380
333 307
429 15
198 82
184 184
235 149
124 318
162 21
43 329
103 380
478 257
290 206
362 82
251 251
306 150
378 26
383 370
154 318
195 319
360 386
24 437
368 247
84 488
304 262
339 448
72 104
295 149
47 47
52 391
184 318
371 144
486 94
64 401
12 211
158 36
199 37
237 329
402 396
424 155
178 99
290 340
403 217
114 114
193 407
56 109
176 211
267 329
382 279
454 155
459 499
170 396
211 397
285 346
305 32
35 171
241 47
320 340
72 238
0 335
449 161
146 160
187 161
220 109
225 453
202 469
236 53
301 448
12 345
139 120
218 413
317 392
350 340
50 48
220 459
238 284
250 109
365 59
2 7
29 110
442 279
172 418
340 2
243 69
229 171
248 413
344 121
35 305
309 285
20 182
133 59
430 53
321 295
30 311
85 18
315 480
450 116
312 182
28 423
50 182
316 301
489 229
219 368
406 194
48 486
409 465
115 18
268 260
345 480
386 481
97 378
105 239
193 86
251 64
22 204
435 373
25 475
443 234
233 424
272 352
420 250
170 75
249 368
271 127
422 296
147 91
154 481
228 430
352 496
126 153
258 80
31 266
375 76
182 435
204 194
242 486
184 481
313 137
29 378
142 255
105 373
494 148
306 97
405 76
42 24
176 24
286 384
360 333
98 333
436 328
73 276
359 81
89 220
493 81
171 30
209 322
262 148
14 46
52 338
74 97
112 389
396 148
225 266
338 143
412 92
472 143
202 282
315 159
26 56
31 400
488 87
125 35
451 205
129 154
32 221
65 169
385 339
44 46
467 149
403 164
461 334
419 108
56 56
137 395
285 293
271 395
159 154
238 447
250 272
398 170
384 272
227 288
433 164
160 5
206 350
150 226
241 344
53 293
69 237
143 186
289 11
242 165
393 334
467 283
145 232
103 6
328 124
386 294
23 242
419 242
289 361
270 119
57 11
189 130
436 7
496 58
138 350
229 468
298 73
110 22
490 243
11 16
439 463
428 304
353 130
358 474
69 371
413 181
427 79
256 197
71 417
122 382
276 68
307 135
97 325
193 33
485 407
292 12
8 253
25 422
94 27
121 130
276 418
438 187
209 135
267 305
79 254
299 28
15 269
92 489
147 388
205 366
241 23
279 315
17 315
108 433
209 485
80 105
470 260
445 203
156 100
12 321
172 44
61 213
405 23
382 39
403 327
463 378
494 445
251 495
306 394
366 445
359 28
281 337
19 337
401 439
79 388
431 281
417 383
54 331
241 157
58 450
331 50
69 50
418 204
430 29
354 219
296 214
461 281
158 280
180 39
9 157
102 348
446 158
231 4
289 174
60 122
13 276
99 50
233 50
403 461
384 219
458 168
475 337
153 286
227 235
254 338
42 455
176 455
231 354
55 128
41 230
187 55
228 56
431 415
30 71
208 343
342 343
428 117
70 409
185 359
317 286
432 236
69 184
143 133
145 179
217 55
26 487
337 349
411 298
259 466
64 190
201 461
297 169
13 410
44 477
388 287
462 236
351 405
29 354
62 302
189 77
227 369
254 472
326 348
56 487
265 72
330 467
341 67
420 360
277 82
15 82
92 302
188 10
298 370
96 421
471 298
182 195
242 246
374 365
236 431
332 139
445 16
348 83
485 354
402 319
462 370
66 370
140 319
43 386
24 144
142 365
307 432
381 381
367 483
78 380
105 483
174 88
193 330
475 16
251 308
452 32
154 375
176 134
368 304
93 99
390 93
343 247
68 42
59 488
169 94
207 386
342 22
223 330
295 206
336 207
448 448
186 448
258 324
390 443
450 494
161 391
109 201
257 99
274 268
348 217
296 27
26 166
86 217
259 145
364 161
102 161
484 263
65 279
137 155
276 499
250 32
494 392
191 391
287 99
366 392
405 320
135 459
479 269
303 43
456 285
241 104
287 449
53 53
58 397
89 464
47 238
418 151
294 115
109 335
197 182
315 403
259 279
364 295
23 2
28 346
83 53
102 295
485 33
201 274
44 290
252 239
329 459
81 357
67 459
4 110
303 177
435 296
490 3
324 465
57 121
134 341
455 167
336 475
127 301
471 111
209 111
247 403
407 126
16 470
277 245
310 193
101 19
240 363
221 121
143 430
124 188
163 116
289 255
44 424
388 234
406 251
392 353
442 470
115 75
189 24
142 178
254 419
328 368
276 178
419 486
389 55
157 486
422 3
196 414
270 363
292 122
346 358
309 476
284 419
339 318
394 25
228 487
261 435
322 122
470 20
299 138
101 153
202 205
353 374
17 425
447 9
278 200
369 318
350 76
214 215
406 385
43 333
63 19
142 312
105 430
191 204
378 30
405 133
341 148
420 441
46 200
79 148
170 266
35 41
72 108
452 329
126 344
148 103
449 31
321 31
390 390
450 441
54 441
128 390
109 148
183 97
472 200
31 457
12 215
466 385
414 195
47 401
465 160
179 328
440 103
118 52
156 344
444 222
480 441
180 149
419 165
42 215
456 232
357 226
114 468
62 278
497 206
208 103
309 155
37 221
264 412
262 339
322 390
358 47
0 339
437 340
160 62
113 216
247 216
51 304
125 226
50 52
430 273
289 68
354 463
333 340
178 237
48 356
29 114
6 130
78 6
210 125
495 294
99 294
305 170
360 69
309 289
400 407
111 304
460 458
133 63
437 474
96 181
300 176
379 469
453 418
85 22
376 171
455 464
391 479
50 186
44 371
71 474
48 490
392 300
409 469
161 367
235 316
311 311
267 12
346 305
285 29
343 7
251 418
3 316
58 23
149 141
341 311
487 136
373 34
469 496
68 152
274 28
66 264
167 316
445 260
142 259
255 136
334 429
348 327
7 34
67 85
494 152
232 152
306 101
383 321
42 28
195 270
327 389
313 491
19 44
65 389
473 214
403 384
40 332
347 260
359 85
89 224
190 276
264 225
267 496
19 394
225 270
428 40
493 435
28 106
33 450
69 107
10 466
354 276
385 343
440 50
104 101
183 394
219 51
348 461
296 271
370 220
273 287
345 163
498 405
234 332
275 333
308 281
440 400
309 102
37 168
303 287
0 286
449 112
476 215
206 354
187 112
228 113
352 179
431 472
35 472
439 333
277 5
337 56
111 467
279 51
358 344
160 359
220 410
333 287
355 46
71 287
219 185
199 472
312 349
23 246
9 348
83 297
210 72
344 72
22 21
8 123
421 292
309 236
1 83
6 427
326 405
100 62
138 354
303 421
251 231
325 180
127 195
302 196
314 21
300 123
38 123
117 416
186 21
277 139
20 483
133 360
166 308
207 309
205 236
160 493
209 355
283 304
355 180
107 78
310 437
411 489
312 483
64 381
499 309
289 499
297 360
462 427
498 84
195 83
98 150
18 386
422 247
463 248
477 146
213 73
292 366
55 453
339 212
378 140
322 16
363 17
93 156
357 202
436 495
54 201
202 99
293 217
320 320
470 264
258 381
373 331
197 105
26 223
199 151
135 166
308 94
387 387
440 213
151 110
328 157
264 172
303 100
19 341
454 269
165 166
244 459
192 269
266 218
343 438
439 146
394 403
226 38
331 54
74 398
129 105
261 224
373 465
385 290
407 49
467 100
370 167
409 95
139 234
83 110
485 90
349 229
435 3
462 106
291 224
81 414
62 172
194 291
138 167
229 285
192 403
302 9
222 245
208 347
342 347
474 466
92 172
224 291
69 188
96 291
449 409
127 358
247 460
30 425
85 132
186 184
310 250
312 296
334 55
289 312
316 415
440 481
481 482
217 409
327 15
365 307
425 358
290 133
328 425
463 61
193 200
191 127
344 369
401 122
399 426
31 30
36 374
397 353
127 492
108 250
182 199
410 26
468 4
390 313
423 261
101 210
128 313
26 36
311 205
424 82
61 30
484 133
181 324
82 318
403 144
100 143
457 380
405 190
438 138
308 257
192 82
343 251
431 98
114 391
246 318
394 216
471 436
130 143
245 93
262 262
186 452
487 380
321 88
109 205
197 52
202 396
274 272
466 442
144 391
451 319
349 42
426 262
329 329
254 155
259 499
345 273
56 170
206 114
357 283
282 109
342 160
39 351
89 468
185 176
437 397
127 171
160 119
239 412
335 120
393 98
434 99
71 47
486 289
48 63
428 284
125 283
289 125
13 227
440 294
44 294
25 52
104 345
140 2
351 222
103 120
172 479
120 289
254 289
307 115
326 165
367 166
381 64
78 63
83 407
419 356
441 115
446 459
55 79
154 58
233 351
319 125
304 2
224 238
377 480
14 428
325 290
490 357
108 63
223 13
302 306
335 254
352 423
374 182
52 131
164 372
203 300
428 418
293 193
17 295
215 310
237 69
242 413
387 13
82 131
161 424
268 321
23 490
45 249
119 198
443 295
420 311
1 327
73 203
174 255
265 373
3 373
89 147
75 249
493 8
228 491
341 368
487 193
10 39
31 327
375 137
182 496
204 255
278 204
316 496
295 373
350 80
167 373
332 440
354 199
104 24
408 435
7 91
389 193
444 92
477 40
480 311
172 158
210 450
482 384
424 379
248 153
286 445
382 153
24 445
46 204
421 81
431 45
114 338
287 266
377 159
14 107
415 451
437 210
225 327
352 102
54 445
90 102
301 322
72 462
166 97
28 163
181 405
179 332
5 179
32 282
118 56
183 451
120 102
232 343
180 153
345 220
229 45
275 390
252 406
285 354
136 231
213 451
474 226
303 344
377 293
363 395
300 46
338 338
453 288
90 236
150 287
203 113
414 333
92 282
50 56
242 226
407 293
370 411
180 287
235 186
4 61
9 405
349 473
388 401
324 416
365 417
425 468
189 191
175 293
227 483
395 67
59 118
303 478
113 354
154 355
356 489
106 314
54 124
163 67
11 427
85 376
448 428
489 237
122 443
423 371
87 422
86 197
163 417
22 212
135 89
195 140
234 68
2 499
272 360
313 361
216 428
340 494
343 11
422 304
58 27
438 248
228 438
176 248
341 315
363 74
279 376
108 494
33 320
470 321
225 490
257 213
255 140
296 141
375 434
67 89
199 208
259 259
364 275
345 33
498 275
135 223
88 377
349 152
63 320
403 388
2 44
21 94
114 285
405 434
190 280
281 398
363 208
55 55
41 157
456 399
379 152
169 342
260 460
394 460
336 455
317 213
74 455
129 162
333 157
467 157
197 296
183 398
444 173
86 465
122 122
461 342
221 101
364 409
312 219
9 218
102 409
118 353
159 162
233 111
81 471
56 414
400 224
229 342
453 235
304 112
20 353
428 178
469 179
111 471
358 348
380 107
160 363
283 174
448 241
481 189
258 117
423 184
483 235
482 10
388 348
25 296
351 466
43 313
29 415
425 415
6 431
326 409
381 308
441 359
41 425
75 9
176 61
79 128
282 487
230 297
376 122
59 415
205 240
279 189
335 498
374 426
167 133
468 61
371 128
353 488
334 246
499 313
429 483
140 380
5 155
43 447
82 375
115 323
142 426
290 324
381 442
362 200
441 493
477 150
463 252
193 391
141 201
475 77
494 319
306 268
135 386
168 334
230 431
73 447
155 257
342 83
72 222
223 391
295 267
470 268
335 43
10 283
393 21
197 109
150 263
139 104
163 498
199 155
218 397
80 463
9 31
88 324
446 32
253 391
201 201
289 48
27 48
65 340
156 458
324 42
141 335
227 109
4 37
116 278
234 499
192 273
431 289
384 443
16 47
342 217
474 336
455 94
262 453
336 402
396 453
69 58
418 212
160 176
321 279
412 397
486 346
90 346
434 156
122 69
428 341
364 356
64 64
143 357
349 233
402 59
44 351
426 453
140 59
214 8
269 469
291 228
2 125
81 418
122 419
425 228
180 397
290 3
381 121
4 171
83 464
229 289
8 290
168 13
173 357
131 131
222 249
340 470
496 229
133 177
298 244
246 54
279 2
149 121
52 188
85 136
487 116
263 408
161 131
274 8
50 300
237 126
388 295
65 19
103 311
290 137
97 496
193 204
494 132
270 424
435 491
443 352
346 419
98 317
473 194
492 244
189 435
230 244
357 19
147 209
72 35
58 137
110 327
471 306
171 14
487 250
10 96
390 317
301 245
375 194
66 378
102 35
465 87
489 481
498 35
440 30
216 322
381 389
86 441
292 317
345 143
479 143
116 91
121 435
234 312
456 159
93 107
151 277
458 205
174 446
72 169
37 148
190 390
336 215
284 25
396 266
93 457
418 25
146 91
261 41
390 451
128 451
241 328
414 256
226 205
364 169
372 30
413 31
316 98
481 165
123 457
329 333
444 283
425 41
446 329
229 102
270 103
349 396
60 293
211 462
134 215
282 113
39 355
262 400
14 298
0 400
36 57
302 176
439 447
277 119
414 390
331 355
124 62
129 406
215 180
242 283
44 298
393 452
71 401
467 401
291 175
43 73
404 52
483 345
381 68
97 309
196 288
289 479
27 479
495 355
443 165
2 422
136 422
492 57
323 248
304 6
309 350
340 417
73 73
422 227
325 294
55 433
149 68
30 376
90 427
112 186
277 253
304 356
395 474
450 181
279 299
466 125
369 192
407 484
140 140
181 141
219 433
280 120
354 69
82 135
221 479
23 494
334 356
119 202
67 12
499 423
163 474
61 197
135 146
484 300
368 125
189 382
290 434
343 68
73 207
496 310
251 479
347 187
490 495
89 151
341 372
437 80
376 366
431 265
169 265
31 331
414 69
218 157
226 18
295 377
33 377
129 85
179 202
5 49
257 270
238 28
269 95
172 162
498 332
484 434
327 450
151 224
359 146
212 96
456 456
41 214
412 157
90 106
342 327
185 343
171 445
240 50
107 460
467 214
183 455
257 404
236 281
310 230
296 332
125 450
199 399
386 225
102 466
83 224
196 101
495 168
153 404
222 9
328 405
1 10
212 230
243 297
330 451
41 348
302 123
453 292
205 163
279 112
110 303
96 405
160 420
369 5
355 107
407 297
219 246
184 225
318 225
235 190
348 67
413 462
124 359
105 117
237 236
140 303
425 472
29 472
478 298
1 144
362 123
436 72
441 416
193 314
399 190
416 359
149 15
302 257
281 134
319 426
59 472
205 297
58 247
471 416
70 72
493 175
396 242
470 191
198 257
423 375
371 185
82 82
161 375
221 426
499 370
350 247
121 195
253 314
426 242
381 499
403 258
114 155
251 426
116 201
303 27
382 320
170 437
338 21
241 88
301 139
144 155
218 104
171 258
317 83
165 443
239 392
51 341
467 27
48 43
86 335
177 453
199 212
350 381
424 330
498 279
162 330
248 104
253 448
63 324
151 171
238 325
365 100
2 48
389 494
67 443
474 43
479 387
55 59
495 331
154 38
319 105
398 398
30 2
379 156
282 223
110 116
261 285
242 43
481 59
85 59
164 352
434 213
318 38
409 156
87 105
120 53
235 3
465 465
102 413
316 342
388 218
178 408
81 475
249 59
441 229
265 3
251 105
3 3
420 291
323 358
230 167
309 460
15 13
59 285
284 403
399 353
36 301
110 250
396 55
38 347
71 295
258 121
10 19
15 363
240 481
353 358
64 255
482 14
91 358
124 306
462 301
214 199
332 420
313 178
351 470
29 419
387 127
268 435
403 71
436 19
119 312
100 70
174 19
193 261
210 430
121 358
346 476
24 425
368 235
459 353
170 250
323 492
54 75
380 245
77 436
359 122
130 70
295 137
300 481
448 379
470 138
148 87
109 132
183 81
293 441
91 492
278 318
295 487
364 92
327 210
7 205
40 153
351 15
482 498
475 81
480 425
366 323
345 200
498 442
454 143
151 334
260 277
89 395
190 447
171 205
284 82
410 221
437 324
418 82
146 148
299 390
247 200
32 46
352 216
375 385
139 108
218 401
273 108
9 35
201 205
32 396
388 31
156 462
238 272
370 391
67 390
442 267
180 267
419 283
4 41
270 160
330 211
46 452
233 278
21 395
20 170
326 442
111 288
138 391
284 216
14 355
437 458
209 42
335 181
338 452
38 160
411 176
53 468
226 396
129 463
407 407
429 166
66 114
365 181
7 473
122 423
409 453
115 6
120 350
180 401
194 299
6 248
345 468
381 125
18 73
97 366
157 417
193 74
94 68
286 238
84 289
323 305
1 254
362 233
37 473
436 182
152 423
469 130
474 474
224 299
77 249
209 176
415 244
239 18
337 361
15 310
469 480
207 480
205 407
274 12
279 356
12 12
163 181
140 197
198 367
313 125
142 243
270 428
61 254
479 13
214 496
360 321
382 80
79 79
343 125
95 23
155 74
287 193
325 485
190 260
176 362
343 475
68 270
49 28
431 322
202 270
241 198
315 147
144 265
102 39
167 434
440 34
467 137
183 378
12 496
180 80
254 29
419 96
56 44
405 198
83 147
88 491
484 491
368 316
459 434
62 209
95 157
287 327
361 276
185 50
14 168
74 219
192 440
412 214
439 317
241 332
92 209
391 276
143 174
201 152
13 101
219 169
370 338
318 148
392 97
34 389
180 214
254 163
157 230
275 451
330 158
22 5
60 297
324 343
272 153
136 292
323 118
400 338
59 45
339 62
363 456
55 303
36 61
127 179
300 107
57 349
434 107
222 416
263 225
20 467
205 220
432 411
110 360
182 236
32 477
11 354
423 298
82 5
257 6
334 226
45 123
499 293
485 395
270 241
115 303
137 62
323 252
362 180
40 129
422 231
475 57
416 416
452 73
438 175
190 73
176 175
417 237
133 478
207 427
471 473
355 298
280 124
10 263
123 140
183 191
274 309
64 499
370 17
408 309
67 16
499 427
172 32
140 494
24 319
46 78
63 247
151 94
156 438
189 386
288 365
389 417
21 21
458 22
153 140
347 191
460 68
244 443
144 212
92 22
488 22
226 22
336 382
396 433
51 398
385 274
445 325
123 274
334 494
26 341
375 495
48 100
447 371
221 28
364 336
386 95
28 387
451 490
83 94
289 162
5 403
349 213
46 212
425 208
136 105
479 444
111 48
152 49
212 100
251 28
456 460
416 95
266 336
398 455
431 403
131 111
304 39
342 331
414 207
455 208
205 33
331 172
143 121
321 393
434 270
337 337
370 285
161 111
270 54
27 296
25 223
178 465
115 116
194 409
268 358
290 117
276 219
6 358
288 44
344 353
399 60
300 54
57 296
208 465
323 415
469 240
106 188
284 460
358 409
17 116
108 234
11 301
406 76
161 245
235 194
45 70
91 415
163 291
478 302
156 251
4 419
403 128
119 369
477 77
213 4
22 436
366 246
438 122
420 482
98 431
492 358
170 307
469 374
147 323
95 133
31 148
397 471
466 76
75 420
278 25
314 436
126 385
470 195
468 122
198 261
220 20
385 87
54 482
296 15
334 307
177 323
369 493
61 148
140 441
88 251
275 77
387 318
82 436
238 195
384 20
172 329
306 329
56 154
41 31
79 323
285 391
271 493
305 77
417 318
458 319
208 144
20 93
433 262
171 262
74 329
148 278
146 205
225 498
261 155
412 324
90 273
197 170
236 98
447 318
218 458
102 283
215 160
201 262
349 160
27 109
65 401
440 278
159 36
200 37
403 396
62 103
497 31
419 340
456 407
60 407
154 42
420 161
117 160
455 155
460 499
148 412
430 98
261 289
236 232
277 233
48 181
87 109
166 402
386 176
28 468
69 469
413 279
427 177
163 104
402 120
407 464
406 239
103 238
142 166
254 407
419 474
435 418
228 125
286 295
341 2
346 346
57 243
309 464
59 289
298 305
110 254
449 474
471 233
149 182
295 7
11 248
322 110
126 198
487 177
304 470
202 193
205 464
413 413
12 69
369 306
350 64
80 203
28 13
140 254
424 13
429 357
253 131
258 475
29 423
426 59
269 75
329 126
172 142
232 193
366 193
378 18
419 19
457 311
121 362
368 239
211 255
244 203
1 445
288 475
362 424
436 373
320 198
399 491
264 266
262 193
38 485
390 378
486 86
472 188
164 35
218 271
295 491
369 440
280 368
65 214
13 24
104 142
142 434
178 91
329 260
461 379
180 137
479 204
83 204
270 30
330 81
459 491
285 338
114 456
37 209
474 210
190 451
224 35
148 225
449 153
352 220
236 45
50 40
430 261
160 400
256 108
388 35
291 102
444 344
442 271
194 169
328 169
45 46
105 97
231 236
46 456
443 92
319 56
305 158
398 349
425 452
136 349
212 344
339 119
75 46
314 62
126 11
277 180
304 283
411 180
450 108
92 400
166 349
207 350
256 242
481 360
181 68
318 339
43 134
29 236
142 113
307 180
381 129
105 231
193 78
499 350
158 57
270 298
8 298
25 467
173 365
195 124
175 411
290 361
288 288
191 355
224 303
314 196
126 145
239 22
225 124
376 293
205 411
301 119
108 478
223 428
355 355
391 12
126 495
179 129
184 473
406 320
10 320
371 299
156 145
12 366
292 191
195 258
286 376
421 12
63 304
151 151
357 27
227 146
260 94
265 438
339 387
89 212
401 484
148 38
165 207
192 310
225 258
54 376
320 495
31 392
53 151
218 218
166 28
317 197
47 336
333 141
486 383
255 258
125 377
405 202
102 393
83 151
446 203
498 393
196 28
289 219
349 270
13 321
421 146
378 449
152 106
377 224
93 465
187 100
30 116
134 439
208 388
282 337
185 404
418 383
17 39
129 280
430 208
160 347
449 450
294 347
385 465
407 224
44 172
434 327
489 34
310 291
120 167
97 183
311 112
344 60
349 404
346 106
153 465
497 275
276 276
441 343
422 101
100 50
229 460
94 235
476 337
154 286
300 111
30 250
415 61
112 60
15 127
59 399
432 415
430 342
283 292
429 117
71 409
184 286
15 477
371 112
450 405
183 61
312 471
386 420
499 297
485 399
383 122
457 71
162 123
387 241
24 189
103 482
63 117
307 477
422 235
193 375
480 405
213 61
347 61
378 128
168 318
19 195
492 415
165 20
68 87
95 190
155 241
205 358
342 67
17 307
380 359
108 425
278 82
220 77
225 421
51 268
390 488
371 246
101 385
49 195
348 262
370 21
408 313
461 139
278 432
259 190
140 498
162 257
253 375
234 133
349 83
324 26
494 437
213 195
328 145
243 37
308 432
456 330
437 88
431 273
417 375
439 134
260 391
320 442
96 145
160 160
321 263
11 37
164 279
315 448
414 427
447 375
273 222
226 376
312 150
391 443
372 201
451 494
462 94
324 160
227 227
180 381
39 176
340 104
326 206
18 53
42 447
345 448
157 397
138 155
479 448
435 341
476 150
453 166
136 459
230 94
309 387
469 110
92 160
133 161
358 279
69 176
96 279
430 155
335 295
300 274
164 413
112 223
483 166
161 115
289 300
200 228
272 104
43 244
404 223
463 49
196 459
270 408
435 475
443 336
267 110
131 249
230 228
491 3
496 347
339 363
380 172
471 290
322 167
396 116
107 13
277 424
225 234
334 177
375 178
413 470
466 296
402 311
464 408
63 64
137 13
276 357
367 475
81 81
119 373
463 183
3 198
438 126
190 24
231 25
281 142
271 363
431 86
95 137
155 188
320 255
130 131
336 199
322 301
415 492
112 491
148 148
418 9
373 266
274 260
315 261
102 153
88 255
142 491
494 384
172 333
306 333
292 435
6 41
326 19
419 210
157 210
46 379
132 153
192 204
324 323
136 272
222 46
227 390
111 215
148 282
239 400
30 226
164 226
241 446
263 205
428 272
488 323
125 271
430 318
201 266
289 113
25 40
104 333
145 334
219 283
467 385
370 452
172 467
419 344
243 118
196 272
22 119
233 339
2 406
134 333
230 41
496 160
113 395
261 293
314 119
374 170
16 462
131 412
112 170
161 62
256 299
80 73
161 412
18 134
64 479
367 288
389 47
494 63
191 62
383 232
94 129
286 299
420 299
343 52
436 243
251 463
320 68
452 187
209 237
314 253
262 63
165 130
225 181
188 299
295 361
332 428
406 377
5 33
404 304
101 495
63 11
197 203
235 495
45 371
232 197
306 146
22 387
345 74
424 367
454 17
459 361
192 17
324 136
403 429
422 479
21 135
134 12
265 495
3 495
72 100
171 79
281 439
410 95
456 440
148 95
487 315
412 141
16 141
90 90
439 244
293 449
263 18
92 136
166 85
336 496
102 100
468 423
13 28
393 249
217 23
310 214
26 455
351 23
158 382
102 450
157 157
275 378
151 342
173 101
398 219
346 29
458 270
175 147
287 388
340 214
474 214
422 24
152 163
224 39
476 260
206 399
187 157
261 106
338 326
439 378
356 343
185 461
358 389
393 383
481 230
161 225
194 173
386 343
83 342
388 389
365 405
76 302
103 405
115 230
268 472
1 128
362 107
436 56
441 400
224 173
251 276
401 220
38 168
15 184
54 112
394 180
182 297
283 349
333 466
468 102
371 169
221 410
307 184
482 185
499 354
485 456
210 251
163 405
237 354
424 180
286 246
327 247
360 195
46 5
404 467
285 21
18 431
78 482
227 16
116 185
19 252
52 200
79 303
454 180
492 472
431 196
472 5
155 298
342 124
466 190
70 190
493 293
130 241
355 359
146 185
179 133
472 355
34 129
447 298
350 365
248 88
253 432
387 432
285 155
238 309
494 494
306 443
366 494
378 319
400 78
138 78
264 217
308 489
0 144
55 43
454 314
266 263
247 21
343 483
16 88
117 140
150 88
356 156
342 258
58 499
493 427
171 376
148 392
164 336
183 386
199 330
259 381
350 499
465 449
50 207
5 464
426 494
99 99
250 268
62 217
153 335
180 438
249 43
39 233
251 89
344 280
377 228
168 54
20 341
395 218
111 459
166 166
245 459
69 233
471 213
283 162
374 280
186 229
240 465
124 290
485 269
311 116
27 357
25 284
217 454
387 111
24 59
98 8
268 419
18 244
362 54
436 3
441 347
339 70
94 239
431 9
469 301
491 60
133 352
358 470
380 229
110 368
58 178
471 347
283 296
300 465
448 363
434 465
33 121
112 414
126 312
468 49
299 240
373 189
423 306
371 116
376 460
49 65
445 65
188 409
50 475
447 111
135 24
88 178
115 311
307 481
482 482
480 409
153 14
213 65
347 65
405 235
42 183
116 132
121 476
368 353
98 492
132 76
35 143
491 194
361 313
20 20
185 87
314 497
33 255
186 497
487 425
280 132
32 30
371 250
109 250
296 76
26 215
375 369
163 486
204 487
179 430
215 87
27 36
65 328
82 497
81 272
254 200
248 385
305 138
439 138
136 329
282 154
72 344
455 82
171 323
148 339
471 26
335 165
51 406
338 436
150 385
236 159
53 452
125 328
312 154
465 396
163 31
402 47
462 98
467 442
365 165
444 458
425 216
268 232
328 283
6 232
340 108
419 401
157 401
420 222
37 457
133 165
108 108
182 57
300 278
263 396
450 222
202 120
279 340
499 114
316 407
44 473
118 422
200 232
318 453
406 300
29 350
120 468
194 417
290 125
97 484
210 361
330 463
415 12
420 356
84 407
320 125
394 74
3 418
380 176
493 53
171 2
283 243
374 361
401 464
15 428
390 305
376 407
49 12
202 254
26 28
468 346
253 192
327 141
332 485
10 434
440 18
63 68
463 187
141 136
210 495
424 424
63 418
477 435
100 485
136 142
475 362
342 18
72 157
347 362
378 429
111 85
185 34
281 496
322 305
415 496
0 254
266 373
299 321
54 490
491 491
342 368
466 434
240 91
391 260
413 19
143 158
354 378
44 152
29 29
158 439
268 45
105 24
349 384
382 332
8 91
173 158
398 276
84 86
222 50
282 101
347 496
400 322
474 271
496 30
212 271
262 388
96 96
302 164
352 281
338 383
30 230
16 332
71 39
203 158
337 158
331 343
353 102
413 153
256 169
407 338
44 286
462 45
467 389
332 164
318 266
307 107
381 56
193 5
289 467
297 328
383 102
443 153
272 271
62 461
492 45
323 236
271 46
400 456
100 164
55 421
438 159
52 123
38 225
186 123
54 169
491 170
202 67
31 185
69 477
256 303
258 349
156 72
389 51
210 308
498 186
484 288
286 303
272 405
327 304
46 62
422 349
475 175
287 124
490 483
168 432
396 67
437 68
244 427
225 185
68 201
16 11
412 11
169 253
472 62
279 421
130 298
322 468
396 417
332 432
109 360
269 83
296 186
408 427
81 32
122 33
172 150
102 320
479 78
248 145
327 438
151 212
99 22
159 73
398 89
40 381
463 484
475 309
497 68
134 16
378 376
474 84
479 428
437 202
74 150
476 130
30 43
16 145
155 489
263 22
433 433
488 140
185 331
317 258
465 156
44 99
461 387
120 94
372 315
83 212
63 499
173 105
233 156
365 275
249 100
224 43
303 336
476 264
300 38
379 331
38 38
117 331
428 223
469 224
380 152
17 100
413 100
160 408
316 167
310 352
406 60
423 229
312 398
427 348
482 55
105 105
215 465
196 223
22 70
388 393
24 116
464 388
268 476
1 132
307 404
381 353
362 111
422 162
105 455
399 178
94 296
443 450
228 296
360 415
420 466
376 167
147 307
293 132
17 234
209 404
283 353
355 229
52 420
396 230
107 127
220 4
390 415
87 414
109 173
257 71
232 14
102 133
484 235
349 10
65 251
137 127
306 313
457 482
168 379
281 256
41 15
454 184
170 425
338 9
54 250
260 318
356 26
347 472
380 420
414 4
317 71
148 262
160 87
239 380
280 189
310 31
391 370
446 77
462 21
238 313
329 431
351 190
153 205
328 206
340 31
4 82
479 375
308 493
41 149
132 267
319 93
16 92
57 93
455 139
245 329
69 103
110 104
148 396
430 82
449 324
146 323
11 98
448 99
71 149
472 493
184 26
411 217
122 114
125 385
485 139
237 37
349 278
440 396
426 498
467 499
481 397
351 324
43 171
425 273
442 442
254 391
228 109
185 412
205 98
399 341
108 165
335 356
374 284
184 160
337 402
411 351
10 7
101 125
91 346
237 171
311 120
66 289
29 407
82 233
194 474
403 59
477 8
463 110
3 125
286 413
360 362
382 121
357 64
491 64
207 305
359 110
38 469
299 244
51 142
486 70
202 311
163 356
429 475
465 132
181 373
478 367
82 367
156 316
252 24
45 485
389 295
141 193
480 413
328 19
383 480
457 429
56 85
61 429
195 429
231 86
382 255
151 322
357 198
439 8
361 317
89 383
410 209
358 19
0 311
363 363
487 429
165 378
113 188
335 35
472 306
169 497
202 445
315 322
26 219
428 199
199 147
204 491
331 266
220 435
280 486
349 91
444 328
425 86
4 29
157 271
138 29
248 389
234 491
495 266
233 266
212 328
377 395
449 271
113 322
187 271
247 322
302 221
338 440
448 46
38 148
64 56
297 35
7 461
442 389
235 288
268 236
381 113
18 61
441 164
482 165
196 333
270 282
251 40
462 452
360 175
395 169
212 462
471 164
314 180
230 452
299 57
390 175
128 175
204 170
332 355
101 422
82 180
235 422
269 6
408 350
61 242
135 191
214 484
272 462
346 411
382 68
473 186
63 288
137 237
189 427
271 237
21 62
114 253
463 407
339 371
320 129
366 474
347 232
77 371
314 314
262 124
52 314
401 468
74 73
165 191
51 89
241 186
301 237
17 478
33 422
107 371
181 320
468 350
373 490
255 242
172 207
424 428
56 32
479 135
248 202
308 253
132 27
384 248
37 140
377 208
418 17
132 377
113 135
165 325
187 84
206 326
357 495
263 79
70 438
92 197
171 490
294 331
385 449
393 310
123 449
236 326
291 33
332 34
351 84
444 275
442 202
139 393
259 495
6 49
386 270
372 372
157 218
8 95
13 439
421 264
233 213
250 382
346 90
76 229
62 331
249 157
39 347
59 33
224 100
77 50
168 168
319 337
300 95
439 439
277 111
337 162
376 90
205 208
427 55
110 348
283 276
489 152
235 235
312 455
163 332
2 414
216 343
323 240
114 66
463 220
475 45
190 61
302 302
401 281
225 55
230 399
128 122
207 415
320 292
466 117
256 307
295 235
369 184
186 477
294 10
280 112
332 302
109 230
257 128
329 4
67 4
447 225
232 71
82 477
250 61
403 303
384 61
141 303
306 370
326 56
281 313
303 72
382 365
368 467
473 483
266 190
338 66
282 134
356 83
70 251
262 421
295 369
165 488
299 488
412 365
393 123
104 20
269 87
444 88
34 190
218 499
199 257
273 206
221 16
451 478
252 268
254 314
37 87
152 37
190 329
456 448
41 206
495 376
476 134
228 32
21 493
282 268
433 437
106 42
14 453
69 160
148 453
352 448
49 447
123 396
184 83
122 171
409 201
488 494
87 150
23 165
102 458
334 27
485 196
275 386
349 335
297 145
481 454
153 396
180 499
249 104
323 53
340 222
381 223
4 273
231 464
191 99
270 392
325 99
435 459
476 268
57 284
282 402
304 161
147 177
358 397
380 156
261 464
283 223
300 392
11 289
448 290
126 239
236 407
277 408
312 402
485 330
177 177
364 3
388 397
429 398
327 121
365 413
189 187
276 341
441 408
40 64
494 234
265 182
3 182
443 454
176 110
244 244
230 346
304 295
266 3
59 464
320 239
36 480
89 306
149 357
336 183
468 110
239 250
225 352
280 59
321 60
385 75
445 126
472 229
427 486
163 413
278 363
80 378
107 481
43 496
82 424
137 131
238 183
287 75
292 419
328 76
157 194
267 362
266 137
114 497
439 65
117 14
20 81
111 199
410 266
396 368
148 266
266 487
467 19
71 19
53 379
240 205
331 323
350 373
143 272
104 317
365 92
2 40
425 143
62 91
442 312
194 210
6 159
419 328
367 138
9 430
248 446
229 204
344 154
60 395
46 497
250 492
453 97
282 215
111 333
358 210
113 379
321 328
16 446
85 51
38 205
150 446
184 30
337 272
414 492
50 215
215 282
27 231
66 159
351 328
122 468
464 205
276 154
6 293
23 462
4 220
45 221
119 170
480 149
191 46
22 237
443 267
267 41
360 232
249 401
271 160
343 36
422 329
224 344
399 345
96 344
490 463
52 237
38 339
396 47
10 11
202 181
466 227
177 124
182 468
451 104
167 345
406 361
392 463
307 355
334 458
367 406
81 12
306 130
498 300
60 74
137 294
211 243
288 463
246 237
438 407
264 254
14 79
437 182
487 299
165 248
239 197
187 7
299 248
373 197
376 468
472 176
155 469
375 243
204 361
364 84
470 480
143 85
253 253
280 356
371 474
156 320
238 130
81 146
67 248
442 125
153 22
158 366
498 434
162 485
248 259
63 479
173 85
211 377
233 136
250 305
114 444
136 203
309 131
39 270
116 490
0 315
261 90
30 157
164 157
315 326
15 34
428 203
106 152
218 393
220 439
280 490
388 23
467 316
291 90
370 383
318 193
406 40
273 450
254 208
367 85
210 101
248 393
60 342
272 198
346 147
98 45
400 383
55 348
397 85
352 342
300 152
305 496
52 50
222 461
203 219
15 168
469 338
205 265
353 163
108 332
163 39
316 281
407 399
107 107
140 55
214 4
406 174
43 122
29 224
122 415
392 276
210 235
297 389
402 405
383 163
234 40
459 158
175 399
290 349
193 416
174 174
55 482
75 168
154 461
176 220
401 338
79 287
165 61
244 354
106 420
417 282
375 56
256 364
317 51
355 343
167 292
445 236
494 128
405 56
135 195
368 174
115 482
285 139
436 308
384 118
458 67
463 411
475 236
39 83
474 11
116 303
14 26
437 129
113 5
192 298
343 467
144 257
336 427
74 427
418 237
430 62
481 27
472 473
7 144
81 93
139 263
83 139
162 432
137 375
252 325
227 268
175 78
378 437
190 386
138 196
93 453
127 37
154 140
379 258
169 448
134 427
356 274
337 32
358 320
143 166
108 145
187 438
242 145
393 314
481 161
310 279
370 330
122 228
483 207
87 207
120 155
97 171
499 151
196 150
201 494
217 438
291 387
103 336
189 110
249 161
276 264
59 37
303 397
176 33
300 99
30 238
38 99
79 100
117 392
131 290
395 336
417 95
91 110
182 228
223 229
333 397
429 105
38 449
181 3
236 464
10 121
161 290
221 341
348 116
353 460
482 116
27 475
402 352
388 454
424 111
462 403
484 162
214 301
65 178
478 347
142 398
381 414
362 172
40 121
389 275
306 240
366 291
89 13
116 116
154 408
415 183
343 280
68 75
54 177
431 127
246 347
320 296
70 121
223 363
47 137
181 137
183 183
348 250
12 301
139 76
172 24
204 471
259 178
498 194
140 486
484 296
313 414
65 312
426 291
63 239
178 189
384 65
114 204
67 358
425 66
463 358
153 132
419 251
56 199
417 363
117 71
320 430
144 204
92 14
396 425
160 148
373 441
486 318
109 368
145 25
296 194
48 92
483 20
125 312
273 210
102 328
5 395
178 323
217 251
7 441
67 492
276 77
326 194
9 487
97 334
420 206
95 446
230 82
309 375
106 46
111 390
147 47
185 339
455 200
284 318
36 216
127 334
471 144
283 93
321 385
164 401
392 36
161 103
64 170
124 221
430 493
163 149
201 441
289 288
253 42
404 211
6 350
288 36
389 88
270 396
195 222
228 170
222 355
343 93
89 176
149 227
493 37
112 345
148 2
198 119
258 170
376 391
128 289
188 340
348 63
256 474
311 181
369 351
28 58
88 109
181 300
406 418
5 74
404 345
440 2
478 294
257 295
403 120
40 68
119 361
482 413
292 289
383 407
116 63
267 232
98 423
266 7
343 227
436 418
59 468
95 125
458 177
359 171
433 120
264 311
52 428
126 377
239 254
225 356
51 203
450 474
486 131
296 7
34 7
144 367
125 125
218 316
317 295
80 382
391 244
129 244
294 311
354 362
445 480
118 85
123 429
178 136
291 13
42 248
195 490
229 74
456 265
211 434
192 192
35 208
95 259
347 480
452 496
56 496
433 254
127 147
335 96
51 337
30 214
16 316
434 75
164 214
112 24
486 265
312 85
317 429
430 306
160 445
43 45
442 316
23 332
441 91
157 332
270 209
159 378
233 327
250 496
2 394
346 204
136 394
492 29
37 388
436 97
339 164
471 91
283 40
314 107
352 399
30 348
263 327
469 395
92 445
293 169
427 169
430 440
108 389
369 164
11 456
407 456
66 163
478 107
82 107
194 348
276 158
255 35
367 276
381 174
485 497
443 271
140 462
98 236
46 46
459 215
175 456
249 405
152 472
100 282
251 451
339 298
127 415
149 174
302 416
401 395
79 344
299 118
390 236
450 287
274 61
320 406
380 457
12 61
91 354
33 349
107 298
181 247
162 5
253 123
258 467
426 51
142 292
86 360
67 118
311 478
424 355
162 355
24 421
192 5
35 21
21 123
40 365
136 73
497 52
339 432
287 242
359 118
165 252
113 62
453 130
95 422
486 78
150 129
53 196
428 73
336 484
107 432
220 309
32 258
13 16
445 427
197 325
183 427
255 303
419 145
23 145
440 433
173 89
425 310
475 427
134 134
213 427
249 84
20 32
56 443
78 202
116 494
422 12
460 304
358 27
363 371
399 28
454 489
261 94
319 264
16 263
222 331
414 309
92 258
166 207
358 377
220 443
256 100
333 320
44 217
291 94
318 197
409 315
139 454
464 22
483 264
9 381
124 331
196 207
289 398
173 223
286 100
365 393
2 341
464 372
268 460
340 336
288 146
4 387
100 95
379 449
52 54
230 326
356 465
353 167
471 388
333 454
71 454
145 403
392 280
450 450
64 414
499 342
447 152
297 393
115 352
63 162
151 9
174 178
480 450
251 398
306 297
42 224
267 342
79 291
390 183
68 132
73 476
293 250
246 404
31 250
369 245
391 4
396 348
181 194
129 4
146 173
239 364
373 364
49 240
310 15
348 307
444 15
259 235
9 60
83 9
387 420
65 369
290 487
191 481
213 240
400 66
42 358
116 307
479 359
267 476
377 82
19 374
260 436
356 144
342 246
53 143
428 20
144 261
185 262
336 431
396 482
437 483
294 205
321 308
11 82
123 323
109 425
145 82
467 133
370 200
423 26
139 267
125 369
259 369
364 385
28 436
83 143
402 88
421 138
104 431
136 154
497 133
175 82
249 31
254 375
326 251
4 200
83 493
479 493
231 391
191 26
229 318
344 268
206 334
319 211
35 452
92 205
182 98
187 442
374 268
11 216
448 217
164 458
112 268
186 217
332 42
318 144
15 335
48 283
161 160
353 330
372 380
485 257
215 396
140 222
200 273
365 340
478 217
389 145
422 93
105 386
270 453
339 58
416 278
457 279
341 104
19 53
304 222
1 413
422 443
147 238
155 99
394 115
283 284
33 109
38 453
277 469
225 279
258 227
49 53
128 346
408 171
91 464
466 341
484 166
214 305
473 7
137 58
329 228
389 279
463 228
67 228
366 295
94 361
382 239
19 187
79 238
459 459
343 284
436 475
95 182
347 403
58 300
493 228
52 485
148 193
468 171
197 85
150 239
12 305
466 475
144 424
218 373
372 59
88 300
215 75
275 126
32 368
197 435
403 311
103 19
292 480
234 475
308 424
192 249
233 250
319 24
117 75
20 142
474 312
185 209
410 327
14 327
358 137
432 86
148 327
96 137
437 430
127 204
165 496
236 147
241 491
337 199
92 368
125 316
69 384
333 430
440 327
140 35
219 328
483 374
340 96
381 97
405 491
152 45
210 215
330 317
60 456
8 266
154 91
360 159
398 451
136 451
492 86
73 102
111 394
147 51
416 441
149 97
314 164
322 25
112 215
411 282
450 210
466 154
316 395
297 153
44 461
200 220
43 236
478 164
329 41
494 108
457 226
405 36
443 328
195 226
286 344
420 344
21 46
246 164
58 113
359 41
397 333
452 232
300 400
374 349
79 401
112 349
186 298
277 416
376 395
128 293
86 67
447 46
80 252
33 406
107 355
391 114
468 334
294 181
10 422
269 124
274 468
307 416
329 175
444 125
494 242
210 483
498 361
484 463
157 68
308 237
24 478
456 135
46 237
132 11
211 304
357 129
362 473
21 180
169 78
475 350
134 57
361 248
39 197
378 417
452 366
185 22
19 484
0 242
363 294
456 485
165 309
113 119
30 84
486 135
31 494
428 130
433 474
466 422
488 181
278 371
331 197
28 196
468 468
146 417
280 417
354 366
183 484
125 479
364 495
372 356
446 305
234 422
46 371
495 197
137 489
305 73
153 433
222 38
497 243
287 433
20 89
14 274
127 151
113 253
228 203
266 495
379 372
90 269
150 320
450 23
92 315
166 264
455 367
293 39
331 331
335 450
355 136
489 136
296 495
392 203
122 342
103 100
404 28
409 372
221 321
381 44
45 95
289 455
421 382
457 39
324 449
340 393
288 203
138 444
191 270
127 285
113 387
492 383
390 106
491 158
166 398
279 275
204 101
85 409
445 163
82 111
183 163
257 112
389 39
311 348
61 173
121 224
84 342
63 219
362 286
343 44
389 389
100 286
260 9
287 112
292 456
366 405
378 230
401 399
79 348
299 122
155 343
301 168
380 461
70 235
130 286
331 10
355 404
391 61
33 353
410 303
220 179
371 348
101 487
49 297
123 246
310 72
334 466
408 415
81 20
447 343
350 410
473 251
252 252
2 77
153 246
326 174
190 313
229 241
341 482
30 31
491 426
117 185
155 477
342 303
433 421
414 179
240 26
47 385
358 247
335 263
371 482
49 431
393 241
236 257
409 185
483 134
8 26
99 144
159 195
200 196
252 386
272 72
288 16
78 206
157 499
224 31
377 273
305 370
379 319
263 144
356 335
455 314
166 211
224 381
298 330
279 88
358 381
430 257
127 448
242 206
489 83
258 150
263 494
318 201
48 340
371 27
235 166
427 336
140 279
214 228
327 105
387 156
84 155
63 32
340 340
40 48
344 459
77 115
378 43
75 42
57 402
304 279
73 346
293 120
72 121
58 223
182 289
283 341
314 408
448 408
109 161
188 454
334 279
26 126
427 470
499 346
61 120
66 464
135 69
162 172
253 290
82 408
63 166
156 357
211 64
216 408
426 218
494 352
366 352
378 177
452 126
168 367
479 229
190 126
176 228
264 75
93 193
170 413
244 362
192 172
431 188
68 136
114 481
95 239
394 306
347 460
89 424
130 233
223 424
410 250
391 8
247 229
321 178
371 295
486 245
274 362
12 362
48 19
34 121
53 363
411 71
461 188
88 357
27 81
118 199
197 492
269 368
365 76
425 127
494 486
213 244
326 121
474 19
60 379
285 497
305 183
282 199
171 368
245 317
224 194
336 435
358 194
430 70
127 261
113 363
261 261
283 20
51 451
472 481
337 256
318 14
122 102
414 476
221 81
331 441
28 440
102 389
289 215
440 384
44 384
214 41
291 261
120 379
268 277
328 328
344 272
330 374
22 221
495 441
154 148
134 435
230 143
304 92
309 436
343 20
147 108
496 262
358 328
96 328
374 272
11 220
85 169
164 462
396 31
186 221
106 457
485 261
350 36
332 396
65 52
103 344
232 165
306 114
3 113
382 109
343 154
73 293
21 103
95 52
260 119
380 221
130 46
262 165
374 406
322 216
487 283
239 181
15 473
51 130
385 6
466 345
391 171
88 170
371 458
404 406
7 181
45 473
119 422
389 283
158 350
292 350
22 489
405 227
231 74
234 345
495 120
40 479
136 187
20 12
378 474
37 181
474 182
190 423
284 58
437 300
454 469
146 124
247 176
296 68
301 412
342 413
375 361
34 68
428 187
312 12
317 356
465 254
413 64
160 372
220 423
349 79
440 197
388 7
104 248
217 125
296 418
365 23
81 264
425 74
232 433
254 192
405 361
344 85
382 377
60 326
8 136
285 444
379 79
76 270
136 321
282 146
323 147
20 146
455 74
212 316
303 434
110 39
96 141
127 208
476 362
187 259
261 208
300 136
374 85
203 203
337 203
331 388
312 146
91 147
182 265
163 23
242 316
429 142
103 157
464 136
142 85
386 445
4 151
9 495
210 219
270 270
383 147
388 491
457 96
233 388
395 157
78 450
339 225
399 276
149 101
223 50
415 220
401 322
38 270
112 219
448 168
165 45
277 286
263 388
101 60
128 163
353 281
427 230
31 230
17 332
163 157
355 327
280 153
101 410
257 169
119 235
158 163
232 112
311 405
292 163
8 404
313 451
382 56
46 107
84 399
211 174
249 466
40 292
72 15
89 184
438 338
460 97
19 354
487 230
244 472
266 231
412 56
491 349
128 297
169 298
155 400
394 416
375 174
410 360
451 169
220 236
294 185
373 478
385 303
445 354
82 302
183 354
81 77
199 298
273 247
259 349
484 467
83 123
159 118
361 252
42 472
171 128
284 5
187 72
338 241
95 483
282 309
342 360
130 477
240 83
226 185
468 472
49 488
467 247
197 386
219 145
392 73
139 381
120 139
235 89
268 37
273 381
364 499
367 16
50 309
485 237
27 325
175 196
309 196
39 335
496 22
265 89
298 37
339 38
36 37
168 156
38 83
203 150
277 99
342 494
20 443
293 43
432 387
17 145
130 22
283 264
374 382
407 330
66 37
48 397
404 32
312 443
372 494
64 341
485 371
163 320
402 336
195 43
103 454
137 38
1 177
152 346
100 156
265 223
366 275
457 393
94 341
319 459
341 218
93 116
170 336
244 285
304 336
431 111
279 279
31 177
493 208
130 156
314 465
369 172
355 274
423 408
64 475
135 126
214 419
478 465
82 465
63 223
151 70
426 275
238 224
67 342
141 291
193 481
347 167
382 353
19 301
0 59
357 296
431 245
453 4
72 312
262 409
0 409
74 358
468 285
220 183
197 199
145 9
183 301
348 368
447 347
350 414
391 415
372 173
465 364
495 14
178 307
76 30
425 184
463 476
172 492
268 200
419 369
479 420
83 420
460 178
212 76
382 487
41 194
495 364
154 71
187 19
192 363
379 189
117 189
282 256
356 205
37 425
133 133
298 200
284 302
148 441
108 76
261 318
412 487
337 313
48 210
122 159
483 138
311 31
13 374
118 390
178 441
200 200
346 25
120 436
249 92
328 385
367 313
463 21
105 313
476 256
492 200
208 441
20 390
469 216
73 216
58 93
429 36
126 227
198 103
10 52
109 31
279 442
353 391
142 329
268 468
362 103
383 391
168 237
281 114
267 216
98 407
459 386
230 334
395 401
73 350
246 278
77 469
397 447
107 119
225 340
491 459
202 356
139 7
204 402
66 468
179 345
201 104
5 192
354 346
118 69
151 17
216 412
252 69
477 187
498 475
229 58
46 351
266 125
271 469
431 192
95 243
282 69
72 259
452 480
190 480
262 356
322 407
396 356
0 356
410 254
148 254
418 115
51 321
472 351
315 367
301 469
465 311
201 238
294 429
349 136
32 429
25 12
219 255
291 131
296 475
141 372
464 59
9 418
97 265
446 419
196 244
229 192
421 362
398 378
379 136
21 428
39 445
326 475
185 270
298 147
55 389
41 491
247 367
283 24
85 39
90 383
112 142
277 209
411 209
226 429
430 424
481 389
214 45
217 316
142 142
389 19
157 450
297 430
25 496
159 496
492 147
230 147
304 96
422 317
133 214
399 333
110 230
209 209
184 152
239 51
263 445
299 102
87 219
427 287
163 214
204 215
140 230
313 158
5 5
426 35
142 276
307 343
482 344
141 51
383 338
443 389
135 236
360 354
456 62
84 456
473 231
170 230
362 400
343 158
422 451
463 452
496 400
265 467
72 72
58 174
359 102
37 51
460 154
493 102
79 462
51 134
338 164
54 405
315 180
428 57
130 400
167 467
146 344
44 67
109 462
252 16
348 478
329 236
442 113
273 304
328 11
23 129
46 298
137 416
159 175
40 483
114 432
323 17
378 478
116 478
264 376
377 253
41 304
165 370
261 78
453 248
203 73
236 21
315 314
356 315
245 484
289 32
321 479
393 355
236 371
217 129
332 79
7 319
365 27
122 269
120 196
194 145
105 73
13 484
25 309
319 32
365 377
222 99
39 392
326 422
400 371
59 78
152 269
55 336
187 263
209 22
453 382
230 310
263 258
353 151
96 495
481 336
145 387
101 280
483 382
216 38
257 39
381 105
334 259
8 274
388 495
457 100
99 392
140 393
121 151
195 100
200 444
422 264
100 213
325 331
378 157
176 208
314 172
267 326
415 224
401 326
38 274
93 173
225 100
207 460
188 218
31 234
144 111
493 265
204 162
369 229
317 39
47 178
355 331
167 280
332 347
371 275
156 121
257 173
158 167
306 65
350 337
80 476
61 234
498 235
88 337
179 455
63 280
137 229
250 106
191 465
347 224
39 71
262 116
336 65
415 358
14 14
206 184
412 60
90 9
95 353
282 179
433 348
107 363
418 225
129 122
451 173
280 291
10 430
393 168
123 307
483 61
312 179
350 471
28 420
446 179
465 421
327 487
238 415
365 190
40 430
76 87
475 358
249 15
287 307
60 493
266 369
131 144
304 72
111 431
171 482
331 205
321 426
333 251
407 200
49 492
48 267
122 216
409 246
240 437
446 313
499 139
237 139
311 88
13 431
481 499
252 447
291 375
24 31
175 200
326 369
18 216
325 144
330 488
228 211
117 380
323 448
455 375
133 324
17 149
397 370
108 267
493 78
130 26
369 42
11 334
429 93
318 262
373 161
411 453
427 397
447 83
259 32
27 463
297 324
388 442
429 443
88 150
286 165
365 458
313 268
63 93
142 386
189 232
389 263
119 402
193 351
174 109
477 110
176 155
341 222
19 171
68 63
380 335
130 160
262 279
295 227
470 228
299 346
296 48
34 48
177 356
163 458
204 459
364 182
350 284
424 233
102 182
104 228
216 469
255 397
62 2
460 48
243 13
377 13
456 306
206 131
192 233
211 475
266 182
285 424
343 402
384 403
57 8
260 367
361 419
72 316
317 120
396 413
69 18
373 429
49 305
486 306
164 255
226 352
364 316
386 75
23 23
391 419
388 121
238 362
329 480
370 481
7 429
62 136
497 64
306 496
254 306
276 65
340 80
400 131
405 475
41 198
416 75
476 126
474 430
455 188
224 255
110 153
476 476
187 373
300 250
374 199
412 491
48 214
106 384
87 142
139 332
161 91
488 486
163 137
402 153
66 204
216 148
389 76
105 317
173 451
271 205
395 271
343 81
417 30
133 271
207 220
339 339
223 164
126 231
186 282
277 400
299 159
51 57
54 328
293 344
375 154
413 446
466 272
447 30
163 271
295 390
484 97
162 46
198 457
406 406
10 406
82 282
63 40
408 452
45 400
389 210
419 52
484 447
24 462
454 46
495 47
285 237
95 113
361 232
111 57
149 349
223 298
396 226
0 226
74 175
68 360
12 236
428 114
466 406
130 457
143 130
129 232
468 452
179 349
215 6
275 57
5 196
354 350
440 124
426 226
445 468
183 468
26 484
7 242
403 242
444 243
120 119
405 288
498 479
83 237
270 63
46 355
473 422
495 181
159 232
136 248
497 227
37 242
474 243
138 294
171 242
224 68
437 361
74 309
113 237
239 376
247 237
51 325
68 494
439 407
236 78
356 372
414 350
166 248
188 7
289 89
407 310
462 17
66 17
122 326
442 304
372 474
78 27
349 490
22 95
60 387
462 367
159 366
319 89
272 243
324 433
340 377
326 479
377 444
75 79
108 27
209 79
300 197
11 94
112 146
487 23
414 484
293 157
279 259
353 208
69 449
237 33
354 29
122 460
409 490
235 337
485 485
22 229
402 450
272 377
346 326
76 465
368 85
175 444
285 50
422 321
147 116
452 163
438 265
264 112
52 229
396 39
437 40
170 450
338 34
417 327
53 50
58 394
414 29
218 117
294 112
373 405
101 471
348 348
364 292
484 394
88 394
195 291
253 461
234 219
426 389
137 286
159 45
398 61
40 353
62 112
227 179
306 472
361 179
359 106
89 245
438 399
116 348
474 56
262 173
303 174
415 415
79 466
113 50
239 189
247 50
352 66
30 15
16 117
21 461
164 15
412 117
31 425
428 61
106 10
144 302
204 353
240 10
33 471
148 421
468 399
294 246
354 297
371 466
481 72
467 174
122 139
172 256
221 118
364 426
424 477
498 426
275 354
421 179
272 56
477 488
76 144
442 467
175 123
213 415
323 21
39 262
378 482
452 431
116 482
157 483
231 432
460 292
93 498
449 133
187 133
261 82
16 251
428 195
185 437
207 196
146 482
182 139
187 483
481 206
123 498
489 67
236 375
310 324
464 10
386 319
334 129
97 216
482 27
499 196
173 211
346 139
387 140
459 16
189 155
249 206
212 324
243 391
339 99
490 268
176 78
319 386
30 283
59 432
133 381
491 89
188 88
471 376
300 494
333 442
374 443
448 392
107 99
318 319
48 458
87 386
274 212
386 453
350 207
121 155
404 443
18 407
40 166
477 167
193 408
347 94
452 110
42 212
154 453
281 228
368 382
79 279
225 104
431 172
417 274
128 171
342 100
72 239
223 408
278 115
369 233
47 182
470 285
451 43
184 453
10 300
486 229
183 228
7 2
48 3
424 290
372 100
88 341
275 167
60 13
65 357
426 336
156 475
290 475
306 419
378 295
56 244
303 121
55 19
46 465
285 481
352 13
357 357
439 167
361 476
469 9
336 419
358 178
69 75
418 229
129 126
407 70
150 414
370 188
125 357
364 373
64 81
50 183
102 373
5 440
13 301
462 127
173 24
351 296
76 91
29 245
419 430
56 378
42 480
400 188
325 14
495 425
192 424
30 96
95 491
131 148
492 127
474 487
171 486
380 71
17 19
182 86
261 379
355 14
112 256
332 30
318 132
15 323
87 199
274 25
50 317
163 194
214 159
65 36
120 497
189 102
6 395
288 81
4 322
463 82
270 441
292 200
438 25
368 195
170 210
357 36
343 138
436 329
36 395
58 154
397 374
433 31
149 272
223 221
314 339
410 47
448 339
107 46
299 216
375 211
278 278
369 396
43 411
387 221
464 441
178 47
290 288
276 390
193 355
383 452
456 176
93 124
46 278
343 272
89 355
190 407
322 334
52 473
470 232
68 417
128 468
150 227
241 345
12 293
139 68
199 119
204 463
259 170
201 165
275 114
289 12
44 181
118 130
238 232
370 351
461 469
254 176
292 468
56 191
9 345
270 120
46 412
495 238
420 64
453 12
361 423
37 299
212 300
245 248
224 125
261 192
412 361
16 361
434 120
145 17
150 361
186 18
315 428
372 181
451 474
430 351
289 146
294 490
118 264
462 74
178 315
489 177
365 141
345 428
419 377
367 187
78 84
248 495
286 198
305 248
76 388
189 265
400 485
111 382
298 208
284 310
397 187
75 136
374 203
304 373
31 214
91 265
499 90
163 141
316 383
369 209
140 157
258 378
43 224
161 445
235 394
307 270
97 460
105 321
237 440
435 455
420 332
24 332
189 399
211 158
174 276
260 50
127 460
176 322
264 169
314 286
336 45
487 214
225 214
274 106
315 107
144 225
204 276
253 168
445 338
109 389
329 163
45 404
81 61
444 113
494 230
350 451
60 123
65 467
473 292
137 343
287 287
361 236
309 46
116 405
190 354
93 421
113 107
225 348
95 467
164 72
169 416
139 15
226 169
418 339
143 134
220 354
280 405
354 354
118 77
123 421
48 247
34 349
425 5
289 309
308 359
173 134
250 354
249 129
59 5
190 488
231 489
224 72
303 365
377 314
132 483
319 309
16 308
222 376
342 478
242 247
407 314
355 124
66 21
236 432
310 381
318 242
404 16
386 376
50 427
311 202
457 27
200 371
2 386
175 314
288 191
367 484
4 432
243 448
224 206
36 155
490 325
94 325
149 32
319 443
341 202
126 48
203 268
277 217
455 489
491 146
394 213
283 382
355 258
186 449
258 325
235 341
274 269
447 197
210 284
485 489
311 336
424 213
498 162
135 110
195 161
46 38
84 330
436 223
40 223
475 151
227 49
265 341
75 217
0 43
192 213
417 331
205 448
414 33
336 342
355 392
369 290
391 49
410 291
181 239
198 408
385 234
49 285
269 59
34 162
199 229
364 296
350 398
498 296
157 3
253 465
234 223
308 172
65 414
426 393
25 49
159 49
269 409
81 358
463 460
328 235
138 111
243 127
229 229
303 178
19 419
55 76
363 229
490 4
228 4
72 430
20 240
53 188
414 167
493 460
166 65
391 183
470 476
418 286
32 250
44 75
71 178
296 296
444 194
122 143
199 363
386 189
215 307
270 14
349 307
435 81
351 353
81 492
227 317
180 471
249 76
323 25
39 266
243 261
229 363
330 415
3 20
154 189
38 14
230 184
15 30
395 251
111 492
147 149
358 369
36 318
127 436
160 384
182 143
209 246
321 487
300 364
333 312
374 313
145 261
167 20
139 446
109 15
124 323
163 251
22 46
388 369
489 421
313 195
142 313
216 262
268 452
276 313
40 36
339 103
8 498
42 82
75 30
154 323
195 324
192 26
304 267
1 458
436 386
59 436
133 385
205 261
293 108
339 453
31 108
314 396
47 52
33 154
148 104
10 170
31 458
61 108
88 211
179 329
327 227
43 468
387 278
142 447
238 155
477 171
141 222
213 98
328 48
3 288
457 458
94 406
42 216
135 407
206 58
114 469
95 227
20 53
130 221
262 340
14 238
0 340
74 289
126 479
418 99
299 407
197 130
150 284
241 402
274 350
375 402
12 350
461 176
124 2
215 120
201 222
44 238
291 115
329 407
477 305
136 12
141 356
232 474
306 423
254 233
328 182
56 248
97 249
83 351
405 402
231 249
456 367
476 53
324 413
379 120
384 464
95 361
134 289
72 377
110 80
96 182
430 58
108 7
434 177
184 2
310 141
423 18
139 259
483 69
215 254
242 357
316 306
27 203
402 80
44 372
118 321
481 373
214 29
217 300
122 440
103 198
307 193
381 142
152 90
270 311
22 209
366 19
195 137
305 305
492 131
340 491
78 491
59 249
111 439
496 250
205 74
490 435
112 260
101 101
279 373
413 373
499 147
177 96
311 96
316 440
355 368
429 317
179 142
43 281
194 450
403 35
141 35
121 322
473 215
170 214
422 435
100 384
36 399
77 400
401 497
470 102
165 220
128 338
293 405
353 456
427 405
91 456
204 333
371 446
440 51
238 102
269 169
141 169
306 236
259 390
195 405
19 179
35 123
21 225
458 226
361 293
111 118
116 462
212 170
363 339
93 478
146 112
321 113
51 252
30 129
68 421
472 282
301 400
125 174
245 468
226 226
69 242
220 411
27 16
296 406
365 11
6 78
446 350
248 365
22 22
25 293
233 242
346 119
76 258
458 360
153 478
249 186
37 303
78 304
59 62
133 11
298 78
325 181
41 422
16 365
450 68
413 186
160 494
335 495
429 130
167 130
370 489
318 299
478 22
82 22
120 314
142 73
83 432
482 141
499 310
196 309
311 259
292 17
233 376
200 428
360 151
24 202
103 495
136 443
497 422
175 371
18 387
436 146
224 263
77 213
149 89
228 382
264 39
401 310
131 449
492 428
166 443
293 218
466 146
130 197
242 438
369 213
392 382
423 449
161 449
329 33
334 377
237 444
292 151
484 321
248 44
387 388
151 111
362 331
343 89
477 281
21 38
174 280
190 224
264 173
377 50
454 270
357 337
68 234
417 388
128 285
260 404
204 280
396 450
198 465
280 275
5 70
10 414
123 291
467 101
472 445
67 167
122 66
232 234
372 214
102 353
157 60
211 296
398 122
2 122
141 466
227 240
347 342
400 168
438 460
243 184
456 477
431 420
379 230
491 471
439 281
203 4
342 348
433 466
240 71
226 173
245 415
432 241
418 343
468 460
242 117
321 410
49 476
467 235
197 374
318 112
461 420
120 127
312 297
275 415
13 415
118 431
291 359
351 410
425 359
400 302
231 493
229 420
265 77
303 369
168 144
319 313
401 123
282 431
31 31
36 375
413 133
335 442
369 26
332 144
235 211
221 313
427 381
124 380
480 15
210 154
485 359
402 324
383 82
99 323
140 324
484 134
291 493
98 98
288 195
381 386
243 452
251 313
55 401
77 160
443 483
168 278
302 278
415 155
52 103
487 31
492 375
431 99
246 319
31 165
110 458
33 211
184 380
220 37
472 258
274 273
26 171
12 273
485 493
163 442
278 392
253 335
63 211
252 110
389 381
463 330
475 155
347 155
56 171
176 273
165 114
206 115
68 181
394 351
264 470
245 228
468 273
294 120
335 121
321 223
373 413
101 479
472 392
12 407
48 64
122 13
139 182
488 336
102 300
124 59
162 351
485 38
275 228
388 105
178 295
444 414
56 305
400 115
479 408
157 357
476 110
113 58
305 228
398 419
492 54
72 434
433 413
37 413
106 18
111 362
474 414
127 306
182 13
247 408
412 475
296 300
101 24
312 244
427 194
446 244
316 363
99 136
272 64
43 204
29 306
478 132
189 29
180 475
78 198
119 199
231 440
265 24
22 266
399 24
435 435
457 194
341 19
38 18
244 86
395 255
376 13
417 14
246 132
284 424
320 81
36 322
335 389
126 215
112 317
198 91
277 384
373 92
423 209
472 71
12 86
17 430
499 204
163 255
103 389
459 24
216 266
18 281
403 92
40 40
45 384
67 143
408 436
232 210
456 103
98 395
79 153
1 462
59 440
100 441
133 389
77 457
359 143
245 41
314 400
396 210
74 159
188 446
447 148
451 267
181 406
354 334
445 452
178 108
183 452
329 277
81 175
141 226
479 221
157 170
281 236
305 41
213 452
287 401
89 416
487 462
412 288
16 288
49 236
391 350
160 417
13 175
34 463
464 47
273 479
254 237
328 186
446 407
248 422
344 130
22 79
154 6
20 191
474 361
460 463
224 186
284 237
0 478
476 407
374 130
117 474
186 79
356 490
413 243
256 259
333 479
85 377
217 304
444 495
103 202
115 27
381 146
480 125
485 469
22 213
159 484
492 135
497 479
288 305
422 305
36 269
283 146
415 265
112 264
239 39
472 18
256 393
316 444
66 269
107 270
451 80
167 321
198 388
10 337
255 141
232 157
383 326
424 327
61 275
443 377
484 378
498 276
313 496
459 321
63 321
362 388
40 337
174 337
339 404
58 162
37 39
176 383
165 224
49 49
486 50
169 343
202 291
260 461
26 65
72 410
53 168
414 147
226 96
410 405
47 353
28 111
391 163
88 162
167 455
32 230
123 348
183 399
257 348
238 106
199 343
259 394
424 461
157 117
196 45
330 45
99 112
173 61
287 348
39 246
20 4
116 466
152 123
185 71
212 174
264 364
377 241
14 189
449 117
117 287
241 353
282 354
106 128
92 230
455 282
279 56
143 195
160 364
220 415
280 466
335 365
236 359
296 410
7 307
103 15
273 426
221 236
367 61
99 246
286 72
365 365
346 123
24 72
136 313
153 482
422 118
377 375
55 324
110 31
75 10
168 201
300 128
374 77
52 26
263 246
304 247
356 437
390 21
279 190
358 483
432 432
471 360
130 67
85 324
434 478
140 31
145 375
219 324
48 442
423 319
82 26
216 26
105 195
485 416
311 263
462 432
272 308
404 427
170 31
288 252
381 443
191 319
267 314
322 21
415 212
38 262
165 37
299 37
304 381
390 155
376 257
73 448
320 325
149 443
204 150
181 166
184 437
220 94
299 387
101 402
235 402
255 88
334 381
499 448
498 223
308 99
387 392
24 340
440 218
151 115
211 166
40 284
62 43
153 161
306 403
56 228
176 330
341 397
338 99
431 290
439 151
155 392
320 459
414 94
488 43
410 352
468 330
247 331
44 2
85 3
109 397
123 295
145 54
183 346
393 156
370 172
409 100
488 393
259 341
289 183
275 285
5 424
60 131
495 59
178 352
250 228
254 347
39 193
345 465
495 409
132 357
192 408
228 65
357 475
379 234
117 234
134 403
208 352
337 8
395 178
474 471
143 142
335 312
316 70
71 239
145 188
164 430
263 409
296 357
428 476
166 476
199 424
446 301
215 368
196 126
311 76
219 487
200 245
119 256
251 183
416 250
132 491
438 9
176 9
282 435
133 312
155 71
188 19
298 379
397 358
335 446
374 374
11 322
184 250
299 200
390 318
371 76
423 266
427 385
408 143
482 92
124 384
485 363
297 312
462 379
61 35
291 497
313 256
43 395
65 154
115 271
137 30
307 441
329 200
441 441
463 200
193 339
174 97
494 267
292 318
56 41
94 333
195 385
19 159
454 87
170 328
244 277
285 278
266 36
73 395
301 30
380 323
110 462
336 216
322 318
470 216
468 143
198 282
299 334
10 231
49 159
315 278
34 36
199 103
28 221
102 170
178 165
216 457
250 41
255 385
463 334
172 350
116 226
229 103
308 396
19 293
60 294
495 222
357 288
398 289
35 237
439 98
134 216
260 355
89 473
433 283
410 299
0 401
160 124
146 226
247 278
90 294
434 104
241 463
69 356
129 407
481 300
291 176
76 22
29 176
268 192
326 170
381 69
419 361
441 120
421 407
443 166
35 371
21 473
76 372
492 58
309 351
111 366
212 418
108 68
223 18
335 259
374 187
448 136
453 480
126 85
263 356
299 13
101 28
488 474
235 28
331 490
182 367
163 125
256 316
297 125
407 485
103 259
221 480
97 444
45 254
389 64
494 80
306 29
344 321
383 249
495 490
99 490
154 197
286 316
346 367
115 434
285 91
271 193
309 485
147 157
493 13
228 496
415 322
38 372
277 388
348 39
301 193
334 141
413 434
466 260
163 259
237 208
350 85
355 429
28 34
107 327
140 275
5 50
10 394
387 152
156 219
216 270
119 337
383 383
419 40
135 281
456 107
459 378
137 327
271 327
1 466
73 342
174 394
246 270
378 389
452 338
89 286
70 44
314 404
410 112
0 214
74 163
431 400
49 106
472 209
150 158
301 327
26 122
375 276
125 101
199 50
278 343
226 153
391 220
102 117
146 389
220 338
44 112
82 404
269 230
141 230
158 399
102 467
479 225
229 50
435 118
211 410
285 359
271 461
250 338
323 62
224 56
303 349
437 349
36 5
74 297
165 415
206 416
261 123
300 51
68 482
453 293
90 241
236 66
428 236
185 478
353 62
432 355
215 128
335 422
27 77
393 400
200 5
310 365
291 123
296 467
351 174
103 72
442 292
307 67
196 236
8 185
421 354
159 354
195 11
272 231
346 180
340 365
326 467
400 416
4 416
37 364
284 241
55 381
399 191
490 309
476 411
75 67
52 83
304 304
166 370
432 489
380 299
110 438
217 308
313 16
101 325
87 427
290 32
255 11
408 253
158 78
443 247
272 365
308 22
76 453
368 73
473 89
459 191
211 89
73 155
422 309
366 377
126 166
492 489
244 387
299 94
315 38
58 382
223 449
355 376
470 326
88 32
129 33
198 392
179 150
253 99
280 202
385 218
348 336
494 161
172 110
232 161
387 449
421 33
389 495
477 342
174 341
3 459
359 94
42 387
116 336
171 43
176 387
19 403
239 177
338 156
417 449
16 105
90 54
439 208
150 105
155 449
359 444
171 393
295 459
470 460
418 270
393 213
318 39
86 470
125 398
180 105
221 106
440 409
99 116
137 408
365 235
153 352
213 403
249 60
328 353
190 419
251 106
330 399
490 122
476 224
192 465
302 71
331 250
353 9
110 251
108 178
335 369
448 246
429 4
481 194
145 245
217 121
318 173
10 20
48 312
235 138
64 256
105 65
275 476
13 476
388 353
25 301
286 76
291 420
2 317
76 266
290 195
362 71
243 379
191 189
339 87
399 138
397 65
438 66
228 256
117 425
222 441
323 493
356 441
390 25
376 127
106 266
358 487
399 488
31 92
380 246
96 487
355 189
429 138
126 329
470 139
198 205
376 477
101 272
188 426
177 267
80 334
66 436
424 144
121 143
253 262
327 211
313 313
404 431
290 329
271 87
307 498
329 257
45 498
193 396
174 154
383 493
168 339
176 200
304 385
68 108
491 211
380 380
58 329
89 396
218 52
336 273
47 170
107 221
418 83
184 441
225 442
280 149
32 47
393 26
472 319
486 217
257 165
315 335
334 385
177 401
237 452
253 396
5 294
13 155
426 324
250 98
67 391
190 232
14 6
55 7
41 109
363 160
456 351
35 294
417 396
169 294
455 99
92 47
470 407
96 166
449 284
146 283
407 58
49 350
412 402
486 351
411 177
240 295
102 361
50 171
349 238
297 48
388 166
159 114
252 305
351 284
442 402
175 58
254 351
290 8
326 227
18 74
270 295
251 53
60 485
228 69
492 115
222 254
20 305
111 423
133 182
207 131
358 300
430 176
261 367
374 244
434 295
38 295
186 193
236 310
428 480
312 305
50 305
499 131
402 198
66 249
327 24
193 209
168 152
267 131
170 198
230 249
436 317
59 367
491 24
496 368
265 435
397 362
89 209
396 137
33 85
186 327
198 152
299 204
348 96
334 198
427 389
295 435
369 384
429 435
61 39
451 194
327 158
238 86
255 255
403 153
232 271
383 440
419 97
61 389
405 199
498 390
195 389
308 266
454 91
271 384
343 260
417 209
58 276
322 322
146 96
299 338
486 164
109 214
202 405
278 400
118 118
178 169
329 338
326 40
157 231
41 56
132 174
173 175
398 293
227 411
474 288
185 185
224 113
36 62
261 180
247 282
352 298
379 401
412 349
486 298
112 57
203 175
263 226
356 417
450 52
226 344
386 67
432 412
69 360
289 134
333 406
489 165
217 231
216 6
345 416
78 72
193 22
330 293
60 432
416 67
398 427
2 427
492 62
340 422
152 371
138 473
212 422
496 181
224 247
96 247
397 175
149 73
374 191
126 89
186 140
128 135
161 83
293 202
143 443
163 129
448 490
85 438
66 196
332 315
406 264
423 433
120 432
235 382
290 89
276 191
381 207
367 309
482 259
196 427
383 253
286 320
346 371
175 489
21 22
149 207
300 376
38 376
93 275
239 100
412 28
491 321
205 489
447 22
256 454
33 382
253 156
385 275
445 326
123 275
156 223
370 152
67 151
447 372
424 388
61 336
42 94
157 44
137 331
159 90
250 208
398 106
477 399
114 347
95 105
136 106
89 290
479 445
262 218
377 168
363 270
415 460
165 285
113 95
187 44
206 286
431 404
30 60
412 162
90 111
342 332
466 398
144 347
130 449
171 450
245 399
47 414
148 466
430 152
468 444
294 291
32 291
385 409
486 461
467 219
104 167
183 460
269 234
172 301
125 455
328 60
6 9
201 450
289 297
398 240
153 409
189 66
175 168
474 235
78 235
251 163
284 111
127 127
132 471
379 348
112 4
428 240
376 50
106 189
92 291
331 307
31 15
69 307
129 358
182 184
256 133
32 425
145 302
489 112
184 230
337 472
370 420
423 246
120 245
161 246
194 194
235 195
499 241
349 482
291 477
365 426
346 184
98 82
309 302
400 420
4 420
73 25
441 421
344 488
41 487
347 5
154 364
341 190
453 431
487 15
203 256
244 257
207 375
188 133
320 252
36 493
471 421
369 144
11 436
374 488
112 488
167 195
258 313
280 72
10 211
183 139
255 15
427 499
482 206
124 498
485 477
232 31
297 426
66 493
135 98
404 488
478 437
63 195
290 386
250 21
288 313
174 211
227 37
77 278
378 206
262 31
54 267
320 386
369 278
317 88
148 279
487 499
371 324
109 324
348 340
48 48
177 458
345 42
275 212
159 37
255 499
329 448
2 53
40 345
81 346
141 397
389 499
477 346
306 464
328 223
37 47
231 290
456 408
55 64
439 212
169 351
469 54
144 294
240 2
331 120
336 464
358 223
418 274
449 341
187 341
242 48
321 341
109 458
236 233
310 182
370 233
411 234
488 454
97 74
402 121
2 187
103 239
120 408
175 115
212 182
224 7
303 300
191 59
127 74
206 367
30 141
379 295
420 296
117 295
230 172
309 465
59 290
147 137
284 408
374 301
236 367
318 177
109 3
221 244
13 480
388 357
424 14
121 13
162 14
253 132
360 29
406 374
43 322
404 301
459 8
189 147
4 367
193 266
42 70
319 378
415 86
454 14
244 204
357 81
469 322
491 81
496 425
224 491
205 249
394 148
149 317
204 24
245 25
123 35
274 204
402 389
179 317
137 91
238 143
389 312
193 400
378 153
457 446
61 446
382 272
137 441
271 441
417 266
208 92
241 40
342 92
452 452
89 400
433 210
410 226
47 174
358 36
220 102
294 51
225 446
51 293
352 221
164 170
296 97
370 46
375 390
199 164
65 349
388 36
250 102
441 47
243 62
303 113
476 41
206 180
324 401
35 298
57 57
439 159
361 468
20 175
377 412
449 288
471 47
90 355
411 181
87 57
386 124
69 417
124 124
256 243
307 181
386 474
18 78
367 232
196 350
330 350
383 176
228 73
319 191
170 68
249 361
309 412
1 259
474 479
205 62
284 355
17 11
110 202
355 6
131 490
373 23
87 191
279 361
64 207
402 202
66 253
140 202
219 495
258 423
387 79
82 197
255 125
329 74
237 485
270 433
306 90
22 331
457 259
438 17
479 18
308 136
387 429
420 377
436 321
59 371
100 372
433 23
401 485
0 141
373 157
486 34
472 136
353 444
301 254
53 152
144 270
125 28
204 321
364 44
350 146
465 96
129 147
162 95
32 214
65 162
445 383
467 142
7 157
45 449
86 450
482 450
180 85
42 151
83 152
135 342
162 445
231 50
484 496
382 219
459 439
477 456
497 142
474 158
111 106
116 450
190 399
377 225
449 101
127 50
321 101
30 117
488 214
226 214
451 332
181 471
215 55
294 348
197 415
178 173
219 174
291 50
351 101
29 50
461 461
405 337
446 338
275 456
151 420
360 5
398 297
497 276
175 225
111 240
460 394
138 343
131 303
222 421
277 128
263 230
205 225
331 364
353 123
50 122
96 467
143 313
485 50
11 359
429 118
66 66
140 15
145 359
236 477
318 287
103 133
409 405
423 303
307 128
23 369
9 471
499 298
480 56
27 488
8 246
402 365
435 313
443 174
484 175
195 72
200 416
286 190
360 139
84 241
189 257
170 15
323 257
276 411
288 236
4 477
59 184
114 83
36 200
94 370
438 180
228 370
30 385
453 488
79 247
112 195
230 416
68 88
106 380
128 139
133 483
202 88
207 432
417 242
491 191
31 206
278 83
448 494
184 421
318 421
423 437
404 195
142 195
307 262
480 190
297 483
350 309
80 448
162 258
327 325
308 83
473 150
211 150
1 340
436 268
422 370
251 488
339 335
361 94
116 263
190 212
460 73
262 88
51 53
343 427
31 340
369 335
451 145
220 212
373 454
51 403
393 140
472 433
197 228
86 397
461 274
172 171
345 99
419 48
23 48
61 340
424 392
137 335
324 161
40 402
213 330
378 397
56 346
152 54
264 295
243 172
456 465
431 408
72 475
488 161
166 110
391 228
11 172
44 120
467 223
258 49
411 291
122 188
199 408
23 182
9 284
50 285
124 234
485 213
25 228
462 229
309 172
18 188
441 291
243 306
191 116
305 403
376 54
469 245
207 245
224 414
427 19
33 65
107 14
112 358
277 425
258 183
15 425
423 250
404 8
235 199
353 420
289 435
80 261
121 70
195 19
459 65
63 65
175 306
189 204
271 14
1 153
276 358
40 81
339 148
75 75
190 25
341 194
19 143
131 384
79 194
244 261
205 306
293 153
31 153
471 425
493 184
278 30
396 251
126 390
112 492
186 441
220 25
10 215
202 385
274 261
348 210
375 313
466 431
278 380
28 205
61 153
276 492
40 215
389 369
425 26
477 216
191 384
306 334
328 93
419 211
363 87
368 431
473 447
192 205
35 221
95 272
72 288
58 390
129 41
373 401
412 329
49 277
467 36
26 293
48 52
461 221
273 170
391 391
446 98
124 47
129 391
294 458
238 334
329 452
444 402
425 160
180 329
326 154
9 447
55 68
41 170
476 98
206 237
154 47
192 339
233 340
357 406
379 165
458 458
95 406
492 42
230 42
342 283
433 401
336 468
148 417
242 52
352 412
71 170
236 237
312 232
372 283
143 423
196 57
237 58
402 125
462 176
478 120
194 361
216 120
276 171
251 114
330 407
154 181
319 248
341 7
79 7
84 351
395 243
147 141
96 361
108 186
374 305
52 254
112 305
128 249
202 198
375 126
350 69
253 136
291 428
478 254
235 496
307 372
441 372
40 28
45 372
100 79
306 147
366 198
378 23
281 90
308 193
84 485
285 209
271 311
357 85
95 85
100 429
339 445
394 152
58 203
359 131
493 131
130 79
209 372
165 265
385 39
376 485
68 332
491 435
150 142
301 311
31 450
427 450
86 157
259 85
66 444
465 153
88 203
181 394
385 389
404 439
82 388
156 337
183 440
7 214
81 163
494 332
457 450
61 450
97 107
479 209
195 450
308 327
330 86
46 327
473 394
136 220
213 440
361 338
190 456
264 405
437 333
74 281
148 230
127 107
146 157
51 297
16 276
375 394
125 219
215 112
219 231
392 159
29 107
23 292
210 118
55 15
233 287
134 281
222 128
323 180
361 472
340 349
400 400
78 349
59 107
133 56
152 298
185 246
212 349
460 451
496 108
14 364
358 174
16 410
38 169
356 478
390 62
226 405
182 298
481 365
467 467
404 118
478 67
6 257
64 427
45 185
196 354
383 180
159 472
195 129
272 349
175 416
73 139
59 241
496 242
55 499
127 375
168 376
341 304
374 252
277 319
54 247
207 489
31 263
182 432
204 191
80 155
391 17
167 309
468 237
406 325
142 252
257 202
269 27
7 27
389 129
210 386
232 145
383 314
405 73
42 21
324 84
114 274
463 428
325 494
359 78
281 387
415 387
74 94
487 263
239 161
225 263
431 331
439 192
144 274
488 84
396 495
451 202
468 371
160 218
280 320
123 336
370 213
180 89
364 398
345 156
83 156
136 167
227 285
340 162
37 161
302 55
169 465
70 459
185 409
391 285
418 388
335 353
197 419
120 172
83 290
196 167
297 219
421 285
25 285
420 60
84 111
115 178
227 419
497 280
249 178
323 127
326 398
395 3
224 121
3 122
490 240
439 460
491 61
207 302
427 76
380 230
91 127
182 245
242 296
407 363
219 312
468 50
198 189
332 189
371 117
101 256
409 409
216 14
64 374
499 302
480 60
388 471
424 128
462 420
135 25
286 194
2 435
115 312
464 466
175 363
276 415
381 431
152 379
243 497
251 358
339 205
360 493
322 9
299 25
357 195
390 143
491 195
128 143
130 189
209 482
355 307
47 154
107 205
186 498
184 425
32 31
472 303
257 149
296 77
12 318
461 144
80 452
214 452
162 262
211 154
62 31
158 493
232 442
361 98
347 200
39 47
56 216
460 77
262 92
93 283
338 87
412 36
16 36
144 221
262 442
331 47
317 149
430 26
280 267
385 283
393 144
472 437
145 42
183 334
310 109
409 88
125 329
180 36
312 155
275 273
421 98
269 458
2 114
76 63
477 407
497 93
175 42
326 211
441 161
78 109
231 351
330 330
41 227
421 448
113 103
154 104
192 396
233 397
266 345
379 222
208 340
92 165
166 114
205 42
358 284
283 110
71 227
145 176
219 125
296 345
411 295
392 53
423 120
312 289
13 407
44 474
118 423
43 249
387 59
464 279
78 243
193 193
435 480
443 341
267 115
360 306
401 115
244 131
108 243
295 69
300 413
355 120
85 259
38 413
448 311
299 188
332 136
423 254
101 203
334 182
86 80
485 351
163 300
311 198
364 24
388 418
424 75
253 193
238 70
306 204
383 424
195 373
176 131
267 249
415 147
24 491
454 75
192 75
436 435
35 91
458 194
95 142
496 486
471 429
245 86
415 497
33 203
126 394
165 322
198 270
49 147
241 317
139 40
259 142
364 158
313 378
142 496
183 497
389 373
425 30
494 389
268 46
254 148
405 317
460 24
248 333
281 281
308 384
473 451
285 400
305 86
439 86
136 277
222 51
347 497
20 102
433 271
474 272
298 46
146 214
247 266
335 113
352 282
338 384
393 91
486 282
150 333
310 56
122 5
125 276
199 225
451 446
275 220
44 287
329 456
120 282
180 333
328 231
4 107
382 467
443 154
323 237
400 457
224 231
284 282
399 232
113 400
182 5
247 400
374 175
453 468
52 124
337 293
488 462
166 411
312 236
353 237
407 473
167 232
291 298
387 6
221 468
381 191
367 293
494 68
292 119
135 135
360 253
346 355
98 253
79 11
115 422
189 371
492 180
244 78
230 180
249 422
362 299
59 298
251 468
165 135
68 202
128 253
202 202
188 304
413 422
256 438
465 23
88 73
179 191
82 258
40 32
494 202
442 12
116 27
360 387
1 454
398 90
35 38
21 140
40 382
384 192
134 17
246 258
359 135
452 326
75 376
262 202
322 253
437 203
146 27
321 28
169 388
202 336
315 213
26 110
428 90
240 39
369 449
391 208
28 156
280 377
5 172
123 393
296 321
364 455
419 162
61 454
97 111
498 455
270 39
382 280
421 208
173 106
233 157
324 275
134 151
282 49
323 50
309 152
20 49
340 219
460 321
264 409
229 388
303 337
377 286
132 455
203 106
241 398
282 399
411 55
414 326
106 173
218 414
92 275
279 101
391 342
465 291
407 286
236 404
217 162
444 353
43 9
103 60
372 450
482 56
485 327
289 415
297 276
421 342
173 240
340 353
152 302
243 420
224 178
265 179
416 348
149 4
92 409
133 410
207 359
293 133
69 425
204 61
237 9
242 353
333 471
80 25
310 487
179 4
258 297
423 364
235 313
183 123
290 20
381 138
334 292
158 66
196 358
25 476
140 426
195 133
200 477
234 61
473 77
175 420
211 77
216 421
249 369
271 128
343 4
384 5
496 246
339 262
77 262
58 20
190 139
176 241
223 87
165 82
170 426
299 82
293 267
301 128
375 77
380 421
144 144
182 436
218 93
423 498
426 15
197 155
177 442
158 200
259 252
61 267
9 77
162 319
211 211
252 212
329 432
477 330
21 87
366 499
267 493
