# family=structured seed=2
# opt_upper_bound=50
500 29695
113 26
247 26
439 196
245 330
0 499
418 258
335 223
10 463
371 442
44 47
486 392
310 166
461 335
120 42
498 402
102 402
27 228
440 397
178 397
252 346
272 32
227 289
419 459
56 407
116 458
284 42
55 182
302 59
453 228
169 469
117 279
166 171
380 100
17 48
413 48
146 458
187 459
316 115
164 475
406 8
10 8
101 126
483 228
221 228
307 2
413 398
482 3
311 121
297 223
388 341
214 188
464 336
175 233
268 424
78 300
152 249
100 59
378 3
443 398
168 193
314 18
431 14
417 116
188 64
279 182
36 424
70 8
108 300
130 59
295 126
47 24
167 126
487 296
280 3
371 121
188 414
64 378
12 188
124 429
167 476
313 301
387 250
252 25
271 75
307 486
381 435
403 194
40 142
475 70
153 19
287 19
383 481
89 34
479 189
264 35
267 306
285 323
395 491
68 96
169 148
174 492
342 76
347 420
380 368
471 486
493 245
418 71
239 328
445 204
472 307
197 102
375 374
125 199
204 492
350 317
201 194
234 142
354 436
104 261
324 35
403 328
463 379
153 153
287 153
308 441
19 338
379 92
169 282
171 328
148 344
220 220
145 46
53 457
483 41
364 349
372 210
102 349
349 226
402 52
388 154
440 344
178 344
238 395
269 462
444 463
141 462
442 390
478 47
153 287
276 98
340 113
345 457
381 114
83 457
105 216
344 232
41 231
132 349
443 211
476 159
319 175
420 227
57 175
323 294
147 68
133 170
55 479
261 355
209 165
300 283
376 278
101 73
450 227
163 170
237 119
316 412
402 186
481 479
332 356
406 305
24 11
423 474
404 232
189 78
194 422
210 366
168 140
121 294
154 242
417 63
133 304
320 130
36 371
72 28
433 7
471 299
171 7
74 74
165 192
445 17
54 361
87 309
202 259
188 361
348 84
301 238
353 428
369 372
350 130
201 7
354 249
445 367
426 125
216 315
477 90
141 141
457 377
195 377
473 321
285 270
35 95
114 388
100 490
174 439
260 213
208 23
342 23
493 192
171 141
264 332
220 33
338 254
90 152
123 100
428 147
28 213
465 214
280 434
44 157
296 378
81 224
29 34
158 444
194 101
23 219
479 270
83 270
105 29
248 337
270 96
308 388
60 286
252 456
305 90
384 383
136 281
361 399
400 327
455 34
264 466
298 50
36 50
74 342
449 219
333 44
164 235
236 111
282 456
315 404
106 230
485 34
316 225
333 394
393 445
467 394
268 184
312 456
9 455
435 297
383 107
360 123
459 102
134 342
249 292
309 343
224 235
265 236
298 184
397 163
131 421
376 225
101 20
469 416
166 415
202 72
143 431
163 117
237 66
278 67
107 185
167 236
445 180
82 128
235 370
67 5
499 416
196 415
195 190
313 411
478 478
249 426
417 10
152 493
496 303
155 10
339 319
58 77
149 195
336 21
322 123
437 73
74 21
299 139
376 359
68 206
491 309
205 477
279 426
12 82
91 375
447 10
256 442
369 319
468 298
258 488
65 93
109 365
274 432
348 381
370 140
494 206
447 360
273 207
259 309
306 155
311 499
23 32
135 273
83 83
157 32
308 201
24 442
456 99
250 196
458 145
153 263
287 263
309 22
479 433
176 432
0 206
454 376
165 273
192 376
51 171
431 392
453 151
491 443
169 392
150 150
263 27
70 386
410 454
107 453
143 110
148 454
418 315
294 279
354 330
13 37
44 104
118 53
486 449
48 223
461 392
120 99
180 150
312 269
157 166
248 284
196 94
270 43
349 336
13 387
435 110
173 110
346 38
175 156
213 448
323 54
326 325
152 172
190 464
437 341
132 459
154 218
187 166
38 43
117 336
263 161
20 403
166 228
284 449
432 347
91 54
182 172
310 357
332 116
307 59
499 229
289 419
270 177
173 244
121 54
200 347
286 121
420 121
29 465
478 291
464 393
1 137
6 481
18 306
4 408
174 65
243 424
325 234
41 475
94 301
154 352
267 229
222 486
225 3
304 296
106 311
147 312
455 465
31 137
108 357
85 373
198 250
423 368
445 127
87 419
123 76
235 317
255 3
383 188
498 138
308 14
368 65
459 183
276 476
381 492
480 471
306 318
339 266
56 143
42 245
94 435
116 194
303 20
93 210
271 482
338 14
417 307
21 307
54 255
155 307
58 374
283 492
262 369
418 128
487 487
225 487
269 35
370 87
12 379
86 328
364 272
350 374
372 133
162 323
60 46
440 267
25 25
384 143
425 144
463 436
497 20
328 211
474 36
138 87
267 497
303 154
308 498
206 221
266 272
398 391
16 97
90 46
260 457
282 216
433 385
92 92
245 334
336 452
14 401
432 160
110 109
143 57
261 278
49 395
434 206
219 52
310 170
122 119
409 149
87 98
221 98
226 442
331 458
23 113
9 215
13 334
435 57
388 211
159 159
29 278
194 345
193 120
270 340
168 63
35 473
76 474
57 232
117 283
170 109
208 401
15 6
432 294
283 171
434 340
277 356
106 474
87 232
139 422
50 350
118 484
162 2
29 412
464 340
367 407
4 355
477 13
482 357
105 407
443 402
121 351
286 418
341 125
459 346
244 192
271 295
469 310
54 68
320 187
36 428
72 85
149 305
171 64
245 13
283 305
369 79
434 474
470 131
277 490
373 198
334 243
461 18
102 85
327 203
13 13
82 372
348 491
7 198
114 95
193 388
232 316
405 244
135 383
176 192
19 208
79 259
495 137
343 305
40 496
431 152
439 13
169 152
475 424
58 321
89 388
433 198
223 388
336 265
261 91
412 260
315 327
466 496
447 254
199 152
102 219
252 163
351 142
180 260
326 85
23 276
4 34
367 86
243 50
303 101
382 394
60 343
132 219
159 322
420 97
134 265
222 112
400 384
455 91
377 400
418 209
335 174
439 497
483 45
331 405
391 456
465 405
413 215
143 354
129 456
297 40
27 179
214 5
43 123
48 467
122 416
442 394
483 395
97 359
105 220
495 405
228 61
286 231
76 421
189 298
304 56
37 466
422 277
436 175
174 175
246 51
339 242
223 67
300 287
52 185
38 287
90 477
487 113
198 10
469 473
334 56
182 416
107 242
140 190
253 67
276 236
367 354
408 355
270 421
306 78
94 195
173 488
405 57
382 73
368 175
459 293
1 381
21 67
191 478
260 83
347 237
77 376
378 304
433 11
176 355
300 421
410 27
14 27
112 370
225 247
299 196
68 263
417 417
109 72
91 432
70 309
102 32
107 376
181 325
220 253
354 253
371 422
424 433
405 191
484 484
286 499
435 33
151 274
285 274
271 376
362 494
35 99
342 27
39 218
37 145
262 263
127 38
192 433
486 156
356 275
466 443
218 341
245 444
385 454
118 110
219 162
291 38
370 331
7 279
122 229
139 398
120 156
210 49
234 443
250 387
272 146
351 439
136 285
227 403
208 161
323 111
229 449
303 398
36 54
96 105
490 224
206 465
38 100
282 460
304 219
20 460
316 229
407 347
11 347
71 398
489 157
194 239
312 460
307 116
9 459
119 65
124 409
499 286
196 285
289 476
402 353
383 111
99 352
200 404
387 230
24 178
103 471
362 173
4 465
152 363
174 122
243 481
265 240
251 342
416 409
476 460
223 14
302 307
415 184
57 476
487 60
304 353
390 127
469 420
417 230
128 127
301 55
91 245
355 291
318 409
101 374
82 132
274 302
370 10
12 302
172 25
158 127
177 369
259 179
383 245
65 313
46 71
115 430
63 240
137 189
285 87
290 431
463 359
339 323
361 82
3 374
378 251
262 76
341 369
322 127
415 318
239 92
244 436
431 262
417 364
54 312
95 313
169 262
150 20
315 87
53 87
433 308
466 256
130 307
171 308
218 154
369 323
410 324
396 426
181 272
220 200
373 442
51 391
34 195
364 329
350 431
23 36
426 426
137 323
159 82
141 442
190 334
55 109
437 211
416 88
319 155
222 222
263 31
342 324
359 493
493 493
185 340
47 406
108 93
247 437
407 160
85 109
411 279
273 345
226 499
364 463
9 272
102 463
289 289
27 289
103 284
464 263
323 58
400 278
97 469
191 104
270 397
416 222
302 120
57 289
356 356
106 181
59 335
147 182
432 351
380 161
430 278
471 279
261 469
374 346
85 243
318 222
392 171
139 479
235 187
427 357
50 407
214 249
313 228
65 126
98 74
216 295
307 413
367 464
436 69
265 187
251 289
366 239
168 254
319 423
420 475
19 131
98 424
192 59
417 177
207 367
260 193
320 244
283 362
314 429
295 187
258 305
299 306
280 64
354 13
390 424
445 131
123 80
301 352
427 491
499 367
66 485
214 383
179 362
327 260
478 429
290 378
250 13
475 131
328 81
61 491
42 249
116 198
135 440
195 491
234 419
303 24
0 23
93 214
206 91
305 70
417 311
20 86
455 14
322 424
418 132
148 271
146 198
321 199
338 368
49 265
123 214
486 266
375 435
411 92
461 209
386 35
253 445
275 204
349 153
440 271
172 456
326 142
83 384
229 209
377 107
398 395
92 96
133 97
96 215
209 92
247 384
335 231
30 349
263 328
423 51
215 287
163 97
442 451
307 226
45 226
78 174
119 175
435 411
383 221
168 67
420 288
98 237
175 457
436 232
73 180
111 472
147 129
298 298
251 452
325 401
36 298
449 467
223 124
302 417
283 175
11 241
373 68
390 237
353 355
429 350
332 417
313 175
5 22
387 124
478 242
464 344
255 170
405 114
116 11
195 304
286 422
341 129
19 78
454 6
323 489
265 484
394 140
111 17
415 428
79 479
449 12
239 202
247 63
15 494
373 202
68 320
461 22
466 366
204 366
369 433
80 330
28 140
391 192
253 258
13 17
371 479
445 428
467 187
238 135
158 371
232 320
328 28
135 387
421 192
211 382
285 331
271 433
324 259
136 208
361 326
190 444
245 151
303 321
165 387
51 285
412 264
337 90
391 326
146 495
294 393
467 321
104 269
219 219
217 146
291 95
370 388
7 336
172 403
345 331
441 39
46 449
495 275
173 224
272 203
351 496
420 101
134 269
377 404
52 55
126 4
186 55
356 466
15 173
390 50
106 291
92 393
166 342
31 117
103 178
409 450
119 122
105 224
485 445
344 240
484 220
360 184
191 348
89 71
52 189
131 482
401 343
487 117
244 359
225 117
54 235
394 303
283 472
80 143
181 195
258 415
392 415
445 241
307 307
255 117
334 410
7 15
67 66
447 287
306 82
214 493
308 128
115 487
459 297
159 5
422 415
260 87
213 241
366 483
452 257
89 205
401 477
454 303
239 149
51 98
352 26
16 77
150 77
72 386
414 123
410 381
143 37
148 381
51 448
385 324
393 185
472 478
348 442
442 77
483 78
125 370
61 385
102 386
372 247
157 93
498 386
234 313
5 453
211 329
233 88
460 252
176 493
264 340
303 268
284 26
363 319
416 145
454 437
192 437
431 453
35 453
379 263
131 161
117 263
208 381
53 278
144 396
245 448
449 443
123 458
467 268
318 145
48 284
122 233
161 161
221 212
312 330
23 227
499 156
201 499
349 397
297 207
462 274
214 172
324 340
62 340
464 320
227 407
6 408
288 94
326 386
367 387
344 403
399 110
36 58
206 469
228 228
305 448
401 156
304 223
96 459
333 402
15 470
404 53
257 3
348 121
499 290
480 48
402 357
484 167
313 285
103 475
459 110
290 301
441 470
174 126
265 244
176 172
281 188
341 239
165 13
207 424
293 198
241 8
58 301
245 127
295 244
317 3
47 142
322 347
410 194
186 486
294 19
385 137
371 239
390 481
82 136
445 188
197 86
34 65
350 301
424 250
162 250
248 24
234 126
313 419
440 194
426 296
458 19
213 188
287 137
292 481
3 378
308 425
341 373
93 271
41 81
473 492
343 419
95 317
58 435
414 70
144 209
493 363
396 430
33 378
449 256
239 446
261 205
299 497
335 154
51 395
385 271
338 425
467 81
109 373
150 374
236 148
274 440
296 199
411 149
122 46
414 420
88 435
201 312
327 451
13 261
421 86
99 35
329 497
365 154
7 446
444 447
254 323
309 30
326 199
400 148
419 390
229 266
303 215
19 456
456 457
490 41
113 91
159 436
228 41
305 261
117 210
171 446
207 103
224 272
36 221
127 339
182 46
316 46
30 406
11 164
434 267
486 457
145 164
186 165
122 180
101 57
372 328
124 226
177 52
163 154
242 447
13 395
481 463
462 221
365 288
189 62
249 113
340 231
381 232
416 226
94 175
341 52
346 396
57 293
84 396
170 170
224 406
246 165
320 114
31 11
75 283
396 109
126 248
112 350
203 468
10 73
128 294
279 463
353 412
375 171
237 237
388 406
403 125
105 468
210 484
232 243
176 119
19 135
368 289
79 186
170 304
285 254
417 181
133 422
174 423
260 197
394 197
452 367
149 366
185 23
176 469
314 433
373 259
130 474
218 321
364 146
391 249
354 367
445 485
104 192
238 192
403 259
351 69
81 208
389 361
254 136
97 152
479 254
157 203
382 321
363 79
60 270
456 270
473 439
159 249
192 197
357 264
379 23
117 23
475 485
37 259
171 259
148 275
113 254
261 152
30 219
241 439
485 18
215 157
5 347
349 157
43 50
103 101
464 80
180 321
254 270
276 29
340 44
97 286
248 455
55 60
8 214
154 39
458 450
117 157
395 101
469 50
455 152
224 219
298 168
55 410
449 337
187 337
30 353
277 230
488 450
17 276
485 152
407 461
118 358
429 220
332 287
392 338
122 477
120 404
161 405
194 353
255 40
97 420
45 230
402 467
383 225
457 174
135 123
24 292
170 117
271 169
436 236
496 287
100 287
133 235
224 353
127 420
223 128
300 348
373 72
274 66
394 360
380 462
427 308
177 133
28 10
468 282
179 179
327 77
235 488
67 123
480 292
135 257
195 308
84 477
454 10
151 201
189 493
459 354
233 11
1 442
169 26
260 144
213 298
246 246
452 314
111 21
116 365
14 88
79 483
357 427
390 375
412 134
49 82
54 426
315 201
428 78
70 370
125 77
218 268
69 145
109 483
219 89
257 381
172 273
125 427
194 32
234 370
308 319
340 207
37 206
111 155
377 274
90 217
38 27
277 43
205 140
279 89
312 37
160 397
388 32
71 325
411 393
392 151
180 268
23 284
45 43
344 110
383 38
159 330
420 105
425 449
136 346
497 325
268 465
400 392
59 99
100 100
133 48
174 49
265 167
401 213
222 470
244 229
277 177
469 347
166 346
91 172
374 460
107 116
167 167
184 336
318 336
409 454
82 59
156 8
257 60
45 177
237 347
366 3
25 464
84 290
189 306
40 183
114 132
119 476
152 424
55 491
415 245
401 347
239 19
304 414
390 188
431 189
147 430
72 256
70 183
182 424
218 81
278 132
468 229
385 194
197 143
408 363
461 189
158 188
199 189
237 481
311 430
350 358
349 133
151 148
250 127
255 471
324 76
100 368
475 245
153 194
326 122
56 261
400 71
138 71
437 138
41 138
431 323
379 133
260 441
356 149
394 441
359 420
433 369
455 128
493 420
410 385
396 487
33 435
146 312
51 452
338 482
461 323
350 492
424 441
23 97
28 441
83 148
102 390
162 441
465 442
5 457
27 216
462 144
324 210
2 159
180 431
254 380
39 226
4 205
479 498
132 390
319 216
169 457
134 436
187 447
335 345
374 273
85 170
221 216
312 334
215 401
316 453
297 211
402 227
388 329
66 278
140 227
365 345
103 345
84 103
441 340
344 407
438 42
281 58
341 109
420 402
401 160
230 278
431 2
469 294
54 52
110 361
58 171
108 288
369 63
434 458
487 284
332 181
109 109
188 402
293 418
334 227
86 125
237 294
429 464
253 238
24 186
142 407
288 232
477 131
480 402
232 300
22 490
3 248
176 176
281 192
363 2
459 464
266 69
431 136
35 136
169 136
58 305
433 182
262 300
317 7
418 59
186 490
487 418
220 74
412 244
49 192
296 69
53 311
461 136
177 377
273 85
372 64
498 203
179 423
248 28
275 131
5 270
63 248
156 439
257 491
250 74
425 75
227 90
39 39
378 259
116 259
248 378
382 378
41 85
421 306
132 203
384 424
227 440
246 490
433 316
37 316
298 91
336 383
14 332
432 91
338 429
315 445
375 496
409 80
312 147
317 491
391 440
64 45
413 199
451 491
163 24
316 266
297 24
462 91
104 383
365 158
76 55
276 86
9 496
446 497
243 168
443 199
159 440
305 265
346 266
136 456
84 266
170 40
152 400
358 276
127 343
261 343
300 271
38 271
112 220
101 61
240 405
188 215
143 472
237 107
242 451
332 344
423 462
119 236
193 185
330 456
366 113
288 395
436 293
417 51
380 169
168 478
341 406
401 457
198 128
10 77
54 349
486 6
350 118
33 411
498 16
198 478
253 185
274 473
403 129
56 21
479 124
368 293
454 67
63 411
132 16
357 134
477 428
95 134
136 135
213 355
347 355
77 494
433 129
438 473
336 196
299 314
321 73
68 381
90 140
128 432
293 499
488 186
278 376
465 202
129 253
146 422
179 370
201 129
5 217
49 489
217 73
370 315
141 263
172 330
199 433
259 484
56 155
446 310
83 258
105 17
382 325
285 392
384 371
229 433
55 280
399 90
261 156
241 443
413 146
182 213
242 264
333 382
85 280
365 105
48 398
122 347
392 208
409 377
120 274
195 44
76 352
62 454
309 331
224 223
377 465
75 100
209 100
415 168
186 116
469 404
202 60
380 332
163 105
66 172
332 291
142 167
183 168
255 44
348 235
193 132
494 60
499 404
196 403
311 353
484 281
195 178
286 296
234 106
368 106
63 224
170 121
285 71
436 240
152 481
265 358
339 307
168 425
116 235
149 183
190 184
460 45
281 302
267 404
314 250
336 9
239 76
51 25
431 246
54 296
128 245
293 312
320 415
394 364
17 414
53 71
58 415
130 291
129 66
280 235
385 251
26 318
408 420
177 487
199 246
9 122
151 205
211 256
324 133
458 133
309 10
77 441
326 179
56 318
452 318
111 25
281 436
415 436
454 364
206 262
491 431
439 241
433 426
92 133
171 426
33 492
129 200
201 76
247 421
335 268
385 385
333 195
407 144
44 92
412 488
467 195
318 72
444 211
273 329
312 257
9 256
157 154
8 31
25 200
238 493
365 268
153 385
497 195
175 144
39 283
37 210
78 211
231 453
265 37
377 278
325 88
454 498
132 447
222 340
106 165
185 458
353 42
186 279
167 37
198 104
184 206
310 345
411 397
45 47
22 63
24 109
6 469
119 346
174 53
339 120
344 464
399 171
443 443
401 217
492 335
106 299
246 279
70 53
369 120
11 412
71 463
10 187
123 64
235 305
257 64
482 182
447 161
199 59
259 110
61 125
121 176
200 469
238 172
288 289
403 239
193 429
227 13
306 306
347 115
438 233
116 182
176 233
303 8
382 301
415 249
79 300
170 418
239 23
285 368
338 2
68 141
73 485
343 346
439 54
356 19
359 290
262 357
322 408
418 116
451 64
247 234
373 373
51 322
472 352
315 368
447 295
372 121
124 19
104 306
238 306
269 373
324 80
67 424
141 373
494 491
232 491
213 249
231 266
212 24
19 383
330 245
379 137
90 34
439 188
222 153
433 373
37 373
92 80
284 250
437 492
69 96
74 440
108 24
352 384
338 486
448 92
486 384
34 260
414 481
199 327
221 86
69 446
124 153
129 497
316 323
44 389
118 338
481 390
291 266
76 112
194 333
254 384
419 451
18 107
191 35
344 277
8 328
41 276
495 446
132 394
228 102
76 462
134 440
111 456
224 333
298 282
320 41
17 40
58 41
30 467
186 226
203 395
373 52
450 272
413 390
316 457
388 333
88 41
235 468
268 416
288 102
119 293
339 67
382 114
24 406
415 62
436 350
21 108
399 468
149 293
283 293
262 170
336 119
396 170
186 360
51 135
68 304
450 406
128 355
183 62
293 422
274 180
427 422
295 468
364 73
369 417
66 416
465 125
498 73
253 242
387 242
404 411
238 119
307 478
403 186
477 135
494 304
232 304
345 181
248 248
459 468
285 315
169 140
282 17
342 68
314 494
14 202
266 423
335 28
51 269
338 299
393 6
486 197
164 146
202 438
236 22
315 315
466 484
240 141
331 259
317 361
364 207
50 17
88 309
294 377
349 84
426 304
123 495
467 305
178 202
442 248
158 489
199 490
273 439
231 213
308 433
349 434
382 382
476 17
62 377
153 495
497 305
20 151
111 269
460 423
138 372
171 320
262 438
14 336
437 439
110 44
127 213
261 213
335 162
453 383
439 485
71 89
277 157
337 208
92 377
188 85
331 393
312 151
386 100
391 444
91 152
242 321
297 28
219 337
351 264
43 111
122 404
444 455
409 434
254 331
276 90
97 347
83 449
105 208
25 444
319 167
420 219
84 270
115 337
323 286
304 44
37 454
436 163
380 39
77 230
113 449
223 55
415 225
126 122
492 445
240 409
334 44
31 235
17 337
316 404
66 229
489 332
198 348
10 297
235 415
334 394
408 343
463 50
105 342
193 189
484 338
281 9
79 60
362 348
384 107
458 56
463 400
475 225
325 466
176 343
93 308
148 15
244 477
225 235
431 303
49 9
31 369
447 55
369 364
143 21
129 123
179 240
373 483
354 241
440 15
426 117
444 134
135 318
83 128
35 87
21 189
475 359
134 66
39 206
438 477
42 477
212 134
415 493
14 149
456 494
206 319
357 488
68 385
439 298
331 206
432 258
143 155
215 31
321 427
71 252
296 370
29 26
122 217
483 196
312 314
446 314
440 499
252 448
324 324
365 325
76 222
475 493
497 252
227 391
328 443
78 268
298 42
325 145
330 489
36 42
77 43
399 94
437 386
154 263
300 88
277 104
160 458
369 43
332 161
404 37
483 330
408 156
119 53
105 155
237 274
286 166
420 166
290 285
100 161
251 330
378 105
228 346
300 222
304 341
133 459
493 213
47 126
161 413
334 341
297 459
350 285
135 131
140 475
248 8
286 300
382 8
46 59
211 126
1 316
18 485
403 296
475 172
347 172
438 290
168 429
382 358
93 255
79 357
170 475
192 234
343 403
320 419
493 347
245 245
28 18
160 137
321 240
51 379
32 137
354 188
407 14
104 13
315 425
7 80
86 373
122 30
444 81
447 352
345 75
424 368
9 126
248 142
27 143
421 70
7 430
328 256
400 132
474 81
111 29
190 322
212 81
251 9
14 96
93 389
41 199
495 369
154 76
266 317
431 384
117 194
134 363
263 19
226 137
317 255
129 204
108 81
247 425
407 148
448 149
90 441
184 76
217 24
310 215
461 384
334 20
143 452
201 430
237 87
270 35
289 277
440 446
99 153
43 221
194 390
290 98
270 385
325 92
8 385
435 452
79 36
20 395
185 462
36 339
209 267
333 333
374 334
71 333
373 109
15 401
139 467
235 175
334 154
413 447
86 52
124 344
177 170
462 339
365 406
103 406
216 283
362 108
168 242
319 411
267 221
415 119
57 411
98 412
244 237
230 339
1 479
54 113
491 114
496 458
433 109
70 57
171 109
415 469
47 73
74 176
375 289
461 63
273 12
484 232
181 423
253 299
156 366
40 191
114 140
425 2
494 361
172 310
292 412
190 135
229 63
495 182
137 474
206 79
95 248
475 469
347 469
20 74
190 485
410 259
47 207
470 310
187 187
225 479
247 238
338 356
236 79
310 28
53 372
139 146
144 490
278 490
162 315
388 69
118 208
462 18
365 85
370 429
103 85
172 444
497 12
254 254
276 13
421 367
35 331
208 259
282 208
359 428
185 275
212 378
224 203
298 152
110 101
108 28
247 372
321 321
379 491
15 214
423 39
226 434
316 327
13 326
333 496
118 342
489 255
272 28
464 198
142 147
290 45
416 157
495 450
346 327
84 327
134 444
249 394
1 292
152 461
284 388
36 286
110 235
209 214
300 332
186 230
184 157
239 56
277 348
15 348
376 327
54 276
293 292
353 343
375 102
256 410
402 235
107 287
140 235
258 456
387 112
29 404
82 230
257 231
276 281
463 107
193 246
270 466
94 240
42 50
484 395
176 50
169 10
3 472
77 421
397 399
264 247
47 20
93 365
74 123
126 313
470 123
373 190
412 118
54 410
241 236
315 185
364 77
179 297
253 246
406 488
371 467
445 416
178 72
370 242
482 483
442 118
153 15
419 134
42 184
83 185
231 83
270 11
382 252
46 303
233 129
324 247
436 488
458 247
153 365
227 314
208 72
282 21
400 242
127 83
335 32
51 273
356 320
139 93
294 381
44 206
104 257
178 206
197 448
365 32
444 325
29 83
273 443
196 196
270 145
289 387
344 94
286 89
326 427
460 427
59 83
339 100
55 341
437 443
449 268
490 269
127 217
476 371
209 27
319 387
16 386
57 387
263 263
356 454
390 38
469 331
106 279
427 105
129 448
466 33
369 100
85 341
71 443
217 268
332 218
87 387
120 335
276 94
307 161
23 402
237 331
311 280
8 279
443 207
286 223
473 49
436 167
193 409
55 475
77 234
397 212
490 403
168 352
154 454
302 352
401 331
126 126
299 54
469 465
450 223
147 414
128 172
320 342
301 100
466 167
204 167
295 285
47 183
468 213
253 59
183 229
329 54
334 398
45 295
158 172
484 342
248 65
308 116
65 358
98 306
473 183
137 234
250 111
436 301
21 59
62 60
458 60
227 127
39 76
262 121
415 363
0 121
454 291
244 481
192 291
54 357
342 235
375 183
428 9
466 301
130 352
47 317
181 317
220 245
486 364
26 379
444 138
447 409
158 306
289 200
440 369
421 127
151 266
238 420
287 312
328 313
243 205
284 14
93 446
449 81
401 10
169 441
134 420
428 143
433 487
418 364
160 328
123 446
434 308
467 256
489 15
217 81
291 30
411 324
273 390
6 46
210 41
275 436
27 334
8 92
25 261
173 159
291 380
351 431
189 103
288 82
326 374
59 30
496 31
224 97
300 92
374 41
401 144
112 41
244 160
59 380
224 447
205 205
427 52
31 52
432 396
91 103
223 222
283 273
374 391
355 149
186 340
468 26
427 402
45 108
297 329
350 155
388 447
61 52
272 272
271 47
276 391
362 165
436 114
477 115
475 42
306 233
22 474
383 453
416 401
452 58
42 160
98 469
304 345
357 171
68 68
133 463
155 222
260 238
52 474
396 284
148 182
390 469
371 227
183 176
257 125
334 345
86 243
234 114
13 115
82 474
252 131
238 233
255 402
403 300
389 402
463 351
67 351
477 249
419 244
400 2
229 120
377 18
473 480
192 238
431 254
458 357
185 198
0 418
96 126
449 244
294 141
335 142
373 434
32 141
385 259
393 120
123 259
109 361
467 69
337 188
444 85
483 13
125 305
446 131
27 147
99 23
291 193
81 383
67 485
254 311
474 85
479 429
330 306
55 101
94 29
192 372
324 491
305 249
379 198
458 491
62 491
439 249
134 367
222 214
356 214
37 434
106 39
111 383
185 332
212 435
160 275
352 445
186 153
236 270
101 45
226 491
353 266
143 456
289 281
178 450
313 86
29 327
120 445
97 461
45 271
231 461
210 338
286 333
267 91
341 40
360 282
98 282
189 400
73 225
59 327
224 394
325 446
36 343
110 292
283 220
300 389
167 45
198 112
184 214
203 456
337 456
411 405
371 40
376 384
161 230
202 231
472 92
334 158
350 102
424 51
214 241
404 338
426 97
464 389
378 56
56 5
281 123
420 467
244 241
271 344
185 11
262 231
410 129
165 298
225 349
12 241
177 308
218 309
80 375
468 457
215 11
426 231
142 472
183 473
250 5
255 349
329 298
351 57
389 349
480 467
180 175
259 468
42 241
479 242
330 119
456 258
159 237
271 478
62 304
260 319
361 371
20 78
298 22
284 124
14 263
303 366
336 314
358 73
127 140
486 258
439 412
241 427
277 84
310 32
15 84
428 253
144 494
125 252
278 494
28 319
465 320
143 269
160 438
25 21
178 263
291 140
180 309
340 32
381 33
4 83
157 325
457 28
154 27
195 28
398 387
2 387
84 197
222 161
230 22
39 454
395 89
207 38
298 156
127 274
113 376
314 100
352 392
184 27
390 95
106 336
92 438
455 490
188 146
413 264
237 38
11 449
388 207
181 106
179 33
291 274
392 326
478 100
120 392
307 218
480 146
383 213
286 280
360 229
308 39
473 106
285 55
422 326
114 173
100 275
147 121
399 342
397 269
168 409
262 44
239 60
68 178
106 470
320 399
31 296
380 450
91 347
391 50
181 240
468 270
373 410
392 460
65 65
371 337
257 235
274 404
348 353
141 60
479 55
162 348
65 415
473 240
285 189
324 117
357 65
403 410
477 359
95 65
169 14
213 286
89 250
336 127
415 420
363 230
93 369
454 348
165 245
352 71
486 71
95 415
164 20
391 184
33 476
468 404
32 251
13 9
371 471
486 421
145 128
178 76
269 194
296 297
86 487
364 431
405 240
9 240
97 87
157 138
270 15
349 308
46 307
173 82
324 251
475 420
361 318
111 143
152 144
460 297
224 20
229 364
303 313
416 190
127 87
266 431
305 359
35 498
338 307
166 200
317 369
358 370
69 267
236 380
291 87
411 381
103 36
139 447
161 206
367 82
446 375
83 323
324 385
346 144
420 93
425 437
276 314
39 401
340 329
436 37
441 381
191 206
265 155
339 104
344 448
3 155
305 493
30 288
341 150
57 391
374 98
420 443
356 458
390 42
106 283
133 386
380 263
91 160
108 329
300 499
11 396
107 104
186 397
468 83
406 171
142 98
183 99
257 48
334 268
237 335
402 402
162 161
84 278
464 499
18 412
325 340
42 217
195 459
322 42
131 474
79 284
390 176
469 469
293 243
466 171
70 171
144 120
223 413
245 172
278 120
396 341
487 459
445 233
375 403
7 7
86 300
447 279
237 469
61 243
349 121
387 413
440 239
137 238
2 13
389 459
463 408
479 352
460 110
363 177
46 470
352 18
155 413
342 239
171 357
245 306
336 424
294 198
352 368
310 142
370 193
34 244
423 19
447 413
139 260
386 137
485 116
435 29
426 475
25 131
103 199
115 24
194 317
180 419
268 266
78 142
231 384
212 142
377 209
330 363
168 35
159 481
319 204
131 153
117 255
208 373
20 322
474 492
106 96
111 440
133 199
432 266
69 214
96 317
471 194
242 142
85 158
434 312
277 328
125 496
240 446
386 271
210 45
163 199
200 266
425 384
24 40
84 91
404 261
464 312
6 400
288 86
362 35
422 86
152 225
463 87
292 205
154 271
176 30
401 148
244 164
395 333
147 231
205 209
36 400
72 57
149 277
374 395
322 205
410 52
38 446
126 293
448 344
390 339
161 287
188 390
353 457
26 62
50 456
177 231
364 57
388 451
484 159
88 159
313 277
43 416
65 175
82 344
18 359
477 119
114 67
482 463
292 339
347 46
94 354
121 457
195 406
79 231
170 349
147 365
155 226
471 462
185 68
171 170
262 288
396 288
470 237
74 237
186 478
220 62
51 253
32 11
338 283
385 129
128 473
109 231
472 283
315 299
370 6
461 124
447 226
488 227
218 366
162 242
289 17
250 62
403 304
39 27
326 57
42 298
231 197
308 417
363 124
324 361
305 119
398 310
16 16
169 258
260 376
282 135
342 186
20 135
395 12
37 304
185 202
133 12
410 320
14 320
437 423
127 197
146 247
335 146
90 315
71 73
472 417
236 140
277 141
315 433
411 141
240 259
331 377
69 377
451 479
485 63
163 12
275 253
27 151
269 438
291 197
365 146
43 95
67 489
478 23
120 315
328 264
381 90
270 259
324 495
305 253
131 100
37 438
224 264
228 383
302 332
352 449
434 259
299 34
411 275
161 100
240 393
279 321
50 269
108 439
182 388
485 197
85 455
167 265
253 39
332 332
478 157
464 259
67 34
499 445
196 444
344 342
3 49
420 337
285 112
458 40
496 332
339 348
325 450
399 399
77 348
89 173
149 224
493 34
262 101
295 49
396 101
33 49
239 117
390 286
353 404
278 230
465 56
88 106
181 297
354 225
371 394
404 342
307 409
480 337
172 184
259 338
22 425
424 405
405 163
286 471
495 56
260 189
287 292
72 138
322 286
410 133
261 10
352 128
338 230
263 56
31 487
296 4
53 246
34 4
391 241
181 431
129 241
215 15
275 66
354 359
219 134
257 426
269 251
7 251
364 488
419 195
23 195
41 20
440 483
178 483
62 308
282 82
39 324
20 82
138 303
284 128
358 77
363 421
36 26
41 370
377 319
165 436
113 246
300 72
112 21
241 431
263 190
356 381
411 88
166 257
205 185
317 426
160 442
294 442
481 268
429 78
66 26
310 386
318 247
194 211
142 21
268 160
383 83
388 427
462 376
286 150
291 494
346 201
425 494
4 437
441 438
474 386
138 437
298 160
36 160
77 161
471 88
476 432
302 279
415 156
186 104
230 376
376 201
68 48
455 494
301 27
108 386
280 89
313 37
404 155
409 499
142 155
221 448
274 274
307 222
64 464
499 392
480 150
177 341
424 218
498 167
140 459
272 386
313 387
368 94
98 233
46 43
459 212
137 161
114 177
260 2
213 156
399 346
75 222
116 223
176 274
341 341
415 290
93 239
79 341
437 49
454 218
225 166
431 234
417 336
202 182
205 453
260 352
72 301
295 346
331 3
369 295
167 346
198 413
294 121
10 362
109 341
269 64
348 357
408 408
81 13
34 167
86 357
172 131
345 59
419 8
157 8
248 126
327 419
308 177
63 346
238 347
100 413
359 115
405 460
460 167
138 116
456 425
454 352
187 8
192 352
35 368
453 127
439 229
315 193
72 435
240 19
410 430
432 189
69 137
148 430
160 255
280 357
49 424
71 183
145 132
370 250
444 199
409 178
235 25
259 419
162 486
330 70
13 363
173 86
252 379
398 204
340 199
419 492
229 368
251 127
319 261
57 261
401 71
263 137
356 328
469 205
106 153
298 323
279 81
261 441
316 148
283 200
295 25
429 25
186 267
236 384
277 385
296 435
310 333
337 436
139 451
163 256
388 374
66 323
443 81
291 441
346 148
367 436
193 283
265 159
378 36
438 87
281 103
401 205
79 154
376 148
422 493
455 441
320 216
394 165
380 267
72 114
429 159
181 57
385 52
423 344
450 447
49 103
427 463
237 339
61 113
66 457
24 231
478 401
211 57
40 175
265 293
292 396
3 293
438 221
42 221
135 412
195 463
363 47
132 114
35 181
491 232
342 109
70 175
149 468
317 52
148 243
294 68
393 47
123 186
53 356
139 130
350 350
446 58
253 417
63 293
365 69
351 171
81 310
403 361
463 412
442 289
477 310
268 136
42 355
78 12
157 305
138 63
243 79
248 423
19 371
55 28
416 7
305 176
379 125
131 23
117 125
356 141
361 485
20 192
395 69
37 361
111 310
428 17
460 464
207 18
377 429
160 202
242 12
247 356
448 80
164 321
150 423
48 146
125 366
124 141
499 18
215 259
467 480
272 12
351 305
43 152
229 315
344 265
457 142
99 434
173 383
154 141
228 90
495 434
76 450
420 260
323 327
340 496
185 393
149 147
261 388
30 455
374 265
434 316
337 383
411 332
376 311
274 34
64 224
408 34
215 393
163 203
80 168
489 373
214 168
217 439
24 44
6 404
288 90
265 106
270 450
22 348
3 106
346 445
473 220
323 461
271 271
288 440
395 337
59 388
95 45
260 112
209 332
295 106
341 451
126 297
239 174
445 50
188 394
218 236
33 456
66 404
102 61
107 405
181 354
201 40
280 333
440 56
445 400
238 107
329 225
7 174
480 394
232 292
306 241
254 51
22 482
345 169
121 461
248 236
382 236
368 338
456 185
151 303
95 179
20 5
433 174
116 467
185 72
493 225
225 410
68 426
90 185
241 354
301 405
34 61
70 472
488 231
364 195
47 488
413 57
50 5
349 72
385 483
13 123
407 242
467 293
104 241
238 241
217 118
461 478
120 185
6 83
23 252
135 493
83 303
382 370
41 77
476 5
379 72
420 73
153 483
323 140
20 139
359 359
400 360
212 309
284 185
335 150
379 422
453 371
434 129
71 77
112 78
356 438
188 73
215 206
294 499
242 309
316 258
333 427
402 32
118 273
291 201
7 442
392 253
409 422
464 129
386 438
441 145
482 146
8 263
200 433
84 258
492 83
175 376
496 202
138 494
265 269
490 387
149 94
314 161
38 263
126 110
492 433
101 53
205 376
375 33
17 325
316 392
85 459
140 166
489 320
332 336
257 162
290 110
45 279
463 38
482 280
383 274
405 33
443 325
214 465
346 392
24 341
98 290
290 460
285 116
1 357
73 233
114 234
422 387
213 213
339 352
347 213
438 331
190 229
264 178
314 295
52 295
401 449
239 121
343 444
202 239
394 409
26 13
414 95
488 44
130 336
429 403
28 59
146 280
280 280
104 54
141 121
494 239
364 358
102 358
83 116
479 116
65 476
173 9
250 229
403 471
21 177
76 76
458 178
475 347
361 245
347 347
479 466
116 414
247 116
35 425
491 476
433 471
331 194
410 487
143 143
294 312
247 466
316 71
321 415
335 313
318 117
351 65
122 205
444 256
254 132
344 25
99 194
24 20
153 430
497 240
309 189
224 81
265 82
113 250
300 76
415 26
131 267
342 487
428 261
380 190
430 307
160 446
333 374
167 82
236 441
184 251
296 492
332 149
101 216
120 266
483 318
413 488
499 262
311 211
25 379
443 138
462 380
291 498
272 256
2 395
29 498
189 221
216 324
271 31
4 441
100 149
138 441
193 340
22 458
443 488
314 108
126 57
244 278
376 205
491 155
466 98
471 442
295 216
52 458
470 217
161 401
235 350
183 160
447 206
199 104
237 396
135 119
179 391
349 48
362 283
477 233
100 283
378 227
168 417
176 278
377 2
382 346
456 295
473 464
170 463
285 413
169 238
320 407
72 305
204 232
331 7
165 469
32 125
412 346
49 294
109 345
274 412
12 412
444 69
447 340
364 305
386 64
498 305
446 115
83 63
253 474
327 423
65 423
151 197
477 367
227 192
268 193
56 310
42 412
78 69
157 362
303 187
187 12
266 305
21 474
458 475
134 351
282 249
20 249
395 126
469 75
493 469
92 125
245 367
110 142
430 120
187 362
316 18
85 85
123 377
150 480
318 64
428 424
226 475
23 146
413 301
446 249
465 491
297 126
27 265
178 434
217 362
365 260
346 18
381 204
18 152
367 306
152 152
105 306
243 270
41 321
99 491
132 439
319 265
79 24
309 486
73 209
147 158
207 209
358 378
110 276
397 306
182 152
187 496
256 101
85 219
406 45
10 45
161 214
312 383
353 384
427 333
215 450
297 260
429 379
66 327
327 102
24 101
103 394
426 81
381 338
4 388
100 96
105 440
141 97
193 287
306 164
383 384
19 107
24 451
98 400
454 35
230 327
357 102
422 497
491 102
133 394
394 169
397 440
171 97
314 405
374 456
448 405
487 333
51 180
101 297
123 56
26 123
12 225
125 102
369 462
140 410
162 169
179 338
65 236
156 354
104 164
477 180
81 180
193 421
475 107
306 298
292 400
366 349
405 277
206 67
73 477
70 179
223 421
486 242
123 190
472 344
315 360
301 462
26 257
428 237
199 185
364 252
451 406
179 472
220 473
462 6
141 365
232 483
180 293
326 118
405 411
97 258
479 360
248 427
435 253
420 130
492 6
323 197
400 417
37 365
460 468
185 263
207 22
262 483
303 484
358 191
96 191
283 17
314 84
85 32
184 11
409 129
414 473
92 422
188 130
226 422
279 248
499 22
201 365
316 315
27 212
80 38
214 38
313 17
392 310
142 135
268 274
457 146
94 94
159 489
233 438
346 315
24 264
368 74
244 38
496 259
174 208
207 156
228 444
38 320
101 110
87 212
334 89
413 382
12 38
237 156
167 326
198 393
179 151
253 100
101 460
426 28
216 218
269 44
193 234
270 454
345 39
61 280
73 290
287 219
320 167
58 167
89 234
75 336
262 162
410 60
74 111
239 178
299 229
247 39
68 296
412 106
417 450
155 450
241 224
226 101
88 167
181 358
179 285
481 61
269 178
172 245
273 297
254 55
306 245
364 415
498 415
9 224
121 465
60 189
151 307
477 477
174 476
153 353
134 111
361 302
309 112
111 127
284 55
449 122
192 466
150 240
263 117
15 15
144 425
432 303
27 25
481 195
123 487
296 415
7 312
48 313
139 431
172 379
194 138
254 189
307 15
345 307
97 205
441 15
289 375
435 200
159 302
286 77
365 370
425 421
133 20
212 313
251 241
325 190
363 482
377 380
399 139
187 256
11 30
16 374
434 133
186 31
395 370
376 128
317 487
143 334
256 211
85 329
140 36
181 37
318 308
445 83
119 98
124 442
270 267
498 94
135 42
368 21
464 483
340 447
339 222
3 273
416 442
452 99
228 391
281 217
52 165
487 93
244 335
106 401
450 211
209 499
220 99
332 340
373 341
257 166
499 453
172 58
350 330
61 227
248 53
286 345
60 2
156 464
436 289
384 99
114 238
463 392
361 115
452 233
56 233
438 335
138 43
267 453
401 453
454 279
68 243
16 53
439 156
315 120
72 362
144 238
130 340
226 48
69 64
148 357
418 218
146 284
51 424
371 402
393 161
123 300
481 8
145 59
486 352
370 177
34 228
122 75
199 295
221 54
372 223
124 121
495 64
137 356
250 233
134 58
249 8
419 419
243 193
377 193
454 413
495 414
113 120
282 306
395 183
469 132
240 80
410 491
14 491
358 301
418 352
432 250
182 75
335 317
11 193
123 434
164 435
434 296
486 486
310 260
411 312
392 70
102 496
124 255
311 81
13 424
44 491
388 301
178 491
425 368
24 24
6 384
100 19
339 35
41 378
476 306
319 322
305 424
57 322
131 271
112 29
376 75
380 194
91 91
397 363
108 260
209 312
295 86
184 255
48 394
371 81
183 30
188 374
447 76
388 435
65 159
98 107
478 328
137 35
288 204
436 102
389 256
441 446
463 205
56 46
94 338
195 390
267 266
225 40
266 41
271 385
343 261
169 108
207 400
110 467
466 102
75 446
245 103
418 31
181 118
299 339
445 164
128 457
109 215
34 41
172 5
364 175
80 416
201 154
354 396
387 344
475 164
158 457
306 355
419 232
135 473
281 298
368 452
79 349
206 124
305 103
439 103
284 165
317 113
160 129
299 473
247 283
315 417
122 22
226 345
312 119
391 412
9 118
50 119
143 310
215 186
275 237
349 186
252 253
200 63
7 422
81 371
62 129
120 299
153 247
175 6
306 489
309 6
6 197
419 366
400 124
78 73
231 315
435 310
476 119
324 479
21 478
62 479
304 12
474 423
185 320
212 423
14 438
432 197
476 469
242 73
283 74
71 191
145 140
186 141
428 428
92 479
221 135
44 438
80 95
66 197
291 315
120 433
194 382
381 208
4 258
441 259
119 208
480 187
344 326
435 444
495 495
341 28
420 321
175 490
249 439
304 146
1 337
436 265
469 213
75 259
223 157
295 33
336 34
33 33
198 100
184 202
239 101
15 393
101 167
205 490
17 439
499 213
451 142
179 208
313 208
406 399
404 326
156 224
257 276
367 444
403 101
463 152
443 439
135 286
479 96
454 39
285 230
357 106
362 450
431 55
114 348
95 106
100 450
496 450
176 445
14 117
148 117
487 337
225 337
491 456
109 162
12 229
53 230
447 157
204 399
278 348
350 224
391 225
162 173
275 50
32 292
385 410
44 117
426 219
444 236
81 184
461 405
480 455
232 353
254 112
345 230
97 128
157 179
248 297
60 246
132 122
342 117
190 477
284 112
0 353
74 302
437 354
113 230
335 77
315 364
356 365
342 467
106 190
218 431
331 308
386 15
28 307
391 359
256 134
407 303
481 252
178 251
29 128
345 364
9 415
446 416
157 313
196 241
289 432
435 257
151 498
99 308
222 149
249 252
4 421
37 369
78 370
298 144
36 144
476 416
154 365
319 432
57 432
90 380
126 37
131 381
184 15
263 308
277 206
455 478
207 376
69 442
91 201
163 77
355 247
85 386
481 386
181 94
332 263
423 381
464 190
161 381
255 16
64 448
193 104
232 32
140 443
121 201
267 26
360 217
387 320
170 93
290 387
323 335
288 314
152 453
251 432
320 37
262 32
30 463
52 222
396 32
112 273
239 48
230 494
472 27
241 94
315 43
301 145
320 387
353 335
466 212
470 331
107 279
198 397
258 448
332 397
354 156
32 105
65 53
467 33
235 464
269 48
311 459
259 269
383 335
42 42
162 336
382 110
368 212
324 105
95 53
174 346
287 223
281 408
456 409
437 167
239 182
439 213
155 454
356 178
31 418
33 464
160 239
220 290
201 48
407 116
44 64
123 357
34 285
172 249
120 59
125 403
372 280
349 296
63 464
159 172
40 480
287 357
452 424
190 424
138 234
231 425
224 8
284 59
14 198
206 368
228 127
319 245
352 193
205 116
358 358
96 358
258 127
483 245
120 193
194 142
441 19
124 312
105 70
289 379
435 204
443 65
250 424
360 30
425 425
189 148
362 76
436 25
59 75
191 194
325 194
3 143
75 19
154 312
374 86
415 87
395 374
59 425
491 82
293 97
96 492
397 420
430 368
182 266
130 76
209 369
355 194
470 144
112 436
10 159
423 328
371 138
82 35
161 328
312 497
353 498
334 256
86 154
480 81
80 339
140 390
214 339
195 97
360 164
404 436
216 385
1 231
40 159
78 451
174 159
366 329
378 154
154 446
244 339
491 216
433 211
223 401
245 160
47 175
468 205
354 103
101 411
486 222
301 442
86 288
177 406
259 216
162 283
179 452
248 57
234 159
327 350
46 108
440 227
211 175
238 278
324 52
389 447
479 340
460 98
264 186
303 114
79 406
132 232
206 181
384 453
453 58
58 468
488 52
226 52
261 238
333 114
412 407
139 248
161 7
350 468
97 22
349 243
65 484
173 17
159 119
200 120
217 289
153 304
328 305
340 130
4 181
97 372
229 299
251 58
228 74
30 89
203 17
106 84
171 479
245 428
110 203
300 300
145 197
332 23
337 367
392 74
409 243
334 69
372 361
12 18
215 377
484 13
219 496
291 372
327 29
318 475
272 130
351 423
103 321
365 321
392 424
367 367
441 316
193 214
251 192
3 90
168 157
305 428
341 85
131 275
84 429
323 445
417 80
491 29
224 439
434 434
107 39
487 260
198 157
299 209
161 275
109 85
293 394
334 203
12 152
125 29
402 337
498 45
102 45
406 456
63 90
81 107
193 348
480 378
98 461
357 163
114 405
458 215
72 179
70 106
111 107
0 276
352 169
241 338
301 389
34 45
461 112
144 405
80 420
88 281
294 349
252 123
268 67
292 461
326 45
405 338
83 287
456 303
132 179
206 128
497 277
287 467
356 72
39 365
111 241
185 190
460 395
449 236
338 405
53 421
218 488
226 349
312 123
386 72
28 364
64 21
391 416
451 467
489 170
219 309
483 355
120 303
268 201
328 252
276 62
381 78
405 472
78 77
152 26
289 489
421 416
272 293
420 191
57 139
117 190
170 16
309 360
20 257
400 478
455 185
152 376
377 494
358 252
476 473
187 370
38 247
487 73
184 72
258 21
161 88
202 89
293 207
17 309
256 325
278 84
316 376
66 201
313 78
290 94
463 22
105 314
193 161
210 330
8 381
484 310
308 84
84 376
459 253
189 392
175 494
309 494
147 166
100 320
191 438
361 95
149 212
322 140
487 207
390 274
376 376
68 223
450 325
241 151
274 99
380 495
278 218
162 43
179 212
253 161
5 59
354 213
65 110
408 449
389 207
477 54
67 156
442 33
172 172
447 377
306 172
405 151
9 151
248 167
233 44
361 229
433 105
42 449
212 106
19 465
0 223
437 224
148 121
146 48
225 341
239 239
412 167
139 8
28 177
129 229
146 398
275 54
5 193
123 414
296 342
392 50
172 306
6 14
364 476
446 286
8 60
398 245
175 173
213 465
39 312
229 409
303 358
55 256
30 199
117 353
15 76
414 347
469 246
188 4
96 415
407 307
489 117
200 14
404 9
139 492
194 199
235 200
367 127
64 318
441 76
124 369
344 143
297 297
195 20
200 364
420 138
29 482
268 498
276 359
367 477
441 426
73 30
78 374
422 184
344 493
127 266
476 420
415 144
390 87
376 189
298 498
279 256
36 498
91 205
471 426
108 374
144 31
242 374
47 98
71 492
489 251
186 442
184 369
258 318
450 488
161 385
142 143
235 334
119 159
494 36
311 329
360 221
288 318
438 262
168 401
19 278
401 380
230 498
357 273
95 273
315 47
301 149
295 334
355 385
47 232
470 335
160 109
51 351
158 221
405 98
88 391
275 217
440 284
421 42
63 334
211 232
324 109
398 58
384 160
378 345
56 294
42 396
479 397
19 412
352 63
417 458
90 63
439 217
150 114
260 474
241 232
20 233
106 7
144 299
226 109
182 2
294 243
247 397
48 187
86 479
180 114
226 459
311 8
27 249
435 74
238 469
291 295
272 53
227 310
328 362
419 480
138 238
3 13
132 423
168 80
341 8
376 2
92 243
284 413
353 18
36 311
69 259
96 362
449 480
335 378
283 188
11 254
85 203
310 321
392 131
371 8
50 367
196 192
311 142
66 311
484 70
24 85
103 378
328 496
276 306
174 29
243 388
8 491
378 24
305 485
19 91
52 39
57 383
131 332
454 19
230 311
73 327
17 203
110 394
47 45
299 266
183 91
158 34
350 204
388 496
498 102
102 102
162 153
179 322
327 220
478 389
142 440
40 163
347 91
56 107
438 209
363 35
473 395
271 446
114 462
458 272
169 169
342 97
433 215
468 209
220 107
385 174
338 328
472 328
241 395
26 241
34 102
139 118
28 287
372 97
451 390
179 456
215 113
354 457
426 333
329 400
2 5
442 277
153 174
232 467
306 416
254 226
345 344
326 102
419 293
138 51
344 119
41 118
132 236
192 287
305 164
356 129
395 57
171 349
110 73
187 293
85 16
472 462
150 411
337 237
428 355
312 180
28 421
102 370
372 231
499 6
316 299
297 57
140 73
2 139
103 191
464 170
216 68
276 119
23 427
105 237
251 62
60 494
360 197
420 248
131 145
309 417
474 484
152 433
133 191
224 309
14 499
380 68
182 83
209 186
283 135
314 202
52 202
299 79
337 371
101 94
161 145
166 489
408 22
17 366
237 140
316 433
214 156
318 479
29 376
115 150
408 372
463 79
457 264
438 22
135 213
121 315
479 23
265 444
320 151
223 218
336 95
415 388
38 438
112 387
186 336
376 433
412 90
150 90
348 105
177 223
163 325
278 275
88 151
167 444
179 269
327 167
65 167
183 388
444 163
482 455
345 157
383 449
234 326
151 291
285 291
233 101
40 460
287 337
111 111
113 157
239 296
51 245
412 224
439 327
241 342
263 101
53 291
278 409
240 117
245 461
451 337
118 127
178 178
67 347
103 4
461 466
180 224
419 240
248 358
132 183
211 476
305 111
76 251
222 76
309 230
152 246
138 348
284 173
110 20
476 343
247 291
90 307
112 66
186 15
293 77
160 487
462 71
167 123
258 241
392 241
423 308
235 257
446 477
289 493
309 364
340 431
436 139
496 190
100 190
243 498
298 205
55 447
154 426
223 31
302 324
322 10
401 303
186 149
299 26
15 267
469 437
128 144
293 211
413 313
17 313
430 482
466 139
242 431
316 380
369 206
407 498
253 31
332 324
10 273
404 200
156 98
235 391
67 26
494 93
177 386
237 437
80 453
248 37
272 431
234 139
360 278
84 380
115 447
1 345
384 83
422 375
265 391
251 493
399 391
58 98
262 93
341 386
415 335
487 211
266 212
88 98
167 391
385 284
109 386
197 233
255 211
296 212
34 212
199 279
364 346
162 397
421 99
63 391
99 48
137 340
403 459
40 407
477 408
100 458
136 115
134 42
474 110
116 402
281 469
449 53
266 346
302 3
352 120
68 361
20 290
414 217
130 458
317 284
182 59
32 300
197 367
145 177
310 244
444 244
29 2
34 346
461 413
483 172
120 120
125 464
199 413
273 362
23 187
97 136
215 357
289 306
435 131
118 424
2 249
56 485
152 193
363 413
127 136
379 357
277 80
230 234
188 8
205 177
284 470
353 75
335 435
316 193
369 19
429 70
107 19
310 378
404 13
101 204
483 306
161 255
386 373
372 475
413 476
427 374
446 424
485 352
163 301
8 198
383 75
25 367
462 368
200 368
272 244
313 245
360 91
24 142
189 209
290 261
288 188
475 14
116 81
302 271
357 143
68 40
91 209
108 378
374 497
33 204
107 153
299 323
354 30
161 389
255 24
334 317
64 456
348 215
177 333
273 41
61 158
140 451
214 400
327 277
387 328
404 497
473 102
211 102
252 103
362 271
232 390
213 148
460 25
229 92
19 282
456 283
41 41
21 328
491 277
169 226
260 344
246 446
433 272
144 169
74 339
165 457
338 385
393 92
370 108
125 277
364 293
350 395
124 52
289 119
63 338
104 339
178 288
7 406
67 457
180 334
340 57
326 159
400 108
60 417
305 221
57 119
131 68
117 170
208 288
171 406
207 63
336 473
14 422
449 350
182 6
335 248
51 489
16 468
145 124
337 294
161 68
235 17
499 63
275 355
349 304
8 11
440 422
272 57
2 196
442 468
268 315
290 74
340 191
381 192
18 140
152 140
196 412
325 68
233 479
305 355
379 304
208 422
376 6
246 125
358 366
36 315
182 140
223 141
314 259
52 259
33 17
373 85
10 33
312 371
353 372
408 79
17 423
50 371
182 490
297 248
424 23
214 213
200 315
365 382
313 192
387 141
115 207
464 361
142 310
216 259
477 34
174 33
306 152
378 28
267 197
98 388
285 214
288 485
422 485
54 89
95 90
320 208
347 311
397 428
438 429
204 33
245 34
374 444
322 254
52 393
410 101
448 393
376 490
445 95
486 96
128 388
188 439
427 455
177 280
125 90
278 332
468 429
179 326
253 275
65 224
445 445
63 151
153 44
232 337
180 147
457 455
56 111
116 162
330 91
285 348
343 326
398 225
21 275
136 225
260 291
433 219
185 117
396 337
239 353
299 404
335 61
321 163
164 179
337 107
166 225
278 466
312 50
50 50
220 461
201 219
407 287
481 236
197 477
370 405
7 353
345 348
367 107
97 246
138 55
231 246
196 225
270 174
330 225
41 122
151 482
132 240
324 410
420 118
117 117
227 477
208 235
111 302
138 405
207 10
36 128
490 298
476 400
209 56
300 174
374 123
126 21
221 66
331 426
427 134
64 82
69 426
118 318
214 26
219 370
217 297
48 488
29 246
120 364
268 262
216 72
221 416
345 482
23 431
119 139
124 483
196 359
421 477
462 478
135 83
398 493
2 493
57 200
136 493
175 421
395 195
474 488
147 93
380 72
397 241
127 380
209 190
30 447
322 67
52 206
396 16
225 134
101 98
274 26
279 370
301 129
12 26
17 370
204 196
295 314
107 263
10 330
423 499
158 201
292 201
383 319
457 268
382 94
456 43
189 453
137 263
170 211
288 432
496 381
100 381
265 448
399 448
378 325
75 324
149 273
171 32
14 48
148 48
128 335
155 438
293 402
414 140
470 449
167 448
294 223
255 268
444 167
67 217
447 438
121 453
234 330
435 54
63 448
132 53
173 54
206 2
309 100
39 239
111 115
190 408
264 357
460 269
74 233
454 454
431 470
16 228
150 228
337 54
47 480
69 239
215 64
280 459
335 358
44 182
310 301
254 177
307 3
386 296
372 398
330 172
27 363
360 14
57 13
134 233
1 81
39 373
59 59
243 368
284 177
339 76
110 24
75 3
228 245
302 194
30 260
439 465
128 14
298 425
380 235
96 476
430 352
318 296
87 363
45 137
210 204
158 14
173 322
272 301
175 368
55 451
131 446
133 492
205 368
279 317
293 215
278 92
429 261
181 159
167 261
294 36
101 395
257 154
12 323
61 215
484 318
248 41
115 451
362 328
458 36
227 103
292 498
366 447
264 170
341 390
382 391
19 339
454 267
285 458
68 231
379 93
58 452
317 154
410 345
33 395
146 272
32 170
412 391
104 46
257 288
139 232
221 42
364 350
386 109
465 402
97 6
421 103
99 52
269 463
324 170
254 340
37 113
42 457
229 283
55 130
187 57
228 58
304 53
72 484
92 170
205 47
261 356
333 232
49 473
393 283
164 423
486 474
236 299
310 248
263 402
26 489
318 109
87 176
64 192
408 2
140 187
346 63
120 474
463 59
325 125
330 469
154 243
267 120
79 69
222 377
450 12
455 356
496 357
207 254
284 474
320 131
209 300
355 125
258 192
445 18
188 362
413 480
311 203
424 80
429 424
179 249
387 198
65 147
290 265
276 367
381 383
441 434
40 90
463 193
482 435
475 18
77 157
378 85
438 136
176 136
415 152
401 254
192 80
362 491
343 249
246 316
394 214
89 332
245 91
262 260
74 209
299 327
445 152
188 496
334 321
139 45
177 337
201 142
280 435
13 91
440 158
478 450
40 224
67 327
480 496
232 394
56 168
460 29
234 440
267 388
384 384
21 332
222 56
185 174
284 153
363 446
150 338
53 405
428 282
199 230
226 333
312 107
451 451
275 225
13 225
388 102
43 67
76 15
425 169
254 287
56 302
152 10
248 472
60 421
8 231
435 298
495 349
35 364
379 174
420 175
185 308
418 287
96 236
476 457
314 129
203 298
258 5
337 298
106 365
485 169
163 118
242 411
481 427
291 303
97 437
441 247
330 416
3 21
443 293
401 67
98 258
309 478
73 201
21 11
133 252
152 494
417 11
298 319
228 489
336 22
240 499
204 253
278 202
350 78
429 371
107 320
484 78
313 196
193 279
405 135
308 202
84 494
454 27
285 218
271 320
114 336
463 490
260 161
223 279
410 105
396 207
247 84
373 223
376 494
49 99
472 202
293 459
375 269
144 336
125 94
143 111
280 382
445 449
393 259
252 54
403 223
141 223
158 392
180 151
56 115
446 270
382 285
324 280
114 470
326 326
171 223
212 224
437 342
74 290
165 408
266 460
150 285
356 353
414 331
166 229
312 54
289 70
354 465
333 342
393 393
219 240
103 65
345 352
9 403
97 250
416 3
151 486
497 342
189 189
1 138
395 65
460 460
243 425
490 302
127 250
11 75
434 178
487 4
222 487
395 415
450 122
92 414
455 466
353 189
256 256
237 14
402 81
407 425
43 148
161 369
221 420
292 71
473 82
323 323
276 477
288 302
381 493
452 144
94 436
75 194
438 246
190 144
228 436
314 210
262 20
267 364
322 71
165 87
373 36
15 328
106 446
417 308
450 256
58 375
144 149
396 370
451 77
220 144
373 386
269 36
444 37
172 103
306 103
311 447
121 323
162 324
63 318
238 319
361 160
400 88
37 36
212 37
281 396
415 396
19 396
93 345
338 149
412 98
431 340
394 458
493 437
92 93
369 401
10 468
32 227
49 396
486 397
219 53
310 171
370 222
318 32
122 120
120 47
180 98
364 407
465 459
9 216
289 233
151 299
252 351
37 170
460 273
152 120
303 289
55 187
41 289
495 459
187 114
169 474
492 161
222 300
428 176
240 125
205 104
129 294
449 464
316 120
85 187
71 289
337 408
370 356
48 305
122 254
411 357
307 7
64 249
408 59
446 351
237 177
25 294
250 412
62 361
268 429
249 187
323 136
276 290
243 372
339 80
206 490
228 249
267 177
203 192
353 136
358 480
31 85
432 429
108 305
204 13
335 496
300 475
448 373
33 131
71 423
126 322
186 373
198 198
277 491
411 491
109 126
274 193
311 260
121 136
253 255
313 306
478 373
156 322
189 270
381 440
45 491
482 492
100 198
265 265
306 266
378 142
42 193
415 209
368 363
492 429
244 327
21 255
54 203
147 394
207 445
491 204
260 271
451 24
160 40
225 435
280 142
51 282
296 86
26 225
86 276
172 50
125 204
484 322
13 148
440 215
151 112
252 164
81 282
62 40
494 451
153 158
39 56
495 272
282 164
359 384
111 282
185 231
493 384
226 40
262 451
187 277
247 328
373 467
352 344
370 169
411 170
48 118
461 287
50 164
27 180
65 472
118 298
200 108
269 467
217 277
403 467
76 72
62 174
425 226
180 395
328 293
326 220
97 360
231 360
243 185
159 457
35 421
76 422
136 473
208 349
230 108
147 73
418 344
471 170
182 67
209 170
242 118
11 185
186 186
236 303
12 6
50 298
256 366
25 241
140 191
253 68
216 186
290 135
381 253
100 11
270 422
344 371
368 176
401 124
343 119
339 377
394 84
96 427
397 355
493 63
209 304
295 78
126 269
10 94
49 22
353 433
26 38
12 140
31 382
429 428
66 376
484 135
10 444
29 494
43 392
63 78
40 94
45 438
475 22
479 141
121 433
190 38
382 208
368 310
93 105
456 157
473 326
454 84
132 33
436 444
59 494
475 372
246 320
347 372
149 387
190 388
171 146
209 438
47 110
449 90
247 141
385 105
128 449
109 207
296 33
337 34
375 326
125 151
130 495
240 101
226 203
350 269
47 460
179 387
354 388
291 39
367 34
135 465
405 326
231 173
229 100
270 101
303 49
308 393
41 49
495 219
95 285
282 111
323 112
433 280
96 106
160 121
113 275
165 465
352 291
112 50
356 410
386 60
413 163
143 302
124 60
129 404
333 399
25 54
464 101
142 50
441 117
124 410
231 307
416 60
421 404
195 61
131 76
84 230
189 246
222 194
323 246
78 415
138 466
251 343
14 430
55 431
377 482
108 65
154 410
300 235
90 425
126 82
131 426
487 61
376 230
87 127
128 128
161 76
353 246
64 143
143 436
91 246
375 5
316 364
44 430
355 292
429 241
87 477
161 426
307 251
64 493
494 77
172 26
402 488
99 487
195 195
272 415
98 262
79 20
211 139
244 87
73 205
59 307
147 154
174 257
458 16
191 426
325 426
77 324
94 493
168 442
314 267
267 421
336 26
341 370
487 195
165 144
225 195
128 262
202 211
205 482
293 329
53 88
414 67
130 308
80 221
406 391
5 47
10 391
371 370
445 319
183 319
255 195
348 386
141 93
158 262
259 314
248 155
46 206
459 375
151 222
137 324
56 335
176 437
264 284
281 453
19 453
148 109
113 88
412 155
453 156
315 222
433 443
369 458
28 165
242 94
385 402
44 109
486 454
257 402
13 392
435 115
211 407
272 94
153 402
208 109
287 402
328 403
20 58
340 228
152 177
264 418
363 397
399 54
96 53
476 274
261 120
300 48
30 187
16 289
282 408
469 234
106 182
205 161
355 105
388 53
481 244
167 54
258 172
273 480
307 64
312 408
97 254
408 116
119 13
485 336
121 59
62 418
459 54
276 347
6 486
400 413
73 18
152 311
212 362
191 239
41 480
228 306
314 80
319 424
492 352
203 249
244 250
356 491
128 75
353 193
394 194
17 244
108 362
278 19
71 480
181 86
167 188
468 116
332 255
406 204
124 491
311 317
25 485
121 193
200 486
327 261
272 362
360 209
98 209
151 35
137 137
18 445
436 204
422 306
339 271
287 81
228 440
262 24
0 24
304 435
343 363
260 328
241 86
204 204
129 30
239 390
294 97
445 266
393 76
269 40
296 143
447 312
199 210
372 138
83 35
162 328
60 51
13 205
46 153
440 272
25 30
40 338
81 339
477 339
287 215
378 333
190 282
231 283
243 108
79 451
206 226
319 103
343 497
35 344
431 344
359 441
493 441
331 113
143 62
242 41
321 334
51 473
434 211
48 175
483 103
259 395
97 67
289 237
118 355
29 283
103 232
442 452
153 349
323 6
326 277
441 227
270 345
41 293
94 119
245 473
261 417
300 345
164 484
145 242
423 186
101 135
87 237
353 356
334 114
372 406
311 130
297 232
22 27
27 371
200 299
24 73
103 366
290 192
328 484
100 68
105 412
193 259
191 186
270 479
3 135
77 84
383 356
170 248
395 366
343 176
431 23
54 73
133 366
293 89
246 243
72 90
397 412
283 310
295 135
300 479
411 495
445 79
450 423
348 146
364 90
137 84
252 34
269 203
477 152
100 202
267 315
363 23
93 162
459 485
271 434
35 157
208 85
149 444
264 394
322 372
74 270
146 146
321 147
352 214
123 162
472 316
34 90
414 311
139 106
80 465
388 29
156 460
291 96
329 388
477 286
268 112
306 404
39 60
326 90
419 281
9 383
479 332
157 281
308 450
192 275
285 466
497 322
208 219
20 168
69 60
160 178
90 348
263 276
356 467
48 122
428 343
221 50
297 45
104 404
145 405
217 281
291 230
310 472
425 230
29 230
345 466
45 174
78 122
105 225
94 66
319 184
249 354
230 112
323 303
224 297
110 195
416 467
187 415
11 189
322 51
112 241
31 252
50 302
177 77
214 144
6 380
67 67
158 185
383 303
214 494
272 472
308 129
19 26
244 144
73 262
417 72
155 72
191 483
361 140
223 206
209 308
314 324
52 324
277 442
183 26
17 488
91 437
350 139
129 140
294 207
280 309
385 325
156 273
403 150
442 78
350 489
42 144
231 43
473 330
421 140
159 140
192 88
89 340
460 253
322 319
454 438
187 94
49 160
472 263
337 38
67 335
483 213
419 228
23 228
372 382
349 398
420 49
222 64
340 285
111 233
303 403
358 110
449 228
300 105
305 449
131 296
53 413
455 393
488 341
353 116
143 306
429 111
434 455
145 352
489 162
370 470
29 177
423 296
82 3
161 296
221 347
386 414
18 18
446 465
485 393
311 240
383 116
457 65
135 14
121 116
346 234
464 455
230 59
309 352
362 178
59 177
191 296
377 486
341 240
131 430
186 137
203 306
277 255
469 425
101 29
188 183
353 250
301 60
471 471
278 76
179 70
87 481
161 430
197 87
183 189
307 255
348 256
177 374
22 271
424 251
162 251
360 266
46 76
115 435
151 92
137 194
211 143
389 415
114 210
260 35
168 446
176 307
19 323
93 272
170 492
239 97
266 200
304 492
150 25
301 194
72 334
391 87
181 277
280 256
354 205
104 30
183 323
296 200
61 333
498 334
288 497
114 344
328 273
111 46
243 165
229 267
0 215
41 216
379 211
263 36
414 205
144 344
92 154
317 272
47 411
449 391
468 441
242 98
32 288
407 165
370 283
409 211
139 350
6 6
23 175
102 468
124 227
330 103
159 221
252 412
268 356
441 284
191 109
339 7
127 124
300 52
30 191
401 104
131 243
222 361
230 222
342 463
15 68
469 238
205 165
17 114
316 181
333 350
374 351
448 300
167 58
406 74
411 418
34 468
122 315
274 120
50 412
289 428
311 187
484 115
360 79
43 372
24 130
175 299
276 351
18 315
362 125
105 469
213 2
344 485
438 120
149 17
190 18
228 310
267 238
79 187
170 305
225 12
469 372
147 321
128 79
202 28
260 198
36 490
17 248
396 244
470 193
184 361
220 18
423 377
49 136
26 152
158 79
273 29
498 147
253 316
82 434
151 39
18 449
384 18
193 450
480 480
227 34
452 152
116 203
176 254
229 80
19 270
368 424
41 29
456 271
132 147
417 316
95 265
117 24
155 316
20 91
70 208
218 106
336 327
47 224
0 378
391 34
220 152
261 153
247 255
299 445
197 168
241 440
310 45
488 317
391 384
372 142
102 281
50 91
104 327
252 225
291 153
2 50
389 496
62 101
67 445
136 50
477 343
497 29
227 168
116 337
476 91
192 332
453 107
95 399
136 400
117 158
439 209
492 35
230 35
359 445
433 394
410 410
432 169
36 169
69 117
113 389
352 405
90 405
337 282
87 107
125 399
69 467
485 153
388 220
99 117
217 338
175 112
268 303
328 354
196 400
457 175
305 343
111 477
185 426
224 354
246 113
58 62
96 354
228 473
300 349
374 298
355 56
434 349
164 488
470 6
198 72
203 416
263 467
337 416
373 73
17 411
485 287
163 236
237 185
297 236
350 62
258 473
327 78
5 27
216 247
238 6
389 175
477 22
210 432
232 191
366 191
121 360
195 309
19 83
459 355
73 319
21 129
147 268
491 78
339 438
397 416
264 264
245 22
374 432
198 206
146 16
239 207
15 499
385 32
274 201
218 269
28 145
102 94
465 146
468 417
5 161
440 89
307 499
213 83
405 253
42 201
83 202
135 392
308 320
456 218
421 197
89 397
171 207
322 376
437 326
321 151
51 290
90 218
439 372
139 110
317 382
102 228
413 90
179 448
289 54
275 156
27 54
481 224
29 100
34 444
97 234
243 59
344 111
250 449
360 55
379 105
384 449
117 105
249 224
20 172
395 49
243 409
377 409
127 234
187 285
209 44
352 352
374 111
38 162
356 471
390 55
428 347
455 450
293 122
427 122
44 357
429 168
71 460
145 409
217 285
444 476
43 132
115 8
194 301
142 111
6 250
45 178
83 470
124 471
195 122
2 481
497 460
73 132
496 235
3 302
36 250
380 60
89 76
52 194
38 296
244 364
263 414
15 312
101 86
202 138
293 256
218 82
355 353
313 127
445 246
348 313
463 71
177 431
484 359
121 307
214 498
456 31
137 251
288 420
174 318
155 76
265 436
325 487
149 261
410 36
454 308
165 205
68 272
486 31
31 390
53 149
58 493
144 267
125 25
166 26
391 144
28 92
167 436
146 313
10 452
385 329
445 380
82 328
274 498
310 155
329 205
273 273
405 200
5 458
382 216
46 267
63 436
159 144
238 437
398 160
76 109
134 87
249 37
361 278
309 88
39 227
165 339
30 114
379 268
412 216
282 335
342 386
70 452
331 227
358 330
391 278
413 37
468 498
236 340
29 47
34 391
9 334
289 351
297 212
99 227
136 294
227 412
309 222
78 289
152 238
224 114
305 453
374 58
16 350
453 351
117 402
356 418
455 397
358 464
182 238
140 12
198 182
236 474
258 233
404 58
87 351
235 249
50 469
480 53
297 346
443 171
478 357
464 459
189 254
175 356
362 182
40 131
246 7
378 126
75 125
190 75
360 486
299 18
133 480
202 85
375 13
380 357
471 475
493 234
204 131
410 199
85 439
451 8
179 74
423 434
296 70
26 209
482 260
498 204
313 424
285 96
403 317
463 368
227 91
265 383
366 435
326 70
168 450
264 158
382 379
476 14
192 255
68 219
379 81
417 373
117 81
260 389
185 215
33 383
280 260
150 379
236 153
296 204
375 497
86 394
442 29
483 30
488 374
391 441
424 389
215 215
248 163
440 333
426 435
2 107
254 328
229 271
377 169
363 271
416 97
16 163
57 164
492 92
282 282
185 349
171 451
207 108
358 277
182 51
448 170
164 411
240 406
349 349
44 467
365 293
2 241
313 103
194 411
328 411
367 339
152 185
193 186
191 113
366 114
3 62
84 401
170 175
282 416
20 416
59 344
185 483
155 52
36 360
380 170
434 406
167 62
202 248
279 468
124 365
485 344
297 293
362 129
367 473
105 473
77 145
56 22
94 314
438 124
195 366
382 192
415 140
454 68
192 68
230 360
395 427
95 135
260 202
36 494
418 7
225 366
299 315
390 433
371 191
128 433
375 310
130 479
424 202
66 494
498 151
179 371
327 269
349 28
389 366
67 315
141 264
480 484
153 89
268 39
366 382
378 207
135 449
357 269
134 197
361 388
433 264
455 23
284 141
396 382
432 39
113 259
187 208
434 85
150 326
26 290
414 372
125 269
364 285
28 336
485 23
289 111
5 352
316 214
467 383
7 398
444 399
67 449
120 275
268 173
345 393
9 444
441 101
138 100
231 291
55 65
117 162
323 230
37 398
147 4
224 224
149 50
209 101
247 393
184 44
263 337
221 111
279 281
353 230
427 179
237 55
27 245
179 50
291 291
318 394
43 189
406 241
194 358
381 184
383 230
99 471
443 281
84 348
230 173
285 72
18 482
152 482
133 240
260 15
168 426
448 251
376 348
106 487
412 5
472 56
293 313
315 72
413 415
177 138
107 308
179 184
406 375
426 61
142 302
238 10
105 420
141 77
232 195
311 488
443 415
382 139
151 206
192 15
496 426
100 426
134 10
265 493
3 493
77 442
281 437
314 385
415 437
52 385
396 195
74 144
454 365
247 72
412 139
417 483
155 483
394 499
218 273
331 150
429 493
88 200
44 93
238 144
26 453
141 211
153 36
199 381
56 103
8 32
435 99
151 340
252 392
233 150
285 340
475 437
347 437
474 212
460 314
212 212
229 381
96 37
247 206
338 324
236 47
337 99
428 217
144 458
240 166
50 42
160 402
256 110
217 155
291 104
7 345
351 155
444 346
442 273
268 120
386 341
372 443
97 238
196 217
349 459
60 356
383 43
151 474
76 300
24 110
459 38
175 279
18 295
496 105
133 53
448 64
126 13
207 352
293 126
204 54
71 464
107 121
258 290
332 239
122 429
161 357
142 115
235 306
348 183
381 131
482 183
105 233
499 352
457 126
484 229
46 3
478 414
271 121
40 188
119 481
366 358
399 306
490 424
52 198
401 352
472 3
493 291
355 357
85 496
181 204
179 131
184 475
332 373
426 8
329 75
334 419
67 75
461 194
172 91
237 486
306 91
61 260
405 70
83 19
446 71
253 430
387 430
24 378
456 35
477 323
361 148
366 492
326 127
474 25
19 384
454 312
247 19
412 86
54 378
453 87
491 379
315 153
53 153
414 132
204 322
317 199
143 46
160 215
486 385
348 451
34 261
447 430
125 379
199 328
254 35
364 395
28 446
83 153
162 446
330 30
27 221
13 323
426 492
238 441
2 164
477 457
39 231
326 261
93 467
416 154
490 103
154 154
305 323
16 220
70 456
111 457
185 406
240 113
261 401
164 468
219 175
184 154
217 102
392 103
461 462
221 221
124 288
485 267
316 458
402 232
443 41
272 159
351 452
387 109
115 175
153 467
464 329
323 124
340 293
193 243
243 360
438 47
302 186
401 165
131 304
450 57
224 468
432 417
31 73
17 175
374 412
85 309
396 171
277 479
411 479
10 135
445 63
161 304
257 12
499 299
27 489
429 469
135 22
121 124
140 366
406 485
115 309
381 428
114 84
193 377
306 254
22 495
383 474
452 79
168 320
267 299
19 197
363 7
192 125
266 74
72 208
359 238
433 187
149 428
218 33
204 135
493 238
47 151
33 253
198 320
239 321
220 79
385 146
315 316
26 213
461 141
172 38
125 192
177 382
275 136
65 326
156 444
252 152
255 423
7 321
40 269
494 439
153 146
254 198
328 147
460 74
234 485
267 433
192 259
343 428
155 377
361 445
58 444
493 372
245 270
284 198
396 439
0 439
110 45
220 213
261 214
333 90
11 39
486 332
164 281
145 39
337 209
48 106
465 394
201 321
481 338
25 95
99 44
238 388
43 112
326 208
367 209
441 158
435 343
443 204
173 343
233 394
379 219
76 410
136 461
395 163
474 456
358 281
418 332
127 348
300 276
186 174
411 292
188 220
163 163
256 354
289 302
44 471
66 230
140 179
217 399
392 400
29 348
65 5
156 123
251 168
383 287
443 338
121 287
341 61
24 354
57 302
230 230
73 246
21 56
491 5
155 56
284 466
72 21
314 308
401 462
470 67
203 477
299 185
337 477
49 10
54 354
472 113
188 354
279 472
348 77
427 370
26 26
237 246
369 365
465 73
198 483
354 242
104 67
403 134
477 83
81 83
475 10
210 493
498 371
234 298
93 93
170 313
362 483
114 381
37 134
460 237
284 11
225 370
51 217
412 196
123 93
164 94
150 196
315 263
53 263
466 432
139 37
125 139
199 88
226 191
129 258
275 83
5 222
349 32
467 253
269 268
291 27
329 319
403 268
158 437
194 94
326 21
367 22
419 212
83 263
229 88
368 432
356 48
326 371
359 319
474 269
460 371
14 284
437 387
241 448
282 449
301 499
488 325
386 48
427 49
50 99
124 48
129 392
201 268
294 459
32 459
462 43
489 146
404 38
381 54
23 346
97 295
124 398
193 3
210 172
270 223
22 121
60 413
421 392
25 392
233 341
131 64
175 336
138 454
251 331
377 470
149 54
154 398
302 296
16 464
52 121
453 465
188 167
331 475
163 110
316 352
369 178
481 419
85 419
219 419
179 54
483 465
221 465
348 240
367 290
389 49
105 290
480 167
366 65
383 234
346 352
46 60
137 178
1 317
362 296
436 245
21 3
59 295
100 296
114 194
155 3
193 487
399 363
438 291
336 14
401 409
470 14
487 183
376 352
147 492
128 250
279 419
380 471
58 420
182 486
130 296
445 307
104 14
269 81
274 425
26 323
482 374
232 199
61 317
484 420
248 143
368 245
233 20
329 482
403 431
35 35
114 328
62 138
361 205
3 497
39 154
89 271
37 81
42 425
438 425
171 81
192 369
30 41
54 435
301 312
356 211
125 86
166 87
218 277
336 498
412 493
34 318
9 261
201 431
270 36
25 205
351 375
425 324
497 200
303 334
14 231
96 41
206 401
16 277
57 278
439 380
317 390
432 340
256 114
481 232
71 334
337 453
406 58
34 452
483 278
161 227
215 463
435 237
383 47
286 114
425 458
290 233
340 350
362 109
367 453
73 6
55 366
302 243
314 68
379 463
79 171
304 289
390 63
106 304
293 130
353 181
471 402
70 58
448 418
47 74
107 125
220 2
123 69
109 171
64 428
408 238
237 356
273 13
311 305
424 182
61 130
66 474
462 474
498 131
286 248
290 367
1 264
18 433
403 244
389 346
193 434
153 69
292 413
361 18
3 310
89 84
42 238
168 377
341 305
401 356
439 59
320 367
58 367
466 192
336 311
451 69
198 377
445 254
269 28
348 321
296 131
444 29
237 490
278 491
350 367
386 24
102 265
88 367
446 75
234 192
313 485
327 383
60 39
440 260
421 18
40 326
477 327
475 254
172 445
287 203
340 29
78 29
303 147
363 198
41 147
379 142
20 209
70 326
92 85
331 101
148 394
220 270
352 389
44 44
85 45
481 45
145 96
150 440
26 404
461 332
447 434
483 91
9 208
102 399
201 378
402 102
481 395
153 337
276 148
309 96
23 456
157 456
228 107
302 56
305 327
131 174
497 497
395 220
133 220
207 169
300 333
85 179
409 276
139 415
450 277
215 410
256 411
140 236
24 61
6 421
4 348
477 6
174 5
292 226
457 293
121 344
281 67
360 360
341 118
98 360
84 462
131 308
189 478
170 236
222 426
343 164
73 303
59 405
155 113
394 129
58 180
130 56
47 21
299 242
371 118
353 478
301 288
375 237
427 427
447 113
237 303
429 473
140 370
179 298
252 22
257 366
81 140
463 242
475 67
383 478
94 375
405 237
479 186
267 303
360 494
368 355
93 150
357 196
35 145
114 438
155 247
241 21
359 242
75 483
493 242
190 433
284 68
449 135
239 325
225 427
32 32
393 11
197 99
337 79
226 248
465 264
129 315
220 433
253 381
269 325
29 84
461 495
172 392
6 100
441 28
83 320
479 320
151 454
420 90
95 330
363 495
430 27
239 459
448 44
236 161
263 264
337 213
409 89
414 433
87 38
240 280
269 459
291 218
478 44
216 44
328 285
83 454
495 398
99 398
228 54
233 398
346 275
57 172
492 100
189 291
175 393
208 341
111 408
284 336
127 352
314 178
131 471
492 450
390 173
469 466
106 414
128 173
166 465
188 224
375 50
318 455
404 229
97 486
141 4
383 291
135 189
173 481
308 117
46 117
249 476
285 133
362 353
21 60
191 471
287 179
77 369
112 363
491 359
472 117
202 256
315 133
12 132
369 369
385 313
371 415
44 20
348 431
408 482
444 139
494 256
442 66
65 493
436 436
40 436
114 385
378 431
359 189
303 257
336 205
363 308
54 492
486 149
169 442
315 267
433 488
218 334
468 482
316 88
445 498
393 308
104 205
178 154
291 31
29 31
172 339
158 441
273 391
446 319
270 93
60 283
8 93
233 211
384 380
84 88
20 103
138 324
224 98
377 340
55 289
401 145
434 93
188 37
205 206
108 273
242 273
467 391
219 289
291 165
332 166
464 93
221 335
45 109
289 469
311 228
435 294
457 53
61 53
484 156
2 412
387 223
362 166
4 458
114 64
496 166
339 182
154 402
176 161
374 176
79 228
225 53
299 2
304 346
92 463
301 48
394 239
471 459
108 407
218 13
369 182
179 58
183 177
221 469
408 295
12 295
389 53
67 2
259 172
402 480
350 290
424 239
214 429
382 13
368 115
473 131
115 423
211 131
216 475
1 321
18 490
213 177
39 24
264 142
454 239
239 85
225 187
417 357
472 64
380 475
218 147
468 295
146 244
239 435
407 19
370 137
48 86
386 81
451 476
275 250
46 198
137 316
178 317
159 75
233 24
81 384
213 311
378 378
56 327
0 203
55 102
490 30
206 271
338 198
431 389
90 96
164 45
117 199
169 389
72 456
111 384
245 384
331 158
410 451
418 312
143 107
148 451
108 86
44 101
197 343
217 29
318 81
411 272
409 199
194 45
235 46
402 159
435 107
272 86
351 379
425 328
152 169
265 46
55 236
3 46
228 164
341 41
59 328
358 395
17 102
335 411
434 390
258 164
15 406
48 354
307 56
119 5
163 277
388 395
140 293
484 103
200 344
291 462
360 67
29 462
65 119
478 288
142 339
325 231
416 349
190 6
436 412
469 360
95 119
70 62
75 406
149 355
204 62
314 422
295 180
336 181
396 232
198 247
299 299
49 124
188 468
293 484
26 140
177 309
163 411
311 309
88 237
181 428
179 355
253 304
275 63
349 12
151 27
477 197
494 366
366 366
457 484
61 484
479 243
229 68
271 479
343 355
384 356
114 495
95 253
169 202
155 304
320 371
356 28
72 269
58 371
111 197
322 417
396 366
432 23
148 264
299 433
371 309
412 310
164 208
370 84
444 33
446 79
83 27
275 197
462 23
269 382
255 484
2 38
180 310
254 259
328 208
345 377
78 33
231 275
303 151
398 388
384 490
497 367
134 315
400 434
224 208
377 450
14 398
418 259
338 495
150 444
337 270
318 28
139 285
125 387
483 95
312 213
297 90
219 399
313 34
120 393
175 100
216 101
268 291
307 219
480 147
251 95
325 44
366 45
272 383
57 229
84 332
170 106
133 224
399 343
449 460
209 219
302 410
487 163
184 162
258 111
423 178
472 40
293 297
31 297
182 466
163 224
237 173
80 189
179 168
217 460
327 66
332 410
29 409
103 358
290 184
255 163
288 111
477 10
191 178
311 472
116 4
459 343
285 190
491 66
320 184
36 425
471 353
111 10
126 318
74 128
277 487
280 4
371 122
417 467
491 416
123 20
188 415
241 241
404 420
257 370
403 195
56 87
83 190
229 15
308 308
368 359
137 426
192 133
324 252
384 303
439 10
475 421
309 129
39 268
359 246
185 93
377 263
74 262
160 36
261 88
412 257
263 134
337 83
375 375
466 493
92 252
240 150
226 252
245 494
278 442
331 268
391 319
28 267
201 195
242 196
289 42
310 330
248 391
234 493
308 442
330 201
151 458
305 144
2 335
227 453
208 211
395 37
133 37
212 330
325 207
0 447
187 273
261 222
117 443
186 48
263 268
240 284
188 94
50 160
181 54
310 464
194 289
18 63
97 356
480 94
383 161
286 228
420 228
459 156
497 448
244 2
249 346
309 397
374 233
52 182
376 279
101 74
54 228
147 419
188 228
31 244
91 295
429 290
33 290
489 341
198 357
280 167
101 424
82 182
257 183
255 110
67 59
141 8
158 177
259 229
345 3
424 296
479 3
195 244
286 362
151 137
211 188
290 481
288 408
398 14
384 116
463 409
174 306
475 234
347 234
19 368
266 245
352 19
412 70
54 362
260 430
241 188
414 116
125 13
28 80
167 424
198 491
5 96
10 440
44 24
49 368
109 419
255 244
310 143
172 209
254 19
424 430
162 430
495 81
173 30
159 132
250 250
2 148
213 368
138 194
325 20
363 312
41 261
454 430
192 430
338 255
431 446
263 81
342 374
433 492
488 199
92 199
185 390
317 317
47 456
432 267
129 266
258 87
409 256
386 272
23 220
367 30
408 31
196 148
297 200
8 97
118 457
200 267
365 334
425 385
175 210
268 401
78 277
496 36
377 344
127 169
341 98
282 457
491 42
293 57
36 401
69 349
380 211
316 226
11 344
355 154
112 396
332 170
318 272
411 463
87 339
142 46
408 165
311 232
25 400
99 349
457 57
121 108
365 468
63 103
189 242
216 345
307 463
362 170
78 411
463 222
174 119
475 47
243 478
452 63
89 11
168 304
116 114
190 63
438 165
415 181
19 181
230 401
299 6
417 227
342 53
396 289
186 479
198 304
225 407
280 114
472 284
197 79
202 423
375 351
466 469
172 22
278 418
402 484
80 433
308 68
82 479
63 237
285 84
238 238
114 202
100 304
378 248
116 248
190 197
264 146
262 73
377 23
206 141
35 259
361 429
72 326
89 495
218 151
358 131
74 372
148 321
418 182
321 249
51 388
393 125
71 74
370 141
444 90
34 192
199 259
386 85
23 33
83 84
289 152
327 444
349 203
297 13
426 423
151 218
200 80
238 372
365 147
67 490
194 265
328 265
326 192
4 141
97 332
479 434
138 141
19 449
55 106
363 259
228 34
324 496
16 151
57 152
458 496
166 95
207 96
212 440
410 455
148 455
449 383
186 158
310 224
122 173
428 445
166 445
221 152
143 461
297 147
13 388
388 265
291 332
43 230
103 281
189 55
328 399
4 275
97 466
105 327
270 394
344 343
8 394
457 220
154 219
346 389
401 96
117 337
170 163
208 455
244 112
376 39
59 332
279 106
325 451
110 297
283 225
374 343
52 292
277 410
299 169
332 117
109 45
408 112
482 61
91 405
61 4
66 348
406 416
29 466
426 102
156 241
238 51
403 118
408 462
114 15
405 164
341 179
24 472
454 56
170 297
230 348
343 225
491 123
75 410
0 236
33 184
74 185
225 354
486 129
109 179
197 26
53 247
218 314
369 483
350 241
28 190
465 191
468 462
65 257
445 478
255 354
172 319
153 77
232 370
180 180
268 27
231 145
382 314
41 21
137 483
192 190
384 360
458 309
246 426
347 478
359 303
433 252
452 494
455 11
185 150
298 27
284 129
148 268
247 247
301 483
342 484
414 360
226 309
69 325
467 371
43 43
6 161
307 89
345 381
446 433
78 37
243 104
282 217
309 320
20 217
326 489
340 387
37 386
111 335
496 146
55 403
36 161
110 110
96 212
432 161
302 280
314 105
453 449
52 105
203 274
428 392
106 341
143 408
485 145
402 110
85 403
462 161
489 264
214 59
217 330
43 177
115 53
464 207
268 295
216 105
290 54
276 156
232 49
330 392
135 116
346 336
309 454
174 229
320 54
394 3
75 223
223 121
415 291
396 49
0 49
38 341
112 290
487 167
239 65
279 403
394 353
31 301
53 60
91 352
28 3
179 172
5 19
156 188
257 240
269 65
7 65
389 167
463 116
480 285
378 8
498 302
157 9
346 470
387 471
46 178
459 347
211 245
339 430
399 481
58 188
433 65
438 409
79 476
338 178
486 76
90 76
128 368
260 487
493 466
125 70
107 430
451 240
385 374
44 81
481 82
104 132
219 82
7 199
86 492
158 368
23 143
61 435
102 436
405 245
308 312
330 71
8 20
63 481
132 86
425 308
340 200
212 200
449 143
206 385
117 313
277 36
53 328
70 497
218 395
50 30
143 221
32 390
318 195
392 144
444 334
312 380
9 379
45 36
50 380
485 308
215 447
196 205
289 396
462 324
99 272
272 200
24 98
57 46
98 47
189 165
78 334
59 92
100 93
138 385
496 93
243 401
55 350
154 329
314 52
16 395
52 52
203 221
263 272
356 463
395 391
450 98
188 98
298 458
36 458
219 350
318 329
48 468
161 345
216 52
221 396
348 171
119 119
25 457
2 473
346 283
387 284
211 58
288 278
475 104
251 396
325 345
55 484
366 346
490 412
438 222
314 186
415 238
19 238
202 130
205 401
241 58
31 248
375 58
58 351
380 402
70 176
182 417
130 227
278 125
33 294
181 192
220 120
280 171
10 310
423 479
257 187
269 12
370 64
12 356
447 284
259 233
61 248
405 58
234 176
60 23
65 367
389 464
458 69
62 69
67 413
463 413
475 238
347 238
168 495
138 64
176 356
382 424
363 182
453 75
458 419
117 126
144 259
245 311
432 137
280 305
71 131
370 198
12 490
254 23
259 367
364 383
372 244
88 485
157 90
196 18
269 496
324 203
365 204
351 306
497 131
134 79
254 373
400 198
157 440
212 147
229 316
421 486
495 435
319 209
439 311
222 276
203 34
92 203
166 152
380 81
143 168
418 373
113 491
182 96
164 456
489 24
184 142
337 384
392 91
50 327
105 34
485 255
215 394
484 30
24 45
404 266
290 164
4 332
152 230
105 384
463 92
496 40
243 348
415 51
397 384
209 333
335 472
468 35
10 123
183 51
274 169
64 359
12 169
86 118
485 389
61 61
135 10
313 282
473 5
115 297
290 298
238 108
40 123
477 124
265 241
132 62
192 113
266 62
433 175
130 174
245 124
410 191
448 483
160 16
165 360
294 16
247 170
321 119
335 17
32 16
373 309
385 134
49 185
412 237
183 185
274 303
315 304
12 303
199 129
162 247
248 21
275 124
257 484
425 68
62 16
67 360
328 135
366 427
229 129
363 129
60 320
192 247
266 196
343 416
246 483
356 89
148 325
407 27
486 320
472 422
145 27
236 145
122 43
139 212
87 22
364 330
64 38
129 433
485 68
215 207
27 156
99 32
200 84
291 202
365 151
351 253
444 444
194 269
268 218
340 94
367 197
405 489
105 197
138 145
41 212
443 192
2 449
379 207
208 325
230 84
304 33
359 494
59 202
284 320
399 270
96 269
434 264
161 105
312 274
124 223
388 269
85 460
118 408
462 218
481 460
387 44
404 213
367 331
193 178
196 449
251 156
262 106
336 55
33 54
126 245
165 173
239 122
390 291
315 117
17 460
91 409
447 44
177 183
424 60
28 60
162 60
43 368
440 4
445 348
137 3
269 122
403 122
408 466
482 415
193 312
172 189
22 430
42 116
479 117
368 286
132 9
192 60
266 9
398 128
436 420
169 76
260 194
208 4
359 173
433 122
70 70
185 20
245 71
314 430
322 291
415 482
454 410
146 65
225 358
299 307
466 420
240 77
364 143
468 466
146 415
215 20
481 139
467 241
269 256
250 14
291 15
7 256
153 81
254 133
498 493
9 302
234 420
41 25
443 5
21 312
458 313
282 87
37 256
264 447
284 133
261 149
338 369
374 26
412 318
453 319
71 25
277 93
450 21
312 87
91 88
220 498
393 426
489 134
236 442
103 98
120 267
254 267
386 386
9 436
446 437
119 42
495 329
233 329
286 155
324 447
62 447
136 396
134 323
400 442
474 391
73 47
113 385
283 42
453 453
52 109
492 381
263 329
15 227
205 324
331 463
91 222
430 442
407 458
429 217
198 284
87 453
64 469
105 278
485 499
172 2
163 448
292 104
98 238
137 166
288 335
343 42
174 233
251 453
58 58
75 227
149 176
225 171
299 120
390 238
106 479
128 238
241 115
315 64
466 233
414 43
130 284
47 249
465 8
198 418
445 295
82 243
257 244
274 413
334 464
345 64
61 305
83 64
234 233
159 59
288 469
475 295
287 244
37 69
341 480
377 137
247 64
352 80
417 475
150 131
155 475
241 249
240 24
226 126
317 244
432 194
13 18
371 480
109 480
26 445
273 322
221 132
259 424
345 198
196 75
234 367
275 368
63 485
462 194
159 193
398 209
328 379
422 14
190 445
377 271
454 491
490 148
127 96
132 440
206 389
90 214
439 368
492 194
455 312
166 209
418 430
187 497
220 445
261 446
316 153
321 497
448 272
85 220
184 199
34 440
348 41
23 281
351 497
464 374
175 271
367 441
436 46
399 164
3 164
228 282
302 231
401 210
222 467
203 225
395 395
279 220
295 164
355 215
396 216
186 406
258 282
197 6
424 170
66 462
462 462
313 339
43 478
426 216
329 283
389 334
494 350
227 6
287 57
292 401
452 124
168 365
176 226
341 293
170 411
244 360
230 462
21 288
169 186
380 406
433 232
70 180
204 180
245 181
295 298
225 468
294 73
299 417
373 366
472 345
315 361
301 463
12 360
177 427
218 428
273 135
278 479
424 304
162 304
354 474
387 422
421 6
63 298
7 366
254 243
243 84
281 376
132 253
305 181
379 130
16 78
398 372
155 422
433 366
396 484
448 85
486 377
296 253
337 254
48 151
122 100
488 423
120 27
125 371
465 439
64 95
499 23
485 125
196 22
13 315
214 39
252 331
43 157
81 449
103 208
464 187
419 444
18 100
97 393
367 254
325 28
476 197
305 315
346 316
379 264
134 433
170 90
222 280
395 208
224 326
284 377
283 152
321 444
333 269
373 45
376 316
409 264
235 111
274 39
256 399
237 157
289 347
311 106
217 444
327 50
332 394
156 168
189 116
268 409
482 338
193 235
292 214
3 111
79 106
84 450
492 275
323 466
362 394
395 342
422 445
54 49
436 343
260 117
72 66
283 286
336 112
374 404
126 302
373 179
10 127
371 106
445 55
274 173
91 466
466 343
237 291
28 117
181 359
253 235
5 133
354 287
404 404
440 61
389 281
172 246
306 246
378 122
383 466
498 416
135 364
357 184
431 133
384 287
114 426
246 353
378 472
149 420
322 348
148 195
487 415
225 415
299 364
335 21
352 190
486 190
241 359
26 205
414 287
273 82
364 200
317 354
9 9
102 200
289 26
5 267
393 349
197 437
217 123
62 20
6 88
4 15
41 82
473 493
151 442
361 437
326 416
111 262
363 483
430 15
471 16
187 257
335 155
439 478
337 201
411 150
48 98
188 78
353 145
391 437
451 488
50 144
143 335
485 72
71 432
140 37
219 330
318 309
444 448
409 427
6 222
386 443
60 458
457 94
121 145
189 279
325 325
154 443
283 99
186 166
184 93
263 386
15 284
54 212
128 161
279 330
64 176
466 156
481 464
489 325
258 392
387 48
392 392
348 285
172 59
61 228
267 104
387 398
24 346
1 362
73 238
463 393
265 408
3 408
72 13
264 183
281 352
262 110
470 59
112 351
225 228
338 105
491 347
320 465
493 393
167 408
468 336
179 233
406 424
445 352
82 300
156 249
109 403
238 59
447 398
232 244
180 54
254 3
83 121
286 480
368 290
456 137
211 306
192 64
250 234
324 183
77 491
474 127
138 178
245 75
456 487
93 435
192 414
439 291
433 476
144 373
331 199
28 198
451 301
280 419
407 194
104 193
197 384
489 4
34 363
364 497
23 204
9 306
124 256
210 30
324 317
398 266
134 193
189 92
222 40
287 435
422 71
138 312
243 328
228 205
266 497
305 425
15 97
376 76
414 368
188 25
427 41
418 487
110 334
96 436
160 451
182 210
71 379
406 103
122 344
409 374
87 323
464 81
334 200
289 457
270 215
2 400
387 211
98 108
189 226
249 277
290 278
18 344
367 498
59 153
138 446
443 493
176 149
267 267
469 401
417 211
147 350
301 36
91 226
182 344
204 103
85 411
184 390
258 339
280 98
82 113
161 406
334 334
259 160
80 417
473 119
285 68
238 222
436 237
40 237
213 165
361 63
347 165
42 283
262 57
363 109
401 401
51 22
21 345
54 293
155 345
260 361
356 69
70 237
223 479
451 114
198 422
486 300
197 197
444 74
461 243
9 119
151 202
495 12
252 254
324 130
81 372
62 130
287 248
328 249
39 146
340 74
93 382
437 192
359 474
493 474
143 95
182 23
220 315
242 74
321 367
316 23
335 265
49 433
123 382
150 485
217 17
370 259
48 208
447 479
23 151
102 444
446 254
162 495
499 80
215 321
311 29
297 131
402 147
388 249
346 23
441 260
152 157
212 208
416 203
132 444
319 270
230 198
376 23
185 455
279 90
470 35
112 327
236 393
258 152
263 496
221 270
353 389
334 147
408 96
45 44
86 45
499 214
485 316
215 455
288 152
403 102
40 50
251 270
339 117
75 44
281 112
360 405
456 113
128 55
149 343
130 101
314 410
295 168
52 410
280 45
373 236
472 215
274 230
26 128
64 420
204 400
278 349
402 415
61 122
102 123
107 467
140 415
451 277
156 359
216 410
238 169
381 477
153 61
287 61
405 282
454 174
137 467
170 415
192 174
343 343
260 308
246 410
356 16
342 118
58 359
433 236
129 10
487 472
165 421
299 421
335 78
321 180
310 21
139 139
278 483
386 16
253 426
349 134
388 62
462 11
197 494
178 252
250 128
291 129
2 26
81 319
103 78
497 5
180 298
276 6
97 263
479 365
55 37
41 139
206 206
453 83
474 371
262 488
148 386
430 72
209 73
321 314
16 432
90 381
315 499
48 155
53 499
92 427
221 83
312 201
28 442
143 392
215 268
316 320
25 144
104 437
200 145
351 314
81 453
406 213
103 212
419 448
119 156
157 448
231 397
8 325
421 494
195 151
360 218
401 27
208 386
58 38
96 330
75 207
261 397
322 84
487 151
198 48
239 49
472 28
188 269
408 43
413 387
91 336
369 280
66 279
140 228
489 382
29 397
426 33
464 325
8 459
456 60
211 229
285 178
1 419
35 3
73 295
95 54
458 106
265 465
72 70
264 240
336 116
126 306
128 352
274 177
301 280
466 347
144 296
199 3
179 290
385 358
445 409
238 116
329 234
370 235
232 301
419 127
61 419
405 229
424 471
195 419
479 178
234 347
330 55
151 312
238 466
95 188
475 409
497 168
213 409
378 476
460 286
212 184
206 369
68 435
277 20
375 363
166 189
312 14
160 374
7 317
103 25
483 246
45 20
270 138
8 138
46 430
99 256
420 82
57 30
136 323
227 441
323 149
340 318
78 318
422 128
133 25
209 20
448 36
131 329
128 31
331 390
353 149
427 98
31 98
316 267
369 93
429 144
82 36
161 329
312 498
9 497
441 154
210 221
8 272
276 437
340 452
288 262
152 401
75 154
302 345
341 273
38 272
230 442
304 391
106 406
491 217
241 42
427 232
466 160
223 402
204 160
80 124
332 345
318 447
447 268
237 458
292 165
405 42
195 232
248 58
272 452
327 351
382 58
19 6
290 469
1 366
288 396
114 243
62 53
452 238
377 64
14 12
266 233
352 7
357 351
431 300
260 418
342 228
218 192
245 295
69 69
181 310
129 120
430 48
160 187
239 480
51 429
44 12
104 63
296 233
370 182
122 80
120 7
446 177
83 125
196 2
234 294
5 434
435 18
426 464
440 362
99 69
178 362
425 239
136 136
153 305
56 372
37 130
78 131
460 233
14 146
437 249
132 367
476 177
111 429
185 378
358 306
413 13
294 321
247 475
321 424
355 8
71 249
145 198
444 265
386 260
196 136
349 378
227 388
309 198
59 23
191 142
265 91
176 19
304 204
450 29
59 373
333 383
429 91
236 450
277 451
409 378
87 327
142 34
183 35
235 225
413 497
45 101
50 445
499 271
480 29
237 271
498 46
24 163
98 112
307 451
18 348
193 349
243 466
265 225
22 467
347 35
452 51
443 497
75 101
154 394
457 395
415 169
19 169
52 117
192 97
357 164
436 457
417 215
54 163
128 112
169 113
260 231
301 40
342 41
130 158
402 472
498 180
88 282
179 400
308 56
5 247
46 56
389 395
114 190
141 293
191 410
287 118
419 237
19 303
473 473
305 108
343 400
260 365
208 175
433 293
144 190
391 67
470 360
148 309
449 237
239 427
299 478
335 135
385 252
412 355
11 11
71 62
310 78
26 319
370 129
317 468
28 365
372 175
275 242
2 83
172 494
56 319
4 129
78 78
157 371
60 438
113 72
228 22
492 68
282 258
166 83
171 427
377 495
358 253
449 371
187 371
407 145
11 145
90 438
434 248
145 145
453 490
488 484
92 484
221 140
226 484
413 310
177 33
242 428
27 274
407 495
44 443
481 444
66 202
140 151
272 78
290 95
276 197
18 161
441 264
243 279
22 280
8 382
443 310
131 223
134 494
244 100
455 320
155 28
96 387
261 454
283 213
448 280
167 38
337 449
334 151
369 337
80 234
291 454
216 280
403 106
441 398
463 157
292 275
121 393
19 116
24 460
192 44
357 111
59 454
100 455
458 163
491 111
320 229
14 122
183 116
86 183
204 404
350 229
179 347
253 296
44 122
118 71
252 71
257 415
477 189
81 189
457 476
498 477
9 286
479 235
248 302
229 60
60 251
211 420
475 466
134 173
361 364
309 174
347 466
212 241
322 409
377 308
113 235
239 374
68 492
71 9
277 77
301 471
129 364
294 431
242 241
275 189
289 87
489 118
48 375
172 441
120 251
194 200
483 303
328 200
307 77
446 421
157 318
196 246
330 246
60 385
443 123
250 482
346 190
76 329
62 431
84 190
497 359
340 375
395 82
400 426
73 31
59 133
455 133
469 31
303 493
284 251
437 493
41 493
110 98
490 319
338 487
38 195
263 313
411 211
450 139
87 87
226 431
432 499
50 205
388 200
429 201
489 252
142 144
307 211
23 452
105 262
485 483
210 278
22 227
383 206
121 206
286 273
267 31
473 99
189 340
170 98
249 391
343 26
320 42
361 43
3 335
149 160
209 211
52 227
165 104
390 222
338 32
376 324
279 391
380 443
182 458
47 233
468 263
406 351
354 161
392 453
307 345
329 104
477 2
232 171
311 464
498 290
42 47
83 48
382 115
456 64
60 64
421 43
211 233
271 284
227 177
287 228
378 346
281 413
14 69
79 464
192 341
266 290
51 136
352 64
54 407
28 125
451 228
148 419
470 470
32 244
44 69
49 413
393 223
178 69
257 362
122 137
328 13
446 234
8 8
473 367
324 244
477 486
62 244
39 260
419 481
400 239
111 136
116 480
190 429
460 290
243 255
224 13
399 14
96 13
192 475
266 424
169 491
20 368
220 429
164 497
411 374
120 198
180 249
6 96
372 419
45 24
485 296
13 486
383 19
200 312
351 481
76 276
24 86
459 14
268 446
276 307
6 446
152 271
303 440
325 199
77 97
209 24
302 215
319 384
453 384
401 194
203 209
15 158
469 328
106 276
133 379
353 153
209 374
242 322
283 323
407 389
71 440
112 441
145 389
181 46
392 266
423 333
101 282
334 261
408 210
124 451
383 153
80 344
498 103
360 169
189 287
142 441
436 164
119 457
480 436
246 40
347 92
77 231
378 159
416 451
75 158
79 277
454 154
244 344
246 390
31 236
17 338
342 98
451 41
468 210
179 107
348 293
273 119
311 411
424 288
253 406
46 113
473 180
426 334
156 473
252 181
329 401
40 298
477 299
136 6
400 52
116 293
281 360
285 479
458 407
155 406
315 129
20 181
359 401
433 350
92 57
166 6
226 57
468 344
294 191
321 294
412 412
71 119
48 135
409 114
421 124
25 124
233 73
238 417
365 192
136 140
497 119
479 479
421 474
154 130
233 423
302 28
439 299
117 248
185 382
166 140
413 17
17 17
160 325
108 135
113 479
242 135
11 202
489 12
198 28
409 248
101 95
64 213
408 23
124 264
485 243
8 89
66 259
252 449
291 377
313 136
84 84
464 305
194 444
18 218
251 197
55 285
8 439
302 162
272 485
267 141
131 280
20 449
357 34
376 84
54 33
491 34
374 388
107 44
411 455
87 331
472 142
109 90
64 347
388 444
424 101
179 270
253 219
18 352
329 214
114 60
494 281
475 39
480 383
292 332
452 55
42 157
116 106
308 276
415 173
456 174
454 101
459 445
170 342
347 389
89 353
70 111
223 353
295 229
52 471
0 281
148 179
220 55
274 291
199 117
364 184
28 235
327 302
280 456
197 421
257 472
250 55
255 399
7 297
328 123
326 50
116 240
363 117
151 426
192 235
439 112
208 179
246 471
185 195
245 246
298 72
14 313
437 416
69 20
412 359
71 66
150 359
337 185
428 303
409 61
87 10
240 252
391 421
28 369
413 180
297 5
25 71
489 175
252 262
43 88
122 381
425 190
442 359
196 303
344 201
421 421
233 370
346 247
134 364
323 263
20 262
395 139
207 88
127 324
113 426
11 149
85 98
434 252
186 150
258 26
450 196
488 488
202 94
188 196
17 314
91 263
143 453
485 190
215 329
481 448
85 448
214 104
29 324
423 443
82 150
115 98
180 493
288 26
18 165
97 458
292 145
383 263
121 263
267 88
341 37
382 38
420 330
174 274
251 494
54 330
163 273
80 238
424 48
253 166
65 115
445 336
82 284
426 94
142 335
274 454
7 110
86 403
477 59
232 228
292 279
93 69
398 116
436 408
95 115
174 408
287 285
111 59
190 352
171 110
281 470
322 279
321 54
128 413
301 341
72 481
139 13
410 476
465 183
107 475
215 8
481 127
123 419
26 486
444 245
199 414
259 465
364 481
157 188
344 14
60 255
99 183
398 250
114 491
425 353
136 250
497 229
282 75
323 76
474 245
59 3
303 363
41 363
206 430
247 239
71 13
112 14
203 132
376 60
185 492
218 440
358 420
432 369
413 127
467 363
71 363
318 240
392 189
103 86
464 65
381 30
23 322
367 132
50 425
446 425
482 82
462 369
121 76
425 487
62 435
98 92
136 384
249 261
265 205
416 374
127 271
487 25
492 369
277 215
230 369
395 436
54 143
87 91
92 435
166 384
491 144
380 313
430 430
242 379
186 447
43 169
87 441
119 164
158 92
8 333
457 159
135 108
484 262
387 329
368 87
46 36
285 52
477 222
246 97
77 288
452 165
454 211
491 278
293 293
17 395
53 52
91 344
317 98
391 47
396 391
410 289
470 340
129 47
198 406
258 457
10 355
101 473
197 181
348 350
86 350
447 329
172 124
177 468
232 175
102 294
248 119
308 170
440 289
137 288
159 47
21 113
100 406
136 63
458 114
153 232
456 418
93 366
165 242
192 345
357 412
379 171
491 412
164 17
241 237
342 289
53 186
488 114
295 473
74 474
143 79
294 248
333 176
44 73
310 192
483 120
488 464
446 238
5 495
60 202
440 423
151 320
462 182
178 423
351 351
213 417
249 74
268 316
309 125
152 141
212 192
325 69
168 85
305 356
35 495
38 12
304 131
418 418
91 23
316 141
393 361
85 208
263 480
406 34
411 378
409 305
161 203
235 152
307 28
348 29
485 300
163 249
13 490
214 214
200 316
387 142
478 260
459 18
290 209
307 378
441 378
78 326
193 276
270 496
325 203
55 342
94 270
168 219
154 321
176 80
302 219
52 44
79 147
84 491
395 383
455 434
128 39
155 142
205 259
91 157
182 275
204 34
300 496
11 393
429 152
107 101
198 219
299 271
376 491
450 440
87 388
293 456
461 40
80 348
404 445
426 204
366 338
56 112
415 230
473 400
132 107
230 450
35 174
283 461
317 45
322 389
396 338
487 456
468 214
220 112
294 61
385 179
202 472
301 451
86 297
218 416
273 123
102 241
248 66
440 236
156 477
250 112
398 10
141 354
419 298
400 56
405 400
138 56
19 364
233 293
431 308
90 15
117 118
284 231
396 472
69 77
261 247
123 313
164 314
472 467
263 293
488 411
240 309
196 10
275 303
349 252
27 201
13 303
402 78
481 371
467 473
104 421
200 129
7 488
442 416
175 72
180 416
340 139
231 381
132 375
379 252
401 11
203 26
249 371
224 314
284 365
358 314
113 483
247 483
352 499
11 206
355 16
396 17
277 325
337 376
87 201
161 150
274 27
353 320
163 196
237 145
316 438
318 484
43 279
24 37
103 330
120 499
156 156
268 397
480 253
232 151
383 320
135 218
121 320
154 268
281 43
415 43
459 315
244 161
54 37
347 259
58 156
223 223
322 202
101 233
12 161
466 331
278 280
162 105
10 465
104 100
142 392
290 290
81 116
141 167
419 111
56 59
116 110
121 454
360 470
308 280
19 177
473 347
459 449
213 393
287 342
37 167
190 409
284 44
148 183
160 8
266 404
299 352
431 471
68 419
263 106
296 54
337 55
461 121
466 465
199 121
278 414
331 240
32 358
238 234
7 301
141 301
494 419
194 127
232 419
6 76
441 4
344 71
8 122
435 189
495 240
398 307
35 255
57 14
474 302
111 250
437 420
110 25
449 245
476 348
335 143
352 312
453 364
434 122
376 117
393 471
118 266
462 76
145 369
236 487
351 245
444 436
404 71
478 20
235 262
27 498
173 323
304 25
400 487
59 194
339 211
325 313
399 262
476 482
30 395
492 426
15 272
428 441
293 216
279 318
427 216
17 318
163 143
242 436
369 211
355 313
332 329
406 278
43 226
478 154
120 446
483 498
142 205
307 272
334 375
119 221
105 323
494 98
313 437
382 42
463 381
77 345
168 463
262 98
341 391
396 98
38 390
74 47
470 47
165 165
58 453
493 381
33 396
451 155
465 53
167 396
468 324
294 171
329 165
370 166
141 114
494 232
232 232
364 351
405 160
83 109
121 401
234 278
60 125
46 227
173 2
62 171
77 479
56 356
42 458
474 115
212 115
303 233
415 474
456 475
449 58
113 109
261 7
247 109
30 74
491 469
72 485
92 171
171 464
226 171
331 187
47 428
418 341
148 480
215 12
256 13
242 115
335 306
354 356
118 79
217 58
26 490
351 58
461 418
120 125
268 23
6 23
367 2
248 310
330 120
27 311
462 239
365 306
398 254
136 254
39 321
326 351
325 126
302 142
38 69
342 480
207 255
91 80
182 198
369 24
448 317
411 435
307 85
367 136
27 445
8 203
402 322
173 270
313 250
29 491
103 440
367 486
378 86
476 429
75 85
244 271
417 199
491 148
207 389
188 147
144 40
314 451
11 450
47 107
85 399
220 35
354 35
450 497
123 102
274 271
255 29
26 169
64 461
499 389
237 389
350 266
250 35
288 327
480 497
265 343
306 344
366 395
168 410
262 45
341 338
382 339
19 287
368 441
79 338
192 215
431 231
417 333
58 400
144 174
148 293
129 51
239 411
294 118
280 220
321 221
445 287
486 288
257 236
315 406
348 354
26 303
370 113
345 56
5 365
27 124
340 62
157 355
190 303
243 129
303 180
416 57
454 349
206 247
21 467
493 462
69 134
160 252
182 11
145 129
296 298
87 124
199 365
64 140
446 242
311 17
118 376
238 478
365 253
2 201
346 11
387 12
442 473
153 370
18 145
367 299
157 489
138 247
243 263
330 417
8 366
416 191
443 294
346 361
38 16
222 325
244 84
147 151
284 422
261 438
321 489
295 22
337 433
10 38
383 27
484 79
162 28
365 387
313 197
387 146
404 315
478 264
115 212
156 213
189 161
268 454
464 366
288 140
4 381
480 310
378 33
383 377
319 392
79 151
222 459
95 95
471 382
70 38
204 38
198 223
390 393
101 290
188 444
293 460
274 218
278 337
162 162
253 280
327 229
313 331
142 449
40 172
119 465
141 224
42 218
308 337
456 235
211 404
287 399
89 414
433 224
493 275
223 414
396 342
0 342
418 101
487 460
220 116
335 66
68 476
90 235
53 353
278 471
317 399
372 106
129 348
220 466
44 240
393 394
6 133
4 60
441 61
157 302
229 178
303 127
46 471
435 246
132 245
154 4
159 348
398 364
309 292
474 359
111 307
460 461
212 359
224 184
74 425
476 405
247 353
283 10
112 128
337 246
414 466
69 431
499 15
201 358
237 15
444 493
122 442
409 472
180 420
381 144
367 246
210 262
154 138
2 498
57 205
249 375
271 134
304 82
496 252
251 421
75 195
154 488
299 88
304 432
101 103
202 155
207 499
279 375
353 324
177 98
66 267
451 78
484 26
258 437
348 330
193 227
499 499
270 447
498 274
286 391
234 201
360 340
84 442
458 94
37 37
190 279
223 227
322 206
148 53
338 150
376 442
49 47
412 99
486 48
447 93
350 160
47 351
107 402
143 59
104 104
178 53
238 104
329 222
67 222
494 289
442 99
172 238
120 48
23 115
97 64
330 43
60 182
159 161
233 110
95 176
134 104
282 2
56 413
171 171
212 172
284 48
449 115
165 356
239 305
247 166
51 254
218 367
129 295
430 223
242 172
280 464
407 239
393 341
145 239
310 306
318 167
48 306
6 80
367 59
234 469
344 75
349 419
435 193
25 295
462 296
173 193
250 413
2 311
98 19
153 480
134 238
227 429
249 188
287 480
1 86
400 357
243 373
127 198
471 8
30 265
16 367
57 368
38 126
492 296
128 19
226 362
279 188
317 480
353 137
69 378
96 481
160 496
163 13
335 497
32 496
11 373
184 301
310 440
120 316
307 142
124 435
158 19
196 311
388 481
457 86
497 424
249 322
340 440
381 441
18 389
4 491
422 250
152 389
246 24
397 193
94 384
267 312
401 312
106 394
54 204
353 271
70 148
223 390
278 97
283 441
373 334
123 159
348 277
329 35
26 226
45 276
408 328
273 103
162 272
195 220
248 46
46 97
137 215
238 267
324 41
477 283
141 334
475 210
287 159
3 400
116 277
176 328
262 102
336 51
491 339
128 287
315 113
53 113
218 180
28 56
160 175
239 468
280 277
32 175
445 344
236 170
12 462
48 119
483 47
180 46
28 406
102 355
201 334
495 57
104 401
137 349
159 108
173 6
136 124
153 293
175 52
254 345
378 411
452 360
42 462
78 119
243 186
303 237
113 113
302 12
439 283
356 248
433 468
455 227
92 175
240 73
284 345
146 411
261 361
335 310
393 288
258 63
26 494
120 129
194 78
221 181
367 6
372 350
446 299
201 468
118 433
99 191
140 192
84 68
120 479
153 427
175 186
254 479
4 304
193 203
224 78
132 489
206 438
438 7
319 315
305 417
341 74
131 264
117 366
203 140
277 89
230 243
73 259
54 17
92 309
147 208
450 17
224 428
418 479
110 326
182 202
283 254
434 423
198 146
48 387
87 315
188 367
408 141
45 89
485 361
462 377
140 326
253 203
313 254
43 393
464 423
276 372
18 336
193 337
475 23
42 141
190 39
341 208
192 85
436 445
469 393
59 495
496 496
320 270
110 460
471 439
295 213
52 455
373 281
354 39
161 398
109 208
202 399
334 326
34 34
447 203
204 445
350 270
28 219
61 167
162 219
313 388
82 455
151 60
211 111
403 281
425 40
193 471
326 34
190 173
231 174
169 235
222 61
241 111
342 163
89 471
414 39
144 178
317 106
14 297
187 225
51 364
123 240
411 118
317 456
23 9
28 353
451 456
465 354
253 471
388 107
118 246
104 348
252 246
329 466
67 466
141 415
172 482
340 66
345 410
56 307
78 66
152 15
231 308
212 66
132 302
206 251
228 10
117 179
224 241
377 483
397 169
412 477
203 303
263 354
337 303
235 26
64 144
215 313
289 262
145 483
43 206
387 16
392 360
276 185
78 200
157 493
292 129
325 77
435 437
341 21
189 381
208 431
436 258
133 257
75 252
401 422
186 268
12 88
91 381
163 257
489 427
29 442
276 319
381 335
334 489
40 42
81 43
463 145
292 263
419 38
116 37
346 499
46 207
271 325
343 201
438 438
209 386
14 110
0 212
148 110
299 279
465 167
451 269
162 166
44 110
142 453
255 330
7 228
351 38
67 279
498 465
97 121
231 121
248 290
229 48
60 239
435 116
192 166
398 234
62 285
136 234
497 213
361 352
309 162
452 470
400 280
224 54
437 347
96 54
127 121
247 223
241 408
356 358
337 116
488 285
391 352
28 300
430 280
197 486
236 414
103 70
273 481
419 306
151 491
443 111
272 229
98 76
84 178
136 368
175 296
395 70
469 19
496 122
224 188
303 481
339 138
377 430
209 65
314 81
38 183
112 132
414 470
106 317
161 24
202 25
331 435
432 487
143 384
256 261
355 240
214 35
313 14
120 373
311 318
8 317
462 487
195 143
267 19
387 313
24 261
285 36
18 446
73 153
147 102
452 149
94 441
168 390
438 251
228 441
300 317
112 266
472 20
293 277
241 87
144 154
295 323
88 30
332 390
385 216
482 334
158 210
383 328
121 328
286 395
272 497
368 205
324 98
357 46
403 391
475 267
339 406
361 165
378 334
42 385
474 42
415 401
412 103
95 396
439 206
260 463
331 114
317 216
468 385
371 452
44 57
486 402
145 109
296 278
447 447
97 68
349 289
330 47
378 468
56 417
152 125
243 243
228 120
431 479
439 340
208 407
356 305
20 356
245 474
358 351
129 299
430 227
11 243
310 310
103 17
194 135
221 238
367 63
408 64
446 356
499 182
210 79
270 130
435 197
443 58
24 74
464 346
323 141
276 295
340 310
4 361
441 362
59 68
339 85
377 377
476 356
228 254
341 131
52 28
131 321
79 131
222 439
356 439
450 74
205 243
380 244
204 18
300 480
85 326
66 84
310 444
318 305
386 439
12 198
86 147
480 74
210 213
158 23
485 418
297 367
402 383
61 90
121 141
200 434
43 450
115 326
4 495
40 152
45 496
78 444
325 321
347 80
94 388
438 198
116 147
190 96
176 198
267 316
322 23
363 24
79 265
439 19
207 450
17 326
108 444
295 270
126 461
451 29
468 198
299 389
10 286
472 317
447 260
278 451
372 86
405 34
88 327
327 343
5 292
349 102
46 101
211 168
81 287
458 45
213 214
287 163
306 405
3 404
400 40
231 231
281 348
19 348
192 276
379 102
21 394
95 343
320 461
391 112
129 112
412 400
467 107
26 364
259 343
391 462
372 220
124 118
27 185
13 287
159 112
365 180
477 421
141 472
442 400
268 247
18 72
83 467
157 416
243 190
456 483
55 139
132 359
192 410
35 426
282 303
133 180
298 247
449 416
90 483
236 308
258 67
318 118
161 134
312 303
413 355
163 180
242 473
402 196
66 247
99 195
200 247
291 365
313 124
29 365
6 381
441 309
100 16
196 478
344 376
438 11
319 319
267 129
415 27
131 268
208 488
244 145
304 196
422 417
59 365
260 89
246 191
72 38
369 32
11 324
355 134
434 427
258 201
49 27
128 320
279 489
17 489
140 330
162 89
179 258
406 449
43 397
464 427
137 32
441 443
480 371
213 27
306 218
61 387
42 145
135 336
405 197
132 38
170 330
68 53
59 499
260 223
452 393
89 341
185 49
338 264
49 161
301 382
465 224
129 275
179 392
201 151
275 100
13 100
82 459
63 217
227 59
328 111
326 38
405 331
419 229
231 178
308 398
473 465
324 342
21 341
309 219
37 285
212 286
432 60
69 8
96 111
449 229
127 178
71 54
241 465
277 122
315 414
48 70
92 342
240 240
226 342
143 307
129 409
27 132
393 455
99 8
489 163
370 471
43 76
29 178
67 470
404 55
419 363
97 312
78 70
457 66
305 234
35 373
346 235
497 404
147 25
152 369
284 296
358 245
377 487
380 4
397 173
352 430
487 66
299 15
411 256
15 256
334 9
413 302
17 302
427 200
485 178
278 77
297 127
140 143
145 487
181 144
219 436
217 363
291 312
142 189
216 138
235 380
381 205
18 153
45 256
463 15
210 323
8 374
272 420
84 369
115 436
211 144
271 195
343 71
133 261
471 256
283 205
415 324
338 77
491 319
150 26
86 41
107 329
332 447
10 396
197 222
183 324
257 273
348 391
67 149
180 26
135 283
479 93
327 453
19 108
456 109
1 468
398 104
40 396
21 154
422 498
339 463
77 463
75 390
149 339
245 47
449 42
247 93
321 42
53 227
414 206
130 447
47 412
107 463
5 186
354 340
32 289
82 406
104 165
217 42
6 7
46 345
421 222
250 340
272 99
384 340
84 48
213 458
323 64
361 356
39 305
127 125
228 177
247 227
261 125
488 289
293 13
358 408
182 182
333 351
429 59
66 7
406 75
48 367
122 316
276 2
83 361
124 362
485 341
289 429
330 238
383 64
249 249
251 295
490 311
438 121
476 413
186 85
277 203
225 13
263 305
54 131
380 301
316 316
11 434
429 193
167 193
122 450
45 203
494 29
297 424
366 29
402 440
66 491
135 96
121 198
498 148
46 24
84 316
478 435
276 486
384 19
191 378
416 496
452 153
460 14
437 30
225 147
230 491
54 265
58 384
130 260
369 276
146 204
354 153
32 102
371 322
274 389
255 147
310 46
461 215
9 91
327 400
65 400
40 343
384 153
67 446
136 51
475 271
378 338
452 287
138 97
262 163
55 62
437 164
247 40
357 400
53 174
171 395
410 411
432 170
470 462
280 338
371 456
393 215
236 231
289 242
25 169
365 237
425 288
189 11
249 62
39 252
116 472
344 299
325 57
132 416
305 344
16 241
263 118
309 463
342 411
166 185
224 355
261 422
316 129
333 298
355 57
318 175
406 22
139 432
235 140
86 17
8 134
25 303
286 78
272 180
387 130
103 371
404 299
63 6
463 125
243 381
191 191
265 140
251 242
3 140
116 17
176 68
341 135
19 84
492 304
222 443
323 495
304 253
390 27
395 371
59 422
155 130
394 146
31 94
58 197
258 258
373 208
10 156
257 33
86 151
447 130
424 146
167 490
179 315
327 213
387 264
404 433
440 90
463 259
158 377
366 326
56 100
94 392
135 393
438 202
264 49
363 28
79 269
357 213
21 264
155 264
380 382
72 229
295 274
336 275
74 275
487 444
160 49
146 151
294 49
338 321
109 269
364 229
312 39
372 90
60 3
65 347
440 224
156 465
250 100
351 152
227 116
213 218
232 460
366 460
400 44
83 337
19 352
330 214
363 162
495 281
132 229
266 229
16 54
136 348
262 460
284 219
321 286
51 425
333 111
374 112
393 162
71 111
263 281
296 229
423 4
166 348
199 296
50 173
27 189
25 116
462 117
219 359
103 184
478 61
180 404
328 302
276 112
231 369
243 194
22 195
457 123
132 363
272 343
170 66
147 82
224 302
432 251
36 251
96 302
209 179
247 471
90 487
263 415
101 87
188 241
12 15
177 82
388 302
85 493
179 128
313 128
43 267
426 5
18 210
389 123
105 364
193 211
210 380
270 431
344 380
121 308
286 375
360 324
473 201
343 128
155 77
224 436
298 385
325 488
3 437
347 247
380 195
359 72
471 313
52 329
0 139
396 139
487 257
225 257
247 16
491 376
150 83
375 201
466 319
177 216
488 78
429 437
66 385
451 196
354 263
142 380
81 104
67 206
180 83
345 150
61 391
479 150
248 217
234 319
330 27
46 268
63 437
132 42
271 386
436 453
384 263
260 227
208 37
336 222
437 274
128 458
226 212
143 177
275 104
13 104
197 413
7 289
122 239
461 459
172 356
367 43
97 182
349 403
41 58
435 177
443 38
250 397
305 104
134 222
227 413
323 121
20 120
326 392
496 49
0 407
449 233
490 234
448 8
186 8
315 418
356 419
414 397
188 54
358 465
465 362
430 341
182 239
335 481
481 306
467 408
236 475
318 285
483 352
142 59
216 8
268 198
386 419
50 470
119 75
482 127
330 295
8 244
135 19
121 121
159 413
173 311
365 481
115 306
459 116
39 496
441 476
138 475
224 249
110 147
490 368
228 368
38 244
131 435
492 414
230 414
263 362
15 260
450 188
188 188
293 204
279 306
182 373
489 301
468 178
313 75
371 245
161 435
210 327
232 86
8 378
248 30
473 148
216 492
496 317
174 266
265 384
89 158
116 261
52 276
79 379
170 497
239 102
244 446
51 51
390 271
431 272
68 220
417 374
394 390
53 97
204 266
28 40
220 210
426 86
123 277
238 35
7 102
232 220
345 97
424 390
60 113
65 457
440 334
137 333
285 231
233 41
35 56
477 401
497 87
479 447
264 293
229 272
93 411
187 46
247 97
352 113
357 457
68 354
106 57
245 401
331 175
410 468
44 118
85 119
310 237
139 355
221 165
13 401
25 226
151 365
324 293
2 242
346 52
1 17
37 236
377 304
41 355
439 401
263 175
342 468
207 243
205 170
69 309
110 310
413 119
430 288
448 305
184 232
310 371
406 79
34 473
409 350
483 299
381 22
45 73
485 345
196 242
27 433
286 135
365 428
459 63
175 304
18 320
193 321
191 248
452 23
443 469
75 73
360 434
415 141
401 243
117 484
68 33
155 187
301 12
471 423
130 130
209 423
369 146
71 489
181 95
468 125
299 316
109 192
350 254
80 393
462 495
102 152
200 495
46 28
142 490
252 96
250 23
494 383
265 331
452 157
438 259
42 259
135 450
460 18
341 326
473 445
170 444
431 219
491 270
394 337
391 39
468 259
160 106
198 398
247 260
335 107
32 106
333 34
486 276
467 34
109 326
197 173
472 378
370 101
139 168
125 270
312 96
248 111
253 455
275 214
60 60
25 39
462 40
329 450
62 106
442 327
345 394
231 292
363 219
266 286
305 214
21 455
95 404
439 214
117 163
492 40
92 106
74 466
110 123
96 225
449 343
296 286
337 287
48 184
386 179
28 471
275 348
8 4
481 416
272 50
6 308
340 184
138 235
243 251
8 354
435 421
99 472
420 298
57 246
469 190
73 190
133 241
207 190
246 118
58 67
91 15
127 426
471 236
149 185
490 478
448 252
38 354
263 472
299 129
101 144
279 416
482 21
499 190
256 432
311 139
118 498
140 257
489 411
217 477
406 376
392 478
464 354
235 494
216 252
362 77
367 421
119 319
232 196
378 21
168 211
479 73
79 139
224 493
399 494
433 78
410 94
148 94
412 140
128 381
218 274
278 325
80 340
66 442
498 99
181 392
275 27
426 196
252 43
255 314
40 160
351 22
193 402
366 330
378 155
419 156
121 499
19 222
60 223
456 223
63 494
132 99
211 392
495 151
458 269
169 166
134 145
260 284
347 438
89 402
111 161
262 330
336 279
284 89
187 156
335 54
352 223
428 218
488 269
413 95
143 234
275 161
32 403
440 228
329 397
2 2
67 397
120 223
180 274
273 465
419 290
23 290
231 239
270 167
435 234
206 182
319 59
35 300
134 279
326 449
185 244
358 172
449 290
261 239
302 240
314 65
186 65
423 8
106 301
353 178
143 368
499 3
215 244
256 245
402 70
80 19
66 121
462 121
219 363
318 342
409 460
345 475
23 424
441 183
462 471
195 127
272 347
420 245
115 363
323 312
304 70
362 240
320 14
110 204
154 476
262 9
322 60
38 301
112 250
131 492
350 14
481 497
140 204
451 66
167 307
484 14
354 133
478 199
120 491
161 492
67 76
494 143
499 487
42 19
479 20
360 328
95 30
339 390
361 149
58 148
89 215
322 194
74 92
266 262
247 20
390 328
376 430
417 431
49 35
431 329
293 395
315 154
375 205
70 323
414 133
278 272
331 98
201 25
32 216
393 195
197 283
494 277
447 431
158 328
254 36
259 380
350 498
23 103
234 323
233 98
271 390
324 216
40 457
458 216
174 457
134 92
227 283
39 232
400 211
116 452
185 57
460 262
212 160
303 278
449 103
187 103
379 273
139 62
185 407
240 114
335 351
354 401
385 468
13 108
333 278
44 175
393 329
489 37
296 396
7 293
392 104
199 463
254 170
83 288
289 356
22 12
76 248
62 350
400 345
37 293
422 104
152 243
436 2
229 463
303 412
55 310
110 17
416 289
302 187
305 458
38 114
203 181
455 402
413 176
108 294
316 243
236 479
310 428
318 289
445 64
120 304
307 130
23 371
64 372
482 131
210 197
388 469
462 418
272 294
420 192
103 485
464 464
189 259
271 69
276 413
73 84
174 136
475 64
243 495
339 203
366 306
347 64
401 300
131 439
225 74
395 485
417 244
54 192
246 362
375 18
144 85
355 305
33 254
123 147
183 198
61 208
162 260
327 327
151 101
271 203
324 29
21 28
287 147
89 162
368 486
401 434
192 260
357 327
417 378
21 378
54 326
491 327
155 378
394 394
342 204
47 286
107 337
468 316
239 456
294 163
280 265
354 214
373 456
371 383
407 40
412 384
123 281
486 333
183 332
269 106
7 106
483 35
221 35
446 153
25 96
137 337
233 45
398 112
442 384
227 230
254 333
419 400
4 158
116 399
460 209
93 415
131 118
117 220
342 338
428 112
414 214
455 215
185 354
317 281
14 472
256 5
247 451
335 298
352 467
393 276
26 482
318 102
34 343
199 410
240 411
64 185
446 287
201 456
237 113
27 303
440 472
44 472
173 128
250 348
43 247
420 5
103 298
153 415
194 416
175 174
268 365
18 190
367 344
422 51
416 236
376 56
73 247
469 247
418 467
108 241
261 483
335 432
355 118
448 309
71 359
126 258
373 135
274 129
348 78
334 180
26 27
485 349
200 365
63 67
137 16
276 360
6 499
362 134
22 443
347 11
479 130
286 489
341 196
420 489
98 438
21 191
207 381
246 309
396 253
472 248
88 258
349 33
426 253
216 443
269 269
250 27
255 371
351 79
81 218
67 320
213 145
287 94
306 336
328 95
366 387
452 161
405 315
157 213
303 38
363 89
192 207
398 275
35 223
417 325
134 202
222 49
356 49
72 290
20 100
336 336
284 146
470 336
148 285
96 95
160 110
335 111
373 403
90 280
467 38
150 331
48 54
53 398
461 223
409 33
269 403
403 403
7 403
76 8
81 352
351 213
425 162
442 331
120 280
444 404
268 178
254 280
56 295
154 49
30 13
76 358
420 168
453 116
106 8
92 110
138 455
212 404
298 178
108 54
247 398
283 55
448 122
85 70
90 414
186 122
411 240
15 240
450 168
316 353
297 111
25 177
103 245
194 363
268 312
254 414
494 66
196 409
270 358
306 15
344 307
168 81
272 404
401 60
207 194
284 414
96 363
374 307
126 205
239 82
304 477
10 30
101 148
109 9
427 318
424 20
66 312
179 189
217 481
327 87
332 431
82 256
142 307
257 257
403 82
40 30
389 184
463 133
443 420
498 319
286 436
346 487
382 144
24 436
387 488
84 487
211 262
288 482
362 431
21 138
260 154
399 498
452 324
336 149
187 26
299 267
390 385
376 487
188 436
12 210
461 36
130 431
218 278
44 98
123 391
252 47
81 165
447 488
232 334
405 262
42 210
231 109
308 329
368 380
211 396
159 206
238 499
227 340
20 47
433 216
165 401
113 211
261 109
51 299
338 329
68 468
453 279
90 227
486 227
337 104
106 171
125 221
451 391
430 268
160 407
201 216
242 217
13 165
291 109
34 453
442 278
483 279
464 37
345 345
9 396
124 346
196 222
344 120
349 464
46 463
25 340
159 340
319 63
346 166
84 166
323 182
39 423
400 402
37 350
73 7
284 227
377 418
437 469
110 74
397 104
476 397
490 295
228 295
319 413
352 361
11 68
52 69
112 120
428 356
106 305
202 13
293 131
205 284
413 233
110 424
430 402
217 294
404 120
478 69
367 238
124 480
485 459
158 64
121 182
267 7
115 367
137 126
175 418
381 486
287 70
77 260
452 137
490 429
149 136
302 378
52 203
128 198
188 249
301 126
375 75
380 419
108 485
47 209
294 86
318 480
371 306
255 131
26 271
45 321
408 373
67 80
177 440
405 75
253 435
382 91
46 142
459 311
285 158
288 429
477 328
463 430
497 14
265 445
3 445
89 219
37 29
433 29
264 220
336 96
377 97
454 317
266 266
352 40
417 435
315 158
466 327
130 378
317 204
148 395
220 271
385 338
445 389
44 45
393 199
104 96
178 45
183 389
486 390
348 456
26 405
498 400
97 56
231 56
248 225
196 35
201 379
13 328
63 445
99 102
495 102
159 153
2 169
249 46
190 405
251 92
449 107
495 452
127 56
319 226
131 175
342 395
111 462
166 169
432 288
69 236
129 287
316 113
333 282
481 180
370 349
221 226
485 272
210 67
270 118
349 411
13 462
252 478
103 355
153 472
367 401
59 56
416 293
476 344
319 360
300 118
341 119
415 68
38 118
492 288
256 196
374 417
468 52
258 242
177 253
402 371
25 421
498 79
140 371
234 6
24 196
175 365
216 366
1 212
307 484
4 483
114 89
475 68
360 495
341 253
322 11
19 202
131 443
368 356
165 27
271 423
431 146
73 438
436 490
128 145
169 146
155 248
260 264
246 366
149 433
218 38
278 89
47 156
299 377
373 326
51 275
371 253
49 202
161 443
486 203
334 371
370 28
375 372
499 438
158 145
163 489
424 264
387 382
13 141
238 259
458 33
232 444
419 270
243 44
267 438
363 146
46 439
266 213
208 208
241 156
282 157
58 449
144 223
47 290
11 44
393 146
310 111
122 60
409 90
465 399
50 157
88 449
275 275
99 49
2 116
180 388
328 286
326 213
367 214
416 106
323 292
342 342
171 460
110 184
397 214
108 111
182 60
261 353
335 302
486 471
277 297
337 348
312 291
163 168
44 476
481 477
66 235
489 338
200 235
313 112
268 369
328 420
307 297
193 195
270 415
306 72
330 466
3 71
19 15
401 117
222 374
230 235
1 375
343 112
207 251
155 61
293 25
320 128
127 487
108 245
471 297
223 195
355 122
26 31
31 375
375 185
163 302
364 26
484 128
489 472
332 488
406 437
404 364
156 262
290 262
40 87
477 88
482 432
475 15
419 83
231 32
420 493
147 334
174 437
246 313
452 381
75 431
144 36
185 37
52 447
396 257
148 155
449 83
165 324
146 82
491 494
53 268
466 437
204 437
80 401
468 483
220 381
327 278
5 227
349 37
445 499
156 396
29 32
494 391
158 442
180 201
135 458
248 335
234 437
330 145
435 161
211 453
497 258
359 324
185 171
298 48
160 114
165 458
206 459
412 335
263 212
53 402
428 279
139 176
28 345
143 295
289 120
462 48
269 407
217 217
444 408
483 336
142 43
328 233
6 182
18 7
441 110
45 110
78 58
83 402
193 8
248 469
196 279
270 228
60 418
8 228
324 464
398 413
76 362
400 459
469 64
152 357
133 115
284 284
416 403
490 352
471 110
209 110
374 177
164 367
203 295
427 188
177 13
355 285
80 80
429 234
318 403
6 316
329 3
367 295
389 54
105 295
366 70
402 481
383 239
214 430
195 188
267 64
98 255
147 147
191 419
347 178
58 75
452 194
89 142
75 244
438 296
209 244
0 70
112 311
487 188
373 86
68 204
147 497
412 14
293 322
256 440
181 266
371 363
445 312
63 18
197 210
408 430
81 35
447 358
210 445
83 81
121 373
248 148
253 492
421 76
63 368
459 368
285 215
233 25
40 384
21 142
100 435
260 158
361 210
309 20
39 159
77 451
42 430
322 255
192 374
412 148
486 97
315 215
31 456
342 318
493 487
240 41
245 385
294 277
5 174
310 221
48 221
447 492
345 215
372 318
308 333
425 329
134 153
358 46
437 339
449 164
300 41
338 333
38 41
240 175
129 344
335 412
388 46
429 47
481 237
291 113
103 62
235 181
64 299
97 247
499 227
215 468
349 468
27 417
173 242
29 463
400 406
73 11
152 304
224 180
94 299
75 57
302 248
420 469
57 417
304 294
68 17
207 361
11 422
66 129
186 423
468 109
156 22
142 124
235 315
408 243
499 361
210 258
135 84
286 253
477 198
114 146
191 366
77 264
89 89
154 484
363 69
230 479
266 136
343 356
54 253
207 495
155 305
246 423
375 79
53 28
278 146
283 490
396 367
487 485
299 434
373 383
51 332
49 259
486 260
255 135
375 429
125 254
259 254
345 28
9 79
60 44
426 367
269 383
324 90
2 39
389 485
477 332
400 85
42 377
14 49
454 321
384 491
21 439
453 96
169 337
150 95
241 213
394 455
20 214
359 434
331 106
69 106
430 85
352 394
145 101
120 44
273 286
364 404
64 112
196 39
233 106
272 34
340 168
441 220
152 117
231 410
377 235
94 112
439 332
277 4
15 4
20 348
209 220
321 461
310 302
318 163
10 10
334 107
413 400
215 415
13 466
25 291
484 51
214 190
217 461
43 308
98 15
362 61
4 353
40 10
422 112
105 405
436 10
480 282
344 421
77 77
75 4
228 246
341 123
415 72
131 313
431 16
110 375
70 10
108 302
493 113
295 128
52 370
107 77
101 262
257 21
348 139
64 380
91 483
158 15
311 257
350 185
66 426
181 376
275 11
5 150
440 78
478 370
142 421
276 421
403 196
40 144
100 195
193 386
61 432
94 380
229 16
341 257
170 375
147 391
95 201
246 370
282 27
452 438
493 247
223 386
262 314
487 432
239 330
32 37
68 448
486 207
183 206
312 27
424 268
102 217
426 314
178 212
250 88
329 381
442 258
153 155
157 274
231 223
248 392
229 150
308 443
344 100
19 340
368 494
46 443
421 320
454 268
132 217
497 315
134 263
222 110
20 161
474 331
185 228
245 279
224 156
262 448
36 105
321 274
374 100
71 99
337 218
87 43
221 43
226 387
465 403
13 279
467 449
140 54
219 347
392 275
122 414
103 172
180 392
6 239
345 459
18 64
270 285
292 44
495 403
443 213
173 352
304 54
474 465
111 413
246 49
108 115
90 475
15 301
101 75
108 465
163 172
316 414
481 481
217 408
103 306
478 183
82 183
194 424
142 234
216 183
480 229
232 127
311 420
405 55
443 347
214 487
341 70
382 71
19 19
211 189
230 239
422 409
471 301
176 353
264 200
336 76
52 317
33 75
38 419
186 317
101 209
491 364
109 70
353 430
53 138
86 86
130 358
218 205
162 81
468 353
294 200
5 97
142 368
178 25
257 318
408 487
477 92
141 143
172 210
158 312
419 87
61 379
135 328
405 189
195 379
457 379
19 153
330 15
151 272
271 374
357 148
384 251
100 492
347 369
39 216
75 435
377 211
363 313
247 138
431 447
49 153
491 498
169 447
315 272
428 149
129 267
294 334
123 452
219 160
255 379
296 380
370 329
7 277
425 36
67 328
444 278
97 170
157 221
159 267
305 92
35 231
134 210
328 453
455 36
243 345
358 103
0 395
437 396
490 222
411 114
53 406
166 283
50 108
485 36
215 175
333 396
388 103
85 294
23 355
50 458
83 406
482 115
27 474
435 299
195 58
286 176
324 468
365 469
473 2
115 294
18 361
174 120
224 237
399 238
36 186
77 187
52 130
38 232
401 284
203 299
301 53
427 192
110 485
108 412
177 17
182 361
242 412
107 187
332 305
423 423
307 248
329 7
67 7
232 74
297 469
457 192
360 259
313 413
175 479
18 495
324 13
343 63
362 305
389 408
58 79
452 198
490 490
262 74
267 418
54 310
128 259
202 208
472 69
466 254
355 423
47 270
28 28
391 80
410 322
465 29
294 147
299 491
408 434
7 90
86 383
122 40
180 18
350 429
327 445
308 203
233 29
250 198
324 147
114 337
463 491
134 23
56 332
474 91
116 383
243 158
262 208
281 450
55 107
490 35
453 153
117 204
155 496
106 45
185 338
430 142
217 34
370 276
50 271
196 96
289 287
178 456
159 214
233 163
351 384
115 107
243 292
251 153
344 344
266 461
379 338
453 287
282 405
15 61
20 405
207 231
205 158
36 349
96 400
108 225
295 51
85 241
434 395
145 292
184 220
258 169
277 411
310 359
411 411
482 62
124 354
457 5
84 174
175 292
249 241
362 118
78 359
477 68
416 354
490 303
190 11
319 421
225 5
431 73
54 123
59 467
133 416
205 292
260 191
293 139
394 191
397 462
466 67
130 118
278 16
470 186
198 252
258 303
450 473
49 129
161 370
257 78
296 6
64 437
408 247
232 21
61 139
214 381
162 191
156 376
285 32
329 304
40 201
114 150
193 443
389 355
463 304
361 27
135 438
176 247
281 263
19 263
431 207
439 68
361 377
347 479
239 387
335 95
310 38
53 382
451 428
179 494
388 79
118 218
421 27
462 28
250 145
255 489
172 454
6 162
39 110
441 90
20 218
455 146
430 89
242 38
352 398
486 398
414 495
87 100
312 218
64 116
50 218
102 408
297 95
140 111
217 331
365 229
81 470
29 280
392 332
464 208
194 347
254 398
419 465
97 414
196 393
173 409
233 460
84 337
304 111
309 455
469 178
147 127
185 419
284 398
399 348
58 55
397 275
182 121
187 465
302 415
30 481
85 188
203 409
277 358
450 286
353 353
408 60
350 55
200 296
179 173
327 71
43 312
65 71
115 188
276 291
193 256
457 302
443 404
286 420
420 420
456 77
454 4
436 364
73 312
54 70
100 415
133 363
147 261
169 20
422 466
380 240
72 87
397 409
171 66
300 476
47 30
126 323
107 81
112 425
165 251
198 199
486 77
472 179
301 297
375 246
177 261
125 71
364 87
350 189
468 410
327 205
5 154
65 205
118 31
482 493
494 318
232 318
254 77
378 143
231 93
229 20
330 72
454 138
192 138
233 139
266 87
436 498
155 256
475 426
282 31
378 493
452 442
433 200
116 493
185 98
410 216
358 26
113 195
51 283
202 452
236 36
53 329
414 308
240 155
317 375
391 324
28 272
465 273
201 200
280 493
388 26
393 370
252 165
310 335
351 144
180 262
6 109
372 432
132 221
173 222
443 83
305 149
384 442
117 98
249 217
20 165
185 232
262 452
358 160
397 88
476 381
261 227
335 176
16 396
186 53
315 463
414 442
221 47
279 217
50 165
118 299
467 453
423 346
142 104
367 222
94 63
121 166
24 233
18 418
152 418
133 176
224 294
339 244
399 295
77 244
89 69
75 171
209 171
30 428
322 48
401 341
299 64
304 408
469 475
68 131
427 249
413 351
295 295
429 295
332 362
43 259
142 238
269 13
463 64
499 475
172 80
158 182
443 351
484 352
234 177
46 126
211 193
285 142
271 244
362 362
398 19
422 413
477 312
475 239
265 429
438 357
149 254
190 255
493 64
314 321
336 80
322 182
417 419
202 265
72 384
70 311
125 18
396 481
28 85
429 429
451 188
179 254
32 204
385 322
426 131
109 424
238 80
274 491
255 249
296 250
444 148
141 147
345 142
56 39
61 383
231 40
330 19
435 35
426 481
459 429
137 378
250 255
458 204
475 373
134 80
249 30
309 81
111 96
190 389
138 199
303 266
363 317
41 266
74 214
90 158
439 312
315 276
433 497
331 220
317 322
430 199
201 147
242 148
280 440
316 97
85 164
217 91
344 51
297 205
25 271
99 220
462 272
200 272
2 287
425 390
497 266
309 215
39 354
326 384
496 41
212 282
113 276
90 292
38 102
117 395
492 272
428 287
54 46
31 62
110 355
91 113
283 283
393 451
434 452
140 5
406 124
48 416
235 242
427 412
105 169
485 390
462 406
484 165
272 282
2 421
360 129
365 473
84 231
249 298
290 299
271 57
1 196
362 175
4 467
193 366
378 119
452 68
490 360
149 67
267 288
225 62
299 11
395 473
376 231
431 130
471 468
487 412
146 119
332 309
49 186
235 376
370 12
461 130
494 78
232 78
306 27
102 197
290 433
18 499
141 310
452 202
454 248
170 489
35 264
144 207
488 17
226 17
336 377
391 84
74 377
335 152
321 254
385 269
371 371
150 372
26 336
375 490
447 366
345 89
372 192
327 449
275 259
5 398
403 444
40 392
76 49
67 495
180 372
309 28
78 95
490 39
398 450
35 398
379 208
169 398
134 377
208 326
304 34
37 444
70 392
69 167
146 387
164 404
236 280
217 38
263 383
392 39
34 331
120 105
235 55
221 157
64 173
270 49
27 291
44 460
365 286
2 234
268 353
193 179
325 106
399 55
94 173
443 327
319 291
305 393
244 117
230 219
304 168
395 286
155 45
205 162
246 163
320 112
91 60
302 472
85 245
33 55
126 246
337 466
348 66
237 235
66 353
179 230
478 297
189 194
288 173
18 312
193 313
292 292
443 461
168 256
420 477
473 303
285 252
362 472
21 179
54 127
100 472
174 421
225 359
373 257
390 426
54 477
274 251
34 10
369 488
350 246
28 195
354 365
440 139
478 431
403 257
475 133
326 10
498 494
231 150
308 370
46 370
151 386
206 93
398 263
190 499
264 448
298 32
317 82
432 32
321 201
51 340
90 268
150 319
236 93
315 386
125 262
199 211
240 212
331 330
391 381
50 88
124 37
485 16
289 104
275 206
354 499
25 31
462 32
328 217
345 386
367 145
346 207
57 104
323 223
309 325
395 99
469 48
496 151
138 443
224 217
399 218
471 94
335 233
283 43
434 212
186 110
263 330
15 228
428 397
101 2
240 346
188 156
353 223
50 222
143 413
481 408
122 475
142 161
180 453
6 300
4 227
389 38
157 469
105 279
193 126
441 228
191 53
366 54
8 346
121 223
286 290
24 290
459 218
304 115
73 182
320 59
394 8
380 110
399 352
75 228
302 419
300 346
203 413
184 171
373 70
106 480
188 290
205 459
353 357
466 234
28 8
484 59
313 177
354 178
406 368
426 54
63 2
235 486
238 3
255 172
348 363
81 19
234 234
382 132
459 352
463 471
496 419
260 142
190 312
322 239
363 240
396 188
410 86
225 306
321 14
352 81
128 373
202 322
150 132
301 301
240 25
28 142
129 194
481 87
269 204
296 307
81 153
447 476
158 373
180 132
424 492
56 96
61 440
97 97
405 250
479 199
368 368
76 159
475 430
378 497
74 271
454 492
127 97
266 441
335 46
434 25
164 164
15 41
376 20
413 87
418 431
215 102
294 395
242 205
321 498
27 51
13 153
7 338
34 441
345 333
45 41
124 334
210 108
121 36
159 328
360 52
4 390
212 339
284 215
154 334
302 232
16 400
57 401
453 401
203 226
15 175
87 51
128 52
240 293
331 411
432 463
332 232
406 181
161 350
485 447
210 242
270 293
297 396
402 412
457 119
135 68
484 222
195 119
200 463
2 478
76 427
368 47
420 237
115 355
189 304
285 12
320 6
452 125
300 293
165 68
225 119
188 237
205 406
241 63
320 356
375 63
53 12
182 422
369 248
317 58
129 7
468 227
198 366
32 74
65 22
371 294
161 484
329 68
7 17
482 310
494 135
484 356
248 79
308 130
313 474
65 372
151 146
290 490
324 74
378 310
247 12
343 474
394 439
414 125
488 74
218 213
317 192
410 383
69 90
280 310
71 136
296 254
12 495
86 444
34 254
139 270
97 44
88 490
162 439
5 455
213 377
39 224
42 495
154 147
70 449
106 106
331 224
284 378
17 34
32 342
448 220
71 270
236 337
310 286
258 96
296 388
318 147
411 338
124 281
289 348
388 327
443 34
140 225
173 173
84 101
381 287
78 286
152 235
100 45
325 163
399 112
206 471
154 281
133 343
188 50
471 338
108 286
130 45
300 456
38 456
107 61
184 281
373 180
423 297
371 107
376 451
82 4
109 107
61 66
195 66
387 236
115 302
63 112
290 303
276 405
1 200
307 472
463 231
339 195
383 467
452 72
267 292
401 292
98 483
72 201
359 231
144 77
209 472
396 298
148 196
198 313
101 380
412 242
445 190
197 88
466 478
28 252
498 201
201 180
354 422
151 93
156 437
178 196
238 247
389 416
81 263
463 365
405 360
479 309
116 257
308 427
19 324
368 478
79 375
206 150
357 319
398 320
379 78
384 422
208 196
359 365
414 72
111 263
226 21
336 381
317 139
14 330
322 483
69 37
396 432
51 397
412 376
90 325
467 83
150 376
337 202
375 494
488 371
273 217
372 196
446 145
5 402
297 22
481 331
250 206
403 448
43 105
442 376
254 325
23 392
400 150
421 438
490 43
497 433
359 499
147 54
96 274
209 151
242 99
247 443
352 459
30 408
318 94
161 110
188 213
499 105
485 207
177 54
402 172
44 464
351 392
392 393
115 115
189 64
288 43
18 182
97 475
45 285
105 336
191 110
265 59
3 59
341 54
420 347
456 4
131 244
249 465
73 239
147 188
260 65
298 357
394 65
75 285
283 234
401 455
239 127
337 470
390 296
101 193
109 54
447 49
177 188
429 409
102 14
140 306
10 425
477 76
114 24
463 178
366 245
484 466
357 132
40 425
458 184
95 132
475 353
320 250
359 178
487 363
247 122
373 261
338 240
412 189
431 431
164 87
301 358
199 81
226 184
259 132
467 246
197 385
252 92
158 430
273 380
498 498
42 255
97 154
308 374
368 425
41 30
271 492
35 215
379 25
458 318
213 487
282 92
323 93
39 334
298 36
336 328
36 36
453 324
203 149
356 391
342 493
48 46
139 164
450 26
353 93
28 333
413 144
32 452
44 277
467 380
178 277
217 205
291 154
370 447
29 154
103 103
120 272
6 170
419 339
367 149
372 493
45 98
62 452
230 36
111 344
422 206
14 411
471 98
209 98
401 268
434 216
184 41
15 232
205 329
279 278
427 176
464 216
221 458
255 42
210 299
158 109
270 350
306 7
383 227
214 418
346 345
137 171
175 463
244 68
384 48
325 407
452 182
94 474
209 232
336 7
79 351
51 23
412 2
205 463
320 413
466 238
182 479
130 289
256 428
429 356
465 13
32 131
385 249
426 58
329 125
86 367
259 295
292 243
419 18
157 18
195 310
253 480
234 238
327 429
151 203
324 131
477 373
306 491
361 198
347 300
39 147
116 367
281 434
341 485
412 136
466 372
493 475
28 146
242 75
32 265
393 244
123 383
217 18
26 450
172 275
273 327
61 444
234 372
440 440
159 198
346 24
153 383
134 141
227 332
287 383
309 142
326 311
138 260
251 137
14 224
377 276
399 35
490 153
187 152
228 153
38 29
342 440
418 435
407 276
393 378
85 225
71 327
370 394
235 169
273 461
334 148
9 388
45 45
97 235
215 456
25 332
272 209
2 348
425 451
29 451
62 399
115 225
18 292
400 394
78 343
303 461
325 220
397 96
209 45
302 236
415 113
112 112
455 451
128 56
298 467
320 226
432 467
397 446
295 169
47 67
450 457
480 107
259 108
25 466
121 174
200 467
115 359
189 308
285 16
193 427
475 113
227 11
213 113
154 472
363 57
79 298
357 242
315 16
394 309
466 185
245 186
391 11
126 494
373 371
274 365
364 258
498 258
9 67
484 360
162 309
327 376
275 186
252 202
269 371
477 320
475 247
328 197
39 94
474 22
479 366
231 264
267 483
417 427
21 427
458 428
131 33
356 151
72 392
111 320
317 196
14 387
470 438
74 438
294 212
481 38
109 432
145 89
310 156
411 208
139 274
161 33
259 376
372 253
27 218
13 320
25 145
159 145
238 438
425 264
194 331
268 280
309 89
6 280
56 397
4 207
303 274
325 33
154 151
192 443
228 100
453 218
134 438
203 43
230 146
323 337
469 162
92 212
36 280
449 449
182 105
283 157
11 223
355 33
434 326
184 151
221 218
353 337
64 234
485 264
215 403
163 213
388 331
360 3
387 106
115 172
288 100
251 218
325 167
366 168
383 337
438 44
346 455
415 60
420 404
131 301
343 157
422 450
54 54
133 347
496 399
224 465
239 184
486 61
161 301
293 420
334 229
253 240
43 430
387 240
65 189
464 460
142 409
211 14
255 286
482 477
480 404
328 10
366 302
378 127
94 368
195 420
229 4
458 241
155 240
246 358
20 15
149 425
185 82
209 476
493 235
14 200
239 318
274 312
144 431
273 87
88 307
201 184
289 31
354 426
385 493
156 441
178 200
370 370
29 77
194 144
9 364
308 431
382 380
456 329
285 447
453 31
117 82
309 252
342 200
92 25
284 195
437 437
96 144
160 159
239 452
407 36
90 329
277 155
263 257
315 447
375 498
483 31
92 375
413 201
143 340
275 267
393 488
25 92
140 42
444 453
404 88
120 329
464 139
307 155
367 206
97 345
480 83
270 273
60 463
99 391
159 442
360 166
57 165
131 114
134 385
230 93
340 453
111 401
496 212
133 160
284 329
339 228
380 37
209 155
38 273
184 98
225 99
205 386
279 335
177 58
316 402
355 330
327 2
423 464
120 463
276 222
329 48
367 340
463 48
499 459
457 233
94 181
484 336
456 8
79 58
473 177
357 2
362 346
436 295
59 345
155 53
265 413
246 171
361 121
359 48
452 239
493 48
491 352
26 23
86 74
259 2
391 121
429 413
465 70
181 311
470 414
468 341
406 429
63 63
467 116
178 13
238 64
403 131
389 233
141 131
494 249
210 490
61 367
498 368
327 486
473 311
159 121
100 480
309 65
127 24
337 19
433 481
331 204
28 203
413 14
451 306
146 424
220 373
316 81
32 322
467 250
178 147
351 75
48 266
172 332
120 142
125 486
180 193
345 260
289 328
270 86
46 378
440 497
420 30
62 322
136 271
208 147
323 97
361 389
37 265
455 24
298 40
14 281
55 282
36 40
358 91
449 209
490 210
206 451
302 159
300 86
305 430
379 379
434 86
453 328
337 153
20 446
455 374
188 30
331 338
418 492
256 164
481 282
467 384
318 261
120 276
221 328
386 395
9 445
50 446
446 446
499 272
8 220
272 266
76 354
459 92
497 384
276 385
265 226
251 328
55 416
94 344
154 395
30 359
186 118
203 287
106 354
353 231
31 180
209 452
242 400
295 226
47 124
489 277
186 468
167 226
280 103
10 242
392 344
423 411
101 360
156 67
12 288
389 46
115 416
216 468
18 483
100 293
325 411
94 478
460 47
0 62
266 181
343 401
439 109
53 73
493 345
218 140
278 191
354 186
371 355
393 114
123 253
486 305
296 181
370 130
81 27
447 350
158 247
364 315
424 366
269 428
62 135
361 202
39 151
116 371
152 28
231 321
212 79
14 94
0 196
55 95
456 439
266 315
30 38
164 38
356 208
240 33
331 151
391 202
470 495
160 269
294 269
32 269
407 146
150 490
423 90
483 141
273 331
180 140
386 208
485 187
435 100
44 444
233 151
238 495
250 320
291 321
346 28
442 490
227 336
400 264
231 455
243 280
224 38
265 39
490 157
168 106
302 106
166 218
279 95
394 45
17 95
91 44
236 398
483 275
87 275
274 101
45 49
237 219
388 388
362 106
422 157
114 4
339 122
55 363
94 291
438 101
443 445
360 410
19 117
68 9
73 353
147 302
455 455
205 280
314 415
373 241
10 189
161 358
293 477
12 235
273 10
364 128
327 246
404 466
151 20
329 292
119 482
475 117
158 410
191 358
227 15
366 359
3 307
347 117
94 425
116 184
195 477
264 82
19 251
285 370
271 472
73 487
147 436
458 298
342 123
347 467
359 292
452 483
317 66
391 15
0 359
432 16
160 82
68 493
467 10
236 77
375 421
86 318
177 436
226 298
259 246
391 365
9 71
124 21
253 431
13 190
151 154
104 308
62 82
136 31
497 10
180 303
479 370
458 432
57 88
497 360
361 499
309 309
342 257
474 376
171 375
245 324
262 493
184 21
337 263
48 160
427 156
124 155
201 375
237 32
440 391
467 494
291 268
392 320
425 268
404 145
328 335
381 161
367 263
419 453
389 22
119 161
490 104
99 448
305 324
492 150
230 150
343 27
422 320
455 268
496 269
380 94
110 233
449 453
127 402
314 228
374 279
198 53
277 346
337 397
15 346
472 33
334 99
64 238
408 48
427 290
499 166
402 233
258 454
291 402
290 177
276 279
265 120
366 172
3 120
383 341
168 187
195 290
346 459
459 336
271 285
431 8
436 352
339 419
36 418
77 419
397 397
89 244
75 346
374 413
126 311
112 413
186 362
427 424
375 234
218 250
5 142
354 296
65 193
183 414
269 188
67 239
232 306
157 132
308 301
60 199
233 127
271 419
477 487
95 193
260 260
208 70
378 481
377 256
52 496
239 322
187 132
335 30
338 301
169 492
150 250
296 75
342 420
125 193
160 379
275 137
197 446
291 81
81 271
367 76
4 24
372 420
157 266
234 486
60 333
99 261
443 71
62 379
153 497
282 153
20 153
395 30
474 323
111 271
496 82
41 441
453 385
38 143
117 436
150 384
164 282
414 430
92 379
205 256
64 51
182 272
215 220
316 272
297 30
481 339
318 318
392 267
29 215
404 92
464 143
268 231
221 385
367 210
99 395
84 272
459 149
189 288
339 232
36 231
113 451
223 57
283 108
401 329
186 175
487 103
492 447
203 344
54 221
202 119
293 237
353 288
301 98
427 237
33 283
489 334
181 181
65 6
404 226
82 175
45 293
22 309
457 237
498 238
484 340
214 479
195 237
281 11
272 457
24 355
368 165
285 130
271 232
477 300
174 299
265 417
213 227
366 469
264 192
52 309
93 310
79 412
244 479
338 114
68 253
150 63
260 423
320 474
342 233
17 473
72 372
130 350
218 197
331 74
107 366
143 23
160 192
146 294
5 89
445 361
109 412
219 18
269 135
370 187
12 479
461 305
259 356
23 79
308 248
5 439
275 300
382 197
46 248
63 417
99 74
151 264
159 125
233 74
136 141
497 120
134 68
56 377
185 33
281 495
165 320
338 248
30 95
453 198
95 490
106 90
144 382
185 383
240 90
331 208
430 187
256 34
280 428
32 326
123 444
489 13
194 95
180 197
221 198
23 213
289 332
420 34
340 270
59 28
138 321
224 95
438 24
113 264
401 142
131 281
492 260
203 157
491 35
256 168
333 388
186 338
332 163
142 39
274 158
307 106
124 399
8 224
443 152
346 219
24 168
103 461
40 112
152 353
339 179
416 399
89 4
116 107
281 174
341 225
52 122
230 394
70 112
218 10
283 405
410 180
107 179
181 128
220 56
294 5
123 123
334 343
26 190
447 220
172 15
313 405
82 472
115 420
252 129
21 4
100 297
39 21
326 51
190 190
377 16
368 462
206 134
192 236
343 405
315 77
394 370
53 77
493 349
130 297
410 314
47 262
470 365
198 431
146 241
338 411
393 118
150 360
236 134
274 426
48 83
312 129
23 26
9 128
88 421
485 57
297 6
200 73
398 88
403 432
425 191
62 139
175 16
39 155
405 478
231 325
303 201
454 370
228 27
357 437
134 365
282 263
263 21
304 22
342 314
474 433
284 309
96 258
352 443
374 202
481 99
258 27
263 371
337 320
48 217
166 438
64 161
499 89
275 381
13 381
365 274
387 33
442 494
115 99
464 253
180 494
268 341
307 269
340 217
367 320
152 166
55 233
3 43
94 161
272 433
401 89
117 330
304 156
147 172
207 223
394 49
110 290
91 48
261 459
283 218
434 387
33 43
376 382
312 397
427 347
482 54
429 393
167 393
5 65
265 177
22 419
77 126
56 3
479 106
116 54
121 398
190 3
281 121
360 414
19 121
230 341
271 342
73 357
21 167
54 115
95 116
130 110
171 111
185 9
410 127
47 75
468 105
101 311
49 121
188 465
447 167
163 408
218 307
215 9
13 60
445 471
63 177
104 178
151 24
40 193
141 245
345 240
42 239
157 189
195 481
231 138
248 307
60 256
151 374
132 132
324 302
379 9
95 250
287 420
20 76
190 487
322 414
487 481
239 379
333 14
412 307
486 256
150 307
34 132
461 199
414 353
199 199
364 266
413 128
215 143
393 415
426 363
34 482
120 256
268 154
6 154
381 31
419 323
330 251
55 46
435 267
416 25
497 364
474 380
460 482
303 498
358 205
314 98
71 148
184 25
15 216
423 41
92 436
161 41
331 452
145 447
489 257
179 31
217 323
478 98
216 98
290 47
6 288
367 267
482 217
270 334
443 262
195 160
57 226
459 206
362 273
152 463
133 221
251 442
471 216
302 407
376 329
68 176
450 278
301 155
295 340
280 217
101 474
82 232
408 402
40 6
67 109
158 227
61 294
443 396
121 345
346 463
84 463
189 479
137 289
40 356
21 114
95 63
169 12
475 284
496 407
75 350
460 161
493 109
171 58
341 469
415 418
38 468
165 243
299 243
338 171
155 464
301 289
414 166
199 12
470 475
129 182
468 402
32 249
371 469
44 74
329 243
81 141
194 18
180 120
83 187
382 254
8 13
435 80
151 321
206 28
238 475
398 198
21 248
114 439
134 125
39 265
474 193
460 295
138 244
262 310
338 305
35 496
431 496
277 29
263 131
428 198
139 95
69 265
413 75
129 316
146 485
321 486
27 39
333 311
481 209
71 311
236 378
406 35
235 153
124 322
275 491
383 24
173 214
365 384
351 486
84 142
249 209
78 327
251 255
476 373
302 220
319 389
379 440
90 337
31 107
283 328
295 153
393 496
280 30
318 322
122 410
480 91
22 179
66 451
313 328
98 174
464 497
271 102
340 461
73 117
475 97
265 287
246 45
347 97
77 236
457 457
89 61
94 405
341 282
225 107
230 451
299 56
343 328
202 123
188 225
241 51
223 411
204 169
396 339
429 287
470 288
468 215
294 62
280 164
445 231
49 231
274 349
255 107
296 108
370 57
408 349
86 298
273 124
364 242
446 52
253 411
327 360
368 169
398 11
384 113
463 406
62 62
232 473
479 350
264 196
266 242
21 411
428 11
144 252
218 201
410 371
69 78
143 27
129 129
418 232
239 489
321 299
385 314
236 191
444 140
122 89
139 258
199 309
386 135
498 376
9 185
97 32
446 186
248 201
327 494
275 304
426 473
151 268
137 370
7 489
351 299
497 124
180 417
190 381
243 207
325 17
363 309
495 428
476 186
113 134
206 325
228 84
95 494
474 490
92 196
298 264
432 264
113 484
258 84
263 428
139 392
87 202
312 320
50 320
124 269
105 27
163 197
237 146
289 336
311 95
316 439
173 161
249 156
326 376
381 275
100 33
251 202
443 372
176 28
281 44
346 439
282 454
230 264
73 280
493 85
33 100
299 219
312 454
499 280
447 90
311 229
429 450
179 275
103 465
404 393
115 290
189 239
142 393
441 460
45 460
378 111
452 60
154 403
195 404
79 229
492 398
343 275
147 363
342 50
223 358
209 460
186 476
198 301
51 251
128 471
197 76
12 296
466 466
199 122
237 414
465 241
88 291
216 476
252 133
442 230
475 178
158 471
292 471
328 128
56 194
4 4
157 246
234 466
19 312
330 174
132 189
285 431
57 15
37 302
396 420
74 369
418 179
165 487
335 144
333 71
338 415
407 20
448 21
71 71
241 482
263 241
370 138
483 15
218 498
23 30
124 82
349 200
27 149
140 26
269 436
29 195
120 313
175 20
6 211
419 380
56 328
479 431
138 138
435 324
159 426
324 493
131 98
230 77
37 436
147 42
284 313
247 431
335 278
16 498
126 104
258 31
101 47
161 98
166 442
226 493
499 93
237 93
311 42
462 211
200 211
189 52
180 498
254 447
381 222
105 324
94 165
443 319
459 263
21 37
174 279
246 155
394 53
399 397
493 32
450 335
87 283
128 284
406 413
404 340
82 289
482 408
119 356
306 182
383 402
135 300
116 58
190 7
479 110
473 295
357 120
343 222
21 171
155 171
475 341
70 63
149 356
460 218
262 233
415 475
437 234
412 177
202 367
315 244
278 362
369 480
28 187
102 136
107 480
143 137
181 429
465 188
201 115
275 64
280 408
294 306
349 13
257 424
238 182
351 59
494 367
158 418
345 244
56 141
473 429
211 429
475 475
282 80
347 475
359 300
455 8
496 9
363 419
432 24
418 126
338 362
90 260
144 496
185 497
218 445
188 14
226 306
143 271
160 440
485 8
215 147
289 96
27 96
489 127
370 435
43 40
122 333
103 91
409 363
180 311
345 378
367 137
97 276
124 379
105 137
22 102
383 81
57 96
422 194
59 142
138 435
251 312
203 271
390 97
240 338
31 164
278 41
402 107
355 261
429 210
219 400
478 102
64 462
237 390
292 97
366 46
402 457
135 113
286 282
46 41
84 333
175 451
290 401
496 277
94 462
176 272
93 237
487 164
239 62
68 180
353 349
301 159
394 350
204 226
396 396
198 411
299 463
406 360
101 478
255 164
364 299
398 68
463 463
77 427
378 355
433 62
79 473
165 247
266 299
21 468
414 170
218 258
245 361
432 187
74 479
280 355
333 181
145 130
183 422
447 468
483 125
364 433
446 243
289 259
270 17
330 68
27 259
63 478
159 186
233 135
81 495
475 422
153 371
249 79
287 371
378 489
400 248
78 197
152 146
41 315
490 141
113 191
187 140
266 433
352 207
356 326
428 202
17 79
143 218
187 490
489 74
318 192
122 280
483 259
235 157
386 326
50 377
360 44
365 388
98 44
115 213
249 213
276 316
326 433
367 434
78 331
344 450
397 84
443 429
453 393
492 321
106 285
147 286
188 95
36 455
204 39
11 398
280 34
82 49
87 393
386 460
485 439
237 337
234 39
327 230
43 471
65 230
473 55
426 209
276 450
1 245
362 224
40 173
119 466
415 235
93 184
165 60
239 9
343 332
21 281
491 230
320 348
58 348
295 291
369 240
371 286
183 235
236 61
269 9
370 61
7 9
172 76
424 297
88 348
151 138
104 292
252 190
62 66
287 184
328 185
378 302
405 405
93 318
46 472
384 467
117 123
155 415
336 426
437 478
74 426
96 185
108 10
321 303
333 128
11 77
90 370
472 472
481 26
236 195
26 385
53 488
125 364
226 416
23 87
9 189
28 431
102 380
196 15
402 83
426 477
25 133
99 82
173 31
159 133
217 303
365 201
120 370
175 77
254 370
268 268
419 437
441 196
212 144
243 211
55 160
435 381
490 88
94 88
127 36
476 190
319 206
76 448
282 324
469 150
185 391
171 493
212 494
36 268
242 144
335 335
300 314
184 139
15 330
423 155
483 206
408 32
50 324
485 252
286 42
313 145
216 212
362 37
441 330
78 278
105 381
196 499
292 207
366 156
457 274
42 32
131 289
343 145
59 386
496 387
155 94
339 403
471 330
300 448
336 105
38 448
225 274
390 341
202 290
188 392
12 166
204 336
259 43
140 351
179 279
253 228
63 104
257 347
40 120
463 223
306 239
254 49
366 290
405 218
281 182
459 454
271 403
458 229
347 398
378 465
452 414
89 362
262 290
449 116
165 357
239 306
261 65
247 167
299 357
373 306
431 476
412 234
128 475
202 424
12 300
372 54
9 2
129 296
215 70
201 172
32 363
426 290
123 481
257 481
67 357
180 234
9 352
97 199
308 419
344 76
382 368
456 317
473 486
250 414
453 19
95 311
134 239
222 86
323 138
400 358
437 425
333 75
71 75
164 266
315 435
428 312
414 414
226 363
28 378
215 204
66 81
178 322
200 81
236 492
310 441
365 148
318 302
406 149
276 76
307 143
23 384
9 486
441 143
210 210
292 20
8 261
443 189
195 87
360 154
57 153
492 81
249 323
400 492
469 97
212 441
416 436
397 194
89 41
75 143
449 384
209 143
11 158
186 159
487 87
203 328
184 86
277 277
450 205
128 154
17 323
237 97
369 216
80 113
179 92
258 385
318 436
276 210
408 329
158 154
366 103
443 323
234 149
272 441
420 339
115 457
147 180
458 42
223 175
300 395
401 447
203 462
338 98
320 458
369 350
104 52
183 345
141 119
232 237
306 186
345 114
97 12
479 114
162 407
248 181
286 473
271 350
40 417
136 125
89 309
75 411
116 412
190 361
176 463
437 238
148 135
113 114
187 63
206 305
51 202
128 422
263 58
31 489
433 469
125 124
226 176
215 17
275 68
104 186
197 377
310 254
425 12
29 12
483 182
194 79
180 181
254 130
328 79
345 248
9 299
102 490
446 300
344 23
60 264
13 418
435 141
25 243
443 2
233 192
272 120
62 310
340 254
400 305
152 203
303 372
377 321
55 270
399 80
437 372
490 198
30 213
401 126
117 367
208 485
263 192
15 90
450 18
166 259
331 326
418 480
17 136
96 429
481 270
429 80
489 131
296 490
464 74
64 332
435 275
61 34
214 276
425 496
98 101
189 219
175 321
441 440
73 44
422 198
193 338
224 213
347 24
77 163
127 280
176 142
209 90
267 260
30 347
68 50
491 153
128 101
256 286
11 455
470 215
107 163
167 214
373 282
197 56
64 466
177 343
121 219
286 286
327 287
151 61
175 455
362 281
477 231
100 281
174 230
260 4
251 450
287 107
438 276
42 276
116 225
460 35
456 293
304 461
155 338
394 354
130 281
239 416
280 225
123 241
7 66
177 477
424 354
498 303
162 354
234 230
275 231
324 123
172 483
306 483
361 190
138 118
176 410
382 478
454 354
319 129
21 472
439 231
169 370
155 472
359 467
92 123
74 483
352 427
412 478
11 134
123 375
197 324
145 134
219 83
337 304
447 472
488 473
273 319
289 263
217 360
250 308
2 206
81 499
346 16
115 83
189 32
6 325
56 442
97 443
422 11
441 253
191 78
265 27
399 27
206 386
453 263
222 330
376 16
417 17
207 207
245 499
284 427
418 427
449 494
471 253
187 494
112 320
392 145
423 212
101 161
274 89
334 140
408 89
45 37
499 207
256 449
275 499
289 397
297 258
13 499
402 274
383 32
189 166
268 459
362 94
339 110
443 433
281 105
341 156
57 397
401 207
454 33
59 443
128 48
169 49
11 402
448 403
33 161
51 178
101 295
49 105
123 54
128 398
257 54
334 274
64 413
427 465
461 49
137 110
389 331
494 347
480 449
158 398
227 3
378 172
94 413
42 223
479 224
264 70
132 116
211 409
285 358
305 44
35 183
73 475
384 337
431 183
356 9
361 353
433 229
223 419
432 4
74 296
449 173
51 312
412 291
274 357
310 14
411 66
48 14
447 285
199 183
50 60
83 8
179 470
253 419
32 420
440 245
467 348
197 487
178 245
238 296
370 415
81 312
67 414
232 481
180 291
39 86
326 116
419 307
4 65
42 357
243 81
229 183
421 353
206 199
305 178
111 312
133 71
171 363
224 189
113 358
239 497
209 66
412 425
11 81
90 374
448 82
145 81
48 148
423 25
28 435
69 436
430 415
481 380
140 87
219 380
217 307
142 133
290 31
345 492
251 76
168 41
272 364
84 313
134 430
147 103
246 82
399 324
17 30
127 390
471 200
149 149
187 441
314 216
11 215
52 216
126 165
198 41
373 42
15 334
106 452
472 21
274 36
316 447
88 31
179 149
404 267
478 216
216 216
389 144
119 283
105 385
141 42
42 36
281 52
382 104
456 53
271 273
1 412
288 442
343 149
147 237
496 391
493 93
341 453
322 211
52 350
410 58
472 155
12 170
488 99
280 335
371 453
197 300
252 7
238 109
255 278
403 176
477 125
482 469
141 176
442 104
447 448
180 104
306 243
56 68
98 479
206 12
357 181
95 181
208 58
433 176
460 279
212 177
0 294
93 485
160 17
90 187
411 13
139 79
144 423
317 351
28 248
465 249
181 490
160 367
215 74
118 141
104 243
123 485
255 412
67 361
199 480
6 85
367 64
243 28
344 80
421 300
324 367
398 316
98 24
328 486
41 429
416 306
302 204
379 424
131 322
164 270
53 439
376 126
466 19
481 327
489 188
406 153
423 322
120 321
408 199
50 491
446 491
482 148
402 384
457 91
94 39
99 383
286 209
24 209
98 158
473 35
1 225
73 101
100 204
191 322
325 322
149 96
492 435
106 399
491 210
241 35
177 50
242 445
179 96
332 338
257 164
274 333
348 282
329 40
210 348
158 158
311 400
80 467
308 102
189 410
324 46
477 288
114 236
260 61
265 405
287 164
361 113
3 405
347 215
75 281
322 158
456 350
225 225
357 344
439 154
472 102
342 221
493 390
33 405
167 405
385 298
467 108
274 467
310 124
26 365
81 72
461 293
259 344
345 118
28 411
102 360
327 478
60 134
425 232
62 180
458 180
361 247
42 467
78 124
474 124
243 191
281 483
303 242
454 411
352 134
357 478
203 11
428 129
205 57
358 299
220 365
294 314
44 139
123 432
217 67
312 304
367 11
250 365
324 314
328 433
309 191
6 382
18 207
4 309
78 258
152 207
319 320
374 27
20 438
469 264
380 192
283 259
295 84
219 274
468 12
409 371
274 146
427 388
485 366
163 315
311 213
27 454
462 382
498 39
484 141
214 280
195 38
286 156
272 258
2 397
142 377
290 275
441 444
78 392
422 202
480 372
251 320
154 387
176 146
431 106
68 54
491 157
133 449
202 54
320 275
394 224
72 173
466 100
204 100
283 393
295 218
322 321
52 460
448 460
181 116
10 234
82 110
26 178
408 280
163 449
46 49
290 409
193 476
141 286
347 162
56 178
42 280
94 470
281 296
267 398
132 173
244 414
266 173
439 101
53 65
130 285
322 455
432 61
470 353
146 229
385 245
236 122
375 466
86 363
139 189
488 343
23 14
289 133
27 133
63 352
250 178
425 179
442 348
6 195
39 143
4 122
78 71
41 189
495 359
132 307
228 15
324 477
30 30
20 251
92 127
185 318
205 4
358 246
471 123
113 415
333 189
16 482
90 431
186 139
258 15
122 154
483 133
87 133
215 318
237 77
440 436
118 385
442 482
483 483
194 380
254 431
276 190
389 67
119 206
157 498
292 134
325 82
330 426
272 421
360 268
492 195
244 93
155 21
205 138
298 329
394 37
96 380
167 31
487 201
15 391
50 385
311 160
88 88
181 279
5 53
156 222
238 32
441 391
40 47
141 99
443 437
168 232
288 499
362 448
343 206
21 155
59 447
147 294
155 155
77 464
245 48
262 217
146 42
51 182
385 58
450 453
54 453
197 7
144 346
130 448
364 120
391 223
445 459
178 115
329 284
477 182
480 453
56 125
135 418
405 279
363 53
60 244
266 120
384 341
458 290
169 187
185 131
264 424
245 182
363 403
418 110
160 74
321 177
236 69
342 465
488 290
312 64
427 14
275 182
5 321
481 250
252 198
269 367
217 177
310 368
444 368
392 178
268 142
441 70
243 85
22 86
8 188
443 116
2 373
134 300
474 368
73 24
185 265
133 75
207 24
455 126
55 384
96 193
379 481
38 188
126 35
455 476
161 29
413 250
429 194
167 194
313 19
43 158
404 137
82 86
221 430
6 276
124 497
366 30
168 45
159 491
473 92
497 486
244 40
276 487
496 261
191 379
347 138
77 277
149 153
492 492
244 390
101 112
315 41
31 282
17 384
218 108
256 400
253 102
258 446
313 153
10 344
404 271
82 220
269 46
444 47
172 113
177 457
306 113
42 40
308 159
456 57
60 57
84 451
98 349
421 36
285 175
271 277
1 416
398 52
436 344
458 103
339 411
3 462
72 67
347 272
452 288
89 236
433 46
474 47
493 97
171 46
262 164
336 113
454 334
487 282
239 180
357 401
431 350
90 57
260 468
293 416
53 175
295 462
369 411
465 119
102 67
44 62
467 165
109 457
158 349
419 124
61 416
231 73
196 52
308 293
435 68
151 309
285 309
153 355
326 283
56 422
37 180
452 422
261 73
208 412
70 478
111 479
414 288
432 305
220 422
335 372
27 27
333 299
164 490
332 74
409 294
235 141
6 89
446 361
289 377
22 33
250 422
272 181
2 320
346 130
57 27
62 371
115 197
497 299
441 367
229 484
339 90
325 192
344 434
377 382
77 90
399 141
416 310
75 17
492 305
277 151
450 79
413 197
163 22
66 89
445 85
381 100
45 151
66 439
135 44
234 23
272 315
43 455
478 383
464 485
290 332
340 449
422 259
119 450
496 208
213 85
246 33
75 151
149 100
302 342
341 270
401 321
454 147
165 44
170 388
343 316
246 383
301 90
17 331
33 275
179 100
123 168
26 235
370 45
447 265
102 230
327 348
308 106
473 173
329 394
389 445
21 49
114 240
458 50
405 389
338 106
491 348
90 4
117 107
361 467
53 122
171 343
0 461
468 337
160 184
32 184
145 61
150 405
444 128
48 128
34 230
364 364
28 415
485 102
13 292
440 359
178 359
365 185
2 133
213 353
254 354
345 472
441 180
41 246
476 174
266 364
302 21
492 118
356 257
106 82
133 185
171 477
36 252
413 10
96 303
182 77
187 421
392 72
161 139
201 477
275 426
27 324
25 251
443 10
291 370
2 267
84 77
478 196
243 329
251 190
330 483
302 155
282 442
376 77
422 422
59 370
399 438
85 278
434 432
470 89
487 258
277 448
337 499
411 448
10 104
423 273
371 83
334 201
17 494
388 437
498 43
102 43
484 145
489 489
387 212
459 88
156 279
292 325
378 99
281 166
415 166
473 336
132 43
192 94
271 387
285 285
417 212
95 161
260 228
246 330
471 448
262 274
165 341
51 239
445 166
472 269
109 217
301 387
139 59
125 161
273 59
350 279
201 156
118 121
104 223
156 413
269 290
250 48
40 238
351 100
444 291
180 218
328 116
378 233
479 285
83 285
231 183
248 352
330 162
454 228
431 244
282 121
474 291
455 49
171 290
148 306
239 424
16 352
263 229
331 363
386 70
64 19
69 363
129 414
289 137
402 14
365 132
442 352
464 111
405 470
9 470
78 75
105 178
243 142
248 486
8 245
136 430
304 14
133 132
224 250
14 440
110 148
127 317
108 75
453 487
164 384
166 430
427 205
143 446
124 204
485 183
242 425
297 132
80 97
4 260
232 87
297 482
435 446
383 256
94 153
175 492
496 318
339 334
36 333
149 210
223 159
262 87
336 36
299 154
10 51
87 271
202 221
205 492
293 339
427 339
177 164
295 385
5 57
43 349
65 108
142 328
307 395
381 344
334 498
408 447
477 52
442 31
158 272
378 46
405 149
195 339
281 113
234 267
454 41
211 283
271 334
398 109
458 160
95 108
174 401
260 175
149 344
493 154
245 52
93 412
454 391
352 114
491 458
128 406
472 216
461 57
130 452
199 57
204 401
369 468
317 278
391 227
451 278
146 396
294 294
275 52
354 345
32 294
13 52
257 412
351 47
141 237
56 129
405 283
308 350
324 294
208 119
213 463
361 361
474 238
152 187
212 238
298 12
55 254
437 356
352 248
30 197
16 299
203 125
282 418
53 366
144 484
226 294
432 362
124 17
294 428
481 254
467 356
236 423
291 130
34 474
273 490
372 469
45 74
485 346
210 141
272 238
497 356
496 131
133 79
212 372
243 439
36 146
41 490
110 95
113 366
149 23
209 74
314 90
16 433
126 39
117 485
263 310
54 136
298 496
301 13
36 496
69 444
278 29
295 198
369 147
407 439
181 96
332 265
122 455
445 142
45 208
389 18
105 259
494 34
214 394
286 270
98 219
216 440
191 383
149 157
264 107
322 85
396 34
0 34
38 326
126 173
437 35
225 152
299 101
390 219
68 168
279 388
375 96
369 281
468 260
146 209
253 106
371 327
393 86
197 174
257 225
269 50
255 152
26 292
444 51
461 220
494 168
364 287
446 97
253 456
327 405
65 405
46 163
426 384
159 40
362 399
458 107
460 153
303 169
382 462
132 287
30 10
90 61
204 348
69 123
280 343
321 344
371 461
44 66
467 169
486 411
236 236
348 477
444 185
86 477
447 456
483 113
180 112
28 472
97 77
372 282
157 128
162 472
465 473
196 56
330 56
60 195
495 123
159 174
378 477
474 185
229 354
303 303
251 113
377 252
154 180
401 57
304 124
337 72
106 139
111 483
166 190
245 483
284 411
160 375
146 477
429 11
145 252
296 421
332 78
483 247
199 488
235 145
307 21
312 365
482 22
210 88
270 139
383 16
360 32
43 325
76 273
98 32
115 201
249 201
328 494
326 421
100 78
265 145
438 73
75 21
281 89
314 37
244 207
147 274
491 84
188 83
246 253
320 202
36 443
17 201
380 253
149 320
295 145
448 387
38 489
167 145
280 22
202 331
348 156
334 258
498 100
313 320
426 197
403 213
40 161
477 162
174 161
191 330
176 207
93 172
454 151
492 443
207 459
320 336
301 94
347 439
359 264
89 403
433 213
204 161
283 454
317 38
47 177
410 229
294 54
280 156
354 105
274 341
296 100
199 167
179 454
248 59
60 8
2 3
81 296
62 54
351 157
19 357
357 352
16 59
439 162
117 111
342 229
262 465
336 414
14 363
396 465
437 466
449 291
321 291
370 183
53 476
423 9
414 455
428 353
87 60
221 60
312 178
465 420
275 296
349 245
297 55
118 312
252 312
269 481
250 239
76 86
81 430
425 240
175 65
340 132
441 184
152 81
191 9
435 369
490 76
173 369
319 194
346 297
379 245
117 245
356 261
469 138
59 240
380 66
127 374
335 323
448 200
126 149
112 251
203 369
15 318
312 312
427 262
124 261
182 431
481 498
140 205
214 154
318 477
24 30
45 318
105 369
191 143
251 194
8 436
438 20
286 380
382 88
368 190
492 256
189 447
357 31
95 31
133 323
174 324
298 390
380 200
89 216
471 318
300 436
369 41
10 108
450 380
274 154
26 52
259 31
102 47
140 339
426 144
269 160
45 452
193 350
494 278
232 278
213 36
292 329
345 155
42 154
121 447
231 53
267 272
382 222
211 340
40 458
378 453
111 109
314 468
284 37
52 468
487 396
335 2
472 273
144 407
240 115
47 474
481 177
467 279
252 125
141 294
442 222
199 464
306 361
6 69
345 289
419 238
56 186
9 340
233 233
379 58
384 402
136 300
282 125
356 74
185 192
284 171
432 69
374 64
434 115
150 356
203 182
315 423
48 79
432 419
160 485
485 53
163 2
256 193
13 243
388 120
145 362
219 311
351 238
404 64
142 64
221 357
97 321
83 423
8 249
99 367
173 316
319 141
272 295
57 141
62 485
73 85
207 85
265 255
77 204
490 373
415 199
38 249
112 198
277 265
304 368
450 193
87 141
279 311
407 496
140 152
184 424
392 373
404 198
307 265
45 265
172 40
270 383
366 91
234 137
24 327
368 137
436 271
384 81
114 220
458 30
320 96
77 338
359 24
452 215
75 265
223 163
126 230
437 92
373 107
12 101
58 446
278 220
369 338
47 287
220 215
5 61
371 384
444 108
67 158
141 107
23 51
498 344
286 461
234 271
421 97
63 389
426 441
459 389
285 236
39 180
42 451
111 56
190 349
281 467
19 467
165 292
68 359
491 462
90 118
414 215
218 303
226 164
317 282
391 231
160 298
201 107
385 416
370 293
7 241
364 478
210 11
196 113
270 62
330 113
435 129
420 6
62 298
175 175
55 258
36 16
41 360
96 67
416 237
187 185
131 253
117 355
492 232
277 78
337 129
106 196
110 315
220 483
242 242
32 432
369 17
481 258
85 258
429 68
483 304
161 253
235 202
367 129
408 130
311 197
388 417
121 73
195 22
346 191
271 17
340 376
362 135
436 84
78 376
100 135
314 94
93 95
117 489
203 263
376 191
147 331
128 89
279 258
17 258
397 479
108 376
130 135
314 444
85 392
33 202
179 27
101 336
123 95
156 43
221 438
64 454
494 38
232 38
402 449
80 398
65 275
426 254
63 202
189 341
18 459
292 439
77 285
303 39
456 281
165 105
239 54
244 398
431 224
21 326
491 275
218 116
369 285
317 95
33 336
220 162
385 229
269 54
345 49
372 152
446 101
498 291
252 235
141 404
213 280
306 471
39 127
340 55
452 296
37 54
42 398
111 3
474 55
212 55
479 399
243 122
229 224
281 414
14 70
437 173
305 219
222 184
20 235
433 404
469 61
455 163
331 127
410 420
358 230
129 178
44 70
49 414
90 415
145 122
481 71
370 240
122 138
423 66
409 168
364 425
102 425
201 404
289 251
5 492
402 128
118 369
387 5
103 246
84 4
442 466
328 364
340 189
419 482
265 15
251 117
435 426
490 133
206 374
154 184
305 353
76 493
230 179
417 5
185 436
418 415
17 71
110 262
374 308
434 359
126 206
184 184
447 5
485 297
237 195
80 211
103 380
459 15
367 426
463 134
100 82
251 251
306 150
94 267
341 144
415 93
19 93
93 42
420 437
459 365
54 87
491 88
207 329
394 155
75 375
47 47
33 149
126 340
434 493
321 27
376 488
183 93
466 381
447 139
204 381
369 448
424 155
28 155
140 396
464 493
40 165
114 114
463 268
477 166
480 437
232 335
213 93
405 263
498 454
231 110
363 37
459 499
206 53
285 346
271 448
35 171
439 32
475 443
208 99
246 391
287 392
320 340
347 443
452 459
190 459
470 284
96 43
247 212
335 59
90 228
202 469
150 279
472 330
53 346
199 171
273 120
350 340
446 48
88 340
253 407
44 233
467 336
403 351
172 418
306 418
9 397
479 346
41 120
495 290
233 290
361 475
309 285
171 351
41 470
127 244
242 2
374 121
11 69
145 69
150 413
186 70
236 187
315 480
263 290
15 188
53 480
139 254
312 182
143 373
289 198
237 8
388 177
25 125
104 418
140 75
313 3
43 142
392 296
444 486
120 362
97 378
83 480
157 429
193 86
480 116
196 357
366 14
25 475
443 234
495 424
154 131
286 250
2 491
346 301
271 127
78 486
59 244
36 260
110 209
96 311
471 188
154 481
186 204
263 424
299 81
188 250
205 419
301 127
408 24
466 194
177 91
204 194
88 19
43 276
426 14
235 446
307 322
482 323
158 199
232 148
306 97
383 317
176 24
368 194
46 143
211 210
1 400
417 86
59 378
320 153
171 30
93 339
225 266
51 113
450 384
54 384
472 143
53 159
218 226
278 277
88 153
406 462
142 389
183 390
238 97
348 457
26 406
444 165
67 215
494 282
480 384
273 283
259 385
345 159
383 451
56 56
424 452
479 159
195 400
234 328
308 277
330 36
473 344
159 154
436 462
40 462
114 411
227 288
264 355
245 113
74 231
449 108
239 298
412 226
453 227
164 124
169 468
203 52
428 170
139 67
226 221
129 288
430 216
215 62
201 164
316 114
333 283
269 298
444 299
392 109
105 52
210 68
421 288
286 63
272 165
319 11
346 114
420 63
425 407
189 130
358 124
16 360
401 171
164 258
453 361
263 237
304 238
356 428
411 135
376 114
331 371
279 181
430 350
333 417
369 74
355 176
48 433
404 68
381 84
27 495
135 28
173 320
272 299
249 315
138 484
251 361
416 428
438 187
168 326
415 203
52 151
299 28
395 490
106 387
128 146
133 490
188 197
430 484
108 433
218 39
295 259
198 326
253 33
406 275
354 85
445 203
257 152
274 321
177 388
313 434
24 331
477 276
458 34
62 34
100 326
463 378
494 445
292 496
39 50
400 29
176 321
19 337
74 44
51 60
68 229
417 383
439 142
204 275
331 50
410 343
146 270
373 461
109 388
183 337
269 111
296 214
48 112
180 39
386 107
372 209
102 348
162 399
231 4
477 410
425 220
458 168
141 461
213 337
361 235
37 111
78 112
19 471
363 281
41 230
169 415
263 50
331 184
14 477
69 184
143 133
418 338
85 128
71 230
145 179
120 122
235 72
372 343
97 138
210 15
440 477
44 477
462 236
286 10
272 112
365 303
425 354
56 487
231 488
36 20
435 483
416 241
490 190
173 483
319 308
379 359
57 308
112 15
230 236
54 10
147 201
394 78
418 472
110 319
130 5
209 298
256 144
333 364
337 483
411 432
371 67
87 308
109 67
183 16
334 185
50 426
499 252
447 62
237 252
462 370
498 27
103 437
404 365
216 314
290 263
1 160
381 381
367 483
4 431
193 330
452 32
457 376
42 134
116 83
319 442
415 150
456 151
225 26
431 94
73 386
394 212
433 140
108 380
466 88
130 139
493 191
278 37
283 381
369 155
448 448
148 156
146 83
299 325
49 150
161 391
274 268
348 217
26 166
177 335
402 453
140 453
179 381
288 324
463 325
378 217
452 166
473 454
285 403
95 279
117 38
287 449
53 53
455 33
185 172
264 465
0 392
299 459
321 218
241 454
274 402
296 161
310 59
53 403
446 105
215 172
201 274
44 290
467 393
329 459
268 183
254 285
6 183
345 403
18 8
42 402
405 454
243 126
382 470
435 296
21 464
57 121
453 121
492 49
309 342
147 14
358 234
432 183
36 183
397 162
321 352
333 177
16 470
164 368
101 19
312 239
485 167
163 116
237 65
13 357
406 251
115 75
194 368
290 76
307 245
45 245
193 143
272 409
131 204
134 475
175 476
222 322
133 250
205 126
209 245
263 481
373 87
87 255
161 204
182 492
80 215
140 266
179 194
217 486
253 143
258 487
313 194
478 261
426 71
63 19
6 451
255 189
288 137
105 430
438 81
121 374
19 97
473 267
192 25
343 194
21 143
458 144
174 385
155 143
491 92
361 211
493 138
165 272
299 272
247 82
51 170
385 46
338 200
68 339
390 390
472 200
202 339
486 98
491 442
125 92
199 41
278 334
350 210
47 401
88 210
280 380
5 175
82 395
63 153
142 446
444 222
67 272
447 493
172 288
232 339
135 406
234 385
382 283
330 93
60 232
435 109
421 211
285 350
227 345
213 447
342 103
72 242
185 119
264 412
284 98
148 237
225 457
68 473
486 232
411 58
218 417
240 176
317 396
372 103
430 273
160 412
393 391
7 355
4 57
330 227
346 171
57 68
134 288
208 237
309 289
496 115
224 181
0 473
110 79
96 181
75 58
352 366
337 243
166 361
466 64
485 114
242 356
407 423
44 371
467 474
120 366
221 418
6 264
485 464
270 310
311 311
457 136
443 238
24 254
84 305
340 490
436 198
59 248
339 265
361 24
36 264
347 126
397 243
127 382
75 192
106 444
375 80
12 28
380 424
177 95
66 264
253 90
294 91
445 260
274 378
348 327
480 254
232 152
22 342
424 322
498 271
63 316
357 39
384 142
21 90
95 39
227 158
287 209
361 158
39 107
438 378
264 225
363 204
74 101
165 219
247 29
357 389
431 338
417 440
54 388
491 389
241 214
301 265
410 400
391 158
28 106
69 107
143 56
148 400
451 209
468 378
242 35
5 122
467 153
109 445
26 410
273 287
23 112
97 61
446 215
60 179
46 281
384 276
81 467
136 174
213 394
328 344
361 292
419 462
452 410
231 411
303 287
476 215
263 107
337 56
428 174
430 220
32 359
467 287
197 426
145 236
217 112
296 405
332 62
29 61
139 421
235 129
64 247
275 467
349 416
27 365
252 483
200 293
291 411
324 359
323 134
18 252
362 62
474 303
243 370
251 231
77 78
127 195
374 72
379 416
277 139
455 411
59 411
224 478
130 62
163 10
209 355
256 201
369 78
66 77
112 422
64 381
50 483
498 84
436 145
45 489
480 417
267 309
79 258
170 376
343 304
469 443
155 253
320 320
204 145
245 146
47 161
445 207
82 155
472 310
109 258
447 253
498 218
135 166
387 387
137 212
211 161
290 454
141 331
3 397
341 392
456 342
0 99
132 218
305 146
417 387
431 285
95 336
130 330
14 347
143 3
129 105
247 326
373 465
32 172
109 392
145 49
236 167
315 460
26 357
411 168
86 408
139 234
483 44
259 336
350 454
9 161
118 296
477 414
81 414
62 172
136 121
153 290
213 341
328 291
231 358
330 337
60 476
456 476
154 111
319 178
169 419
244 4
309 399
72 486
92 172
358 291
430 167
256 14
335 307
333 234
407 183
48 250
392 60
428 471
87 178
125 470
386 245
372 347
408 4
427 246
210 19
27 312
13 414
217 409
365 307
115 132
268 374
307 302
152 199
105 353
191 127
265 76
416 245
94 194
302 143
222 379
357 15
399 426
410 26
373 144
10 92
128 313
413 482
12 138
447 66
61 30
179 251
43 390
404 369
426 128
307 436
408 488
475 20
213 20
56 36
479 139
195 380
308 257
357 149
68 46
397 487
176 488
262 262
126 401
165 329
146 87
247 139
202 396
183 154
375 324
53 273
86 221
259 149
280 437
63 210
216 452
329 329
389 380
141 278
172 345
326 31
56 170
330 150
421 268
495 217
398 284
35 232
260 350
287 453
298 53
36 53
74 345
113 273
333 47
277 115
296 165
337 166
488 335
372 160
201 278
5 366
316 228
252 243
217 222
29 171
122 362
172 479
446 459
152 12
132 299
154 58
346 228
76 367
131 74
136 418
73 69
207 69
490 357
476 459
261 305
209 115
247 407
499 69
85 429
318 408
43 203
478 131
194 372
268 321
6 321
288 7
367 300
97 439
441 249
193 147
265 23
292 126
233 485
98 260
36 321
493 8
300 367
322 126
38 367
74 24
186 265
239 91
10 39
15 383
376 362
150 19
348 34
256 445
278 204
391 81
465 30
167 373
179 198
258 491
313 198
5 45
404 316
82 265
156 214
307 383
482 384
119 332
158 260
157 35
281 101
234 255
343 198
114 338
95 96
475 317
246 265
116 384
190 333
460 194
262 209
377 159
202 343
493 492
278 338
369 456
69 164
107 456
181 405
179 332
294 282
354 333
44 107
197 349
461 395
172 292
382 287
159 215
425 334
153 400
282 56
20 56
264 416
243 293
224 51
377 293
132 462
187 169
338 338
356 355
428 231
144 472
218 421
143 247
32 416
407 293
392 170
103 67
409 339
268 134
386 355
23 303
4 61
446 406
435 247
99 298
360 73
98 73
340 360
18 309
422 170
212 360
251 288
448 78
487 6
492 350
356 489
395 417
455 468
205 293
91 191
163 67
204 68
11 427
85 376
181 84
179 11
406 202
371 181
404 129
87 422
221 422
86 197
119 145
163 417
196 365
232 22
297 417
189 325
288 304
362 253
78 494
463 305
100 253
3 320
487 140
492 484
225 140
417 310
169 208
155 310
301 135
223 444
295 320
47 218
198 387
184 489
294 95
259 259
350 377
498 275
179 495
137 269
238 321
250 146
288 438
362 387
40 336
153 213
213 264
42 382
138 90
0 156
55 55
113 33
266 275
90 49
439 203
150 100
260 460
342 270
92 95
391 162
470 455
333 157
371 449
197 296
236 224
296 275
86 465
122 122
483 101
120 49
488 445
364 409
312 219
23 116
5 476
252 353
175 106
213 398
474 173
303 291
55 189
495 461
133 230
245 471
432 297
36 297
69 245
418 399
321 466
481 189
310 307
332 66
122 256
196 178
349 420
25 296
118 487
462 297
2 312
351 466
24 71
98 20
328 482
1 87
6 431
105 410
229 476
41 425
457 303
319 369
19 77
38 127
93 26
170 246
244 195
230 297
282 487
304 246
73 313
133 364
293 87
320 190
471 359
300 477
295 133
448 375
470 134
186 375
468 61
258 251
373 201
257 26
177 262
498 88
327 206
365 498
473 31
211 31
288 251
45 493
389 303
463 252
480 421
287 26
3 267
378 144
281 211
165 36
73 447
21 257
54 205
95 206
174 499
439 16
471 493
75 493
245 150
283 442
322 370
468 195
160 42
10 283
51 284
371 262
236 37
274 329
348 278
53 330
278 448
364 222
451 376
88 324
201 201
349 99
156 458
255 437
475 211
180 263
366 453
345 330
479 330
248 397
132 222
285 464
319 48
357 340
35 289
16 47
21 391
57 48
169 289
384 443
361 459
20 166
460 438
133 43
449 279
113 330
352 346
412 397
481 2
85 2
296 222
125 340
64 64
485 94
13 284
214 8
200 110
351 279
122 419
464 156
175 53
290 3
340 120
326 222
441 172
231 362
330 341
99 408
228 64
420 234
131 131
340 470
37 469
469 126
147 75
496 229
246 54
36 244
108 120
113 464
209 172
373 14
428 475
161 131
182 419
256 368
481 486
200 244
327 19
313 121
344 373
292 183
330 475
77 29
438 8
121 301
195 250
79 75
84 419
285 143
362 363
133 311
207 260
224 429
320 137
36 378
415 374
165 199
239 148
277 440
299 199
15 440
486 25
472 127
109 75
348 91
301 245
26 40
17 486
413 486
204 312
429 430
102 35
489 481
167 430
253 204
406 446
478 322
142 373
178 30
307 440
408 492
389 250
306 215
345 143
378 91
457 384
360 451
308 261
454 86
285 277
233 87
114 395
155 204
246 322
452 390
70 96
171 148
264 339
396 266
0 266
247 143
226 205
331 221
181 462
129 272
354 390
44 164
481 165
197 406
217 92
255 384
81 231
153 107
194 108
328 108
23 226
9 328
83 277
157 226
479 277
349 396
151 411
132 169
206 118
211 462
252 463
458 339
497 267
20 113
400 334
496 42
171 282
113 277
300 103
203 170
411 119
53 411
376 98
143 304
91 114
160 473
381 68
193 17
435 304
398 422
84 232
271 58
39 489
73 73
422 227
138 468
36 191
347 53
113 411
149 68
302 310
415 187
38 237
112 186
126 84
299 12
133 474
202 79
301 58
256 315
429 243
140 140
389 63
193 151
366 79
140 490
121 248
214 439
84 366
478 485
115 433
216 485
463 362
399 377
347 187
490 495
438 305
116 254
176 305
262 79
363 131
437 80
338 74
412 23
241 141
17 433
144 208
278 208
355 428
429 377
28 33
156 218
408 439
7 95
141 95
199 265
9 141
88 434
135 280
484 434
308 208
382 157
63 377
211 275
271 326
35 49
458 152
62 152
227 219
89 285
460 198
264 286
262 213
456 456
321 39
164 55
218 291
226 152
317 270
69 168
468 439
118 60
183 455
444 230
386 225
83 224
196 101
60 240
25 219
99 168
4 281
78 230
243 297
363 399
55 246
41 348
416 225
127 122
16 291
57 292
439 394
453 292
203 117
277 66
263 168
428 235
166 235
240 184
358 405
413 112
418 456
85 246
219 246
167 56
217 173
258 174
332 123
337 467
409 343
120 240
23 307
334 169
413 462
446 410
289 426
311 185
388 405
498 11
346 179
103 421
249 246
271 5
1 144
340 364
367 467
436 72
40 72
73 20
441 416
416 359
176 118
281 134
420 478
225 10
230 354
469 370
59 472
207 370
205 297
394 196
380 298
70 72
493 175
130 123
278 21
470 191
198 257
82 82
161 375
188 478
348 201
334 303
86 201
177 319
158 77
163 421
402 437
24 262
46 21
459 190
63 190
189 329
285 37
174 206
494 376
153 83
227 32
287 83
292 427
361 32
378 201
452 150
94 442
303 27
285 387
304 437
315 37
204 206
295 324
336 325
335 100
373 392
393 78
123 217
269 42
218 454
275 207
65 397
13 207
46 155
398 48
477 341
345 387
378 335
400 94
19 402
398 398
35 346
453 105
131 54
492 33
282 223
72 413
493 443
407 110
263 331
161 54
240 347
465 465
289 239
297 100
402 116
219 409
200 167
250 284
194 352
180 454
254 403
328 352
326 279
4 228
193 127
3 3
495 465
228 121
131 188
170 116
106 131
298 301
394 9
127 419
321 470
30 486
429 3
203 414
15 363
450 291
274 65
64 255
50 357
86 14
91 358
413 409
177 132
215 424
402 250
462 301
66 301
489 404
121 8
217 470
313 178
392 471
65 76
194 486
216 245
1 91
18 260
362 70
40 19
100 70
339 86
292 240
3 137
341 132
382 133
19 81
73 317
21 127
260 143
246 245
36 435
72 92
149 312
38 481
186 379
146 14
109 132
257 30
274 199
315 200
31 441
204 369
28 143
66 435
162 143
5 159
43 451
354 313
104 138
238 138
40 153
193 395
292 374
61 441
135 390
116 148
190 97
234 369
382 267
46 318
151 334
137 436
431 159
384 313
475 431
208 87
72 226
336 272
0 323
160 46
335 47
338 318
68 457
393 25
150 267
337 93
125 210
273 108
372 87
50 36
146 498
32 396
238 272
425 98
232 457
180 267
6 114
243 57
132 226
76 294
208 221
41 458
96 165
127 232
321 283
379 453
16 401
448 58
453 402
188 104
427 120
13 288
402 63
407 407
66 114
489 217
115 6
254 350
307 176
4 175
45 176
124 469
210 243
366 2
8 294
25 463
346 289
76 428
420 238
84 289
497 458
304 63
1 254
474 474
422 284
133 181
212 474
110 197
127 366
283 125
112 243
450 238
188 238
353 305
334 63
375 64
12 12
427 254
163 181
242 474
481 490
429 300
88 7
219 490
258 418
10 316
43 264
307 310
255 120
193 208
499 480
237 480
270 428
22 326
366 136
195 254
420 372
46 131
79 79
115 490
473 198
137 249
170 197
211 198
357 23
100 367
260 90
246 192
325 485
347 244
433 18
176 362
262 136
0 136
244 496
376 423
128 321
109 79
12 146
466 316
369 383
107 383
179 259
10 450
440 34
197 276
442 80
306 219
364 389
498 389
479 147
162 440
459 434
495 91
477 451
475 378
309 86
438 496
42 496
111 101
90 163
139 55
451 327
146 445
354 394
257 461
81 235
124 282
27 349
421 276
495 225
173 174
351 446
425 395
243 354
339 62
363 456
127 179
314 5
16 348
186 5
263 225
356 416
92 343
331 359
279 169
467 405
258 231
411 473
423 298
478 5
142 56
221 349
289 483
8 241
25 410
346 236
420 185
323 252
1 201
436 129
114 78
152 370
496 180
399 247
416 416
89 21
168 314
149 72
401 293
165 16
203 308
15 257
68 83
450 185
188 185
466 129
182 370
218 27
278 78
47 145
198 314
179 72
257 140
480 185
177 376
158 134
9 11
88 304
313 422
382 27
98 268
426 299
290 438
250 73
21 21
458 22
174 263
366 433
452 207
479 310
190 207
437 84
338 78
439 130
31 335
433 315
130 314
218 161
245 264
331 38
33 381
465 38
239 449
294 156
371 376
445 325
393 135
81 48
125 320
180 27
350 438
9 145
157 43
151 228
99 38
104 382
141 449
157 393
303 218
41 218
416 95
113 94
206 285
266 336
72 470
14 465
129 223
160 290
145 167
236 285
337 337
139 352
120 110
161 111
194 59
334 39
9 279
102 470
499 106
485 208
196 105
275 398
25 223
99 172
365 291
76 188
425 342
115 116
194 409
249 116
105 337
243 301
270 404
77 9
435 471
490 178
420 348
492 224
170 173
15 70
92 290
279 116
17 116
471 286
182 183
11 301
126 251
112 353
198 127
373 128
142 3
334 173
388 409
66 358
200 358
478 302
1 148
381 369
4 419
119 369
191 245
292 297
366 246
443 466
75 70
154 363
176 122
57 430
459 410
68 30
246 302
493 179
245 77
11 435
52 436
107 143
148 144
486 139
296 15
64 446
34 15
125 133
204 426
278 375
372 10
65 267
478 436
40 210
477 211
193 452
475 138
254 139
405 308
479 257
116 205
190 154
176 256
234 426
79 323
454 200
439 77
359 313
89 452
414 20
262 380
284 139
47 226
396 380
470 329
487 498
299 447
373 396
321 206
338 375
393 82
71 31
236 98
301 493
370 98
218 458
312 93
253 452
104 329
178 278
425 155
306 463
42 390
243 114
21 452
62 453
420 161
208 278
356 176
111 345
59 155
110 120
148 412
471 99
300 217
235 7
427 177
430 448
177 2
297 104
481 413
178 412
313 48
392 341
29 289
442 458
221 459
419 474
367 284
45 233
78 181
435 418
94 125
173 418
154 176
443 279
319 243
346 346
57 243
73 187
133 238
260 13
320 64
209 233
314 249
30 490
448 249
299 126
390 244
376 346
101 141
106 485
413 413
163 238
237 187
256 429
350 64
140 254
214 203
253 131
313 182
82 249
276 300
329 126
389 177
81 24
42 69
176 69
234 239
170 254
285 204
288 475
73 321
384 183
265 491
320 198
72 96
58 198
438 419
70 23
171 75
126 332
449 19
373 209
390 378
412 137
450 429
486 86
241 255
353 496
466 373
70 373
226 132
470 492
88 198
65 214
118 40
351 19
494 327
273 328
229 29
308 322
456 220
192 147
250 317
153 384
497 194
287 384
361 333
309 143
89 399
111 158
460 312
264 400
303 328
14 225
437 328
449 153
160 50
412 271
90 220
150 271
139 112
391 333
372 91
413 92
50 40
201 209
242 210
289 56
13 158
44 225
388 35
467 328
145 277
291 102
296 446
7 343
370 395
29 102
103 51
307 46
243 61
25 333
151 472
173 231
286 108
323 175
78 344
224 169
284 220
449 287
187 287
374 113
131 355
186 62
337 231
450 108
87 56
455 452
427 124
182 293
29 236
409 457
156 11
97 370
119 129
210 247
158 57
344 247
292 57
297 401
462 468
387 294
340 478
288 288
78 478
174 186
212 478
55 494
154 473
128 191
205 411
320 361
31 258
375 68
91 309
466 186
182 427
218 84
242 478
256 376
355 355
33 304
126 495
468 232
198 371
294 79
373 372
10 320
101 438
445 248
142 247
257 197
7 22
444 23
292 191
195 258
248 84
308 135
382 84
98 325
151 151
189 443
159 12
250 130
398 28
260 94
213 248
347 248
89 212
474 23
460 125
212 23
336 89
415 382
19 382
363 192
401 484
437 141
247 17
417 428
320 495
144 269
218 218
331 95
47 336
396 490
107 387
181 336
418 249
220 264
371 433
123 331
269 156
296 259
442 84
158 325
273 275
254 33
364 393
345 151
424 444
61 392
372 254
88 495
201 372
351 316
384 264
249 39
378 449
37 156
116 449
212 157
325 34
416 152
449 100
187 100
302 50
203 44
92 213
331 229
358 332
69 229
182 106
242 157
32 347
11 224
145 224
258 101
386 286
196 162
25 280
484 40
250 398
328 466
276 276
1 71
362 50
496 50
191 168
77 66
438 45
117 404
244 179
277 127
17 173
130 50
242 291
333 409
355 168
434 461
468 45
318 286
404 60
450 405
82 9
408 179
45 127
86 128
124 420
480 55
158 4
289 487
22 143
140 364
121 122
195 71
137 66
381 426
422 235
100 184
306 252
287 10
292 354
366 303
378 128
94 369
42 179
75 127
438 179
264 26
401 297
93 144
431 139
95 190
128 138
293 205
223 375
107 200
146 128
373 319
370 21
364 206
402 498
372 67
389 421
62 26
326 72
479 314
116 262
368 483
41 88
46 432
79 380
211 499
338 82
384 427
453 32
117 83
260 391
58 442
70 267
185 217
226 26
317 144
148 335
129 93
430 21
160 160
449 263
247 314
71 88
145 37
444 104
259 324
350 442
391 443
451 494
201 319
297 27
462 94
291 212
444 454
81 402
141 453
497 88
227 227
180 381
56 345
83 448
251 32
453 166
222 233
224 279
96 279
209 156
352 464
11 171
434 274
448 172
423 115
125 458
312 284
64 182
163 161
402 177
388 279
194 413
290 121
441 290
45 290
78 238
231 480
422 48
210 357
270 408
330 459
8 408
383 285
272 454
401 110
222 367
249 470
422 398
246 172
320 121
209 290
283 239
300 408
401 460
87 300
472 111
109 59
202 250
348 75
31 368
12 126
177 193
237 244
350 121
489 465
291 480
464 408
238 65
288 182
81 81
100 131
119 373
213 8
382 194
24 486
368 296
454 70
170 311
244 260
357 137
246 306
320 255
394 204
359 183
144 29
374 491
148 148
165 317
261 25
299 317
51 215
450 486
49 142
241 312
274 260
34 19
461 86
226 189
369 497
181 446
468 476
179 373
294 323
13 81
63 198
255 368
403 266
42 260
435 154
35 220
356 46
361 390
433 266
298 41
377 334
14 282
187 210
352 277
374 36
16 328
439 431
472 379
310 51
375 446
414 374
28 338
444 401
29 159
180 328
210 170
243 118
248 462
233 339
272 267
360 114
76 355
136 406
309 334
395 108
496 160
397 154
476 447
149 52
261 293
126 68
164 360
186 119
411 237
87 113
128 114
166 406
235 11
205 334
427 181
17 283
237 57
242 401
355 278
80 73
318 396
161 412
255 47
23 478
45 237
119 186
435 422
99 473
173 422
346 350
347 171
314 253
390 248
68 197
412 7
205 468
91 366
144 192
355 412
47 259
28 17
391 69
253 135
327 84
294 136
65 84
371 356
63 11
7 79
45 371
482 372
424 367
116 22
157 23
24 433
459 361
63 361
233 18
21 135
458 136
134 12
72 100
37 79
42 423
111 28
171 79
281 439
336 146
146 22
266 316
321 23
51 162
412 141
90 90
315 208
72 450
433 429
466 377
166 85
295 495
369 444
451 254
181 393
129 203
146 372
486 440
123 388
219 96
252 44
120 90
199 383
446 260
157 157
178 445
238 496
62 270
84 29
208 95
213 439
20 44
326 316
340 214
212 214
224 39
377 281
363 383
127 106
187 157
228 158
356 343
376 29
279 96
432 338
50 44
143 235
310 348
332 107
194 173
6 122
9 393
270 168
311 169
388 389
250 455
268 472
18 297
474 348
78 348
399 174
36 122
75 50
300 168
379 461
112 117
222 477
59 456
147 303
166 353
36 472
69 420
91 179
209 400
278 5
283 349
429 174
66 122
198 241
423 359
409 461
101 308
483 410
197 16
257 67
86 185
158 61
484 231
234 56
98 195
389 344
191 359
246 66
366 360
347 118
454 180
266 129
390 195
68 144
54 246
301 123
108 482
223 432
245 191
283 483
322 411
33 308
107 257
179 133
220 134
280 185
10 324
354 134
26 268
12 370
408 370
461 196
345 21
162 314
114 273
67 427
494 494
361 150
231 269
93 335
260 448
394 448
72 397
428 32
92 83
185 274
69 99
247 371
335 218
338 489
85 43
183 386
26 402
465 449
97 53
124 156
196 32
5 464
99 99
238 443
365 218
425 269
62 217
153 335
39 233
78 161
116 453
138 212
344 280
377 228
495 449
127 53
206 346
476 207
319 223
401 33
208 392
304 100
111 459
166 166
284 387
96 336
187 454
261 403
321 454
263 449
392 105
409 274
240 465
221 223
413 393
237 167
478 229
175 228
249 177
381 296
100 54
191 172
8 465
346 460
469 301
59 403
147 250
155 111
298 419
17 177
322 224
47 19
33 121
225 291
258 239
385 14
371 116
390 358
450 409
472 168
235 255
183 65
257 14
274 183
64 373
91 476
424 127
61 75
162 127
82 363
115 311
482 482
191 306
132 76
431 143
95 194
133 486
342 71
347 415
20 20
70 137
130 188
470 256
294 30
247 184
335 31
385 148
393 9
472 302
150 251
274 317
12 317
461 143
177 384
204 487
446 20
50 20
162 261
280 482
440 205
178 205
250 81
255 425
351 133
81 272
425 82
141 323
292 492
233 262
357 328
282 154
356 103
20 154
111 272
133 31
171 323
377 391
110 47
96 149
127 216
333 92
71 92
150 385
296 210
312 154
317 498
391 447
50 154
143 345
275 272
5 411
349 221
13 272
393 493
219 340
365 165
180 385
216 42
328 283
381 109
490 52
76 412
492 98
340 458
37 457
73 114
246 42
108 108
30 417
186 176
299 53
373 2
297 165
118 422
179 109
43 248
65 7
142 227
276 227
288 52
408 346
196 463
344 361
8 412
435 479
383 289
135 187
173 479
214 480
360 305
415 12
368 166
456 13
115 474
244 130
95 7
246 176
394 74
3 418
283 243
336 69
401 464
33 68
38 412
470 69
244 480
277 428
390 305
445 12
241 182
177 197
295 418
489 469
253 192
327 141
313 243
371 413
142 361
178 18
463 187
67 187
141 136
378 79
424 424
56 28
405 182
195 372
281 146
327 491
60 147
98 439
384 244
95 141
134 69
227 260
359 187
460 239
322 305
14 152
187 80
321 80
390 439
491 491
241 316
337 24
466 434
70 434
317 311
391 260
143 158
294 327
118 101
252 101
296 373
7 270
29 29
158 439
199 440
259 491
23 214
275 435
41 39
132 157
211 450
233 209
2 276
425 379
309 204
347 496
20 101
326 373
185 168
229 440
96 96
261 163
409 34
279 153
215 168
294 461
242 271
407 338
388 96
429 97
462 45
236 456
29 163
404 40
464 91
268 179
6 179
441 107
105 158
435 292
443 153
121 102
159 394
195 51
346 220
323 236
1 185
422 215
127 297
438 159
149 56
476 451
453 467
225 51
106 359
54 169
413 287
130 164
218 11
355 282
80 77
448 473
423 416
257 124
480 169
158 118
163 462
22 257
61 185
498 186
214 427
195 185
327 304
360 252
211 129
40 247
21 5
422 349
496 298
262 67
396 67
454 237
304 478
320 422
375 129
466 247
28 21
69 22
123 258
348 376
311 494
248 145
234 247
308 196
349 197
495 22
211 263
288 483
35 37
384 191
67 484
463 484
361 207
37 83
93 392
476 130
155 489
282 264
433 433
488 140
493 484
331 156
47 397
465 156
393 253
123 392
71 202
197 341
26 459
409 197
447 489
194 43
199 387
273 336
83 212
485 192
297 141
63 499
272 84
136 223
268 342
323 49
340 218
326 320
56 459
325 95
228 162
302 111
38 38
117 331
492 208
230 208
304 157
469 224
455 326
92 274
279 100
432 342
380 152
413 100
108 218
242 218
11 285
85 234
393 387
34 454
483 280
386 347
413 450
45 54
105 105
462 342
291 460
2 357
189 183
326 454
78 352
193 302
191 229
251 280
339 127
3 178
149 3
420 466
454 50
17 234
149 353
493 163
33 178
258 296
390 415
423 363
82 70
197 20
334 291
461 66
237 358
140 425
162 184
327 251
459 178
137 127
238 179
329 297
494 364
56 138
116 189
195 482
437 15
132 133
170 425
192 184
343 353
21 302
155 302
130 245
198 379
146 189
10 328
51 329
370 82
278 493
364 267
391 370
424 318
162 318
275 195
354 488
27 93
426 364
2 36
389 482
67 431
494 498
306 447
42 374
83 375
229 200
19 390
416 26
476 77
266 267
319 93
136 386
342 262
20 211
460 483
493 431
245 329
377 448
358 206
110 104
333 149
90 391
34 267
428 386
161 42
166 386
312 211
413 263
50 211
124 160
446 211
13 329
99 103
219 397
272 31
442 442
120 391
464 201
119 166
157 458
366 43
416 160
228 109
401 37
492 155
304 104
147 120
496 274
279 47
320 48
432 289
127 407
30 474
112 284
263 453
337 402
373 59
202 177
64 243
124 294
313 166
387 115
329 110
463 110
100 58
306 126
346 464
24 413
456 70
189 480
496 408
320 182
397 402
438 403
75 351
149 300
130 58
471 351
448 367
47 23
33 125
373 193
390 362
371 120
376 464
109 120
26 85
12 187
461 13
66 423
498 80
179 300
313 300
82 367
426 177
104 126
137 74
216 367
7 193
86 486
480 413
306 260
383 480
248 255
281 203
63 475
495 132
192 131
266 80
233 132
431 147
40 491
95 198
439 8
282 24
287 368
20 24
378 486
111 142
190 435
493 244
363 363
165 378
113 188
146 136
239 327
90 204
241 373
26 219
337 81
317 368
179 434
44 209
104 260
252 158
365 35
328 153
419 271
270 148
330 199
421 317
379 91
249 210
323 159
395 35
400 379
229 497
432 102
261 220
209 30
300 148
90 338
439 492
315 456
409 91
166 333
316 277
402 51
44 343
85 344
66 102
118 292
467 446
489 205
406 170
409 441
442 389
307 164
105 215
270 282
330 333
8 282
435 349
383 159
462 452
398 467
76 416
98 175
84 277
1 242
174 170
246 46
339 237
149 113
223 62
374 231
90 472
487 108
165 57
203 349
225 108
239 6
376 277
54 226
204 170
295 288
355 339
489 339
327 11
82 180
235 422
348 299
329 57
237 468
311 417
8 416
248 68
286 360
368 170
170 185
211 186
271 237
260 78
325 473
433 6
314 314
336 73
14 22
0 124
38 416
52 314
74 73
79 417
437 125
239 140
51 89
150 68
293 376
241 186
26 32
414 114
144 253
130 355
204 304
493 407
317 181
355 473
391 130
107 371
88 129
143 28
468 350
470 423
332 489
120 17
345 135
350 479
424 428
97 33
83 135
88 479
349 254
137 371
250 248
324 197
398 146
21 196
100 489
116 433
138 192
171 140
363 310
476 187
352 151
491 495
169 444
241 320
282 321
106 95
185 388
432 265
465 213
407 208
71 259
444 275
48 275
392 85
221 203
312 321
372 372
196 146
8 95
118 455
173 162
153 449
268 399
309 208
212 275
339 50
77 50
397 28
127 167
168 168
374 44
453 337
439 439
131 286
263 213
143 296
160 465
333 393
369 50
235 235
307 111
386 404
64 353
163 332
196 280
22 127
8 229
365 466
313 276
387 225
478 343
464 445
137 50
175 342
323 240
441 461
251 337
416 404
264 10
302 302
281 179
267 281
126 76
469 415
128 122
394 241
256 307
204 117
278 66
283 410
314 477
295 235
369 184
181 133
468 163
184 404
318 404
371 230
82 127
67 4
158 122
297 466
253 359
115 425
151 82
477 252
174 251
116 246
190 195
264 144
382 365
368 467
74 20
244 431
431 257
16 15
147 498
169 257
439 118
453 16
491 308
342 185
72 324
58 426
70 251
69 26
129 77
430 5
160 144
165 488
299 488
354 195
472 416
104 20
183 313
315 432
444 88
122 37
125 308
273 206
248 149
201 303
327 442
65 442
7 437
40 385
475 313
153 262
254 314
419 381
400 139
251 16
187 31
16 149
57 150
169 391
492 78
134 370
240 42
69 160
96 263
160 278
220 329
261 330
352 448
11 155
481 104
71 206
310 222
48 222
139 340
312 268
334 27
413 320
446 268
13 386
402 161
272 88
387 38
1 2
288 32
441 274
422 32
196 443
270 392
344 341
228 166
79 43
304 161
455 330
418 448
397 325
355 99
33 48
198 115
139 474
235 182
188 336
45 58
447 38
177 177
291 464
115 238
426 100
381 357
362 115
105 459
378 59
438 110
443 454
195 352
360 419
382 178
368 280
244 244
271 347
417 172
54 120
147 311
339 481
394 188
77 481
144 13
130 115
52 424
33 182
74 183
354 8
390 419
109 177
188 470
86 193
466 414
125 121
273 19
80 378
465 189
234 64
313 357
65 255
290 373
255 352
389 352
67 301
442 178
56 142
195 486
231 143
267 362
271 481
73 496
246 424
347 476
37 250
455 9
223 440
336 317
284 127
148 266
338 363
486 261
434 71
467 19
218 446
312 81
317 425
50 81
215 148
275 199
467 369
178 266
103 92
180 312
276 20
381 36
56 276
303 153
46 497
476 81
384 492
230 25
400 436
469 41
59 143
133 92
171 384
496 144
298 159
36 159
108 35
335 226
379 498
150 446
337 272
411 221
488 441
50 215
91 216
485 143
44 400
429 211
392 329
29 277
122 468
142 154
286 283
98 232
459 211
189 350
323 350
271 160
496 278
298 293
246 103
397 272
471 221
228 463
209 221
38 339
390 232
128 232
348 6
12 57
86 6
177 124
10 361
381 304
408 407
7 63
311 474
479 58
121 350
234 227
267 175
360 366
382 125
79 124
1 433
343 170
384 171
89 253
245 12
341 474
14 79
449 7
187 7
338 176
376 468
128 366
202 315
353 484
220 305
253 253
467 182
109 474
197 321
238 130
444 198
447 469
232 315
229 17
382 259
46 310
211 377
285 326
324 254
398 203
62 254
95 202
185 95
190 439
41 316
148 213
247 192
15 34
92 254
69 270
220 439
354 439
145 265
489 75
365 39
409 311
139 450
442 259
464 18
483 260
441 34
83 326
22 50
8 152
46 444
99 270
98 45
497 316
249 214
309 265
59 90
138 383
174 40
284 208
471 34
476 378
302 225
11 49
90 342
401 204
434 152
186 50
492 322
469 338
455 440
91 163
355 209
107 107
145 399
332 225
119 117
124 461
94 60
99 404
214 354
478 400
137 107
249 348
285 5
40 174
59 224
73 122
152 415
174 174
422 276
246 50
251 394
77 241
397 219
314 184
300 286
38 286
93 185
239 10
241 56
53 5
144 123
355 343
468 220
220 118
253 66
332 359
371 287
445 236
26 252
259 231
345 5
424 298
382 72
115 482
189 431
426 344
285 139
265 426
339 375
366 478
77 375
359 61
415 370
93 319
165 195
239 144
244 488
247 5
453 73
169 314
433 360
70 308
125 15
369 375
33 426
143 32
148 376
220 252
10 442
236 196
269 144
7 144
444 145
120 21
23 88
9 190
234 308
65 499
46 257
63 426
252 325
324 201
477 443
475 370
497 129
309 78
340 145
419 438
56 386
400 196
460 247
14 160
228 89
282 325
263 83
37 494
207 151
284 371
146 437
256 43
123 453
467 263
296 381
411 331
499 151
237 151
297 202
13 443
214 167
62 335
153 453
497 263
288 89
59 37
193 229
399 105
154 274
302 172
319 341
305 443
341 100
420 393
38 99
79 100
112 48
230 269
323 460
356 408
469 285
91 110
108 279
256 177
335 470
283 280
295 105
112 398
145 346
167 105
48 413
445 49
235 239
183 49
334 218
64 357
383 110
98 126
473 3
63 105
156 296
362 172
78 413
494 291
168 306
116 116
264 14
93 132
492 403
266 60
395 470
207 419
260 245
342 55
89 363
466 121
314 481
11 480
186 481
280 116
49 183
183 183
375 353
86 250
499 419
177 368
163 470
237 419
61 193
102 194
451 348
253 363
46 70
478 481
384 65
62 14
475 183
213 183
361 81
39 30
419 251
452 199
264 148
229 127
234 471
267 419
368 471
473 487
206 143
192 245
305 122
379 71
16 19
246 481
320 430
342 189
58 430
37 307
264 498
146 250
299 492
12 435
34 194
122 41
488 364
240 262
50 138
162 379
289 154
27 154
440 323
104 374
442 369
328 267
6 216
4 143
42 435
479 436
303 210
60 452
41 210
94 36
319 154
35 395
433 441
474 442
138 493
358 267
182 41
448 160
277 278
488 498
125 446
235 52
143 463
289 288
80 114
291 334
313 93
392 386
406 284
175 159
290 109
389 88
191 103
416 221
228 170
271 217
304 165
399 402
127 468
295 52
126 243
148 2
184 221
10 68
371 47
101 186
376 391
128 289
109 47
293 356
274 114
26 12
413 458
237 232
311 181
80 248
327 125
387 176
29 468
440 2
82 294
478 294
142 345
178 2
257 295
269 120
381 361
105 463
158 289
56 12
308 233
24 474
137 351
170 299
266 7
169 74
174 418
361 244
433 120
111 69
415 480
437 239
148 136
123 79
301 351
26 146
34 7
177 315
125 125
278 367
47 434
181 434
275 69
118 85
351 64
29 13
67 305
153 79
292 423
345 249
9 300
229 74
192 192
250 362
384 362
21 310
309 188
212 255
245 203
14 270
36 29
397 8
266 491
428 260
427 35
481 271
66 29
145 322
236 440
269 388
291 147
81 337
122 338
142 24
4 90
45 91
83 383
441 91
480 19
173 276
360 102
2 394
492 29
189 220
230 29
73 45
78 389
152 338
224 214
397 142
187 332
30 348
52 107
225 35
469 395
450 153
202 51
293 169
31 169
466 97
242 389
369 164
11 456
429 215
481 405
29 281
483 451
464 209
221 451
334 328
367 276
119 174
480 153
99 461
443 271
76 477
46 46
84 338
249 405
285 62
362 282
73 179
174 231
191 400
127 415
228 467
209 225
300 343
165 118
225 169
472 46
293 303
394 355
12 61
204 231
317 108
162 5
468 277
294 124
65 72
445 293
156 190
269 67
141 67
480 287
158 236
479 62
195 303
308 180
456 78
137 298
233 6
250 175
400 119
245 16
341 478
322 236
19 427
225 303
54 421
301 298
245 366
465 140
451 242
371 478
407 135
217 11
296 304
310 202
348 494
199 371
498 438
308 314
137 432
134 134
39 274
37 201
14 217
476 248
228 146
266 438
379 315
453 264
164 161
203 89
282 382
413 84
32 392
407 269
258 146
34 438
139 454
483 264
312 382
9 381
64 280
446 382
105 89
485 310
311 157
8 156
388 377
462 326
99 274
214 224
217 495
103 393
464 372
497 320
268 460
422 146
243 403
303 454
339 111
399 162
397 89
75 38
374 105
453 398
131 347
277 172
304 275
54 100
147 291
204 44
33 162
489 213
184 331
371 157
450 450
274 224
64 414
45 172
408 224
177 291
424 168
462 460
253 286
327 235
404 455
276 455
389 332
191 347
227 4
339 245
366 348
116 173
190 122
368 394
390 183
155 286
433 230
245 179
283 471
391 4
33 296
451 55
220 122
51 313
393 50
123 189
444 15
177 425
311 425
28 302
426 348
62 71
227 138
378 307
116 307
79 425
416 10
241 194
361 488
58 487
433 364
469 21
92 71
317 189
220 256
261 257
385 323
85 31
71 133
145 82
164 324
53 493
461 318
125 369
28 436
88 487
499 21
349 262
44 380
25 138
426 482
81 447
141 498
442 426
175 82
276 134
345 493
243 216
325 26
476 195
57 211
131 160
309 432
474 499
111 447
298 273
432 273
127 391
182 98
261 391
242 149
247 493
283 150
374 268
71 267
145 216
164 458
386 278
334 88
499 155
177 104
201 498
215 396
297 206
462 273
214 171
286 47
406 341
24 47
103 340
84 98
115 165
464 319
216 217
307 335
367 386
441 335
45 335
389 145
480 263
228 227
19 53
84 448
244 171
343 150
417 99
54 47
298 407
36 407
108 283
47 7
107 58
181 7
183 53
293 413
334 222
408 171
125 48
364 64
140 356
313 284
406 475
404 402
440 59
426 161
211 7
238 110
81 126
100 176
3 243
135 362
341 238
368 341
459 459
114 424
147 372
458 234
491 182
394 249
433 177
126 434
148 193
239 311
486 188
150 239
183 187
53 306
34 64
466 475
144 424
218 373
488 234
215 75
253 367
32 368
13 126
388 3
178 193
250 69
7 311
351 121
67 362
268 86
6 86
138 13
234 475
19 321
60 322
41 80
454 249
453 24
136 317
222 91
395 19
474 312
92 18
298 86
14 327
36 86
418 188
113 306
412 373
150 373
483 24
317 486
201 311
275 260
118 276
104 378
200 86
48 446
6 220
386 441
344 215
55 112
457 92
94 40
195 92
272 312
57 158
117 209
492 86
249 328
73 102
224 271
14 461
75 148
209 148
11 163
38 266
263 384
376 261
427 226
64 174
143 467
413 328
402 169
140 169
489 323
167 272
404 215
194 405
255 92
3 56
8 400
341 51
420 344
79 51
459 272
21 46
155 46
339 355
361 114
36 354
149 231
374 349
410 6
371 51
241 170
279 462
53 119
177 185
28 62
102 11
445 350
156 247
104 57
109 401
238 57
477 73
86 417
141 124
172 191
306 191
292 293
479 119
231 17
308 237
60 135
132 11
137 355
192 62
324 181
477 423
458 181
260 196
89 314
75 416
460 227
437 243
187 68
352 135
68 376
337 12
375 304
414 232
240 79
47 438
181 438
129 248
468 468
310 259
34 361
194 84
23 202
102 495
446 305
229 78
151 387
2 264
425 367
153 433
134 191
309 192
20 89
212 259
38 79
150 320
203 146
277 95
166 264
205 192
331 331
485 17
32 449
66 33
236 444
291 151
332 152
483 321
142 28
276 28
97 285
441 95
480 23
196 264
270 213
8 213
233 331
346 208
24 157
1 173
18 342
138 444
251 321
339 168
399 219
416 388
94 337
38 213
492 383
304 332
147 348
279 275
353 224
69 465
144 50
204 101
179 44
313 44
156 60
183 163
348 230
499 399
480 157
195 173
478 461
115 409
288 337
362 286
389 389
193 477
475 163
227 61
287 112
292 456
94 471
437 56
128 240
241 117
315 66
144 184
278 184
322 456
391 61
69 10
451 112
179 178
280 230
385 246
82 245
467 56
104 4
472 400
310 72
12 415
199 241
23 15
372 169
88 410
252 252
288 471
398 77
37 71
42 415
382 483
19 431
490 16
352 82
95 426
164 31
342 303
20 252
428 77
455 180
33 487
69 144
418 298
321 365
407 139
118 36
123 380
296 308
370 257
194 31
221 134
485 180
275 370
27 268
44 437
250 313
76 160
194 381
288 16
419 499
224 31
41 324
132 442
154 201
192 493
38 26
469 212
432 330
110 279
108 206
316 155
85 222
219 222
236 391
235 166
372 437
140 279
200 330
286 104
346 155
464 376
189 171
249 222
340 340
4 391
441 392
265 166
22 408
438 94
19 110
93 59
68 2
54 104
169 54
207 346
110 413
471 392
149 341
235 300
427 470
461 54
499 346
273 3
259 105
364 121
179 341
440 116
473 64
211 64
18 423
67 285
158 403
347 110
135 419
176 228
394 306
185 132
223 424
283 475
317 59
373 368
49 244
393 54
315 363
296 121
177 429
350 357
386 14
451 409
201 234
349 132
151 147
252 199
238 301
255 470
403 368
444 369
62 75
136 24
172 435
213 244
345 363
42 362
303 137
308 481
132 255
476 65
453 81
458 425
222 148
260 440
455 127
245 317
224 194
284 245
148 384
96 194
261 261
321 312
333 137
338 481
315 497
483 81
488 425
240 323
64 97
499 25
27 215
118 333
66 143
104 435
252 333
291 261
351 312
268 277
328 328
340 153
367 256
229 322
270 323
325 30
366 31
302 46
35 456
249 385
309 436
422 313
358 328
58 36
127 395
182 102
228 447
85 169
186 221
277 339
263 441
450 267
188 267
182 452
350 36
66 277
88 36
167 329
200 277
404 272
194 462
288 97
329 98
292 216
77 62
286 401
360 350
19 57
456 58
230 277
271 278
1 417
339 412
347 273
89 237
126 304
112 406
470 114
165 232
198 180
373 181
385 6
338 160
445 57
491 402
274 175
427 417
375 227
259 52
181 361
179 288
201 47
65 186
7 181
328 7
419 125
424 469
195 417
382 243
46 294
495 120
206 17
136 187
96 7
338 294
296 68
166 187
226 238
317 356
160 372
220 423
32 372
407 249
388 7
34 418
328 141
345 310
157 259
105 69
270 136
330 187
22 34
46 428
443 64
173 203
35 269
39 388
395 23
113 310
203 203
337 203
390 29
106 270
92 372
188 80
279 198
413 198
17 198
393 485
118 280
429 142
219 332
409 429
194 275
307 152
4 151
9 495
45 152
50 496
270 270
99 388
173 337
443 198
272 316
189 281
249 332
395 157
422 260
100 209
265 276
339 225
223 50
341 271
322 29
304 389
101 60
188 214
293 230
31 230
108 450
130 209
80 122
354 102
82 168
142 219
183 220
235 410
257 169
329 45
482 287
22 302
248 56
360 297
115 466
137 225
422 394
114 241
174 292
155 50
260 66
3 410
168 477
116 287
190 236
93 303
357 349
49 4
241 174
414 102
226 51
295 410
465 67
451 169
88 117
129 118
143 16
332 477
5 82
49 354
393 164
197 252
467 113
472 457
329 179
26 370
12 472
86 421
180 56
350 467
498 365
135 313
479 123
63 410
495 67
238 411
35 82
213 354
39 201
479 473
152 78
212 129
55 145
437 247
476 175
30 88
412 190
169 432
245 427
143 150
49 488
423 140
409 242
483 191
235 89
6 37
9 308
50 309
102 499
105 16
446 309
196 134
289 325
297 186
421 252
25 252
99 201
178 494
272 129
2 268
84 78
497 247
254 489
474 263
59 21
265 89
339 38
399 89
319 325
492 253
376 78
455 371
207 269
205 196
427 43
91 94
369 38
393 432
85 279
481 279
392 207
161 274
386 392
413 495
105 150
480 27
297 320
402 336
388 438
360 110
365 454
98 110
271 38
307 449
288 207
18 346
496 156
52 115
492 387
225 43
376 212
54 161
207 403
246 331
279 279
301 38
320 280
380 331
107 172
181 121
186 465
220 49
258 341
332 290
10 239
373 291
423 408
87 459
123 116
202 409
255 43
64 475
163 454
199 111
232 59
248 3
234 105
313 398
65 296
440 173
426 275
252 122
153 116
306 358
287 116
77 306
116 234
460 44
165 126
244 419
285 420
343 398
185 189
220 183
197 199
150 353
236 127
53 420
218 487
350 414
23 19
498 312
162 363
201 291
5 379
27 138
159 65
269 425
329 476
309 9
56 317
37 75
152 25
212 76
243 143
248 487
281 435
454 363
206 261
319 138
16 137
453 138
131 87
230 66
39 498
469 82
185 323
133 133
207 82
247 420
335 267
85 92
434 246
236 261
310 210
87 138
120 86
125 430
226 482
499 82
407 493
440 441
462 200
200 200
76 164
84 25
442 487
189 41
268 334
216 144
138 261
55 226
399 36
416 205
99 498
302 103
79 31
134 492
208 441
246 144
17 92
127 452
108 210
493 21
261 452
209 262
302 453
52 278
15 396
87 272
109 31
12 98
91 391
215 457
256 458
297 267
27 406
350 93
484 93
214 232
489 437
179 211
24 108
18 293
4 395
77 119
383 391
438 98
244 232
147 299
298 468
493 155
223 294
410 120
33 170
470 171
373 238
109 165
86 181
125 109
278 351
162 176
280 397
445 464
478 412
63 170
178 120
40 186
81 187
158 407
151 367
285 367
431 192
72 259
70 186
171 238
299 423
144 485
125 243
166 244
273 141
226 295
278 485
28 310
129 362
179 479
289 85
275 187
440 254
351 182
425 131
120 249
268 147
276 8
78 23
8 193
173 260
384 480
136 378
492 13
227 496
359 423
358 198
41 491
74 439
261 265
16 434
126 40
450 137
465 445
182 322
297 80
27 219
214 45
483 435
115 39
194 332
142 142
221 435
441 209
45 209
292 86
25 496
443 255
168 50
200 497
401 29
1 287
246 91
209 209
302 400
186 225
487 153
198 50
239 51
390 220
106 461
218 113
316 456
369 282
355 384
66 281
179 158
5 5
10 349
307 343
255 153
67 102
105 394
210 410
158 220
311 462
306 118
345 46
135 236
484 390
46 164
473 231
151 180
73 297
21 107
260 123
347 277
72 72
264 242
281 411
341 462
322 220
410 67
0 169
74 118
93 360
239 185
376 456
123 10
31 421
144 298
218 247
199 5
204 349
295 467
33 467
32 242
393 221
123 360
86 478
254 62
345 180
151 314
206 21
159 175
238 468
62 242
497 170
363 355
96 11
132 422
352 196
300 6
164 145
241 365
53 314
418 412
201 185
289 32
333 304
407 253
393 355
71 304
365 27
48 320
29 78
461 489
464 6
199 489
6 94
45 22
83 314
344 89
330 191
8 140
13 484
286 84
395 27
474 320
78 320
152 269
133 27
212 320
422 130
399 146
127 212
209 22
319 382
30 279
415 90
230 310
337 207
106 274
293 100
91 151
256 218
407 387
393 489
198 213
184 315
318 315
122 403
221 382
367 207
8 274
388 495
443 202
135 49
313 321
473 44
115 336
189 285
211 44
340 454
73 110
114 111
100 213
265 280
325 331
165 49
244 342
343 321
68 116
73 460
155 270
279 336
17 336
466 162
108 454
283 455
470 281
451 39
253 54
123 173
161 465
370 50
447 270
350 337
135 183
121 285
214 476
456 9
65 353
46 111
115 470
271 229
389 450
62 55
213 224
42 342
460 101
382 410
14 14
19 358
93 307
206 184
266 235
68 250
150 60
155 404
260 420
58 471
493 399
166 4
204 296
336 415
418 225
373 482
109 409
145 66
274 476
370 184
461 302
409 112
364 369
83 127
248 194
13 297
435 20
233 71
398 138
351 292
62 189
136 138
442 410
4 184
284 9
363 302
55 149
93 441
456 493
416 128
490 77
132 369
495 421
192 420
357 487
90 143
203 20
20 313
428 138
469 139
166 138
331 205
69 205
143 154
148 498
449 426
146 425
434 303
217 76
258 77
87 195
50 313
215 380
270 87
388 308
99 205
178 498
443 15
29 375
84 82
478 201
381 268
4 318
303 385
325 144
41 385
490 211
94 211
281 37
305 431
379 380
57 329
38 87
15 103
395 324
17 149
471 319
209 319
300 437
186 335
406 109
409 380
274 155
408 155
27 463
402 340
80 289
327 166
404 386
189 232
142 386
216 335
403 161
436 109
265 227
251 329
457 397
479 156
264 2
93 120
98 464
454 99
304 340
395 458
68 63
320 284
72 182
58 284
110 474
89 351
70 109
144 58
359 212
209 453
295 227
148 177
146 104
321 105
390 464
197 69
315 290
26 187
375 341
34 48
163 458
372 43
440 177
63 227
255 397
463 346
345 290
231 188
243 13
281 305
19 305
437 64
495 234
170 474
211 475
460 398
470 362
412 357
486 306
71 64
331 368
364 316
23 23
446 126
451 470
13 244
402 19
440 311
329 480
67 480
172 496
270 250
251 8
154 75
453 142
309 363
73 86
111 378
205 13
418 306
449 373
476 476
108 80
448 148
90 440
236 265
277 266
409 193
106 384
87 142
161 91
226 486
353 261
201 429
316 379
402 153
80 102
429 256
392 374
29 322
103 271
442 491
478 148
464 250
119 215
105 317
463 25
191 91
383 261
319 276
286 328
341 35
57 276
98 277
79 35
492 204
134 496
271 205
469 220
155 30
339 339
399 390
96 389
295 40
374 333
322 143
203 451
373 108
101 174
256 462
402 287
424 46
28 46
429 390
198 457
406 406
354 216
290 231
367 451
119 349
158 277
232 226
61 344
405 154
368 272
170 287
271 339
1 478
431 62
35 62
155 164
475 334
134 41
246 282
359 159
433 108
111 57
149 349
176 452
190 350
314 416
410 124
14 124
47 72
165 293
146 51
385 67
49 118
123 67
164 68
293 478
241 288
70 406
364 129
201 108
13 57
481 125
467 227
329 293
172 309
259 463
328 68
9 288
248 304
382 304
330 114
60 253
379 6
76 197
497 227
222 22
287 417
356 22
20 73
56 484
89 432
433 242
96 68
439 407
112 12
203 130
301 473
337 130
342 474
218 438
413 125
220 484
256 141
294 433
481 259
66 17
71 361
489 120
351 186
43 33
172 443
464 63
268 151
386 372
9 422
83 371
344 146
286 141
425 485
230 17
271 18
1 157
323 208
395 84
400 428
75 79
113 371
300 197
16 438
90 387
112 146
487 23
492 367
263 315
304 316
207 383
240 331
353 208
242 377
481 393
145 444
184 372
217 320
313 28
87 439
290 44
485 485
210 280
158 90
311 332
214 399
115 393
189 342
362 270
436 219
384 29
59 269
193 461
320 44
399 337
38 331
79 332
437 40
487 157
450 275
54 275
128 224
279 393
130 270
223 461
256 409
317 96
47 235
167 337
198 404
253 111
258 455
332 404
197 179
269 55
255 157
274 399
26 297
348 348
67 106
364 292
498 292
135 240
195 291
382 117
151 184
250 163
21 111
100 404
153 230
265 471
287 230
433 55
479 400
190 297
176 399
415 415
437 174
68 307
241 235
125 60
369 420
418 282
451 230
7 189
444 190
447 461
172 256
254 66
259 410
345 184
289 252
46 302
421 179
104 472
425 298
442 467
497 174
452 431
416 185
449 133
454 477
113 184
187 133
476 236
495 478
16 251
439 354
131 201
358 365
432 314
91 21
449 483
261 432
32 380
333 308
236 375
296 426
370 375
318 185
392 134
409 303
120 200
199 493
312 370
334 129
402 263
388 365
159 313
103 381
459 16
367 427
422 134
59 82
303 442
55 340
314 42
230 314
356 453
395 381
376 139
417 140
469 330
293 104
394 156
96 499
430 375
126 341
184 319
280 27
406 166
445 94
311 279
259 89
135 53
484 207
234 32
387 274
368 32
403 218
40 166
339 233
287 43
168 351
116 161
415 228
19 228
368 382
401 330
343 325
207 464
144 115
223 408
410 234
451 43
239 352
310 3
499 464
364 239
80 480
201 218
289 65
63 284
137 233
252 183
329 403
384 110
361 126
326 105
460 105
138 54
212 3
41 121
476 49
352 13
357 357
320 475
342 234
72 373
469 9
144 249
284 229
396 470
0 470
148 368
247 347
412 414
11 70
486 363
109 413
150 414
48 137
122 86
483 65
488 409
273 255
259 357
372 234
201 352
291 245
442 414
153 311
326 239
18 86
56 378
152 86
330 358
41 255
416 132
168 30
159 476
319 199
222 266
304 76
469 143
279 19
358 312
471 189
108 137
486 497
90 497
318 132
139 389
353 318
256 385
242 487
118 451
313 138
406 329
65 36
103 328
120 497
189 102
389 133
191 148
8 441
360 334
456 42
131 282
222 400
399 447
72 52
314 339
470 98
225 267
128 334
109 92
293 401
274 159
91 452
204 329
278 278
80 293
5 119
65 170
119 406
475 41
292 334
378 108
383 452
419 109
382 227
137 396
431 119
436 463
458 222
260 237
361 289
58 288
89 355
264 356
314 473
294 6
299 350
321 109
241 345
204 463
47 479
80 427
179 406
294 356
289 12
280 458
65 304
44 181
82 473
467 284
324 6
370 351
172 366
306 366
56 191
42 293
97 192
367 53
377 17
368 463
324 356
420 64
309 233
433 299
111 248
460 402
264 490
74 366
471 2
15 136
428 305
139 202
391 423
50 130
333 418
104 366
291 192
122 383
216 18
6 208
23 377
9 479
78 84
270 254
292 13
8 254
173 321
272 300
305 248
76 388
474 434
78 434
147 39
212 434
298 208
251 362
75 136
261 326
209 136
258 28
299 29
390 147
101 44
207 440
293 214
334 23
177 39
237 90
489 311
179 85
258 378
291 326
332 327
290 101
276 203
329 29
334 373
105 321
193 168
480 198
210 337
232 96
311 389
292 147
22 286
3 44
121 265
214 456
360 281
341 39
387 384
98 281
459 260
417 34
422 378
224 393
264 169
437 97
74 45
15 404
376 383
68 230
466 276
488 35
429 394
107 343
167 394
332 461
354 220
65 117
257 287
389 214
444 113
482 405
494 230
259 333
61 348
405 158
83 107
479 107
498 349
46 225
436 410
35 66
62 169
213 338
287 287
309 46
39 185
452 354
14 128
165 297
410 478
148 478
146 405
280 405
354 354
486 473
118 77
219 129
236 298
139 365
199 416
259 467
196 118
435 134
151 375
2 252
351 406
62 303
328 422
400 298
59 5
243 314
303 365
14 262
437 365
476 293
113 241
352 257
300 67
131 258
263 185
376 62
279 129
69 319
160 437
407 314
44 262
355 124
481 263
236 432
332 140
29 139
483 309
23 324
446 427
45 83
482 84
499 253
196 252
311 202
297 304
27 443
344 150
365 438
425 489
29 489
100 140
399 207
471 83
75 83
149 32
319 443
117 494
469 387
394 213
466 89
47 105
429 207
181 105
468 135
280 84
409 494
82 99
311 336
80 403
162 213
459 207
63 207
18 464
422 325
193 465
227 49
366 393
42 269
472 38
293 295
246 449
315 54
320 398
342 157
414 33
144 172
278 172
410 291
451 100
160 116
280 218
334 454
26 301
408 403
444 60
158 228
484 398
83 54
327 414
159 49
250 167
419 353
138 111
229 229
377 127
382 471
79 470
476 106
192 347
228 4
458 466
95 414
169 363
439 224
260 481
245 358
247 404
296 296
26 435
318 55
23 137
64 138
162 481
196 65
44 425
118 374
238 476
272 60
62 250
227 317
323 25
18 143
56 435
152 143
243 261
303 312
435 431
127 86
341 15
379 307
134 476
222 323
111 492
59 302
224 369
298 318
279 76
380 128
17 76
430 245
112 313
489 71
263 482
337 431
318 189
15 380
221 256
312 374
427 324
124 323
210 97
275 492
162 26
200 318
327 93
387 144
464 364
216 262
40 36
389 190
193 278
480 308
251 256
344 447
77 103
267 200
1 458
72 109
471 380
70 36
108 328
130 87
295 154
126 345
186 396
87 390
274 216
28 160
484 211
162 160
178 104
252 53
238 155
288 272
329 273
114 119
158 391
232 340
378 165
46 335
147 417
208 104
361 346
336 289
14 238
487 458
468 216
51 305
472 335
241 402
315 351
12 350
139 125
177 417
278 469
350 345
424 294
275 171
349 120
354 464
467 341
197 480
268 131
328 182
326 109
56 248
243 74
248 418
382 418
476 53
159 346
35 310
62 413
136 362
208 238
356 136
20 187
433 356
455 115
92 63
166 12
171 356
437 475
69 79
108 7
239 490
242 7
321 300
374 126
448 75
486 367
71 125
186 75
236 192
122 90
483 69
386 136
28 428
372 238
143 378
124 136
430 408
465 429
242 357
5 444
44 372
404 126
142 126
216 75
268 265
290 24
83 485
8 311
490 85
495 429
168 34
305 305
401 13
117 254
492 131
78 491
152 440
212 491
110 214
490 435
261 383
355 18
85 157
277 327
373 35
428 496
101 101
106 445
293 271
311 96
80 163
484 24
253 91
291 383
463 86
195 271
79 96
189 456
323 456
288 435
73 281
417 91
422 435
246 209
394 107
3 451
72 56
126 292
79 446
470 102
487 271
371 96
472 148
47 349
66 399
429 451
465 108
65 174
426 153
183 395
348 462
389 271
81 118
97 62
231 62
382 231
46 282
151 298
285 298
287 344
171 169
264 360
336 236
418 46
148 185
127 62
146 112
160 10
342 401
466 467
218 365
226 226
413 52
289 16
123 478
197 427
489 47
217 113
7 303
351 113
34 406
172 370
199 473
441 6
210 73
22 22
324 360
398 309
134 236
361 427
229 473
284 180
55 320
36 78
397 57
16 365
52 22
53 432
205 237
64 32
17 186
129 427
297 11
66 78
483 366
194 263
180 365
221 366
235 264
381 89
9 483
446 484
297 361
22 156
173 325
2 443
24 202
473 28
175 371
230 78
100 197
94 382
112 207
15 274
390 151
68 100
54 202
133 495
205 371
31 218
91 269
430 489
130 197
209 490
256 336
429 264
181 162
142 207
348 275
389 84
499 444
172 49
424 270
387 388
46 95
288 382
227 106
19 342
454 270
417 388
128 285
202 234
130 331
245 281
198 465
146 275
5 70
354 224
407 50
81 65
67 167
86 409
199 286
345 111
23 60
372 214
327 471
440 348
132 3
398 122
2 122
438 460
243 184
437 235
68 368
16 178
263 55
356 246
488 173
130 465
218 312
240 71
358 292
146 409
182 66
242 117
407 184
44 132
85 133
197 374
481 133
219 133
486 477
318 112
34 353
423 128
364 487
252 431
272 117
84 66
189 82
362 10
97 493
422 61
231 493
191 128
113 245
300 71
30 210
341 72
57 313
244 139
230 241
376 66
106 205
455 359
31 31
69 323
91 82
335 442
316 200
333 369
85 267
429 77
236 436
184 246
221 313
386 380
50 431
215 498
22 103
27 447
121 82
98 98
137 26
249 267
271 26
1 165
288 195
436 93
441 437
477 94
475 21
366 263
3 211
77 160
452 37
75 87
195 381
267 257
93 104
131 396
487 31
266 32
417 201
293 165
394 217
31 165
144 42
223 335
209 437
468 139
183 155
26 171
86 222
461 99
179 386
253 335
5 233
349 43
65 284
46 42
151 58
250 37
3 345
262 47
267 391
473 459
338 42
379 43
21 335
95 284
491 284
155 335
361 403
342 161
20 110
171 279
245 228
410 295
280 222
335 121
472 392
48 64
447 335
488 336
125 284
312 110
386 59
28 351
372 161
485 38
275 228
13 228
462 54
159 53
200 54
365 121
153 238
42 407
377 131
60 424
490 8
495 352
154 59
266 300
16 125
57 126
492 54
260 485
282 244
433 413
469 70
111 362
133 121
224 239
108 64
48 198
101 24
488 470
427 194
465 486
499 70
215 311
440 429
481 430
99 136
140 137
252 378
217 357
387 14
175 131
97 440
105 301
435 435
490 142
244 86
376 13
111 496
185 445
224 373
17 80
96 373
397 301
182 147
187 491
335 389
314 266
355 75
52 266
299 143
371 19
101 158
274 86
177 153
163 255
237 204
316 497
355 425
388 373
424 30
88 81
217 491
329 143
441 384
40 40
210 451
366 210
77 107
168 225
281 102
382 154
93 51
347 318
380 266
493 143
245 41
47 56
396 210
74 159
371 153
123 51
472 205
12 220
88 215
253 282
201 92
63 158
7 226
158 395
180 154
306 293
345 221
56 118
135 411
479 221
157 170
308 339
382 288
421 216
134 159
222 6
37 226
336 293
148 242
96 52
165 411
16 288
202 478
375 406
34 113
218 422
372 108
446 57
143 248
13 175
104 293
81 309
425 119
172 427
326 113
105 114
196 232
270 181
330 232
60 371
159 350
2 366
384 468
400 412
455 119
133 68
138 412
284 237
0 478
352 371
338 473
16 422
202 23
312 191
17 243
129 484
485 119
71 479
140 84
310 495
365 202
423 372
478 79
483 423
156 28
276 130
480 125
330 366
443 243
249 377
288 305
422 305
59 253
133 202
212 495
298 269
36 269
347 131
471 197
75 197
262 23
415 265
396 23
304 434
68 157
101 105
128 208
301 136
375 85
108 495
130 254
218 101
242 495
66 269
107 270
258 439
332 388
313 146
354 147
216 213
45 331
389 141
480 259
172 106
345 34
424 327
346 444
46 152
1 409
343 146
40 337
398 45
477 338
361 163
58 162
438 383
336 106
19 399
52 347
93 348
396 157
454 327
390 342
49 49
428 45
414 147
28 111
220 281
201 39
82 347
26 415
370 225
259 394
162 461
308 286
330 45
473 353
238 456
398 179
458 230
213 399
37 173
152 123
284 50
377 241
55 190
127 66
165 358
414 281
455 282
185 421
256 72
321 467
29 66
34 410
442 235
139 426
6 82
345 302
386 303
482 11
215 421
289 370
248 369
270 128
60 318
365 365
346 123
398 313
420 72
189 139
249 190
1 88
474 308
422 118
152 257
265 134
363 477
113 302
154 303
206 493
228 252
415 78
131 319
117 421
186 26
492 298
428 313
358 483
432 432
130 67
204 16
256 206
374 427
429 134
107 83
167 134
277 494
10 150
312 488
381 93
402 381
66 432
214 330
286 206
234 16
175 375
276 427
73 98
78 442
463 253
325 319
302 335
401 314
93 161
230 432
304 381
390 155
417 258
396 320
470 269
451 27
32 43
371 263
348 279
408 330
158 155
237 448
259 207
484 325
88 325
473 166
151 115
463 387
303 105
341 397
363 156
454 274
338 99
16 48
356 116
72 357
359 387
185 234
226 43
396 454
0 454
385 295
445 346
85 3
483 49
312 167
289 183
159 110
81 419
175 54
213 346
249 3
460 223
251 49
19 480
131 132
136 476
72 491
279 3
380 55
143 142
108 121
146 413
182 70
333 239
407 188
448 189
198 14
310 255
423 132
413 353
143 492
237 127
178 486
217 414
365 312
346 70
29 363
478 189
115 137
194 430
464 291
326 357
441 307
78 255
496 14
105 358
435 492
490 199
438 9
267 127
20 435
293 35
284 481
110 328
130 14
374 374
11 322
448 323
107 30
112 374
198 148
299 200
15 441
485 363
489 482
121 86
214 277
179 256
103 446
82 323
464 425
216 323
288 199
4 440
389 251
441 441
174 97
479 144
121 436
360 452
170 328
192 87
72 170
471 441
130 148
171 149
223 339
186 457
202 401
301 380
12 277
139 52
181 463
234 97
275 98
104 216
269 283
351 93
425 42
172 350
287 108
378 226
248 345
206 119
266 170
72 304
58 406
245 232
336 350
322 452
74 350
148 299
160 124
261 176
338 396
164 243
236 119
428 289
364 304
391 407
451 458
50 114
294 474
467 402
219 300
252 248
478 2
416 63
21 473
497 402
222 197
73 74
152 367
133 125
138 469
212 418
284 294
358 243
335 259
30 377
453 480
164 377
112 187
203 305
184 63
258 12
423 79
312 248
177 23
215 315
256 316
311 23
481 434
462 192
217 361
365 259
404 187
189 33
329 13
193 152
210 321
3 28
8 372
99 490
267 74
382 24
115 434
21 18
59 310
260 34
246 136
339 327
77 327
359 13
397 305
228 496
300 372
401 424
33 28
470 29
186 270
165 147
256 450
350 85
107 327
451 137
162 34
5 50
10 394
43 342
478 270
290 219
7 96
45 388
81 45
306 163
292 265
383 383
419 40
248 158
93 55
459 378
1 466
320 219
58 219
111 45
262 214
322 265
14 112
410 112
165 281
266 333
431 400
49 106
472 209
491 451
301 327
428 102
218 292
47 410
465 169
146 389
5 184
481 113
104 163
255 332
67 281
494 348
442 158
194 56
231 123
173 118
206 66
233 169
458 287
497 215
39 303
326 333
56 472
452 472
171 230
437 349
41 349
132 467
321 174
352 241
68 482
236 66
53 359
428 236
488 287
465 303
160 421
242 231
32 421
407 298
44 246
429 57
104 297
310 365
122 314
464 51
386 360
83 359
215 478
60 375
8 185
286 129
362 124
207 21
212 365
339 140
377 432
75 67
113 359
154 360
187 308
415 135
126 32
304 304
428 370
166 370
110 438
242 365
316 314
11 432
179 16
258 309
122 448
142 134
235 325
64 443
45 201
163 422
297 422
383 196
457 145
443 247
214 387
170 88
175 432
285 38
339 274
3 325
89 99
75 201
168 392
176 253
302 392
267 371
68 161
147 454
128 212
472 22
91 330
414 17
278 156
451 84
167 325
32 100
274 387
232 161
350 382
498 280
135 228
83 38
327 398
456 54
459 325
288 443
477 342
21 99
3 459
56 285
42 387
474 44
479 388
382 455
41 162
74 110
352 54
260 465
301 274
394 465
70 341
336 460
391 167
74 460
51 476
385 352
219 60
122 127
139 296
345 172
23 121
97 70
102 414
5 481
435 65
440 409
25 167
63 459
351 337
384 285
419 471
474 178
138 229
212 178
377 245
41 296
416 173
113 172
154 173
453 240
277 14
263 116
356 307
20 358
106 132
146 470
256 76
85 194
164 487
145 245
489 55
184 173
332 71
337 415
122 261
139 430
120 188
483 240
312 358
485 286
402 251
387 128
115 194
175 245
276 297
18 261
362 71
496 71
193 262
339 87
344 431
94 256
206 497
267 184
341 133
379 425
52 30
415 82
420 426
170 251
431 26
469 318
491 77
155 128
205 245
279 194
108 312
126 329
107 87
198 205
411 498
161 323
183 82
312 492
485 420
80 334
462 436
313 313
426 190
464 482
238 139
271 87
477 155
114 103
3 272
383 493
94 390
42 200
363 26
492 436
304 385
417 262
95 211
246 380
380 380
47 170
418 83
451 31
49 216
257 165
236 42
274 334
259 211
465 279
102 227
446 37
275 155
313 447
387 396
46 103
151 119
345 335
400 42
231 233
453 53
222 120
260 412
361 464
20 171
414 98
493 391
226 47
331 63
470 407
160 181
338 453
407 58
486 351
145 58
219 7
370 176
53 469
34 227
461 294
23 68
446 171
50 171
129 464
435 12
217 284
7 474
328 300
479 469
83 469
152 74
243 192
416 120
490 69
228 69
35 428
76 429
20 305
469 131
279 7
110 198
209 177
247 469
321 418
352 485
374 244
411 311
166 480
353 306
427 255
91 306
124 254
163 182
256 373
297 182
27 321
429 301
66 249
462 249
253 75
276 244
463 70
265 85
344 378
366 137
3 85
438 13
121 306
154 254
176 13
19 29
95 24
298 383
36 383
77 384
58 142
336 86
448 327
396 137
277 445
101 219
188 373
274 147
413 491
466 317
447 75
295 435
424 91
498 40
107 384
142 378
255 255
389 255
463 204
494 271
480 373
232 271
213 29
292 322
306 220
378 96
443 491
498 390
456 164
46 266
170 332
475 379
287 328
37 153
322 322
47 117
93 462
239 287
70 451
240 108
350 276
391 277
220 395
253 343
118 118
238 220
403 287
194 113
180 215
268 62
9 333
83 282
135 472
231 180
243 5
132 174
211 467
76 242
497 272
59 46
185 185
264 478
262 405
358 113
418 164
261 180
51 370
333 56
486 298
186 6
315 416
337 175
450 52
166 293
312 118
451 462
215 185
242 288
388 113
145 355
291 180
48 422
175 5
216 6
457 68
495 360
233 360
286 186
319 134
76 376
57 134
271 63
395 129
436 130
59 180
147 27
205 5
399 248
110 145
113 416
187 365
302 315
314 140
300 242
57 484
401 294
434 242
487 68
304 361
337 309
101 32
106 376
166 427
240 376
450 186
205 355
156 89
255 68
45 258
105 309
494 84
232 84
360 269
288 366
475 192
287 141
347 192
77 331
397 309
168 449
431 270
394 388
375 146
17 438
144 213
391 90
162 38
65 105
142 325
197 224
274 444
370 152
158 269
426 434
137 331
238 383
361 224
400 152
336 167
377 168
415 460
165 285
315 229
218 296
226 157
47 414
385 409
13 49
486 461
296 337
461 404
125 455
194 60
180 162
221 163
270 55
60 245
435 122
178 466
233 173
250 342
134 167
189 66
208 116
309 168
452 476
474 235
212 235
229 404
303 353
14 250
399 61
127 127
57 297
117 348
331 307
418 461
160 425
108 235
71 353
258 179
392 179
194 194
221 297
381 20
372 466
45 71
124 364
270 189
311 190
297 292
22 87
61 15
484 118
286 133
496 128
138 420
191 246
149 20
341 190
131 380
117 482
376 184
110 442
91 200
397 472
204 77
283 370
47 93
71 487
80 41
85 385
145 436
186 437
258 313
142 138
408 257
12 257
480 133
237 375
273 32
253 319
327 268
65 268
404 488
362 262
40 211
494 381
306 330
339 278
77 278
94 447
154 498
401 375
79 324
454 201
357 268
68 165
417 319
144 160
410 279
33 329
451 88
468 257
146 206
220 155
354 155
310 48
48 48
86 340
172 114
28 335
426 381
389 499
213 273
19 407
79 458
416 43
113 42
357 402
169 351
134 330
282 228
37 397
493 448
14 413
143 69
220 289
352 408
385 356
123 356
145 115
48 182
235 8
221 110
28 469
97 74
102 418
215 295
291 290
272 48
2 187
81 480
29 290
103 239
120 408
276 167
330 403
416 177
495 470
173 419
192 469
206 367
76 486
304 121
15 18
92 238
358 357
261 424
71 300
186 250
48 316
409 295
450 296
87 244
353 363
386 311
424 14
200 306
291 424
327 81
387 132
98 29
464 352
45 368
100 75
210 435
3 142
77 91
383 363
75 18
116 19
228 260
79 137
170 255
343 183
491 81
133 373
496 425
58 199
471 368
245 25
283 317
300 486
396 194
33 142
434 486
101 276
49 86
31 446
12 204
64 394
177 271
163 373
199 30
424 148
88 199
162 148
387 266
65 215
63 142
137 91
178 92
119 451
232 328
116 153
267 322
192 148
35 164
458 267
155 266
208 92
72 231
20 41
452 452
149 451
264 401
47 174
449 154
321 154
32 51
49 220
393 30
301 441
26 236
179 451
215 108
289 57
349 108
426 328
324 51
403 344
425 103
270 165
46 457
159 334
398 350
21 400
57 57
95 349
0 462
127 237
113 339
239 478
209 47
11 62
315 473
353 176
124 124
485 103
289 191
27 191
13 293
44 360
118 309
140 68
43 135
194 304
142 114
6 253
119 130
57 191
249 361
304 68
340 479
474 479
73 135
152 428
246 63
339 254
471 181
113 473
223 79
228 423
90 489
131 490
277 315
106 433
166 484
207 485
205 412
256 377
316 428
402 202
355 356
140 202
214 151
29 371
120 489
426 7
142 248
403 23
45 315
105 366
499 485
210 382
94 207
405 69
382 85
19 33
456 34
459 305
323 444
147 218
260 95
320 146
452 265
75 315
149 264
0 141
247 18
371 84
68 275
450 377
202 275
274 151
26 49
12 151
226 80
102 44
167 439
253 213
142 382
238 90
81 106
135 342
98 460
459 439
271 388
95 162
342 39
433 157
449 101
454 445
338 270
90 168
144 404
143 179
201 157
275 106
32 348
333 276
425 50
461 461
172 358
199 461
328 117
386 287
8 112
250 399
305 106
153 466
323 123
303 410
110 15
206 477
187 235
352 302
11 9
90 302
448 10
222 421
20 472
376 107
414 399
450 56
256 190
242 292
66 66
71 410
219 308
217 235
318 287
483 354
464 112
482 129
124 421
193 26
210 195
270 246
344 195
22 144
27 488
25 415
443 174
462 416
272 292
2 431
103 483
323 257
18 375
436 134
114 83
251 354
325 303
452 78
15 262
188 190
241 16
31 206
471 478
108 426
429 252
179 77
483 488
334 365
45 262
447 242
172 37
158 139
80 448
216 494
290 443
191 437
306 387
116 263
460 73
262 88
0 88
93 279
454 258
16 32
246 494
72 341
433 320
92 27
369 335
391 94
430 22
468 314
5 58
354 212
269 104
370 156
199 274
424 392
405 150
234 268
327 459
60 115
421 94
25 94
238 387
134 37
227 228
39 177
340 105
474 105
190 346
303 223
0 222
437 223
16 166
90 115
356 234
433 454
317 279
14 470
391 228
247 449
316 54
164 414
197 362
217 48
370 290
411 291
23 182
446 285
201 454
27 301
8 59
200 229
324 295
291 347
346 54
365 296
29 347
62 295
103 296
194 414
323 70
326 341
152 188
265 65
3 65
16 300
453 301
244 127
230 229
96 414
430 290
127 481
108 239
209 291
167 65
332 132
34 475
161 250
312 419
427 369
482 76
86 76
237 245
259 4
291 481
365 430
84 188
276 358
288 183
78 373
463 184
193 323
22 441
77 148
383 420
42 127
75 75
454 71
487 19
147 328
205 306
246 307
394 205
31 153
397 476
144 30
223 323
245 82
374 492
448 441
396 251
109 194
348 210
334 312
447 189
237 379
498 154
275 82
46 30
276 492
329 318
114 164
232 385
287 92
366 385
116 210
460 20
176 261
281 277
341 328
0 35
93 226
211 447
320 390
347 493
20 98
433 267
33 333
432 42
468 261
146 210
239 401
299 452
123 226
71 36
472 380
274 395
12 395
391 391
451 442
462 42
159 41
76 6
67 452
425 160
326 154
382 463
55 68
159 391
319 114
458 458
62 458
134 334
282 232
395 109
37 401
455 160
358 227
69 124
418 278
186 120
236 237
48 186
125 406
235 12
64 130
50 232
413 284
311 7
13 350
407 469
104 468
140 125
81 484
478 120
120 412
175 119
367 289
97 428
243 253
8 356
99 474
233 474
267 58
420 300
57 248
131 197
84 351
304 125
343 53
111 484
469 192
207 192
246 120
223 136
261 428
322 115
263 474
337 423
373 80
472 59
274 74
86 23
485 294
297 243
80 208
140 259
88 69
181 260
258 480
332 429
392 480
464 356
367 423
403 80
389 182
67 131
270 490
438 74
135 265
346 485
456 91
98 383
458 137
265 496
394 152
397 423
452 322
47 44
396 198
470 147
247 75
68 332
49 90
315 209
26 106
375 260
144 327
177 275
278 327
295 496
424 152
66 444
167 496
179 321
354 322
13 29
494 332
328 40
498 451
229 34
363 34
46 327
137 445
266 101
324 271
136 220
282 45
20 45
433 214
37 214
474 215
212 215
187 158
335 56
51 297
439 379
241 394
263 153
139 117
144 461
312 45
413 97
215 112
5 302
172 415
254 225
196 220
443 97
250 456
361 472
400 400
59 107
36 123
302 242
300 169
338 461
85 15
112 118
150 410
263 287
455 457
488 405
432 473
17 231
182 298
467 467
423 360
161 360
221 411
83 477
297 406
214 371
420 247
368 57
175 416
249 365
285 22
73 139
59 241
246 67
361 17
399 309
416 478
262 11
165 78
450 247
54 247
205 416
279 365
144 140
177 88
66 257
184 478
354 135
7 27
177 438
232 145
237 489
311 438
61 263
195 263
234 191
313 484
98 330
285 156
1 397
357 32
398 33
260 99
325 494
3 443
460 130
225 263
412 89
54 381
128 330
155 433
260 449
241 207
278 274
317 202
146 320
201 27
280 320
257 336
180 89
424 449
23 105
308 274
63 443
285 290
287 336
152 111
303 280
363 331
55 178
454 449
490 106
247 156
302 55
335 3
117 275
203 49
356 291
218 357
279 44
317 336
358 337
256 60
261 404
316 111
355 39
123 470
467 280
48 296
139 414
483 224
194 121
273 414
23 239
311 117
118 476
159 285
115 178
194 471
39 368
362 55
395 3
436 4
138 347
251 224
325 173
399 122
168 189
154 291
302 189
52 14
38 116
492 286
376 111
469 302
466 4
130 55
11 363
489 173
258 240
406 138
409 409
101 256
483 358
480 60
210 199
289 492
140 369
121 127
286 194
327 195
43 436
216 364
347 66
416 425
228 374
176 184
431 144
279 312
320 313
17 312
466 138
75 482
130 189
218 36
295 256
448 498
33 256
220 82
423 441
82 148
109 251
348 267
26 216
12 318
86 267
370 26
375 370
408 318
177 385
163 487
199 144
364 211
484 313
88 313
253 380
234 138
327 329
387 380
473 154
384 82
477 273
494 442
168 457
243 42
93 283
132 211
282 155
70 272
92 31
396 442
0 442
146 267
321 268
407 42
34 211
350 447
446 155
233 47
269 458
291 217
340 109
83 453
157 402
330 330
113 103
95 463
106 63
148 474
449 402
164 418
236 294
318 104
34 345
101 69
125 463
166 464
485 217
210 12
66 233
99 181
178 474
272 109
29 351
478 177
175 176
254 469
6 367
4 294
422 53
193 193
231 485
210 362
265 69
3 69
435 480
267 115
272 459
131 254
79 64
343 110
155 59
224 418
358 418
399 419
380 177
283 244
369 18
126 260
167 69
198 136
337 480
101 203
450 357
202 255
427 373
297 300
388 418
61 23
404 362
45 429
477 86
482 430
475 13
210 496
94 321
443 475
368 301
459 419
260 209
70 85
130 136
223 327
295 203
47 101
10 219
491 492
109 198
315 266
301 368
26 163
139 40
130 486
204 435
391 261
498 158
294 328
280 430
327 276
349 35
82 445
63 203
156 394
269 271
81 220
158 440
292 440
378 214
135 456
116 214
460 24
281 281
330 143
456 282
211 451
169 225
260 343
213 497
246 445
433 271
111 220
322 440
113 266
335 113
51 354
434 92
236 107
310 56
34 158
409 35
102 292
124 51
289 118
407 339
462 46
104 338
103 113
464 92
268 180
345 400
157 349
231 298
196 277
22 124
41 174
420 170
282 236
474 406
59 164
399 232
449 349
397 159
182 5
85 72
428 411
488 462
166 411
427 186
215 303
311 11
316 355
291 298
29 298
478 124
221 468
290 73
193 140
265 16
457 186
99 478
135 135
195 186
233 478
79 11
84 355
473 130
133 247
265 366
394 22
283 191
396 68
165 135
277 376
376 355
54 304
472 63
202 202
150 12
188 304
279 422
427 320
413 422
447 6
204 248
28 22
66 314
88 73
426 68
307 376
292 253
383 371
498 321
286 438
24 438
398 90
114 331
458 141
174 382
39 157
149 325
460 187
176 428
264 275
322 253
431 388
486 95
128 387
169 388
375 264
364 105
317 259
47 398
102 105
107 449
129 208
275 33
123 393
141 218
232 336
479 213
229 38
173 106
282 49
39 291
20 49
377 286
399 45
206 404
302 112
338 331
68 470
117 332
342 450
411 55
53 347
376 34
166 224
432 343
418 445
182 168
407 286
44 234
467 337
291 111
139 471
120 229
9 398
248 414
196 224
344 122
200 343
233 291
250 460
272 219
360 66
365 410
398 358
227 476
6 477
326 455
59 111
496 112
174 61
325 230
416 348
302 246
57 415
117 466
222 482
68 15
128 66
430 404
466 61
471 405
283 354
407 420
33 179
71 471
179 4
258 297
310 487
156 20
183 123
290 20
480 117
210 256
383 184
25 476
387 303
473 77
175 420
249 369
114 144
58 20
457 483
415 257
93 206
304 426
469 493
293 267
301 128
394 319
70 195
144 144
429 313
129 21
445 257
255 133
172 98
232 149
498 268
83 26
88 370
46 144
211 211
238 314
62 88
153 206
287 206
382 443
437 150
74 98
