# family=structured seed=0
# opt_upper_bound=50
500 29978
476 78
379 145
453 94
439 196
428 37
144 278
166 37
107 396
160 222
280 324
407 99
71 150
150 443
122 115
180 93
312 212
297 89
330 37
99 104
159 155
324 222
497 150
127 58
476 212
192 453
319 228
453 228
277 2
263 104
304 105
455 274
69 238
418 392
96 341
160 356
187 459
261 408
448 234
186 234
198 59
310 300
263 454
101 126
120 176
240 470
372 397
413 398
105 53
485 274
275 464
349 413
272 166
365 357
24 64
175 233
290 183
381 301
362 59
436 8
243 367
476 346
281 70
282 480
106 254
147 255
207 306
279 182
320 183
36 424
96 475
471 352
108 300
493 111
434 470
487 296
373 194
15 486
123 19
161 311
183 70
348 137
177 255
237 306
364 81
350 183
462 424
66 424
121 131
253 250
103 491
464 470
156 317
252 25
276 419
18 383
4 485
482 487
191 311
438 188
267 306
363 14
285 323
436 492
133 491
155 250
241 24
301 75
245 143
148 210
146 137
280 137
321 138
257 153
34 81
199 148
278 441
253 384
280 487
354 436
440 210
426 312
104 261
137 209
153 153
232 446
366 446
419 272
42 322
234 492
377 46
151 457
476 25
35 282
453 41
20 159
58 451
111 277
185 226
245 277
284 205
418 205
220 220
247 323
412 390
123 287
150 390
236 164
488 385
166 334
364 349
372 210
102 349
50 159
402 52
252 293
291 221
141 462
153 287
175 46
441 165
138 164
443 211
476 159
134 395
469 119
111 411
474 463
171 462
212 463
205 46
284 339
397 216
490 407
300 283
38 283
112 232
263 401
376 278
279 345
64 191
163 170
44 478
140 186
327 12
464 283
156 130
367 350
482 300
494 125
270 417
8 417
383 294
168 140
154 242
456 18
98 310
492 237
323 428
491 12
496 356
397 350
168 490
171 7
410 23
74 74
15 433
183 17
26 33
177 202
66 371
451 182
167 423
43 387
156 264
104 74
178 23
403 141
40 89
389 243
141 141
172 208
158 310
345 136
443 479
157 85
95 146
213 367
347 367
58 264
116 434
185 39
176 485
165 326
220 33
68 393
301 372
488 198
218 337
226 198
364 162
391 265
88 264
181 455
426 259
156 398
252 106
250 33
172 342
120 152
232 393
157 219
105 29
344 45
349 389
206 111
252 456
233 214
420 40
153 450
20 106
400 327
455 34
229 445
36 50
41 394
261 168
412 337
277 112
15 112
166 281
386 55
160 466
215 173
71 394
332 169
318 271
43 66
29 168
406 118
442 337
254 286
307 112
446 456
105 163
480 40
210 179
297 333
173 297
286 174
76 364
271 51
309 343
400 461
436 118
422 220
59 168
174 118
265 236
325 287
30 369
52 128
112 179
337 297
390 123
395 467
428 415
54 174
353 241
143 431
430 461
466 118
237 66
66 184
184 405
387 10
87 472
216 128
408 298
105 297
480 174
172 21
292 123
297 467
46 67
473 134
478 478
288 354
18 493
422 354
174 252
361 78
347 180
58 77
452 196
223 144
267 416
341 365
52 262
396 72
417 360
147 499
315 83
320 427
17 426
58 427
70 252
130 303
331 27
47 268
28 26
33 370
82 262
467 73
238 21
370 140
81 37
447 360
424 376
83 83
327 443
24 442
151 217
285 217
233 27
238 371
362 437
477 387
21 144
153 263
361 212
326 191
433 88
281 448
41 207
476 135
379 202
150 150
356 218
493 489
92 145
391 212
129 212
371 499
407 156
183 448
370 274
461 392
194 48
259 443
498 459
234 386
340 223
4 274
78 223
113 217
154 218
434 43
117 336
492 213
222 352
282 403
356 352
337 110
293 3
279 105
17 105
91 54
96 398
489 100
296 459
29 115
139 475
483 285
334 162
64 301
367 110
446 403
289 419
311 178
214 245
195 3
346 172
43 363
288 167
436 65
73 13
422 167
138 408
378 60
416 352
452 9
476 403
57 419
170 296
203 244
356 486
304 296
293 137
353 188
380 291
110 430
397 460
471 409
182 306
112 476
186 425
167 183
179 8
423 368
82 75
156 24
255 3
124 486
177 312
163 414
383 188
43 497
387 307
473 81
459 183
137 132
271 132
250 9
436 199
479 246
341 312
382 313
492 481
58 374
493 302
322 420
33 317
487 487
239 385
373 385
86 328
125 256
199 205
259 256
28 323
83 30
253 441
354 493
440 267
25 25
63 317
104 318
252 216
238 318
255 487
398 41
153 210
497 20
254 262
419 329
78 36
243 103
308 498
437 154
41 154
416 31
154 31
384 493
16 97
169 339
92 92
331 108
317 210
432 160
110 109
143 57
449 329
44 51
85 52
145 103
184 31
310 170
161 47
273 288
9 215
446 216
124 165
435 57
159 159
250 277
290 53
276 155
105 273
243 237
435 407
94 114
168 63
173 407
453 232
57 232
117 283
134 452
59 278
394 2
17 52
256 68
355 47
164 479
277 356
10 12
48 304
312 350
348 7
413 402
499 176
215 417
297 227
388 345
365 361
103 361
142 289
216 238
307 356
18 253
436 12
389 166
494 182
265 130
344 423
42 58
116 7
267 176
265 480
320 187
380 238
110 377
149 305
171 64
314 372
52 372
74 131
186 372
468 58
299 249
376 469
87 366
109 125
364 85
484 187
13 13
216 372
252 29
307 490
477 147
119 439
67 249
158 367
116 141
46 311
192 136
246 372
282 29
58 321
89 388
449 142
225 434
236 34
241 378
296 85
466 496
350 321
391 322
102 219
451 373
280 491
27 45
494 450
153 157
268 107
97 225
138 34
233 271
62 389
222 112
356 112
309 266
361 456
326 435
395 40
433 332
185 230
284 209
449 276
397 86
471 35
333 101
356 462
53 461
92 389
312 163
413 215
201 332
242 333
13 281
44 348
216 51
173 354
195 113
346 282
98 180
207 123
224 292
89 67
108 117
209 169
30 426
448 185
126 134
112 236
207 473
205 400
64 195
413 349
237 123
327 16
119 252
463 62
270 421
281 21
272 467
360 314
382 73
368 175
95 16
75 303
176 355
267 473
322 180
52 319
244 489
352 22
338 124
417 417
486 22
293 381
241 191
320 484
375 191
53 140
70 309
364 32
129 135
162 83
253 201
385 320
371 422
440 27
445 371
197 269
178 27
269 145
274 489
494 263
273 264
259 366
306 212
383 432
484 484
456 156
459 427
132 32
159 135
271 376
324 202
436 443
95 150
100 494
400 197
37 145
116 438
93 454
261 38
90 156
342 377
70 443
139 48
245 444
242 146
316 95
333 264
393 315
467 264
34 382
120 156
268 54
196 151
344 49
151 408
495 218
233 218
272 146
497 264
222 59
1 60
340 280
78 280
325 157
416 275
449 223
127 172
476 326
319 342
453 342
164 239
112 49
304 219
376 95
450 44
469 286
108 280
242 280
66 54
71 398
29 172
87 342
221 342
312 460
480 44
196 285
402 353
457 60
121 111
346 229
43 420
387 230
103 471
459 106
340 414
138 465
191 291
3 240
149 65
264 15
302 307
453 476
112 183
395 471
133 471
205 347
295 240
101 374
161 425
221 476
334 353
480 178
172 25
248 20
387 364
24 312
368 122
189 379
1 328
403 308
21 14
458 15
260 30
366 426
347 184
77 323
452 200
79 369
192 246
51 41
150 20
260 380
89 498
130 307
33 374
468 302
145 26
236 144
274 436
370 144
12 436
172 159
275 257
426 426
104 375
137 323
329 493
463 493
378 385
454 380
352 103
222 222
493 493
92 149
331 165
47 406
358 268
449 386
220 334
261 335
247 437
486 453
310 227
258 37
34 329
122 176
423 104
221 155
23 170
64 171
485 201
289 289
349 340
214 115
200 217
252 407
365 284
2 232
351 386
340 227
97 469
243 294
94 171
127 119
154 222
206 412
302 120
300 47
131 238
356 356
20 407
358 402
31 7
17 109
96 402
430 278
283 228
300 397
448 295
33 53
107 2
470 54
258 171
64 305
45 63
50 407
311 182
27 423
80 249
424 59
462 351
121 58
24 125
65 126
98 74
137 2
175 294
271 2
1 141
307 413
276 346
40 69
3 187
116 64
228 305
319 423
341 182
79 182
244 249
207 367
36 485
493 172
322 290
220 13
225 357
299 306
373 255
390 424
274 249
499 367
402 434
372 3
46 18
151 34
389 357
67 306
475 131
480 475
457 491
94 439
195 491
264 96
363 75
137 486
244 383
192 193
285 384
147 450
439 70
208 137
58 378
493 306
322 424
396 373
148 271
220 147
321 199
434 76
409 19
414 363
372 137
9 85
124 35
129 379
179 496
13 204
329 440
62 96
194 215
345 384
4 91
9 435
138 91
243 107
330 261
20 220
460 492
261 282
321 333
30 349
412 451
434 210
71 158
184 35
263 328
411 226
15 226
48 174
423 51
409 153
87 102
92 446
427 170
69 462
407 457
145 457
254 400
18 123
367 277
78 174
154 169
249 406
323 355
309 457
1 304
298 298
339 299
358 349
96 349
322 103
448 242
198 67
184 169
304 463
450 288
202 186
240 478
91 355
182 473
163 231
369 299
424 6
253 124
29 416
404 293
82 242
156 191
216 242
381 309
367 411
403 68
45 360
463 119
311 479
292 237
366 186
419 12
438 62
135 253
195 304
19 78
93 27
285 197
1 438
357 73
100 417
399 484
58 191
149 309
223 258
396 186
0 186
79 479
437 187
470 135
468 62
247 63
390 371
371 129
376 473
188 422
26 94
488 125
259 73
369 433
47 382
391 192
429 484
465 141
445 428
329 253
370 254
403 202
480 422
61 438
229 22
357 207
458 259
460 305
185 100
437 321
74 269
449 146
192 490
261 95
277 39
144 449
331 275
312 33
69 275
201 202
280 495
27 49
333 321
388 28
219 219
351 146
48 337
122 286
103 44
442 264
444 337
194 162
328 162
83 331
289 399
270 157
349 450
175 270
212 337
399 163
96 162
490 281
261 229
314 55
338 449
11 54
52 55
38 157
112 106
164 296
203 224
129 460
108 337
407 404
355 214
85 353
219 353
392 281
156 4
235 297
221 399
119 122
499 343
480 101
344 240
61 117
484 220
159 460
195 117
323 302
339 246
320 4
209 173
126 138
54 235
315 10
394 303
375 61
12 9
53 10
177 76
130 230
278 128
369 246
107 246
392 415
235 431
257 190
307 307
334 410
158 184
237 477
306 82
259 236
80 493
61 251
405 61
308 128
24 369
98 318
46 128
421 5
189 436
398 21
191 482
72 36
37 15
42 359
75 307
281 375
262 133
336 82
322 184
79 426
192 303
352 26
150 77
488 72
331 88
336 432
391 139
201 15
10 447
440 31
486 376
199 319
259 370
372 247
498 386
88 488
231 42
330 21
425 258
475 375
497 134
249 32
39 222
37 149
176 493
14 165
55 166
132 386
187 93
305 314
431 453
453 212
439 314
342 381
20 330
226 206
413 32
143 171
11 217
355 27
236 335
161 161
273 402
372 381
9 329
499 156
196 155
435 171
252 464
200 274
464 320
276 269
39 356
367 387
4 335
441 336
251 212
344 403
55 300
490 228
127 176
228 228
314 2
374 53
401 156
492 274
54 48
59 392
491 49
293 64
394 116
432 408
355 161
66 58
186 352
445 54
334 223
177 239
61 64
84 233
404 403
459 110
216 352
389 280
100 177
265 244
325 295
366 296
457 414
176 172
165 13
304 357
128 131
241 8
493 229
369 193
11 485
322 347
451 3
487 414
225 414
258 362
32 19
390 481
472 291
177 373
311 373
135 147
446 9
211 142
252 143
290 435
389 414
81 261
158 481
191 429
328 138
3 378
400 14
438 306
176 306
382 374
46 425
132 199
476 9
35 266
379 76
155 368
320 435
53 91
493 363
185 210
432 87
74 379
129 86
49 322
48 97
122 46
447 368
102 333
124 92
467 431
252 277
250 204
62 153
136 102
153 271
180 374
254 323
309 30
18 46
78 97
303 215
251 25
344 216
41 215
398 452
469 103
455 205
92 153
171 446
212 447
298 221
449 390
407 164
164 406
263 385
423 108
428 452
485 205
201 446
242 447
44 462
80 119
214 119
217 390
313 98
351 390
29 339
142 216
268 355
6 355
307 283
288 41
441 283
191 108
270 401
228 175
319 293
131 242
170 170
249 463
343 98
455 339
380 165
52 299
203 468
15 417
376 396
293 361
279 463
31 361
50 411
64 309
408 119
413 463
177 186
163 288
237 237
355 458
88 114
327 130
5 79
29 473
441 417
45 417
477 74
193 315
480 345
306 192
438 119
382 187
473 305
95 130
347 351
77 490
493 176
396 243
0 243
51 208
338 238
86 202
273 28
350 248
28 197
468 469
294 316
385 434
82 433
252 90
238 192
250 17
328 85
19 269
368 423
233 198
324 316
169 213
208 141
410 275
187 203
352 270
338 372
164 219
488 316
5 347
316 209
32 450
349 157
200 34
269 393
7 393
268 168
6 168
367 147
78 44
330 265
457 40
495 332
173 281
76 348
62 450
492 34
422 204
224 219
55 410
110 117
113 388
261 286
352 404
164 353
15 230
390 107
428 399
161 55
235 4
240 348
69 466
17 276
50 224
237 50
219 410
392 338
478 112
276 163
255 40
64 472
45 230
408 282
366 56
8 348
383 225
457 174
168 71
286 292
362 287
152 477
36 302
77 303
347 164
89 128
322 107
52 246
165 123
203 415
239 72
390 241
338 51
68 190
380 462
33 354
179 179
403 72
7 72
259 293
405 118
327 427
360 375
387 478
98 375
84 477
211 252
1 442
362 421
398 78
114 319
260 144
213 298
246 246
72 93
359 123
171 72
281 432
52 380
239 206
31 442
493 473
218 268
245 371
331 145
28 144
69 145
179 313
32 263
257 381
255 308
172 273
364 443
28 494
97 99
162 494
330 78
435 94
421 196
63 488
440 438
347 432
39 279
340 207
400 258
116 499
422 17
224 32
96 32
38 27
150 268
208 438
342 438
279 89
129 330
146 499
215 104
71 325
219 223
236 392
291 99
97 233
105 94
210 110
421 330
25 330
443 89
233 279
115 223
459 33
249 223
422 151
100 100
212 341
265 167
341 162
453 403
57 403
38 161
117 454
186 59
492 331
390 54
133 398
293 121
413 223
466 49
167 167
274 229
348 178
86 178
498 122
313 342
63 167
211 65
78 475
3 301
347 111
168 368
176 229
302 368
19 245
131 486
401 347
239 19
293 255
241 65
394 307
375 65
130 234
204 183
218 81
317 60
88 8
146 178
225 471
467 4
269 19
370 71
135 204
253 425
308 132
250 127
288 419
477 318
136 25
306 436
361 143
359 70
452 261
37 19
212 20
303 138
377 87
285 498
305 184
453 82
150 81
282 200
342 251
53 148
428 25
218 215
262 487
47 333
160 210
294 210
321 313
412 431
49 379
123 328
236 205
411 206
444 154
447 425
391 493
424 441
465 442
83 148
215 267
13 318
421 143
63 435
159 143
272 20
2 159
351 313
442 431
254 380
474 154
116 446
330 375
454 441
490 98
439 318
222 283
304 93
395 211
298 278
358 329
413 36
242 154
316 103
407 221
11 221
85 170
448 222
236 339
427 284
446 334
124 283
349 401
2 293
346 103
115 170
189 119
3 114
457 284
168 181
38 108
20 468
357 53
376 103
395 345
417 104
491 53
224 463
279 170
108 288
448 356
38 458
112 407
470 115
373 182
10 130
109 109
183 58
12 176
461 2
163 345
311 243
364 69
498 69
115 304
156 305
463 233
213 58
287 7
366 300
452 74
56 74
135 367
116 125
405 228
176 176
341 243
19 192
192 120
266 69
343 289
73 428
431 136
95 187
491 187
241 12
347 408
218 28
171 182
245 131
295 248
410 198
470 249
299 367
247 177
49 192
183 192
241 362
296 69
26 208
86 259
447 238
312 13
27 29
440 198
365 24
494 434
158 485
306 383
39 39
326 69
281 326
377 34
330 188
454 254
357 321
35 270
453 29
222 96
246 490
342 198
20 147
433 316
160 157
113 311
239 450
247 311
49 326
448 35
236 152
409 80
125 321
64 45
50 147
102 337
163 24
393 486
99 39
200 91
254 327
276 86
381 102
419 394
441 153
154 96
134 383
249 333
230 91
309 384
284 327
358 276
149 102
335 292
300 271
374 220
258 45
161 112
166 456
353 282
50 281
499 107
402 174
388 276
66 225
214 123
200 225
291 343
387 51
268 359
216 169
381 236
18 184
45 287
482 288
210 354
168 128
173 472
98 298
84 400
459 277
244 123
230 225
249 467
1 365
323 416
133 292
325 462
394 67
3 411
380 169
399 411
374 354
448 303
38 405
74 62
112 354
15 421
101 195
49 5
486 6
348 72
413 467
466 293
177 190
218 191
369 360
498 16
198 478
10 427
104 62
269 129
274 473
7 129
40 77
119 370
345 124
378 72
61 365
405 175
190 21
327 484
360 432
137 360
1 499
40 427
111 78
262 247
336 196
449 73
266 366
390 432
338 242
150 191
263 68
26 155
337 17
70 427
226 186
465 202
451 304
179 370
316 79
257 438
269 263
291 22
461 433
442 191
194 89
199 433
232 381
268 38
23 207
479 258
46 376
473 443
99 202
159 253
233 202
35 217
136 269
475 489
282 94
20 94
340 264
37 263
55 280
399 90
338 376
434 84
164 223
203 151
282 444
263 202
337 151
411 100
428 269
92 320
188 28
413 146
256 162
333 382
467 382
483 326
307 100
105 151
344 167
297 321
435 285
383 95
421 387
462 388
121 95
286 162
360 111
420 162
459 90
323 229
39 470
73 54
78 398
138 449
174 106
422 208
36 172
113 392
209 100
374 167
131 409
186 116
225 44
450 162
293 178
91 229
471 450
177 3
163 105
237 54
242 398
318 393
43 188
122 481
354 50
423 409
183 168
163 455
232 60
297 455
135 127
121 229
189 363
216 466
436 240
213 168
94 476
228 476
176 286
302 425
322 111
93 251
74 9
241 122
70 240
144 189
414 50
47 256
28 14
107 307
5 30
49 302
104 9
109 353
255 178
442 4
158 245
259 297
23 20
61 312
479 71
498 313
234 240
308 189
5 380
327 431
349 190
233 15
477 375
21 132
62 133
67 477
141 426
265 492
3 492
452 318
474 77
263 15
394 498
69 149
129 200
316 26
385 385
407 144
44 92
85 93
109 487
197 334
219 93
7 210
48 211
34 313
122 160
235 37
259 431
345 205
9 256
124 206
162 498
289 273
462 201
398 216
136 216
497 195
323 42
340 211
251 139
330 432
187 154
279 93
316 160
101 171
221 273
386 340
372 442
99 283
2 350
24 109
103 402
268 469
78 345
463 156
344 464
41 463
443 443
75 47
154 340
319 407
52 63
244 233
431 59
469 351
54 109
496 454
293 125
279 227
320 228
36 469
144 2
112 464
373 239
390 408
371 166
221 407
274 233
124 474
232 7
80 367
424 177
327 244
313 346
459 171
252 70
288 289
119 480
475 115
306 306
287 64
303 8
382 301
415 249
79 300
343 346
347 465
225 475
247 234
373 373
385 198
412 301
393 59
467 8
236 75
349 137
178 255
2 29
7 373
463 424
460 126
212 24
281 383
93 332
343 480
222 153
208 255
72 394
359 424
111 322
110 97
261 266
321 317
51 456
481 40
184 19
48 158
161 35
273 276
364 394
312 204
23 101
372 255
446 204
289 220
402 97
388 199
272 24
365 215
76 112
29 266
464 194
180 435
328 333
381 159
367 261
441 210
231 400
243 225
191 35
344 277
435 395
421 497
302 51
305 322
117 271
203 45
343 25
106 112
164 467
112 277
15 344
106 462
221 220
91 339
499 164
177 113
388 333
24 56
115 174
381 293
193 242
265 118
270 462
195 288
382 114
323 473
54 56
95 57
147 247
77 417
336 119
448 360
107 67
10 134
390 355
412 114
274 180
353 473
427 422
31 422
375 232
218 248
369 417
350 175
140 365
179 293
354 294
387 242
137 67
307 478
482 479
494 304
378 129
135 371
121 473
231 79
248 248
60 197
192 124
95 191
282 17
347 412
452 428
70 134
149 427
185 84
245 135
284 63
358 12
148 202
412 248
486 197
434 7
241 366
315 315
461 140
218 382
240 141
317 361
28 258
129 310
220 428
201 186
32 377
440 202
156 443
252 151
67 371
494 438
4 22
105 74
303 89
382 382
330 192
41 89
398 326
384 428
62 377
153 495
59 79
138 372
496 80
298 95
377 388
14 336
358 146
418 197
127 213
113 315
335 162
338 433
453 383
112 90
356 450
337 208
289 167
316 270
13 269
66 95
71 439
180 382
221 383
345 449
4 156
157 398
196 326
330 326
421 444
195 101
286 219
170 44
78 455
73 111
152 404
55 471
209 157
374 224
448 173
230 445
390 168
128 168
207 461
188 219
205 388
334 44
31 235
17 337
177 60
242 455
295 281
481 471
140 178
327 4
101 415
255 101
329 50
334 394
381 240
480 219
311 410
292 168
121 286
79 60
170 178
323 420
288 399
357 4
362 348
40 297
417 55
475 225
399 415
347 225
359 50
190 241
341 410
415 359
93 308
165 184
299 184
68 251
279 471
91 420
466 297
371 410
445 359
156 256
255 235
461 303
273 252
135 318
349 247
473 313
459 415
233 72
153 308
497 118
213 359
287 308
326 236
479 478
176 477
454 421
113 128
206 319
90 144
203 21
433 483
414 241
488 190
204 431
317 308
47 447
468 477
146 426
215 31
256 32
242 134
445 493
486 494
118 98
71 252
183 493
467 252
345 262
330 139
151 396
443 16
233 206
324 324
420 32
249 150
422 78
377 335
325 145
228 212
302 161
319 330
131 279
205 201
293 48
69 340
481 284
145 335
310 402
48 402
87 330
142 37
235 228
386 397
23 345
408 156
45 104
124 397
289 464
237 274
388 443
195 48
286 166
459 94
137 43
323 233
362 161
114 59
100 161
174 110
193 352
243 469
416 397
319 464
57 464
225 48
376 217
106 356
431 116
205 335
466 110
223 352
204 110
209 454
314 470
198 295
184 397
318 397
371 223
445 172
183 172
334 341
494 64
447 218
177 357
163 459
232 64
306 13
364 183
61 182
121 233
248 8
327 301
324 3
436 244
463 347
77 311
168 429
281 306
262 64
74 13
21 352
453 9
155 352
241 126
301 177
356 76
72 317
394 368
171 296
245 245
322 465
198 429
371 357
445 306
467 65
109 357
334 475
370 132
86 373
172 147
102 317
248 142
253 486
178 312
398 86
425 189
213 306
306 497
328 256
78 81
152 30
281 440
228 25
305 245
458 487
164 40
263 19
428 86
455 189
92 137
410 446
69 153
129 204
449 374
187 374
412 492
11 148
164 390
296 317
318 76
423 92
428 436
461 384
235 41
221 143
273 333
446 261
349 328
435 102
25 204
272 81
29 323
323 46
276 200
340 215
270 385
251 143
490 159
443 313
206 400
267 87
208 446
282 395
469 221
185 462
133 272
432 339
380 149
110 288
91 46
127 457
256 113
333 333
374 334
198 108
332 108
139 467
483 277
256 463
289 411
291 457
189 180
276 334
18 298
436 57
366 227
415 119
24 463
169 63
174 407
394 181
397 452
295 175
52 417
126 366
321 53
125 114
163 406
102 130
257 418
329 294
475 119
153 68
328 69
61 479
79 304
431 197
35 197
95 248
246 417
287 418
320 366
347 469
433 243
358 69
74 310
187 187
412 305
236 79
315 372
375 423
12 371
139 146
218 439
312 74
28 315
9 73
446 74
294 434
388 69
252 208
255 479
329 428
444 378
153 202
497 12
254 254
419 321
23 321
4 79
405 423
157 321
138 79
441 80
270 198
344 147
382 439
456 388
132 264
173 265
159 367
384 485
21 433
309 311
20 208
224 203
262 495
127 270
476 424
321 321
71 146
423 39
483 90
163 85
289 224
27 224
25 151
104 444
489 255
217 321
365 219
313 29
29 270
115 44
120 388
175 95
221 440
268 286
157 455
383 209
360 225
346 327
98 225
320 45
399 338
314 230
434 332
203 399
299 107
10 4
472 35
12 50
350 45
107 287
406 354
404 281
464 332
142 281
216 230
269 56
403 56
480 276
311 467
405 102
479 51
121 343
176 50
308 169
456 67
79 117
84 461
137 287
35 10
114 303
95 61
155 112
265 472
287 231
72 77
336 123
410 72
52 364
0 174
148 72
487 292
51 139
376 461
450 410
128 359
472 169
31 426
375 236
466 354
144 303
278 303
32 247
13 5
385 365
445 416
104 123
370 242
306 257
259 411
405 236
479 185
308 303
382 252
211 370
285 319
95 195
400 242
247 185
16 252
453 253
263 129
356 320
411 27
312 21
317 365
407 258
145 258
48 325
122 274
194 150
23 268
196 196
289 387
22 43
435 212
250 432
351 484
76 279
62 381
84 140
497 309
1 105
4 376
138 376
243 392
363 494
55 341
399 151
154 320
261 217
352 335
117 438
222 454
263 263
337 212
390 38
469 331
106 279
92 381
455 433
279 207
256 223
181 49
184 320
332 218
318 320
82 43
276 94
97 351
45 161
119 110
237 331
270 279
292 38
195 105
360 172
175 392
323 290
1 239
59 217
152 408
341 280
126 126
492 449
299 54
373 3
128 172
188 223
279 341
320 342
301 100
223 409
429 285
220 111
258 403
354 111
445 229
142 228
183 229
257 178
255 105
370 55
480 223
232 121
248 65
368 167
40 301
21 59
174 301
287 178
42 347
460 106
212 4
14 19
72 374
433 353
465 76
451 178
181 317
239 487
242 4
321 297
407 71
393 173
310 138
12 481
81 86
447 409
386 133
446 184
349 251
13 302
99 76
137 368
173 25
153 312
134 70
227 261
378 430
42 481
111 86
152 87
132 374
113 132
302 31
305 302
16 199
95 492
428 143
433 487
279 20
358 313
96 313
220 379
256 36
333 256
467 256
145 205
217 81
48 272
386 267
64 216
97 164
124 267
27 334
118 452
173 159
484 21
200 262
286 36
291 380
62 328
115 154
268 396
323 103
276 257
3 98
416 267
397 25
94 216
168 165
438 26
490 216
420 386
79 93
492 262
230 262
323 453
417 88
92 328
147 227
224 447
205 205
427 52
397 375
256 170
186 340
332 165
101 232
483 334
12 160
45 108
311 227
25 395
424 104
462 396
489 499
272 272
404 391
63 98
175 339
276 391
403 166
193 356
347 42
154 401
190 58
195 402
93 125
454 104
170 345
266 53
68 68
95 171
207 412
394 238
110 479
89 356
70 114
130 165
148 182
181 130
160 7
198 299
294 7
445 176
183 176
259 171
372 48
162 238
426 284
238 233
269 300
324 7
425 59
67 351
458 7
328 126
303 69
206 136
338 63
260 372
111 249
488 7
410 316
0 418
129 74
165 485
197 208
375 480
411 137
48 85
312 131
350 423
28 372
275 249
462 75
159 74
269 434
7 434
76 39
444 435
227 208
6 209
4 136
479 429
55 101
35 388
131 96
492 75
208 316
356 214
309 368
400 486
207 91
245 383
96 260
187 378
242 85
335 276
300 255
85 101
411 271
48 219
450 199
372 316
215 332
289 281
311 40
25 208
118 399
365 276
387 35
392 379
404 204
175 152
216 153
210 338
251 147
94 163
154 214
228 163
420 333
422 379
133 276
207 225
155 35
251 497
358 394
149 220
283 220
203 456
411 405
402 292
350 102
429 395
290 236
276 338
105 456
210 472
3 179
135 298
479 108
190 5
176 107
286 467
93 72
454 51
459 395
285 242
347 339
397 456
89 303
144 10
410 129
52 421
0 231
74 180
112 472
126 370
247 108
412 175
491 468
472 226
164 73
150 175
26 139
31 483
273 16
259 118
278 360
369 478
28 185
253 303
354 355
385 422
142 472
480 467
158 416
83 242
234 411
382 309
233 186
324 304
398 253
35 201
62 304
439 62
260 319
208 129
400 299
455 6
171 247
298 22
410 263
165 432
333 16
16 309
236 83
375 427
465 320
451 422
485 6
294 438
316 197
462 22
464 68
194 207
276 17
340 32
97 274
105 135
330 253
8 202
495 320
195 28
398 387
384 489
458 438
134 314
175 315
208 263
20 212
436 90
455 140
59 140
133 89
152 331
496 141
399 208
476 428
453 444
126 49
263 320
414 489
469 388
202 44
413 264
278 39
145 449
291 274
404 151
216 100
367 269
193 116
210 285
196 387
435 403
443 264
286 280
360 229
211 106
1 296
18 465
436 224
100 275
89 116
209 218
314 234
300 336
0 44
112 285
487 162
390 229
417 332
205 449
293 296
391 50
33 342
107 291
451 101
327 65
5 14
10 358
65 65
404 285
101 476
142 285
408 404
7 60
81 9
480 280
210 419
232 178
292 229
405 106
121 347
286 414
360 363
308 173
288 460
174 358
260 132
89 250
75 352
336 127
437 179
192 348
16 122
49 70
90 71
128 363
155 466
472 173
342 292
226 117
336 477
102 81
10 492
13 9
123 369
217 4
194 20
97 87
157 138
231 87
5 498
435 82
324 251
305 9
425 303
458 251
361 318
452 436
422 5
284 71
449 138
454 482
127 87
338 307
30 154
241 374
356 324
342 426
53 323
428 200
414 302
92 251
317 369
358 370
391 318
146 487
220 436
335 386
332 88
411 381
273 447
386 324
441 31
215 442
421 318
25 318
200 319
459 21
326 431
18 278
436 37
78 329
138 380
174 37
243 396
265 155
314 47
16 390
203 216
128 42
380 263
17 211
466 37
448 397
85 345
33 155
66 103
280 32
445 99
142 98
348 166
119 114
292 42
402 402
25 452
272 329
360 176
478 397
288 273
40 171
389 325
463 274
251 391
325 340
264 64
492 453
225 109
469 469
58 346
144 120
283 464
126 480
181 187
160 64
280 166
109 284
183 233
310 8
7 7
86 300
278 470
364 244
102 244
327 362
290 480
114 254
463 408
494 475
232 475
452 249
400 59
229 177
303 126
341 418
382 419
285 486
352 18
379 121
439 172
260 429
394 429
72 378
359 408
111 306
171 357
432 132
148 373
338 470
407 75
49 367
393 177
139 260
483 70
221 70
424 429
23 85
446 188
99 80
104 424
272 8
81 440
153 316
345 486
4 193
127 34
357 496
342 373
358 317
335 333
145 209
258 86
101 102
235 102
221 204
372 373
408 30
242 492
316 441
27 338
66 266
214 164
200 266
327 41
351 435
43 282
115 158
464 312
142 261
288 86
4 327
422 86
100 35
210 395
191 153
292 205
366 154
302 169
272 492
346 441
98 339
79 97
492 266
170 215
230 266
155 92
260 108
399 452
17 158
96 451
374 395
112 395
277 462
373 170
348 113
64 354
408 164
86 113
402 349
253 226
5 124
404 395
381 411
389 272
463 221
191 287
61 406
436 468
410 186
396 288
0 288
68 422
12 298
86 247
461 124
259 175
179 411
65 309
82 478
151 83
426 288
178 186
255 406
477 253
232 422
345 299
479 299
157 248
138 6
229 124
211 484
192 242
266 191
16 16
169 258
208 186
309 238
39 377
395 12
212 305
284 181
51 387
439 469
315 433
199 258
240 259
331 377
124 84
25 78
467 423
122 388
340 89
367 192
405 484
78 89
152 38
157 382
344 208
330 310
25 428
94 33
173 326
495 377
134 371
304 28
309 372
400 490
73 95
147 44
212 439
224 264
358 264
36 213
96 264
127 331
283 90
314 157
448 157
411 275
15 275
202 101
375 29
143 460
311 44
355 316
118 403
66 213
219 455
200 213
332 332
392 383
82 157
464 259
235 399
499 445
480 203
210 342
3 49
8 393
443 321
346 388
420 337
368 147
115 455
417 39
191 450
246 157
399 399
36 347
149 224
209 275
283 224
336 50
322 152
396 101
415 343
74 50
165 168
203 460
225 219
390 286
491 338
353 404
301 214
31 353
33 399
107 348
104 50
216 291
274 461
329 168
389 219
119 358
61 353
42 111
116 60
231 10
382 179
24 471
192 55
285 246
398 123
174 415
287 292
347 343
474 118
185 15
357 472
431 421
68 369
491 472
301 348
70 415
414 225
245 416
226 174
331 190
47 431
451 292
468 461
32 308
407 185
104 184
183 477
81 200
122 201
199 421
254 128
105 5
229 71
344 21
330 123
60 262
349 365
282 82
422 62
264 442
377 319
374 21
117 365
203 139
411 88
15 88
144 498
226 308
293 32
316 201
467 370
167 78
310 386
258 196
235 212
221 314
276 21
312 432
408 140
311 207
383 83
62 442
115 268
243 453
397 139
154 381
379 499
415 156
57 448
203 273
244 274
205 319
293 166
394 218
31 166
471 438
66 160
184 381
313 37
423 397
371 207
274 274
45 222
499 392
424 218
308 43
387 336
368 94
18 469
3 346
347 156
58 53
190 172
281 290
341 341
322 99
363 100
487 166
165 115
170 459
68 182
241 110
246 454
301 161
53 59
70 228
130 279
331 3
167 346
280 223
426 48
235 480
296 167
408 408
158 233
61 300
372 162
162 352
46 177
473 244
233 3
477 363
67 465
475 290
306 481
347 290
479 409
19 424
454 352
132 301
352 75
357 419
20 245
358 240
335 256
51 497
333 183
123 373
109 475
145 132
467 183
318 60
273 317
345 193
23 142
28 486
27 261
388 240
118 379
99 137
233 137
115 81
227 322
340 199
229 368
344 318
132 435
57 261
395 256
455 307
185 446
205 132
331 271
182 148
256 97
261 441
33 25
34 435
161 210
312 379
413 431
215 446
237 205
316 498
22 51
424 31
217 492
272 199
478 267
459 25
216 267
288 143
18 282
40 41
152 282
422 143
463 144
191 210
55 349
3 159
378 36
416 328
94 277
457 329
420 447
84 498
455 441
491 98
133 390
298 457
58 216
397 436
466 41
108 333
314 401
11 400
385 52
390 396
423 344
445 103
472 206
12 221
259 98
80 355
426 211
142 452
238 160
362 226
477 176
114 124
3 293
452 119
438 221
195 463
281 237
165 62
458 284
155 283
246 401
72 248
493 278
223 417
262 345
295 293
322 396
487 463
239 361
220 119
51 310
385 186
338 340
101 427
371 288
86 304
461 181
312 58
350 350
391 351
102 248
424 299
451 402
253 417
201 227
27 74
13 176
250 119
389 463
81 310
477 310
494 479
227 135
213 237
39 84
479 356
231 254
243 79
19 371
55 28
132 248
285 490
319 74
305 176
21 417
453 74
136 367
474 362
331 84
377 429
430 63
471 64
239 495
49 371
486 372
164 321
150 423
236 197
87 74
312 192
28 433
102 382
50 192
465 434
297 69
402 85
440 377
467 480
66 136
7 495
180 423
216 80
290 29
276 131
416 141
94 90
443 244
379 259
401 18
117 259
170 85
279 28
320 29
11 213
164 455
186 214
299 91
17 378
388 321
484 29
313 147
115 162
6 404
288 90
403 40
389 142
441 332
366 158
42 34
286 394
341 101
346 445
24 394
98 343
84 445
285 169
271 271
1 410
288 440
417 96
54 44
59 388
496 389
224 455
394 112
72 61
58 163
438 384
341 451
322 209
52 348
415 400
225 276
371 101
450 394
491 395
128 343
353 461
88 163
426 158
142 399
178 56
257 349
307 466
86 467
378 117
42 168
234 338
308 287
495 113
357 179
384 282
378 467
452 416
111 123
149 415
493 225
322 343
148 190
187 118
123 133
296 61
414 282
204 472
312 5
465 247
413 57
88 297
179 415
294 365
32 365
197 432
238 241
81 257
461 478
442 236
97 201
105 62
308 421
46 421
132 195
211 488
443 57
21 364
57 21
249 191
282 139
309 242
340 309
326 411
359 359
474 309
224 134
113 303
302 202
448 27
186 27
53 437
488 365
353 140
427 89
143 330
430 360
481 325
118 273
200 83
370 494
444 443
103 150
82 27
9 488
482 146
485 417
344 212
292 22
398 448
346 258
340 443
362 202
78 443
224 268
246 27
347 79
380 27
75 145
149 94
38 263
165 38
450 207
205 376
182 392
256 341
253 43
445 213
156 110
183 213
307 279
255 89
494 105
292 156
405 33
121 274
473 167
496 336
213 213
149 228
14 3
79 398
148 3
376 392
431 291
278 234
396 455
332 470
280 280
440 3
49 347
183 347
482 414
67 172
199 291
9 167
88 460
5 425
159 111
233 60
252 302
76 76
361 245
347 347
39 194
378 414
42 465
460 224
212 122
281 481
321 65
357 476
338 234
431 425
95 476
150 183
263 60
342 353
53 250
433 471
70 419
414 229
130 470
171 471
240 76
391 245
432 246
143 143
148 487
182 71
256 20
445 481
44 137
393 291
48 256
124 251
201 471
8 76
421 245
252 436
62 312
84 71
249 138
323 87
328 431
231 498
298 30
377 323
330 477
266 492
415 26
401 128
453 318
222 385
203 143
304 195
469 262
358 431
110 329
261 498
429 82
34 492
409 369
307 92
64 334
499 262
297 313
66 380
2 395
43 396
478 324
276 375
4 441
436 98
119 391
138 441
441 442
366 268
378 93
490 334
154 385
302 283
314 108
319 452
487 36
170 329
376 205
469 396
59 498
320 273
144 47
130 149
278 47
11 457
429 216
470 217
107 165
371 211
334 329
64 468
232 52
297 447
80 412
121 221
65 289
459 216
271 165
114 181
191 401
89 124
168 417
264 125
363 104
93 243
437 53
473 464
338 47
68 186
356 64
380 458
394 356
262 402
295 350
47 248
148 300
146 227
51 367
32 125
472 397
296 171
465 357
201 284
426 402
269 418
175 2
254 295
345 413
419 362
56 310
37 68
377 136
330 290
93 377
431 372
35 372
117 182
155 474
222 198
263 7
428 74
410 434
430 120
261 311
85 85
123 377
411 255
423 80
428 424
488 475
87 131
273 321
221 131
364 439
386 198
465 491
124 198
27 265
462 193
104 485
140 142
178 434
346 18
84 18
268 327
340 203
441 255
152 152
138 254
463 14
265 29
476 249
341 24
79 24
279 85
284 429
353 34
58 86
493 14
11 270
470 30
112 322
332 96
423 214
413 435
86 40
91 384
429 379
462 327
200 327
179 204
103 394
478 271
115 219
142 322
268 461
6 461
191 214
378 40
443 435
459 379
436 395
496 446
155 153
260 169
380 271
72 118
359 148
89 287
223 287
336 164
126 354
74 164
186 405
470 164
412 159
472 210
163 394
364 118
465 170
88 220
440 113
445 457
63 163
255 333
193 421
475 107
378 174
479 226
234 395
382 293
473 411
151 360
458 288
475 457
222 11
361 355
171 231
264 422
396 349
412 293
486 242
411 68
53 360
34 118
125 236
199 185
317 406
124 11
294 422
440 247
44 247
156 488
178 247
269 365
329 416
29 124
268 140
254 242
273 484
345 360
400 67
243 83
435 253
416 11
159 355
233 304
62 422
497 350
303 484
399 192
108 16
338 478
16 427
71 134
236 201
87 78
166 371
279 248
465 438
64 94
50 196
124 145
333 484
402 89
71 484
104 432
140 89
214 38
489 243
291 258
313 17
318 361
406 208
478 84
235 326
254 376
268 274
97 392
389 12
494 28
196 371
344 269
22 218
8 320
383 197
94 94
99 438
168 43
195 146
420 264
323 331
207 156
284 376
325 377
490 444
127 392
283 151
448 218
373 44
101 110
450 264
334 89
380 434
17 382
466 208
163 207
316 449
80 172
392 444
445 270
478 218
334 439
389 146
193 234
61 280
195 280
346 449
98 347
137 275
285 173
362 393
21 100
3 460
37 44
149 285
336 111
322 213
74 111
487 280
239 178
49 54
472 157
202 296
155 450
12 172
428 50
493 445
218 240
278 291
226 101
364 65
350 167
28 116
143 66
181 358
468 388
280 337
354 286
371 455
257 353
444 179
67 229
494 296
194 4
273 297
328 4
23 122
121 465
234 342
308 291
382 240
368 342
151 307
137 409
238 461
477 477
475 404
208 60
93 487
74 245
437 297
449 122
454 466
486 189
169 482
15 15
70 476
414 286
204 476
226 235
418 405
385 487
44 194
118 143
197 436
467 297
392 123
103 20
273 431
221 241
345 307
97 205
45 15
22 31
99 251
319 25
420 77
57 25
136 318
84 128
189 144
287 487
37 312
224 138
476 359
448 31
434 133
131 324
112 82
263 251
428 318
293 93
430 364
108 313
163 20
448 381
107 88
406 155
392 257
411 499
404 82
445 83
87 375
161 324
386 442
367 200
64 391
193 47
196 318
237 319
311 268
25 436
346 262
368 21
464 483
290 330
271 88
40 155
100 206
246 31
55 463
490 391
401 319
38 267
131 458
230 437
68 109
188 211
301 88
466 155
355 324
396 325
33 273
107 222
184 442
294 48
406 289
161 458
274 335
255 93
26 233
86 284
461 161
286 345
234 155
115 463
156 464
288 391
403 341
40 289
62 48
174 289
213 217
77 356
359 42
42 335
460 94
479 336
281 351
341 402
14 7
74 58
148 7
206 177
431 295
453 54
155 397
92 48
218 187
245 290
107 356
430 43
198 474
373 475
197 249
145 59
269 125
296 228
7 125
34 228
122 75
442 53
23 69
9 171
372 223
289 188
495 64
99 64
173 13
136 131
254 352
419 419
231 368
60 486
93 434
416 121
490 70
266 362
37 475
205 59
284 352
486 486
236 311
423 137
386 255
23 203
9 305
196 131
311 81
27 322
388 301
351 419
420 24
24 24
194 435
326 362
362 19
381 261
496 19
303 378
8 430
77 35
443 358
173 497
228 204
176 14
15 96
417 76
496 369
188 24
205 193
279 142
358 435
91 91
108 260
314 328
448 328
38 430
258 204
318 255
373 154
450 374
188 374
353 441
80 282
286 158
313 261
478 328
403 154
441 446
114 51
141 154
174 102
347 30
94 338
176 148
360 457
225 40
230 384
436 452
147 349
128 107
133 451
397 497
89 344
75 446
209 446
245 103
181 118
445 164
197 62
183 164
334 333
158 107
61 174
179 395
178 170
290 411
213 164
306 355
328 114
419 232
452 180
363 108
60 299
473 468
132 175
357 293
305 103
35 242
208 170
37 288
70 236
317 113
247 283
467 57
310 73
337 176
411 125
447 344
364 309
451 463
275 237
5 376
27 135
118 253
462 63
250 180
403 422
76 27
153 247
268 197
479 417
193 23
435 310
490 17
159 412
319 135
398 428
35 376
131 84
492 63
134 355
282 253
37 422
59 181
212 423
432 197
108 73
182 22
30 382
126 90
150 484
428 428
334 12
427 203
50 253
430 474
163 130
242 423
13 371
402 146
66 197
313 74
210 326
8 377
435 444
495 495
443 305
154 202
222 336
244 95
1 337
422 367
260 39
380 141
58 90
96 382
397 310
149 208
11 274
33 33
225 203
54 321
87 269
293 337
413 439
466 265
80 229
28 39
429 383
406 399
464 377
63 33
257 276
269 101
119 342
42 95
116 44
281 111
308 214
19 111
93 60
357 106
174 399
287 276
72 122
58 224
223 291
176 445
415 461
47 65
0 219
93 410
148 117
437 220
187 45
197 9
150 163
188 455
241 281
53 230
226 158
102 122
88 224
294 292
82 409
156 358
238 168
26 477
480 455
232 353
273 354
345 230
135 420
231 128
234 399
308 348
330 107
368 399
456 246
151 364
398 241
497 220
227 359
134 168
222 15
287 410
20 66
56 477
96 61
68 487
356 365
411 72
139 138
218 431
69 308
143 257
32 426
481 252
489 113
200 10
351 179
442 297
221 298
254 246
276 5
6 144
419 313
367 123
441 72
270 190
383 67
346 185
57 82
84 185
492 10
134 302
497 354
323 201
400 421
469 26
496 129
55 386
127 262
113 364
11 87
164 329
390 83
376 185
106 324
207 376
432 494
91 201
108 370
11 437
71 488
214 42
219 386
255 16
23 447
367 257
25 493
140 443
286 268
170 93
249 386
290 387
152 453
265 330
287 89
320 37
58 37
149 155
264 105
52 222
38 324
79 325
126 171
170 443
239 48
304 443
15 340
68 166
394 336
144 161
47 228
80 176
370 100
447 320
42 42
83 43
479 43
327 403
387 454
62 105
497 33
339 413
42 392
90 59
315 177
369 413
51 481
183 408
255 284
370 234
122 132
194 8
372 280
63 464
249 65
254 409
378 475
116 475
231 425
229 352
303 301
358 8
399 9
261 75
302 76
352 193
431 486
169 486
208 414
337 70
111 481
331 255
284 409
47 496
358 358
413 65
449 476
187 476
385 491
333 301
481 199
164 492
318 178
161 194
221 245
307 19
334 122
124 312
344 86
435 204
388 358
118 497
159 306
200 307
420 81
425 425
436 25
152 266
212 317
339 92
41 435
79 138
117 430
15 153
395 374
54 81
59 425
491 82
188 81
205 250
279 199
394 149
108 317
369 92
85 333
280 20
445 87
334 256
408 205
50 497
499 323
383 148
140 390
43 457
459 143
63 143
175 384
114 108
251 379
306 278
325 328
457 447
469 457
439 26
207 457
31 231
70 159
245 160
295 277
317 36
470 278
148 227
184 446
220 103
385 170
296 98
370 47
499 457
177 406
9 41
102 232
313 452
5 299
60 6
13 160
65 350
156 468
40 293
81 294
114 242
425 104
494 463
281 355
14 11
79 406
454 283
132 232
476 42
285 474
192 283
35 299
169 299
155 401
320 468
70 293
414 103
92 52
317 170
432 120
294 186
352 356
481 12
123 304
486 356
145 63
139 248
364 366
97 22
499 2
289 192
65 484
44 361
118 310
467 464
291 238
324 186
2 135
351 289
62 186
194 305
345 474
231 372
60 490
41 248
94 74
206 315
319 192
453 192
136 485
323 311
395 187
469 136
455 238
380 64
182 79
300 300
186 198
263 418
48 264
423 141
101 90
124 259
163 187
27 326
481 496
313 131
43 270
351 423
115 146
142 249
276 249
6 388
18 213
367 367
78 264
463 75
105 367
196 485
457 260
438 18
228 208
98 327
189 445
208 495
249 496
1 394
147 219
284 490
149 265
223 214
314 332
11 331
401 486
434 434
107 39
167 90
184 259
277 450
445 34
408 152
447 80
163 321
350 147
498 45
179 265
440 40
137 39
142 383
213 34
366 276
308 271
368 322
285 287
436 456
260 230
359 209
89 348
70 106
321 102
352 169
371 219
390 461
472 271
164 118
139 61
144 405
350 281
129 282
440 174
44 174
156 415
250 50
291 51
425 51
268 67
328 118
405 338
243 10
248 354
330 164
421 282
384 400
439 107
497 277
89 482
377 360
239 426
333 61
453 355
164 252
236 128
34 179
122 26
125 297
143 314
13 241
407 360
489 170
236 478
444 427
29 185
103 134
172 493
478 11
216 11
18 26
243 144
344 196
330 298
324 483
76 381
170 16
469 83
455 185
212 427
243 494
55 443
96 252
449 370
90 437
186 145
184 72
15 263
390 140
101 37
87 139
450 191
311 32
369 202
355 304
402 150
217 370
253 27
478 145
464 247
221 489
6 335
499 433
311 382
267 83
249 443
285 100
323 392
343 78
73 217
436 269
496 320
191 438
251 489
320 94
3 387
89 161
149 212
262 89
396 89
79 382
376 376
412 33
450 325
241 151
315 100
427 341
369 336
47 285
33 387
385 280
156 228
67 156
172 172
42 99
83 100
162 393
195 341
308 218
382 167
159 95
271 336
169 59
497 90
134 38
39 178
452 347
438 449
460 208
262 223
410 121
437 224
74 172
148 121
239 239
338 218
68 357
16 167
169 409
430 157
160 296
201 105
5 193
316 55
393 275
481 122
217 49
296 342
26 481
498 476
210 9
330 111
495 178
252 420
2 245
117 3
227 363
249 122
328 415
20 70
231 482
36 14
490 184
127 132
187 183
228 184
208 471
342 471
20 420
240 194
188 4
413 122
50 70
430 291
220 481
333 358
481 256
145 307
29 132
464 60
194 199
221 302
276 9
307 76
97 266
45 76
297 297
27 436
214 262
272 240
62 430
84 189
189 205
175 307
227 497
367 477
114 31
344 493
127 266
52 92
131 385
401 246
492 364
15 210
395 431
279 256
427 154
380 308
430 425
471 426
163 81
333 492
355 251
468 128
445 144
177 329
61 154
214 396
360 221
24 272
175 441
211 98
265 334
339 283
292 437
3 334
42 262
281 278
304 447
431 222
202 170
293 288
241 98
394 340
375 98
317 93
391 42
410 284
107 283
470 335
280 211
32 109
385 227
82 226
393 88
467 37
199 222
61 288
349 166
473 232
114 299
425 161
458 109
306 469
212 53
437 171
476 99
352 63
164 12
150 114
260 474
428 58
493 453
331 125
336 469
432 177
129 176
261 295
294 243
145 120
150 464
444 187
122 136
226 459
424 474
9 232
97 79
196 58
330 58
27 249
13 351
118 367
104 469
272 53
136 192
115 69
227 310
309 120
6 311
419 480
97 429
152 136
157 480
435 424
206 372
35 490
439 351
131 198
117 300
92 243
205 120
380 121
96 362
434 357
33 13
489 64
310 321
263 475
337 424
411 373
48 321
101 147
386 316
64 265
289 383
489 414
43 327
387 137
40 29
78 321
100 80
422 131
477 30
438 75
93 40
454 19
169 35
75 373
374 440
33 147
167 147
198 214
10 163
376 486
257 40
293 451
274 209
447 137
278 328
429 497
102 102
140 394
387 271
478 389
328 41
378 158
56 107
135 400
176 209
264 56
229 35
206 51
211 395
244 343
343 322
169 169
20 46
149 456
0 333
418 92
299 400
321 159
338 328
393 35
109 276
150 277
236 51
34 102
144 462
391 339
162 287
327 354
255 451
442 277
232 467
268 124
39 72
157 293
344 119
421 339
285 478
439 164
136 355
20 180
433 349
92 56
449 293
160 190
412 411
85 16
150 411
296 236
48 134
409 113
414 457
92 406
386 129
143 371
275 298
122 433
442 411
18 83
344 253
325 11
416 129
99 422
305 298
497 468
222 263
455 242
205 67
246 68
14 499
279 16
325 361
110 207
113 478
187 427
30 443
322 63
277 320
263 422
472 7
188 248
182 433
140 207
179 135
423 495
404 253
441 320
45 320
100 27
494 146
22 336
94 212
168 161
346 433
84 433
170 207
133 325
223 218
374 387
410 44
52 336
401 490
51 111
376 433
491 383
128 331
447 84
177 223
125 33
163 325
295 444
350 151
355 495
391 152
102 49
107 393
167 444
201 28
216 336
67 213
172 229
292 331
360 465
98 465
46 275
454 100
192 100
233 101
213 388
378 455
111 111
245 111
160 3
113 157
146 105
266 399
263 101
465 235
179 403
220 404
349 60
481 179
104 229
178 178
103 4
461 466
326 49
196 168
8 117
41 65
473 476
398 302
458 353
249 179
20 127
340 297
212 297
325 174
363 466
432 71
449 240
300 117
305 461
150 358
188 61
279 179
358 472
256 195
429 123
462 71
370 482
411 483
392 241
423 308
235 257
216 15
50 477
435 318
388 472
443 179
233 369
272 297
62 487
98 144
473 21
115 313
309 364
4 482
416 426
490 375
127 323
75 133
113 425
168 324
438 185
319 493
374 200
57 493
131 442
469 437
92 487
279 313
427 211
17 313
108 431
181 155
258 375
371 252
274 319
237 437
61 211
405 21
484 314
346 380
382 37
98 278
211 155
21 31
265 391
287 150
366 443
168 458
264 166
19 335
51 58
320 448
301 206
410 341
88 98
373 459
472 438
104 42
255 211
329 160
408 453
86 402
122 59
172 176
158 278
232 227
350 448
419 53
446 156
157 53
233 48
398 115
35 63
458 166
100 458
309 43
138 161
0 227
41 228
437 228
113 104
305 274
150 171
72 480
70 407
106 64
414 217
166 115
171 459
488 166
432 234
418 336
148 475
430 161
146 402
242 110
407 177
123 418
26 485
332 3
120 120
194 69
268 18
372 341
102 480
270 64
330 115
365 301
153 418
328 419
18 193
422 54
100 3
298 18
377 311
325 121
300 64
415 14
277 80
263 182
106 198
130 3
283 245
489 121
236 429
34 480
427 374
413 476
45 80
86 81
124 373
446 424
499 250
289 440
27 440
383 75
291 486
360 91
137 19
276 363
4 429
40 86
477 87
366 256
190 30
267 250
415 148
52 96
357 143
431 92
496 487
207 384
155 194
380 312
17 260
470 205
181 102
198 271
220 30
109 199
64 456
482 215
259 143
140 451
88 261
63 204
41 41
473 452
338 35
68 174
379 36
458 329
491 277
241 102
246 446
342 154
53 51
89 462
433 272
185 170
218 118
396 390
470 339
280 215
335 114
348 349
444 57
122 6
409 36
350 395
391 396
498 293
327 411
63 338
463 457
442 334
153 231
479 401
157 350
229 226
456 417
30 16
131 68
492 47
230 47
342 288
143 78
108 57
146 349
187 350
316 6
352 417
11 124
236 242
184 52
318 52
423 68
409 170
221 119
331 479
386 186
465 479
413 289
275 355
316 356
27 253
440 422
388 232
25 180
99 129
481 423
252 371
76 145
29 299
404 176
442 468
23 484
367 294
119 192
157 484
229 360
22 259
495 479
319 253
379 304
57 253
222 320
304 130
309 474
155 7
110 264
182 140
355 68
85 207
109 12
312 371
64 269
50 371
163 248
388 366
88 74
179 192
253 141
6 449
210 444
383 372
168 218
346 490
288 485
417 141
36 449
58 208
410 101
148 101
321 29
385 44
101 285
49 95
54 439
128 388
188 439
491 440
31 455
375 265
163 382
218 281
364 106
369 450
102 106
327 224
371 496
404 444
445 445
183 445
442 147
213 95
479 214
248 281
93 178
46 332
473 399
495 158
155 275
260 291
347 445
20 50
149 460
245 168
160 60
338 332
434 40
301 450
48 4
139 122
199 173
240 174
331 292
312 50
413 102
50 50
220 461
289 66
118 184
219 236
381 5
55 20
99 292
159 343
379 117
117 117
361 477
474 354
55 370
74 420
471 56
302 247
356 483
450 118
161 15
166 359
432 478
143 375
129 477
80 26
462 128
467 472
120 364
464 174
216 72
441 190
482 191
210 257
462 478
443 236
135 83
159 477
360 201
2 493
368 62
244 26
285 27
323 319
395 195
474 488
265 314
320 21
399 314
397 241
89 88
112 257
277 324
225 134
15 324
188 252
413 370
182 437
218 94
237 144
283 489
295 314
33 314
489 365
10 330
65 37
423 499
334 427
292 201
405 78
443 370
360 335
362 381
40 330
21 88
100 381
155 88
72 53
77 397
454 320
247 27
472 145
155 438
301 263
53 161
91 453
278 279
295 448
364 53
355 499
28 104
465 105
181 346
468 376
348 459
296 269
120 43
419 110
349 280
46 279
459 448
151 295
238 449
324 223
76 121
136 172
174 464
134 99
347 392
56 408
37 166
14 182
454 454
261 59
352 177
412 228
241 346
411 3
70 464
106 121
47 480
182 116
201 166
385 475
481 183
467 285
310 301
332 60
406 9
483 229
23 244
97 193
215 414
196 172
8 121
435 188
346 116
84 116
323 132
326 403
37 300
59 59
251 229
284 177
36 75
77 76
110 24
113 295
187 244
228 245
302 194
16 362
90 311
38 121
112 70
263 239
128 14
331 373
432 425
31 81
283 302
333 419
11 368
186 369
258 245
409 414
101 261
235 261
216 19
446 481
158 14
289 497
383 132
98 148
189 266
170 24
271 76
4 486
416 430
452 87
438 189
476 481
264 36
302 328
57 497
390 148
133 492
202 97
207 441
246 369
301 76
31 215
380 369
58 318
466 143
108 435
294 36
299 380
109 256
348 272
334 374
364 216
327 334
46 92
250 87
288 379
174 277
361 103
138 31
262 97
368 493
79 390
54 333
150 41
301 210
356 109
70 277
414 87
218 175
432 104
430 31
335 171
32 170
371 390
49 339
393 149
71 98
104 46
296 216
86 406
461 283
442 41
139 232
125 334
447 385
483 42
259 334
23 57
88 452
248 175
275 278
63 395
137 344
178 345
159 103
136 119
141 463
153 288
116 406
243 181
19 473
93 422
41 232
416 109
132 350
206 299
453 176
111 412
166 119
207 120
110 187
96 289
148 479
182 63
261 356
247 458
90 474
219 130
184 109
337 351
34 350
122 197
120 124
50 294
219 480
252 428
346 63
387 64
103 305
120 474
56 489
4 299
367 351
105 351
229 417
251 176
344 367
366 126
77 23
173 485
176 2
267 120
379 361
282 428
491 13
496 357
155 64
298 372
36 372
126 265
337 485
10 90
348 85
482 85
91 429
297 305
61 28
290 265
288 192
4 433
119 383
174 90
265 208
306 209
116 85
195 378
360 445
19 152
57 444
454 80
271 373
304 321
347 368
380 316
359 193
471 434
70 90
223 332
322 311
410 158
33 208
487 378
165 327
220 34
54 496
87 444
123 101
202 394
348 219
301 373
375 322
466 440
130 491
218 338
327 281
252 107
257 451
389 378
463 327
232 394
287 101
378 219
479 271
248 338
363 96
60 287
473 456
151 405
132 163
384 384
336 343
14 292
358 102
74 343
363 446
432 51
160 117
299 461
51 359
393 96
164 236
315 405
411 113
48 61
409 40
386 56
446 107
451 451
289 123
27 123
388 102
462 51
200 51
269 410
329 461
120 287
153 235
419 354
367 164
231 303
270 231
421 400
495 349
132 297
37 410
133 118
74 477
187 354
209 113
448 129
150 472
236 246
101 21
353 242
242 411
316 360
66 185
351 354
392 355
142 180
276 180
367 298
389 57
119 196
306 22
366 73
286 309
401 67
79 16
459 237
1 325
362 304
284 421
89 145
149 196
295 21
336 22
337 432
15 381
128 258
109 16
86 32
163 252
278 202
295 371
355 422
424 27
140 268
88 78
313 196
354 197
406 387
65 94
348 382
7 89
119 330
105 432
141 89
292 258
61 325
157 33
234 253
35 43
100 438
246 263
239 223
376 494
123 48
241 269
70 387
493 490
125 94
393 259
118 54
426 207
178 105
183 449
403 223
444 224
461 393
494 341
194 49
446 270
330 95
398 229
35 177
21 279
458 280
20 54
326 326
111 172
460 326
336 290
0 341
113 218
321 167
300 44
38 44
236 59
282 404
428 229
139 126
413 106
418 450
27 70
333 342
44 239
393 393
29 116
268 132
23 301
441 60
105 111
210 127
330 229
27 420
286 122
76 312
24 122
425 466
134 290
189 189
78 358
59 116
138 409
460 460
303 476
471 60
374 127
57 420
112 127
203 245
184 3
304 297
428 363
376 173
92 414
207 364
430 409
108 358
256 256
369 133
448 426
481 374
71 476
107 133
145 425
181 82
219 374
179 9
184 353
310 492
10 200
120 368
255 4
45 194
124 487
482 195
158 71
8 312
402 431
234 66
473 82
115 374
478 426
290 375
323 323
152 441
475 128
361 26
416 487
490 436
190 144
302 385
230 482
376 307
431 206
147 447
188 256
17 374
70 200
223 442
396 370
107 267
167 318
198 385
220 144
318 487
101 452
123 211
467 21
269 36
345 31
286 390
382 98
368 200
285 165
1 406
329 437
114 283
265 452
213 262
287 211
400 88
479 381
116 329
138 88
341 447
239 170
338 149
343 493
260 458
171 386
369 401
69 109
143 58
280 329
412 448
442 98
180 98
97 63
275 335
440 402
25 160
159 160
351 330
189 2
39 243
340 171
378 463
460 273
231 413
243 238
325 48
41 289
266 407
305 335
30 130
131 182
164 130
134 453
337 58
70 468
207 177
284 397
69 243
108 171
146 463
187 464
220 412
393 340
85 187
164 480
310 305
370 356
318 166
122 254
240 475
273 423
383 2
388 346
250 412
272 171
2 310
76 259
24 69
478 239
115 187
268 429
290 188
1 85
340 305
381 306
8 475
94 249
168 198
206 490
228 249
443 403
267 177
379 418
244 193
455 413
133 362
298 429
394 137
432 429
223 255
204 13
283 306
295 131
47 29
33 131
429 131
198 198
10 147
483 367
161 316
353 486
311 260
259 70
484 188
234 13
327 204
137 80
211 29
216 373
436 147
40 147
153 24
265 265
438 193
121 486
281 209
19 209
170 378
417 255
21 255
128 152
133 496
207 445
31 219
433 199
295 265
280 142
373 333
32 40
296 86
177 394
204 497
201 199
156 456
384 91
114 230
141 333
442 261
494 451
153 158
328 159
405 379
116 276
190 225
437 102
379 97
384 441
453 46
458 390
208 215
282 164
414 91
0 451
71 102
53 462
414 441
483 46
488 390
312 164
88 456
27 180
214 6
200 108
365 175
268 242
340 118
78 118
231 360
330 339
421 457
476 164
228 62
453 180
205 51
36 242
333 236
90 478
71 236
164 427
186 186
184 113
48 252
274 6
353 299
408 6
413 350
237 124
118 432
200 242
478 186
307 304
210 371
292 181
195 248
281 22
267 124
341 73
368 176
131 263
492 242
244 140
323 433
73 258
95 17
298 376
284 478
397 355
127 494
283 253
336 79
373 146
10 94
109 73
293 382
499 258
177 207
451 187
88 135
167 428
381 387
463 197
22 454
366 264
94 330
135 331
479 141
498 383
285 275
417 202
21 202
114 393
174 444
475 372
287 321
70 94
75 438
176 490
264 337
314 454
52 454
418 23
165 331
247 141
321 90
385 105
49 156
461 100
226 203
465 219
179 387
354 388
65 285
123 455
442 208
120 157
328 106
56 172
367 34
157 224
330 152
435 168
421 270
192 218
420 45
134 213
208 162
287 455
222 60
171 280
418 157
51 363
333 49
412 342
315 409
240 235
317 455
386 60
32 471
333 399
236 466
217 224
81 363
120 291
345 409
78 65
270 235
2 420
222 194
395 122
37 414
111 363
133 122
75 117
401 287
112 184
186 133
258 9
337 302
128 128
279 297
375 5
44 430
167 241
478 133
255 61
191 76
232 77
237 421
402 488
94 143
195 195
234 123
267 71
24 313
46 72
478 483
189 380
384 67
21 15
417 15
265 375
339 324
325 426
490 493
302 442
128 262
188 313
17 431
226 16
451 134
373 443
354 201
445 319
467 78
109 370
444 94
442 21
447 365
180 21
42 87
162 381
46 206
159 83
403 443
463 494
347 319
56 335
14 109
456 454
74 160
449 37
113 88
247 88
417 499
486 104
90 104
375 273
466 391
414 201
166 99
245 392
391 217
28 165
107 458
445 453
257 402
236 279
392 38
34 330
442 155
120 104
180 155
446 274
201 443
349 341
421 217
324 284
153 402
254 454
323 59
78 228
212 228
303 346
284 104
399 54
261 120
282 408
356 357
279 110
31 8
369 3
85 244
66 2
310 362
296 464
332 121
370 413
392 172
406 70
423 239
464 48
161 239
273 480
312 408
64 306
297 285
8 182
76 316
420 126
84 177
323 193
4 413
114 19
174 70
265 188
176 116
319 424
300 182
57 424
395 419
455 470
188 126
301 3
380 296
427 142
91 193
397 465
432 486
278 19
374 481
355 239
47 86
85 378
181 86
423 373
483 424
142 131
257 81
348 199
389 8
499 368
350 245
424 194
121 193
195 142
286 260
46 19
473 86
115 378
137 137
271 137
1 276
276 481
288 306
100 255
193 446
480 476
265 322
325 373
452 148
42 250
460 9
456 267
95 261
472 19
108 496
218 102
204 204
223 446
322 425
451 81
129 30
487 492
373 390
51 339
393 76
467 25
486 267
447 312
177 451
158 209
199 210
273 159
350 379
9 86
484 379
313 497
25 30
63 322
238 323
213 266
39 113
190 282
243 108
456 401
454 328
319 103
305 205
458 447
241 220
282 221
72 411
359 441
317 215
432 165
69 113
148 406
146 333
197 298
145 108
150 452
219 57
318 36
48 175
122 124
364 411
64 119
50 221
446 221
485 149
421 164
200 165
324 231
272 41
81 473
189 6
229 344
439 339
244 63
92 231
133 232
147 130
36 299
91 6
187 468
333 293
236 360
258 119
406 17
124 304
402 248
286 73
365 366
189 140
142 294
268 433
1 89
45 361
344 428
366 187
8 479
378 12
195 305
360 372
93 28
59 417
496 418
169 23
205 242
108 309
130 68
209 361
283 310
300 479
369 84
374 428
280 12
101 269
12 197
499 315
447 125
66 433
137 84
178 85
276 428
381 444
329 254
114 100
3 269
192 141
417 259
439 18
260 275
347 429
209 495
14 219
396 321
468 197
146 146
225 439
296 90
26 229
447 259
139 106
226 260
317 378
289 50
255 439
365 45
444 338
425 96
442 265
97 230
157 281
46 450
421 327
132 224
206 173
192 275
21 393
395 45
400 389
336 404
434 158
71 106
112 107
186 56
277 174
166 343
221 50
143 359
129 461
215 235
201 337
407 405
462 112
7 471
81 420
175 55
328 297
340 122
386 467
4 173
243 189
55 138
457 118
228 66
319 184
346 287
136 477
175 405
323 303
325 349
17 4
149 123
30 431
126 139
186 190
263 410
423 133
188 236
334 61
50 302
311 77
316 421
350 5
85 488
332 365
406 314
29 364
464 292
194 431
142 241
276 241
255 118
408 360
389 118
119 257
67 67
480 236
366 134
286 370
288 416
458 73
95 21
100 365
325 483
433 16
176 360
209 308
302 499
314 324
165 201
417 422
486 27
491 371
301 247
394 438
364 37
253 206
327 155
10 448
371 427
440 32
44 32
82 324
142 375
183 376
329 201
12 494
477 99
158 319
259 371
405 196
157 94
234 314
19 160
211 330
192 88
477 449
114 397
136 156
169 104
75 442
261 43
266 387
51 233
30 110
16 212
301 381
375 330
139 53
144 397
278 397
372 32
407 218
257 459
217 94
296 387
370 336
48 285
34 387
392 95
345 279
9 330
22 3
384 392
420 49
153 459
323 116
264 475
14 300
41 403
113 279
187 228
30 244
90 295
164 244
282 465
92 341
331 357
258 229
370 470
318 280
409 398
161 296
235 245
18 18
64 363
408 173
289 481
8 239
402 358
2 424
309 352
39 491
441 471
174 127
325 296
347 55
89 19
154 414
223 19
57 481
293 199
353 250
31 199
471 471
108 419
355 296
47 143
80 91
107 194
145 486
468 173
179 70
480 183
158 132
306 30
292 132
22 271
402 492
84 368
478 487
115 435
287 138
42 307
267 425
336 30
93 272
437 82
454 251
266 200
95 318
246 487
320 436
394 385
375 143
17 435
53 92
204 261
295 379
410 329
160 154
385 272
49 323
257 272
81 46
34 200
364 334
162 385
349 211
238 380
250 205
114 344
136 103
134 30
152 47
437 216
476 144
30 57
453 160
439 262
208 329
359 498
488 154
166 103
242 98
407 165
44 113
85 114
197 355
258 42
444 232
6 6
200 222
2 237
4 283
3 58
300 52
131 243
342 463
92 288
166 237
284 458
108 232
283 233
434 402
71 350
258 176
337 469
48 366
392 176
101 192
235 192
386 361
124 361
485 340
210 135
311 187
27 428
402 305
383 63
80 254
99 304
140 305
424 64
195 12
462 356
286 130
360 79
43 372
387 182
459 58
189 197
152 315
174 74
243 433
265 192
213 2
347 2
490 310
19 136
401 238
117 479
454 64
487 12
170 305
390 79
343 233
59 474
205 299
31 146
72 147
466 74
130 125
295 192
410 142
258 310
299 311
82 84
123 85
128 429
188 480
257 85
274 254
499 372
349 24
480 480
452 152
460 13
195 496
281 270
229 80
341 321
19 270
437 29
473 440
192 198
285 389
431 214
68 162
458 317
439 75
260 332
342 142
58 383
264 451
468 254
165 445
239 394
51 343
333 29
338 373
123 219
241 440
48 45
125 265
312 91
350 383
424 332
50 91
124 40
65 399
388 86
25 34
425 153
153 219
180 322
6 169
340 45
116 337
231 287
248 456
382 456
19 404
416 40
454 332
132 281
21 450
356 174
433 394
133 102
171 394
410 410
242 45
407 112
448 113
184 40
34 281
483 107
92 451
199 348
331 467
312 225
124 174
407 462
104 461
217 338
216 113
307 231
419 472
35 482
208 410
59 287
224 354
279 61
284 405
96 354
295 5
30 488
164 488
203 416
277 365
258 123
332 72
376 344
106 483
235 139
240 483
64 257
482 16
177 134
297 236
179 180
216 247
18 262
441 365
463 124
270 483
8 483
378 16
405 119
360 376
79 134
288 473
343 180
431 27
72 94
397 416
89 263
264 264
336 140
374 432
487 309
280 16
338 186
183 83
12 201
91 494
461 27
218 269
364 94
313 314
104 140
178 89
238 140
403 207
141 207
457 443
405 253
135 392
454 145
211 387
136 213
227 331
260 279
361 331
359 258
37 207
264 398
0 325
96 33
449 151
321 151
51 290
202 459
241 387
296 94
342 439
34 94
218 403
331 280
28 279
465 280
50 38
289 54
481 224
219 224
269 341
217 151
351 151
29 100
122 291
442 269
232 459
273 460
83 336
435 229
159 331
117 105
497 326
39 414
37 341
460 444
358 167
437 460
471 44
352 352
374 111
453 404
52 60
203 229
411 178
450 106
87 54
240 296
331 414
215 239
481 358
71 460
43 132
29 234
120 352
18 75
119 127
196 347
94 70
135 71
286 240
360 189
346 291
24 240
189 307
170 65
285 15
271 117
1 256
55 492
58 9
89 76
30 435
415 246
401 348
198 19
239 20
413 358
12 14
468 230
332 369
392 420
86 313
196 481
345 15
272 476
308 133
327 375
19 30
346 425
421 10
189 441
459 302
285 149
357 25
436 318
174 318
155 76
265 436
58 143
377 88
266 257
299 205
352 31
150 82
394 442
31 390
428 26
465 93
393 190
219 37
444 155
461 324
172 221
273 273
364 391
345 149
419 98
372 252
9 200
405 200
424 442
498 391
308 267
435 42
151 283
2 160
309 88
326 257
400 206
42 498
176 498
243 222
437 273
127 47
342 386
218 350
242 155
481 171
118 119
219 171
291 47
318 150
461 458
409 268
180 216
97 181
210 58
248 350
270 109
275 453
349 402
233 227
250 396
286 53
365 346
346 104
76 243
189 120
340 289
59 47
100 48
265 115
339 64
363 458
168 182
374 58
112 58
230 279
166 294
17 171
430 340
471 341
182 238
407 356
71 407
277 475
318 284
50 469
105 176
292 2
8 243
484 172
313 290
98 136
404 408
271 64
276 408
4 474
422 233
399 249
77 198
487 69
357 188
169 137
375 13
149 424
209 475
47 147
85 439
429 249
423 434
82 141
348 260
12 311
461 137
499 429
297 480
402 496
350 306
80 445
498 204
214 445
253 373
387 373
46 80
115 439
362 316
494 435
232 435
213 193
326 70
405 363
190 209
138 19
229 137
262 85
368 481
0 85
192 255
266 204
35 271
453 30
491 322
433 317
493 368
295 383
391 91
465 40
69 40
373 451
385 276
393 137
150 379
86 394
139 220
372 199
215 215
426 435
495 40
104 384
103 159
309 35
345 446
56 343
37 101
78 102
231 344
212 102
281 461
330 323
132 338
379 215
90 112
282 282
37 451
111 400
36 226
182 51
448 170
90 462
486 462
318 97
122 185
446 282
50 282
499 108
275 400
349 349
13 400
402 175
43 242
249 118
288 46
18 185
367 339
381 237
119 237
191 113
265 62
490 180
132 472
304 175
469 242
155 52
380 170
91 67
261 478
283 237
300 406
374 355
184 231
15 422
256 484
162 68
291 478
365 427
406 428
404 355
478 304
464 406
216 304
6 494
362 129
45 422
119 371
116 73
360 433
436 428
95 135
169 84
260 202
394 202
342 12
185 28
314 438
415 490
74 197
487 366
220 22
68 382
472 243
202 382
461 84
28 202
179 371
5 218
151 43
216 438
463 315
153 89
232 382
366 382
368 428
46 377
206 100
136 270
222 44
208 146
287 439
39 337
449 208
321 208
90 275
123 223
434 85
241 444
26 290
34 151
218 460
13 213
25 38
118 229
178 280
467 383
328 224
326 151
83 393
248 460
324 455
359 449
152 348
185 296
207 55
224 224
284 275
283 50
11 116
150 460
411 235
101 9
92 455
235 9
91 230
485 157
237 55
80 71
291 291
29 291
307 235
18 132
441 235
119 184
330 404
135 128
121 230
272 399
98 246
79 4
1 313
174 241
260 15
320 66
347 169
58 66
336 10
415 303
38 353
54 297
375 123
177 138
182 482
256 431
162 15
198 426
258 477
404 302
216 251
381 318
403 77
477 26
482 370
67 128
494 195
195 313
281 87
234 241
387 483
93 36
357 82
431 31
95 82
339 442
287 252
399 493
359 128
433 77
410 93
126 334
74 144
79 488
487 313
390 380
90 88
123 36
188 431
315 206
91 498
144 324
125 82
278 324
391 201
167 493
146 370
467 196
7 211
442 139
446 258
121 498
157 155
435 99
132 98
238 494
250 319
324 268
76 166
458 268
208 93
282 42
400 263
474 212
171 211
212 212
127 104
132 448
261 104
247 206
38 32
277 48
376 27
139 114
414 319
432 336
160 402
182 161
201 211
27 58
333 330
145 279
489 89
372 443
446 392
157 289
8 166
173 233
24 110
459 38
39 418
326 448
152 295
133 53
251 274
284 222
36 120
453 408
57 408
90 356
428 351
432 470
256 244
237 2
71 464
167 172
310 480
445 116
82 64
216 64
237 352
383 177
443 228
140 419
234 54
1 260
362 239
422 290
114 137
463 291
174 188
251 408
416 475
490 424
168 373
363 60
487 126
244 368
338 3
343 347
147 435
155 296
205 413
223 430
295 306
47 204
396 358
332 373
32 81
202 492
274 368
329 75
26 266
141 24
499 486
172 91
61 260
9 70
88 363
456 35
421 14
285 153
100 373
77 389
378 317
89 214
176 368
303 143
341 435
377 92
74 91
132 261
239 158
301 255
394 446
226 81
262 492
317 199
47 338
33 440
143 46
44 40
393 194
318 20
483 87
120 35
424 446
201 374
275 323
462 149
99 97
104 441
233 97
272 25
351 318
134 91
39 231
56 400
400 210
460 261
284 35
206 344
154 154
228 103
453 221
131 170
117 272
169 462
106 113
92 215
358 334
432 283
69 231
413 41
160 349
187 452
316 108
434 329
71 277
219 175
411 345
235 119
221 221
386 288
50 339
215 406
289 355
462 283
99 231
252 473
217 452
286 57
420 57
84 108
191 170
344 412
399 119
154 288
314 11
57 355
117 406
222 422
147 248
31 73
108 293
182 242
130 52
355 170
71 411
186 361
423 304
82 11
109 114
259 58
27 489
364 74
424 125
498 74
88 176
200 417
327 192
365 484
216 361
307 479
477 136
213 63
347 63
479 182
360 490
363 7
98 490
266 74
174 485
394 259
493 238
283 428
448 495
126 444
418 64
160 28
225 423
10 269
321 131
412 249
486 198
109 248
183 197
257 146
218 383
204 485
446 18
88 310
248 33
289 34
238 254
425 80
62 28
419 265
42 315
157 265
248 383
281 331
60 332
476 18
95 326
246 495
282 152
287 496
72 342
298 96
363 491
333 90
472 434
71 90
48 106
199 275
240 276
391 445
402 45
467 440
425 214
340 106
345 450
381 107
419 399
441 158
157 399
132 342
173 343
233 394
398 461
346 271
230 96
304 45
323 287
73 112
59 214
133 163
358 281
182 55
223 56
30 415
90 466
263 394
106 410
215 353
163 163
289 302
311 61
316 405
388 281
80 128
286 4
313 107
24 4
254 466
290 123
168 133
319 302
420 354
24 354
79 61
230 230
1 370
155 56
284 466
394 72
75 292
322 169
396 118
33 66
184 235
371 61
128 303
274 128
348 77
26 26
86 77
489 467
198 483
445 360
45 426
119 375
213 10
383 421
42 128
267 246
19 144
93 93
46 247
132 21
436 432
417 190
21 190
155 190
361 258
185 32
74 201
431 438
241 314
315 263
337 22
428 140
139 37
451 309
468 478
280 427
426 252
118 99
269 268
425 27
158 437
345 263
97 161
135 453
248 330
344 38
349 382
382 330
421 258
76 223
287 443
356 48
309 202
39 341
59 27
14 284
363 438
74 335
418 145
397 22
247 263
321 212
338 381
374 38
434 89
106 223
386 48
427 49
50 99
160 459
444 403
29 161
120 279
194 228
180 330
276 38
18 2
97 295
83 397
441 105
480 33
344 172
420 167
134 335
340 403
55 419
490 347
11 120
492 393
263 341
395 460
92 459
205 336
353 234
31 183
242 403
355 280
167 229
290 70
348 240
334 342
210 306
311 358
135 132
214 425
272 403
170 126
343 54
73 193
21 3
100 296
3 363
168 430
302 430
74 14
147 492
205 470
320 420
353 368
17 419
129 71
294 138
255 183
26 323
444 82
461 251
442 9
405 127
498 318
248 143
286 435
63 363
137 312
192 19
233 20
436 379
35 35
77 446
42 425
336 148
377 149
449 25
206 267
239 215
247 76
486 92
414 189
106 36
92 138
317 256
146 374
220 323
385 390
407 149
104 148
109 492
145 149
442 143
9 261
102 452
289 278
46 328
137 446
475 441
78 216
111 164
460 318
14 231
55 232
363 385
228 160
266 452
90 226
164 175
439 380
428 221
207 222
226 272
432 340
91 47
108 216
256 114
393 385
481 232
318 211
221 278
408 104
270 170
24 114
98 63
464 386
18 299
362 109
78 350
436 58
441 402
176 104
302 243
314 68
453 412
126 17
170 289
203 237
106 304
188 114
167 176
468 104
198 243
258 294
332 243
445 120
82 68
123 69
183 120
158 63
163 407
297 407
195 130
387 300
98 197
151 23
137 125
389 346
480 464
287 69
292 413
3 310
77 259
347 120
267 356
165 79
266 131
304 423
147 439
207 490
155 300
260 316
149 485
33 310
451 69
181 208
487 480
294 85
447 300
237 490
345 23
387 434
252 209
250 136
389 480
442 306
172 445
363 198
456 389
439 193
428 34
111 327
493 429
396 496
418 255
407 96
44 44
219 45
122 112
139 281
226 435
331 451
162 450
481 395
25 152
173 50
214 51
76 117
442 440
153 337
194 338
464 199
328 338
419 456
23 456
367 266
441 215
138 214
193 113
229 332
495 451
132 399
401 35
497 497
309 446
395 220
111 461
185 410
261 405
209 215
145 230
10 5
392 107
139 415
87 225
499 169
327 62
351 456
392 457
65 62
404 282
115 179
189 128
403 57
477 6
174 5
265 123
94 241
443 395
360 360
415 67
131 308
95 62
155 113
31 77
72 78
380 231
433 57
204 5
410 73
198 190
277 483
373 191
427 427
12 185
402 370
350 180
429 473
28 129
167 473
327 196
406 489
65 196
137 72
238 124
255 293
329 242
403 191
477 140
158 360
232 309
383 478
452 83
61 427
190 83
79 252
137 422
431 145
73 437
475 417
20 22
452 433
75 483
396 309
165 376
261 84
247 186
335 33
32 32
338 304
68 443
202 443
447 247
139 94
199 145
204 489
273 94
201 191
32 382
426 309
467 310
178 207
217 135
291 84
425 84
254 202
6 100
400 27
9 371
234 489
308 438
435 213
159 315
192 263
323 157
395 33
59 84
212 326
224 151
284 202
187 269
321 269
164 285
277 162
15 162
106 280
125 330
386 105
69 398
50 156
129 449
13 274
481 342
178 341
219 342
489 203
43 116
404 95
254 336
381 111
367 213
78 110
344 229
60 470
383 157
76 414
474 460
224 285
110 183
11 177
434 280
38 280
131 471
450 224
166 465
108 460
181 184
354 112
29 352
387 60
307 296
367 347
97 486
141 4
480 224
210 363
435 481
346 409
79 65
249 476
343 111
384 112
95 9
246 178
320 127
58 127
397 347
75 296
493 55
52 312
126 261
112 363
401 466
487 240
203 481
299 189
68 256
320 477
375 184
369 369
80 266
470 421
468 348
373 488
44 20
467 123
109 415
183 364
255 240
329 189
12 482
45 430
444 139
273 257
9 184
421 128
211 318
159 128
436 436
62 195
95 143
134 71
208 20
342 20
212 139
245 87
281 498
239 272
261 31
338 251
128 441
356 268
466 436
414 246
166 144
226 195
465 211
69 211
451 313
220 380
294 329
183 498
291 31
29 31
6 47
23 216
196 144
275 437
25 262
384 380
222 52
20 103
284 149
14 288
339 48
36 47
476 319
206 458
319 335
203 160
282 453
455 381
92 329
353 104
69 345
429 99
217 216
332 166
48 407
404 42
161 284
23 350
193 7
344 176
402 346
173 294
62 463
323 238
309 340
436 115
496 166
191 284
224 232
251 335
228 351
176 161
264 8
15 243
205 340
427 187
223 357
355 284
429 233
470 234
107 182
184 402
373 301
423 418
483 469
12 295
210 310
350 290
383 238
484 290
162 239
248 13
271 182
114 198
193 491
94 485
460 54
176 295
262 69
341 362
79 362
54 305
241 131
320 424
375 131
488 8
92 8
331 24
33 367
430 3
294 142
5 39
51 384
371 362
109 362
26 327
370 137
81 34
375 481
28 373
234 249
387 491
60 96
151 214
269 435
324 142
329 486
403 435
141 435
378 378
132 322
352 96
305 250
169 389
222 215
282 266
263 24
469 92
106 40
185 333
455 194
47 399
358 261
143 107
220 327
352 446
486 446
85 102
123 394
150 497
488 492
125 440
161 97
273 338
364 456
23 163
97 112
50 266
124 215
485 194
349 333
159 209
272 86
2 225
180 497
249 102
328 395
340 220
251 148
453 282
57 282
15 56
20 400
469 226
106 174
133 277
298 344
279 102
127 462
333 338
184 215
48 354
274 108
372 451
64 298
12 108
119 5
413 452
237 226
387 170
425 462
115 236
276 339
436 62
463 165
105 457
191 231
416 349
228 298
341 175
131 365
304 293
54 118
260 186
72 135
466 62
295 180
374 473
410 130
47 78
112 473
167 180
299 299
51 197
445 124
87 416
202 366
293 484
64 432
158 67
259 119
80 376
234 62
275 63
43 494
313 355
440 130
63 180
151 27
250 6
114 145
193 438
306 315
366 366
3 314
281 258
132 135
192 186
271 479
343 355
73 494
21 304
241 78
246 422
58 371
70 196
336 315
74 315
148 264
299 433
321 192
393 68
144 495
28 320
275 197
349 146
13 197
440 264
388 74
462 23
178 264
7 382
389 484
67 433
172 449
276 18
345 377
78 33
157 326
308 495
159 372
324 439
230 23
284 259
410 398
74 449
247 377
448 101
453 445
428 388
312 213
28 454
275 331
13 331
388 208
145 450
404 152
442 444
120 393
142 152
254 393
4 218
243 234
325 44
435 404
249 399
152 466
205 100
298 291
397 270
75 219
300 337
11 234
186 235
15 353
106 471
334 106
375 107
86 4
387 117
392 461
65 66
464 337
441 353
105 404
306 128
292 230
22 369
438 55
341 122
382 123
24 415
431 15
95 66
169 15
149 302
0 179
126 318
277 487
280 4
51 144
49 71
202 313
293 431
241 241
301 292
31 431
375 241
177 256
259 66
350 184
391 185
424 133
404 420
440 77
82 369
118 26
104 128
178 77
183 421
238 128
257 370
426 179
67 246
172 262
457 431
56 87
83 190
157 139
231 88
229 15
308 308
19 205
330 67
473 375
271 426
357 200
452 437
171 195
363 365
96 21
113 190
247 190
68 447
16 257
128 498
486 206
301 426
342 427
375 375
53 324
139 98
204 493
201 195
289 42
44 211
104 262
219 212
7 329
351 139
105 83
231 222
210 99
344 99
22 48
497 314
326 432
395 37
377 397
0 447
397 83
113 324
305 494
30 289
164 289
263 268
53 458
450 94
293 110
279 212
427 110
69 402
432 454
430 381
108 330
11 397
140 53
43 120
29 222
48 464
120 340
161 341
464 150
221 392
45 166
480 94
22 182
402 403
61 110
168 7
159 453
195 110
360 177
24 228
473 54
230 104
152 413
265 290
149 115
176 218
198 7
239 8
15 300
147 419
274 2
315 3
12 2
429 290
468 218
280 167
354 116
392 408
82 182
235 424
329 59
45 300
86 301
172 75
383 295
135 193
83 3
234 172
387 414
24 362
368 172
84 413
115 480
285 137
21 64
347 234
378 301
433 8
438 352
149 249
460 111
474 9
336 75
363 178
93 317
390 311
343 465
68 260
54 362
417 414
375 188
278 255
226 65
396 476
354 250
407 76
82 316
445 368
197 266
183 368
125 363
199 312
424 430
88 481
234 306
435 30
137 373
173 30
211 322
250 250
272 9
40 440
81 441
477 441
475 368
249 25
400 194
479 487
111 91
212 143
243 210
14 158
437 261
41 261
357 497
263 81
106 97
455 251
245 441
317 317
47 456
468 486
220 384
164 452
332 36
48 277
161 154
273 395
446 323
388 318
118 457
99 215
462 267
365 334
18 226
4 328
152 226
212 277
224 102
265 103
303 395
339 52
395 334
376 92
469 283
432 401
112 396
489 154
318 272
334 216
482 114
289 473
498 58
286 175
43 417
98 124
63 103
381 412
18 360
477 120
114 68
191 288
22 479
55 427
366 289
457 407
98 474
244 299
147 366
169 125
218 17
209 463
314 479
369 186
11 478
47 135
85 427
396 289
32 12
109 232
172 22
140 484
484 294
313 412
5 259
82 479
238 238
18 494
458 12
67 356
158 474
347 181
479 300
379 69
417 361
430 7
165 490
239 439
261 198
32 146
123 264
164 265
467 74
310 90
48 90
122 39
483 18
199 259
50 136
83 84
485 64
275 254
388 131
25 79
39 162
56 331
400 141
157 383
19 449
60 450
330 311
453 152
57 152
395 147
469 96
92 146
185 337
212 440
224 265
284 316
69 162
418 316
321 383
486 450
409 203
221 152
297 147
27 286
44 455
272 90
84 39
404 209
175 157
290 107
328 399
8 394
435 461
94 168
420 338
57 286
170 163
208 455
20 404
395 281
417 40
207 230
293 4
283 225
322 153
411 410
235 184
188 338
375 164
424 56
88 107
327 123
43 364
29 466
387 174
63 50
142 343
6 482
367 461
403 118
408 462
141 118
232 236
265 184
306 185
121 405
286 472
308 231
415 128
244 246
1 488
260 190
361 242
72 139
89 308
171 118
470 185
371 179
412 180
49 128
183 128
315 247
273 21
451 293
162 190
197 376
183 478
269 252
250 10
444 253
81 201
180 180
292 421
498 489
231 145
248 314
229 72
308 365
368 416
454 190
285 381
233 191
439 67
361 376
359 303
452 494
298 27
284 129
377 320
74 319
96 78
187 196
225 488
247 247
315 381
296 139
310 37
218 448
199 206
317 427
413 135
393 422
269 386
370 438
43 43
67 437
425 145
194 212
268 161
119 38
231 279
248 448
416 32
457 33
360 100
379 150
492 27
59 145
138 438
496 146
325 264
36 161
110 110
187 330
314 105
300 207
11 104
186 105
337 274
423 48
202 49
226 443
331 459
17 269
91 218
182 336
163 94
429 213
462 161
214 59
167 213
179 38
217 330
313 38
103 228
423 398
464 207
142 156
216 105
311 342
330 392
366 49
435 408
383 218
170 110
362 280
422 331
100 280
260 3
77 296
127 413
228 465
302 414
244 409
106 475
293 301
348 8
332 414
354 173
445 291
329 116
40 13
86 358
306 132
292 234
424 353
360 368
346 470
382 127
368 229
63 347
155 121
475 291
265 481
399 481
72 86
281 425
336 132
487 301
146 8
225 301
51 148
49 75
486 76
155 471
394 487
53 194
218 261
166 71
295 481
146 358
179 306
10 497
32 256
13 14
440 81
49 425
104 132
269 199
255 301
7 199
122 149
172 266
254 76
23 143
382 261
46 312
35 153
458 256
136 205
282 30
287 374
309 133
460 302
229 369
41 318
96 25
454 487
434 20
241 379
414 307
353 31
465 272
220 441
242 200
145 267
167 26
332 93
411 386
34 436
273 452
221 262
124 329
215 447
275 498
344 103
330 205
443 82
233 272
250 441
324 390
24 98
189 165
268 458
39 406
18 283
133 41
397 87
476 380
16 395
52 52
455 442
133 391
331 406
332 227
280 37
43 124
445 104
478 52
483 396
45 170
119 119
480 98
485 442
158 47
297 391
8 288
135 63
286 232
43 474
98 181
84 283
404 453
459 160
137 109
175 401
251 396
339 243
366 346
341 289
38 288
79 289
299 63
304 407
376 283
147 423
279 350
380 402
17 350
72 249
144 125
182 417
204 176
85 484
126 485
107 243
468 222
179 119
184 463
280 171
235 428
269 12
274 356
408 356
482 305
86 305
232 130
259 233
364 249
80 490
313 469
65 367
473 192
211 192
21 68
67 413
463 413
347 238
39 85
77 377
303 131
377 80
14 28
363 182
165 197
352 23
241 192
361 486
359 413
130 361
218 208
262 480
335 204
481 29
219 29
318 8
312 193
391 486
446 193
289 209
104 429
252 327
403 496
444 497
477 445
141 496
442 424
115 29
37 146
474 147
132 383
192 434
305 311
35 450
379 260
439 311
395 204
474 497
279 29
96 322
247 491
335 338
407 214
85 163
145 214
236 332
310 281
64 225
124 276
210 50
196 152
286 45
313 148
290 164
288 91
326 383
422 91
265 107
360 344
117 394
304 220
205 214
279 163
149 282
300 451
38 451
107 56
487 277
445 51
293 411
334 220
12 169
259 46
424 113
61 61
140 354
167 457
473 5
265 241
347 51
438 169
135 360
360 478
473 355
170 354
244 303
285 304
271 406
436 473
68 77
491 180
359 226
493 226
283 416
74 242
294 16
10 257
486 186
498 196
289 22
255 411
365 17
351 119
477 258
328 135
39 32
42 303
382 371
495 248
132 196
57 22
287 484
70 257
493 360
185 207
284 186
363 479
410 325
160 150
165 494
187 253
247 304
11 27
145 27
364 330
64 38
413 192
440 325
467 428
99 32
104 376
219 326
238 376
269 443
444 444
141 443
254 320
326 196
105 197
490 38
94 38
304 33
309 377
359 494
395 151
106 48
185 341
496 203
224 269
449 387
223 44
30 403
434 264
112 213
277 280
258 38
423 105
87 156
202 106
279 326
50 274
485 202
237 100
242 444
402 167
464 264
189 59
45 280
196 449
292 157
77 3
457 224
249 460
1 358
362 337
73 234
147 183
100 337
283 229
203 465
225 224
51 71
274 116
348 65
86 65
466 286
447 44
256 476
204 286
28 60
140 301
465 61
162 60
313 229
43 368
142 347
216 296
290 245
307 414
329 173
45 414
389 224
141 122
292 291
498 359
479 117
281 132
308 235
382 184
343 229
35 76
40 420
384 230
169 76
496 471
246 296
70 70
74 189
239 256
486 133
128 425
188 476
293 492
241 302
263 61
199 76
226 179
413 5
354 364
49 482
250 14
329 307
370 308
444 257
81 205
442 184
273 375
268 31
345 251
23 200
9 302
367 10
196 128
349 370
46 369
35 210
458 313
117 20
356 36
400 308
37 256
455 15
0 374
476 303
412 318
71 25
414 364
92 313
279 139
160 447
32 447
44 272
481 273
296 493
318 252
43 47
120 267
268 165
254 267
386 386
83 385
119 42
124 386
289 453
270 211
457 37
99 329
154 36
233 329
4 442
55 407
416 386
75 93
300 211
30 350
453 453
57 453
131 402
487 37
469 397
240 345
69 463
237 47
355 268
307 227
485 499
210 294
22 243
234 99
308 48
189 356
216 459
436 233
193 475
58 58
490 469
190 177
228 469
264 126
302 418
281 295
267 397
52 243
487 171
343 392
155 341
375 115
380 459
414 43
295 351
47 249
429 351
10 367
385 244
197 193
296 172
158 238
61 305
479 64
83 64
157 13
248 131
234 233
308 182
459 351
63 351
137 300
233 8
271 300
288 469
362 418
35 23
463 470
497 54
227 193
3 485
39 142
347 295
190 311
336 136
341 480
93 378
132 306
206 255
357 424
338 182
30 29
417 475
164 29
241 249
106 24
130 418
226 126
465 142
201 69
445 429
393 239
26 445
351 13
180 131
372 301
215 317
63 485
99 142
118 384
462 194
328 379
56 445
474 204
190 445
229 373
399 30
154 199
192 491
305 368
38 24
282 384
376 19
430 255
261 446
393 373
481 220
318 199
161 215
312 384
367 91
499 210
22 56
173 225
425 446
84 153
189 169
175 271
268 462
276 323
1 118
340 338
362 97
40 46
152 287
265 164
228 282
267 210
341 159
415 108
230 328
395 395
73 344
450 102
397 441
204 46
423 349
156 5
274 226
427 468
408 226
177 293
297 395
80 360
424 170
462 462
498 119
368 46
478 406
426 216
137 113
290 355
389 334
463 283
153 57
287 57
77 247
116 175
281 242
267 344
304 411
431 186
54 236
246 406
320 355
380 406
72 253
391 6
396 350
129 6
198 365
299 417
68 484
393 52
274 360
177 427
125 237
273 135
278 479
345 11
28 304
451 407
289 79
63 298
462 7
365 74
463 417
153 191
232 484
213 242
254 243
231 259
267 478
308 479
41 135
206 202
357 371
21 422
95 371
458 423
20 197
433 366
111 315
460 469
171 366
207 23
262 484
69 89
110 90
449 310
108 17
247 361
352 377
333 135
407 84
412 428
85 33
164 326
370 202
226 423
391 490
201 366
481 383
118 331
467 485
43 157
290 34
340 151
56 392
157 444
251 79
233 439
131 162
244 39
323 332
356 280
395 208
133 208
113 495
256 49
247 495
186 219
236 336
332 44
188 265
334 90
12 39
177 106
103 342
464 321
362 44
367 388
480 265
3 111
383 332
457 281
360 348
19 55
57 347
368 209
54 49
265 461
298 409
31 65
295 111
300 455
410 61
148 61
385 4
49 55
54 399
301 276
375 225
12 173
163 342
498 66
484 168
179 286
404 404
63 111
104 112
137 60
329 230
119 420
442 107
475 55
22 487
345 174
383 466
56 71
405 225
195 415
19 189
206 15
192 117
21 235
134 112
72 200
433 179
70 127
75 471
264 370
14 195
335 21
51 262
128 482
164 139
370 15
466 477
312 10
317 354
9 9
143 201
179 420
215 77
481 196
250 71
81 262
141 313
56 205
382 375
435 201
495 252
35 267
379 77
62 370
59 72
303 432
14 329
0 431
74 380
430 15
261 206
247 308
203 201
277 150
411 150
91 145
485 72
13 262
333 432
104 380
219 330
217 257
478 32
464 134
254 324
345 442
381 99
270 268
99 386
154 93
272 314
175 381
309 381
395 155
436 156
284 324
325 325
339 223
416 443
223 48
52 166
38 268
263 386
337 335
390 161
54 212
166 453
207 454
301 89
91 279
182 397
80 120
85 464
107 223
219 464
354 100
392 392
423 459
404 217
156 115
142 217
290 115
22 300
459 274
1 362
288 392
100 341
359 43
190 234
410 8
437 111
112 351
373 126
376 397
68 244
417 398
128 295
431 296
491 347
315 121
26 18
12 120
218 188
256 480
369 357
396 460
102 13
371 403
442 54
232 244
180 54
306 193
484 465
456 137
324 183
35 80
309 60
116 419
281 486
93 435
148 142
187 70
486 137
90 137
169 430
439 291
315 255
342 358
130 475
331 199
317 301
451 301
129 250
393 296
486 487
104 193
81 209
199 430
364 497
210 30
289 323
344 30
330 132
435 148
421 250
443 9
497 245
134 193
189 92
39 333
340 261
111 209
460 363
416 256
319 323
305 425
379 374
203 148
277 97
293 41
331 333
31 41
418 487
91 92
182 210
32 451
448 329
406 103
122 344
404 30
408 149
446 441
124 390
480 25
270 215
435 282
388 436
200 385
98 108
115 277
3 221
267 267
112 164
73 401
54 159
133 452
417 211
491 160
31 175
144 52
295 221
429 221
280 98
101 355
483 457
235 355
334 334
26 181
12 283
447 211
327 294
285 68
251 457
39 12
42 283
75 231
341 350
368 453
401 401
74 6
454 227
239 73
192 227
266 176
51 22
343 396
128 242
241 119
53 68
144 186
410 305
160 130
198 422
10 371
393 109
109 350
197 197
269 73
310 74
296 176
81 22
447 345
9 119
83 68
387 479
495 12
159 63
351 233
425 182
62 130
306 490
254 300
328 249
176 417
229 243
303 192
113 68
352 84
357 428
16 135
458 480
131 85
134 356
208 305
222 203
414 181
111 372
240 28
358 249
143 95
96 249
182 23
109 484
236 259
184 69
337 311
318 69
120 84
312 254
50 254
143 445
485 182
27 270
159 197
272 74
62 264
175 141
249 90
18 157
56 449
78 208
138 259
243 275
435 445
154 203
300 28
208 439
59 316
298 332
36 332
418 434
335 399
333 326
374 327
355 85
429 34
277 394
332 101
163 265
311 163
80 230
387 158
404 327
464 378
6 466
381 343
40 50
463 153
193 292
494 220
265 168
378 45
42 96
75 44
154 337
19 112
57 404
59 450
339 467
110 415
75 394
108 342
146 45
239 236
371 163
450 456
427 472
64 420
364 123
350 225
498 123
484 225
5 190
354 344
13 51
82 410
381 477
40 184
351 46
227 10
287 61
135 421
116 179
382 298
454 174
211 416
343 343
73 482
458 293
134 169
361 360
72 257
359 287
144 133
247 231
32 77
68 488
393 56
486 247
71 5
197 144
241 416
139 139
317 411
386 16
451 411
275 185
197 494
103 78
494 488
157 314
243 88
303 139
55 37
416 16
206 206
285 499
453 83
95 375
230 11
309 304
356 150
20 201
400 422
171 370
377 438
397 124
261 263
453 433
164 330
277 207
409 134
106 325
87 83
386 150
256 269
489 248
291 263
318 366
103 212
254 381
6 279
157 448
105 258
344 274
457 151
443 253
222 284
436 213
469 161
284 381
149 156
223 105
401 377
225 151
106 459
408 43
17 387
182 454
80 177
167 331
65 54
464 325
288 99
105 392
232 167
306 116
443 387
267 161
308 162
84 454
436 347
417 105
496 398
100 398
361 173
394 121
72 70
0 167
148 65
299 234
373 183
15 475
412 111
49 59
109 110
150 111
315 178
301 280
26 75
353 470
466 347
447 105
226 106
259 54
201 49
257 358
255 285
153 8
180 111
273 302
306 250
345 178
61 419
456 194
63 465
238 466
136 189
208 65
39 256
452 425
89 373
111 132
185 81
322 352
418 60
192 471
486 194
241 363
166 189
245 482
278 430
353 15
50 14
280 476
354 425
32 374
333 302
145 251
236 369
217 127
425 76
307 20
345 312
231 210
344 87
330 189
60 328
46 430
151 446
443 66
250 425
286 82
76 272
57 30
62 374
39 390
400 369
78 318
111 266
422 128
224 143
374 87
117 431
337 205
240 272
331 390
96 493
481 334
85 334
66 92
181 42
167 144
423 329
478 36
142 87
235 278
276 87
45 154
8 272
435 339
99 390
272 318
323 283
422 262
152 401
399 278
452 104
476 498
75 154
126 119
165 47
225 98
299 47
68 114
147 407
293 232
223 402
107 227
294 53
332 345
274 340
480 216
80 474
424 284
162 284
272 452
382 58
46 109
288 396
324 53
458 53
62 53
100 345
227 120
265 412
3 412
72 17
438 340
336 63
19 356
93 305
401 458
454 284
51 79
338 109
417 402
453 59
466 294
414 104
369 361
470 413
69 69
198 479
274 474
255 232
370 182
81 79
483 59
419 74
498 367
248 192
308 243
349 244
65 485
25 120
398 136
403 480
76 85
136 136
231 373
281 490
416 126
449 74
127 23
113 125
132 367
266 367
454 418
338 243
69 203
261 373
335 322
321 424
333 249
197 388
411 317
29 23
34 367
122 214
194 90
23 208
210 34
311 86
435 152
178 496
365 322
194 440
323 96
1 45
362 24
496 24
138 316
270 435
77 40
206 450
302 158
305 429
131 276
15 101
188 29
394 97
31 45
418 491
427 45
430 316
242 265
335 456
71 383
107 40
277 451
411 451
48 399
221 327
353 446
12 153
45 101
480 29
210 168
297 322
22 117
25 388
272 265
478 333
1 179
441 451
22 467
75 101
93 118
492 389
225 45
357 164
417 215
133 456
144 56
130 158
314 467
448 467
47 123
126 416
148 175
181 123
487 395
225 395
373 293
101 359
197 67
334 338
375 339
163 456
364 180
424 231
290 416
477 242
114 190
452 185
42 287
479 288
473 473
211 473
244 421
356 73
361 417
58 416
111 242
493 344
317 118
358 119
470 360
220 185
321 237
352 304
385 252
11 11
49 303
145 11
26 319
12 421
48 78
139 196
9 123
124 73
388 119
99 16
104 360
233 16
365 135
425 186
153 252
227 201
405 473
78 78
138 129
154 73
324 484
305 242
16 139
222 207
260 499
230 68
309 361
106 32
59 186
111 376
245 376
36 202
74 494
247 422
352 438
407 145
85 94
145 145
15 264
428 433
101 38
92 484
483 140
27 274
80 100
118 392
2 217
84 27
120 438
268 336
152 161
272 428
305 376
98 275
131 223
436 270
147 167
58 95
108 212
283 213
33 38
15 398
390 275
293 342
279 444
427 342
484 95
162 44
327 111
478 280
290 229
482 399
191 223
292 275
443 444
42 100
484 445
211 286
1 476
21 162
169 60
452 348
438 450
314 414
336 173
322 275
239 240
247 101
51 189
390 409
338 219
188 460
31 476
177 301
80 368
28 178
294 297
275 55
142 465
252 71
306 307
328 66
457 476
456 251
41 9
473 420
421 230
206 76
305 55
475 466
497 225
222 20
227 364
433 240
460 343
418 117
449 184
127 133
51 323
236 76
240 195
294 431
242 241
407 308
44 256
467 359
81 323
29 133
122 324
254 251
307 77
381 26
405 420
105 128
243 92
154 20
84 190
222 154
37 374
325 252
96 200
397 128
127 267
113 369
314 93
52 93
87 87
240 329
413 257
485 133
85 391
181 99
167 201
409 488
367 262
344 278
497 493
230 149
309 442
422 319
399 335
397 262
471 211
490 453
264 110
492 499
244 397
202 171
293 289
144 166
391 43
181 233
406 351
371 330
257 228
255 155
45 345
306 120
259 274
61 289
484 392
19 63
84 458
271 284
95 58
37 53
171 53
176 397
262 171
52 361
0 171
454 341
113 48
192 341
247 48
338 166
491 408
125 58
240 8
295 469
391 177
470 470
148 419
275 2
445 413
481 70
328 13
229 7
60 198
8 8
159 177
252 368
250 295
84 3
153 362
134 120
323 19
378 480
96 13
132 424
206 373
352 198
431 491
434 8
169 491
439 352
208 419
488 244
92 244
245 486
205 121
413 70
129 311
160 378
108 188
294 378
481 204
85 204
118 152
258 132
312 368
9 367
441 24
270 142
8 142
388 363
214 210
346 137
420 86
103 379
189 153
39 394
340 322
288 132
490 266
476 368
113 316
168 215
305 486
374 91
401 194
222 451
230 312
356 451
224 497
205 255
358 497
17 204
110 395
471 374
182 271
448 390
406 164
483 384
86 159
499 328
80 344
99 394
368 30
98 169
473 46
249 338
290 339
325 333
190 108
176 210
281 226
341 277
52 174
401 328
54 220
205 389
375 46
466 164
108 456
283 457
85 472
160 57
225 452
258 400
280 159
294 57
354 108
393 36
472 329
109 277
183 226
334 395
499 462
177 411
237 462
311 411
179 457
387 406
60 11
440 232
426 334
211 180
252 181
250 108
389 452
458 57
67 401
477 299
227 124
326 103
460 103
138 52
176 344
377 68
14 16
19 360
363 170
155 406
282 181
320 473
70 298
144 247
488 57
245 299
226 57
262 468
47 314
470 417
69 73
74 417
146 293
280 293
412 412
49 360
486 361
197 258
183 360
370 186
12 478
444 135
122 84
447 406
28 422
465 423
201 350
289 197
349 248
269 484
250 242
291 243
7 484
351 294
442 412
115 17
249 17
42 478
78 135
479 479
231 377
212 135
229 304
41 253
379 248
92 191
413 17
17 17
30 444
49 494
13 433
402 208
66 259
484 18
387 85
84 84
254 495
4 320
422 79
463 80
193 219
196 490
3 95
8 439
228 213
281 39
222 398
244 157
260 101
493 80
223 219
283 270
85 285
33 95
38 439
450 383
12 157
86 106
237 275
259 34
167 445
65 168
103 460
216 337
276 388
18 352
441 455
114 60
480 383
56 55
190 55
267 275
211 343
192 101
21 219
95 168
169 117
320 286
361 287
342 45
58 286
471 455
70 111
264 354
283 404
52 471
321 107
371 224
412 225
301 394
461 117
139 66
199 117
424 235
294 354
65 302
440 179
158 466
306 364
39 20
83 292
229 117
319 10
384 405
16 9
21 353
117 61
134 230
222 77
342 179
39 370
37 297
133 5
331 20
322 466
36 72
413 180
32 488
25 71
381 83
446 478
231 324
251 10
8 252
435 319
421 421
476 128
2 437
136 437
222 211
249 314
395 139
400 483
474 432
152 381
243 499
358 257
36 206
96 257
127 324
261 324
335 273
300 252
16 493
453 494
184 77
15 268
488 488
188 196
64 160
177 37
215 329
402 155
355 309
80 104
407 499
145 499
481 448
179 83
365 273
29 324
423 443
464 252
180 493
307 268
210 335
232 94
265 42
306 43
435 453
94 160
341 37
98 279
84 381
285 105
309 499
1 346
417 32
36 340
380 150
438 320
283 217
314 284
126 233
487 212
198 109
239 110
109 37
188 330
413 448
17 448
91 397
466 274
204 274
424 48
468 320
198 459
280 269
142 335
274 454
408 454
480 330
172 177
210 469
360 413
1 480
324 167
398 116
40 408
100 459
134 43
58 233
378 403
493 161
74 177
487 346
187 54
247 105
491 465
293 480
375 290
144 357
218 306
240 65
317 285
28 182
468 454
440 126
118 75
467 229
252 75
255 346
296 347
329 295
444 245
425 3
232 362
180 172
273 363
61 480
248 306
270 65
349 358
76 199
309 178
37 244
212 245
284 121
432 19
113 239
338 357
68 496
71 13
112 14
315 373
166 250
240 199
279 127
413 127
220 486
316 194
291 137
365 86
318 240
392 189
411 431
235 205
367 132
9 424
124 374
210 148
196 250
22 97
8 199
421 368
443 127
103 436
340 379
474 379
73 35
100 138
207 35
377 446
476 425
154 374
16 440
376 194
133 436
166 384
202 41
293 159
430 430
184 374
280 82
161 390
498 160
478 447
189 344
249 395
343 30
384 31
265 339
213 149
246 97
347 149
322 92
0 41
165 108
293 293
320 396
58 396
144 170
130 272
295 339
355 390
280 216
385 232
101 473
123 232
109 334
255 159
296 160
334 452
348 350
444 58
141 57
311 468
364 294
405 103
446 104
253 463
46 170
238 340
62 114
39 130
326 160
400 109
190 299
264 248
212 58
281 417
454 345
30 17
417 463
491 412
169 361
155 463
241 237
342 289
245 356
47 371
69 130
146 350
335 249
385 366
371 468
49 417
219 74
236 243
423 69
345 186
23 135
50 238
124 187
485 166
215 305
201 407
60 202
8 12
99 130
351 351
103 249
189 23
328 367
340 192
419 485
4 243
152 141
55 208
154 187
228 136
35 495
134 474
203 79
356 321
106 146
455 300
279 74
413 74
418 418
91 23
449 485
85 208
434 362
145 259
186 260
318 187
10 34
48 326
122 275
423 203
240 496
408 80
446 372
214 214
360 39
2 331
313 193
189 157
152 275
243 393
251 254
344 445
378 29
438 80
176 80
305 490
420 440
492 316
147 281
207 332
155 142
17 208
493 137
204 34
295 152
11 393
85 342
71 444
126 343
181 50
258 270
409 439
202 338
64 404
86 163
237 332
402 399
350 209
424 158
61 106
200 450
211 50
216 394
238 153
271 101
100 219
475 96
3 286
89 60
42 214
281 230
229 40
368 384
454 158
132 107
192 158
271 451
68 122
169 174
320 343
58 343
223 410
171 220
470 287
487 456
146 163
247 215
472 333
109 281
310 5
301 451
444 5
48 5
80 482
372 102
498 241
88 343
327 359
255 456
7 354
463 405
442 282
326 107
479 349
138 56
330 226
454 292
151 483
495 293
136 360
208 236
356 134
361 478
428 10
469 11
493 405
262 472
432 129
437 473
110 78
113 349
239 488
261 247
51 437
434 175
150 416
331 427
499 11
426 472
462 129
104 421
214 27
442 416
290 22
328 314
367 242
191 16
325 16
60 499
366 17
435 376
416 134
132 375
159 478
267 11
131 150
170 78
208 370
20 319
343 6
106 93
185 386
358 314
108 139
434 309
277 325
161 150
235 99
297 196
179 140
332 382
156 156
210 392
366 151
443 371
154 268
456 44
98 336
170 212
73 279
417 89
133 330
207 279
491 38
339 398
75 325
493 84
223 223
277 459
412 95
486 44
315 162
259 38
369 398
350 156
28 105
102 54
65 172
156 290
178 49
290 290
255 269
61 403
157 111
248 229
206 3
211 347
361 291
58 290
452 409
37 167
116 460
74 234
220 59
299 352
247 162
321 111
338 280
68 419
150 229
26 193
411 4
428 173
461 121
139 70
146 460
294 358
440 183
257 476
250 59
29 60
103 9
172 368
158 470
83 296
248 363
344 71
349 415
151 430
443 50
206 137
384 409
21 357
222 81
287 476
39 374
20 132
400 353
460 404
262 419
358 127
165 486
374 71
434 122
71 70
112 71
411 138
15 138
139 204
92 358
450 66
312 132
430 353
160 492
289 148
462 76
489 179
217 245
365 143
7 435
392 246
406 144
483 364
142 71
221 364
235 262
254 312
6 210
97 328
482 139
344 205
368 10
189 267
436 144
224 261
75 138
283 87
15 272
92 492
166 441
353 267
17 318
204 144
355 313
198 329
258 380
332 329
354 88
392 380
423 447
87 498
216 154
408 324
389 82
499 442
158 149
292 149
405 26
272 436
346 385
360 283
387 386
458 37
287 155
359 31
223 170
302 463
322 149
38 390
470 47
165 165
491 335
128 283
155 386
414 88
204 278
226 37
317 155
143 2
253 170
294 171
354 222
104 47
296 217
442 42
447 386
232 232
56 6
248 176
234 278
368 278
151 243
252 295
238 397
285 243
458 171
438 458
185 12
138 166
171 114
19 474
437 233
165 299
206 300
54 468
169 418
263 53
144 361
185 362
465 187
430 166
280 407
13 63
118 79
257 423
310 249
139 367
6 23
372 346
102 485
60 259
440 480
462 239
159 238
233 187
222 28
138 300
251 177
41 367
90 259
205 182
331 321
17 131
182 198
316 198
369 24
434 419
219 265
404 18
445 19
87 311
235 209
105 136
215 496
196 254
311 204
383 80
388 424
360 96
2 388
346 198
115 265
249 265
378 86
75 85
168 276
190 35
176 137
341 204
492 373
230 373
343 250
202 45
320 266
110 456
223 333
295 209
33 209
198 276
258 327
299 328
280 86
332 276
423 394
109 204
188 497
424 215
214 405
308 40
313 384
24 281
46 40
290 400
463 328
100 276
193 467
494 395
251 445
292 446
339 292
361 51
77 292
135 462
281 287
239 61
51 10
414 35
148 293
220 169
373 411
445 287
49 287
123 236
197 185
467 46
26 303
444 62
461 231
409 41
177 472
23 5
372 159
60 72
65 416
63 343
159 51
329 462
40 359
227 185
4 113
42 405
116 354
231 304
479 406
229 231
454 349
495 350
187 5
266 298
398 417
379 175
282 242
356 191
106 16
14 427
430 113
352 422
333 180
145 129
217 5
337 299
409 175
87 124
125 416
372 293
124 191
270 16
5 499
238 478
272 62
365 253
189 27
249 78
23 489
243 263
8 366
41 314
495 484
476 242
206 381
228 140
319 258
346 361
222 325
230 186
323 377
356 325
20 376
320 79
358 371
432 320
397 299
108 196
209 248
295 22
333 314
11 263
71 314
376 361
161 207
312 376
427 326
12 84
256 444
214 218
217 489
327 95
29 438
98 43
459 22
63 22
268 454
288 140
141 90
306 157
456 101
454 28
271 321
1 460
357 95
362 439
417 146
95 95
169 44
246 264
339 455
471 382
369 105
47 54
112 449
321 34
128 393
293 460
301 321
26 116
259 95
498 111
107 455
88 213
162 162
253 280
478 398
426 208
151 3
290 347
7 224
213 100
292 393
366 342
42 218
229 44
305 39
169 178
260 296
246 398
185 122
123 183
236 60
218 420
331 297
391 348
372 106
451 399
88 347
289 71
481 241
238 291
329 409
370 410
403 358
81 307
29 117
330 230
456 369
435 246
416 4
319 71
384 466
57 71
356 138
361 482
20 189
359 409
92 65
336 425
96 184
335 200
352 369
338 471
11 76
38 179
263 297
48 143
139 261
92 415
483 71
188 123
226 415
331 431
386 138
391 482
124 138
201 358
289 205
25 132
118 323
219 375
200 133
217 302
43 149
404 128
442 420
194 318
221 421
4 194
441 195
494 21
480 123
366 21
462 483
443 241
319 205
76 447
136 498
492 133
1 273
395 200
152 442
133 200
207 149
75 195
228 437
396 21
126 160
401 365
487 139
304 432
469 499
108 493
355 370
429 319
66 267
489 370
179 144
217 436
65 42
269 37
367 380
389 139
119 278
494 155
499 499
237 499
292 206
366 155
8 447
405 83
360 340
382 99
343 144
114 284
155 93
347 263
37 37
493 88
401 499
247 32
376 442
450 391
90 48
109 98
144 284
218 233
259 42
391 161
181 351
468 381
385 346
104 104
178 53
329 222
370 223
141 171
461 341
97 64
234 335
368 335
211 351
250 279
384 279
21 227
227 295
359 222
474 172
171 171
303 290
377 239
321 115
412 233
453 234
169 475
277 8
428 177
245 470
123 480
219 188
291 64
81 254
34 408
461 475
345 300
344 75
27 368
222 85
328 481
340 306
436 14
474 306
298 80
14 321
399 132
41 424
96 131
397 59
154 301
302 199
352 316
453 368
57 368
117 419
20 486
428 311
106 260
87 18
207 312
205 239
91 137
108 306
182 255
204 14
333 424
467 424
71 424
406 148
404 75
257 25
9 485
124 435
297 363
484 189
214 328
195 86
459 132
497 424
288 250
114 97
246 24
325 317
55 456
476 486
209 142
314 158
131 451
73 446
202 102
353 271
31 220
256 338
80 112
126 457
10 282
32 41
161 451
183 210
348 277
494 102
447 256
163 497
232 102
9 30
121 271
382 46
290 457
366 452
336 51
68 236
54 338
128 287
417 390
155 390
260 406
144 231
47 298
451 159
280 277
354 226
333 103
445 344
183 344
257 293
269 118
172 185
483 47
231 11
63 400
104 401
250 226
324 175
7 468
62 175
287 293
474 119
78 119
479 463
437 237
113 113
206 304
414 226
469 125
143 140
333 237
85 135
145 186
236 304
120 129
240 423
367 6
124 248
237 125
297 176
440 484
200 243
276 238
309 186
191 130
224 78
303 371
330 474
55 269
416 248
94 197
127 145
319 315
401 125
323 434
304 192
356 382
376 68
455 361
284 479
320 136
31 33
85 269
203 490
236 438
337 490
411 439
48 387
235 213
386 382
408 141
45 89
447 69
163 310
162 85
253 203
286 151
404 372
189 218
1 167
452 39
75 89
154 382
281 157
19 157
454 85
492 377
266 34
496 496
128 100
471 439
75 439
204 95
336 214
239 281
220 39
385 106
64 465
34 34
237 393
259 152
88 270
82 455
178 163
216 455
252 112
257 456
193 471
326 34
419 225
135 466
281 291
234 445
19 291
368 445
41 50
338 44
439 96
169 235
155 337
342 163
0 399
432 56
247 276
321 225
411 118
48 66
364 302
350 404
465 354
64 10
162 353
485 40
253 471
294 472
13 230
118 246
200 56
217 225
370 467
180 343
9 461
231 308
138 117
229 235
41 184
233 354
324 472
420 180
222 195
323 247
74 482
418 292
113 410
374 185
11 133
164 375
203 303
277 252
428 421
87 128
166 421
465 488
256 314
316 365
407 483
388 241
272 66
351 359
43 206
365 257
392 360
464 236
268 324
216 134
78 200
157 493
422 10
325 77
8 370
383 247
416 195
272 416
346 365
84 365
492 190
323 381
284 426
127 442
261 442
302 443
283 201
300 370
11 267
33 26
112 319
198 93
337 437
390 263
161 211
274 88
408 88
17 432
499 206
182 499
80 222
489 427
253 150
43 340
238 27
40 42
67 145
419 38
438 88
443 432
281 104
308 207
341 155
46 207
170 273
431 48
89 284
438 438
111 43
171 94
396 212
126 351
112 453
239 228
51 177
197 2
391 218
468 438
445 454
156 351
183 454
370 280
67 279
141 228
194 54
227 2
306 295
328 54
6 3
248 290
308 341
382 290
213 454
433 228
111 177
245 177
358 54
449 172
127 121
164 188
356 358
144 475
353 60
294 419
393 398
118 193
217 172
296 465
310 363
370 414
81 311
392 173
273 481
307 65
23 306
83 357
157 306
231 255
210 132
270 183
22 81
151 491
159 352
319 75
360 76
346 178
98 76
249 245
309 296
1 143
326 465
59 121
243 430
490 307
127 255
187 306
112 132
222 492
188 127
17 245
278 20
316 312
388 188
467 481
219 379
258 307
48 497
122 446
82 81
194 322
142 132
23 440
124 492
158 76
311 318
121 194
420 261
309 430
340 497
325 374
416 492
127 389
168 390
401 369
239 41
376 312
147 452
472 20
130 256
355 374
392 441
156 164
197 165
274 385
329 92
334 436
403 41
141 41
447 313
210 400
232 159
42 35
286 395
248 103
272 497
308 154
24 395
98 344
459 323
362 390
40 339
21 97
100 390
213 267
89 231
75 333
116 334
433 41
264 232
377 109
415 401
51 124
431 345
128 344
241 221
342 273
414 149
295 457
391 165
28 113
470 458
430 93
178 57
447 447
345 170
419 119
28 463
231 68
234 339
308 288
252 356
40 473
384 283
136 181
497 160
134 108
340 176
243 243
55 192
379 289
453 238
164 135
117 289
169 479
70 473
414 283
245 474
47 489
413 58
449 469
430 227
182 125
220 417
355 53
123 484
197 433
145 243
219 192
167 2
489 53
310 310
370 361
411 362
483 238
235 136
97 202
217 469
291 418
24 74
459 2
367 413
4 361
100 69
377 377
490 254
492 300
469 316
106 264
59 418
92 366
133 367
380 244
182 259
256 208
355 187
47 34
10 152
445 80
183 80
307 146
348 147
482 147
25 433
80 332
327 209
473 34
464 480
175 377
18 393
119 445
475 80
339 219
3 270
154 439
456 215
147 399
128 157
17 326
75 496
245 153
336 271
396 322
107 219
181 168
146 147
280 147
51 287
49 214
334 383
28 276
451 379
88 327
179 445
234 152
275 153
67 389
141 338
191 455
231 231
308 451
0 106
285 467
338 101
491 343
150 50
53 117
359 389
171 338
418 215
239 472
220 230
407 56
44 4
393 158
274 466
122 72
483 51
386 118
275 287
44 354
118 303
99 61
324 179
365 180
7 472
76 77
425 231
444 473
175 56
254 349
400 174
83 467
212 123
229 292
330 344
416 118
168 16
159 462
192 410
206 308
319 185
30 82
222 252
356 252
304 62
133 180
212 473
148 488
256 21
335 314
321 416
374 242
90 483
423 134
101 83
483 185
274 11
242 473
214 145
2 262
478 191
120 483
464 293
216 191
362 16
389 119
463 68
100 16
344 376
325 134
8 427
77 32
383 304
490 201
438 11
443 355
319 319
84 422
492 247
422 417
59 365
455 365
298 381
246 191
394 89
72 38
149 258
369 32
11 324
49 27
161 268
279 489
353 438
17 489
447 73
278 264
259 22
364 38
66 381
498 38
181 331
478 325
403 151
105 494
306 218
22 459
61 387
192 89
285 280
357 156
431 105
174 449
208 33
342 33
72 172
452 393
438 495
111 100
264 342
314 459
165 336
146 94
239 285
299 336
128 454
274 279
80 413
451 326
129 275
5 239
63 217
257 460
250 43
351 95
444 286
153 110
326 38
9 331
135 470
234 449
456 296
421 275
151 414
211 465
62 342
136 291
222 65
208 167
260 357
342 167
37 285
111 234
455 44
377 353
358 111
36 60
165 470
333 54
30 245
375 465
48 70
53 414
428 291
139 188
240 240
50 116
201 285
13 234
407 353
7 419
464 106
194 245
180 347
23 363
83 414
231 312
8 240
490 14
154 65
360 133
304 9
39 492
496 179
96 245
471 122
182 19
448 138
126 87
131 431
258 14
423 81
469 426
128 133
240 374
293 200
331 492
353 251
17 302
50 250
430 471
177 25
316 369
11 487
66 194
181 144
387 20
423 431
120 430
156 87
255 66
408 308
196 425
286 318
346 369
420 318
368 128
285 93
21 20
147 159
458 21
325 431
302 447
283 205
277 390
299 149
373 98
91 385
177 159
256 452
47 278
28 36
66 328
88 87
104 31
7 98
482 391
67 149
22 406
61 334
405 144
98 401
473 278
454 36
459 380
384 206
169 52
39 171
116 391
336 165
322 267
0 216
239 232
431 402
293 468
263 37
70 396
69 171
294 289
407 166
393 268
219 115
255 334
34 335
229 52
275 397
137 463
252 413
361 356
20 63
224 58
303 351
363 402
41 351
96 58
127 125
247 227
439 397
38 53
428 238
240 187
182 182
215 130
32 423
429 59
194 192
196 238
289 429
22 85
250 474
291 475
360 80
425 475
175 300
249 249
230 7
4 418
303 485
325 244
77 142
416 362
94 311
471 69
374 136
38 187
202 29
188 131
242 367
316 316
295 193
33 193
112 486
167 193
371 188
445 137
183 137
45 203
485 475
22 219
80 389
424 199
498 148
286 265
271 142
436 209
389 363
477 210
193 451
227 35
490 445
75 203
460 14
363 81
93 220
79 322
241 91
391 35
470 328
299 446
49 271
123 220
197 169
334 440
259 266
135 230
484 384
234 209
327 400
65 400
159 35
398 51
40 343
389 497
67 446
141 395
425 154
340 46
247 40
30 5
68 297
260 467
208 277
282 226
72 416
245 344
74 462
280 338
335 237
407 113
412 457
236 231
26 421
461 349
120 56
364 416
312 226
201 395
272 46
365 237
116 472
377 247
127 72
305 344
30 139
16 241
134 462
208 411
230 170
106 134
185 427
353 11
432 304
69 252
182 129
335 371
316 129
30 489
407 247
448 248
164 489
198 73
406 22
372 411
311 135
297 237
25 303
462 304
484 63
252 494
346 129
392 474
478 248
115 196
381 315
362 73
367 417
119 315
463 125
191 191
399 140
94 258
116 17
267 186
52 32
57 376
131 325
401 186
73 320
224 489
493 125
11 381
355 191
448 382
487 310
258 258
332 207
101 274
450 428
202 326
311 269
102 95
5 162
115 330
63 140
381 449
480 428
232 326
383 495
438 202
121 495
281 218
341 269
192 146
417 264
95 213
241 38
72 229
359 259
283 449
322 377
418 85
294 49
321 152
51 291
371 269
393 28
123 167
109 269
183 218
241 388
461 162
447 264
350 331
28 280
451 383
162 280
215 106
238 275
329 393
62 49
180 270
4 44
46 455
421 332
495 281
476 39
319 55
324 399
384 450
16 54
72 363
185 240
0 460
437 461
113 337
261 235
352 353
393 162
53 471
428 348
125 347
386 122
69 415
50 173
402 66
467 461
214 15
310 477
122 426
175 60
328 302
367 230
229 296
270 297
344 246
435 364
76 431
73 133
185 374
224 302
279 9
14 492
55 493
247 471
335 318
434 297
277 313
15 313
188 241
413 359
50 307
242 477
311 82
44 492
258 421
327 26
29 369
156 144
268 385
276 246
288 71
45 313
67 72
311 432
435 498
94 205
249 493
357 26
36 385
410 37
396 139
0 139
244 499
15 447
390 324
412 83
188 375
353 442
498 42
313 262
81 104
463 206
475 31
480 375
232 273
56 47
135 340
157 99
281 165
495 94
137 386
361 279
347 381
438 499
474 156
460 258
493 206
176 499
336 222
396 273
0 273
487 391
239 289
390 458
472 268
164 115
169 459
263 94
143 177
220 397
294 346
426 273
118 120
123 464
351 99
442 217
345 284
23 233
151 418
211 469
2 295
458 346
359 340
474 290
212 290
298 64
432 64
96 115
335 131
11 7
52 8
434 110
448 8
20 470
428 295
409 53
312 120
413 172
91 121
27 136
44 305
219 306
310 424
291 182
365 131
318 285
43 80
103 131
235 250
276 59
105 177
121 121
360 137
2 429
62 480
459 116
323 255
347 60
380 8
168 317
228 368
314 142
300 244
30 383
395 481
469 430
491 189
188 188
85 440
181 148
332 317
313 75
10 266
404 193
478 142
161 435
105 311
480 188
172 35
306 35
297 481
311 379
383 255
443 306
484 307
286 322
234 132
346 373
98 271
46 81
175 491
211 148
285 97
287 143
302 451
341 379
401 430
51 51
357 323
68 220
128 271
246 492
301 199
295 384
47 282
167 384
294 159
5 56
354 210
426 86
370 154
461 272
199 272
5 406
24 456
159 92
238 385
398 108
100 451
227 226
309 36
326 205
405 498
460 205
264 293
212 103
456 463
0 220
41 221
187 46
266 339
247 97
338 215
35 406
431 406
433 452
414 210
185 350
218 298
391 226
247 447
217 46
310 237
34 339
483 165
297 160
118 417
2 242
346 52
328 412
1 17
41 355
77 12
319 299
379 350
415 7
112 6
304 176
469 243
455 345
293 17
298 361
331 309
380 171
413 119
335 428
316 186
407 304
11 304
107 12
167 63
406 79
34 473
483 299
348 74
334 176
446 417
163 294
237 243
388 412
76 325
464 407
175 304
290 254
381 372
422 181
100 130
251 299
339 146
366 249
77 146
341 192
379 484
401 243
487 17
304 310
395 428
431 85
68 33
469 377
169 85
130 130
209 423
295 197
11 438
373 265
10 213
156 38
161 382
255 17
232 33
462 495
61 151
498 152
121 202
253 321
327 270
308 28
387 321
473 95
63 197
252 96
276 490
384 23
114 162
463 316
477 214
347 141
77 280
42 259
0 33
454 203
431 219
260 337
241 95
347 491
70 213
185 163
204 213
223 455
336 332
317 90
470 332
146 208
299 450
32 106
412 327
150 327
236 101
296 152
162 337
327 404
60 60
440 281
421 39
178 281
269 399
67 450
136 55
141 399
172 466
213 275
306 466
328 225
39 122
37 49
363 219
55 66
495 338
113 44
154 45
266 286
319 112
357 404
95 404
492 40
428 55
455 158
298 174
410 415
14 415
358 225
412 461
448 118
90 410
318 45
34 286
139 302
483 112
221 112
226 456
312 230
23 127
485 158
196 55
388 225
118 364
462 174
365 241
29 292
6 308
340 184
193 134
251 112
416 179
132 420
443 282
305 348
131 195
117 297
282 364
304 123
111 482
449 477
182 133
283 185
300 354
434 354
112 303
106 488
334 123
402 257
350 67
66 308
121 15
162 16
179 185
332 427
65 83
82 252
115 200
194 493
235 494
238 11
6 442
4 369
389 180
463 129
176 72
267 190
346 483
368 242
98 381
285 207
21 134
155 134
347 304
397 421
245 27
38 488
487 314
184 313
376 483
49 88
315 207
259 83
28 150
179 319
43 458
40 160
475 88
306 279
345 207
190 104
308 325
382 274
287 387
0 330
437 331
335 54
370 48
240 167
317 387
446 43
88 335
129 336
316 162
27 59
44 228
118 177
197 470
178 228
252 177
388 38
2 2
29 105
464 33
180 274
405 392
4 48
248 408
46 459
421 336
136 352
227 470
361 470
73 3
59 105
133 54
460 449
284 223
14 362
38 167
164 306
277 183
356 476
226 403
353 178
91 178
124 126
163 54
316 296
402 70
118 311
66 121
429 173
489 224
406 189
444 481
478 65
483 409
180 408
221 409
45 183
346 296
170 70
59 239
212 481
399 307
490 425
223 81
396 9
263 419
304 420
202 143
31 261
12 19
91 312
392 425
235 441
290 148
348 318
463 76
67 76
494 143
308 138
387 431
60 36
137 256
249 497
1 395
40 323
458 82
496 374
339 390
72 46
359 76
433 25
314 333
267 487
266 262
373 159
49 35
90 36
144 272
278 272
226 82
331 98
391 149
465 98
451 200
294 216
440 41
44 41
426 143
109 436
238 92
348 452
296 262
26 401
329 210
141 159
461 329
172 226
232 277
23 103
56 51
231 52
495 98
40 457
76 114
400 211
111 108
41 278
165 344
266 396
431 463
379 273
203 47
301 390
70 457
245 458
385 468
333 278
219 176
318 155
461 463
172 360
6 68
23 237
124 289
330 165
118 474
151 422
319 6
365 351
76 248
309 227
340 294
400 345
460 396
496 53
224 119
303 412
339 69
302 187
30 253
222 423
282 474
54 58
207 300
188 58
353 125
110 367
316 243
295 120
407 361
481 310
434 464
181 18
483 356
120 304
142 63
348 131
386 423
446 474
482 131
105 181
270 248
484 177
200 418
313 295
76 382
24 192
464 464
362 187
436 136
78 428
378 131
397 181
452 80
190 80
223 28
126 95
299 23
147 383
202 90
471 480
255 74
329 23
348 265
67 23
447 244
311 383
297 485
121 259
327 327
65 327
426 306
463 373
153 147
42 316
377 40
363 142
0 90
41 91
165 157
206 158
244 450
16 34
394 394
58 445
359 373
433 322
92 29
322 491
129 96
315 451
370 158
419 50
23 50
248 168
13 271
63 388
151 235
159 96
477 405
56 348
251 35
363 276
60 467
449 50
192 394
95 461
131 118
356 236
342 338
166 112
261 349
316 56
407 174
123 415
219 123
217 50
296 343
411 293
87 169
13 405
99 179
214 129
286 5
272 107
76 195
115 123
194 416
464 277
249 123
323 72
328 416
303 359
339 16
344 360
476 287
168 134
300 61
401 113
79 62
492 231
356 370
376 56
469 247
358 416
31 21
110 314
91 72
96 416
380 175
335 432
314 309
295 67
300 411
333 359
411 427
161 252
188 355
279 473
413 473
12 129
311 196
383 72
61 21
162 73
365 432
98 88
404 360
238 68
45 427
191 252
265 201
306 202
292 304
347 11
443 473
75 77
168 268
57 437
98 438
192 73
357 140
436 433
68 37
73 381
260 207
397 478
70 83
314 443
336 202
74 202
225 371
373 269
390 438
101 335
49 145
445 145
202 387
472 248
447 191
177 330
364 156
350 258
498 156
181 449
46 32
445 495
82 443
137 150
269 269
7 269
227 43
292 438
378 212
135 454
495 208
211 449
347 495
359 320
433 269
37 269
455 28
460 372
336 336
470 336
418 146
247 264
412 331
393 89
71 38
26 295
364 290
88 392
275 218
32 460
13 218
393 439
403 403
351 213
76 8
62 110
141 403
444 404
464 90
254 280
56 295
138 105
248 465
382 465
474 404
455 162
138 455
298 178
377 471
430 105
182 3
335 245
300 224
30 363
374 173
453 466
145 121
411 240
92 460
166 409
240 358
331 476
353 235
69 476
237 60
297 111
402 127
140 127
214 76
489 281
291 296
318 399
122 487
103 245
180 465
268 312
4 239
441 240
265 14
292 117
383 235
173 425
121 235
319 250
360 251
76 492
368 112
131 199
459 230
222 317
170 127
230 178
251 466
380 122
490 482
187 481
38 358
126 205
198 81
225 184
15 374
240 492
205 471
274 76
293 318
348 25
64 266
350 71
179 189
217 481
253 138
426 66
257 257
255 184
348 375
403 82
141 82
494 200
172 149
292 251
22 390
419 26
457 318
484 421
281 92
360 385
308 195
24 436
285 211
1 452
463 483
95 87
100 431
169 36
3 498
378 375
452 324
262 200
79 493
247 77
51 165
352 93
376 487
188 436
241 262
26 108
447 138
125 87
259 87
317 257
429 498
465 155
153 41
180 144
254 93
306 283
405 262
270 37
368 380
137 447
159 206
398 222
114 463
475 442
153 391
227 340
497 201
323 48
359 267
185 114
171 216
321 160
90 227
236 52
277 53
92 273
28 288
201 216
256 115
333 335
489 94
296 453
370 402
406 59
81 299
120 227
273 469
345 345
381 2
23 294
419 294
27 413
159 340
250 458
319 63
272 217
136 356
222 130
227 474
309 284
127 243
187 294
401 223
126 18
434 171
186 69
304 290
15 187
106 305
188 115
17 233
182 300
407 418
214 23
48 485
392 295
409 464
82 69
257 70
367 238
45 187
480 115
234 59
76 439
420 249
46 8
478 419
115 367
170 74
175 418
276 470
18 434
496 244
325 362
452 137
190 137
264 86
225 131
54 249
472 8
491 250
31 265
130 244
218 91
369 260
355 362
167 311
332 378
32 86
82 203
109 306
142 254
26 271
403 29
444 30
482 322
141 29
177 440
306 96
259 250
311 440
42 23
248 91
253 435
286 383
137 260
285 158
324 86
398 35
62 86
227 153
339 394
474 30
460 132
266 266
51 112
68 281
54 383
90 40
95 384
260 451
125 34
130 378
245 328
331 102
369 394
391 153
470 446
160 220
294 220
280 322
385 338
197 287
178 45
348 456
318 25
444 164
34 266
199 333
345 158
28 451
157 107
248 225
349 277
104 446
173 51
2 169
351 323
442 441
213 389
39 236
229 333
437 282
453 226
90 174
164 123
117 277
20 344
240 118
47 477
143 185
129 287
449 457
146 456
220 405
261 406
407 231
481 180
434 334
310 298
291 56
296 400
370 349
409 277
139 416
196 169
270 118
435 185
462 288
140 237
214 186
200 288
217 457
351 457
328 473
441 350
41 416
438 52
168 191
206 483
228 242
379 411
420 412
57 360
401 170
222 427
277 134
282 478
304 237
106 252
54 62
147 253
491 63
224 473
205 231
358 473
432 422
471 350
108 298
182 247
209 350
333 416
33 124
71 416
186 366
10 140
483 360
142 67
64 376
86 135
498 79
121 129
162 130
313 299
189 263
276 417
4 483
475 68
378 135
154 427
228 376
319 494
401 304
492 422
343 299
320 315
58 315
148 208
220 84
225 428
373 326
202 444
255 78
375 372
86 269
278 439
28 264
446 23
498 213
234 140
308 89
354 434
426 310
63 258
250 84
389 428
232 444
213 202
361 100
326 79
190 218
138 28
281 336
377 44
79 387
206 162
285 455
266 213
169 280
222 106
208 208
356 106
342 208
72 347
92 33
245 275
69 49
74 393
51 409
32 167
434 147
26 352
34 213
125 331
226 383
391 450
372 208
97 3
275 275
159 100
200 101
238 393
2 116
29 219
120 337
153 285
497 95
56 352
420 225
134 393
208 342
304 50
342 342
20 291
111 409
147 66
455 219
207 117
224 286
205 44
380 45
96 286
160 301
256 9
261 353
335 302
352 471
333 229
434 281
71 229
164 420
258 55
332 4
318 106
101 71
450 225
242 461
25 234
200 235
272 111
387 61
392 405
84 60
254 471
191 122
281 15
360 308
456 16
249 477
260 77
399 421
72 26
58 128
433 5
108 245
149 246
130 4
302 488
471 297
493 56
300 415
355 122
52 313
434 415
448 313
184 240
225 241
376 410
128 308
109 66
202 257
472 118
12 133
177 200
350 128
429 421
451 180
489 472
253 195
406 437
404 364
288 189
40 87
463 190
482 432
475 15
121 426
93 98
192 77
271 370
357 144
362 488
208 21
433 139
336 206
74 206
146 82
299 324
247 134
54 493
241 319
375 319
53 268
144 386
488 196
199 93
350 262
451 314
215 37
303 42
456 284
206 109
475 499
208 155
342 155
359 324
245 222
418 150
148 289
30 233
434 94
439 438
310 58
428 279
218 469
353 105
386 53
407 341
462 48
489 151
219 290
217 217
365 115
7 407
444 408
103 115
268 182
78 58
83 402
105 161
193 8
231 300
270 228
330 279
25 397
495 346
324 464
398 413
222 187
422 218
59 166
243 475
224 233
284 284
377 475
399 234
223 8
209 110
314 126
450 172
226 464
108 408
407 475
80 80
145 475
181 132
332 301
478 126
82 126
6 316
367 295
270 362
272 408
382 14
115 424
459 234
147 147
100 301
458 9
228 486
52 260
33 18
38 362
470 19
188 306
394 374
391 76
167 368
258 486
294 143
5 40
156 209
329 137
334 481
210 445
158 255
292 255
308 199
368 250
46 199
459 368
40 384
477 385
62 143
174 384
213 312
245 35
247 81
51 169
357 441
54 440
375 266
433 436
414 194
278 333
331 159
201 86
294 277
5 174
393 256
467 205
481 103
444 221
392 31
67 271
461 390
447 492
158 389
405 266
137 451
272 87
213 446
452 462
400 272
422 31
190 462
460 323
243 288
229 390
14 236
363 390
399 47
338 333
434 41
277 57
282 401
337 108
356 350
411 57
69 293
96 396
160 411
108 221
434 391
145 288
217 164
332 114
122 304
139 473
221 283
6 129
9 400
64 299
97 247
270 175
349 468
388 396
99 293
443 103
214 243
174 63
265 181
416 350
319 417
131 366
277 191
230 345
376 170
59 463
128 68
147 310
202 17
298 479
427 135
471 407
182 304
369 130
429 181
71 473
112 474
186 423
167 181
198 248
354 7
392 299
445 125
257 74
311 310
498 136
189 320
276 474
18 438
114 146
193 439
174 197
292 418
3 315
416 484
89 89
116 192
267 361
244 377
315 28
301 130
320 372
342 131
433 249
70 197
466 197
470 316
129 23
101 449
49 259
348 326
461 203
199 203
364 270
350 372
498 270
5 337
387 439
137 264
329 434
227 157
213 259
438 377
42 377
229 203
341 444
41 152
155 439
433 383
226 90
47 347
242 34
321 327
109 444
219 50
236 219
411 220
273 286
83 162
200 158
442 445
194 343
309 101
18 117
441 220
344 287
302 61
134 450
69 240
380 102
96 343
127 410
108 168
182 117
256 66
71 286
332 61
10 10
34 404
122 251
101 128
240 472
485 276
215 415
351 461
478 236
175 235
216 236
328 477
362 61
191 179
366 180
77 77
438 56
195 298
343 169
422 462
207 308
260 134
130 61
245 11
434 472
112 421
146 5
258 246
299 247
82 20
472 175
257 21
348 139
64 380
447 118
177 257
125 67
237 308
278 309
66 426
88 185
214 324
275 11
426 180
178 78
216 370
94 380
195 432
231 89
341 257
19 206
93 155
368 360
456 207
165 31
73 442
491 201
174 494
342 78
171 196
321 140
109 257
150 258
164 156
301 427
144 443
204 494
226 253
9 26
451 371
253 386
327 335
354 438
44 212
156 453
388 22
389 432
194 156
268 105
234 494
151 459
361 454
474 331
111 279
455 89
432 105
160 171
471 33
407 48
16 392
448 49
164 290
150 392
186 49
263 269
53 459
125 335
129 454
485 89
201 330
27 177
402 54
44 346
25 104
104 397
407 398
440 346
365 172
7 464
29 223
216 49
251 43
330 336
435 352
443 213
272 331
469 121
78 465
59 223
455 223
207 121
212 465
397 218
187 408
228 409
52 183
411 301
428 470
240 419
353 296
413 347
499 121
108 465
297 172
481 481
80 137
253 65
258 409
327 14
406 307
142 234
216 183
255 111
288 59
408 353
196 470
311 420
344 368
435 486
405 55
19 19
98 312
79 70
456 20
459 291
170 188
211 189
244 137
1 379
114 256
174 307
260 81
380 183
359 60
176 353
302 492
415 369
33 75
186 317
244 487
49 19
128 312
486 20
279 481
86 86
350 132
355 476
5 97
82 317
426 127
197 267
348 436
45 435
259 364
405 189
479 138
498 380
286 497
473 323
132 30
266 30
357 148
35 97
384 251
477 442
213 369
287 318
342 25
37 143
42 487
0 261
247 138
95 498
472 256
150 205
315 272
451 318
215 41
82 451
252 108
296 380
425 36
172 344
194 103
273 396
259 498
6 52
419 221
23 221
367 31
405 323
231 170
210 47
196 149
349 391
159 267
153 452
422 88
229 447
298 52
437 396
449 221
335 119
439 442
356 407
353 109
335 469
388 103
217 221
221 340
6 186
18 11
105 165
311 233
22 130
98 125
473 2
459 104
362 171
147 17
138 463
224 237
377 479
416 407
397 165
438 166
52 130
401 284
203 299
15 248
128 125
188 176
353 243
427 192
145 479
332 305
423 423
87 474
156 79
329 7
389 58
499 418
172 23
210 315
232 74
292 125
140 485
272 412
308 69
313 413
459 238
343 63
100 305
287 131
3 372
490 490
75 248
116 249
168 439
176 300
19 316
225 192
299 141
54 310
246 480
31 326
466 254
218 152
317 131
410 322
28 28
220 198
123 265
472 419
274 434
310 91
334 485
442 18
199 260
232 208
345 85
211 270
233 29
398 96
403 440
114 337
477 389
475 316
213 316
361 214
37 90
42 434
377 158
456 451
490 35
266 327
35 394
144 337
493 491
146 383
335 282
32 281
393 260
481 107
164 400
219 107
217 34
409 204
180 152
272 91
346 40
115 107
175 158
1 5
400 276
422 35
344 344
330 446
399 51
127 117
154 220
30 184
304 164
395 282
185 472
205 158
380 159
261 467
295 51
407 292
186 293
337 462
318 220
411 411
423 236
161 236
312 405
25 348
99 297
360 72
24 123
84 174
216 293
249 241
496 118
22 427
415 129
420 473
431 73
68 21
133 416
169 73
298 483
279 241
320 242
493 170
204 67
209 411
369 134
322 288
47 83
429 185
220 11
293 489
485 467
311 314
402 432
179 360
327 258
115 375
216 427
403 253
389 355
463 304
141 253
158 422
366 371
457 489
19 263
230 483
266 140
95 258
439 68
320 376
380 427
58 376
218 99
223 443
283 494
410 269
0 371
432 28
470 320
160 94
225 489
51 336
412 315
197 161
7 37
86 330
409 17
199 207
88 376
179 494
253 443
5 341
440 269
398 43
81 336
306 454
42 381
78 38
83 382
116 330
456 398
416 33
324 444
453 100
169 341
134 320
428 43
469 44
74 454
69 110
430 89
261 280
247 382
321 331
352 398
481 54
236 223
318 33
428 393
488 444
226 444
102 408
289 234
481 404
351 331
120 398
249 54
307 224
326 274
381 173
78 172
168 65
233 460
346 337
401 44
230 162
207 178
432 296
58 55
471 224
277 358
423 183
450 286
202 184
293 302
353 353
334 111
163 229
388 347
424 4
162 4
365 363
115 188
362 65
403 66
119 307
105 409
174 14
344 425
77 81
378 9
457 302
443 404
479 61
116 9
346 471
420 420
1 436
357 71
130 65
283 307
314 374
295 132
198 199
225 302
299 251
128 369
109 127
274 194
12 194
86 143
461 20
130 415
498 87
107 431
179 307
253 256
201 66
280 359
65 205
82 374
426 184
307 492
482 493
494 318
442 128
378 143
419 144
116 143
195 436
137 431
211 380
384 308
21 256
72 221
58 323
359 251
190 442
165 385
393 20
434 21
150 262
236 36
278 447
391 324
413 83
446 31
349 98
354 442
255 436
291 93
81 283
23 278
97 227
243 52
308 447
46 447
435 222
495 273
443 83
76 289
458 391
227 458
138 386
209 37
305 499
203 222
315 463
356 464
411 171
428 340
488 391
391 458
91 166
129 458
85 351
429 161
43 125
330 340
159 458
76 423
84 284
473 59
497 453
73 125
246 53
89 69
283 120
300 289
415 239
239 13
373 13
166 474
256 367
295 295
181 193
184 464
258 413
404 238
445 239
172 80
306 80
366 131
345 8
234 177
456 24
362 362
40 311
422 413
95 18
191 480
287 188
75 305
460 116
415 373
396 131
338 126
376 418
53 142
218 209
166 19
295 429
369 378
355 480
429 429
465 86
373 497
32 204
49 373
197 271
219 30
296 250
86 440
461 317
232 265
259 368
23 91
135 332
484 486
157 91
248 209
5 451
63 429
477 446
39 220
56 389
113 142
338 260
35 451
164 107
282 328
356 277
433 497
185 395
418 374
256 46
335 339
32 338
467 266
71 266
104 214
145 215
219 164
332 41
444 282
273 400
6 56
83 276
215 395
270 102
330 153
462 272
443 30
252 462
250 389
398 287
420 46
425 390
115 164
1 62
18 231
229 451
397 35
490 226
469 288
133 339
331 354
353 113
380 216
283 283
333 400
448 350
434 452
481 298
10 124
48 416
122 365
423 293
101 242
235 242
23 359
446 462
27 478
383 113
66 406
135 11
140 355
195 62
473 6
189 247
170 5
193 366
190 68
93 135
492 406
395 473
207 422
110 489
204 124
126 433
186 484
146 119
253 16
294 17
280 119
49 186
87 478
86 253
67 11
461 130
177 371
163 473
498 197
140 489
308 73
382 22
387 366
65 315
115 432
216 484
389 412
213 186
292 479
262 78
377 28
473 490
206 146
285 439
54 314
246 484
282 141
356 90
72 331
414 68
144 207
245 259
295 376
317 135
47 274
33 376
418 187
165 495
294 151
371 371
412 372
370 146
34 197
483 23
125 315
372 192
498 331
215 208
403 444
141 444
328 270
309 28
345 439
326 197
229 264
454 382
495 383
357 449
379 208
90 105
69 167
449 388
160 285
486 455
85 111
236 280
184 90
101 55
120 105
446 275
201 444
316 394
140 168
173 116
2 234
6 353
381 230
265 55
325 106
8 399
41 347
77 4
154 224
302 122
38 49
304 168
376 44
207 235
155 45
31 9
397 332
209 281
369 4
198 122
337 466
318 224
188 343
348 66
334 168
12 117
482 66
27 425
364 10
388 404
429 405
498 10
365 420
387 179
478 297
156 246
137 4
6 487
307 415
381 364
45 415
119 364
141 123
174 71
494 241
232 241
292 292
366 241
3 189
420 477
456 134
93 82
454 61
266 10
147 318
174 421
298 487
359 174
70 71
374 482
470 190
186 431
165 308
225 359
101 323
412 185
450 477
183 133
274 251
34 10
204 421
28 195
465 196
181 437
46 20
63 189
216 431
81 206
213 133
56 149
271 488
35 211
169 211
58 380
359 308
414 15
111 206
437 376
146 200
299 442
472 370
164 217
236 93
241 437
301 488
179 498
485 16
118 222
43 48
194 217
340 42
326 144
97 284
78 42
83 386
60 402
159 381
469 48
224 217
110 115
96 217
108 42
187 335
209 94
283 43
150 453
184 37
101 2
87 104
161 53
450 156
221 104
226 448
353 223
465 464
201 391
429 218
462 166
276 161
381 177
367 279
441 228
297 449
168 69
233 464
76 480
98 239
115 408
189 357
496 285
265 352
246 110
251 454
30 485
52 244
186 244
487 172
184 171
277 362
101 136
54 290
106 480
240 480
188 290
279 408
315 65
350 59
451 111
181 250
162 8
5 24
43 316
354 178
101 486
82 244
478 244
480 290
172 137
378 13
443 408
248 132
234 234
98 373
170 249
192 8
271 301
436 368
384 178
422 470
361 194
72 91
111 19
149 311
396 188
0 188
93 379
239 204
51 153
417 476
123 29
164 30
301 301
91 491
428 76
240 25
350 193
107 435
88 193
167 486
294 261
440 86
393 240
123 379
445 430
153 29
345 199
23 148
97 97
121 491
157 148
405 250
446 251
270 25
308 317
368 368
8 25
384 312
326 307
37 204
460 307
185 102
229 374
165 389
412 266
16 266
164 164
150 266
15 41
376 20
414 312
129 328
430 256
289 51
280 497
321 498
118 169
219 221
7 338
254 215
4 40
9 384
441 41
349 452
60 349
435 226
383 36
121 36
319 51
268 463
249 221
1 119
340 339
326 441
174 47
243 406
325 216
55 355
397 92
300 159
30 298
16 400
222 468
356 468
54 103
207 345
293 119
331 411
427 119
432 463
91 170
242 339
481 355
429 165
318 334
43 129
392 283
406 181
82 57
290 6
408 227
482 176
158 52
292 52
402 412
457 119
484 222
234 47
360 186
387 289
211 63
362 232
436 181
100 232
265 299
154 468
176 227
131 484
437 2
207 479
320 356
12 11
130 232
218 79
256 371
47 197
167 299
198 366
318 468
65 22
371 294
385 192
445 243
123 192
235 433
183 243
269 17
26 259
370 69
9 63
42 11
135 202
313 474
362 366
403 367
477 316
458 74
494 485
475 243
339 382
347 243
77 382
433 17
14 33
93 326
244 495
192 305
453 80
150 79
356 147
359 418
433 367
70 315
245 316
333 136
444 152
447 423
172 218
419 95
372 249
27 214
421 141
462 142
159 141
324 208
136 157
153 326
134 84
213 377
254 378
345 496
419 445
116 444
190 393
453 214
401 24
439 316
117 265
282 332
414 259
106 106
207 158
449 445
261 394
32 342
164 461
87 214
240 456
273 404
367 39
311 107
8 106
25 275
173 173
200 276
250 393
272 152
76 240
276 271
1 66
381 287
4 337
422 96
59 44
105 389
399 112
490 230
314 4
305 450
79 107
222 415
282 466
395 343
455 394
207 292
320 169
223 236
335 477
283 287
429 112
71 404
107 61
186 354
434 456
411 472
10 128
409 399
450 400
123 5
188 400
353 467
334 225
408 174
45 122
237 292
462 410
61 66
142 405
271 61
18 369
4 471
40 128
436 128
100 179
477 129
482 473
153 5
121 467
154 415
267 292
368 344
357 185
394 252
359 231
223 370
283 421
336 247
448 488
107 195
487 416
239 314
10 262
486 191
202 432
236 16
274 308
301 411
26 206
201 180
275 129
5 268
327 319
387 370
46 77
494 432
345 309
326 67
400 16
42 308
135 499
419 258
281 324
229 134
377 32
266 201
357 319
379 78
21 370
439 129
155 370
20 145
331 37
14 330
437 433
74 381
146 257
187 258
373 448
90 325
467 83
461 268
447 370
312 145
391 438
129 438
140 38
403 448
81 397
425 207
254 325
367 202
193 49
303 217
94 43
132 335
206 284
136 454
497 433
222 228
323 280
469 105
106 53
59 207
185 346
14 464
358 274
36 223
418 325
96 274
108 99
209 151
30 408
15 285
166 454
312 279
163 156
13 397
44 464
66 223
140 172
291 341
365 290
351 392
115 115
290 116
6 357
307 285
191 110
306 60
8 403
168 126
281 3
360 296
57 295
79 54
244 121
73 239
59 341
224 408
394 65
380 167
399 409
223 183
369 8
11 300
322 162
148 9
376 398
486 4
427 363
163 290
256 481
278 240
424 65
498 14
107 358
162 65
178 9
216 301
141 127
24 481
46 240
211 307
458 184
100 476
208 9
438 471
264 318
93 436
74 194
187 71
247 122
431 431
128 430
164 87
197 35
296 14
447 183
28 199
88 250
129 251
181 441
275 76
13 76
445 487
82 435
104 194
250 19
7 261
67 312
494 379
6 36
61 497
498 498
83 256
41 30
137 492
285 390
271 492
497 246
39 334
36 36
239 395
164 221
236 97
53 390
488 318
125 266
353 93
215 159
242 262
13 210
388 87
370 447
103 103
180 323
221 324
372 493
9 441
446 442
480 26
210 165
233 334
286 160
360 109
136 401
175 329
249 278
39 468
460 498
59 154
284 272
449 339
476 442
52 114
492 386
184 41
263 334
15 232
395 453
166 401
188 160
204 104
402 119
167 222
318 391
290 63
210 299
306 7
8 350
99 468
135 125
140 469
382 2
368 104
137 171
323 361
174 238
325 407
168 423
228 474
267 402
38 350
165 125
188 294
241 120
394 362
182 479
223 480
429 356
88 63
5 28
426 58
311 485
259 295
350 413
42 68
234 238
327 429
456 85
459 356
211 254
250 182
403 424
21 130
62 131
463 475
227 198
213 300
56 316
75 366
190 316
449 18
113 69
187 18
338 187
301 305
433 424
92 131
130 423
418 301
451 249
430 126
294 265
316 24
109 485
120 85
345 203
28 496
446 255
234 372
289 271
13 373
435 96
440 440
250 316
227 332
323 40
37 208
190 450
377 276
490 153
206 394
261 101
352 219
16 270
90 219
356 338
428 214
106 163
455 317
279 91
69 281
160 399
407 276
85 225
71 327
406 51
411 395
29 101
464 29
235 169
45 45
485 317
215 456
289 405
22 61
443 91
250 450
103 400
115 225
78 343
100 102
191 220
325 220
3 169
302 236
401 215
112 112
170 282
202 5
188 107
293 123
130 102
242 343
448 411
429 169
112 462
145 410
167 169
406 185
48 477
392 287
235 303
274 231
480 107
259 108
297 400
135 72
63 169
137 118
151 16
1 257
389 339
193 427
94 421
42 231
264 78
244 365
192 175
469 483
95 242
223 427
278 134
391 11
299 422
280 180
371 298
301 468
26 263
447 293
125 242
372 119
451 412
179 478
151 150
324 78
351 181
67 422
172 438
227 145
42 365
243 89
267 483
281 381
308 484
382 433
437 140
169 325
72 392
469 28
144 268
226 78
47 335
391 145
148 387
108 22
85 38
123 330
197 279
411 208
461 325
273 274
289 218
462 146
159 145
272 22
175 89
254 382
276 141
97 398
231 398
173 393
134 438
20 336
133 213
279 38
284 382
36 280
449 449
127 398
471 208
242 156
71 274
337 393
15 342
423 167
106 460
334 95
177 111
289 352
311 111
25 279
291 398
142 275
175 223
403 50
45 342
78 290
105 393
422 100
441 342
480 270
265 116
94 234
438 44
415 60
456 61
436 348
54 54
491 55
496 399
224 465
205 223
260 122
293 70
17 172
471 342
75 342
223 240
336 117
448 358
385 9
376 455
445 60
375 230
177 245
125 55
163 347
369 415
28 122
179 291
43 430
404 409
464 460
288 234
329 235
114 81
119 425
287 9
22 492
452 76
357 189
431 138
169 138
155 240
287 359
185 82
410 200
358 10
418 61
148 200
449 128
165 369
146 127
239 318
164 144
26 210
375 364
139 87
199 138
278 431
350 307
391 308
28 256
465 257
181 498
162 256
5 272
65 323
426 302
156 441
467 303
252 149
370 370
29 77
67 369
141 318
153 143
326 71
419 262
4 20
138 20
248 380
234 482
330 190
132 205
250 426
398 324
497 303
20 149
433 318
185 216
133 26
0 436
36 93
437 437
30 278
164 278
411 155
409 82
483 31
92 375
312 149
353 150
28 390
465 391
163 26
310 453
365 160
351 262
444 453
483 381
180 380
328 278
386 448
9 498
210 222
292 32
60 463
416 98
286 217
76 407
57 165
249 335
37 452
152 402
133 160
207 109
399 279
380 37
471 155
75 155
11 170
52 171
401 325
184 98
299 48
101 63
106 407
202 115
353 284
413 335
499 109
311 58
429 279
489 330
327 2
29 345
216 171
288 47
196 458
121 284
195 233
272 453
341 58
360 300
368 161
115 469
343 104
174 295
325 464
361 121
127 479
223 187
264 188
262 115
374 356
14 13
112 356
54 351
241 177
315 126
125 2
278 244
226 54
364 18
28 69
470 414
63 63
238 64
348 424
403 131
480 351
419 75
135 316
162 419
456 142
473 311
137 362
384 239
114 378
62 188
475 357
77 496
474 132
116 424
262 249
363 301
449 75
113 126
192 419
51 214
338 244
431 435
472 244
466 429
226 188
317 306
413 14
129 255
468 475
32 322
296 368
158 434
372 363
157 209
330 137
8 86
440 497
495 204
99 204
159 255
222 45
400 317
111 214
152 215
264 456
206 451
338 378
379 379
16 327
439 430
203 153
241 445
277 102
356 395
469 272
166 271
240 220
317 440
96 441
242 266
411 452
43 56
404 35
372 497
446 446
119 51
210 169
22 118
462 390
61 46
189 231
276 385
362 159
100 159
224 225
325 277
302 293
30 359
453 462
79 221
395 457
188 164
293 180
279 282
394 232
380 334
283 401
167 226
468 154
406 242
10 242
483 462
82 118
156 67
142 169
197 68
257 119
64 478
482 237
494 62
480 164
158 113
214 422
65 299
211 124
362 293
100 293
193 484
260 16
51 27
390 247
338 57
412 6
147 489
439 109
293 314
375 124
58 417
331 17
322 463
181 258
167 360
393 114
486 305
269 78
370 130
122 28
447 350
419 22
372 176
88 417
473 258
25 68
151 207
269 428
2 84
81 377
306 495
3 494
78 79
212 79
19 438
79 489
132 315
476 125
192 366
453 141
433 428
455 187
245 377
14 444
69 151
418 305
430 130
321 372
352 439
118 43
48 213
386 208
297 136
8 33
421 202
178 444
346 28
276 198
422 23
325 90
476 259
113 207
168 106
206 398
341 34
38 33
492 203
469 219
106 167
279 95
110 286
430 264
242 213
295 39
448 281
277 399
337 450
221 275
427 343
64 291
45 49
124 342
482 50
210 116
402 286
388 388
66 337
140 286
360 60
29 455
84 162
464 383
340 347
477 56
3 173
94 291
116 50
228 291
360 410
68 9
455 455
487 343
258 291
373 241
10 189
87 409
472 220
466 405
485 455
273 10
402 420
498 128
214 369
43 487
387 297
156 364
389 343
158 410
227 15
347 117
19 251
93 200
132 128
206 77
417 297
95 246
260 313
246 415
320 364
347 467
70 189
262 359
126 498
432 16
160 82
239 375
299 426
321 185
51 324
68 493
49 251
472 354
274 369
12 369
53 370
488 298
364 262
372 123
83 20
88 364
129 365
25 15
425 134
268 150
6 150
345 370
308 488
377 93
19 385
379 139
62 432
492 16
134 308
309 309
212 376
36 150
160 216
85 42
71 144
186 94
34 262
161 37
28 447
427 156
275 324
297 83
118 340
104 442
467 494
483 438
216 94
328 335
307 212
367 263
495 448
99 448
168 53
302 53
57 222
230 150
20 340
73 166
152 459
279 42
380 94
17 42
127 402
182 109
38 330
299 105
15 346
390 223
106 464
450 274
235 120
205 443
64 238
375 100
66 284
140 233
214 182
332 403
103 351
142 279
290 177
288 104
408 398
463 105
105 397
193 244
191 171
232 172
270 464
8 464
94 238
168 187
195 290
281 64
382 116
368 218
244 182
288 454
21 110
133 351
339 419
361 178
347 280
380 228
399 470
397 397
171 54
410 70
0 172
186 362
487 290
165 239
15 480
101 254
472 167
315 183
31 424
86 131
199 8
181 368
162 126
201 54
280 347
10 486
445 414
156 311
403 188
67 239
306 255
254 65
259 409
157 132
229 8
360 491
98 491
495 127
439 3
169 142
260 260
96 14
449 132
487 424
51 271
434 9
150 250
342 420
375 368
466 486
125 193
413 71
50 19
316 138
467 307
392 133
326 75
367 76
97 215
132 209
173 210
272 189
425 431
208 204
287 497
39 395
326 425
37 322
185 220
363 492
55 339
41 441
261 215
30 282
453 385
411 159
106 277
87 35
450 87
293 103
129 446
485 81
71 441
219 339
318 318
404 92
268 231
441 159
482 160
443 205
360 170
84 272
115 339
174 165
246 41
325 334
339 232
3 283
490 401
127 349
302 350
126 124
299 52
128 170
279 339
394 289
182 406
316 406
33 283
181 181
219 473
253 57
280 160
313 108
318 452
404 226
235 417
183 227
482 294
177 412
286 355
84 406
63 283
137 232
151 130
290 474
1 371
398 7
213 227
58 124
116 294
264 192
410 17
396 119
79 412
487 237
357 356
68 253
31 371
342 233
428 7
47 315
396 469
470 418
143 23
220 243
348 428
296 238
26 377
7 135
12 479
408 479
158 304
180 63
273 254
327 490
46 248
440 367
398 141
458 192
62 192
136 141
497 120
340 136
56 377
438 479
116 428
138 187
176 479
281 495
93 444
490 80
431 439
433 485
414 243
106 90
185 383
218 331
226 192
279 18
47 449
413 18
393 305
467 254
183 495
219 152
392 80
29 28
423 147
259 490
83 264
8 90
25 259
200 260
324 326
2 275
351 429
441 322
100 29
399 96
3 96
374 39
16 331
453 332
492 260
277 106
133 327
166 275
17 152
333 388
71 388
145 337
489 147
236 455
48 404
101 230
307 106
480 34
210 173
66 394
99 342
121 101
443 152
489 497
286 168
103 461
459 96
496 163
193 354
174 112
243 471
22 472
94 348
149 55
228 348
454 102
170 343
266 51
343 271
73 410
491 169
207 410
205 337
31 184
70 112
283 405
314 472
295 230
448 472
126 421
470 231
468 158
385 123
82 122
123 123
202 416
334 343
408 292
461 118
285 77
290 421
40 246
389 400
62 5
100 297
158 467
190 190
262 66
341 359
41 67
285 427
16 10
147 493
439 113
458 355
282 129
58 421
396 416
432 73
418 175
239 432
393 118
467 67
145 16
236 134
241 478
375 478
86 375
177 493
218 494
221 11
23 26
28 370
275 247
27 145
60 93
25 72
104 365
118 263
269 432
365 140
351 242
398 88
136 88
175 16
405 478
243 150
251 11
421 422
113 77
233 371
357 437
136 438
356 212
469 89
111 381
455 191
166 88
171 432
336 499
36 207
110 156
148 448
430 134
471 135
261 325
333 201
49 442
90 443
150 494
409 196
139 335
125 437
488 489
240 387
386 212
237 89
272 83
351 376
84 32
478 151
175 150
216 151
340 217
422 27
463 28
8 387
272 433
305 381
360 280
379 330
420 331
79 38
230 207
304 156
343 84
147 172
155 33
246 151
209 269
300 387
11 284
198 110
373 111
15 403
371 38
409 330
86 54
485 325
177 172
297 274
388 392
200 341
291 459
332 460
313 218
426 95
142 336
141 111
265 177
3 177
438 105
98 414
79 172
285 240
491 116
95 116
100 460
70 59
144 8
322 280
470 178
186 419
188 465
274 239
447 167
278 358
66 475
465 184
468 455
215 9
119 486
158 414
180 173
366 363
61 481
157 189
495 184
132 132
266 132
305 60
222 25
460 348
185 143
264 436
245 194
96 71
266 482
335 87
375 425
199 199
102 266
201 245
354 487
66 20
104 312
219 262
34 482
23 323
367 133
372 477
349 493
46 492
476 76
324 436
305 194
35 333
497 364
230 20
39 452
207 36
212 380
262 497
303 498
187 323
261 272
302 273
434 200
164 339
15 216
423 41
106 334
166 385
240 334
221 92
226 436
279 262
50 210
485 138
85 396
140 103
404 149
115 46
276 149
210 283
292 93
297 437
8 334
383 211
94 108
360 227
346 329
57 226
175 447
244 52
207 170
265 340
3 340
380 98
397 267
149 165
52 232
299 109
54 278
91 345
350 47
354 166
478 232
307 350
105 401
498 295
479 53
121 345
360 361
285 187
271 289
288 458
40 356
21 114
384 166
174 356
155 114
58 181
438 402
190 300
0 176
437 177
148 74
449 2
113 53
247 53
321 2
357 413
390 361
54 412
202 310
394 480
53 187
70 356
240 13
465 131
107 423
179 299
201 58
280 351
393 228
118 23
426 176
269 192
444 193
67 243
122 142
232 310
328 18
446 239
382 254
99 131
137 423
238 475
40 490
213 418
309 126
39 265
20 23
37 192
377 260
74 259
266 429
302 86
30 152
68 444
277 29
428 198
106 147
139 95
144 439
312 23
129 316
242 193
335 384
365 34
29 85
461 496
386 322
4 28
83 321
210 96
13 491
435 214
227 450
340 327
18 276
460 429
133 34
265 153
399 153
154 322
319 389
439 491
263 265
356 456
455 435
92 383
133 384
205 260
31 107
143 348
471 379
204 35
11 394
434 497
140 50
43 117
101 287
445 97
483 389
142 96
257 46
381 112
163 384
292 40
383 158
25 450
457 107
484 210
195 107
346 276
76 415
78 461
152 410
100 220
496 220
339 236
416 456
457 457
176 215
38 281
131 472
492 451
239 5
244 349
431 175
493 272
278 118
369 236
396 339
126 478
107 236
468 215
299 406
371 282
257 180
177 416
311 416
484 344
349 119
238 288
250 113
384 113
62 62
136 11
174 303
361 129
366 473
460 108
93 314
74 72
266 242
68 257
16 67
417 411
72 376
218 201
245 304
74 422
143 27
129 129
160 196
294 196
32 196
123 314
310 140
26 381
34 242
139 258
83 134
248 201
27 202
495 78
252 320
233 78
213 365
328 315
340 140
345 484
56 381
41 258
416 135
357 494
379 253
185 387
331 212
113 484
434 310
489 17
411 326
367 27
64 218
105 27
289 336
13 438
25 263
252 454
286 38
24 38
189 105
216 208
276 259
326 376
362 33
367 377
3 100
94 218
57 336
131 285
117 387
222 403
469 280
106 228
59 382
147 229
417 90
358 449
130 33
429 100
277 460
87 336
188 388
482 111
447 90
237 280
297 331
350 157
313 275
115 290
63 100
464 444
288 218
100 167
494 286
77 183
57 470
368 332
492 398
266 55
395 465
343 275
207 414
246 342
301 49
433 168
75 460
245 117
322 337
410 184
146 111
68 420
123 127
257 127
466 466
172 19
177 363
273 71
354 410
46 65
104 235
137 183
403 302
67 353
4 4
157 246
231 195
368 466
343 409
35 256
16 14
134 235
361 426
20 133
418 179
110 26
449 246
335 144
321 246
412 364
71 71
145 20
411 139
240 257
413 185
446 133
485 61
297 10
426 420
25 76
140 26
329 487
478 21
254 313
328 262
18 36
23 380
367 190
138 138
196 308
435 324
416 82
476 133
173 324
208 318
73 93
111 385
185 334
496 196
358 262
418 313
449 380
471 139
187 380
335 278
321 380
30 396
16 498
374 206
423 98
139 339
92 493
450 201
488 493
312 267
279 319
124 216
215 334
163 144
242 437
316 386
253 37
43 227
29 329
103 278
392 381
180 498
268 345
276 206
22 289
8 391
435 458
457 217
173 458
346 386
57 283
249 453
230 211
417 37
59 329
147 176
422 381
251 499
470 48
277 407
225 217
10 63
54 335
109 42
188 335
202 233
279 453
31 351
355 448
387 171
65 120
445 341
478 289
210 474
61 351
405 161
443 453
19 125
456 126
134 48
339 480
287 290
378 408
314 423
336 182
93 424
220 7
412 177
164 75
107 480
181 429
129 239
13 64
82 423
426 233
467 234
269 249
217 59
26 491
351 59
403 249
120 126
268 24
259 470
273 368
56 141
421 239
62 306
475 475
323 81
89 439
212 250
262 367
358 75
437 368
74 316
127 142
165 434
266 486
453 312
90 260
71 18
144 496
92 306
317 424
427 30
418 476
465 322
220 491
32 440
310 384
291 142
365 91
404 19
483 312
464 70
210 153
330 255
383 81
443 132
159 373
497 368
189 215
340 384
138 435
298 158
209 86
448 102
52 102
90 394
487 30
304 323
331 456
353 215
413 266
163 91
66 158
140 107
10 226
404 153
389 30
499 390
22 236
76 472
24 282
98 231
46 41
290 401
323 349
251 446
366 396
399 344
58 51
168 411
314 236
322 97
0 46
51 11
128 231
202 180
472 41
353 349
301 159
375 108
144 175
218 124
396 396
167 344
220 170
253 118
373 412
406 360
123 237
183 288
403 62
482 355
67 113
311 473
61 298
286 416
60 73
46 175
137 293
285 191
40 360
384 170
100 411
463 463
460 165
212 63
19 422
456 423
74 129
449 6
301 293
493 463
245 361
336 479
143 84
468 406
242 63
321 356
407 130
109 473
26 438
447 468
254 73
312 243
446 243
162 484
289 259
275 361
27 259
250 304
324 253
136 202
84 12
475 422
134 129
400 248
152 146
138 248
377 264
363 366
305 361
16 258
222 326
277 33
356 326
70 494
331 269
353 28
332 90
122 280
423 208
45 33
50 377
124 326
499 203
349 444
140 270
365 388
459 23
6 455
288 141
362 90
40 39
496 90
75 33
168 224
176 85
302 224
379 444
293 111
209 383
314 399
295 157
11 398
47 55
112 450
468 85
280 34
371 152
64 409
499 337
447 147
480 95
163 388
66 455
135 60
162 163
387 281
368 39
156 348
290 348
100 224
480 445
452 117
457 461
116 168
93 184
68 127
54 229
439 40
169 179
260 297
315 4
359 276
433 225
149 466
336 292
322 394
126 482
294 66
202 477
26 251
444 10
447 281
139 128
350 348
424 297
372 107
446 56
484 348
354 467
324 66
398 15
7 359
40 307
141 359
328 185
345 354
405 405
78 10
190 251
303 128
377 77
19 369
476 56
343 466
282 190
58 482
171 359
245 308
470 426
187 303
242 10
373 493
352 370
85 26
90 370
123 318
472 472
318 5
488 416
28 431
124 139
349 257
27 206
426 477
462 134
467 478
2 149
29 252
103 201
478 78
268 268
328 319
325 21
416 139
398 499
356 273
304 83
171 493
432 268
36 268
96 319
108 144
113 488
242 144
283 145
321 437
335 335
30 453
448 212
112 263
145 211
198 37
203 381
337 381
106 448
87 206
235 104
188 258
163 201
311 99
327 43
406 336
464 314
156 161
367 381
339 53
319 340
341 99
368 202
492 268
271 269
469 284
54 42
147 233
283 279
38 448
277 464
10 120
15 464
87 340
472 151
202 290
91 459
63 104
178 54
381 413
114 69
119 413
141 172
419 116
479 167
264 13
456 183
93 131
266 59
475 398
144 69
0 290
93 481
220 64
335 14
32 13
385 131
49 182
472 285
315 301
53 301
350 295
143 194
179 413
289 19
280 465
370 358
7 306
442 234
6 81
326 59
400 8
441 9
234 470
60 317
46 419
132 193
227 430
111 255
59 65
363 476
110 30
96 132
449 250
321 250
300 127
30 266
439 471
164 266
150 368
48 91
428 312
414 414
488 363
226 363
391 430
69 379
485 65
163 14
289 153
294 497
27 153
71 425
236 492
406 149
442 368
464 127
23 384
9 486
210 210
60 451
324 497
98 154
134 373
395 148
339 216
399 267
487 87
492 431
203 328
277 277
301 82
64 169
334 30
499 97
311 46
181 165
318 436
29 333
478 159
120 451
307 277
191 102
308 98
211 165
384 93
265 401
347 211
168 468
176 329
264 176
0 103
470 52
373 119
376 390
188 339
12 113
414 93
218 181
295 401
350 108
465 58
470 402
220 227
253 175
332 468
5 73
32 176
183 345
274 463
26 361
67 170
480 339
259 340
345 114
419 63
61 355
42 113
83 114
162 407
195 355
424 407
479 114
484 458
327 474
421 109
495 58
132 6
339 484
433 119
474 120
460 222
190 361
449 63
165 304
338 232
301 350
125 124
130 468
226 176
47 433
391 243
354 361
296 356
7 253
139 372
386 249
234 417
435 141
495 192
305 68
398 259
475 479
189 85
328 429
190 495
229 423
339 29
363 423
96 79
127 146
113 248
266 490
277 90
263 192
342 485
317 428
91 85
256 152
167 80
296 490
43 44
122 337
409 367
23 331
50 434
499 260
457 34
286 152
24 152
175 321
323 219
138 439
399 214
347 24
94 332
438 142
154 383
209 90
300 208
487 34
230 378
207 394
320 271
397 491
108 388
295 214
470 215
145 455
161 399
183 158
140 461
195 168
286 286
308 45
24 286
1 302
18 471
403 282
251 450
306 349
190 174
454 220
266 169
357 287
431 236
169 236
246 456
342 164
414 40
144 179
130 281
391 56
107 297
129 56
146 225
385 241
333 51
486 293
472 395
274 410
26 308
444 67
177 477
498 303
484 405
157 10
234 230
327 421
238 349
250 174
306 483
42 410
377 134
363 236
55 83
490 11
476 113
187 10
305 231
30 26
338 179
458 473
260 488
493 467
226 123
430 118
187 360
32 257
352 427
407 134
412 478
123 375
109 477
145 134
481 83
48 201
199 370
465 489
9 246
50 247
178 432
351 360
120 427
153 375
180 478
194 376
323 32
328 376
56 442
79 22
134 483
203 88
304 140
417 17
207 207
418 427
295 27
333 319
198 94
406 43
274 89
348 38
386 330
64 279
462 325
291 443
65 100
189 166
362 94
251 263
77 110
42 89
456 106
131 346
170 274
431 49
417 151
95 100
72 116
245 44
369 110
52 403
146 38
10 177
101 295
87 397
123 54
197 3
402 408
350 218
140 408
451 270
82 403
81 178
158 398
287 54
328 55
419 173
94 413
116 172
176 223
19 239
305 44
458 286
361 353
53 8
14 245
396 347
123 188
53 358
414 337
177 424
226 286
372 111
465 302
294 420
327 368
349 127
32 420
44 245
159 3
238 296
403 363
136 19
141 363
254 240
6 138
326 116
400 65
4 65
441 66
229 183
308 476
377 81
382 425
41 132
250 471
398 369
453 76
117 127
208 245
20 194
474 364
455 122
437 482
418 240
449 307
187 307
412 425
236 199
184 9
310 148
240 318
413 246
215 261
27 210
402 87
388 189
481 380
145 431
217 307
291 256
48 498
276 133
18 97
4 199
23 441
45 200
119 149
480 128
366 26
8 318
233 436
305 312
76 452
98 211
492 138
343 15
207 154
325 375
399 324
96 323
397 251
75 200
149 149
283 149
374 267
87 210
240 452
293 278
31 278
350 31
140 221
214 170
167 324
426 26
156 165
194 457
216 216
255 144
288 92
119 283
191 159
22 350
8 452
387 448
473 222
189 463
224 457
322 211
14 58
33 108
126 299
390 345
293 412
315 171
162 114
253 232
406 474
156 299
238 109
255 278
329 227
45 468
67 227
494 294
442 104
172 243
180 104
121 463
195 412
231 69
308 289
63 458
211 356
21 232
134 109
460 279
284 53
363 346
410 192
418 53
449 120
165 361
239 310
51 259
16 238
486 187
150 238
331 249
28 248
50 7
143 198
294 367
275 125
407 244
44 192
255 412
425 69
103 18
483 239
194 136
105 64
344 80
2 316
384 418
458 367
84 126
227 434
395 18
400 362
460 413
303 429
319 373
16 372
439 475
38 131
112 80
455 419
488 367
166 316
188 75
331 383
145 378
167 137
291 203
122 394
235 271
367 198
441 147
446 491
196 316
135 40
121 142
230 85
264 46
30 404
322 24
131 456
106 399
147 400
80 117
85 461
429 271
451 30
423 456
86 282
447 261
158 158
457 225
135 174
484 328
248 51
286 343
65 344
211 169
287 164
77 354
168 472
460 92
341 400
14 5
52 297
74 56
225 225
472 102
320 462
301 220
336 406
410 355
47 303
10 421
51 422
440 5
109 400
296 226
23 67
83 118
162 411
308 236
178 355
62 180
309 57
243 191
14 139
19 483
437 242
456 484
379 237
453 186
90 134
491 478
208 355
337 11
331 196
430 175
321 417
49 483
85 140
71 242
236 309
296 360
444 258
392 68
29 16
364 494
312 304
23 201
210 27
201 473
275 422
344 27
440 489
252 438
233 196
272 124
136 263
227 381
59 16
100 17
397 11
302 151
305 422
401 130
222 387
304 197
59 366
279 140
418 484
430 309
333 376
369 33
407 325
186 326
406 100
386 387
27 454
80 280
462 382
214 280
286 156
24 156
175 325
367 495
193 342
475 28
265 218
292 321
22 460
457 388
75 94
341 213
93 111
79 213
390 105
155 208
72 173
70 100
295 218
487 388
184 387
101 352
49 162
472 265
334 331
64 470
86 229
34 39
163 449
278 399
259 157
484 275
82 460
137 167
285 65
250 44
153 111
232 404
292 455
56 178
417 342
155 342
89 476
70 234
218 132
336 353
322 455
33 352
74 353
129 60
338 399
183 296
444 71
48 71
461 240
177 481
199 240
350 409
451 461
215 184
253 476
294 477
104 353
233 9
76 25
442 348
83 415
421 410
233 359
30 30
136 426
260 492
166 76
284 297
377 488
432 195
69 143
148 436
113 415
374 190
49 430
145 138
150 482
235 31
331 493
430 472
214 93
291 313
478 139
483 483
175 138
328 380
381 206
422 15
193 155
55 221
495 493
360 268
131 216
84 370
133 262
205 138
399 381
52 273
390 268
87 267
161 216
334 144
485 313
278 212
388 380
484 88
88 88
253 155
258 499
332 448
103 396
404 324
142 324
329 150
408 443
100 98
193 289
210 458
378 42
94 283
42 93
121 386
168 232
382 161
420 453
456 110
244 227
192 37
59 447
133 396
155 155
320 222
347 325
397 442
433 99
223 289
176 443
74 166
112 458
51 182
390 402
68 351
202 351
301 330
461 53
139 2
125 104
218 295
488 156
364 120
424 171
5 187
354 341
13 48
82 407
156 356
142 458
403 233
442 161
172 300
213 109
248 295
41 2
151 362
324 290
136 239
227 357
260 305
336 300
358 59
432 8
437 352
321 177
352 244
277 70
166 239
386 13
446 64
160 424
220 475
118 198
467 352
489 111
442 295
340 18
4 69
78 18
344 137
60 378
151 496
457 14
495 306
305 182
360 81
136 373
84 183
497 352
134 300
361 491
400 419
133 75
203 255
15 204
53 496
166 373
427 148
143 389
430 419
85 384
386 497
97 394
232 30
311 323
330 373
168 45
195 148
200 492
368 76
170 91
436 210
224 327
320 35
399 328
3 328
223 102
228 446
300 322
30 461
374 271
52 220
401 374
492 492
299 97
373 46
279 384
182 451
355 379
294 103
327 51
371 323
306 113
292 215
457 282
327 401
368 210
60 57
459 328
384 154
114 293
389 498
265 462
474 47
493 97
0 164
338 159
431 350
169 350
375 226
493 447
47 360
167 462
160 237
179 287
407 114
44 62
197 304
252 11
257 355
86 473
120 57
424 468
372 278
83 175
275 345
421 170
495 119
99 119
137 411
208 62
111 129
247 175
68 432
379 294
164 140
337 68
15 17
20 361
488 237
47 494
17 63
91 12
27 27
44 196
118 145
71 299
123 489
467 299
103 22
307 17
386 310
372 412
330 186
324 371
365 372
84 130
115 197
459 7
6 439
362 74
325 192
113 309
209 17
314 33
341 136
374 84
415 85
471 367
182 264
448 383
434 485
310 449
318 310
82 33
235 275
307 151
381 100
427 445
64 393
86 152
119 100
480 79
210 218
237 321
8 269
462 439
214 337
313 316
387 265
478 383
115 331
137 90
436 157
119 450
399 275
77 224
154 444
341 270
363 29
401 321
343 316
68 111
241 39
279 331
375 39
72 230
317 34
451 34
468 203
184 444
294 50
354 101
472 322
109 270
235 409
255 95
12 337
172 60
253 399
327 348
308 106
426 327
63 275
252 174
362 342
141 343
191 460
460 96
377 61
55 10
74 60
437 112
357 348
150 55
320 466
394 415
414 101
92 50
130 342
171 343
129 117
146 286
220 235
321 287
333 112
393 163
71 112
150 405
48 128
86 420
409 107
125 348
273 246
364 364
372 225
275 292
27 190
60 138
65 482
421 117
250 235
477 426
76 82
62 184
141 477
39 200
326 230
363 297
127 20
228 72
30 87
16 189
379 241
169 431
395 185
428 133
106 82
455 236
410 493
148 493
187 421
184 123
221 190
334 67
64 206
372 359
446 308
462 252
365 319
115 144
268 386
276 247
6 386
463 73
325 139
22 330
3 88
399 88
476 308
170 201
73 268
417 78
422 422
207 268
491 27
496 371
246 196
279 144
284 488
108 262
369 37
38 432
186 330
337 499
101 222
445 32
202 274
353 443
50 442
297 319
364 43
424 94
489 489
121 93
82 330
276 381
193 346
135 341
116 99
368 320
230 386
271 387
285 285
35 110
133 453
380 330
218 2
209 448
245 105
146 99
123 115
466 454
177 351
179 397
289 3
27 3
156 413
250 48
403 290
425 49
463 341
454 228
151 419
206 126
431 244
458 347
356 70
359 341
171 290
410 306
363 460
69 13
239 424
352 301
34 177
483 3
87 3
23 18
28 362
102 311
465 363
32 481
13 239
370 476
122 374
6 199
23 368
119 76
416 70
443 173
154 70
346 240
222 204
282 255
323 256
309 358
20 255
37 424
111 373
185 322
469 81
397 178
247 419
85 91
90 435
164 384
450 189
240 379
188 189
221 137
331 497
430 476
489 302
313 76
392 369
82 143
115 91
464 245
216 143
221 487
381 210
441 261
196 430
344 328
22 277
457 205
168 102
346 374
420 323
84 374
59 317
133 266
147 164
493 20
283 210
396 87
205 492
86 46
295 385
424 41
468 313
478 277
307 395
348 396
408 447
7 103
389 205
442 31
378 46
484 442
157 47
248 165
281 113
384 211
134 36
89 293
190 345
176 447
113 98
472 216
169 407
301 334
72 474
488 160
369 468
47 417
28 175
294 294
13 52
445 463
393 273
118 68
104 170
197 361
219 120
257 412
141 237
158 406
268 12
273 356
6 12
364 474
56 129
61 473
97 130
132 124
173 125
35 191
384 345
361 361
56 479
400 289
185 135
190 479
284 114
358 63
96 63
90 248
38 58
434 58
337 125
15 74
427 18
418 464
143 259
407 305
85 254
71 356
104 304
236 423
217 181
194 197
273 490
23 315
289 434
270 192
421 361
200 362
459 64
268 496
362 131
78 372
251 300
347 8
490 316
319 434
379 485
455 480
128 85
353 203
301 13
110 445
466 80
471 424
237 28
369 147
355 249
181 96
179 23
332 265
10 214
404 141
307 208
389 18
482 209
193 106
499 378
311 327
66 496
286 270
24 270
368 80
478 440
459 198
137 147
288 316
475 142
265 332
347 142
490 450
75 208
149 157
190 158
228 450
314 224
262 34
126 173
266 153
169 220
223 456
470 333
109 327
7 50
86 343
461 220
498 287
88 389
387 456
250 158
288 450
324 107
403 400
138 102
14 66
19 410
41 169
456 411
68 302
491 405
204 348
331 123
317 225
410 416
143 72
129 174
148 416
242 51
280 343
321 344
412 462
236 236
483 113
312 231
465 473
495 123
99 123
477 483
475 410
268 309
309 118
157 478
303 303
399 11
416 180
476 231
401 57
439 349
117 298
337 72
15 21
428 190
284 411
430 236
256 83
333 303
407 252
85 201
198 78
236 370
409 298
446 365
210 88
289 381
99 257
140 258
214 207
484 68
387 135
425 427
103 376
290 202
1 99
381 320
138 370
191 196
341 140
401 191
244 207
282 499
431 33
496 428
279 201
110 392
471 371
130 78
448 387
373 213
50 499
177 274
234 27
313 320
156 336
271 94
494 331
480 433
213 89
3 279
438 207
42 207
135 398
93 172
271 444
439 28
89 403
144 110
204 161
283 454
47 177
148 229
160 54
198 346
321 157
51 296
32 54
385 172
412 275
461 167
465 286
253 403
289 60
327 352
349 111
151 126
238 280
384 105
477 296
141 347
494 465
306 414
328 173
326 100
138 49
243 65
229 167
330 219
55 14
41 116
60 358
285 476
266 234
131 9
342 229
455 106
185 245
460 450
331 70
148 363
430 49
11 65
448 66
315 476
226 404
312 178
413 230
289 194
402 71
388 173
481 364
252 312
76 86
153 306
194 307
175 65
254 358
441 184
243 199
325 9
94 76
302 25
76 436
117 245
170 71
249 364
20 312
455 240
224 307
108 132
113 476
209 184
30 441
374 251
38 302
236 317
258 76
373 26
139 384
161 143
240 436
312 312
427 262
124 261
316 431
489 359
88 15
253 82
235 442
268 390
1 46
367 369
344 385
8 436
382 88
459 308
147 221
174 324
207 272
399 442
33 92
184 261
450 380
87 328
188 380
274 154
315 155
12 154
86 103
102 47
201 26
313 267
477 109
463 211
442 88
306 227
248 222
266 47
475 386
246 334
347 386
359 211
433 160
185 58
171 160
314 468
0 278
126 417
470 227
165 345
266 397
315 289
296 47
199 114
317 335
88 283
289 7
32 351
156 417
467 279
269 294
296 397
7 294
351 104
103 2
153 119
273 413
479 289
8 115
233 233
117 58
20 125
400 346
212 295
298 69
284 171
74 361
261 187
333 63
412 356
448 13
434 115
221 7
226 351
386 74
427 75
69 367
465 367
160 485
297 2
236 480
7 428
29 187
120 305
464 115
307 131
441 131
45 131
482 132
330 300
60 439
435 316
324 485
24 193
57 141
84 244
98 142
170 18
362 188
152 378
138 480
207 85
265 255
397 182
127 321
223 29
314 147
401 301
15 265
469 435
106 383
205 362
380 363
17 311
143 450
407 496
184 424
406 271
142 198
290 96
381 214
367 316
67 24
494 91
499 435
237 435
366 91
135 158
484 312
368 137
46 86
249 445
343 80
422 373
114 220
496 322
322 142
0 91
79 384
437 92
487 209
203 450
244 451
202 225
466 271
447 29
493 374
130 322
204 271
226 30
317 148
88 96
162 45
348 400
329 158
444 108
86 400
67 158
447 379
419 51
61 343
286 461
65 462
46 220
459 389
238 390
477 406
111 56
176 451
262 225
303 226
377 175
437 226
74 174
165 292
206 293
169 411
218 303
331 180
465 180
69 180
123 416
197 365
26 483
409 221
120 118
180 169
498 478
289 304
344 11
440 473
25 231
99 180
137 472
173 129
76 196
134 174
175 175
213 467
152 191
399 68
490 186
127 134
476 288
300 62
374 11
16 303
90 252
208 473
15 78
166 247
96 417
242 242
316 191
333 360
429 68
310 376
296 478
332 135
406 84
404 11
483 304
273 494
124 371
25 365
61 22
462 366
286 140
360 89
2 381
76 330
24 140
425 484
290 259
191 253
325 253
302 269
487 22
128 89
202 38
205 309
279 258
58 259
91 207
130 135
429 202
33 202
179 27
280 79
406 218
450 490
156 43
161 387
197 44
221 438
257 95
447 192
237 382
195 156
308 33
156 393
276 495
288 320
362 269
174 218
361 44
366 388
190 162
368 434
454 208
165 105
170 449
51 3
21 326
260 342
315 49
356 50
380 444
394 342
359 321
466 218
70 218
47 234
33 336
391 44
239 404
321 214
371 331
412 332
310 55
375 450
122 4
139 173
125 275
465 343
498 291
248 116
289 117
46 167
440 286
403 404
76 9
62 111
141 404
328 230
400 106
474 55
111 3
138 106
382 466
14 70
456 415
192 342
379 168
458 461
155 460
134 337
222 184
469 61
106 9
185 302
430 106
108 55
146 347
335 246
385 363
219 71
184 50
296 291
310 189
423 66
483 117
446 235
143 426
440 420
388 230
118 369
462 179
159 178
18 138
441 241
78 189
231 431
3 15
94 133
267 61
305 353
76 493
170 128
395 246
376 4
73 195
92 245
207 195
320 72
182 138
187 482
256 87
38 359
184 184
406 31
450 303
109 10
274 77
482 26
289 385
237 195
484 72
162 21
404 308
194 498
251 251
116 26
154 318
195 319
281 93
454 21
59 431
128 36
147 278
298 447
246 257
399 499
471 375
47 47
470 150
186 391
487 319
371 144
188 437
293 453
31 453
177 278
125 88
88 206
181 397
179 324
252 48
389 319
114 114
477 166
153 42
254 94
287 42
366 335
419 161
42 211
343 324
73 463
475 443
347 443
452 459
89 407
37 217
0 335
96 43
239 351
373 351
51 300
486 228
197 125
315 346
414 325
199 171
259 222
391 341
294 408
354 459
27 64
252 182
329 402
351 161
81 300
67 402
425 110
442 279
120 228
306 418
157 295
248 413
330 223
233 290
309 285
59 110
262 469
377 419
0 469
36 126
74 418
127 244
113 346
321 295
412 413
11 69
448 70
164 311
315 480
166 357
226 408
386 131
391 475
124 131
201 351
256 250
333 470
200 126
310 486
43 142
442 413
464 172
156 19
386 481
419 429
251 64
421 475
462 476
154 131
420 250
189 317
78 486
152 435
212 486
205 69
96 311
471 188
113 480
149 137
223 86
228 430
487 132
274 24
353 317
334 75
108 486
217 429
253 86
464 306
235 446
216 204
403 30
45 322
119 271
141 30
494 148
237 492
8 440
382 92
24 384
387 436
456 41
137 261
170 209
343 137
384 138
399 446
3 446
452 272
89 220
209 322
314 338
0 148
165 215
373 164
15 456
338 143
412 92
188 384
315 159
301 261
353 451
391 154
280 323
65 169
440 46
123 339
104 97
467 149
403 164
7 164
81 113
86 457
444 165
447 436
56 56
234 328
137 395
238 447
477 463
136 170
174 462
171 164
74 231
418 41
335 6
51 247
315 293
53 293
70 462
488 221
218 360
245 463
331 237
418 391
256 63
316 114
178 180
219 181
489 42
370 350
406 7
81 247
29 57
8 119
324 355
272 165
62 355
497 283
134 231
175 232
287 473
222 78
39 371
111 247
224 124
14 314
55 315
96 124
228 243
261 191
319 361
16 360
164 258
390 12
450 63
87 11
128 12
432 423
64 27
32 489
11 366
434 469
66 73
467 417
236 484
217 242
318 294
483 361
120 309
312 479
381 84
482 136
124 428
193 33
289 495
292 12
61 79
159 422
360 146
2 438
420 197
189 264
288 243
422 243
191 310
265 259
246 17
347 69
112 202
165 28
203 320
54 197
128 146
375 23
471 485
223 383
126 450
468 187
318 428
221 495
499 439
80 455
135 162
98 280
189 398
384 85
359 28
75 269
456 338
437 96
150 39
331 50
107 342
333 96
123 286
109 388
197 235
472 440
444 112
48 112
483 40
162 399
46 224
440 343
426 445
324 168
477 410
458 168
213 337
326 214
281 471
416 107
490 56
241 291
263 50
356 241
70 409
111 410
144 358
166 117
185 359
182 61
333 230
486 472
291 4
26 487
423 123
483 174
125 466
50 292
440 477
178 477
268 370
323 77
56 487
476 292
319 308
415 16
57 308
208 477
455 354
147 201
279 128
17 128
130 5
283 247
11 313
107 21
404 15
409 359
142 15
312 426
334 185
427 376
289 442
22 98
459 72
276 365
381 381
174 88
480 360
3 206
368 304
73 386
320 263
394 212
17 262
108 380
223 330
283 381
295 206
448 448
396 258
126 397
470 207
198 273
10 222
51 223
128 443
296 27
26 166
61 160
140 453
451 315
275 89
308 37
178 156
269 274
191 391
306 341
326 27
281 284
234 438
0 42
431 228
384 382
53 53
70 222
262 392
410 290
396 392
294 115
338 387
123 233
241 454
411 111
226 331
465 347
9 104
83 53
421 48
104 341
238 341
403 408
103 116
141 408
497 43
328 234
9 454
97 301
456 419
132 295
206 244
319 121
492 49
134 341
282 239
39 481
455 167
59 167
471 111
321 352
11 126
85 75
453 471
258 3
101 19
139 311
161 70
450 173
215 306
66 183
219 425
175 126
340 193
45 245
193 143
196 414
325 70
416 188
495 481
286 307
420 307
492 183
134 475
170 132
230 183
395 250
436 251
36 317
397 296
300 363
374 312
401 415
33 19
167 19
198 86
161 204
109 14
472 66
64 271
413 425
466 251
499 199
237 199
369 318
88 76
65 92
63 19
255 189
288 137
463 138
494 205
232 205
366 205
94 271
438 81
176 81
456 98
79 148
357 92
347 313
72 108
89 277
493 138
130 86
336 154
33 153
239 221
390 390
338 200
49 97
164 47
202 339
31 457
218 283
465 160
129 211
275 36
354 329
445 447
44 103
178 103
183 447
447 493
172 288
232 339
328 47
248 283
285 350
271 452
136 227
171 221
264 412
322 390
225 457
16 283
310 6
315 350
428 227
414 329
139 124
215 119
201 221
27 68
44 237
48 356
328 181
344 125
195 2
233 294
305 170
384 463
76 310
131 17
497 340
20 186
474 356
298 130
0 473
41 474
437 474
96 181
113 350
283 7
314 74
374 125
38 176
131 367
487 2
225 2
337 243
488 412
87 68
128 69
166 361
331 428
427 136
69 428
407 423
11 423
140 79
444 490
392 300
103 197
255 2
381 141
441 192
311 311
99 428
173 377
200 480
497 474
170 79
18 439
422 300
212 490
339 265
320 23
361 24
3 316
399 316
58 23
89 90
471 192
302 383
322 69
401 362
244 378
230 480
376 305
54 254
147 445
427 270
144 147
47 214
429 316
107 265
468 244
392 434
426 18
172 101
177 445
292 203
42 28
479 29
195 270
327 389
308 147
398 40
389 486
114 281
39 107
452 276
460 137
336 101
113 29
192 322
51 117
352 45
343 491
31 404
466 332
125 39
69 107
385 343
371 445
123 343
109 445
348 461
345 163
446 215
330 40
151 297
173 56
328 344
400 220
212 169
243 236
303 287
228 113
431 472
185 416
481 185
85 185
310 303
221 231
408 57
22 21
388 344
443 51
252 483
324 359
291 411
24 67
227 426
323 134
133 10
191 180
55 319
41 421
471 5
168 196
57 365
282 483
15 139
455 411
54 67
205 236
96 478
471 355
182 252
355 180
85 319
107 78
219 319
167 129
277 489
332 196
122 386
101 263
87 365
483 365
257 22
237 309
311 258
27 499
388 478
462 427
66 427
313 304
387 253
103 494
115 319
189 268
307 489
436 145
389 299
114 94
339 212
325 314
149 88
154 432
176 191
195 433
322 16
19 207
170 376
225 83
343 304
68 99
431 151
202 99
241 27
320 320
301 78
394 269
144 94
209 489
278 94
107 212
423 448
472 310
109 258
183 207
197 105
86 274
67 32
177 392
424 269
102 218
387 387
324 38
384 89
458 38
475 207
213 207
3 397
138 33
243 49
308 444
382 393
19 341
368 495
132 218
476 28
192 269
68 233
16 43
260 403
72 352
261 224
294 172
321 275
335 173
407 49
123 290
197 239
145 49
150 393
296 218
411 168
139 234
488 388
226 388
391 455
424 403
446 162
27 178
462 106
178 347
497 100
309 49
97 358
303 234
251 44
421 455
495 404
206 301
319 178
30 75
453 178
136 471
169 419
304 55
106 70
111 414
185 363
284 342
380 50
127 358
113 460
316 65
333 234
49 475
145 183
263 404
235 76
427 246
118 430
404 235
194 425
268 374
1 30
307 302
18 199
119 251
228 194
281 20
283 251
85 266
33 76
126 267
371 71
101 210
274 138
163 307
364 31
102 31
181 324
291 492
65 149
137 25
381 385
114 41
463 195
141 144
135 329
116 87
360 447
93 103
169 98
320 267
342 26
72 165
397 487
75 436
245 93
262 262
410 160
220 36
247 139
338 257
412 206
466 442
179 385
253 334
156 401
329 329
351 88
425 37
477 227
172 345
158 447
268 53
254 155
157 222
248 340
234 442
19 288
60 289
368 442
495 217
192 216
266 165
136 284
20 109
460 381
363 448
0 396
432 53
165 463
187 222
333 47
434 99
439 443
241 458
375 458
122 12
331 351
102 299
294 469
349 176
291 171
7 412
381 64
419 356
446 459
55 79
99 351
154 58
233 351
458 469
62 469
497 397
39 485
400 464
73 69
422 223
138 464
397 166
112 182
186 131
184 58
390 126
376 228
488 469
87 125
92 469
166 418
226 469
205 346
293 193
50 243
430 464
108 413
163 120
429 239
140 136
406 255
29 305
381 198
441 249
480 177
435 434
173 434
360 260
420 311
79 18
285 86
133 254
339 322
399 373
3 373
490 491
415 317
0 75
112 316
165 142
338 70
371 18
412 19
109 18
447 13
177 152
369 322
33 373
294 148
313 198
371 368
445 317
255 193
408 435
45 383
81 40
67 142
480 311
292 260
383 378
484 430
19 101
98 394
285 220
233 30
288 491
136 97
134 24
39 164
359 142
437 210
148 107
247 86
491 446
439 256
164 51
150 153
375 271
493 492
278 338
369 456
317 266
391 215
181 405
217 35
255 327
296 328
310 226
329 276
444 226
172 292
232 343
180 153
349 339
76 180
114 472
136 231
458 282
282 56
361 349
400 277
474 226
262 343
206 411
187 169
261 118
247 220
266 462
338 338
439 390
164 185
106 180
185 473
455 334
226 282
312 56
17 108
481 242
236 411
291 118
411 412
139 478
349 473
330 231
151 488
195 6
233 298
76 314
115 242
268 484
18 309
362 119
395 67
474 360
243 427
265 186
16 421
126 27
186 78
222 489
455 468
394 192
466 68
130 119
85 376
280 63
409 473
274 248
427 490
45 196
389 6
480 124
297 417
402 433
121 191
216 428
114 151
152 443
399 320
168 387
437 23
225 140
431 208
128 207
169 208
246 428
279 376
315 33
320 377
130 253
107 269
299 439
10 336
101 454
467 23
274 382
334 433
370 90
444 39
232 156
259 259
135 223
253 444
234 202
327 393
382 100
60 49
63 320
288 438
329 439
40 336
389 490
458 95
475 264
361 162
347 264
359 89
452 280
474 39
116 331
303 157
55 55
412 100
155 444
455 147
245 337
336 455
432 163
418 265
129 162
160 229
407 106
123 347
236 224
318 34
7 172
122 122
488 445
421 162
398 178
227 296
249 55
254 399
56 414
460 275
138 224
243 240
416 168
454 460
302 66
134 455
230 163
106 127
279 55
17 55
110 246
164 482
386 302
413 405
446 353
482 10
485 281
163 230
462 297
121 4
84 122
6 431
288 117
18 256
381 308
40 15
325 184
94 251
443 405
19 77
117 420
59 415
496 416
279 189
380 241
397 410
108 307
149 308
369 82
355 184
445 77
274 195
334 246
499 313
199 21
135 36
121 138
214 329
406 499
24 205
137 82
362 200
153 26
232 319
116 144
382 263
415 211
93 160
230 431
439 16
433 201
75 493
171 201
262 319
10 283
51 284
385 160
393 21
486 212
348 278
296 88
465 274
9 31
201 201
238 268
213 211
460 88
248 397
308 448
377 53
41 104
206 171
192 273
458 392
439 150
136 341
117 99
134 268
460 438
185 233
410 351
432 110
110 59
113 330
247 330
51 418
352 346
407 53
486 346
164 295
145 53
315 464
263 274
411 172
48 120
483 48
87 48
64 64
485 94
163 43
275 284
5 423
289 182
173 7
200 110
2 125
464 156
180 397
6 244
340 120
152 69
243 187
55 136
94 64
319 182
398 475
131 131
134 402
20 300
37 469
432 244
380 54
374 239
11 187
38 290
126 137
15 306
376 285
274 8
334 59
80 142
66 244
217 413
478 188
381 255
4 305
403 14
443 352
195 250
267 126
382 76
57 316
415 24
459 296
244 142
230 244
249 486
362 363
73 260
207 260
36 378
380 188
433 14
168 497
209 306
107 29
165 199
450 368
49 24
427 384
218 210
350 137
102 35
280 307
10 446
389 250
158 317
306 215
254 25
292 317
479 143
93 107
233 87
357 153
496 497
169 102
134 81
361 272
378 441
190 390
262 266
322 317
165 333
187 92
299 333
220 40
225 384
261 41
123 107
169 452
414 256
130 497
88 271
143 170
275 97
5 236
354 390
13 97
82 456
104 215
219 165
217 92
255 384
141 282
172 349
120 159
158 451
199 452
23 226
56 174
135 467
157 226
367 36
479 277
60 293
151 411
35 236
458 339
358 108
315 411
409 46
106 237
240 237
32 473
402 6
44 298
481 299
140 6
489 160
103 124
180 344
18 16
97 309
45 119
124 412
482 120
289 479
462 407
121 114
398 422
136 422
73 73
78 417
265 243
325 294
416 412
476 463
228 361
319 479
263 355
304 356
133 474
353 248
301 58
218 23
237 73
407 484
140 140
318 412
101 377
381 202
334 356
105 304
172 28
292 130
383 248
443 299
214 439
195 197
248 23
286 315
346 366
175 484
1 331
21 17
378 254
452 203
168 444
116 254
176 305
363 131
0 79
401 423
225 197
390 264
54 315
202 213
155 367
218 157
204 259
220 203
238 28
408 439
350 434
446 142
248 157
234 259
151 224
288 495
458 152
136 101
359 146
438 439
111 44
171 95
212 96
229 265
262 213
415 455
456 456
357 450
491 450
90 106
164 55
106 50
218 291
226 152
432 220
148 461
247 440
335 287
385 404
118 60
467 214
145 163
26 471
370 281
483 158
120 106
125 450
194 55
199 399
259 450
102 466
289 292
275 394
435 117
440 461
495 168
324 286
497 214
189 61
323 61
309 163
1 10
78 230
265 56
434 50
131 241
208 461
106 184
207 236
298 354
17 112
110 303
369 5
258 174
48 364
122 313
483 292
64 308
45 66
124 359
485 338
349 477
297 287
457 10
76 318
323 195
340 364
78 364
114 21
463 175
174 72
496 123
344 483
476 410
154 359
170 303
491 129
188 128
298 488
493 175
204 72
355 241
85 380
71 482
112 483
126 381
450 478
82 82
188 478
221 426
64 442
482 201
135 93
253 314
473 88
63 190
189 329
271 139
114 155
265 324
251 426
168 391
116 201
195 494
264 99
363 78
41 27
68 160
439 73
342 140
380 432
204 206
396 376
418 135
299 443
101 458
467 27
109 319
348 335
296 145
125 263
350 381
424 330
253 448
201 258
289 105
5 346
313 499
13 207
159 32
255 494
351 202
384 150
136 48
340 43
326 145
474 43
479 387
377 110
382 454
437 161
476 89
319 105
398 398
453 105
134 325
185 290
298 167
432 167
449 336
247 387
335 234
407 110
448 111
263 331
48 177
273 295
331 465
465 465
237 49
238 459
103 234
478 111
464 213
180 454
326 279
4 228
138 228
231 419
265 3
270 347
303 295
3 3
41 295
476 223
305 341
57 239
170 116
469 183
224 352
394 9
448 245
101 137
450 291
161 188
312 357
353 358
86 14
499 183
485 285
215 424
402 250
350 60
424 9
462 301
489 404
214 199
392 471
29 419
194 486
142 296
290 194
18 260
482 364
77 86
457 307
168 204
154 306
346 476
24 425
492 301
54 75
133 368
320 194
77 436
245 20
369 86
415 431
74 138
225 307
10 153
371 132
257 30
31 441
177 266
199 25
259 76
364 92
369 436
140 384
275 20
307 497
255 307
7 205
405 251
170 384
305 20
439 20
169 159
359 256
75 497
111 154
358 31
165 390
146 148
220 97
335 47
32 46
123 164
472 318
241 385
411 42
364 226
391 329
215 103
201 205
156 462
197 463
238 272
269 339
180 267
306 406
6 114
326 92
83 334
157 283
303 108
349 453
60 350
41 108
443 88
285 468
420 104
326 442
474 340
460 442
59 98
133 47
418 216
110 63
96 165
127 232
321 283
352 350
379 453
150 401
337 227
92 396
312 170
27 186
407 407
388 165
104 406
489 217
217 283
7 473
43 130
406 182
404 109
442 401
268 248
386 469
45 176
83 468
193 74
482 177
457 120
462 464
121 171
233 412
76 428
368 48
98 187
323 305
340 474
474 474
496 233
224 299
246 58
223 74
209 176
434 294
126 141
428 479
240 428
413 356
12 12
466 182
278 131
88 7
392 418
156 141
142 243
193 208
292 187
8 428
405 64
281 28
420 372
79 79
357 23
436 316
417 74
463 419
155 74
347 244
359 69
438 362
487 254
299 203
343 475
491 373
472 131
109 79
241 198
315 147
394 440
26 44
12 146
125 23
130 367
278 265
364 39
396 486
181 332
220 260
269 152
274 496
403 152
12 496
141 152
447 424
345 147
23 96
405 198
88 491
211 332
174 450
208 34
138 204
14 168
239 286
261 45
338 265
16 214
90 163
414 260
204 450
245 451
317 327
391 276
465 225
418 379
104 219
197 410
81 235
392 97
254 163
23 230
196 158
275 451
13 451
462 277
443 35
324 343
2 292
346 102
351 446
136 292
189 118
175 220
222 66
1 67
127 179
113 281
30 246
203 174
395 344
455 395
54 51
205 220
432 411
69 359
413 169
96 462
66 61
181 11
167 113
217 230
370 472
48 421
483 349
312 467
367 174
124 416
237 293
25 410
94 15
272 287
420 185
478 355
290 304
59 179
147 26
243 488
416 416
94 365
75 123
154 416
264 22
415 191
165 16
68 83
147 376
31 201
283 422
181 145
186 489
253 21
373 315
371 242
82 139
123 140
86 258
461 135
259 186
135 150
121 252
162 253
362 314
40 263
21 21
475 191
265 381
339 330
3 381
378 258
56 207
176 309
415 325
239 99
304 494
68 217
16 27
241 145
433 315
369 330
28 37
107 330
32 156
407 33
183 325
274 443
444 100
273 218
23 43
102 336
178 331
384 207
116 392
157 393
190 341
243 167
281 459
456 460
437 218
132 336
192 387
228 44
319 162
352 110
357 454
222 229
263 38
342 331
433 449
469 106
14 465
143 121
96 275
261 342
481 116
90 460
145 167
310 234
296 336
337 337
161 111
386 229
334 39
446 280
201 449
270 54
311 55
25 223
118 414
178 465
214 122
365 291
62 290
340 234
152 183
231 476
212 234
330 455
55 250
490 178
228 178
305 398
30 193
341 55
222 363
185 481
205 167
298 358
353 65
418 460
397 337
430 285
374 353
445 4
87 296
183 4
353 415
12 122
215 481
237 240
65 133
63 60
381 369
436 76
475 4
292 297
383 415
438 122
190 20
420 482
368 292
79 189
95 133
394 200
72 149
70 76
75 420
209 420
314 436
336 195
396 246
126 385
184 363
371 189
450 482
87 430
364 149
402 441
424 200
61 148
102 149
107 493
140 441
498 149
440 144
63 194
142 487
151 41
156 385
211 92
290 385
384 20
81 211
463 313
254 139
361 36
378 205
460 15
190 154
267 374
41 31
137 493
439 77
208 144
282 93
20 93
223 452
284 139
96 88
187 206
412 324
150 324
310 47
28 334
446 93
50 93
129 386
143 284
349 160
25 36
118 227
345 391
4 98
9 442
157 340
212 47
243 114
319 109
453 109
458 453
136 402
39 469
455 155
36 171
418 273
108 47
51 479
352 407
90 407
450 161
235 7
226 453
64 125
69 469
413 279
163 104
311 2
407 464
462 171
214 69
318 392
81 479
351 340
189 12
142 166
307 233
325 58
366 59
99 469
173 418
228 125
319 243
346 346
175 464
244 69
1 311
314 249
38 351
186 249
487 177
203 418
184 176
258 125
390 244
87 243
334 120
413 413
86 18
204 239
311 136
5 29
387 131
255 177
210 434
306 142
22 383
366 193
383 362
42 69
176 69
93 34
79 136
189 496
170 254
1 445
422 475
95 80
77 440
111 24
223 265
262 193
225 311
491 430
144 322
199 29
350 198
47 389
129 199
445 435
178 91
238 142
269 209
370 261
351 19
153 34
306 276
56 101
405 255
248 271
63 491
151 338
211 389
62 266
287 384
39 282
89 399
37 209
284 86
300 30
338 322
412 271
144 456
353 41
465 282
27 56
333 328
407 277
236 395
194 169
328 169
372 441
4 45
45 46
83 338
105 97
157 287
231 236
441 46
289 406
25 333
222 123
395 51
37 343
460 446
251 272
110 67
449 287
471 46
113 338
302 237
52 62
38 164
126 11
222 473
92 400
161 5
293 124
69 416
430 395
333 462
71 462
29 236
161 355
386 473
97 370
105 231
158 57
443 226
272 344
346 293
368 52
473 68
170 67
244 16
1 258
288 288
78 478
89 78
127 370
154 473
438 232
176 232
302 371
0 6
79 299
487 124
239 22
417 294
394 310
12 16
108 478
355 355
181 202
468 232
179 129
373 372
354 130
385 197
86 315
67 73
447 294
383 309
405 68
248 84
115 494
151 151
211 202
384 130
174 320
191 489
433 22
42 366
474 23
190 264
281 382
322 191
456 383
0 140
352 33
357 377
412 84
431 326
439 187
155 428
493 423
92 79
204 320
218 218
33 438
418 249
470 439
146 315
201 22
371 433
407 90
481 39
467 141
104 89
486 383
370 208
7 156
81 105
461 326
139 275
350 495
372 254
248 218
201 372
234 320
275 321
330 28
349 270
13 321
46 269
25 146
137 387
173 44
250 264
384 264
134 89
175 90
227 280
254 383
340 157
326 259
303 275
93 465
437 275
134 439
356 286
455 265
47 470
358 332
418 383
430 208
256 55
385 465
11 224
219 173
461 460
161 168
240 461
210 60
196 162
215 404
270 111
462 281
443 39
276 276
59 49
224 116
303 409
339 66
3 117
154 286
228 235
314 9
300 111
38 111
112 60
469 297
59 399
91 122
355 168
489 168
468 45
411 477
10 133
385 10
423 302
312 471
237 297
292 4
297 348
195 71
43 431
436 133
422 235
114 82
441 477
89 25
116 128
73 431
491 190
205 358
223 375
314 493
317 10
47 149
396 303
448 493
239 319
87 487
123 144
472 298
301 416
199 139
80 447
28 257
405 15
354 427
178 201
216 493
329 370
384 77
389 421
366 437
326 72
56 211
308 432
368 483
456 330
476 16
453 32
458 376
53 98
493 370
69 42
74 386
160 160
220 211
261 212
294 160
352 330
412 381
11 37
472 432
411 156
483 32
226 376
364 340
402 43
421 93
118 284
252 284
403 453
2 109
81 402
136 109
141 453
194 279
227 227
55 120
495 392
206 289
305 268
432 228
148 469
96 279
397 207
108 104
113 448
486 464
90 464
71 222
15 290
483 166
166 459
210 7
289 300
200 228
286 2
43 244
24 2
103 295
290 121
389 100
119 239
270 408
251 166
366 116
94 182
319 300
341 59
415 8
401 110
249 470
436 296
422 398
95 3
293 18
320 121
358 413
394 70
17 120
58 121
223 188
314 306
374 357
11 305
448 306
112 357
198 131
203 475
258 182
183 8
274 126
64 316
66 362
102 19
387 188
29 480
464 408
381 373
441 424
81 81
67 183
494 250
480 352
56 24
42 126
135 317
479 127
360 435
473 312
211 312
343 239
73 378
21 188
174 430
397 475
70 80
493 183
148 148
225 368
164 92
34 19
32 323
65 271
142 491
183 492
444 267
172 333
419 210
83 261
206 102
21 322
213 492
72 287
20 97
284 143
449 210
335 108
30 226
453 329
90 277
472 379
263 205
337 154
375 446
428 272
139 169
28 338
69 339
413 149
465 339
275 215
333 385
48 401
392 211
483 329
276 36
9 446
55 67
25 390
457 47
2 406
84 216
117 164
323 232
352 411
411 237
128 114
69 473
413 283
237 57
85 417
489 278
423 412
404 170
97 427
99 473
286 299
360 248
211 125
249 417
18 484
133 242
260 17
490 479
149 186
30 494
38 355
277 371
299 130
304 474
54 299
293 315
301 176
31 315
355 412
47 259
82 253
183 305
7 79
494 197
442 7
210 438
22 387
405 125
135 264
83 74
157 23
484 418
234 243
19 89
233 18
288 479
40 377
21 135
100 428
174 377
475 305
452 321
433 79
176 423
454 367
321 23
90 90
125 84
199 33
295 495
146 372
294 270
385 388
467 198
104 146
217 23
255 315
444 214
125 434
97 106
157 157
63 495
114 460
323 45
20 44
400 265
138 265
231 456
377 281
449 157
206 399
131 225
208 445
428 219
376 29
166 219
358 389
129 337
242 214
11 281
85 230
467 332
481 230
332 107
34 450
194 173
312 394
367 101
408 102
441 50
105 101
270 168
443 96
324 404
346 163
62 404
459 40
189 179
249 230
323 179
4 399
436 56
224 173
339 123
325 225
77 123
16 409
38 168
112 117
304 287
207 354
279 230
144 5
333 466
448 416
85 364
107 123
489 225
198 241
332 241
404 117
87 410
235 308
216 66
386 477
64 426
45 184
494 10
158 61
22 200
424 180
272 348
308 5
43 488
24 246
478 416
151 21
389 344
480 462
366 360
228 426
262 10
19 252
131 493
266 129
147 437
439 57
241 72
17 364
204 190
126 499
167 308
487 478
385 201
423 493
472 355
274 370
26 268
172 93
177 437
83 21
234 190
421 16
63 308
178 258
255 478
141 376
494 494
153 201
232 494
39 99
479 371
229 196
267 488
132 263
352 37
305 191
68 278
343 483
439 191
70 324
185 274
74 443
160 217
335 218
371 437
423 38
461 330
312 207
88 499
485 135
63 442
99 99
252 341
233 99
238 443
56 402
4 212
116 453
441 213
231 403
41 279
319 223
401 33
166 166
279 43
413 43
127 403
355 38
310 295
34 397
423 172
101 121
177 116
215 408
99 233
291 403
346 110
425 403
29 403
175 228
328 470
307 347
362 54
152 244
100 54
463 106
191 172
420 409
52 13
491 60
224 470
298 419
72 76
470 122
373 189
411 481
390 358
123 14
237 301
311 250
135 24
181 369
167 471
214 317
5 143
103 486
211 19
477 138
482 482
67 240
100 188
193 379
3 255
383 476
94 373
438 183
176 183
382 251
305 4
20 20
359 240
433 189
218 35
47 153
470 256
280 132
412 251
123 148
274 317
26 215
461 143
273 92
424 261
9 19
446 20
440 205
426 307
118 154
156 446
269 323
250 81
329 374
67 374
39 46
382 385
206 159
384 431
208 205
287 498
474 324
358 149
0 441
418 200
449 267
471 26
51 406
352 334
11 41
448 42
236 159
53 452
64 52
485 82
275 272
178 339
217 267
291 216
307 160
419 401
152 57
243 175
270 278
99 396
159 447
249 340
304 47
73 114
111 406
133 165
224 283
205 41
298 232
397 211
108 108
113 452
352 468
374 227
448 176
52 176
90 468
112 227
434 278
411 294
15 294
428 463
188 222
279 340
140 181
214 130
406 300
423 469
478 176
307 294
18 191
97 484
210 361
292 171
330 463
3 68
121 289
267 114
346 407
360 305
170 181
244 130
288 402
399 418
347 228
359 53
75 294
302 485
283 243
262 120
396 120
371 63
412 64
486 13
293 372
256 490
278 249
451 177
179 243
10 434
371 413
426 120
142 361
269 136
389 238
119 377
477 85
378 79
424 424
135 321
157 80
382 198
63 418
192 74
362 485
208 18
342 18
37 136
149 377
148 152
225 372
299 321
338 249
68 388
486 147
491 491
220 378
385 445
82 444
255 372
296 373
351 80
29 29
122 220
442 198
273 389
367 24
8 91
495 209
132 157
420 35
282 101
287 445
455 29
303 389
96 96
490 215
476 317
379 384
112 40
315 399
106 225
450 35
91 102
124 50
129 394
182 220
333 389
407 338
429 97
145 338
167 97
103 112
312 451
248 466
388 446
25 394
421 394
324 461
136 410
84 220
249 287
340 405
288 215
436 113
133 112
265 231
339 180
377 472
397 158
38 225
112 174
376 220
101 15
450 169
133 462
188 169
69 477
218 11
295 231
468 159
184 400
354 57
423 416
257 124
64 483
494 67
480 169
172 16
292 118
234 113
211 129
40 247
463 350
265 365
228 483
281 309
336 16
225 185
266 186
357 304
412 11
147 494
155 355
72 320
488 6
223 489
204 247
295 365
391 73
33 365
69 22
167 365
385 258
101 499
426 67
472 412
274 427
81 32
86 376
122 33
232 201
23 27
9 129
88 422
250 191
324 140
384 191
21 139
458 140
326 186
42 427
479 428
190 325
437 202
352 94
263 22
356 213
20 264
433 433
240 38
317 258
391 207
468 427
467 202
197 341
318 79
483 146
372 315
27 280
13 382
421 207
99 156
425 326
189 49
180 495
323 49
400 269
441 270
231 460
377 285
41 336
38 38
277 54
230 208
342 449
133 275
69 290
413 100
418 444
316 167
393 387
277 404
48 352
423 229
101 178
381 3
64 296
408 106
105 105
215 465
196 223
311 173
297 275
489 445
214 240
425 460
115 234
464 388
216 286
249 234
100 111
243 419
94 296
267 224
131 363
222 481
68 14
147 307
380 286
110 425
182 301
209 404
314 420
126 369
280 55
197 20
64 430
12 240
158 65
232 14
364 133
424 184
102 133
162 184
253 302
115 368
156 369
290 369
250 4
329 297
403 246
227 20
361 20
3 312
56 138
135 431
266 133
338 9
356 26
72 267
171 246
432 21
373 380
321 190
68 498
310 31
26 272
12 374
86 323
34 133
177 441
278 493
386 26
102 267
124 26
215 144
178 262
141 380
475 256
172 447
306 447
400 82
138 82
281 390
456 391
132 267
206 216
192 318
343 487
384 488
169 334
428 36
171 380
262 498
69 103
146 323
472 493
48 165
423 42
87 93
120 41
446 211
196 36
402 104
426 498
103 222
442 442
249 47
18 114
270 335
330 386
94 109
476 211
302 58
76 469
222 294
323 346
309 448
185 412
496 274
358 340
223 115
314 233
487 161
184 160
258 109
277 351
332 58
411 351
423 176
101 125
161 176
312 345
427 295
12 53
91 346
182 464
163 222
350 48
200 289
179 166
381 300
403 59
3 125
457 295
121 346
79 120
323 480
343 166
73 305
36 423
359 110
433 59
300 469
38 469
107 74
165 244
198 192
277 485
299 244
15 485
390 362
257 18
447 115
498 80
451 234
162 131
253 249
183 419
307 485
475 69
306 260
61 429
135 378
121 480
405 239
231 86
360 496
473 373
495 132
137 424
398 199
208 75
342 75
89 383
363 363
220 85
412 255
128 496
472 306
236 29
428 199
70 491
317 368
28 265
372 75
294 384
393 363
238 260
296 430
103 35
254 204
328 153
248 389
229 147
308 440
46 440
435 215
398 333
379 91
21 383
282 158
326 430
212 328
303 446
284 204
14 343
437 446
41 446
449 271
321 271
300 148
448 46
117 441
376 143
488 384
312 158
391 451
427 108
69 400
242 328
444 462
43 118
48 462
392 272
464 148
6 236
386 457
18 61
210 231
435 349
383 159
159 451
189 293
230 102
309 395
37 461
474 462
347 98
397 215
113 456
154 457
168 355
131 473
203 349
225 108
390 175
450 226
128 175
380 396
392 406
255 108
403 6
193 196
196 467
121 293
272 462
24 360
84 411
170 185
290 479
95 11
260 78
213 232
320 129
433 6
116 299
190 248
302 489
493 57
314 314
396 124
437 125
148 22
352 17
390 309
49 16
90 17
491 361
428 12
218 202
317 181
198 489
183 366
348 433
408 484
7 140
444 141
494 258
498 377
484 479
83 135
435 28
211 320
403 490
62 197
116 433
460 243
0 258
74 207
418 17
338 253
150 202
315 269
70 438
139 43
130 489
279 23
391 264
201 140
321 434
407 208
44 156
467 259
370 326
318 136
29 33
409 254
180 202
273 393
312 321
372 372
157 218
105 28
210 44
201 490
248 336
151 403
351 434
76 229
497 259
189 106
340 275
36 49
168 168
206 460
379 388
415 45
439 439
117 388
277 111
282 455
356 404
207 281
240 229
69 347
295 101
66 49
145 342
406 117
120 285
161 286
235 235
307 111
386 404
119 60
124 404
499 281
480 39
289 471
27 471
484 158
387 225
478 343
115 291
40 117
302 302
68 71
491 174
202 71
279 291
17 291
70 117
283 410
355 286
47 133
299 354
274 297
329 4
64 487
214 431
162 241
115 425
216 477
329 354
40 251
114 200
287 128
292 472
3 369
438 297
116 246
341 364
93 262
266 190
51 36
453 16
394 375
58 426
295 369
331 26
47 267
391 77
74 370
418 180
294 144
373 437
445 313
49 313
123 262
483 16
312 134
419 31
63 369
178 319
159 77
477 386
81 386
78 88
243 155
19 447
55 104
454 375
113 82
35 391
16 149
453 150
155 493
134 370
185 335
171 437
182 37
123 396
145 155
120 98
221 150
485 196
440 453
140 161
219 454
425 330
29 330
120 448
194 397
276 207
6 346
56 463
138 273
416 217
206 407
57 284
417 38
455 330
205 155
36 346
108 222
283 223
85 238
38 392
470 49
371 43
450 336
279 454
64 300
413 454
177 177
163 279
291 464
332 465
114 13
22 424
452 8
443 454
19 126
244 244
1 486
68 18
21 172
95 121
169 70
155 172
207 362
417 172
77 481
397 459
493 167
204 64
369 131
415 476
49 126
54 470
315 245
447 172
139 19
259 121
88 239
179 357
327 255
313 357
5 204
151 29
81 199
475 126
172 317
378 193
457 486
42 244
454 188
361 374
347 476
58 373
336 317
410 266
437 369
148 266
239 384
187 194
335 92
49 260
472 363
53 379
102 271
88 373
426 368
462 25
238 317
425 143
464 71
419 328
405 430
441 87
382 446
435 272
443 133
62 441
117 148
134 317
222 164
39 457
359 435
469 41
455 143
496 144
14 400
113 379
247 379
448 103
453 447
186 103
203 272
48 169
92 441
465 457
388 210
29 277
442 446
478 103
120 395
416 164
495 457
154 164
195 165
319 231
360 232
76 473
84 334
230 159
271 160
436 227
325 396
110 242
89 119
283 170
322 98
203 406
202 181
188 283
466 227
182 468
163 226
217 462
43 309
235 479
389 165
463 114
383 350
419 7
42 57
382 125
93 22
271 294
417 119
463 464
100 412
359 114
452 305
149 304
336 130
79 474
148 79
385 22
486 74
90 74
472 176
144 310
350 186
253 253
406 495
445 423
183 423
348 490
26 439
482 490
328 23
42 191
121 484
162 485
473 377
76 152
134 130
323 29
359 248
474 198
185 95
303 316
449 141
192 485
335 39
352 208
236 33
263 136
53 326
106 152
92 254
245 496
451 372
129 321
354 439
407 265
481 214
489 75
269 331
444 332
122 281
180 259
275 496
27 394
8 152
340 332
395 39
436 40
460 434
174 40
284 208
339 107
490 276
471 34
476 378
209 34
302 225
319 394
352 342
30 291
374 101
337 219
395 389
376 147
450 96
166 337
64 60
91 163
402 55
107 107
409 445
87 394
120 342
142 101
367 219
64 410
408 220
119 117
485 440
195 112
200 456
286 230
360 179
24 230
323 297
340 466
381 467
174 174
265 292
287 51
452 118
490 410
75 168
38 286
170 405
299 61
304 405
376 281
450 230
491 231
353 297
31 246
70 174
130 225
223 416
107 241
258 410
280 169
82 184
123 185
235 426
45 302
273 129
9 56
234 174
60 21
324 67
362 359
136 16
494 478
339 375
366 478
37 10
79 421
165 195
244 488
192 298
486 21
301 241
466 308
488 67
92 67
125 15
107 375
201 10
294 201
104 77
109 421
81 93
254 21
28 432
83 139
349 258
330 16
60 155
159 134
252 325
272 11
62 201
153 319
227 268
208 26
345 489
56 386
37 144
231 387
243 212
251 73
325 22
454 432
490 89
192 432
352 155
35 448
379 258
401 17
208 376
469 151
129 268
261 387
489 22
236 330
217 88
29 37
34 381
139 397
334 84
64 223
50 325
105 32
210 48
388 320
99 217
159 268
420 43
175 212
290 162
6 403
400 330
441 331
138 330
399 105
438 33
206 464
379 392
131 290
112 48
492 269
203 166
282 459
20 459
54 43
133 336
188 43
279 161
394 111
397 382
430 330
209 331
335 470
10 121
161 290
427 409
124 408
499 285
25 402
484 162
365 470
65 178
156 296
276 398
403 173
78 413
463 224
306 240
292 342
339 188
116 116
176 167
341 234
19 183
401 285
343 280
147 368
128 126
241 3
283 414
107 188
160 14
220 65
445 183
87 475
123 132
128 476
183 183
197 81
447 229
88 296
313 414
387 363
65 312
193 497
378 250
452 199
229 127
234 471
308 420
93 266
41 76
46 420
454 245
211 487
285 436
266 194
458 364
439 122
134 240
433 307
92 14
449 251
32 148
407 25
412 369
315 436
337 195
240 262
226 364
386 87
64 36
88 430
124 87
27 154
32 498
440 323
104 374
2 97
442 369
180 369
400 143
9 487
157 385
251 20
41 210
416 87
173 329
453 154
497 426
111 390
185 339
110 165
209 144
333 210
434 262
203 329
258 36
15 278
423 103
166 447
235 52
427 222
242 442
140 165
178 457
29 334
189 57
142 211
216 160
389 88
119 227
131 237
170 165
304 165
1 356
395 283
343 93
417 42
207 232
394 58
380 160
96 401
209 278
336 53
33 52
112 345
126 243
148 2
376 391
450 340
301 217
26 12
375 166
447 42
177 181
204 284
364 7
28 58
140 299
167 402
253 176
332 469
142 345
105 463
42 114
360 423
46 233
362 469
417 176
114 367
287 295
347 346
75 412
410 136
470 187
220 12
197 28
447 176
144 367
125 125
177 315
218 316
226 177
179 361
215 18
5 208
349 18
32 311
445 480
44 136
291 13
494 372
172 321
56 146
135 439
195 490
456 265
192 192
250 362
305 69
95 259
153 429
134 187
497 239
323 86
224 80
377 322
14 270
437 373
74 321
148 270
453 317
236 90
428 260
488 311
312 85
386 34
427 35
220 496
294 445
242 255
275 203
316 204
27 101
354 496
118 219
310 389
43 45
392 199
464 75
386 384
45 91
25 378
457 35
233 327
324 445
360 102
420 153
78 389
111 337
298 163
339 164
325 266
36 163
113 383
112 158
203 276
15 225
390 102
450 153
207 395
331 461
430 440
182 338
80 61
291 281
43 179
307 225
45 225
482 226
193 123
22 241
8 343
272 389
387 339
46 46
175 456
244 61
362 282
361 57
77 298
452 175
127 415
168 416
149 174
223 123
112 292
239 67
68 185
106 477
128 236
491 288
31 303
12 61
424 5
107 298
142 292
183 293
257 242
370 119
81 16
473 247
151 196
285 196
233 6
384 175
136 73
475 293
378 360
116 360
176 411
341 478
415 427
90 78
164 27
155 473
278 314
391 191
451 242
148 433
468 411
220 309
49 427
481 84
219 84
34 304
125 422
158 370
231 94
275 366
60 212
238 484
250 309
384 309
134 134
175 135
208 83
328 377
326 304
452 443
231 444
490 146
300 22
30 161
338 314
134 484
263 140
428 207
284 428
182 151
187 495
256 100
333 320
434 372
291 94
23 279
441 38
443 84
173 223
272 202
29 444
268 460
323 167
1 116
441 388
496 95
251 264
471 38
476 382
314 54
401 208
15 172
450 100
279 218
471 388
204 44
242 336
80 8
33 162
85 352
468 90
385 55
450 450
334 275
158 49
163 393
292 49
360 183
313 337
387 286
211 60
174 178
361 4
3 296
416 465
457 466
116 173
368 394
54 234
241 60
315 9
301 111
493 281
295 296
322 399
126 487
468 224
198 363
220 122
393 50
183 240
310 15
444 15
34 117
259 235
354 472
440 246
67 415
287 189
378 307
400 66
78 15
116 307
176 358
190 256
281 374
93 323
266 251
343 471
53 143
58 487
111 313
144 261
166 20
455 123
47 328
396 482
129 138
294 205
51 447
352 375
338 477
385 323
44 30
139 267
483 77
199 318
446 195
215 262
349 262
27 211
173 36
214 37
250 256
291 257
444 499
153 323
474 149
303 267
330 370
207 155
212 499
108 149
434 319
71 267
48 283
50 329
402 222
25 272
462 273
286 47
1 63
422 93
119 284
463 94
339 58
228 227
286 397
420 397
131 294
79 104
84 448
395 340
54 47
394 115
75 335
108 283
209 335
355 160
38 453
107 58
167 109
373 177
10 125
101 243
445 53
161 294
183 53
427 413
375 223
237 289
429 459
214 305
404 402
441 469
114 74
100 176
191 294
306 244
292 346
328 3
56 69
42 171
341 238
459 459
244 305
266 64
21 233
111 126
336 244
33 243
51 260
68 429
197 85
202 429
296 64
414 285
177 372
372 59
88 300
215 75
275 126
5 265
354 419
385 486
467 296
291 70
389 413
442 239
292 480
405 357
441 14
435 199
151 440
211 491
159 301
384 419
134 244
208 193
342 193
72 332
359 362
474 312
92 18
377 379
14 327
363 481
110 35
113 306
187 255
374 81
412 373
164 271
409 75
240 266
124 91
129 435
316 261
297 19
27 158
393 481
140 35
392 256
122 395
103 153
404 81
425 204
478 30
216 30
254 322
4 147
78 96
9 491
97 338
157 389
210 215
344 215
457 92
99 384
233 384
2 451
131 107
497 430
175 379
249 328
400 497
59 204
133 153
246 30
284 322
110 169
182 45
261 338
277 282
143 467
430 497
499 102
278 103
402 169
481 462
253 46
423 457
67 41
494 108
270 400
267 102
308 103
98 293
79 51
84 395
473 170
422 390
59 338
100 339
114 237
224 405
325 457
58 113
438 334
471 282
149 231
410 6
33 56
225 226
293 360
394 412
466 288
447 46
350 113
47 304
28 62
465 63
489 457
468 334
179 231
294 181
354 232
109 401
178 6
183 350
348 417
45 416
389 226
172 191
232 242
306 191
292 293
22 432
135 309
234 288
24 478
60 135
63 406
403 474
21 180
309 58
262 242
410 140
456 485
113 119
239 258
247 119
321 68
352 135
90 135
72 495
428 130
144 371
47 438
28 196
413 7
468 468
220 366
275 73
316 74
349 22
354 366
13 73
44 140
118 89
120 135
125 479
199 428
23 202
83 253
275 423
349 372
440 490
132 145
443 7
398 264
384 366
458 315
84 74
117 22
175 192
213 484
455 17
185 156
138 310
460 361
298 33
363 428
0 376
96 84
127 151
132 495
300 79
379 372
342 490
450 23
488 315
331 331
358 434
391 382
294 449
242 259
145 326
489 136
332 152
392 203
29 151
483 321
161 270
180 320
307 95
270 213
344 162
22 111
435 280
388 434
443 141
195 39
233 331
2 398
136 398
189 224
18 342
243 460
265 219
377 460
399 219
3 219
471 95
168 286
57 455
54 157
31 173
466 101
130 152
204 101
283 394
355 270
468 147
332 286
483 455
142 162
235 353
45 229
494 55
311 348
402 466
61 173
327 292
360 240
115 409
211 117
389 389
361 61
149 178
225 173
266 174
472 50
202 189
72 308
223 477
371 348
123 246
197 195
183 297
255 173
334 466
125 292
405 117
498 308
349 185
426 405
99 10
252 252
329 472
81 370
474 72
460 174
377 139
19 431
363 241
338 184
379 185
417 477
95 426
208 303
433 421
171 421
358 247
182 21
333 190
407 139
49 431
183 431
258 16
26 447
370 257
483 134
226 478
259 426
446 252
297 129
178 437
249 88
328 381
18 155
400 257
157 499
243 273
41 324
435 443
206 391
455 314
432 330
430 257
219 222
198 99
277 392
392 150
334 145
372 437
210 109
27 402
383 37
387 156
84 155
290 223
340 340
119 341
174 48
265 166
339 115
195 336
302 233
360 403
415 110
57 402
79 161
170 279
390 53
395 397
59 448
246 274
466 48
70 48
182 289
223 290
410 116
107 115
468 94
49 110
274 228
86 177
485 448
297 397
402 413
66 464
88 223
181 414
179 341
387 290
82 408
151 13
290 357
276 459
18 423
389 336
457 470
61 470
195 470
267 346
285 363
491 239
282 65
144 131
280 177
486 245
109 295
183 244
197 142
202 486
241 414
370 70
48 19
86 311
177 429
259 239
364 255
28 306
9 64
88 357
102 255
372 116
201 234
327 373
25 8
118 199
159 8
250 126
329 419
403 368
477 317
81 317
180 296
328 194
441 71
377 86
382 430
132 255
476 65
398 374
131 30
169 322
492 9
72 389
37 368
185 266
358 194
432 143
108 19
261 261
283 20
321 312
411 205
428 374
483 81
28 440
50 199
66 143
99 91
178 384
217 312
404 138
478 87
175 86
328 328
18 102
23 446
193 103
243 220
196 374
495 441
401 25
175 436
111 451
59 261
185 400
182 102
30 462
450 267
240 457
427 283
408 41
91 334
311 108
484 36
332 396
29 395
464 323
142 272
482 340
119 288
494 165
480 267
270 457
22 355
457 283
94 231
24 401
93 6
95 52
58 170
283 288
295 113
341 458
410 63
52 355
38 457
225 283
299 232
10 129
390 350
101 247
53 176
28 119
179 288
280 340
406 479
440 63
118 12
178 63
252 12
257 356
307 473
348 474
494 299
232 299
306 248
383 468
195 417
281 191
454 119
63 463
132 68
343 288
21 237
282 12
361 305
284 58
358 7
335 23
321 125
390 484
49 191
90 192
472 294
241 361
301 412
466 479
143 203
160 372
220 423
257 490
310 316
105 69
275 480
382 377
46 428
473 495
173 203
305 130
2 321
346 131
57 28
420 80
117 79
153 490
287 490
474 316
229 485
298 90
284 192
0 433
110 39
471 18
209 18
305 480
374 85
203 203
428 321
450 80
413 198
163 23
242 316
402 39
462 90
140 39
145 383
200 90
489 193
483 378
50 496
124 445
482 153
270 270
421 439
233 388
360 163
420 214
368 24
98 163
473 40
249 332
340 450
133 157
347 86
30 409
374 219
491 215
91 281
163 157
204 158
429 276
181 174
101 410
161 461
257 169
274 338
255 96
196 455
383 281
498 231
135 179
121 281
456 5
459 276
496 343
287 169
58 117
378 287
116 287
460 97
336 61
14 10
401 456
487 230
239 128
244 472
486 5
472 107
72 365
130 343
355 461
410 360
107 359
198 477
332 477
123 303
274 472
255 230
81 77
67 179
180 56
364 365
479 123
65 483
285 257
2 134
35 82
249 11
287 303
309 62
326 231
452 370
377 196
74 195
206 314
187 72
453 191
164 88
150 190
455 237
294 319
242 129
247 473
333 247
393 298
318 124
48 263
178 494
252 443
272 129
398 268
62 319
103 320
115 145
153 437
323 94
474 263
78 263
496 22
229 432
303 381
168 156
266 499
117 376
282 443
15 99
428 268
54 27
166 268
224 438
353 94
36 387
418 489
333 381
374 382
355 140
85 279
489 140
43 53
122 346
483 325
161 274
142 32
235 223
413 495
50 443
462 387
99 335
286 161
272 263
346 212
43 403
1 177
307 449
362 156
436 105
114 54
193 347
265 223
251 325
443 495
376 212
188 161
205 330
279 279
293 177
320 280
91 228
278 54
47 121
85 413
396 275
299 342
445 167
183 167
255 43
447 213
46 54
137 172
285 70
174 239
306 358
77 306
168 424
116 234
176 285
415 301
19 301
74 8
244 419
192 229
338 54
412 3
241 121
282 122
356 71
171 291
262 409
317 116
10 373
123 250
197 199
370 127
7 75
483 4
28 363
372 173
13 240
398 81
76 30
62 132
442 353
172 492
309 9
4 127
363 245
476 122
228 20
324 482
379 189
136 431
342 307
359 476
133 133
410 441
432 200
96 251
160 266
146 368
247 420
448 144
337 313
318 71
409 189
87 138
199 379
240 380
331 498
364 446
69 498
25 199
104 492
219 442
200 200
272 76
351 369
194 385
231 452
251 138
366 88
435 447
132 446
168 103
154 205
233 498
476 256
267 82
492 200
249 442
20 390
395 267
417 26
155 26
205 143
279 92
108 210
335 401
314 278
295 36
186 278
258 154
371 31
202 222
348 47
388 385
484 93
489 437
253 160
327 109
464 380
238 37
477 53
438 98
286 458
360 407
170 283
244 232
285 233
343 211
21 160
54 108
169 58
36 468
72 125
171 104
33 170
107 119
198 237
375 284
466 402
204 402
424 176
102 125
313 345
65 243
156 361
257 413
238 171
67 289
442 166
268 13
498 475
248 300
281 248
308 351
137 469
208 120
359 289
70 186
171 238
284 115
432 13
449 182
239 372
333 7
123 197
71 7
139 141
199 192
278 485
465 311
102 259
124 18
27 85
440 254
462 13
200 13
273 491
345 367
405 418
138 74
382 434
330 244
8 193
421 362
476 69
154 18
159 362
346 188
497 357
222 152
359 423
395 80
73 29
59 131
496 132
207 29
284 249
358 198
377 440
110 96
449 316
397 126
471 75
412 434
453 435
90 383
38 193
186 91
337 260
188 137
312 203
391 496
64 101
69 445
143 394
163 80
237 29
388 198
66 147
291 265
29 265
483 435
142 142
290 40
45 209
270 327
344 276
173 394
286 271
420 271
368 81
244 45
249 389
271 148
285 46
18 456
343 24
207 163
224 332
320 40
399 333
149 158
223 107
209 209
300 327
322 86
487 153
299 102
54 271
87 219
202 169
279 389
163 214
204 215
218 113
316 456
429 333
88 40
253 107
5 5
232 169
248 113
24 405
46 164
170 230
362 400
21 107
114 298
169 5
463 452
496 400
72 72
116 344
460 154
410 67
38 461
148 67
487 287
247 46
338 164
128 354
375 231
53 180
385 360
393 221
118 16
156 308
197 309
370 237
7 185
461 355
328 11
9 231
162 473
248 247
151 314
285 314
477 484
174 483
227 309
452 427
460 288
264 376
303 304
358 11
93 494
449 129
127 78
476 232
187 129
16 247
241 365
282 366
70 483
185 433
166 191
465 258
413 68
430 237
215 83
32 376
197 443
406 28
483 248
194 145
9 365
45 22
13 484
159 309
319 32
136 325
115 202
134 252
249 202
152 269
397 73
476 366
75 22
314 38
30 279
52 38
38 140
117 433
401 192
293 100
432 444
17 202
466 28
182 269
407 387
216 38
348 157
386 449
480 84
196 325
8 274
61 100
234 28
2 459
76 408
360 167
464 490
137 95
271 95
422 264
152 403
251 382
438 208
75 156
190 106
223 54
228 398
230 444
376 269
73 460
469 460
380 388
70 162
149 455
47 178
470 281
299 399
82 172
393 34
197 122
255 100
461 168
311 409
61 234
484 337
253 404
63 280
137 229
290 471
250 106
141 348
475 224
227 122
359 49
89 188
438 342
452 240
229 168
377 66
14 14
93 307
363 168
437 117
239 132
54 352
491 353
433 348
410 364
418 225
143 20
148 364
239 482
294 189
321 292
486 359
236 184
348 425
296 235
444 133
23 76
162 420
275 297
27 195
435 20
99 71
104 415
7 482
136 138
42 476
152 82
60 493
206 318
192 420
222 262
69 205
143 154
413 15
108 133
182 82
220 374
242 133
355 10
481 149
219 149
217 76
318 128
48 267
122 216
428 488
139 385
120 143
199 436
273 385
221 195
201 482
349 380
388 308
462 257
173 154
76 221
29 375
103 324
420 31
464 303
268 391
78 267
59 25
193 217
270 437
41 385
443 365
206 452
267 139
415 37
131 278
203 154
249 499
395 324
469 273
455 375
491 32
133 324
394 99
471 319
223 217
335 458
314 335
186 335
101 227
427 397
86 104
124 396
27 463
388 442
61 47
484 150
489 494
200 391
498 48
313 268
478 335
216 335
238 94
381 402
119 402
494 279
383 448
457 397
438 155
479 156
264 2
492 391
192 99
357 166
436 459
246 335
301 42
380 335
72 182
58 284
394 233
75 453
171 161
209 453
410 177
107 176
418 38
487 397
160 2
412 223
12 289
86 238
34 48
80 423
248 7
275 110
426 279
137 176
403 295
389 397
306 362
378 238
405 341
116 238
267 407
19 305
368 459
211 475
155 351
287 470
223 485
331 18
322 464
418 172
146 238
247 290
434 116
411 132
34 182
139 198
125 300
350 418
23 23
372 177
88 418
129 419
215 193
5 383
32 486
440 311
462 70
269 429
43 86
29 188
62 136
425 188
153 254
306 496
152 29
55 96
173 317
398 435
453 142
458 486
136 435
309 363
474 430
455 188
496 189
298 204
96 255
397 183
476 476
209 132
335 271
333 198
11 147
453 492
38 250
71 198
164 389
236 265
318 75
376 245
166 435
353 261
64 158
201 429
489 307
200 204
253 30
156 97
180 491
189 45
194 389
221 492
367 317
97 456
45 266
482 267
330 435
319 276
244 102
249 446
309 497
436 272
422 374
147 169
133 271
260 46
339 339
127 456
223 164
302 457
283 215
396 92
277 400
390 277
376 379
54 328
128 277
380 498
86 51
256 462
237 220
402 287
429 390
107 339
451 149
198 457
406 406
445 334
82 282
104 41
216 282
269 108
348 401
367 451
119 349
463 159
419 52
42 102
360 411
475 334
361 232
77 473
245 57
14 124
437 227
338 221
68 360
123 67
128 411
188 462
301 339
375 288
447 164
139 11
278 355
28 180
220 350
280 401
349 6
385 417
156 365
104 175
26 484
370 294
158 411
273 361
254 119
328 68
268 17
330 114
368 406
495 181
132 129
137 473
233 181
420 7
153 417
497 227
14 258
113 237
266 479
374 12
453 305
236 78
488 299
240 197
143 264
104 309
444 377
194 202
221 305
312 423
9 422
119 28
105 130
196 248
462 367
365 434
62 433
222 156
395 84
4 428
73 33
422 187
436 85
174 85
377 444
41 495
154 372
187 320
30 336
453 439
90 387
131 388
112 146
492 367
277 213
106 331
161 38
166 382
430 428
499 33
108 377
163 84
402 100
214 49
423 388
478 95
142 146
307 213
255 23
23 454
485 485
270 331
311 332
22 229
383 208
346 326
420 275
473 101
362 270
40 219
147 116
496 270
191 388
251 439
94 455
176 265
300 331
415 281
376 326
315 50
320 394
394 343
17 393
466 219
144 168
80 183
470 338
253 111
406 353
5 9
156 178
142 280
467 40
269 55
348 348
45 347
461 225
311 466
424 343
479 50
308 168
65 410
473 235
285 184
1 425
384 163
62 112
3 471
77 420
37 55
176 399
245 4
377 123
415 415
338 168
169 359
33 471
69 128
465 128
470 472
316 5
486 416
370 241
48 190
221 118
419 133
9 235
159 179
238 472
272 56
249 72
323 21
56 431
37 189
116 482
303 308
284 66
14 205
41 308
96 15
16 251
434 10
439 354
15 26
376 5
92 246
185 437
413 72
160 380
220 431
316 139
321 483
333 308
489 67
236 375
318 185
411 376
34 426
483 252
221 252
482 27
499 196
215 437
289 386
388 365
214 212
250 431
351 483
103 381
84 139
422 134
59 82
191 201
229 493
41 442
75 26
302 217
319 386
30 283
222 453
304 263
390 37
455 432
188 88
31 104
380 258
283 325
333 442
448 392
280 27
423 335
483 386
124 453
480 88
485 432
388 499
140 397
368 32
98 171
404 443
115 340
142 443
40 166
78 458
287 43
363 38
239 2
95 223
439 33
493 269
148 234
197 126
274 346
26 244
370 54
372 100
484 341
253 408
289 65
275 167
327 357
104 285
40 300
172 419
452 244
229 172
303 121
55 19
266 239
357 357
384 460
155 408
428 8
111 301
493 403
96 178
146 295
247 347
333 121
407 70
90 363
434 173
236 188
310 137
315 481
48 137
423 14
483 65
488 409
199 306
350 475
97 29
88 475
402 76
103 194
442 414
120 363
153 311
78 137
138 188
270 307
490 81
132 373
495 425
492 127
282 317
356 266
469 143
455 245
147 92
298 261
284 363
320 20
17 19
96 312
335 328
30 446
85 153
332 30
411 323
428 492
139 389
408 25
124 266
256 385
13 435
140 210
43 277
392 431
103 328
120 497
276 256
422 81
480 251
210 390
270 441
344 390
77 46
94 215
42 25
154 266
319 333
360 334
1 401
343 138
59 379
147 226
491 36
260 103
246 205
320 154
31 51
397 374
434 441
487 267
468 25
239 165
258 215
128 334
472 144
427 401
278 278
61 51
102 52
451 206
167 447
406 463
5 119
426 149
464 441
290 288
276 390
307 457
381 406
306 232
22 473
366 283
176 159
456 176
285 294
192 103
343 272
35 119
73 411
147 360
169 119
246 339
287 340
185 63
322 334
14 181
165 350
335 7
338 278
202 417
488 222
125 170
204 463
349 63
32 356
291 58
62 6
227 73
306 366
6 74
367 53
97 192
157 243
382 361
384 407
95 304
227 423
356 79
361 423
39 372
460 402
264 490
212 300
245 248
284 176
0 417
449 243
261 192
247 294
338 412
186 18
203 187
337 187
483 12
218 495
430 351
294 490
316 249
118 264
489 177
269 433
268 208
6 208
18 33
78 84
248 495
8 254
195 80
228 28
360 147
57 146
170 23
400 485
37 433
436 142
59 192
207 90
14 449
55 450
449 377
476 480
149 85
283 85
314 152
30 393
374 203
112 203
186 152
203 321
304 373
376 249
161 95
240 388
31 214
91 265
237 90
44 449
355 311
179 85
217 377
258 378
423 445
82 152
255 80
334 373
367 321
381 219
463 29
499 440
196 439
435 455
61 214
272 434
387 384
24 332
244 106
288 378
362 327
417 34
59 326
361 102
347 204
168 461
396 96
51 61
54 332
293 348
17 450
130 327
429 394
179 219
332 461
10 410
45 404
424 400
157 56
162 400
327 467
368 276
65 467
46 225
285 241
271 343
497 97
287 287
309 46
39 185
438 456
42 456
185 10
245 61
303 231
449 56
127 5
266 349
68 364
491 467
72 483
433 462
226 169
181 426
430 164
354 354
385 421
486 473
172 313
199 416
386 242
231 139
196 118
234 410
308 359
344 16
421 236
346 62
497 231
309 180
452 488
496 6
138 298
298 21
14 262
55 263
358 72
363 416
490 191
374 16
439 411
337 134
342 478
15 83
450 11
293 27
413 129
91 78
96 422
160 437
294 437
481 263
71 365
219 263
43 37
423 258
409 360
120 257
142 16
235 207
45 83
105 134
480 11
215 494
8 201
457 27
420 145
271 22
276 366
326 483
400 432
422 191
174 89
212 381
452 33
168 274
209 83
30 340
453 443
57 443
112 150
117 494
380 315
108 381
369 156
186 449
184 376
373 275
404 150
101 341
307 217
348 218
334 320
64 459
292 94
473 105
463 326
213 151
251 443
339 290
347 151
366 393
94 459
176 269
79 336
357 280
68 177
491 280
107 290
451 100
468 269
258 459
294 116
280 218
5 13
373 409
183 285
375 455
408 403
67 110
122 9
61 295
88 398
46 172
63 341
324 116
40 357
477 358
497 44
287 234
281 419
229 229
93 368
454 347
476 106
206 245
228 4
266 296
305 224
90 70
169 363
260 481
144 306
470 476
129 183
449 353
146 352
316 9
85 76
296 296
125 414
364 430
50 240
196 65
270 14
275 358
118 374
238 476
29 302
103 251
136 199
153 368
6 318
4 245
212 194
224 19
325 71
416 189
492 184
309 477
133 251
224 369
110 267
333 312
33 20
167 20
198 87
411 380
307 30
408 82
45 30
215 441
383 25
365 385
24 92
268 452
1 108
362 87
367 431
344 447
116 31
454 26
357 93
431 42
73 334
455 436
246 262
110 401
58 211
223 278
434 498
107 103
385 47
49 98
26 114
86 165
158 41
199 42
278 335
369 453
102 109
88 211
252 53
153 47
61 458
190 114
267 334
308 335
19 232
320 345
361 346
336 289
0 340
294 63
338 335
49 232
486 233
274 350
296 109
48 7
86 299
177 417
80 484
446 53
50 53
5 310
354 464
238 289
7 356
494 474
172 423
194 182
56 248
97 249
474 7
479 351
229 176
377 74
60 367
435 244
495 295
132 243
285 485
233 295
324 413
95 361
136 362
497 341
134 289
208 238
309 290
395 64
455 115
245 305
262 474
284 233
377 424
96 182
30 316
85 23
164 316
150 418
318 2
488 413
125 361
226 413
499 13
5 444
402 80
462 131
365 198
7 490
464 177
254 367
276 126
419 434
243 208
191 18
270 311
435 378
416 136
99 429
233 429
305 305
98 204
340 491
474 491
147 96
298 265
325 368
449 434
471 193
75 193
149 142
182 90
30 450
448 209
52 209
164 450
101 101
128 204
166 496
334 80
413 373
12 29
311 96
355 368
429 317
140 214
167 317
404 260
216 209
381 276
67 86
105 378
344 394
366 153
61 271
42 29
121 322
281 45
272 491
308 148
473 215
459 317
189 456
170 214
323 456
271 266
343 142
73 281
417 91
133 332
320 158
361 159
3 451
394 107
79 446
148 51
299 220
338 148
412 97
486 46
109 96
188 389
427 405
488 92
130 384
66 399
465 108
162 107
253 225
201 35
327 174
371 446
109 446
197 293
67 220
442 97
158 338
232 287
22 477
424 457
457 405
157 113
248 231
234 333
308 282
360 472
368 333
456 180
136 175
227 293
260 241
89 359
433 169
185 67
16 231
296 56
218 365
226 226
331 242
372 51
181 483
201 169
407 237
252 134
217 113
461 473
273 422
254 180
328 129
419 247
97 196
210 73
243 21
22 22
25 293
159 293
319 16
384 411
153 478
395 11
152 253
264 494
496 63
338 416
30 263
448 22
164 263
282 484
337 191
279 186
143 325
129 427
163 11
256 202
11 371
43 94
482 141
270 258
311 259
214 326
272 304
62 494
136 443
271 79
474 438
224 263
265 264
347 74
438 192
75 140
113 432
223 38
471 140
415 208
131 449
230 428
101 48
54 202
147 393
182 387
295 264
369 213
451 23
179 89
318 433
406 280
404 207
445 208
257 157
348 275
297 495
286 336
360 285
63 264
211 162
290 455
246 156
378 275
262 100
225 218
390 285
491 337
315 111
394 404
72 353
226 39
369 347
470 399
294 173
7 116
81 65
86 409
461 286
172 183
158 285
135 301
162 404
5 420
173 4
40 414
227 240
37 116
231 359
456 477
41 235
454 404
261 9
247 111
35 420
16 178
263 55
428 122
414 224
106 71
185 364
182 66
467 235
145 184
318 112
48 251
411 303
461 420
139 369
221 179
386 246
105 4
196 122
344 20
25 240
252 431
250 358
291 359
272 117
365 308
136 256
175 184
138 302
344 370
325 128
374 20
356 380
106 205
54 15
188 15
284 477
394 83
31 31
17 133
91 82
489 128
332 144
392 195
122 334
413 483
177 206
498 32
140 324
98 98
464 421
381 386
40 93
152 334
422 195
490 329
438 139
57 447
244 273
266 32
68 47
147 340
133 442
207 391
397 488
204 93
33 211
470 212
468 139
179 36
390 448
123 104
472 258
278 392
424 217
140 458
327 284
308 42
5 233
440 161
82 453
63 211
252 110
255 381
288 329
141 279
361 53
56 171
264 120
0 47
79 340
266 166
357 284
343 386
95 284
169 233
394 351
342 161
144 176
264 470
245 228
331 2
336 346
410 295
74 346
468 273
146 222
247 274
71 48
236 115
411 116
259 284
23 7
9 109
88 402
162 351
294 470
65 418
13 228
291 172
2 69
153 238
180 341
6 188
4 115
460 166
231 306
344 183
454 351
233 352
324 470
305 228
357 418
16 125
57 126
136 419
379 177
208 295
171 413
224 239
14 429
36 188
11 131
393 233
448 132
423 75
139 316
87 126
483 126
334 3
215 311
163 121
407 481
440 429
99 136
104 480
219 430
122 497
103 255
328 373
23 491
265 24
3 24
435 435
305 362
341 19
346 363
309 481
20 378
395 255
73 204
111 496
417 14
455 306
496 307
298 322
58 81
127 440
149 199
126 215
203 435
390 261
274 86
427 328
408 86
482 35
215 445
237 204
402 271
88 81
406 390
387 148
29 440
103 389
216 266
290 215
408 436
40 40
77 107
420 446
59 440
52 400
126 349
74 159
10 174
49 102
486 103
241 272
26 118
12 220
130 441
350 215
80 354
465 165
468 436
253 282
156 349
403 226
444 227
81 175
141 226
153 51
306 293
292 395
328 52
56 118
454 164
151 355
132 113
266 113
169 180
134 159
282 57
474 227
149 467
264 417
363 396
487 462
412 288
150 288
337 114
411 63
53 355
34 113
414 334
218 422
166 232
386 6
50 57
143 248
5 314
354 468
291 119
67 411
122 310
97 253
441 63
330 232
22 79
41 129
46 473
151 489
132 247
319 73
305 175
208 242
207 17
212 361
36 135
108 11
261 253
209 63
374 130
186 79
277 197
423 22
312 191
69 433
499 17
316 310
44 376
355 238
71 479
6 269
381 146
23 438
45 197
119 146
232 23
270 315
297 418
457 141
99 433
168 38
170 84
18 444
152 444
36 269
380 79
490 439
75 197
223 95
322 74
487 141
390 208
274 33
375 85
177 100
256 393
204 203
242 495
316 444
80 167
468 249
198 388
406 337
445 265
274 383
381 280
329 90
389 141
67 90
311 450
8 449
479 34
121 326
248 101
382 101
19 49
368 203
46 152
151 168
271 270
362 388
21 95
265 455
399 455
3 455
72 60
58 162
347 265
378 332
460 142
493 90
322 208
410 55
49 49
169 343
375 219
53 168
125 44
166 45
278 286
391 163
69 112
102 60
143 61
167 455
445 399
393 209
467 158
269 173
296 276
7 173
447 445
232 291
330 45
151 302
21 229
62 230
134 106
361 297
20 4
460 276
437 292
206 359
412 235
263 112
106 128
166 179
317 348
47 487
91 5
160 364
256 72
407 241
44 189
145 241
296 410
318 169
48 308
442 235
372 405
9 353
50 354
210 77
421 297
151 436
99 246
200 298
360 21
365 365
420 72
153 482
175 241
323 139
39 380
339 83
77 83
110 31
416 303
471 10
206 493
154 303
415 78
492 298
304 247
450 72
128 21
166 313
331 380
432 432
36 432
69 380
130 67
66 82
236 493
277 494
50 488
105 195
498 89
286 206
98 155
473 32
170 31
211 32
362 201
436 150
193 392
475 78
265 268
3 268
77 217
490 386
89 42
75 144
476 488
223 42
302 335
267 314
341 263
38 262
492 432
395 499
469 448
147 397
202 104
155 258
293 222
246 376
72 223
218 48
33 268
258 386
423 453
371 263
26 228
12 330
163 499
61 222
214 464
327 341
426 320
250 94
288 386
21 42
232 454
190 228
262 104
93 295
454 274
431 290
35 290
169 290
70 284
414 94
226 43
295 402
432 111
470 403
333 105
407 54
49 346
467 105
7 120
86 413
221 49
28 408
446 167
498 357
248 182
289 183
233 59
250 228
180 398
138 172
206 306
266 357
319 183
35 424
453 183
208 352
230 111
342 352
474 471
205 54
146 413
11 188
139 373
235 81
102 491
50 301
143 492
408 9
413 353
499 127
163 178
44 486
25 244
99 193
252 435
217 414
291 363
365 312
346 70
43 261
29 363
425 363
478 189
362 14
251 183
330 476
416 250
281 25
415 25
117 368
249 487
230 245
282 435
73 261
59 363
417 71
110 328
149 256
314 323
374 374
11 322
423 266
376 420
450 369
235 215
183 25
163 312
259 20
200 379
367 492
441 441
389 251
114 46
452 41
190 41
19 159
98 452
170 328
68 51
54 153
73 395
95 154
133 446
147 344
110 462
223 339
74 216
107 164
418 26
468 143
247 144
354 41
385 108
68 401
486 160
197 57
375 329
12 277
259 154
234 97
5 237
178 165
238 216
250 41
180 211
306 350
328 109
345 278
56 175
234 447
368 447
456 294
151 412
266 170
305 98
398 289
169 237
134 216
72 304
20 114
264 474
0 401
437 402
220 175
247 278
321 227
393 103
315 412
26 309
337 171
375 463
34 170
428 289
414 391
69 356
88 406
294 474
5 371
393 453
219 300
370 469
351 227
81 366
425 176
103 125
419 361
405 463
441 120
479 412
138 119
193 18
55 84
421 407
305 232
309 351
59 176
14 433
380 2
335 259
352 428
30 377
112 187
376 233
101 28
87 130
331 490
427 198
50 248
430 469
256 316
297 125
313 69
406 260
290 85
381 203
441 254
482 255
119 203
157 495
292 131
154 197
272 418
492 192
170 141
422 362
155 18
89 152
302 445
295 28
401 424
186 270
198 95
184 197
263 490
304 491
293 332
177 157
465 35
253 152
478 270
257 271
290 219
482 389
480 316
345 91
383 383
135 281
479 91
234 260
473 276
454 34
151 225
285 225
357 101
40 394
339 461
287 271
347 322
359 147
493 147
190 338
262 214
415 456
363 266
146 39
51 179
390 399
241 276
461 50
199 50
278 343
317 271
465 169
468 440
354 338
385 405
82 404
481 113
255 332
67 281
494 348
120 107
194 56
180 158
6 5
364 467
405 276
231 123
229 50
330 102
285 359
250 338
346 46
76 185
62 287
114 477
111 179
138 282
171 230
298 5
41 349
206 416
300 51
30 190
338 343
241 410
69 303
129 354
201 230
335 422
200 5
332 124
351 174
365 72
29 123
392 175
442 292
464 51
312 411
345 359
9 410
482 68
330 236
22 83
233 303
425 473
492 5
227 488
362 124
395 72
127 257
113 359
476 411
112 134
487 11
277 201
263 303
304 304
106 319
298 489
331 437
204 73
283 366
316 314
355 242
448 433
71 483
87 427
142 134
216 83
408 253
297 422
22 217
498 146
267 21
84 314
290 382
1 279
340 499
362 258
191 376
320 32
366 377
89 99
401 371
170 438
239 43
53 38
70 207
108 499
182 448
88 32
167 325
198 392
184 494
332 392
280 202
371 320
101 459
329 94
403 43
482 336
158 212
259 264
88 382
151 172
285 172
324 100
384 151
477 342
347 269
438 387
474 44
460 146
190 285
212 44
281 403
303 162
341 454
0 161
79 454
476 90
266 280
431 347
417 449
486 54
95 398
169 347
439 208
282 224
414 151
468 387
280 336
335 235
385 352
219 60
483 106
345 172
23 121
9 223
83 172
13 342
104 460
178 409
40 475
425 286
136 183
475 403
4 229
152 127
454 465
187 121
401 50
131 189
439 342
282 358
15 14
70 475
455 286
166 183
207 184
205 111
353 9
69 250
261 420
393 347
145 245
10 20
29 70
423 189
139 430
483 240
367 65
124 307
316 477
297 235
121 9
24 76
115 194
153 486
268 436
6 436
304 251
343 179
431 26
469 318
380 246
256 210
204 20
300 482
374 431
38 482
373 206
82 30
109 133
183 82
257 31
26 98
12 200
158 25
498 93
121 143
313 313
43 452
368 20
156 329
216 380
1 226
18 395
4 497
119 447
193 396
475 82
153 31
191 323
287 31
383 493
56 98
168 339
190 98
267 318
79 267
417 262
491 211
320 329
380 380
433 206
70 154
75 498
184 441
225 442
294 47
299 391
51 289
371 267
12 334
447 262
139 109
364 227
102 227
451 381
354 448
269 340
81 289
67 391
39 63
419 284
281 350
303 109
14 6
19 350
60 351
439 155
134 273
356 120
433 340
493 391
284 217
69 63
74 407
148 356
449 284
335 182
393 160
486 351
71 109
296 227
26 366
411 177
34 227
122 74
414 448
273 243
23 68
9 170
124 120
5 428
118 305
276 110
345 469
419 418
18 74
479 469
138 176
193 75
243 192
8 295
495 413
94 69
168 18
76 429
134 407
309 408
20 305
147 80
127 367
335 316
283 126
314 193
198 18
236 310
277 311
332 18
318 120
235 85
386 254
289 321
242 475
402 198
80 147
18 208
367 362
100 18
292 188
330 480
383 306
173 496
360 322
368 183
98 322
492 249
189 440
323 440
1 389
469 265
417 75
491 24
155 75
320 142
322 188
415 379
487 255
277 445
10 101
450 373
188 373
427 389
86 96
313 260
354 261
65 158
82 327
156 276
426 137
255 255
141 153
213 29
306 220
405 199
479 148
121 440
484 492
176 147
19 163
211 333
266 40
357 158
287 328
361 277
378 446
111 102
185 51
171 153
245 102
314 461
322 322
74 220
247 148
321 97
51 236
385 112
164 113
12 281
428 159
70 451
47 467
181 467
220 395
201 153
275 102
118 118
351 97
442 215
268 62
243 5
229 107
46 400
211 467
250 395
305 102
379 51
117 51
497 272
20 118
185 185
264 478
262 405
336 354
432 62
74 354
110 11
113 282
300 108
338 400
16 349
90 298
145 5
150 349
236 123
488 344
92 344
256 186
25 61
310 422
7 421
404 57
442 349
268 196
60 432
121 119
228 16
154 67
159 411
57 134
230 62
271 63
309 355
37 421
78 422
422 232
436 130
224 247
36 196
228 366
302 315
11 139
16 483
448 140
453 484
263 360
106 376
450 186
110 495
107 197
489 299
332 315
387 22
87 484
156 89
464 242
193 156
237 428
311 377
457 202
61 202
484 305
473 146
175 489
362 315
422 366
100 315
359 17
438 310
264 157
112 325
487 202
373 100
150 28
31 336
380 490
373 450
406 398
257 275
26 342
370 152
81 49
86 393
408 444
494 218
172 167
259 321
61 336
479 95
211 280
250 208
436 398
477 399
474 101
479 445
245 49
281 460
377 168
0 218
206 286
266 337
30 60
486 111
315 229
466 398
92 157
226 157
148 466
160 291
275 49
316 50
467 219
183 460
310 235
483 163
345 229
23 178
201 450
46 347
137 465
351 394
497 219
134 167
249 117
309 168
340 235
474 235
78 235
231 477
325 112
41 353
127 127
113 229
266 471
374 4
277 71
337 122
428 240
469 241
455 343
427 15
220 476
32 425
44 250
355 112
310 369
139 487
464 55
194 194
381 20
23 312
64 313
50 415
334 174
210 138
297 292
27 431
121 66
286 133
387 185
62 425
362 128
4 420
191 246
251 297
397 122
452 21
168 262
304 308
390 82
455 477
293 149
333 487
33 195
318 364
483 431
161 380
109 190
273 32
25 492
214 391
478 437
1 283
18 452
40 211
114 160
494 381
213 139
287 88
452 155
154 498
267 375
225 149
338 26
491 268
128 216
241 93
301 144
414 21
245 212
129 37
51 346
393 83
197 171
348 340
48 48
364 284
345 42
28 335
9 93
253 453
65 402
426 381
25 37
178 279
255 499
324 104
398 53
254 274
39 120
281 407
19 407
266 284
305 212
16 109
95 402
169 351
20 228
493 448
226 104
430 99
160 238
352 408
164 357
23 125
9 227
97 74
173 69
351 341
425 290
29 290
103 239
153 356
464 218
180 459
367 285
157 475
212 182
224 7
3 8
435 419
173 419
305 346
30 141
401 54
117 295
134 464
203 69
208 413
309 465
111 480
147 137
455 290
91 13
430 233
256 80
261 424
333 300
112 301
167 8
198 75
332 75
373 76
423 193
101 142
161 193
353 363
64 260
413 414
124 311
482 19
316 481
162 14
313 183
387 132
65 81
404 301
478 250
115 198
189 147
18 265
75 18
195 312
319 378
57 378
84 481
189 497
304 255
73 322
205 249
298 440
433 76
369 91
148 92
468 70
258 260
373 210
385 35
128 379
353 497
31 446
12 204
402 389
80 338
451 251
214 338
162 148
179 317
404 435
63 142
290 333
381 451
477 159
475 86
153 35
231 103
264 51
267 322
46 323
79 271
155 266
452 452
111 159
264 401
14 226
0 328
338 323
486 221
375 390
461 164
226 267
446 41
50 41
215 108
275 159
252 175
29 103
464 31
227 118
232 462
328 170
479 339
344 114
233 283
250 452
379 108
453 57
57 57
134 277
433 344
111 293
59 103
245 293
224 170
298 119
14 360
430 46
11 62
90 355
277 181
310 129
315 473
124 124
129 468
201 344
316 294
80 17
118 309
217 288
351 288
406 187
29 237
483 407
175 62
345 473
419 422
78 129
231 371
210 248
344 248
416 124
421 468
195 125
76 433
73 135
325 356
399 305
471 181
75 181
112 248
186 197
337 366
411 315
15 315
161 140
240 433
334 68
256 377
66 253
214 151
313 130
43 269
387 79
288 73
334 418
482 316
67 74
8 433
61 259
443 361
341 84
346 428
420 377
84 428
21 79
100 372
191 490
394 95
452 265
75 315
341 434
410 39
468 17
412 85
353 444
204 321
278 270
369 388
424 95
33 439
470 440
88 146
162 95
5 111
385 332
82 331
238 90
482 450
442 85
232 275
350 496
479 152
157 101
231 50
330 29
368 321
46 270
151 286
357 162
458 214
134 90
208 39
378 450
359 208
400 209
116 450
262 275
410 173
74 224
239 291
337 45
53 286
414 265
139 60
125 162
226 214
317 332
47 471
391 281
413 40
181 471
392 102
34 394
461 461
483 220
254 168
386 287
446 338
435 179
99 230
2 297
20 122
340 292
298 66
358 117
416 287
206 477
261 184
30 251
379 405
448 10
131 303
277 128
17 174
143 313
182 241
256 190
369 67
66 66
310 426
464 112
446 472
50 472
193 26
499 298
311 247
344 195
484 175
346 241
420 190
464 462
249 308
114 83
138 477
152 375
174 134
496 185
265 252
339 201
89 26
476 472
341 247
244 314
293 206
430 477
466 134
242 426
369 201
107 201
145 493
253 26
483 488
87 488
161 437
109 247
221 488
348 263
86 263
494 88
172 37
158 139
177 381
210 329
297 483
306 37
484 309
286 324
115 442
459 252
339 335
361 94
42 314
93 279
79 381
454 258
439 135
342 202
130 319
336 387
28 42
107 335
148 336
129 94
451 145
220 212
5 58
10 402
354 212
445 330
255 206
67 155
158 273
364 341
350 443
23 48
61 340
405 150
162 392
25 94
151 233
211 284
269 454
324 161
477 403
425 213
62 161
458 161
227 228
361 228
419 398
78 105
460 207
243 172
303 223
14 120
93 413
192 392
305 269
241 284
144 351
488 161
226 161
11 172
236 290
392 49
235 65
446 285
27 301
25 228
99 177
214 127
76 193
103 296
115 121
309 172
38 59
356 368
92 295
224 414
110 312
160 429
283 240
318 234
48 373
392 183
371 60
312 419
348 76
50 419
485 347
163 296
311 194
402 312
489 466
327 138
340 373
40 81
193 323
475 9
191 250
251 301
325 250
22 441
347 9
77 148
452 25
438 127
75 75
116 76
149 24
286 487
57 435
98 436
170 312
59 481
339 498
394 205
493 184
314 441
11 440
47 97
396 251
107 148
181 97
186 441
487 369
10 215
123 92
161 384
408 261
499 379
273 36
369 498
140 446
253 323
5 221
252 98
288 317
463 318
361 41
366 385
378 210
116 210
303 36
341 328
456 278
79 328
132 154
244 395
357 272
379 31
458 324
169 221
241 97
359 318
455 26
468 261
241 447
274 395
370 103
12 395
273 170
391 391
215 165
104 334
252 232
291 160
477 350
103 109
136 57
442 329
153 226
194 227
306 468
227 175
6 176
340 52
345 396
405 447
4 103
441 104
248 463
319 114
324 458
458 458
95 406
242 52
374 171
412 463
219 68
34 288
235 12
312 232
64 130
215 299
201 401
242 402
145 469
387 2
392 346
478 120
483 464
194 361
180 463
6 310
119 187
193 136
435 423
267 58
401 58
244 74
230 176
20 366
469 192
147 141
152 485
58 69
96 361
187 479
228 480
302 429
283 187
355 63
448 254
126 203
186 254
203 423
263 474
411 372
10 28
371 7
376 351
427 316
499 192
140 259
88 69
167 362
217 479
258 480
5 34
404 305
464 356
194 495
100 79
141 80
270 490
292 249
366 198
61 316
176 74
368 244
456 91
459 362
211 260
244 208
357 85
362 429
73 326
224 495
320 203
359 131
75 372
493 131
415 440
112 439
338 193
376 485
31 450
364 101
102 101
107 445
181 394
451 255
201 80
109 491
255 316
67 265
141 214
442 142
172 281
180 142
306 281
234 378
151 343
137 445
452 456
460 317
185 112
264 405
14 230
113 209
150 276
488 271
278 461
69 287
220 456
289 61
393 384
178 230
489 92
29 107
67 399
442 276
273 467
328 174
446 395
131 10
84 164
117 112
395 56
37 348
73 5
400 400
455 107
212 349
496 108
16 410
434 169
428 354
488 405
279 231
353 180
64 77
50 179
69 421
143 370
11 416
355 226
467 467
167 175
444 483
48 483
423 360
120 359
194 308
142 118
180 410
221 411
18 82
124 478
297 406
366 11
462 473
2 488
420 247
244 21
422 293
59 241
212 483
246 67
320 16
58 16
416 478
112 252
487 129
244 371
230 473
376 298
147 438
91 314
295 309
355 360
327 32
348 320
403 27
67 78
141 27
210 386
158 196
232 145
237 489
306 94
424 315
479 22
313 484
382 89
19 37
60 38
46 140
21 83
463 428
174 325
347 253
77 392
378 320
149 268
460 130
176 371
281 387
14 43
19 387
52 335
192 315
247 22
169 331
150 89
293 397
17 499
70 325
414 135
125 32
317 202
69 100
197 285
348 454
447 433
120 38
273 280
28 449
46 274
324 218
249 44
37 161
212 162
305 326
431 465
169 465
414 269
226 218
279 44
391 285
143 183
160 352
146 454
220 403
85 178
217 105
332 55
318 157
48 296
34 398
411 348
483 224
372 393
105 49
25 285
118 476
159 285
272 162
103 353
18 245
474 296
138 347
174 4
212 296
377 363
490 240
302 189
319 358
131 307
207 302
188 60
279 178
110 369
242 296
369 71
85 312
167 122
310 430
409 409
257 15
274 184
386 425
334 235
289 492
292 9
22 148
27 492
80 318
200 420
365 487
175 363
340 430
78 430
422 240
174 138
452 82
360 493
322 9
19 200
93 149
363 10
304 369
395 487
133 487
279 312
394 262
314 498
369 205
470 257
198 323
146 133
390 493
123 149
499 436
80 452
327 329
151 103
290 447
425 83
62 31
213 200
359 25
460 77
243 42
377 42
19 334
0 92
41 93
382 386
476 21
453 37
260 396
72 345
226 31
0 442
418 201
148 340
51 407
385 283
472 437
71 93
150 386
199 278
372 206
451 499
327 463
27 171
398 114
351 268
76 63
62 165
81 407
403 458
213 334
419 402
303 227
330 330
60 469
456 469
154 104
302 2
357 463
304 48
20 289
469 115
207 115
108 109
261 351
283 110
407 176
49 468
164 418
145 176
184 104
139 361
215 356
99 181
200 233
217 402
313 110
194 418
268 367
290 126
340 243
4 294
441 295
193 193
399 69
77 18
416 238
117 356
304 182
394 75
209 295
410 19
396 121
258 187
161 254
472 116
293 373
353 424
64 321
499 249
447 59
61 23
102 24
167 419
200 367
387 193
24 141
29 485
65 142
440 19
426 121
18 326
105 480
3 203
452 29
438 131
360 440
420 491
491 142
155 193
260 209
149 378
470 204
280 80
445 147
183 147
315 266
466 435
372 19
498 158
162 209
118 102
142 496
255 373
135 456
281 281
495 210
398 277
117 35
359 322
185 169
410 287
36 46
393 91
434 92
236 107
310 56
428 277
102 292
269 405
29 164
67 456
326 158
60 416
233 344
136 411
497 390
222 185
282 236
73 62
59 164
455 164
377 473
14 421
55 422
113 400
302 299
352 416
300 226
453 468
71 174
337 293
428 411
118 370
429 232
489 283
392 350
478 124
480 170
8 360
135 135
189 371
224 365
394 22
52 258
165 135
203 427
373 84
371 11
202 202
150 12
353 371
427 320
130 299
163 247
256 438
350 73
392 484
216 258
40 32
45 376
86 377
292 253
479 79
234 248
382 146
456 95
473 264
63 366
357 89
95 89
174 382
155 140
361 208
347 310
58 207
70 32
363 254
487 320
16 146
54 438
164 44
155 490
202 336
491 439
301 315
461 38
466 382
226 141
317 259
465 157
451 259
146 377
354 326
393 254
481 101
67 269
194 44
199 388
254 95
345 213
135 403
231 111
330 90
473 398
495 157
305 33
2 224
35 172
136 224
227 342
208 100
213 444
400 270
171 218
284 95
363 388
490 163
261 111
300 39
412 280
282 399
317 393
118 183
318 214
406 61
180 280
210 122
215 466
495 291
175 286
323 184
6 477
4 404
436 61
339 128
377 420
55 369
110 76
314 71
374 122
112 122
117 466
263 291
68 15
455 461
353 184
427 133
380 287
110 426
413 235
471 405
316 302
219 369
310 487
318 348
216 71
482 190
8 307
402 426
99 425
473 77
63 179
189 318
216 421
285 26
290 370
1 267
340 487
191 364
265 313
366 365
264 88
19 257
52 205
126 154
299 82
207 493
320 370
394 319
72 268
53 26
70 195
144 144
369 262
317 72
470 314
220 139
373 381
197 155
269 31
255 133
444 32
86 324
67 82
447 303
172 98
199 201
364 268
345 26
102 268
484 370
421 21
211 211
252 212
458 88
463 432
136 37
306 448
287 206
361 155
438 375
138 83
19 391
